id,Exited
15000,0.1868421052631579
15001,0.013561411619664046
15002,0.013561411619664046
15003,0.6713286713286714
15004,0.013561411619664046
15005,0.18895348837209303
15006,0.013561411619664046
15007,0.013561411619664046
15008,0.029787234042553193
15009,0.013561411619664046
15010,0.0449582530507386
15011,0.9651376146788991
15012,0.0449582530507386
15013,0.2
15014,0.013561411619664046
15015,0.013561411619664046
15016,0.029787234042553193
15017,0.013561411619664046
15018,0.45714285714285713
15019,0.013561411619664046
15020,0.013561411619664046
15021,0.029787234042553193
15022,0.9651376146788991
15023,0.18895348837209303
15024,0.013561411619664046
15025,0.6818181818181818
15026,0.6818181818181818
15027,0.013561411619664046
15028,0.1288244766505636
15029,0.7614213197969543
15030,0.5194805194805194
15031,0.2
15032,0.12332439678284182
15033,0.75
15034,0.7730061349693251
15035,0.013561411619664046
15036,0.013561411619664046
15037,0.6818181818181818
15038,0.013561411619664046
15039,0.013561411619664046
15040,0.12332439678284182
15041,0.013561411619664046
15042,0.013561411619664046
15043,0.013561411619664046
15044,0.013561411619664046
15045,0.013561411619664046
15046,0.38275862068965516
15047,0.7892561983471075
15048,0.013561411619664046
15049,0.38275862068965516
15050,0.013561411619664046
15051,0.12332439678284182
15052,0.0449582530507386
15053,0.6
15054,0.37349397590361444
15055,0.013561411619664046
15056,0.013561411619664046
15057,0.9651376146788991
15058,0.7892561983471075
15059,0.0449582530507386
15060,0.013561411619664046
15061,0.013561411619664046
15062,0.8241758241758241
15063,0.8241758241758241
15064,0.0449582530507386
15065,0.013561411619664046
15066,0.0449582530507386
15067,0.9651376146788991
15068,0.9131578947368421
15069,0.013561411619664046
15070,0.6818181818181818
15071,0.013561411619664046
15072,0.6818181818181818
15073,0.6818181818181818
15074,0.013561411619664046
15075,0.013561411619664046
15076,0.013561411619664046
15077,0.013561411619664046
15078,0.013561411619664046
15079,0.1868421052631579
15080,0.9131578947368421
15081,0.0449582530507386
15082,0.12332439678284182
15083,0.07505070993914807
15084,0.013561411619664046
15085,0.0449582530507386
15086,0.7730061349693251
15087,0.013561411619664046
15088,0.013561411619664046
15089,0.0449582530507386
15090,0.013561411619664046
15091,0.013561411619664046
15092,0.013561411619664046
15093,0.0449582530507386
15094,0.013561411619664046
15095,0.013561411619664046
15096,0.38181818181818183
15097,0.013561411619664046
15098,0.013561411619664046
15099,0.1288244766505636
15100,0.013561411619664046
15101,0.7730061349693251
15102,0.6565656565656566
15103,0.18340611353711792
15104,0.26011560693641617
15105,0.013561411619664046
15106,0.1288244766505636
15107,0.9651376146788991
15108,0.013561411619664046
15109,0.013561411619664046
15110,0.18895348837209303
15111,0.013561411619664046
15112,0.0449582530507386
15113,0.013561411619664046
15114,0.013561411619664046
15115,0.013561411619664046
15116,0.013561411619664046
15117,0.7614213197969543
15118,0.029787234042553193
15119,0.17883211678832117
15120,0.013561411619664046
15121,0.26011560693641617
15122,0.013561411619664046
15123,0.013561411619664046
15124,0.37349397590361444
15125,0.013561411619664046
15126,0.7892561983471075
15127,0.013561411619664046
15128,0.0449582530507386
15129,0.1868421052631579
15130,0.013561411619664046
15131,0.7614213197969543
15132,0.0449582530507386
15133,0.07505070993914807
15134,0.013561411619664046
15135,0.9131578947368421
15136,0.38275862068965516
15137,0.12332439678284182
15138,0.1288244766505636
15139,0.013561411619664046
15140,0.013561411619664046
15141,0.9131578947368421
15142,0.013561411619664046
15143,0.9131578947368421
15144,0.12332439678284182
15145,0.013561411619664046
15146,0.029787234042553193
15147,0.8461538461538461
15148,0.013561411619664046
15149,0.9651376146788991
15150,0.0449582530507386
15151,0.26011560693641617
15152,1.0
15153,0.07505070993914807
15154,0.9651376146788991
15155,0.12332439678284182
15156,0.013561411619664046
15157,0.029787234042553193
15158,0.18340611353711792
15159,0.6713286713286714
15160,0.17883211678832117
15161,0.013561411619664046
15162,0.013561411619664046
15163,0.013561411619664046
15164,0.013561411619664046
15165,0.0449582530507386
15166,0.8461538461538461
15167,0.26011560693641617
15168,0.0449582530507386
15169,0.013561411619664046
15170,0.26011560693641617
15171,0.013561411619664046
15172,0.0449582530507386
15173,0.9651376146788991
15174,0.6818181818181818
15175,0.12332439678284182
15176,0.013561411619664046
15177,0.1868421052631579
15178,0.12332439678284182
15179,0.013561411619664046
15180,0.013561411619664046
15181,0.9651376146788991
15182,0.0449582530507386
15183,0.0
15184,0.013561411619664046
15185,0.6713286713286714
15186,0.0449582530507386
15187,0.013561411619664046
15188,0.029787234042553193
15189,0.013561411619664046
15190,0.1868421052631579
15191,0.013561411619664046
15192,0.37349397590361444
15193,0.1288244766505636
15194,0.6818181818181818
15195,0.26011560693641617
15196,0.38181818181818183
15197,0.013561411619664046
15198,0.38181818181818183
15199,0.12332439678284182
15200,0.0449582530507386
15201,0.013561411619664046
15202,0.013561411619664046
15203,0.013561411619664046
15204,0.013561411619664046
15205,0.17883211678832117
15206,0.013561411619664046
15207,0.013561411619664046
15208,0.013561411619664046
15209,0.26011560693641617
15210,0.013561411619664046
15211,0.029787234042553193
15212,0.7730061349693251
15213,0.013561411619664046
15214,0.0449582530507386
15215,0.013561411619664046
15216,0.8241758241758241
15217,0.0449582530507386
15218,0.013561411619664046
15219,0.013561411619664046
15220,0.013561411619664046
15221,0.013561411619664046
15222,0.1288244766505636
15223,0.013561411619664046
15224,0.013561411619664046
15225,0.7730061349693251
15226,0.38181818181818183
15227,0.029787234042553193
15228,0.6818181818181818
15229,0.07505070993914807
15230,0.9131578947368421
15231,0.2
15232,0.0449582530507386
15233,0.07505070993914807
15234,0.9651376146788991
15235,0.013561411619664046
15236,0.1868421052631579
15237,0.24691358024691357
15238,0.013561411619664046
15239,0.013561411619664046
15240,0.18895348837209303
15241,0.013561411619664046
15242,0.1868421052631579
15243,0.6713286713286714
15244,0.013561411619664046
15245,0.6818181818181818
15246,0.1288244766505636
15247,0.013561411619664046
15248,0.0449582530507386
15249,0.0449582530507386
15250,0.013561411619664046
15251,0.013561411619664046
15252,0.1868421052631579
15253,0.17883211678832117
15254,0.013561411619664046
15255,0.013561411619664046
15256,0.013561411619664046
15257,0.0449582530507386
15258,0.7892561983471075
15259,0.1288244766505636
15260,0.013561411619664046
15261,0.9131578947368421
15262,0.013561411619664046
15263,0.8461538461538461
15264,0.1868421052631579
15265,0.24691358024691357
15266,0.1288244766505636
15267,0.12332439678284182
15268,0.013561411619664046
15269,0.013561411619664046
15270,0.0449582530507386
15271,0.013561411619664046
15272,0.0449582530507386
15273,0.029787234042553193
15274,0.9131578947368421
15275,0.7892561983471075
15276,0.0449582530507386
15277,0.013561411619664046
15278,0.013561411619664046
15279,0.013561411619664046
15280,0.9651376146788991
15281,0.013561411619664046
15282,0.12332439678284182
15283,0.6713286713286714
15284,0.013561411619664046
15285,0.9131578947368421
15286,0.013561411619664046
15287,0.013561411619664046
15288,0.013561411619664046
15289,0.0449582530507386
15290,0.013561411619664046
15291,0.013561411619664046
15292,0.1288244766505636
15293,0.9651376146788991
15294,0.013561411619664046
15295,0.1288244766505636
15296,0.0449582530507386
15297,0.013561411619664046
15298,0.013561411619664046
15299,0.013561411619664046
15300,0.013561411619664046
15301,0.0
15302,0.37349397590361444
15303,0.013561411619664046
15304,0.013561411619664046
15305,0.18895348837209303
15306,0.0449582530507386
15307,0.6818181818181818
15308,0.013561411619664046
15309,0.7614213197969543
15310,0.6818181818181818
15311,0.1868421052631579
15312,0.013561411619664046
15313,0.013561411619664046
15314,0.013561411619664046
15315,0.013561411619664046
15316,0.18895348837209303
15317,0.029787234042553193
15318,0.38181818181818183
15319,0.013561411619664046
15320,0.0449582530507386
15321,0.013561411619664046
15322,0.013561411619664046
15323,0.013561411619664046
15324,0.9651376146788991
15325,0.013561411619664046
15326,0.013561411619664046
15327,0.6713286713286714
15328,0.1288244766505636
15329,0.013561411619664046
15330,0.029787234042553193
15331,0.0449582530507386
15332,0.013561411619664046
15333,0.0449582530507386
15334,0.2
15335,0.013561411619664046
15336,0.0449582530507386
15337,0.013561411619664046
15338,0.12332439678284182
15339,0.0449582530507386
15340,0.013561411619664046
15341,0.013561411619664046
15342,0.9651376146788991
15343,0.0449582530507386
15344,0.0449582530507386
15345,0.07505070993914807
15346,0.9131578947368421
15347,0.0449582530507386
15348,0.0449582530507386
15349,0.013561411619664046
15350,0.013561411619664046
15351,0.013561411619664046
15352,0.0449582530507386
15353,0.18895348837209303
15354,0.013561411619664046
15355,0.12332439678284182
15356,0.7730061349693251
15357,0.013561411619664046
15358,0.013561411619664046
15359,0.013561411619664046
15360,0.013561411619664046
15361,0.013561411619664046
15362,0.013561411619664046
15363,0.013561411619664046
15364,0.0449582530507386
15365,0.6818181818181818
15366,0.38181818181818183
15367,0.9651376146788991
15368,0.0449582530507386
15369,0.013561411619664046
15370,0.6713286713286714
15371,0.013561411619664046
15372,0.013561411619664046
15373,0.1288244766505636
15374,0.26011560693641617
15375,0.1288244766505636
15376,0.1868421052631579
15377,0.8241758241758241
15378,0.013561411619664046
15379,0.7892561983471075
15380,0.6818181818181818
15381,0.029787234042553193
15382,0.013561411619664046
15383,0.013561411619664046
15384,0.6713286713286714
15385,0.18895348837209303
15386,0.18340611353711792
15387,0.0449582530507386
15388,0.013561411619664046
15389,0.013561411619664046
15390,0.17883211678832117
15391,0.18895348837209303
15392,0.013561411619664046
15393,0.013561411619664046
15394,0.013561411619664046
15395,0.013561411619664046
15396,0.17883211678832117
15397,0.013561411619664046
15398,0.013561411619664046
15399,0.013561411619664046
15400,0.3125
15401,0.1288244766505636
15402,0.013561411619664046
15403,0.1288244766505636
15404,0.07505070993914807
15405,0.013561411619664046
15406,0.2
15407,0.013561411619664046
15408,0.1288244766505636
15409,0.6
15410,0.37349397590361444
15411,0.013561411619664046
15412,0.0449582530507386
15413,0.8241758241758241
15414,0.9651376146788991
15415,0.013561411619664046
15416,0.013561411619664046
15417,0.18340611353711792
15418,0.0449582530507386
15419,0.38275862068965516
15420,0.013561411619664046
15421,0.12332439678284182
15422,0.0449582530507386
15423,0.18340611353711792
15424,0.029787234042553193
15425,0.9131578947368421
15426,0.37349397590361444
15427,0.0449582530507386
15428,0.17883211678832117
15429,0.0449582530507386
15430,0.013561411619664046
15431,0.013561411619664046
15432,0.013561411619664046
15433,0.013561411619664046
15434,0.013561411619664046
15435,0.013561411619664046
15436,0.07505070993914807
15437,0.013561411619664046
15438,0.013561411619664046
15439,0.013561411619664046
15440,0.0449582530507386
15441,1.0
15442,0.6818181818181818
15443,0.6
15444,0.029787234042553193
15445,0.013561411619664046
15446,0.0449582530507386
15447,0.013561411619664046
15448,0.9651376146788991
15449,0.12332439678284182
15450,0.013561411619664046
15451,0.013561411619664046
15452,0.8241758241758241
15453,0.07505070993914807
15454,0.1868421052631579
15455,0.9651376146788991
15456,0.0449582530507386
15457,0.013561411619664046
15458,0.0449582530507386
15459,0.7614213197969543
15460,0.6713286713286714
15461,0.0449582530507386
15462,0.013561411619664046
15463,0.013561411619664046
15464,0.9651376146788991
15465,0.37349397590361444
15466,0.013561411619664046
15467,0.7892561983471075
15468,0.013561411619664046
15469,0.0449582530507386
15470,0.013561411619664046
15471,0.029787234042553193
15472,0.1288244766505636
15473,0.0449582530507386
15474,0.18895348837209303
15475,0.45714285714285713
15476,0.6
15477,0.013561411619664046
15478,0.013561411619664046
15479,0.0449582530507386
15480,0.8461538461538461
15481,0.9651376146788991
15482,0.013561411619664046
15483,0.9651376146788991
15484,0.013561411619664046
15485,0.1868421052631579
15486,0.013561411619664046
15487,0.9131578947368421
15488,0.013561411619664046
15489,0.0449582530507386
15490,0.9131578947368421
15491,0.6
15492,0.7892561983471075
15493,0.1288244766505636
15494,0.0449582530507386
15495,0.7083333333333334
15496,0.013561411619664046
15497,0.013561411619664046
15498,0.9651376146788991
15499,0.2
15500,0.013561411619664046
15501,0.013561411619664046
15502,0.013561411619664046
15503,0.9651376146788991
15504,0.1288244766505636
15505,0.013561411619664046
15506,0.12332439678284182
15507,0.013561411619664046
15508,0.18340611353711792
15509,0.013561411619664046
15510,0.1288244766505636
15511,0.12332439678284182
15512,0.013561411619664046
15513,0.013561411619664046
15514,0.0449582530507386
15515,0.013561411619664046
15516,0.75
15517,0.2
15518,0.013561411619664046
15519,0.013561411619664046
15520,0.1288244766505636
15521,0.12332439678284182
15522,0.1288244766505636
15523,0.0449582530507386
15524,0.013561411619664046
15525,0.013561411619664046
15526,0.013561411619664046
15527,0.013561411619664046
15528,0.013561411619664046
15529,0.013561411619664046
15530,0.013561411619664046
15531,0.029787234042553193
15532,0.029787234042553193
15533,0.0449582530507386
15534,0.013561411619664046
15535,0.38275862068965516
15536,0.26011560693641617
15537,0.013561411619664046
15538,0.12332439678284182
15539,0.013561411619664046
15540,0.07505070993914807
15541,0.013561411619664046
15542,0.013561411619664046
15543,0.013561411619664046
15544,0.013561411619664046
15545,0.0449582530507386
15546,0.6565656565656566
15547,0.07505070993914807
15548,0.013561411619664046
15549,0.9131578947368421
15550,0.013561411619664046
15551,0.013561411619664046
15552,0.013561411619664046
15553,0.0449582530507386
15554,0.24691358024691357
15555,0.013561411619664046
15556,0.013561411619664046
15557,0.013561411619664046
15558,0.0449582530507386
15559,0.0449582530507386
15560,0.013561411619664046
15561,0.013561411619664046
15562,0.013561411619664046
15563,0.013561411619664046
15564,0.013561411619664046
15565,0.013561411619664046
15566,0.0449582530507386
15567,0.013561411619664046
15568,0.013561411619664046
15569,0.013561411619664046
15570,0.18895348837209303
15571,0.8461538461538461
15572,0.9651376146788991
15573,0.0449582530507386
15574,0.013561411619664046
15575,0.013561411619664046
15576,0.013561411619664046
15577,0.8241758241758241
15578,0.6818181818181818
15579,0.38275862068965516
15580,0.013561411619664046
15581,0.1288244766505636
15582,0.013561411619664046
15583,0.013561411619664046
15584,0.013561411619664046
15585,1.0
15586,0.013561411619664046
15587,0.013561411619664046
15588,0.07505070993914807
15589,0.013561411619664046
15590,0.013561411619664046
15591,0.013561411619664046
15592,0.0449582530507386
15593,0.9651376146788991
15594,0.6713286713286714
15595,0.0449582530507386
15596,0.6818181818181818
15597,0.6713286713286714
15598,0.45714285714285713
15599,0.18895348837209303
15600,0.7730061349693251
15601,0.7892561983471075
15602,0.013561411619664046
15603,0.013561411619664046
15604,0.38181818181818183
15605,0.1868421052631579
15606,0.013561411619664046
15607,0.18340611353711792
15608,0.013561411619664046
15609,0.013561411619664046
15610,0.6818181818181818
15611,0.013561411619664046
15612,0.18895348837209303
15613,0.1868421052631579
15614,0.0449582530507386
15615,0.18895348837209303
15616,0.013561411619664046
15617,0.9131578947368421
15618,0.1868421052631579
15619,0.013561411619664046
15620,0.0449582530507386
15621,0.013561411619664046
15622,0.013561411619664046
15623,0.013561411619664046
15624,0.013561411619664046
15625,0.9131578947368421
15626,0.013561411619664046
15627,0.1868421052631579
15628,0.013561411619664046
15629,0.013561411619664046
15630,0.029787234042553193
15631,0.1288244766505636
15632,0.013561411619664046
15633,0.013561411619664046
15634,0.1288244766505636
15635,0.24691358024691357
15636,0.013561411619664046
15637,0.1868421052631579
15638,0.013561411619664046
15639,0.38275862068965516
15640,0.5660377358490566
15641,0.2
15642,0.24691358024691357
15643,0.013561411619664046
15644,0.1288244766505636
15645,0.013561411619664046
15646,0.1288244766505636
15647,0.013561411619664046
15648,0.07505070993914807
15649,0.1288244766505636
15650,0.013561411619664046
15651,0.013561411619664046
15652,0.013561411619664046
15653,0.7892561983471075
15654,0.1288244766505636
15655,0.8241758241758241
15656,0.1868421052631579
15657,0.7892561983471075
15658,0.029787234042553193
15659,0.013561411619664046
15660,0.013561411619664046
15661,0.38275862068965516
15662,0.013561411619664046
15663,0.013561411619664046
15664,0.12332439678284182
15665,0.37349397590361444
15666,0.013561411619664046
15667,0.013561411619664046
15668,0.013561411619664046
15669,0.38275862068965516
15670,0.7083333333333334
15671,0.07505070993914807
15672,0.013561411619664046
15673,0.12332439678284182
15674,0.14285714285714285
15675,0.7730061349693251
15676,0.013561411619664046
15677,0.6565656565656566
15678,0.0449582530507386
15679,0.013561411619664046
15680,0.1288244766505636
15681,0.013561411619664046
15682,0.013561411619664046
15683,0.029787234042553193
15684,0.013561411619664046
15685,0.0449582530507386
15686,0.6818181818181818
15687,0.013561411619664046
15688,0.6
15689,0.18895348837209303
15690,0.0449582530507386
15691,0.013561411619664046
15692,0.1868421052631579
15693,0.013561411619664046
15694,0.013561411619664046
15695,0.013561411619664046
15696,0.013561411619664046
15697,0.013561411619664046
15698,0.38275862068965516
15699,0.013561411619664046
15700,0.013561411619664046
15701,0.1868421052631579
15702,0.013561411619664046
15703,0.1288244766505636
15704,0.013561411619664046
15705,0.9651376146788991
15706,0.0449582530507386
15707,0.0449582530507386
15708,0.9131578947368421
15709,0.013561411619664046
15710,0.9131578947368421
15711,0.12332439678284182
15712,0.013561411619664046
15713,0.013561411619664046
15714,0.013561411619664046
15715,0.6713286713286714
15716,0.0449582530507386
15717,0.013561411619664046
15718,0.0449582530507386
15719,0.6713286713286714
15720,0.26011560693641617
15721,0.1288244766505636
15722,0.013561411619664046
15723,0.013561411619664046
15724,0.1288244766505636
15725,0.029787234042553193
15726,0.013561411619664046
15727,0.013561411619664046
15728,0.013561411619664046
15729,0.9131578947368421
15730,0.0449582530507386
15731,0.013561411619664046
15732,0.9651376146788991
15733,0.37349397590361444
15734,0.013561411619664046
15735,0.38275862068965516
15736,0.013561411619664046
15737,0.26011560693641617
15738,0.013561411619664046
15739,0.013561411619664046
15740,0.013561411619664046
15741,0.07505070993914807
15742,0.7730061349693251
15743,0.7730061349693251
15744,0.013561411619664046
15745,0.013561411619664046
15746,0.013561411619664046
15747,0.38275862068965516
15748,0.26011560693641617
15749,0.013561411619664046
15750,0.0449582530507386
15751,0.013561411619664046
15752,0.37349397590361444
15753,0.013561411619664046
15754,0.013561411619664046
15755,0.2
15756,0.013561411619664046
15757,0.013561411619664046
15758,0.1288244766505636
15759,0.0449582530507386
15760,0.013561411619664046
15761,0.18895348837209303
15762,0.7730061349693251
15763,0.8421052631578947
15764,0.013561411619664046
15765,0.013561411619664046
15766,0.013561411619664046
15767,0.013561411619664046
15768,0.013561411619664046
15769,0.013561411619664046
15770,0.1868421052631579
15771,0.1288244766505636
15772,0.013561411619664046
15773,0.013561411619664046
15774,0.0449582530507386
15775,0.029787234042553193
15776,0.18895348837209303
15777,0.9131578947368421
15778,0.9651376146788991
15779,0.1288244766505636
15780,0.7614213197969543
15781,0.013561411619664046
15782,0.013561411619664046
15783,0.0449582530507386
15784,0.0449582530507386
15785,0.013561411619664046
15786,0.013561411619664046
15787,0.013561411619664046
15788,0.8241758241758241
15789,0.5660377358490566
15790,0.0449582530507386
15791,0.013561411619664046
15792,0.9131578947368421
15793,0.013561411619664046
15794,0.013561411619664046
15795,0.26011560693641617
15796,0.013561411619664046
15797,0.2
15798,0.9651376146788991
15799,0.013561411619664046
15800,0.37142857142857144
15801,0.7892561983471075
15802,0.7083333333333334
15803,0.45714285714285713
15804,0.029787234042553193
15805,0.0449582530507386
15806,0.029787234042553193
15807,0.38181818181818183
15808,0.12332439678284182
15809,0.013561411619664046
15810,0.9651376146788991
15811,0.6713286713286714
15812,0.013561411619664046
15813,0.013561411619664046
15814,0.013561411619664046
15815,0.013561411619664046
15816,0.0449582530507386
15817,0.013561411619664046
15818,0.0449582530507386
15819,0.013561411619664046
15820,0.013561411619664046
15821,0.7730061349693251
15822,0.0449582530507386
15823,0.24691358024691357
15824,0.013561411619664046
15825,0.013561411619664046
15826,0.013561411619664046
15827,0.1288244766505636
15828,0.013561411619664046
15829,0.38275862068965516
15830,0.9131578947368421
15831,0.029787234042553193
15832,0.013561411619664046
15833,0.7730061349693251
15834,0.12332439678284182
15835,0.013561411619664046
15836,0.013561411619664046
15837,0.38181818181818183
15838,0.013561411619664046
15839,0.013561411619664046
15840,0.013561411619664046
15841,0.013561411619664046
15842,0.12332439678284182
15843,0.07505070993914807
15844,0.0449582530507386
15845,0.26011560693641617
15846,0.5194805194805194
15847,0.013561411619664046
15848,0.0449582530507386
15849,0.0449582530507386
15850,0.013561411619664046
15851,0.013561411619664046
15852,0.013561411619664046
15853,0.013561411619664046
15854,0.013561411619664046
15855,0.1288244766505636
15856,0.0449582530507386
15857,0.013561411619664046
15858,0.029787234042553193
15859,0.8461538461538461
15860,0.013561411619664046
15861,0.38275862068965516
15862,0.029787234042553193
15863,0.013561411619664046
15864,0.9651376146788991
15865,0.1868421052631579
15866,0.0449582530507386
15867,0.18895348837209303
15868,0.013561411619664046
15869,0.013561411619664046
15870,0.013561411619664046
15871,0.013561411619664046
15872,0.1288244766505636
15873,0.6565656565656566
15874,0.013561411619664046
15875,0.013561411619664046
15876,0.013561411619664046
15877,0.013561411619664046
15878,0.38275862068965516
15879,0.7892561983471075
15880,0.013561411619664046
15881,0.0449582530507386
15882,0.18340611353711792
15883,0.0449582530507386
15884,0.029787234042553193
15885,0.013561411619664046
15886,0.7892561983471075
15887,0.013561411619664046
15888,0.18895348837209303
15889,0.07505070993914807
15890,0.013561411619664046
15891,0.9651376146788991
15892,0.013561411619664046
15893,0.38275862068965516
15894,0.013561411619664046
15895,0.013561411619664046
15896,0.1288244766505636
15897,0.6713286713286714
15898,0.013561411619664046
15899,0.013561411619664046
15900,0.26011560693641617
15901,0.26011560693641617
15902,0.013561411619664046
15903,0.6713286713286714
15904,0.013561411619664046
15905,0.12332439678284182
15906,0.013561411619664046
15907,0.1288244766505636
15908,0.17883211678832117
15909,0.18895348837209303
15910,0.013561411619664046
15911,0.17883211678832117
15912,0.013561411619664046
15913,0.013561411619664046
15914,0.2
15915,0.0449582530507386
15916,0.013561411619664046
15917,0.013561411619664046
15918,0.013561411619664046
15919,0.1288244766505636
15920,0.12332439678284182
15921,0.75
15922,0.013561411619664046
15923,0.013561411619664046
15924,0.6
15925,0.013561411619664046
15926,0.013561411619664046
15927,0.9131578947368421
15928,0.12332439678284182
15929,0.8241758241758241
15930,0.9131578947368421
15931,0.0449582530507386
15932,0.07505070993914807
15933,0.8241758241758241
15934,0.013561411619664046
15935,0.013561411619664046
15936,0.013561411619664046
15937,0.013561411619664046
15938,0.2
15939,0.013561411619664046
15940,0.1288244766505636
15941,0.1288244766505636
15942,0.013561411619664046
15943,0.013561411619664046
15944,0.013561411619664046
15945,0.013561411619664046
15946,0.0449582530507386
15947,0.013561411619664046
15948,0.7892561983471075
15949,0.9651376146788991
15950,0.013561411619664046
15951,0.013561411619664046
15952,0.9651376146788991
15953,0.2
15954,0.12332439678284182
15955,0.0449582530507386
15956,0.12332439678284182
15957,0.07505070993914807
15958,0.8461538461538461
15959,0.18895348837209303
15960,0.013561411619664046
15961,0.7730061349693251
15962,0.013561411619664046
15963,0.013561411619664046
15964,0.1288244766505636
15965,0.1868421052631579
15966,0.9651376146788991
15967,0.029787234042553193
15968,0.1868421052631579
15969,0.013561411619664046
15970,0.07505070993914807
15971,0.0449582530507386
15972,0.9131578947368421
15973,0.013561411619664046
15974,0.0449582530507386
15975,0.013561411619664046
15976,0.013561411619664046
15977,0.013561411619664046
15978,0.2
15979,0.013561411619664046
15980,0.013561411619664046
15981,0.013561411619664046
15982,0.013561411619664046
15983,0.013561411619664046
15984,0.013561411619664046
15985,0.8
15986,0.2
15987,0.013561411619664046
15988,0.013561411619664046
15989,0.0449582530507386
15990,0.6713286713286714
15991,0.013561411619664046
15992,0.9651376146788991
15993,0.013561411619664046
15994,0.013561411619664046
15995,0.013561411619664046
15996,0.9131578947368421
15997,0.18895348837209303
15998,0.029787234042553193
15999,0.013561411619664046
16000,0.38275862068965516
16001,0.013561411619664046
16002,0.013561411619664046
16003,0.013561411619664046
16004,0.029787234042553193
16005,0.18340611353711792
16006,0.013561411619664046
16007,0.18340611353711792
16008,0.013561411619664046
16009,0.5660377358490566
16010,0.013561411619664046
16011,0.7730061349693251
16012,0.013561411619664046
16013,0.013561411619664046
16014,0.013561411619664046
16015,0.37349397590361444
16016,0.7614213197969543
16017,0.38275862068965516
16018,0.07505070993914807
16019,0.1288244766505636
16020,0.013561411619664046
16021,0.013561411619664046
16022,0.013561411619664046
16023,0.0449582530507386
16024,0.013561411619664046
16025,0.029787234042553193
16026,0.7892561983471075
16027,0.013561411619664046
16028,0.0449582530507386
16029,0.013561411619664046
16030,0.013561411619664046
16031,0.07505070993914807
16032,0.5660377358490566
16033,0.1288244766505636
16034,0.7730061349693251
16035,0.013561411619664046
16036,0.1288244766505636
16037,0.18895348837209303
16038,0.38275862068965516
16039,0.0449582530507386
16040,0.1288244766505636
16041,0.9651376146788991
16042,0.029787234042553193
16043,0.013561411619664046
16044,0.013561411619664046
16045,0.9651376146788991
16046,0.6
16047,0.17883211678832117
16048,0.0449582530507386
16049,0.013561411619664046
16050,0.013561411619664046
16051,0.013561411619664046
16052,0.013561411619664046
16053,0.013561411619664046
16054,0.6565656565656566
16055,0.18895348837209303
16056,0.1868421052631579
16057,0.6818181818181818
16058,0.9131578947368421
16059,0.18895348837209303
16060,0.6
16061,0.013561411619664046
16062,0.013561411619664046
16063,0.013561411619664046
16064,0.013561411619664046
16065,0.013561411619664046
16066,0.013561411619664046
16067,0.013561411619664046
16068,0.2
16069,0.013561411619664046
16070,0.6818181818181818
16071,0.013561411619664046
16072,0.013561411619664046
16073,0.37142857142857144
16074,0.013561411619664046
16075,0.0
16076,0.38275862068965516
16077,0.38181818181818183
16078,0.8241758241758241
16079,0.6818181818181818
16080,0.029787234042553193
16081,0.013561411619664046
16082,0.1868421052631579
16083,0.013561411619664046
16084,0.013561411619664046
16085,0.013561411619664046
16086,0.9651376146788991
16087,0.013561411619664046
16088,0.013561411619664046
16089,0.013561411619664046
16090,0.9651376146788991
16091,0.26011560693641617
16092,0.0449582530507386
16093,0.1868421052631579
16094,0.7614213197969543
16095,0.0
16096,0.013561411619664046
16097,0.18340611353711792
16098,0.1868421052631579
16099,0.38181818181818183
16100,0.013561411619664046
16101,0.0449582530507386
16102,0.0449582530507386
16103,0.013561411619664046
16104,0.013561411619664046
16105,0.9131578947368421
16106,0.013561411619664046
16107,0.0449582530507386
16108,0.9651376146788991
16109,0.18340611353711792
16110,0.013561411619664046
16111,0.37349397590361444
16112,0.013561411619664046
16113,0.1868421052631579
16114,0.029787234042553193
16115,0.6713286713286714
16116,0.013561411619664046
16117,0.013561411619664046
16118,0.013561411619664046
16119,0.7083333333333334
16120,0.013561411619664046
16121,0.013561411619664046
16122,0.0449582530507386
16123,0.013561411619664046
16124,0.0449582530507386
16125,0.013561411619664046
16126,0.18340611353711792
16127,0.013561411619664046
16128,0.07505070993914807
16129,0.0449582530507386
16130,0.9131578947368421
16131,0.0449582530507386
16132,0.6
16133,0.9131578947368421
16134,0.38275862068965516
16135,0.013561411619664046
16136,0.013561411619664046
16137,0.0449582530507386
16138,0.013561411619664046
16139,0.013561411619664046
16140,0.013561411619664046
16141,0.1868421052631579
16142,0.013561411619664046
16143,0.013561411619664046
16144,0.013561411619664046
16145,0.013561411619664046
16146,0.18895348837209303
16147,0.2
16148,0.7083333333333334
16149,0.9131578947368421
16150,0.1288244766505636
16151,0.0449582530507386
16152,0.8461538461538461
16153,0.7892561983471075
16154,0.013561411619664046
16155,0.75
16156,0.013561411619664046
16157,0.1288244766505636
16158,0.17883211678832117
16159,0.5194805194805194
16160,0.14285714285714285
16161,0.38275862068965516
16162,0.013561411619664046
16163,0.013561411619664046
16164,0.8241758241758241
16165,0.013561411619664046
16166,0.013561411619664046
16167,0.6565656565656566
16168,0.013561411619664046
16169,0.013561411619664046
16170,0.013561411619664046
16171,0.1868421052631579
16172,0.013561411619664046
16173,0.7614213197969543
16174,0.07505070993914807
16175,0.013561411619664046
16176,0.013561411619664046
16177,0.6713286713286714
16178,0.013561411619664046
16179,0.17883211678832117
16180,0.013561411619664046
16181,0.013561411619664046
16182,0.0449582530507386
16183,0.013561411619664046
16184,0.029787234042553193
16185,0.0449582530507386
16186,0.9131578947368421
16187,0.0449582530507386
16188,0.013561411619664046
16189,0.0449582530507386
16190,0.013561411619664046
16191,0.7892561983471075
16192,0.9651376146788991
16193,0.5194805194805194
16194,0.8241758241758241
16195,0.1868421052631579
16196,0.38275862068965516
16197,0.0449582530507386
16198,0.0449582530507386
16199,0.013561411619664046
16200,0.013561411619664046
16201,0.1868421052631579
16202,0.18895348837209303
16203,0.6818181818181818
16204,0.013561411619664046
16205,0.26011560693641617
16206,0.013561411619664046
16207,0.0449582530507386
16208,0.18895348837209303
16209,0.12332439678284182
16210,0.38275862068965516
16211,0.12332439678284182
16212,0.029787234042553193
16213,0.07505070993914807
16214,0.18895348837209303
16215,0.013561411619664046
16216,0.1288244766505636
16217,0.6
16218,0.07505070993914807
16219,0.013561411619664046
16220,0.029787234042553193
16221,0.18895348837209303
16222,0.24691358024691357
16223,0.9651376146788991
16224,0.013561411619664046
16225,0.1288244766505636
16226,0.0449582530507386
16227,0.013561411619664046
16228,0.0449582530507386
16229,0.12332439678284182
16230,0.013561411619664046
16231,0.6
16232,0.8461538461538461
16233,0.38181818181818183
16234,0.9131578947368421
16235,0.013561411619664046
16236,0.12332439678284182
16237,0.8461538461538461
16238,0.18340611353711792
16239,0.0449582530507386
16240,0.18895348837209303
16241,0.0449582530507386
16242,0.013561411619664046
16243,0.17883211678832117
16244,0.38275862068965516
16245,0.37349397590361444
16246,0.029787234042553193
16247,0.013561411619664046
16248,0.9131578947368421
16249,0.1868421052631579
16250,0.8241758241758241
16251,0.7614213197969543
16252,0.013561411619664046
16253,0.013561411619664046
16254,0.013561411619664046
16255,0.07505070993914807
16256,0.0449582530507386
16257,0.013561411619664046
16258,0.013561411619664046
16259,0.0449582530507386
16260,0.013561411619664046
16261,0.18895348837209303
16262,0.0449582530507386
16263,0.18340611353711792
16264,0.013561411619664046
16265,0.013561411619664046
16266,0.8241758241758241
16267,0.013561411619664046
16268,0.0449582530507386
16269,0.013561411619664046
16270,0.1288244766505636
16271,0.013561411619664046
16272,0.1288244766505636
16273,0.0449582530507386
16274,0.1288244766505636
16275,0.013561411619664046
16276,0.18895348837209303
16277,0.9651376146788991
16278,0.013561411619664046
16279,0.38275862068965516
16280,0.013561411619664046
16281,0.7614213197969543
16282,0.013561411619664046
16283,0.013561411619664046
16284,0.24691358024691357
16285,0.029787234042553193
16286,0.013561411619664046
16287,0.013561411619664046
16288,0.1868421052631579
16289,0.0449582530507386
16290,0.013561411619664046
16291,0.013561411619664046
16292,0.8241758241758241
16293,0.6818181818181818
16294,0.013561411619664046
16295,0.1288244766505636
16296,0.013561411619664046
16297,0.7892561983471075
16298,0.013561411619664046
16299,0.7892561983471075
16300,0.013561411619664046
16301,0.0449582530507386
16302,0.26011560693641617
16303,0.013561411619664046
16304,0.013561411619664046
16305,0.1288244766505636
16306,0.013561411619664046
16307,0.9651376146788991
16308,0.013561411619664046
16309,0.9131578947368421
16310,0.1288244766505636
16311,0.0449582530507386
16312,0.6818181818181818
16313,0.7892561983471075
16314,0.013561411619664046
16315,0.6
16316,0.9131578947368421
16317,0.013561411619664046
16318,0.013561411619664046
16319,0.26011560693641617
16320,0.37349397590361444
16321,0.013561411619664046
16322,0.07505070993914807
16323,0.013561411619664046
16324,0.013561411619664046
16325,0.013561411619664046
16326,0.0449582530507386
16327,0.013561411619664046
16328,0.8461538461538461
16329,0.1288244766505636
16330,0.07505070993914807
16331,0.013561411619664046
16332,0.0449582530507386
16333,0.013561411619664046
16334,0.013561411619664046
16335,0.07505070993914807
16336,0.38275862068965516
16337,0.013561411619664046
16338,0.0449582530507386
16339,0.013561411619664046
16340,0.013561411619664046
16341,0.6818181818181818
16342,0.013561411619664046
16343,0.18895348837209303
16344,0.0449582530507386
16345,0.013561411619664046
16346,0.38181818181818183
16347,0.013561411619664046
16348,0.013561411619664046
16349,0.2
16350,0.0449582530507386
16351,0.013561411619664046
16352,0.013561411619664046
16353,0.013561411619664046
16354,0.1288244766505636
16355,0.7614213197969543
16356,0.7614213197969543
16357,0.9651376146788991
16358,0.013561411619664046
16359,0.0449582530507386
16360,0.013561411619664046
16361,0.8241758241758241
16362,0.1288244766505636
16363,0.013561411619664046
16364,0.013561411619664046
16365,0.38275862068965516
16366,0.7730061349693251
16367,0.0449582530507386
16368,0.9131578947368421
16369,0.17883211678832117
16370,0.26011560693641617
16371,0.0449582530507386
16372,0.013561411619664046
16373,0.1288244766505636
16374,0.0449582530507386
16375,0.013561411619664046
16376,0.2
16377,0.38181818181818183
16378,0.013561411619664046
16379,0.18340611353711792
16380,0.6565656565656566
16381,0.75
16382,0.029787234042553193
16383,0.013561411619664046
16384,0.0449582530507386
16385,0.013561411619664046
16386,0.7083333333333334
16387,0.013561411619664046
16388,0.013561411619664046
16389,0.9651376146788991
16390,0.37349397590361444
16391,0.38275862068965516
16392,0.013561411619664046
16393,0.013561411619664046
16394,0.013561411619664046
16395,0.013561411619664046
16396,0.38275862068965516
16397,0.013561411619664046
16398,0.6713286713286714
16399,0.013561411619664046
16400,0.18895348837209303
16401,0.013561411619664046
16402,0.9651376146788991
16403,0.013561411619664046
16404,0.013561411619664046
16405,0.013561411619664046
16406,0.8241758241758241
16407,0.7730061349693251
16408,0.26011560693641617
16409,0.24691358024691357
16410,0.1288244766505636
16411,0.013561411619664046
16412,0.9651376146788991
16413,0.9651376146788991
16414,0.013561411619664046
16415,0.013561411619664046
16416,0.013561411619664046
16417,0.013561411619664046
16418,0.013561411619664046
16419,0.013561411619664046
16420,0.1868421052631579
16421,0.0449582530507386
16422,0.013561411619664046
16423,0.38181818181818183
16424,0.013561411619664046
16425,0.013561411619664046
16426,0.013561411619664046
16427,0.013561411619664046
16428,0.013561411619664046
16429,0.7892561983471075
16430,0.013561411619664046
16431,0.0449582530507386
16432,0.38275862068965516
16433,0.18895348837209303
16434,0.6565656565656566
16435,0.013561411619664046
16436,0.013561411619664046
16437,0.013561411619664046
16438,0.0449582530507386
16439,0.0449582530507386
16440,0.013561411619664046
16441,0.013561411619664046
16442,0.0449582530507386
16443,0.013561411619664046
16444,0.17883211678832117
16445,0.0449582530507386
16446,0.12332439678284182
16447,0.07505070993914807
16448,0.0449582530507386
16449,0.013561411619664046
16450,0.013561411619664046
16451,0.0449582530507386
16452,0.9131578947368421
16453,0.07505070993914807
16454,0.17883211678832117
16455,0.0449582530507386
16456,0.013561411619664046
16457,0.38181818181818183
16458,0.013561411619664046
16459,0.013561411619664046
16460,0.013561411619664046
16461,0.013561411619664046
16462,0.013561411619664046
16463,0.7892561983471075
16464,0.013561411619664046
16465,0.013561411619664046
16466,0.1868421052631579
16467,0.013561411619664046
16468,0.38181818181818183
16469,0.013561411619664046
16470,0.013561411619664046
16471,0.7083333333333334
16472,0.0449582530507386
16473,0.013561411619664046
16474,0.013561411619664046
16475,0.9131578947368421
16476,0.9651376146788991
16477,0.013561411619664046
16478,0.013561411619664046
16479,0.013561411619664046
16480,0.013561411619664046
16481,0.0449582530507386
16482,0.013561411619664046
16483,0.9131578947368421
16484,0.1288244766505636
16485,0.013561411619664046
16486,0.013561411619664046
16487,0.013561411619664046
16488,0.013561411619664046
16489,0.9651376146788991
16490,0.013561411619664046
16491,0.013561411619664046
16492,0.5194805194805194
16493,0.013561411619664046
16494,0.6565656565656566
16495,0.013561411619664046
16496,0.013561411619664046
16497,0.1288244766505636
16498,0.18340611353711792
16499,0.0449582530507386
16500,0.0449582530507386
16501,0.013561411619664046
16502,0.1868421052631579
16503,0.013561411619664046
16504,0.029787234042553193
16505,0.013561411619664046
16506,0.013561411619664046
16507,0.0449582530507386
16508,0.07505070993914807
16509,0.12332439678284182
16510,0.8421052631578947
16511,0.1288244766505636
16512,0.013561411619664046
16513,0.013561411619664046
16514,0.18895348837209303
16515,0.0449582530507386
16516,0.013561411619664046
16517,0.18895348837209303
16518,0.07505070993914807
16519,0.013561411619664046
16520,0.029787234042553193
16521,0.013561411619664046
16522,0.013561411619664046
16523,0.6565656565656566
16524,0.013561411619664046
16525,0.17883211678832117
16526,0.0449582530507386
16527,0.013561411619664046
16528,0.7892561983471075
16529,0.12332439678284182
16530,0.013561411619664046
16531,0.013561411619664046
16532,0.7892561983471075
16533,0.013561411619664046
16534,0.0449582530507386
16535,0.013561411619664046
16536,0.013561411619664046
16537,0.013561411619664046
16538,0.029787234042553193
16539,0.6
16540,0.38275862068965516
16541,0.013561411619664046
16542,0.013561411619664046
16543,0.17883211678832117
16544,0.18340611353711792
16545,0.14285714285714285
16546,0.013561411619664046
16547,0.2
16548,0.6713286713286714
16549,0.013561411619664046
16550,0.1288244766505636
16551,0.013561411619664046
16552,0.013561411619664046
16553,0.013561411619664046
16554,0.0449582530507386
16555,0.013561411619664046
16556,0.17883211678832117
16557,0.9131578947368421
16558,0.013561411619664046
16559,0.0449582530507386
16560,0.013561411619664046
16561,0.0449582530507386
16562,0.013561411619664046
16563,0.013561411619664046
16564,0.1868421052631579
16565,0.9651376146788991
16566,0.6713286713286714
16567,0.5194805194805194
16568,0.26011560693641617
16569,0.013561411619664046
16570,0.0449582530507386
16571,0.1288244766505636
16572,0.013561411619664046
16573,0.013561411619664046
16574,0.7614213197969543
16575,0.013561411619664046
16576,0.12332439678284182
16577,0.0449582530507386
16578,0.013561411619664046
16579,0.0449582530507386
16580,0.013561411619664046
16581,0.029787234042553193
16582,0.18895348837209303
16583,0.013561411619664046
16584,0.013561411619664046
16585,0.013561411619664046
16586,0.7730061349693251
16587,0.18895348837209303
16588,0.7892561983471075
16589,0.013561411619664046
16590,0.9131578947368421
16591,0.013561411619664046
16592,0.9651376146788991
16593,0.38275862068965516
16594,0.8241758241758241
16595,0.013561411619664046
16596,0.013561411619664046
16597,0.7614213197969543
16598,0.3125
16599,0.0449582530507386
16600,0.7614213197969543
16601,0.013561411619664046
16602,0.6
16603,0.013561411619664046
16604,0.12332439678284182
16605,0.013561411619664046
16606,0.0449582530507386
16607,0.0449582530507386
16608,0.7892561983471075
16609,0.5660377358490566
16610,0.38275862068965516
16611,0.013561411619664046
16612,0.013561411619664046
16613,0.013561411619664046
16614,0.6
16615,0.013561411619664046
16616,0.1288244766505636
16617,0.0449582530507386
16618,0.013561411619664046
16619,0.0449582530507386
16620,0.013561411619664046
16621,0.9651376146788991
16622,0.38181818181818183
16623,0.12332439678284182
16624,0.38181818181818183
16625,0.013561411619664046
16626,0.013561411619664046
16627,0.07505070993914807
16628,0.013561411619664046
16629,0.0449582530507386
16630,0.029787234042553193
16631,0.6818181818181818
16632,0.12332439678284182
16633,0.1868421052631579
16634,0.013561411619664046
16635,0.9131578947368421
16636,0.013561411619664046
16637,0.013561411619664046
16638,0.013561411619664046
16639,0.013561411619664046
16640,0.6565656565656566
16641,0.013561411619664046
16642,0.013561411619664046
16643,0.013561411619664046
16644,0.013561411619664046
16645,0.029787234042553193
16646,0.013561411619664046
16647,0.013561411619664046
16648,0.0449582530507386
16649,0.18340611353711792
16650,0.013561411619664046
16651,0.013561411619664046
16652,0.0449582530507386
16653,0.013561411619664046
16654,0.013561411619664046
16655,0.013561411619664046
16656,0.6713286713286714
16657,0.37349397590361444
16658,0.013561411619664046
16659,0.013561411619664046
16660,0.9131578947368421
16661,0.0449582530507386
16662,0.0449582530507386
16663,0.013561411619664046
16664,0.013561411619664046
16665,0.07505070993914807
16666,0.013561411619664046
16667,0.029787234042553193
16668,0.8461538461538461
16669,0.013561411619664046
16670,0.013561411619664046
16671,0.013561411619664046
16672,0.18340611353711792
16673,0.6818181818181818
16674,0.013561411619664046
16675,0.18340611353711792
16676,0.013561411619664046
16677,0.013561411619664046
16678,0.013561411619664046
16679,0.013561411619664046
16680,0.013561411619664046
16681,0.013561411619664046
16682,0.38275862068965516
16683,0.07505070993914807
16684,0.013561411619664046
16685,0.07505070993914807
16686,0.37142857142857144
16687,0.013561411619664046
16688,0.38181818181818183
16689,0.1868421052631579
16690,0.9651376146788991
16691,0.1868421052631579
16692,0.013561411619664046
16693,0.1868421052631579
16694,0.013561411619664046
16695,0.013561411619664046
16696,0.013561411619664046
16697,0.013561411619664046
16698,0.013561411619664046
16699,0.013561411619664046
16700,0.013561411619664046
16701,0.9131578947368421
16702,0.013561411619664046
16703,0.013561411619664046
16704,0.013561411619664046
16705,0.18895348837209303
16706,0.013561411619664046
16707,0.7614213197969543
16708,0.013561411619664046
16709,0.013561411619664046
16710,0.12332439678284182
16711,0.7614213197969543
16712,0.013561411619664046
16713,0.6818181818181818
16714,0.029787234042553193
16715,0.38181818181818183
16716,0.013561411619664046
16717,0.013561411619664046
16718,0.7892561983471075
16719,0.9131578947368421
16720,0.013561411619664046
16721,0.17883211678832117
16722,0.18895348837209303
16723,0.013561411619664046
16724,0.029787234042553193
16725,0.013561411619664046
16726,0.013561411619664046
16727,0.38181818181818183
16728,0.14285714285714285
16729,0.12332439678284182
16730,0.013561411619664046
16731,0.013561411619664046
16732,0.6818181818181818
16733,0.013561411619664046
16734,0.0449582530507386
16735,0.12332439678284182
16736,0.8461538461538461
16737,0.029787234042553193
16738,0.013561411619664046
16739,1.0
16740,0.013561411619664046
16741,0.013561411619664046
16742,0.8241758241758241
16743,0.013561411619664046
16744,0.18895348837209303
16745,0.013561411619664046
16746,0.013561411619664046
16747,0.013561411619664046
16748,0.17883211678832117
16749,0.013561411619664046
16750,0.013561411619664046
16751,0.029787234042553193
16752,0.17883211678832117
16753,0.013561411619664046
16754,0.029787234042553193
16755,0.013561411619664046
16756,0.0449582530507386
16757,0.013561411619664046
16758,0.013561411619664046
16759,0.07505070993914807
16760,0.013561411619664046
16761,0.013561411619664046
16762,0.029787234042553193
16763,0.013561411619664046
16764,0.6818181818181818
16765,0.013561411619664046
16766,0.013561411619664046
16767,0.013561411619664046
16768,0.0449582530507386
16769,0.013561411619664046
16770,0.6818181818181818
16771,0.013561411619664046
16772,0.38275862068965516
16773,0.013561411619664046
16774,0.013561411619664046
16775,0.013561411619664046
16776,0.0449582530507386
16777,0.24691358024691357
16778,0.17883211678832117
16779,0.013561411619664046
16780,0.18895348837209303
16781,0.1868421052631579
16782,0.6818181818181818
16783,0.013561411619664046
16784,0.07505070993914807
16785,0.013561411619664046
16786,0.0449582530507386
16787,0.013561411619664046
16788,0.013561411619664046
16789,0.7730061349693251
16790,0.1288244766505636
16791,0.013561411619664046
16792,0.013561411619664046
16793,0.013561411619664046
16794,0.013561411619664046
16795,0.6565656565656566
16796,0.029787234042553193
16797,0.013561411619664046
16798,0.1868421052631579
16799,0.013561411619664046
16800,0.0449582530507386
16801,0.0449582530507386
16802,0.0449582530507386
16803,0.013561411619664046
16804,0.07505070993914807
16805,0.013561411619664046
16806,0.013561411619664046
16807,0.17883211678832117
16808,0.013561411619664046
16809,0.013561411619664046
16810,0.013561411619664046
16811,0.013561411619664046
16812,0.1288244766505636
16813,0.0449582530507386
16814,0.013561411619664046
16815,0.1868421052631579
16816,0.0449582530507386
16817,0.0449582530507386
16818,0.7614213197969543
16819,0.9131578947368421
16820,0.0449582530507386
16821,0.9651376146788991
16822,0.013561411619664046
16823,0.013561411619664046
16824,0.9131578947368421
16825,0.029787234042553193
16826,0.013561411619664046
16827,0.013561411619664046
16828,0.013561411619664046
16829,0.9651376146788991
16830,0.7
16831,0.9651376146788991
16832,0.6818181818181818
16833,0.5660377358490566
16834,0.013561411619664046
16835,0.013561411619664046
16836,0.07505070993914807
16837,0.38275862068965516
16838,0.6
16839,0.2
16840,0.9651376146788991
16841,0.013561411619664046
16842,0.18340611353711792
16843,0.18895348837209303
16844,0.9131578947368421
16845,0.013561411619664046
16846,0.9131578947368421
16847,0.6713286713286714
16848,0.8241758241758241
16849,0.17883211678832117
16850,0.9651376146788991
16851,0.013561411619664046
16852,0.013561411619664046
16853,0.1288244766505636
16854,0.6565656565656566
16855,0.013561411619664046
16856,0.17883211678832117
16857,0.6565656565656566
16858,0.7614213197969543
16859,0.013561411619664046
16860,0.18895348837209303
16861,0.013561411619664046
16862,0.013561411619664046
16863,0.013561411619664046
16864,0.1288244766505636
16865,0.0449582530507386
16866,0.013561411619664046
16867,0.013561411619664046
16868,0.26011560693641617
16869,0.013561411619664046
16870,0.18340611353711792
16871,0.6
16872,0.013561411619664046
16873,0.013561411619664046
16874,0.013561411619664046
16875,0.7892561983471075
16876,0.013561411619664046
16877,0.013561411619664046
16878,0.013561411619664046
16879,0.013561411619664046
16880,0.1288244766505636
16881,0.013561411619664046
16882,0.013561411619664046
16883,0.1288244766505636
16884,0.013561411619664046
16885,0.013561411619664046
16886,0.029787234042553193
16887,0.18340611353711792
16888,0.013561411619664046
16889,0.12332439678284182
16890,0.14285714285714285
16891,0.013561411619664046
16892,0.013561411619664046
16893,0.013561411619664046
16894,0.029787234042553193
16895,0.1288244766505636
16896,0.18340611353711792
16897,0.12332439678284182
16898,0.18895348837209303
16899,0.0449582530507386
16900,0.013561411619664046
16901,0.013561411619664046
16902,0.9651376146788991
16903,0.013561411619664046
16904,0.5194805194805194
16905,0.013561411619664046
16906,0.18340611353711792
16907,0.013561411619664046
16908,0.013561411619664046
16909,0.013561411619664046
16910,0.013561411619664046
16911,0.013561411619664046
16912,0.013561411619664046
16913,0.013561411619664046
16914,0.013561411619664046
16915,0.38275862068965516
16916,0.013561411619664046
16917,0.18895348837209303
16918,0.7614213197969543
16919,0.013561411619664046
16920,0.013561411619664046
16921,0.013561411619664046
16922,0.013561411619664046
16923,0.18895348837209303
16924,0.013561411619664046
16925,0.1288244766505636
16926,0.1288244766505636
16927,0.013561411619664046
16928,0.6713286713286714
16929,0.9131578947368421
16930,0.013561411619664046
16931,0.8241758241758241
16932,0.1288244766505636
16933,0.013561411619664046
16934,0.013561411619664046
16935,0.013561411619664046
16936,0.9651376146788991
16937,0.013561411619664046
16938,0.013561411619664046
16939,0.013561411619664046
16940,0.1868421052631579
16941,0.013561411619664046
16942,0.1288244766505636
16943,0.9651376146788991
16944,0.013561411619664046
16945,0.013561411619664046
16946,0.12332439678284182
16947,0.1288244766505636
16948,0.1288244766505636
16949,0.9651376146788991
16950,0.0449582530507386
16951,0.9651376146788991
16952,0.0449582530507386
16953,0.013561411619664046
16954,0.07505070993914807
16955,0.013561411619664046
16956,0.18895348837209303
16957,0.17883211678832117
16958,0.013561411619664046
16959,0.013561411619664046
16960,0.07505070993914807
16961,0.013561411619664046
16962,0.013561411619664046
16963,0.013561411619664046
16964,0.013561411619664046
16965,0.013561411619664046
16966,0.9651376146788991
16967,0.07505070993914807
16968,0.9131578947368421
16969,0.013561411619664046
16970,0.013561411619664046
16971,0.6818181818181818
16972,0.9131578947368421
16973,0.0
16974,0.013561411619664046
16975,0.013561411619664046
16976,0.029787234042553193
16977,0.029787234042553193
16978,0.1288244766505636
16979,0.013561411619664046
16980,0.9651376146788991
16981,0.7892561983471075
16982,0.9651376146788991
16983,0.9651376146788991
16984,0.013561411619664046
16985,0.013561411619664046
16986,0.013561411619664046
16987,0.013561411619664046
16988,0.013561411619664046
16989,0.26011560693641617
16990,0.013561411619664046
16991,0.029787234042553193
16992,0.14285714285714285
16993,0.013561411619664046
16994,0.17883211678832117
16995,0.013561411619664046
16996,0.013561411619664046
16997,0.029787234042553193
16998,0.6713286713286714
16999,0.013561411619664046
17000,0.013561411619664046
17001,0.013561411619664046
17002,0.07505070993914807
17003,0.6818181818181818
17004,0.1288244766505636
17005,0.0449582530507386
17006,0.1288244766505636
17007,0.38275862068965516
17008,0.013561411619664046
17009,0.5660377358490566
17010,0.12332439678284182
17011,0.013561411619664046
17012,0.013561411619664046
17013,0.013561411619664046
17014,0.7614213197969543
17015,0.6
17016,0.013561411619664046
17017,0.0449582530507386
17018,0.013561411619664046
17019,0.013561411619664046
17020,0.0449582530507386
17021,0.0449582530507386
17022,0.12332439678284182
17023,0.9131578947368421
17024,0.013561411619664046
17025,0.013561411619664046
17026,0.013561411619664046
17027,0.013561411619664046
17028,0.6818181818181818
17029,0.013561411619664046
17030,0.013561411619664046
17031,0.013561411619664046
17032,0.6818181818181818
17033,0.07505070993914807
17034,0.013561411619664046
17035,0.013561411619664046
17036,0.013561411619664046
17037,0.013561411619664046
17038,0.0449582530507386
17039,0.013561411619664046
17040,0.013561411619664046
17041,0.013561411619664046
17042,0.9651376146788991
17043,0.1288244766505636
17044,0.013561411619664046
17045,0.38275862068965516
17046,0.6818181818181818
17047,0.013561411619664046
17048,0.1288244766505636
17049,0.013561411619664046
17050,0.12332439678284182
17051,0.9131578947368421
17052,0.0449582530507386
17053,0.9651376146788991
17054,0.013561411619664046
17055,0.013561411619664046
17056,0.0449582530507386
17057,0.013561411619664046
17058,0.013561411619664046
17059,0.013561411619664046
17060,0.17883211678832117
17061,0.9651376146788991
17062,0.013561411619664046
17063,0.029787234042553193
17064,0.14285714285714285
17065,0.013561411619664046
17066,0.8241758241758241
17067,0.7730061349693251
17068,0.38181818181818183
17069,0.12332439678284182
17070,0.6
17071,0.7892561983471075
17072,0.013561411619664046
17073,0.013561411619664046
17074,0.2
17075,0.0449582530507386
17076,0.013561411619664046
17077,0.7614213197969543
17078,0.1868421052631579
17079,0.38275862068965516
17080,0.1868421052631579
17081,0.013561411619664046
17082,0.013561411619664046
17083,0.1288244766505636
17084,0.18895348837209303
17085,0.9131578947368421
17086,0.07505070993914807
17087,0.1288244766505636
17088,0.013561411619664046
17089,0.013561411619664046
17090,0.013561411619664046
17091,0.013561411619664046
17092,0.18340611353711792
17093,0.0449582530507386
17094,0.0449582530507386
17095,0.9131578947368421
17096,0.37349397590361444
17097,0.24691358024691357
17098,0.013561411619664046
17099,0.013561411619664046
17100,0.6
17101,0.12332439678284182
17102,0.7892561983471075
17103,0.013561411619664046
17104,0.013561411619664046
17105,0.18895348837209303
17106,0.013561411619664046
17107,0.38181818181818183
17108,0.12332439678284182
17109,0.013561411619664046
17110,0.013561411619664046
17111,0.013561411619664046
17112,0.1288244766505636
17113,0.0449582530507386
17114,0.013561411619664046
17115,0.38181818181818183
17116,0.38275862068965516
17117,0.013561411619664046
17118,0.1868421052631579
17119,0.013561411619664046
17120,0.18895348837209303
17121,0.029787234042553193
17122,0.6565656565656566
17123,0.0449582530507386
17124,0.9651376146788991
17125,0.013561411619664046
17126,0.18895348837209303
17127,0.0449582530507386
17128,0.7892561983471075
17129,0.013561411619664046
17130,0.1868421052631579
17131,0.0449582530507386
17132,0.17883211678832117
17133,0.0449582530507386
17134,0.18895348837209303
17135,0.0449582530507386
17136,0.013561411619664046
17137,0.0449582530507386
17138,0.9651376146788991
17139,0.26011560693641617
17140,0.013561411619664046
17141,0.1868421052631579
17142,0.013561411619664046
17143,0.37349397590361444
17144,0.013561411619664046
17145,0.013561411619664046
17146,0.18340611353711792
17147,0.07505070993914807
17148,0.0449582530507386
17149,0.0449582530507386
17150,0.013561411619664046
17151,0.18340611353711792
17152,0.07505070993914807
17153,0.013561411619664046
17154,0.013561411619664046
17155,0.013561411619664046
17156,0.37349397590361444
17157,0.029787234042553193
17158,0.18895348837209303
17159,0.1868421052631579
17160,0.013561411619664046
17161,0.38275862068965516
17162,0.013561411619664046
17163,0.7614213197969543
17164,0.013561411619664046
17165,0.013561411619664046
17166,0.1868421052631579
17167,0.013561411619664046
17168,0.029787234042553193
17169,0.7730061349693251
17170,0.013561411619664046
17171,0.013561411619664046
17172,0.1288244766505636
17173,0.12332439678284182
17174,0.12332439678284182
17175,0.5194805194805194
17176,0.0449582530507386
17177,0.26011560693641617
17178,0.07505070993914807
17179,0.37142857142857144
17180,0.0449582530507386
17181,0.17883211678832117
17182,0.0449582530507386
17183,0.12332439678284182
17184,0.1868421052631579
17185,0.013561411619664046
17186,0.013561411619664046
17187,0.029787234042553193
17188,0.6818181818181818
17189,0.013561411619664046
17190,0.0
17191,0.0449582530507386
17192,0.013561411619664046
17193,0.013561411619664046
17194,0.013561411619664046
17195,0.013561411619664046
17196,0.013561411619664046
17197,0.013561411619664046
17198,0.38275862068965516
17199,0.9651376146788991
17200,0.1288244766505636
17201,0.18340611353711792
17202,0.1288244766505636
17203,0.013561411619664046
17204,0.6713286713286714
17205,0.013561411619664046
17206,0.013561411619664046
17207,0.1868421052631579
17208,0.029787234042553193
17209,0.013561411619664046
17210,0.013561411619664046
17211,0.013561411619664046
17212,0.013561411619664046
17213,0.1288244766505636
17214,0.17883211678832117
17215,0.9651376146788991
17216,0.013561411619664046
17217,0.6565656565656566
17218,0.38275862068965516
17219,0.12332439678284182
17220,0.013561411619664046
17221,0.013561411619664046
17222,0.07505070993914807
17223,0.013561411619664046
17224,0.1288244766505636
17225,0.8421052631578947
17226,0.013561411619664046
17227,0.013561411619664046
17228,0.013561411619664046
17229,0.6
17230,0.0449582530507386
17231,0.029787234042553193
17232,0.013561411619664046
17233,0.0449582530507386
17234,0.013561411619664046
17235,0.0449582530507386
17236,0.013561411619664046
17237,0.013561411619664046
17238,0.38181818181818183
17239,0.013561411619664046
17240,0.013561411619664046
17241,0.013561411619664046
17242,0.013561411619664046
17243,0.0449582530507386
17244,0.37142857142857144
17245,0.029787234042553193
17246,0.013561411619664046
17247,0.013561411619664046
17248,0.013561411619664046
17249,0.013561411619664046
17250,0.7892561983471075
17251,0.38181818181818183
17252,0.0449582530507386
17253,0.0449582530507386
17254,0.1868421052631579
17255,0.013561411619664046
17256,0.013561411619664046
17257,0.9131578947368421
17258,0.17883211678832117
17259,0.9131578947368421
17260,0.12332439678284182
17261,0.0449582530507386
17262,0.0449582530507386
17263,0.013561411619664046
17264,0.26011560693641617
17265,0.013561411619664046
17266,0.013561411619664046
17267,0.0449582530507386
17268,0.07505070993914807
17269,0.38275862068965516
17270,0.013561411619664046
17271,0.1288244766505636
17272,0.18340611353711792
17273,0.9131578947368421
17274,0.013561411619664046
17275,0.17883211678832117
17276,0.2
17277,0.013561411619664046
17278,0.12332439678284182
17279,0.9131578947368421
17280,0.013561411619664046
17281,0.013561411619664046
17282,0.0449582530507386
17283,0.7730061349693251
17284,0.07505070993914807
17285,0.0449582530507386
17286,0.0449582530507386
17287,0.8241758241758241
17288,0.013561411619664046
17289,0.18895348837209303
17290,0.013561411619664046
17291,0.013561411619664046
17292,0.38275862068965516
17293,0.5194805194805194
17294,0.7614213197969543
17295,0.0449582530507386
17296,0.013561411619664046
17297,0.013561411619664046
17298,0.029787234042553193
17299,0.1868421052631579
17300,0.013561411619664046
17301,0.8241758241758241
17302,0.013561411619664046
17303,0.18340611353711792
17304,0.1288244766505636
17305,0.013561411619664046
17306,0.1868421052631579
17307,0.0449582530507386
17308,0.013561411619664046
17309,0.9651376146788991
17310,0.26011560693641617
17311,0.18895348837209303
17312,0.9651376146788991
17313,0.8461538461538461
17314,0.013561411619664046
17315,0.3125
17316,0.1288244766505636
17317,0.013561411619664046
17318,0.029787234042553193
17319,0.013561411619664046
17320,0.6818181818181818
17321,0.1288244766505636
17322,0.0449582530507386
17323,0.9651376146788991
17324,0.013561411619664046
17325,0.013561411619664046
17326,0.0449582530507386
17327,0.013561411619664046
17328,0.7614213197969543
17329,0.013561411619664046
17330,0.013561411619664046
17331,0.07505070993914807
17332,0.1288244766505636
17333,0.24691358024691357
17334,0.26011560693641617
17335,0.1868421052631579
17336,0.013561411619664046
17337,0.26011560693641617
17338,0.013561411619664046
17339,0.013561411619664046
17340,0.07505070993914807
17341,0.1288244766505636
17342,0.38181818181818183
17343,0.013561411619664046
17344,0.9651376146788991
17345,0.1288244766505636
17346,0.1288244766505636
17347,0.7892561983471075
17348,0.37142857142857144
17349,0.013561411619664046
17350,0.013561411619664046
17351,0.0449582530507386
17352,0.0449582530507386
17353,0.12332439678284182
17354,0.07505070993914807
17355,0.1288244766505636
17356,0.7892561983471075
17357,0.013561411619664046
17358,0.013561411619664046
17359,0.18340611353711792
17360,0.07505070993914807
17361,0.013561411619664046
17362,0.14285714285714285
17363,0.9651376146788991
17364,0.013561411619664046
17365,0.013561411619664046
17366,0.013561411619664046
17367,0.013561411619664046
17368,0.013561411619664046
17369,0.013561411619664046
17370,0.013561411619664046
17371,0.9651376146788991
17372,0.013561411619664046
17373,0.013561411619664046
17374,0.013561411619664046
17375,0.0449582530507386
17376,0.6818181818181818
17377,0.7730061349693251
17378,0.013561411619664046
17379,0.9651376146788991
17380,0.013561411619664046
17381,0.013561411619664046
17382,0.013561411619664046
17383,0.0449582530507386
17384,0.013561411619664046
17385,0.7083333333333334
17386,0.013561411619664046
17387,0.38275862068965516
17388,0.2
17389,0.013561411619664046
17390,0.6565656565656566
17391,0.7892561983471075
17392,0.18895348837209303
17393,0.38275862068965516
17394,0.7892561983471075
17395,0.18895348837209303
17396,0.07505070993914807
17397,0.07505070993914807
17398,0.9651376146788991
17399,0.013561411619664046
17400,0.0449582530507386
17401,0.013561411619664046
17402,0.013561411619664046
17403,0.6
17404,0.013561411619664046
17405,0.5194805194805194
17406,0.013561411619664046
17407,0.013561411619664046
17408,0.38275862068965516
17409,0.029787234042553193
17410,0.0449582530507386
17411,0.013561411619664046
17412,0.0449582530507386
17413,0.013561411619664046
17414,0.1288244766505636
17415,0.0449582530507386
17416,0.013561411619664046
17417,0.0449582530507386
17418,0.6818181818181818
17419,0.2
17420,0.013561411619664046
17421,0.9651376146788991
17422,0.0449582530507386
17423,0.013561411619664046
17424,0.26011560693641617
17425,0.013561411619664046
17426,0.1288244766505636
17427,0.013561411619664046
17428,0.12332439678284182
17429,0.0449582530507386
17430,0.013561411619664046
17431,0.0449582530507386
17432,0.1288244766505636
17433,0.9131578947368421
17434,0.013561411619664046
17435,0.0449582530507386
17436,0.9131578947368421
17437,0.9131578947368421
17438,0.013561411619664046
17439,0.013561411619664046
17440,0.0449582530507386
17441,0.013561411619664046
17442,0.013561411619664046
17443,0.07505070993914807
17444,0.013561411619664046
17445,0.013561411619664046
17446,0.9131578947368421
17447,0.013561411619664046
17448,0.013561411619664046
17449,0.7892561983471075
17450,0.013561411619664046
17451,0.013561411619664046
17452,0.013561411619664046
17453,0.013561411619664046
17454,0.8241758241758241
17455,0.07505070993914807
17456,0.013561411619664046
17457,0.013561411619664046
17458,0.013561411619664046
17459,0.0449582530507386
17460,0.029787234042553193
17461,0.24691358024691357
17462,0.8241758241758241
17463,0.013561411619664046
17464,0.7892561983471075
17465,0.013561411619664046
17466,0.029787234042553193
17467,0.013561411619664046
17468,0.013561411619664046
17469,0.013561411619664046
17470,0.17883211678832117
17471,0.6818181818181818
17472,0.013561411619664046
17473,0.013561411619664046
17474,0.0449582530507386
17475,0.7730061349693251
17476,0.013561411619664046
17477,0.0449582530507386
17478,0.013561411619664046
17479,0.18340611353711792
17480,0.013561411619664046
17481,0.013561411619664046
17482,0.013561411619664046
17483,0.38275862068965516
17484,0.0449582530507386
17485,0.013561411619664046
17486,0.26011560693641617
17487,0.013561411619664046
17488,0.013561411619664046
17489,0.9651376146788991
17490,0.8241758241758241
17491,0.0449582530507386
17492,0.013561411619664046
17493,0.013561411619664046
17494,0.013561411619664046
17495,0.07505070993914807
17496,0.013561411619664046
17497,0.26011560693641617
17498,0.013561411619664046
17499,0.7730061349693251
17500,0.013561411619664046
17501,0.013561411619664046
17502,0.7892561983471075
17503,0.013561411619664046
17504,0.013561411619664046
17505,0.9131578947368421
17506,0.013561411619664046
17507,0.37142857142857144
17508,0.6818181818181818
17509,0.013561411619664046
17510,0.5194805194805194
17511,0.1288244766505636
17512,0.38181818181818183
17513,0.12332439678284182
17514,0.7614213197969543
17515,0.013561411619664046
17516,0.07505070993914807
17517,0.6818181818181818
17518,0.013561411619664046
17519,0.6
17520,0.17883211678832117
17521,0.7614213197969543
17522,0.013561411619664046
17523,0.0449582530507386
17524,0.013561411619664046
17525,0.029787234042553193
17526,0.013561411619664046
17527,0.013561411619664046
17528,0.013561411619664046
17529,0.9651376146788991
17530,0.07505070993914807
17531,0.013561411619664046
17532,0.9651376146788991
17533,0.12332439678284182
17534,0.1288244766505636
17535,0.013561411619664046
17536,0.013561411619664046
17537,0.013561411619664046
17538,0.013561411619664046
17539,0.029787234042553193
17540,0.7892561983471075
17541,0.26011560693641617
17542,0.013561411619664046
17543,0.013561411619664046
17544,0.013561411619664046
17545,0.9131578947368421
17546,0.24691358024691357
17547,0.18340611353711792
17548,0.0449582530507386
17549,0.5194805194805194
17550,0.9131578947368421
17551,0.1868421052631579
17552,0.013561411619664046
17553,0.18895348837209303
17554,0.9651376146788991
17555,0.12332439678284182
17556,0.013561411619664046
17557,0.07505070993914807
17558,0.0449582530507386
17559,0.029787234042553193
17560,0.17883211678832117
17561,0.013561411619664046
17562,0.12332439678284182
17563,0.7614213197969543
17564,0.013561411619664046
17565,0.013561411619664046
17566,0.013561411619664046
17567,0.1868421052631579
17568,0.013561411619664046
17569,0.0449582530507386
17570,0.013561411619664046
17571,0.013561411619664046
17572,0.013561411619664046
17573,0.029787234042553193
17574,0.1868421052631579
17575,0.6565656565656566
17576,0.013561411619664046
17577,0.37349397590361444
17578,0.8241758241758241
17579,0.013561411619664046
17580,0.26011560693641617
17581,0.38275862068965516
17582,0.013561411619664046
17583,0.013561411619664046
17584,0.029787234042553193
17585,0.013561411619664046
17586,0.013561411619664046
17587,0.013561411619664046
17588,0.013561411619664046
17589,0.013561411619664046
17590,0.24691358024691357
17591,0.38181818181818183
17592,0.013561411619664046
17593,0.38181818181818183
17594,0.013561411619664046
17595,0.1868421052631579
17596,0.013561411619664046
17597,0.0449582530507386
17598,0.24691358024691357
17599,0.14285714285714285
17600,0.013561411619664046
17601,0.38181818181818183
17602,0.18340611353711792
17603,0.013561411619664046
17604,0.013561411619664046
17605,0.013561411619664046
17606,0.013561411619664046
17607,0.013561411619664046
17608,0.24691358024691357
17609,0.9651376146788991
17610,0.013561411619664046
17611,0.38275862068965516
17612,0.013561411619664046
17613,0.26011560693641617
17614,0.013561411619664046
17615,0.2
17616,0.2
17617,0.1288244766505636
17618,0.013561411619664046
17619,0.9651376146788991
17620,0.013561411619664046
17621,0.013561411619664046
17622,0.013561411619664046
17623,0.013561411619664046
17624,0.029787234042553193
17625,0.9651376146788991
17626,0.18895348837209303
17627,0.9651376146788991
17628,0.013561411619664046
17629,0.07505070993914807
17630,0.6565656565656566
17631,0.013561411619664046
17632,0.9131578947368421
17633,0.013561411619664046
17634,0.7892561983471075
17635,0.0449582530507386
17636,0.07505070993914807
17637,0.9651376146788991
17638,0.38181818181818183
17639,0.013561411619664046
17640,0.2
17641,0.013561411619664046
17642,0.12332439678284182
17643,0.013561411619664046
17644,0.013561411619664046
17645,0.013561411619664046
17646,0.1868421052631579
17647,0.6565656565656566
17648,0.8241758241758241
17649,0.013561411619664046
17650,0.013561411619664046
17651,0.1868421052631579
17652,0.9651376146788991
17653,0.013561411619664046
17654,0.1288244766505636
17655,0.013561411619664046
17656,0.013561411619664046
17657,0.07505070993914807
17658,0.029787234042553193
17659,0.9131578947368421
17660,0.013561411619664046
17661,0.0449582530507386
17662,0.0449582530507386
17663,0.18340611353711792
17664,0.1288244766505636
17665,0.0449582530507386
17666,0.029787234042553193
17667,0.1288244766505636
17668,0.013561411619664046
17669,0.0449582530507386
17670,0.013561411619664046
17671,0.013561411619664046
17672,0.029787234042553193
17673,0.013561411619664046
17674,0.013561411619664046
17675,0.38275862068965516
17676,0.3125
17677,0.013561411619664046
17678,0.013561411619664046
17679,0.013561411619664046
17680,0.013561411619664046
17681,0.0
17682,0.9131578947368421
17683,0.013561411619664046
17684,0.9651376146788991
17685,0.013561411619664046
17686,0.07505070993914807
17687,0.12332439678284182
17688,0.013561411619664046
17689,0.013561411619664046
17690,0.013561411619664046
17691,0.013561411619664046
17692,0.0449582530507386
17693,0.38275862068965516
17694,0.013561411619664046
17695,0.9131578947368421
17696,0.07505070993914807
17697,0.013561411619664046
17698,0.2
17699,0.013561411619664046
17700,0.013561411619664046
17701,0.029787234042553193
17702,0.0449582530507386
17703,0.6818181818181818
17704,0.013561411619664046
17705,0.013561411619664046
17706,0.9651376146788991
17707,0.013561411619664046
17708,0.029787234042553193
17709,0.013561411619664046
17710,0.013561411619664046
17711,0.0449582530507386
17712,0.013561411619664046
17713,0.013561411619664046
17714,0.013561411619664046
17715,0.029787234042553193
17716,0.013561411619664046
17717,0.18895348837209303
17718,0.1288244766505636
17719,0.38275862068965516
17720,0.7614213197969543
17721,0.18895348837209303
17722,0.013561411619664046
17723,0.013561411619664046
17724,0.013561411619664046
17725,0.9651376146788991
17726,0.7892561983471075
17727,0.5194805194805194
17728,0.1288244766505636
17729,0.0449582530507386
17730,0.6565656565656566
17731,0.75
17732,0.013561411619664046
17733,0.0449582530507386
17734,0.14285714285714285
17735,0.38275862068965516
17736,0.013561411619664046
17737,0.013561411619664046
17738,0.7083333333333334
17739,0.013561411619664046
17740,0.013561411619664046
17741,0.12332439678284182
17742,0.1288244766505636
17743,0.013561411619664046
17744,0.029787234042553193
17745,0.013561411619664046
17746,0.18340611353711792
17747,0.12332439678284182
17748,0.0449582530507386
17749,0.013561411619664046
17750,0.013561411619664046
17751,0.013561411619664046
17752,0.0449582530507386
17753,0.5194805194805194
17754,0.1868421052631579
17755,0.013561411619664046
17756,0.17883211678832117
17757,0.6818181818181818
17758,0.013561411619664046
17759,0.12332439678284182
17760,0.1288244766505636
17761,0.0449582530507386
17762,0.013561411619664046
17763,0.013561411619664046
17764,0.0449582530507386
17765,0.9651376146788991
17766,0.18895348837209303
17767,0.9131578947368421
17768,0.6818181818181818
17769,0.9651376146788991
17770,0.013561411619664046
17771,0.013561411619664046
17772,0.07505070993914807
17773,0.013561411619664046
17774,0.18340611353711792
17775,0.6565656565656566
17776,0.12332439678284182
17777,0.013561411619664046
17778,0.013561411619664046
17779,0.7730061349693251
17780,0.013561411619664046
17781,0.7614213197969543
17782,0.013561411619664046
17783,0.013561411619664046
17784,0.0449582530507386
17785,0.013561411619664046
17786,0.0449582530507386
17787,0.9131578947368421
17788,0.013561411619664046
17789,0.12332439678284182
17790,0.07505070993914807
17791,0.013561411619664046
17792,0.07505070993914807
17793,0.38181818181818183
17794,0.013561411619664046
17795,0.013561411619664046
17796,0.0449582530507386
17797,0.9651376146788991
17798,0.8241758241758241
17799,0.013561411619664046
17800,0.12332439678284182
17801,0.0449582530507386
17802,0.029787234042553193
17803,0.013561411619664046
17804,0.013561411619664046
17805,0.029787234042553193
17806,0.7614213197969543
17807,0.013561411619664046
17808,0.013561411619664046
17809,0.8241758241758241
17810,0.013561411619664046
17811,0.9651376146788991
17812,0.013561411619664046
17813,0.013561411619664046
17814,0.013561411619664046
17815,0.24691358024691357
17816,0.1868421052631579
17817,0.013561411619664046
17818,0.013561411619664046
17819,0.37142857142857144
17820,0.0449582530507386
17821,0.38181818181818183
17822,0.013561411619664046
17823,0.8461538461538461
17824,0.013561411619664046
17825,0.0449582530507386
17826,0.0449582530507386
17827,0.029787234042553193
17828,0.013561411619664046
17829,0.013561411619664046
17830,0.38275862068965516
17831,0.013561411619664046
17832,0.013561411619664046
17833,0.8241758241758241
17834,0.013561411619664046
17835,0.7892561983471075
17836,0.013561411619664046
17837,0.14285714285714285
17838,0.9131578947368421
17839,0.1868421052631579
17840,0.013561411619664046
17841,0.1868421052631579
17842,0.029787234042553193
17843,0.12332439678284182
17844,0.1288244766505636
17845,0.38275862068965516
17846,0.013561411619664046
17847,0.029787234042553193
17848,0.013561411619664046
17849,0.9651376146788991
17850,0.7083333333333334
17851,0.0449582530507386
17852,0.013561411619664046
17853,0.029787234042553193
17854,0.0449582530507386
17855,0.0449582530507386
17856,0.6818181818181818
17857,0.38275862068965516
17858,0.013561411619664046
17859,0.013561411619664046
17860,0.6818181818181818
17861,0.07505070993914807
17862,0.9131578947368421
17863,0.0449582530507386
17864,0.013561411619664046
17865,0.9131578947368421
17866,0.0449582530507386
17867,0.7892561983471075
17868,0.013561411619664046
17869,0.013561411619664046
17870,0.013561411619664046
17871,0.0449582530507386
17872,0.013561411619664046
17873,0.013561411619664046
17874,0.14285714285714285
17875,0.013561411619664046
17876,0.0449582530507386
17877,0.38275862068965516
17878,0.013561411619664046
17879,0.013561411619664046
17880,0.013561411619664046
17881,0.013561411619664046
17882,0.0449582530507386
17883,0.18895348837209303
17884,0.0449582530507386
17885,0.26011560693641617
17886,0.029787234042553193
17887,0.013561411619664046
17888,0.6818181818181818
17889,0.9651376146788991
17890,0.013561411619664046
17891,0.013561411619664046
17892,0.7614213197969543
17893,0.9651376146788991
17894,0.7083333333333334
17895,0.17883211678832117
17896,0.1868421052631579
17897,0.07505070993914807
17898,0.26011560693641617
17899,0.013561411619664046
17900,0.013561411619664046
17901,0.013561411619664046
17902,0.0449582530507386
17903,0.013561411619664046
17904,0.1868421052631579
17905,0.9131578947368421
17906,0.013561411619664046
17907,0.013561411619664046
17908,0.9651376146788991
17909,0.0449582530507386
17910,0.0449582530507386
17911,0.37349397590361444
17912,0.7730061349693251
17913,0.013561411619664046
17914,0.6818181818181818
17915,0.013561411619664046
17916,0.013561411619664046
17917,0.029787234042553193
17918,0.013561411619664046
17919,0.013561411619664046
17920,0.013561411619664046
17921,0.17883211678832117
17922,0.2
17923,0.013561411619664046
17924,0.1868421052631579
17925,0.013561411619664046
17926,0.013561411619664046
17927,0.013561411619664046
17928,0.17883211678832117
17929,0.0449582530507386
17930,0.6713286713286714
17931,0.5194805194805194
17932,0.6818181818181818
17933,0.013561411619664046
17934,0.013561411619664046
17935,0.0
17936,0.013561411619664046
17937,0.6713286713286714
17938,0.0449582530507386
17939,0.1288244766505636
17940,0.12332439678284182
17941,0.18895348837209303
17942,0.013561411619664046
17943,0.18895348837209303
17944,0.9131578947368421
17945,0.6565656565656566
17946,0.013561411619664046
17947,0.07505070993914807
17948,0.14285714285714285
17949,0.013561411619664046
17950,0.013561411619664046
17951,0.1288244766505636
17952,0.013561411619664046
17953,0.7614213197969543
17954,0.0449582530507386
17955,0.013561411619664046
17956,0.013561411619664046
17957,0.013561411619664046
17958,0.1288244766505636
17959,0.37142857142857144
17960,0.9651376146788991
17961,0.013561411619664046
17962,0.013561411619664046
17963,0.7892561983471075
17964,0.013561411619664046
17965,0.013561411619664046
17966,0.1288244766505636
17967,0.07505070993914807
17968,0.013561411619664046
17969,0.013561411619664046
17970,0.1288244766505636
17971,0.013561411619664046
17972,0.17883211678832117
17973,0.013561411619664046
17974,0.013561411619664046
17975,0.013561411619664046
17976,0.013561411619664046
17977,0.013561411619664046
17978,0.013561411619664046
17979,0.013561411619664046
17980,0.013561411619664046
17981,0.6713286713286714
17982,0.013561411619664046
17983,0.013561411619664046
17984,0.013561411619664046
17985,0.26011560693641617
17986,0.013561411619664046
17987,0.013561411619664046
17988,0.07505070993914807
17989,0.013561411619664046
17990,0.013561411619664046
17991,0.013561411619664046
17992,0.013561411619664046
17993,0.0449582530507386
17994,0.013561411619664046
17995,0.013561411619664046
17996,0.2
17997,0.1868421052631579
17998,0.013561411619664046
17999,0.9131578947368421
18000,0.013561411619664046
18001,0.8241758241758241
18002,0.14285714285714285
18003,0.013561411619664046
18004,0.013561411619664046
18005,0.14285714285714285
18006,0.26011560693641617
18007,0.013561411619664046
18008,0.1868421052631579
18009,0.013561411619664046
18010,0.1288244766505636
18011,0.013561411619664046
18012,0.013561411619664046
18013,0.1868421052631579
18014,0.0449582530507386
18015,0.029787234042553193
18016,0.013561411619664046
18017,0.013561411619664046
18018,0.07505070993914807
18019,0.1288244766505636
18020,0.013561411619664046
18021,0.38181818181818183
18022,0.26011560693641617
18023,0.1288244766505636
18024,0.9131578947368421
18025,0.029787234042553193
18026,0.0449582530507386
18027,0.0449582530507386
18028,0.029787234042553193
18029,0.8461538461538461
18030,0.013561411619664046
18031,0.013561411619664046
18032,0.013561411619664046
18033,0.7
18034,0.12332439678284182
18035,0.1288244766505636
18036,0.013561411619664046
18037,0.013561411619664046
18038,0.013561411619664046
18039,0.1288244766505636
18040,0.17883211678832117
18041,0.12332439678284182
18042,0.9131578947368421
18043,0.013561411619664046
18044,0.0449582530507386
18045,0.013561411619664046
18046,0.0449582530507386
18047,0.12332439678284182
18048,0.013561411619664046
18049,0.013561411619664046
18050,0.2
18051,0.013561411619664046
18052,0.013561411619664046
18053,0.9651376146788991
18054,0.013561411619664046
18055,0.6713286713286714
18056,0.013561411619664046
18057,0.013561411619664046
18058,0.013561411619664046
18059,0.12332439678284182
18060,0.18895348837209303
18061,0.013561411619664046
18062,0.013561411619664046
18063,0.0449582530507386
18064,0.0449582530507386
18065,0.8241758241758241
18066,0.013561411619664046
18067,0.1868421052631579
18068,0.013561411619664046
18069,0.013561411619664046
18070,0.1288244766505636
18071,0.013561411619664046
18072,0.9131578947368421
18073,0.9131578947368421
18074,0.013561411619664046
18075,0.013561411619664046
18076,0.013561411619664046
18077,0.013561411619664046
18078,0.013561411619664046
18079,0.013561411619664046
18080,0.013561411619664046
18081,0.013561411619664046
18082,0.0449582530507386
18083,0.013561411619664046
18084,0.38181818181818183
18085,0.013561411619664046
18086,0.9651376146788991
18087,0.26011560693641617
18088,0.8421052631578947
18089,0.013561411619664046
18090,0.013561411619664046
18091,0.9651376146788991
18092,0.6
18093,0.029787234042553193
18094,0.6818181818181818
18095,0.0449582530507386
18096,0.013561411619664046
18097,0.013561411619664046
18098,0.013561411619664046
18099,0.0449582530507386
18100,0.6565656565656566
18101,0.7730061349693251
18102,0.013561411619664046
18103,0.18340611353711792
18104,0.013561411619664046
18105,0.013561411619664046
18106,0.38181818181818183
18107,0.013561411619664046
18108,0.013561411619664046
18109,0.17883211678832117
18110,0.0449582530507386
18111,0.2
18112,0.07505070993914807
18113,0.013561411619664046
18114,0.013561411619664046
18115,0.07505070993914807
18116,0.013561411619664046
18117,0.013561411619664046
18118,0.013561411619664046
18119,0.013561411619664046
18120,0.013561411619664046
18121,0.013561411619664046
18122,0.013561411619664046
18123,0.013561411619664046
18124,0.12332439678284182
18125,0.0449582530507386
18126,0.0449582530507386
18127,0.7614213197969543
18128,0.013561411619664046
18129,0.013561411619664046
18130,0.18895348837209303
18131,0.013561411619664046
18132,0.013561411619664046
18133,0.013561411619664046
18134,0.013561411619664046
18135,0.013561411619664046
18136,0.9651376146788991
18137,0.9131578947368421
18138,0.17883211678832117
18139,0.013561411619664046
18140,0.0449582530507386
18141,0.013561411619664046
18142,0.013561411619664046
18143,0.9651376146788991
18144,0.013561411619664046
18145,0.013561411619664046
18146,0.38275862068965516
18147,0.013561411619664046
18148,0.38275862068965516
18149,0.013561411619664046
18150,0.013561411619664046
18151,0.07505070993914807
18152,0.013561411619664046
18153,0.013561411619664046
18154,0.013561411619664046
18155,0.7730061349693251
18156,0.013561411619664046
18157,0.18895348837209303
18158,0.7892561983471075
18159,0.0449582530507386
18160,0.8241758241758241
18161,0.013561411619664046
18162,0.013561411619664046
18163,0.013561411619664046
18164,0.38181818181818183
18165,0.0449582530507386
18166,0.0449582530507386
18167,0.8241758241758241
18168,0.17883211678832117
18169,0.013561411619664046
18170,0.9131578947368421
18171,0.9651376146788991
18172,0.1288244766505636
18173,0.013561411619664046
18174,0.0449582530507386
18175,0.013561411619664046
18176,0.9651376146788991
18177,0.6713286713286714
18178,0.0449582530507386
18179,0.1288244766505636
18180,0.9651376146788991
18181,0.18895348837209303
18182,0.013561411619664046
18183,0.07505070993914807
18184,0.013561411619664046
18185,0.37349397590361444
18186,0.013561411619664046
18187,0.013561411619664046
18188,0.8421052631578947
18189,0.1288244766505636
18190,0.9131578947368421
18191,0.013561411619664046
18192,0.8241758241758241
18193,0.013561411619664046
18194,0.013561411619664046
18195,0.9651376146788991
18196,0.013561411619664046
18197,0.013561411619664046
18198,0.7892561983471075
18199,0.013561411619664046
18200,0.38275862068965516
18201,0.5194805194805194
18202,0.6713286713286714
18203,0.38275862068965516
18204,0.0449582530507386
18205,0.029787234042553193
18206,0.1288244766505636
18207,0.12332439678284182
18208,0.013561411619664046
18209,0.013561411619664046
18210,0.013561411619664046
18211,0.07505070993914807
18212,0.013561411619664046
18213,0.17883211678832117
18214,0.6818181818181818
18215,0.013561411619664046
18216,0.38275862068965516
18217,0.38181818181818183
18218,0.1288244766505636
18219,0.013561411619664046
18220,0.38181818181818183
18221,0.18895348837209303
18222,0.013561411619664046
18223,0.5194805194805194
18224,0.9131578947368421
18225,0.029787234042553193
18226,0.6818181818181818
18227,0.013561411619664046
18228,0.013561411619664046
18229,0.9131578947368421
18230,0.013561411619664046
18231,0.9131578947368421
18232,0.9131578947368421
18233,0.38275862068965516
18234,0.7892561983471075
18235,0.6818181818181818
18236,0.013561411619664046
18237,0.18340611353711792
18238,0.013561411619664046
18239,0.0449582530507386
18240,0.18895348837209303
18241,0.7730061349693251
18242,0.013561411619664046
18243,0.1288244766505636
18244,0.7083333333333334
18245,0.0449582530507386
18246,0.07505070993914807
18247,0.18895348837209303
18248,0.26011560693641617
18249,0.07505070993914807
18250,0.013561411619664046
18251,0.013561411619664046
18252,0.013561411619664046
18253,0.7614213197969543
18254,0.2
18255,0.9131578947368421
18256,0.013561411619664046
18257,0.013561411619664046
18258,0.1868421052631579
18259,0.013561411619664046
18260,0.013561411619664046
18261,0.013561411619664046
18262,0.0449582530507386
18263,0.18895348837209303
18264,0.013561411619664046
18265,0.7892561983471075
18266,0.5194805194805194
18267,0.6
18268,0.013561411619664046
18269,0.7892561983471075
18270,0.0449582530507386
18271,0.013561411619664046
18272,0.6
18273,0.013561411619664046
18274,0.013561411619664046
18275,0.013561411619664046
18276,0.7892561983471075
18277,0.013561411619664046
18278,0.013561411619664046
18279,0.013561411619664046
18280,0.013561411619664046
18281,0.07505070993914807
18282,0.013561411619664046
18283,0.1288244766505636
18284,0.013561411619664046
18285,0.013561411619664046
18286,0.1288244766505636
18287,0.013561411619664046
18288,0.013561411619664046
18289,0.38275862068965516
18290,0.013561411619664046
18291,0.013561411619664046
18292,0.0449582530507386
18293,0.0449582530507386
18294,0.029787234042553193
18295,0.07505070993914807
18296,0.9131578947368421
18297,0.013561411619664046
18298,0.013561411619664046
18299,0.1288244766505636
18300,0.013561411619664046
18301,0.013561411619664046
18302,0.7614213197969543
18303,0.013561411619664046
18304,0.013561411619664046
18305,0.7730061349693251
18306,0.013561411619664046
18307,0.0449582530507386
18308,0.9131578947368421
18309,0.013561411619664046
18310,0.013561411619664046
18311,0.17883211678832117
18312,0.013561411619664046
18313,0.013561411619664046
18314,0.12332439678284182
18315,0.12332439678284182
18316,0.013561411619664046
18317,0.0449582530507386
18318,0.013561411619664046
18319,0.013561411619664046
18320,0.029787234042553193
18321,0.38275862068965516
18322,0.7730061349693251
18323,0.013561411619664046
18324,0.7614213197969543
18325,0.7892561983471075
18326,0.07505070993914807
18327,0.0449582530507386
18328,0.013561411619664046
18329,0.12332439678284182
18330,0.013561411619664046
18331,0.2
18332,0.013561411619664046
18333,0.0449582530507386
18334,0.013561411619664046
18335,0.07505070993914807
18336,0.0449582530507386
18337,0.7892561983471075
18338,0.013561411619664046
18339,0.013561411619664046
18340,0.18340611353711792
18341,0.12332439678284182
18342,0.0449582530507386
18343,0.013561411619664046
18344,0.9651376146788991
18345,0.7892561983471075
18346,0.013561411619664046
18347,0.013561411619664046
18348,0.013561411619664046
18349,0.013561411619664046
18350,0.6713286713286714
18351,0.013561411619664046
18352,0.07505070993914807
18353,0.013561411619664046
18354,0.013561411619664046
18355,0.029787234042553193
18356,0.0449582530507386
18357,0.8241758241758241
18358,0.18895348837209303
18359,0.013561411619664046
18360,0.013561411619664046
18361,0.7892561983471075
18362,0.013561411619664046
18363,0.013561411619664046
18364,0.5194805194805194
18365,0.9651376146788991
18366,0.5660377358490566
18367,0.013561411619664046
18368,0.013561411619664046
18369,0.013561411619664046
18370,0.1288244766505636
18371,0.7892561983471075
18372,0.013561411619664046
18373,0.0449582530507386
18374,0.013561411619664046
18375,0.38275862068965516
18376,0.0449582530507386
18377,0.013561411619664046
18378,0.18895348837209303
18379,0.013561411619664046
18380,0.6818181818181818
18381,0.9651376146788991
18382,0.24691358024691357
18383,0.26011560693641617
18384,0.013561411619664046
18385,0.013561411619664046
18386,0.9651376146788991
18387,0.8241758241758241
18388,0.0449582530507386
18389,0.013561411619664046
18390,0.18340611353711792
18391,0.38181818181818183
18392,0.1288244766505636
18393,0.1868421052631579
18394,0.013561411619664046
18395,0.18340611353711792
18396,0.6713286713286714
18397,0.013561411619664046
18398,0.9651376146788991
18399,0.18895348837209303
18400,0.1288244766505636
18401,0.013561411619664046
18402,0.0
18403,0.7083333333333334
18404,0.013561411619664046
18405,0.0449582530507386
18406,0.8461538461538461
18407,0.013561411619664046
18408,0.8241758241758241
18409,0.013561411619664046
18410,0.013561411619664046
18411,0.013561411619664046
18412,0.013561411619664046
18413,0.6565656565656566
18414,0.1868421052631579
18415,0.013561411619664046
18416,0.0449582530507386
18417,0.013561411619664046
18418,0.8241758241758241
18419,0.6565656565656566
18420,0.013561411619664046
18421,0.9651376146788991
18422,0.013561411619664046
18423,0.07505070993914807
18424,0.5194805194805194
18425,0.7892561983471075
18426,0.013561411619664046
18427,0.9651376146788991
18428,0.013561411619664046
18429,0.013561411619664046
18430,0.7892561983471075
18431,0.013561411619664046
18432,0.013561411619664046
18433,0.0449582530507386
18434,0.013561411619664046
18435,0.38275862068965516
18436,0.18340611353711792
18437,0.013561411619664046
18438,0.0449582530507386
18439,0.013561411619664046
18440,0.1868421052631579
18441,0.18895348837209303
18442,0.0449582530507386
18443,0.0449582530507386
18444,0.013561411619664046
18445,0.9131578947368421
18446,0.9131578947368421
18447,0.013561411619664046
18448,0.7614213197969543
18449,0.013561411619664046
18450,0.07505070993914807
18451,0.013561411619664046
18452,0.9131578947368421
18453,0.013561411619664046
18454,0.9131578947368421
18455,0.24691358024691357
18456,0.0449582530507386
18457,0.0449582530507386
18458,0.9651376146788991
18459,0.6818181818181818
18460,0.013561411619664046
18461,0.07505070993914807
18462,0.0449582530507386
18463,0.013561411619664046
18464,0.013561411619664046
18465,0.013561411619664046
18466,0.0449582530507386
18467,0.013561411619664046
18468,0.38275862068965516
18469,0.013561411619664046
18470,0.26011560693641617
18471,0.9131578947368421
18472,0.013561411619664046
18473,0.013561411619664046
18474,0.013561411619664046
18475,0.013561411619664046
18476,0.1288244766505636
18477,0.013561411619664046
18478,0.9651376146788991
18479,0.013561411619664046
18480,0.9131578947368421
18481,0.013561411619664046
18482,0.9131578947368421
18483,0.029787234042553193
18484,0.07505070993914807
18485,0.9651376146788991
18486,0.0449582530507386
18487,0.013561411619664046
18488,0.9131578947368421
18489,0.013561411619664046
18490,0.013561411619664046
18491,0.013561411619664046
18492,0.9131578947368421
18493,0.1868421052631579
18494,0.38181818181818183
18495,0.9131578947368421
18496,0.12332439678284182
18497,0.013561411619664046
18498,0.7614213197969543
18499,0.013561411619664046
18500,0.0
18501,0.7730061349693251
18502,0.0449582530507386
18503,0.013561411619664046
18504,0.013561411619664046
18505,0.013561411619664046
18506,0.013561411619664046
18507,0.0449582530507386
18508,0.013561411619664046
18509,0.013561411619664046
18510,0.1868421052631579
18511,0.013561411619664046
18512,0.0449582530507386
18513,0.7892561983471075
18514,0.013561411619664046
18515,0.029787234042553193
18516,0.0449582530507386
18517,0.013561411619664046
18518,0.013561411619664046
18519,0.013561411619664046
18520,0.013561411619664046
18521,0.013561411619664046
18522,0.013561411619664046
18523,0.013561411619664046
18524,0.013561411619664046
18525,0.029787234042553193
18526,0.18895348837209303
18527,0.9651376146788991
18528,0.013561411619664046
18529,0.013561411619664046
18530,0.013561411619664046
18531,0.013561411619664046
18532,0.013561411619664046
18533,0.013561411619664046
18534,0.38275862068965516
18535,0.013561411619664046
18536,0.013561411619664046
18537,0.8421052631578947
18538,0.38275862068965516
18539,0.013561411619664046
18540,0.0449582530507386
18541,0.013561411619664046
18542,0.18895348837209303
18543,0.013561411619664046
18544,0.029787234042553193
18545,0.013561411619664046
18546,0.1288244766505636
18547,0.18895348837209303
18548,0.9131578947368421
18549,0.9651376146788991
18550,0.9131578947368421
18551,0.0449582530507386
18552,0.6713286713286714
18553,0.7614213197969543
18554,0.18895348837209303
18555,0.0449582530507386
18556,0.013561411619664046
18557,0.013561411619664046
18558,0.029787234042553193
18559,0.7892561983471075
18560,0.17883211678832117
18561,0.029787234042553193
18562,0.5194805194805194
18563,0.029787234042553193
18564,0.9651376146788991
18565,0.013561411619664046
18566,0.013561411619664046
18567,0.013561411619664046
18568,0.029787234042553193
18569,0.013561411619664046
18570,0.26011560693641617
18571,0.013561411619664046
18572,0.013561411619664046
18573,0.013561411619664046
18574,0.12332439678284182
18575,0.12332439678284182
18576,0.013561411619664046
18577,0.013561411619664046
18578,0.013561411619664046
18579,0.07505070993914807
18580,0.1288244766505636
18581,0.013561411619664046
18582,0.1868421052631579
18583,0.029787234042553193
18584,0.1868421052631579
18585,0.0449582530507386
18586,0.029787234042553193
18587,0.013561411619664046
18588,0.6
18589,0.013561411619664046
18590,0.013561411619664046
18591,0.38181818181818183
18592,0.38275862068965516
18593,0.0449582530507386
18594,0.013561411619664046
18595,0.9651376146788991
18596,0.1288244766505636
18597,0.1868421052631579
18598,0.6713286713286714
18599,0.6713286713286714
18600,0.7730061349693251
18601,0.013561411619664046
18602,0.013561411619664046
18603,0.013561411619664046
18604,0.7614213197969543
18605,0.013561411619664046
18606,0.07505070993914807
18607,0.013561411619664046
18608,0.7730061349693251
18609,0.2
18610,0.1288244766505636
18611,0.013561411619664046
18612,0.013561411619664046
18613,0.9651376146788991
18614,0.013561411619664046
18615,0.7730061349693251
18616,0.013561411619664046
18617,0.9131578947368421
18618,0.029787234042553193
18619,0.013561411619664046
18620,0.029787234042553193
18621,0.013561411619664046
18622,0.0449582530507386
18623,0.013561411619664046
18624,0.013561411619664046
18625,0.013561411619664046
18626,0.013561411619664046
18627,0.38275862068965516
18628,0.013561411619664046
18629,0.013561411619664046
18630,0.07505070993914807
18631,0.7614213197969543
18632,0.013561411619664046
18633,0.0449582530507386
18634,0.5660377358490566
18635,0.013561411619664046
18636,0.18895348837209303
18637,0.38181818181818183
18638,0.013561411619664046
18639,0.07505070993914807
18640,0.2
18641,0.013561411619664046
18642,0.6713286713286714
18643,0.013561411619664046
18644,0.013561411619664046
18645,0.013561411619664046
18646,0.26011560693641617
18647,0.013561411619664046
18648,0.013561411619664046
18649,0.013561411619664046
18650,0.1288244766505636
18651,0.07505070993914807
18652,0.013561411619664046
18653,0.013561411619664046
18654,0.17883211678832117
18655,0.013561411619664046
18656,0.013561411619664046
18657,0.013561411619664046
18658,0.0449582530507386
18659,0.18895348837209303
18660,0.013561411619664046
18661,0.013561411619664046
18662,0.013561411619664046
18663,0.1288244766505636
18664,0.013561411619664046
18665,0.0449582530507386
18666,0.18895348837209303
18667,0.013561411619664046
18668,0.013561411619664046
18669,0.013561411619664046
18670,0.1288244766505636
18671,0.013561411619664046
18672,0.9651376146788991
18673,0.6
18674,0.013561411619664046
18675,0.6818181818181818
18676,0.013561411619664046
18677,0.013561411619664046
18678,0.013561411619664046
18679,0.0449582530507386
18680,0.38181818181818183
18681,0.24691358024691357
18682,0.0449582530507386
18683,0.013561411619664046
18684,0.9651376146788991
18685,0.013561411619664046
18686,0.0449582530507386
18687,0.9131578947368421
18688,0.013561411619664046
18689,0.0449582530507386
18690,0.013561411619664046
18691,0.013561411619664046
18692,0.013561411619664046
18693,0.5194805194805194
18694,0.1288244766505636
18695,0.9651376146788991
18696,0.18340611353711792
18697,0.26011560693641617
18698,0.9651376146788991
18699,0.013561411619664046
18700,0.013561411619664046
18701,0.12332439678284182
18702,0.1288244766505636
18703,0.013561411619664046
18704,0.9131578947368421
18705,0.17883211678832117
18706,0.013561411619664046
18707,0.1288244766505636
18708,0.013561411619664046
18709,0.7730061349693251
18710,0.013561411619664046
18711,0.0449582530507386
18712,0.013561411619664046
18713,0.013561411619664046
18714,0.1288244766505636
18715,0.013561411619664046
18716,0.7614213197969543
18717,0.0449582530507386
18718,0.013561411619664046
18719,0.013561411619664046
18720,0.0449582530507386
18721,0.1288244766505636
18722,0.013561411619664046
18723,0.6818181818181818
18724,0.6
18725,0.9131578947368421
18726,0.18895348837209303
18727,0.013561411619664046
18728,0.37349397590361444
18729,0.7614213197969543
18730,0.029787234042553193
18731,0.9651376146788991
18732,0.013561411619664046
18733,0.8241758241758241
18734,0.013561411619664046
18735,0.17883211678832117
18736,0.17883211678832117
18737,0.1868421052631579
18738,0.013561411619664046
18739,0.013561411619664046
18740,0.013561411619664046
18741,0.013561411619664046
18742,0.5194805194805194
18743,0.1868421052631579
18744,0.013561411619664046
18745,0.013561411619664046
18746,0.18895348837209303
18747,0.8421052631578947
18748,0.9651376146788991
18749,0.24691358024691357
18750,0.013561411619664046
18751,0.07505070993914807
18752,0.013561411619664046
18753,0.1288244766505636
18754,0.013561411619664046
18755,0.013561411619664046
18756,0.18895348837209303
18757,0.013561411619664046
18758,0.18895348837209303
18759,0.38181818181818183
18760,0.013561411619664046
18761,0.013561411619664046
18762,0.18895348837209303
18763,0.6
18764,0.029787234042553193
18765,0.0449582530507386
18766,0.0449582530507386
18767,0.0449582530507386
18768,0.0449582530507386
18769,0.013561411619664046
18770,0.013561411619664046
18771,0.013561411619664046
18772,0.12332439678284182
18773,0.1288244766505636
18774,0.1868421052631579
18775,0.013561411619664046
18776,0.013561411619664046
18777,0.0449582530507386
18778,0.013561411619664046
18779,0.013561411619664046
18780,0.0449582530507386
18781,0.013561411619664046
18782,0.013561411619664046
18783,0.26011560693641617
18784,0.7892561983471075
18785,0.029787234042553193
18786,0.013561411619664046
18787,0.0449582530507386
18788,0.1868421052631579
18789,0.38181818181818183
18790,0.7614213197969543
18791,0.013561411619664046
18792,0.029787234042553193
18793,0.029787234042553193
18794,0.013561411619664046
18795,0.38275862068965516
18796,0.0449582530507386
18797,0.013561411619664046
18798,0.013561411619664046
18799,0.013561411619664046
18800,0.013561411619664046
18801,0.013561411619664046
18802,0.8241758241758241
18803,0.013561411619664046
18804,0.013561411619664046
18805,0.07505070993914807
18806,0.12332439678284182
18807,0.07505070993914807
18808,0.24691358024691357
18809,0.013561411619664046
18810,0.2
18811,0.013561411619664046
18812,0.013561411619664046
18813,0.0449582530507386
18814,0.013561411619664046
18815,0.013561411619664046
18816,0.013561411619664046
18817,0.013561411619664046
18818,0.1288244766505636
18819,0.013561411619664046
18820,0.1868421052631579
18821,0.8421052631578947
18822,0.0449582530507386
18823,0.1288244766505636
18824,0.9131578947368421
18825,0.029787234042553193
18826,0.6
18827,0.5660377358490566
18828,0.013561411619664046
18829,0.013561411619664046
18830,0.18895348837209303
18831,0.9651376146788991
18832,0.7892561983471075
18833,0.013561411619664046
18834,0.6565656565656566
18835,0.1288244766505636
18836,0.6818181818181818
18837,0.37349397590361444
18838,0.18895348837209303
18839,0.17883211678832117
18840,0.013561411619664046
18841,0.013561411619664046
18842,0.013561411619664046
18843,0.013561411619664046
18844,0.17883211678832117
18845,0.17883211678832117
18846,0.0449582530507386
18847,0.6565656565656566
18848,0.013561411619664046
18849,0.013561411619664046
18850,0.7892561983471075
18851,0.029787234042553193
18852,0.1288244766505636
18853,0.9651376146788991
18854,0.18895348837209303
18855,0.07505070993914807
18856,0.013561411619664046
18857,0.18895348837209303
18858,0.013561411619664046
18859,0.013561411619664046
18860,0.6713286713286714
18861,0.013561411619664046
18862,0.013561411619664046
18863,0.0449582530507386
18864,0.18895348837209303
18865,0.013561411619664046
18866,0.013561411619664046
18867,0.013561411619664046
18868,0.013561411619664046
18869,0.0449582530507386
18870,0.0449582530507386
18871,0.013561411619664046
18872,0.7892561983471075
18873,0.7614213197969543
18874,0.013561411619664046
18875,0.0449582530507386
18876,0.9651376146788991
18877,0.013561411619664046
18878,0.6713286713286714
18879,0.1288244766505636
18880,0.9131578947368421
18881,0.07505070993914807
18882,0.1288244766505636
18883,0.37349397590361444
18884,0.9651376146788991
18885,0.6565656565656566
18886,0.9651376146788991
18887,0.013561411619664046
18888,0.013561411619664046
18889,0.013561411619664046
18890,0.26011560693641617
18891,0.013561411619664046
18892,0.013561411619664046
18893,0.013561411619664046
18894,0.07505070993914807
18895,0.26011560693641617
18896,0.7083333333333334
18897,0.07505070993914807
18898,0.013561411619664046
18899,0.0449582530507386
18900,0.013561411619664046
18901,0.1868421052631579
18902,0.013561411619664046
18903,0.013561411619664046
18904,0.013561411619664046
18905,0.013561411619664046
18906,0.07505070993914807
18907,0.013561411619664046
18908,0.013561411619664046
18909,0.9651376146788991
18910,0.1288244766505636
18911,0.18340611353711792
18912,0.6
18913,0.013561411619664046
18914,0.38275862068965516
18915,0.12332439678284182
18916,0.6818181818181818
18917,0.013561411619664046
18918,0.9651376146788991
18919,0.1868421052631579
18920,0.1288244766505636
18921,0.17883211678832117
18922,0.3125
18923,0.9651376146788991
18924,0.013561411619664046
18925,0.6
18926,0.12332439678284182
18927,0.029787234042553193
18928,0.1288244766505636
18929,0.013561411619664046
18930,0.24691358024691357
18931,0.9651376146788991
18932,0.07505070993914807
18933,0.9651376146788991
18934,0.0449582530507386
18935,0.17883211678832117
18936,0.013561411619664046
18937,0.013561411619664046
18938,0.38275862068965516
18939,0.8461538461538461
18940,0.013561411619664046
18941,0.013561411619664046
18942,0.013561411619664046
18943,0.013561411619664046
18944,0.9131578947368421
18945,0.0449582530507386
18946,0.013561411619664046
18947,0.013561411619664046
18948,0.013561411619664046
18949,0.013561411619664046
18950,0.18895348837209303
18951,0.8461538461538461
18952,0.38181818181818183
18953,0.013561411619664046
18954,0.013561411619664046
18955,0.18340611353711792
18956,0.9651376146788991
18957,0.013561411619664046
18958,0.013561411619664046
18959,0.013561411619664046
18960,0.013561411619664046
18961,0.013561411619664046
18962,0.013561411619664046
18963,0.18895348837209303
18964,0.013561411619664046
18965,0.8421052631578947
18966,0.07505070993914807
18967,0.7614213197969543
18968,0.9131578947368421
18969,0.1868421052631579
18970,0.8241758241758241
18971,0.013561411619664046
18972,0.0449582530507386
18973,0.013561411619664046
18974,0.0449582530507386
18975,0.013561411619664046
18976,0.013561411619664046
18977,0.07505070993914807
18978,0.12332439678284182
18979,0.013561411619664046
18980,0.8421052631578947
18981,0.17883211678832117
18982,0.7
18983,0.0449582530507386
18984,0.013561411619664046
18985,0.013561411619664046
18986,0.9651376146788991
18987,0.013561411619664046
18988,0.013561411619664046
18989,0.18340611353711792
18990,0.2
18991,0.013561411619664046
18992,0.9131578947368421
18993,0.013561411619664046
18994,0.18895348837209303
18995,0.1288244766505636
18996,0.6818181818181818
18997,0.7614213197969543
18998,0.1288244766505636
18999,0.18895348837209303
19000,0.1288244766505636
19001,0.07505070993914807
19002,0.013561411619664046
19003,0.013561411619664046
19004,0.9131578947368421
19005,0.1868421052631579
19006,0.26011560693641617
19007,0.013561411619664046
19008,0.9131578947368421
19009,0.07505070993914807
19010,0.013561411619664046
19011,0.029787234042553193
19012,0.013561411619664046
19013,0.013561411619664046
19014,0.8241758241758241
19015,0.013561411619664046
19016,0.1288244766505636
19017,0.0449582530507386
19018,0.029787234042553193
19019,0.013561411619664046
19020,0.0449582530507386
19021,0.07505070993914807
19022,0.013561411619664046
19023,0.013561411619664046
19024,0.7730061349693251
19025,0.013561411619664046
19026,0.38275862068965516
19027,0.18895348837209303
19028,0.1868421052631579
19029,0.013561411619664046
19030,0.0449582530507386
19031,0.013561411619664046
19032,0.013561411619664046
19033,0.0449582530507386
19034,0.029787234042553193
19035,0.013561411619664046
19036,0.0449582530507386
19037,0.013561411619664046
19038,0.12332439678284182
19039,0.013561411619664046
19040,0.24691358024691357
19041,0.0449582530507386
19042,0.013561411619664046
19043,0.013561411619664046
19044,0.0449582530507386
19045,0.9651376146788991
19046,0.013561411619664046
19047,0.7730061349693251
19048,0.013561411619664046
19049,0.1868421052631579
19050,0.0449582530507386
19051,0.18895348837209303
19052,0.8241758241758241
19053,0.013561411619664046
19054,0.013561411619664046
19055,0.7083333333333334
19056,0.1868421052631579
19057,0.029787234042553193
19058,0.6565656565656566
19059,0.013561411619664046
19060,0.0449582530507386
19061,0.013561411619664046
19062,0.013561411619664046
19063,0.013561411619664046
19064,0.07505070993914807
19065,0.1288244766505636
19066,0.6713286713286714
19067,0.013561411619664046
19068,0.029787234042553193
19069,0.013561411619664046
19070,0.1288244766505636
19071,0.8241758241758241
19072,0.2
19073,0.6713286713286714
19074,0.013561411619664046
19075,0.5194805194805194
19076,0.1288244766505636
19077,0.24691358024691357
19078,0.013561411619664046
19079,0.6713286713286714
19080,0.013561411619664046
19081,0.0449582530507386
19082,0.013561411619664046
19083,0.9131578947368421
19084,0.029787234042553193
19085,0.0449582530507386
19086,0.9131578947368421
19087,0.38275862068965516
19088,0.1288244766505636
19089,0.013561411619664046
19090,0.37349397590361444
19091,0.38275862068965516
19092,0.9651376146788991
19093,0.07505070993914807
19094,0.013561411619664046
19095,0.0449582530507386
19096,0.013561411619664046
19097,0.029787234042553193
19098,0.7892561983471075
19099,0.013561411619664046
19100,0.7892561983471075
19101,0.18340611353711792
19102,0.013561411619664046
19103,0.0449582530507386
19104,0.013561411619664046
19105,0.013561411619664046
19106,0.013561411619664046
19107,0.26011560693641617
19108,0.013561411619664046
19109,0.07505070993914807
19110,0.013561411619664046
19111,0.38275862068965516
19112,0.013561411619664046
19113,0.07505070993914807
19114,0.12332439678284182
19115,0.1868421052631579
19116,0.0449582530507386
19117,0.07505070993914807
19118,0.013561411619664046
19119,0.45714285714285713
19120,0.013561411619664046
19121,0.0449582530507386
19122,0.013561411619664046
19123,0.013561411619664046
19124,0.013561411619664046
19125,0.013561411619664046
19126,0.1288244766505636
19127,0.013561411619664046
19128,0.013561411619664046
19129,0.029787234042553193
19130,0.9131578947368421
19131,0.2
19132,0.6
19133,0.013561411619664046
19134,0.013561411619664046
19135,0.7892561983471075
19136,0.38275862068965516
19137,0.013561411619664046
19138,0.013561411619664046
19139,0.013561411619664046
19140,0.12332439678284182
19141,0.1288244766505636
19142,0.7892561983471075
19143,0.18895348837209303
19144,0.75
19145,0.013561411619664046
19146,0.013561411619664046
19147,0.013561411619664046
19148,0.1868421052631579
19149,0.0449582530507386
19150,0.013561411619664046
19151,0.013561411619664046
19152,0.7892561983471075
19153,0.9651376146788991
19154,0.07505070993914807
19155,0.12332439678284182
19156,0.38181818181818183
19157,0.0449582530507386
19158,0.013561411619664046
19159,0.1288244766505636
19160,0.9131578947368421
19161,0.38275862068965516
19162,0.07505070993914807
19163,0.029787234042553193
19164,0.013561411619664046
19165,0.013561411619664046
19166,0.013561411619664046
19167,0.0449582530507386
19168,0.6818181818181818
19169,0.18895348837209303
19170,0.7730061349693251
19171,0.07505070993914807
19172,0.18895348837209303
19173,0.0449582530507386
19174,0.013561411619664046
19175,0.013561411619664046
19176,0.013561411619664046
19177,0.029787234042553193
19178,0.0449582530507386
19179,0.013561411619664046
19180,0.013561411619664046
19181,0.0449582530507386
19182,0.38275862068965516
19183,0.013561411619664046
19184,0.12332439678284182
19185,0.013561411619664046
19186,0.013561411619664046
19187,0.2
19188,0.38275862068965516
19189,0.013561411619664046
19190,0.0449582530507386
19191,0.0449582530507386
19192,0.7083333333333334
19193,0.013561411619664046
19194,0.1288244766505636
19195,0.013561411619664046
19196,0.8241758241758241
19197,0.013561411619664046
19198,0.1288244766505636
19199,0.9651376146788991
19200,0.9131578947368421
19201,0.013561411619664046
19202,0.8241758241758241
19203,0.029787234042553193
19204,0.029787234042553193
19205,0.0449582530507386
19206,0.013561411619664046
19207,0.9131578947368421
19208,0.013561411619664046
19209,0.9651376146788991
19210,0.9131578947368421
19211,0.18895348837209303
19212,0.9651376146788991
19213,0.013561411619664046
19214,0.0449582530507386
19215,0.38181818181818183
19216,0.013561411619664046
19217,0.029787234042553193
19218,0.6713286713286714
19219,0.013561411619664046
19220,0.6
19221,0.029787234042553193
19222,0.12332439678284182
19223,0.013561411619664046
19224,0.18895348837209303
19225,0.6
19226,0.5194805194805194
19227,0.1288244766505636
19228,0.013561411619664046
19229,0.013561411619664046
19230,0.1288244766505636
19231,0.013561411619664046
19232,0.0449582530507386
19233,0.013561411619664046
19234,0.013561411619664046
19235,0.013561411619664046
19236,0.013561411619664046
19237,0.38275862068965516
19238,0.013561411619664046
19239,0.013561411619664046
19240,0.013561411619664046
19241,0.013561411619664046
19242,0.013561411619664046
19243,0.9651376146788991
19244,0.0449582530507386
19245,0.1868421052631579
19246,0.013561411619664046
19247,0.7730061349693251
19248,0.013561411619664046
19249,0.013561411619664046
19250,0.38275862068965516
19251,0.013561411619664046
19252,0.013561411619664046
19253,0.013561411619664046
19254,0.013561411619664046
19255,0.0449582530507386
19256,0.013561411619664046
19257,0.029787234042553193
19258,0.9131578947368421
19259,0.9651376146788991
19260,0.7730061349693251
19261,0.013561411619664046
19262,0.013561411619664046
19263,0.013561411619664046
19264,0.26011560693641617
19265,0.013561411619664046
19266,0.0449582530507386
19267,0.013561411619664046
19268,0.6
19269,0.013561411619664046
19270,0.013561411619664046
19271,0.0449582530507386
19272,0.18895348837209303
19273,0.013561411619664046
19274,0.013561411619664046
19275,0.18340611353711792
19276,0.013561411619664046
19277,0.013561411619664046
19278,0.6713286713286714
19279,0.013561411619664046
19280,0.013561411619664046
19281,0.013561411619664046
19282,0.013561411619664046
19283,0.013561411619664046
19284,0.013561411619664046
19285,0.38181818181818183
19286,0.013561411619664046
19287,0.0449582530507386
19288,0.013561411619664046
19289,0.0449582530507386
19290,0.17883211678832117
19291,0.013561411619664046
19292,0.8421052631578947
19293,0.9131578947368421
19294,0.013561411619664046
19295,0.013561411619664046
19296,0.013561411619664046
19297,0.013561411619664046
19298,0.9651376146788991
19299,0.0449582530507386
19300,0.12332439678284182
19301,0.12332439678284182
19302,0.013561411619664046
19303,0.17883211678832117
19304,0.7892561983471075
19305,0.38275862068965516
19306,0.0449582530507386
19307,0.013561411619664046
19308,0.38275862068965516
19309,0.18895348837209303
19310,0.013561411619664046
19311,0.1288244766505636
19312,0.18895348837209303
19313,0.12332439678284182
19314,0.7730061349693251
19315,0.0449582530507386
19316,0.14285714285714285
19317,0.18895348837209303
19318,0.1868421052631579
19319,0.17883211678832117
19320,0.013561411619664046
19321,0.1288244766505636
19322,0.18340611353711792
19323,0.1868421052631579
19324,0.013561411619664046
19325,0.013561411619664046
19326,0.6565656565656566
19327,0.013561411619664046
19328,0.013561411619664046
19329,0.013561411619664046
19330,0.013561411619664046
19331,0.9651376146788991
19332,0.07505070993914807
19333,0.029787234042553193
19334,0.013561411619664046
19335,0.013561411619664046
19336,0.1868421052631579
19337,0.9651376146788991
19338,0.38275862068965516
19339,0.013561411619664046
19340,0.1288244766505636
19341,0.0449582530507386
19342,0.013561411619664046
19343,0.0449582530507386
19344,0.07505070993914807
19345,0.18340611353711792
19346,0.013561411619664046
19347,0.029787234042553193
19348,0.0449582530507386
19349,0.6818181818181818
19350,0.013561411619664046
19351,0.07505070993914807
19352,0.8241758241758241
19353,0.1288244766505636
19354,0.0449582530507386
19355,0.0449582530507386
19356,0.0449582530507386
19357,0.013561411619664046
19358,0.12332439678284182
19359,0.07505070993914807
19360,0.1288244766505636
19361,0.0449582530507386
19362,0.38275862068965516
19363,0.1288244766505636
19364,0.38181818181818183
19365,0.17883211678832117
19366,0.013561411619664046
19367,0.7730061349693251
19368,0.12332439678284182
19369,0.013561411619664046
19370,0.013561411619664046
19371,0.9131578947368421
19372,0.013561411619664046
19373,0.013561411619664046
19374,0.0449582530507386
19375,0.013561411619664046
19376,0.013561411619664046
19377,0.9131578947368421
19378,0.0449582530507386
19379,0.013561411619664046
19380,0.013561411619664046
19381,0.013561411619664046
19382,0.0449582530507386
19383,0.013561411619664046
19384,0.013561411619664046
19385,0.013561411619664046
19386,0.0449582530507386
19387,0.013561411619664046
19388,0.3125
19389,0.7892561983471075
19390,0.6565656565656566
19391,0.9131578947368421
19392,0.013561411619664046
19393,0.013561411619664046
19394,0.1868421052631579
19395,0.1288244766505636
19396,0.013561411619664046
19397,0.8421052631578947
19398,0.1868421052631579
19399,0.013561411619664046
19400,0.6
19401,0.07505070993914807
19402,0.013561411619664046
19403,0.17883211678832117
19404,0.013561411619664046
19405,0.013561411619664046
19406,0.6
19407,0.38275862068965516
19408,0.013561411619664046
19409,0.013561411619664046
19410,0.013561411619664046
19411,0.013561411619664046
19412,0.013561411619664046
19413,0.013561411619664046
19414,0.6818181818181818
19415,0.013561411619664046
19416,0.12332439678284182
19417,0.9651376146788991
19418,0.013561411619664046
19419,0.12332439678284182
19420,0.18340611353711792
19421,0.8461538461538461
19422,0.013561411619664046
19423,0.14285714285714285
19424,0.7614213197969543
19425,0.013561411619664046
19426,0.013561411619664046
19427,0.013561411619664046
19428,0.013561411619664046
19429,0.013561411619664046
19430,0.013561411619664046
19431,0.013561411619664046
19432,0.013561411619664046
19433,0.013561411619664046
19434,0.7730061349693251
19435,0.0449582530507386
19436,0.013561411619664046
19437,0.9651376146788991
19438,0.013561411619664046
19439,0.8461538461538461
19440,0.013561411619664046
19441,0.0449582530507386
19442,0.013561411619664046
19443,0.013561411619664046
19444,0.013561411619664046
19445,0.0449582530507386
19446,0.013561411619664046
19447,0.029787234042553193
19448,0.1868421052631579
19449,0.013561411619664046
19450,0.013561411619664046
19451,0.5194805194805194
19452,0.013561411619664046
19453,0.013561411619664046
19454,0.8241758241758241
19455,0.37349397590361444
19456,0.6
19457,0.17883211678832117
19458,0.18340611353711792
19459,0.013561411619664046
19460,0.9651376146788991
19461,0.013561411619664046
19462,0.013561411619664046
19463,0.029787234042553193
19464,0.18895348837209303
19465,0.1868421052631579
19466,0.013561411619664046
19467,0.013561411619664046
19468,0.9131578947368421
19469,0.013561411619664046
19470,0.07505070993914807
19471,0.45714285714285713
19472,0.6713286713286714
19473,0.013561411619664046
19474,0.0449582530507386
19475,0.0449582530507386
19476,0.013561411619664046
19477,0.9131578947368421
19478,0.17883211678832117
19479,0.013561411619664046
19480,0.1288244766505636
19481,0.6565656565656566
19482,0.18895348837209303
19483,0.013561411619664046
19484,0.013561411619664046
19485,0.013561411619664046
19486,0.9651376146788991
19487,0.38275862068965516
19488,0.07505070993914807
19489,0.1288244766505636
19490,0.013561411619664046
19491,0.1288244766505636
19492,0.12332439678284182
19493,0.1288244766505636
19494,0.24691358024691357
19495,0.013561411619664046
19496,0.6818181818181818
19497,0.0449582530507386
19498,0.1288244766505636
19499,0.013561411619664046
19500,0.9131578947368421
19501,0.013561411619664046
19502,0.9651376146788991
19503,0.8461538461538461
19504,0.9651376146788991
19505,0.07505070993914807
19506,0.1288244766505636
19507,0.6818181818181818
19508,0.1288244766505636
19509,0.013561411619664046
19510,0.013561411619664046
19511,0.1868421052631579
19512,0.18895348837209303
19513,0.013561411619664046
19514,0.013561411619664046
19515,0.8241758241758241
19516,0.6818181818181818
19517,0.12332439678284182
19518,0.013561411619664046
19519,0.013561411619664046
19520,0.013561411619664046
19521,0.013561411619664046
19522,0.7614213197969543
19523,0.013561411619664046
19524,0.0449582530507386
19525,0.0449582530507386
19526,0.013561411619664046
19527,0.14285714285714285
19528,0.6565656565656566
19529,0.0449582530507386
19530,0.6818181818181818
19531,0.013561411619664046
19532,0.26011560693641617
19533,0.013561411619664046
19534,0.07505070993914807
19535,0.0449582530507386
19536,0.013561411619664046
19537,0.013561411619664046
19538,0.17883211678832117
19539,0.7083333333333334
19540,0.7614213197969543
19541,0.013561411619664046
19542,0.013561411619664046
19543,0.013561411619664046
19544,0.6818181818181818
19545,0.6818181818181818
19546,0.8241758241758241
19547,0.013561411619664046
19548,0.013561411619664046
19549,0.029787234042553193
19550,0.1288244766505636
19551,0.12332439678284182
19552,0.013561411619664046
19553,0.013561411619664046
19554,0.013561411619664046
19555,0.013561411619664046
19556,0.013561411619664046
19557,0.9651376146788991
19558,0.013561411619664046
19559,0.0449582530507386
19560,0.013561411619664046
19561,0.9651376146788991
19562,0.07505070993914807
19563,0.013561411619664046
19564,0.013561411619664046
19565,0.17883211678832117
19566,0.1868421052631579
19567,0.9131578947368421
19568,0.013561411619664046
19569,0.38275862068965516
19570,0.013561411619664046
19571,0.013561411619664046
19572,0.013561411619664046
19573,0.013561411619664046
19574,0.013561411619664046
19575,0.38275862068965516
19576,0.6818181818181818
19577,0.013561411619664046
19578,0.013561411619664046
19579,0.1868421052631579
19580,0.013561411619664046
19581,0.6
19582,0.0449582530507386
19583,0.013561411619664046
19584,0.013561411619664046
19585,0.013561411619664046
19586,0.26011560693641617
19587,0.013561411619664046
19588,0.07505070993914807
19589,0.013561411619664046
19590,0.26011560693641617
19591,0.2
19592,0.013561411619664046
19593,0.9651376146788991
19594,0.013561411619664046
19595,0.1288244766505636
19596,0.0449582530507386
19597,0.07505070993914807
19598,0.013561411619664046
19599,0.013561411619664046
19600,0.013561411619664046
19601,0.9131578947368421
19602,0.9131578947368421
19603,0.9651376146788991
19604,0.013561411619664046
19605,0.38181818181818183
19606,0.1868421052631579
19607,0.013561411619664046
19608,0.0449582530507386
19609,0.12332439678284182
19610,0.24691358024691357
19611,0.38275862068965516
19612,0.18895348837209303
19613,0.013561411619664046
19614,0.0449582530507386
19615,0.013561411619664046
19616,0.013561411619664046
19617,0.013561411619664046
19618,0.8461538461538461
19619,0.12332439678284182
19620,0.07505070993914807
19621,0.07505070993914807
19622,0.7892561983471075
19623,0.013561411619664046
19624,0.1288244766505636
19625,0.029787234042553193
19626,0.7730061349693251
19627,0.0449582530507386
19628,0.18340611353711792
19629,0.029787234042553193
19630,0.013561411619664046
19631,0.6818181818181818
19632,0.38275862068965516
19633,0.013561411619664046
19634,0.0449582530507386
19635,0.013561411619664046
19636,0.12332439678284182
19637,0.6818181818181818
19638,0.013561411619664046
19639,0.013561411619664046
19640,0.0449582530507386
19641,0.013561411619664046
19642,0.013561411619664046
19643,0.013561411619664046
19644,0.013561411619664046
19645,0.07505070993914807
19646,0.0449582530507386
19647,0.013561411619664046
19648,0.013561411619664046
19649,0.12332439678284182
19650,0.013561411619664046
19651,0.013561411619664046
19652,0.0449582530507386
19653,0.013561411619664046
19654,0.9131578947368421
19655,0.029787234042553193
19656,0.0449582530507386
19657,0.013561411619664046
19658,0.9651376146788991
19659,0.013561411619664046
19660,0.18895348837209303
19661,0.38181818181818183
19662,0.1868421052631579
19663,0.013561411619664046
19664,0.5660377358490566
19665,0.013561411619664046
19666,0.013561411619664046
19667,0.013561411619664046
19668,0.013561411619664046
19669,0.013561411619664046
19670,0.1868421052631579
19671,0.18895348837209303
19672,0.0449582530507386
19673,0.013561411619664046
19674,0.18340611353711792
19675,0.6713286713286714
19676,0.12332439678284182
19677,0.013561411619664046
19678,0.013561411619664046
19679,0.013561411619664046
19680,0.013561411619664046
19681,0.6818181818181818
19682,0.9651376146788991
19683,0.07505070993914807
19684,0.013561411619664046
19685,0.6818181818181818
19686,0.013561411619664046
19687,0.1288244766505636
19688,0.013561411619664046
19689,0.0449582530507386
19690,0.7892561983471075
19691,0.07505070993914807
19692,0.9651376146788991
19693,0.013561411619664046
19694,0.013561411619664046
19695,0.07505070993914807
19696,0.013561411619664046
19697,0.38181818181818183
19698,0.013561411619664046
19699,0.37349397590361444
19700,0.013561411619664046
19701,0.013561411619664046
19702,0.6818181818181818
19703,0.013561411619664046
19704,0.1288244766505636
19705,0.18895348837209303
19706,0.8241758241758241
19707,0.013561411619664046
19708,0.013561411619664046
19709,0.013561411619664046
19710,0.013561411619664046
19711,0.9651376146788991
19712,0.013561411619664046
19713,0.013561411619664046
19714,0.38275862068965516
19715,0.07505070993914807
19716,0.013561411619664046
19717,0.18895348837209303
19718,0.013561411619664046
19719,0.013561411619664046
19720,0.2
19721,0.013561411619664046
19722,0.7892561983471075
19723,0.9131578947368421
19724,0.013561411619664046
19725,0.37349397590361444
19726,0.013561411619664046
19727,0.07505070993914807
19728,0.07505070993914807
19729,0.013561411619664046
19730,0.013561411619664046
19731,0.37349397590361444
19732,0.1288244766505636
19733,0.013561411619664046
19734,0.17883211678832117
19735,0.013561411619664046
19736,0.07505070993914807
19737,0.9651376146788991
19738,0.7614213197969543
19739,0.38181818181818183
19740,0.013561411619664046
19741,0.013561411619664046
19742,0.013561411619664046
19743,0.6565656565656566
19744,0.013561411619664046
19745,0.0449582530507386
19746,0.0449582530507386
19747,0.0449582530507386
19748,0.013561411619664046
19749,0.013561411619664046
19750,0.0449582530507386
19751,0.6
19752,0.0449582530507386
19753,0.013561411619664046
19754,0.24691358024691357
19755,0.013561411619664046
19756,0.013561411619664046
19757,0.0449582530507386
19758,0.8241758241758241
19759,0.1868421052631579
19760,0.0449582530507386
19761,0.013561411619664046
19762,0.013561411619664046
19763,0.013561411619664046
19764,0.7730061349693251
19765,0.013561411619664046
19766,0.9651376146788991
19767,0.18340611353711792
19768,0.9651376146788991
19769,0.013561411619664046
19770,0.0449582530507386
19771,0.013561411619664046
19772,0.013561411619664046
19773,0.18340611353711792
19774,0.9651376146788991
19775,0.013561411619664046
19776,0.013561411619664046
19777,0.18340611353711792
19778,0.12332439678284182
19779,0.0449582530507386
19780,0.013561411619664046
19781,0.17883211678832117
19782,0.0449582530507386
19783,0.013561411619664046
19784,0.1868421052631579
19785,0.013561411619664046
19786,0.013561411619664046
19787,0.013561411619664046
19788,0.0449582530507386
19789,0.013561411619664046
19790,0.9131578947368421
19791,0.6
19792,0.013561411619664046
19793,0.18340611353711792
19794,0.9651376146788991
19795,0.013561411619664046
19796,0.0449582530507386
19797,0.1868421052631579
19798,0.013561411619664046
19799,0.9651376146788991
19800,0.013561411619664046
19801,0.013561411619664046
19802,0.013561411619664046
19803,0.75
19804,0.8421052631578947
19805,0.0449582530507386
19806,0.013561411619664046
19807,0.0449582530507386
19808,0.013561411619664046
19809,0.013561411619664046
19810,0.029787234042553193
19811,0.013561411619664046
19812,0.013561411619664046
19813,0.013561411619664046
19814,0.0449582530507386
19815,0.07505070993914807
19816,0.07505070993914807
19817,0.013561411619664046
19818,0.013561411619664046
19819,0.013561411619664046
19820,0.013561411619664046
19821,0.013561411619664046
19822,0.013561411619664046
19823,0.013561411619664046
19824,0.07505070993914807
19825,0.1288244766505636
19826,0.1868421052631579
19827,0.1868421052631579
19828,0.013561411619664046
19829,0.6818181818181818
19830,0.013561411619664046
19831,0.013561411619664046
19832,0.07505070993914807
19833,0.5194805194805194
19834,0.013561411619664046
19835,0.6
19836,0.013561411619664046
19837,0.013561411619664046
19838,0.013561411619664046
19839,0.07505070993914807
19840,0.18895348837209303
19841,0.6
19842,0.013561411619664046
19843,0.18895348837209303
19844,0.0449582530507386
19845,0.6
19846,0.013561411619664046
19847,0.013561411619664046
19848,0.1288244766505636
19849,0.0449582530507386
19850,0.013561411619664046
19851,0.013561411619664046
19852,0.12332439678284182
19853,0.1288244766505636
19854,0.9651376146788991
19855,0.0449582530507386
19856,0.0449582530507386
19857,0.6818181818181818
19858,0.1288244766505636
19859,0.7083333333333334
19860,0.7892561983471075
19861,0.9651376146788991
19862,0.12332439678284182
19863,0.5194805194805194
19864,0.013561411619664046
19865,0.013561411619664046
19866,0.12332439678284182
19867,0.013561411619664046
19868,0.013561411619664046
19869,0.013561411619664046
19870,0.12332439678284182
19871,0.1868421052631579
19872,0.029787234042553193
19873,0.26011560693641617
19874,0.013561411619664046
19875,0.1868421052631579
19876,0.013561411619664046
19877,0.07505070993914807
19878,0.013561411619664046
19879,0.013561411619664046
19880,0.013561411619664046
19881,0.0449582530507386
19882,0.013561411619664046
19883,0.0449582530507386
19884,0.07505070993914807
19885,0.9651376146788991
19886,0.0449582530507386
19887,0.013561411619664046
19888,0.7614213197969543
19889,0.38275862068965516
19890,0.013561411619664046
19891,0.37349397590361444
19892,0.18340611353711792
19893,0.0449582530507386
19894,0.013561411619664046
19895,0.6713286713286714
19896,0.013561411619664046
19897,0.6713286713286714
19898,0.013561411619664046
19899,0.0449582530507386
19900,0.24691358024691357
19901,0.1288244766505636
19902,0.013561411619664046
19903,0.07505070993914807
19904,0.013561411619664046
19905,0.013561411619664046
19906,0.0449582530507386
19907,0.013561411619664046
19908,0.013561411619664046
19909,0.1288244766505636
19910,0.7730061349693251
19911,0.6565656565656566
19912,0.013561411619664046
19913,0.013561411619664046
19914,0.12332439678284182
19915,0.18340611353711792
19916,0.013561411619664046
19917,0.013561411619664046
19918,0.013561411619664046
19919,0.013561411619664046
19920,0.013561411619664046
19921,0.0449582530507386
19922,0.26011560693641617
19923,0.0449582530507386
19924,0.18340611353711792
19925,0.17883211678832117
19926,0.18340611353711792
19927,0.37142857142857144
19928,0.013561411619664046
19929,0.2
19930,0.0449582530507386
19931,0.013561411619664046
19932,0.07505070993914807
19933,0.013561411619664046
19934,0.029787234042553193
19935,0.12332439678284182
19936,0.013561411619664046
19937,0.1288244766505636
19938,0.013561411619664046
19939,0.013561411619664046
19940,0.013561411619664046
19941,0.013561411619664046
19942,0.013561411619664046
19943,0.013561411619664046
19944,0.013561411619664046
19945,0.0449582530507386
19946,0.013561411619664046
19947,0.013561411619664046
19948,0.07505070993914807
19949,0.013561411619664046
19950,0.1288244766505636
19951,0.7
19952,0.013561411619664046
19953,0.17883211678832117
19954,0.013561411619664046
19955,0.0449582530507386
19956,0.38275862068965516
19957,0.013561411619664046
19958,0.013561411619664046
19959,0.013561411619664046
19960,0.0449582530507386
19961,0.013561411619664046
19962,0.12332439678284182
19963,0.013561411619664046
19964,0.013561411619664046
19965,0.013561411619664046
19966,0.2
19967,0.1868421052631579
19968,0.6818181818181818
19969,0.8241758241758241
19970,0.37349397590361444
19971,0.013561411619664046
19972,0.013561411619664046
19973,0.9651376146788991
19974,0.013561411619664046
19975,0.9651376146788991
19976,0.0449582530507386
19977,0.013561411619664046
19978,0.013561411619664046
19979,0.7730061349693251
19980,0.38275862068965516
19981,0.013561411619664046
19982,0.013561411619664046
19983,0.5660377358490566
19984,0.7730061349693251
19985,0.1868421052631579
19986,0.013561411619664046
19987,0.7614213197969543
19988,0.013561411619664046
19989,0.013561411619664046
19990,0.17883211678832117
19991,0.013561411619664046
19992,0.9651376146788991
19993,0.0449582530507386
19994,0.24691358024691357
19995,0.1288244766505636
19996,0.12332439678284182
19997,0.013561411619664046
19998,0.013561411619664046
19999,0.013561411619664046
20000,0.013561411619664046
20001,0.013561411619664046
20002,0.1288244766505636
20003,0.07505070993914807
20004,0.24691358024691357
20005,0.18340611353711792
20006,0.9651376146788991
20007,0.14285714285714285
20008,0.6565656565656566
20009,0.013561411619664046
20010,0.013561411619664046
20011,0.029787234042553193
20012,0.013561411619664046
20013,0.013561411619664046
20014,0.18895348837209303
20015,0.013561411619664046
20016,0.029787234042553193
20017,0.013561411619664046
20018,0.013561411619664046
20019,0.029787234042553193
20020,0.013561411619664046
20021,0.013561411619664046
20022,0.07505070993914807
20023,0.0449582530507386
20024,0.013561411619664046
20025,0.013561411619664046
20026,0.013561411619664046
20027,0.9651376146788991
20028,0.013561411619664046
20029,0.8241758241758241
20030,0.013561411619664046
20031,0.013561411619664046
20032,0.1868421052631579
20033,0.26011560693641617
20034,0.029787234042553193
20035,0.38275862068965516
20036,0.013561411619664046
20037,0.1288244766505636
20038,0.9651376146788991
20039,0.6565656565656566
20040,0.013561411619664046
20041,0.013561411619664046
20042,0.013561411619664046
20043,0.013561411619664046
20044,0.013561411619664046
20045,0.38181818181818183
20046,0.8241758241758241
20047,0.9651376146788991
20048,0.013561411619664046
20049,0.6818181818181818
20050,0.0
20051,0.013561411619664046
20052,0.013561411619664046
20053,0.9131578947368421
20054,0.013561411619664046
20055,0.18895348837209303
20056,0.013561411619664046
20057,0.0449582530507386
20058,0.18340611353711792
20059,0.1288244766505636
20060,0.013561411619664046
20061,0.013561411619664046
20062,0.0449582530507386
20063,0.013561411619664046
20064,0.013561411619664046
20065,0.37349397590361444
20066,0.6
20067,0.0449582530507386
20068,0.37349397590361444
20069,0.7614213197969543
20070,0.029787234042553193
20071,0.029787234042553193
20072,0.18895348837209303
20073,0.18895348837209303
20074,0.013561411619664046
20075,0.013561411619664046
20076,0.5194805194805194
20077,0.1288244766505636
20078,0.029787234042553193
20079,0.013561411619664046
20080,0.2
20081,0.6713286713286714
20082,0.0449582530507386
20083,0.18895348837209303
20084,0.9651376146788991
20085,0.013561411619664046
20086,0.013561411619664046
20087,0.013561411619664046
20088,0.013561411619664046
20089,0.013561411619664046
20090,0.17883211678832117
20091,0.18340611353711792
20092,0.013561411619664046
20093,0.18895348837209303
20094,0.26011560693641617
20095,0.6
20096,0.7730061349693251
20097,0.38181818181818183
20098,0.013561411619664046
20099,0.013561411619664046
20100,0.9651376146788991
20101,0.0449582530507386
20102,0.1868421052631579
20103,0.013561411619664046
20104,0.8241758241758241
20105,0.013561411619664046
20106,0.013561411619664046
20107,0.6818181818181818
20108,0.013561411619664046
20109,0.9131578947368421
20110,0.7614213197969543
20111,0.0449582530507386
20112,0.013561411619664046
20113,0.013561411619664046
20114,0.7892561983471075
20115,0.9131578947368421
20116,0.18340611353711792
20117,0.013561411619664046
20118,0.013561411619664046
20119,0.0449582530507386
20120,0.013561411619664046
20121,0.013561411619664046
20122,0.1868421052631579
20123,0.0449582530507386
20124,0.18895348837209303
20125,0.013561411619664046
20126,0.013561411619664046
20127,0.07505070993914807
20128,0.9651376146788991
20129,0.1288244766505636
20130,0.38275862068965516
20131,0.013561411619664046
20132,0.0449582530507386
20133,0.013561411619664046
20134,0.1868421052631579
20135,0.8461538461538461
20136,0.013561411619664046
20137,0.013561411619664046
20138,0.9651376146788991
20139,0.013561411619664046
20140,0.38181818181818183
20141,0.013561411619664046
20142,0.013561411619664046
20143,0.029787234042553193
20144,0.0449582530507386
20145,0.013561411619664046
20146,0.0449582530507386
20147,0.013561411619664046
20148,0.013561411619664046
20149,0.6818181818181818
20150,0.013561411619664046
20151,0.9651376146788991
20152,0.013561411619664046
20153,0.013561411619664046
20154,0.013561411619664046
20155,0.0449582530507386
20156,0.013561411619664046
20157,0.12332439678284182
20158,0.013561411619664046
20159,0.0449582530507386
20160,0.9651376146788991
20161,0.029787234042553193
20162,0.013561411619664046
20163,0.013561411619664046
20164,0.18895348837209303
20165,0.013561411619664046
20166,0.013561411619664046
20167,0.6818181818181818
20168,0.013561411619664046
20169,0.013561411619664046
20170,0.013561411619664046
20171,0.9131578947368421
20172,0.8241758241758241
20173,0.9651376146788991
20174,0.0449582530507386
20175,0.6565656565656566
20176,0.029787234042553193
20177,0.013561411619664046
20178,0.013561411619664046
20179,0.0449582530507386
20180,0.013561411619664046
20181,0.013561411619664046
20182,0.24691358024691357
20183,0.013561411619664046
20184,0.9131578947368421
20185,0.38275862068965516
20186,0.013561411619664046
20187,0.013561411619664046
20188,0.14285714285714285
20189,0.18895348837209303
20190,0.6818181818181818
20191,0.013561411619664046
20192,0.9131578947368421
20193,0.1288244766505636
20194,0.013561411619664046
20195,0.9131578947368421
20196,0.013561411619664046
20197,0.013561411619664046
20198,0.013561411619664046
20199,0.013561411619664046
20200,0.013561411619664046
20201,0.18340611353711792
20202,0.013561411619664046
20203,0.18895348837209303
20204,0.0449582530507386
20205,0.013561411619664046
20206,0.0449582530507386
20207,0.6713286713286714
20208,0.013561411619664046
20209,0.013561411619664046
20210,0.013561411619664046
20211,0.013561411619664046
20212,0.9651376146788991
20213,0.013561411619664046
20214,0.75
20215,0.14285714285714285
20216,0.013561411619664046
20217,0.013561411619664046
20218,0.07505070993914807
20219,0.9651376146788991
20220,0.18895348837209303
20221,0.7614213197969543
20222,0.013561411619664046
20223,0.1288244766505636
20224,0.0449582530507386
20225,0.1288244766505636
20226,0.013561411619664046
20227,0.7083333333333334
20228,0.9651376146788991
20229,0.75
20230,0.013561411619664046
20231,0.6818181818181818
20232,0.38181818181818183
20233,0.029787234042553193
20234,0.013561411619664046
20235,0.013561411619664046
20236,0.3125
20237,0.38181818181818183
20238,0.17883211678832117
20239,0.013561411619664046
20240,0.013561411619664046
20241,0.013561411619664046
20242,0.013561411619664046
20243,0.013561411619664046
20244,0.013561411619664046
20245,0.2
20246,0.9651376146788991
20247,0.013561411619664046
20248,0.013561411619664046
20249,0.7730061349693251
20250,0.0449582530507386
20251,0.013561411619664046
20252,0.013561411619664046
20253,0.013561411619664046
20254,0.1868421052631579
20255,0.0449582530507386
20256,0.7614213197969543
20257,0.9131578947368421
20258,0.38275862068965516
20259,0.7083333333333334
20260,0.013561411619664046
20261,0.38275862068965516
20262,0.0449582530507386
20263,0.38181818181818183
20264,0.1288244766505636
20265,0.1868421052631579
20266,0.9131578947368421
20267,0.7614213197969543
20268,0.029787234042553193
20269,0.1288244766505636
20270,0.0449582530507386
20271,0.1288244766505636
20272,0.013561411619664046
20273,0.0449582530507386
20274,0.12332439678284182
20275,0.013561411619664046
20276,0.7614213197969543
20277,0.7614213197969543
20278,0.0449582530507386
20279,0.45714285714285713
20280,0.013561411619664046
20281,0.07505070993914807
20282,0.013561411619664046
20283,0.6713286713286714
20284,0.013561411619664046
20285,0.9131578947368421
20286,0.013561411619664046
20287,0.013561411619664046
20288,0.013561411619664046
20289,0.9131578947368421
20290,0.013561411619664046
20291,0.013561411619664046
20292,0.7892561983471075
20293,0.7892561983471075
20294,0.013561411619664046
20295,0.12332439678284182
20296,0.1868421052631579
20297,0.07505070993914807
20298,0.013561411619664046
20299,0.9131578947368421
20300,0.1868421052631579
20301,0.013561411619664046
20302,0.9651376146788991
20303,0.013561411619664046
20304,0.17883211678832117
20305,0.013561411619664046
20306,0.013561411619664046
20307,0.07505070993914807
20308,0.18895348837209303
20309,0.18340611353711792
20310,0.013561411619664046
20311,0.013561411619664046
20312,0.013561411619664046
20313,0.013561411619664046
20314,0.6818181818181818
20315,0.9651376146788991
20316,0.0449582530507386
20317,0.013561411619664046
20318,0.0449582530507386
20319,0.9131578947368421
20320,0.9131578947368421
20321,0.0449582530507386
20322,0.18895348837209303
20323,0.013561411619664046
20324,0.9131578947368421
20325,0.013561411619664046
20326,0.013561411619664046
20327,0.0449582530507386
20328,0.013561411619664046
20329,0.1868421052631579
20330,0.7614213197969543
20331,0.8421052631578947
20332,0.7892561983471075
20333,0.2
20334,0.9651376146788991
20335,0.5660377358490566
20336,0.0449582530507386
20337,0.013561411619664046
20338,0.1868421052631579
20339,0.6818181818181818
20340,0.013561411619664046
20341,0.1288244766505636
20342,0.013561411619664046
20343,0.8461538461538461
20344,0.013561411619664046
20345,0.8461538461538461
20346,0.1288244766505636
20347,0.013561411619664046
20348,0.7614213197969543
20349,0.013561411619664046
20350,0.029787234042553193
20351,0.18895348837209303
20352,0.12332439678284182
20353,0.013561411619664046
20354,0.38275862068965516
20355,0.013561411619664046
20356,0.013561411619664046
20357,0.6818181818181818
20358,0.013561411619664046
20359,0.0449582530507386
20360,0.37349397590361444
20361,0.013561411619664046
20362,0.013561411619664046
20363,0.013561411619664046
20364,0.9651376146788991
20365,0.013561411619664046
20366,0.013561411619664046
20367,0.0449582530507386
20368,0.013561411619664046
20369,0.029787234042553193
20370,0.0449582530507386
20371,0.07505070993914807
20372,0.029787234042553193
20373,0.07505070993914807
20374,0.013561411619664046
20375,0.013561411619664046
20376,0.029787234042553193
20377,0.8421052631578947
20378,0.013561411619664046
20379,0.1868421052631579
20380,0.013561411619664046
20381,0.7892561983471075
20382,0.013561411619664046
20383,0.9651376146788991
20384,0.013561411619664046
20385,0.013561411619664046
20386,0.013561411619664046
20387,0.029787234042553193
20388,0.013561411619664046
20389,0.12332439678284182
20390,0.6818181818181818
20391,0.17883211678832117
20392,0.07505070993914807
20393,0.07505070993914807
20394,0.7730061349693251
20395,0.013561411619664046
20396,0.1288244766505636
20397,0.013561411619664046
20398,0.9651376146788991
20399,0.013561411619664046
20400,0.1288244766505636
20401,0.38181818181818183
20402,0.9651376146788991
20403,0.013561411619664046
20404,0.013561411619664046
20405,0.013561411619664046
20406,0.0449582530507386
20407,0.18895348837209303
20408,0.38181818181818183
20409,0.5194805194805194
20410,0.6713286713286714
20411,0.0449582530507386
20412,0.013561411619664046
20413,0.0449582530507386
20414,0.9651376146788991
20415,0.9131578947368421
20416,0.013561411619664046
20417,0.013561411619664046
20418,0.013561411619664046
20419,0.013561411619664046
20420,0.013561411619664046
20421,0.17883211678832117
20422,0.013561411619664046
20423,0.0449582530507386
20424,0.029787234042553193
20425,0.013561411619664046
20426,0.7892561983471075
20427,0.013561411619664046
20428,0.9651376146788991
20429,0.1288244766505636
20430,0.013561411619664046
20431,0.013561411619664046
20432,0.1288244766505636
20433,0.013561411619664046
20434,0.0449582530507386
20435,0.013561411619664046
20436,0.013561411619664046
20437,0.9131578947368421
20438,0.9131578947368421
20439,0.0449582530507386
20440,0.013561411619664046
20441,0.0449582530507386
20442,0.013561411619664046
20443,0.17883211678832117
20444,0.17883211678832117
20445,0.1288244766505636
20446,0.013561411619664046
20447,0.7614213197969543
20448,0.07505070993914807
20449,0.6565656565656566
20450,0.7892561983471075
20451,0.9651376146788991
20452,0.07505070993914807
20453,0.013561411619664046
20454,0.0449582530507386
20455,0.013561411619664046
20456,0.013561411619664046
20457,0.013561411619664046
20458,0.0449582530507386
20459,0.7614213197969543
20460,0.0
20461,0.013561411619664046
20462,0.013561411619664046
20463,0.0449582530507386
20464,0.013561411619664046
20465,0.013561411619664046
20466,0.013561411619664046
20467,0.9131578947368421
20468,0.0449582530507386
20469,0.45714285714285713
20470,0.013561411619664046
20471,0.2
20472,0.029787234042553193
20473,0.013561411619664046
20474,0.013561411619664046
20475,0.013561411619664046
20476,0.1288244766505636
20477,0.8461538461538461
20478,0.013561411619664046
20479,0.6818181818181818
20480,0.1288244766505636
20481,0.1288244766505636
20482,0.18340611353711792
20483,0.013561411619664046
20484,0.013561411619664046
20485,0.013561411619664046
20486,0.013561411619664046
20487,0.7614213197969543
20488,0.013561411619664046
20489,0.8421052631578947
20490,0.9131578947368421
20491,0.1288244766505636
20492,0.0449582530507386
20493,0.013561411619664046
20494,0.07505070993914807
20495,0.013561411619664046
20496,0.013561411619664046
20497,0.013561411619664046
20498,0.1868421052631579
20499,0.5660377358490566
20500,0.013561411619664046
20501,0.013561411619664046
20502,0.6
20503,0.37349397590361444
20504,0.013561411619664046
20505,0.9131578947368421
20506,0.013561411619664046
20507,0.07505070993914807
20508,0.45714285714285713
20509,0.9131578947368421
20510,0.0449582530507386
20511,0.013561411619664046
20512,0.9651376146788991
20513,0.6
20514,0.013561411619664046
20515,0.7614213197969543
20516,0.013561411619664046
20517,0.013561411619664046
20518,0.013561411619664046
20519,0.0449582530507386
20520,0.013561411619664046
20521,0.6818181818181818
20522,0.013561411619664046
20523,0.12332439678284182
20524,0.07505070993914807
20525,0.12332439678284182
20526,0.013561411619664046
20527,0.0449582530507386
20528,0.0449582530507386
20529,0.1868421052631579
20530,0.029787234042553193
20531,0.013561411619664046
20532,0.0449582530507386
20533,0.013561411619664046
20534,0.013561411619664046
20535,0.18340611353711792
20536,0.013561411619664046
20537,0.9131578947368421
20538,0.029787234042553193
20539,0.029787234042553193
20540,0.26011560693641617
20541,0.013561411619664046
20542,0.029787234042553193
20543,0.12332439678284182
20544,0.8241758241758241
20545,0.07505070993914807
20546,0.013561411619664046
20547,0.17883211678832117
20548,0.7892561983471075
20549,0.18340611353711792
20550,0.013561411619664046
20551,0.013561411619664046
20552,0.38275862068965516
20553,0.013561411619664046
20554,0.013561411619664046
20555,0.013561411619664046
20556,0.013561411619664046
20557,0.17883211678832117
20558,0.013561411619664046
20559,0.013561411619664046
20560,0.013561411619664046
20561,0.013561411619664046
20562,0.013561411619664046
20563,0.013561411619664046
20564,0.1288244766505636
20565,0.07505070993914807
20566,0.1288244766505636
20567,0.0449582530507386
20568,0.013561411619664046
20569,0.0449582530507386
20570,0.013561411619664046
20571,0.013561411619664046
20572,0.1288244766505636
20573,0.013561411619664046
20574,0.14285714285714285
20575,0.013561411619664046
20576,0.18895348837209303
20577,0.38275862068965516
20578,0.9131578947368421
20579,0.013561411619664046
20580,0.013561411619664046
20581,0.0449582530507386
20582,0.07505070993914807
20583,0.7614213197969543
20584,0.013561411619664046
20585,0.013561411619664046
20586,0.013561411619664046
20587,0.013561411619664046
20588,0.013561411619664046
20589,0.8421052631578947
20590,0.38181818181818183
20591,0.029787234042553193
20592,0.6818181818181818
20593,0.013561411619664046
20594,0.013561411619664046
20595,0.013561411619664046
20596,0.12332439678284182
20597,0.0449582530507386
20598,0.38181818181818183
20599,0.07505070993914807
20600,0.7083333333333334
20601,0.013561411619664046
20602,0.7614213197969543
20603,0.12332439678284182
20604,0.013561411619664046
20605,0.013561411619664046
20606,0.38275862068965516
20607,0.013561411619664046
20608,0.9651376146788991
20609,0.7892561983471075
20610,0.6713286713286714
20611,0.07505070993914807
20612,0.013561411619664046
20613,0.1288244766505636
20614,0.5660377358490566
20615,0.6713286713286714
20616,0.37349397590361444
20617,0.013561411619664046
20618,0.0449582530507386
20619,0.013561411619664046
20620,0.1288244766505636
20621,0.013561411619664046
20622,0.013561411619664046
20623,0.013561411619664046
20624,0.7614213197969543
20625,0.2
20626,0.013561411619664046
20627,0.013561411619664046
20628,0.1288244766505636
20629,0.6818181818181818
20630,0.0449582530507386
20631,0.013561411619664046
20632,0.013561411619664046
20633,0.013561411619664046
20634,0.8241758241758241
20635,0.013561411619664046
20636,0.013561411619664046
20637,0.38275862068965516
20638,0.1868421052631579
20639,0.0449582530507386
20640,0.38181818181818183
20641,0.1288244766505636
20642,0.013561411619664046
20643,0.0449582530507386
20644,0.7614213197969543
20645,0.2
20646,0.013561411619664046
20647,0.0449582530507386
20648,0.1288244766505636
20649,0.013561411619664046
20650,0.12332439678284182
20651,0.013561411619664046
20652,0.1868421052631579
20653,0.7
20654,0.38181818181818183
20655,0.013561411619664046
20656,0.8241758241758241
20657,0.17883211678832117
20658,0.013561411619664046
20659,0.9131578947368421
20660,0.17883211678832117
20661,0.013561411619664046
20662,0.013561411619664046
20663,0.1288244766505636
20664,0.013561411619664046
20665,0.013561411619664046
20666,0.07505070993914807
20667,0.013561411619664046
20668,0.013561411619664046
20669,0.07505070993914807
20670,0.6818181818181818
20671,0.013561411619664046
20672,0.9131578947368421
20673,0.1868421052631579
20674,0.013561411619664046
20675,0.013561411619664046
20676,0.029787234042553193
20677,0.0449582530507386
20678,0.013561411619664046
20679,0.013561411619664046
20680,0.6713286713286714
20681,0.013561411619664046
20682,0.38181818181818183
20683,0.8421052631578947
20684,0.013561411619664046
20685,0.0449582530507386
20686,0.013561411619664046
20687,0.013561411619664046
20688,0.6818181818181818
20689,0.8461538461538461
20690,0.013561411619664046
20691,0.013561411619664046
20692,0.38275862068965516
20693,0.1288244766505636
20694,0.013561411619664046
20695,0.013561411619664046
20696,0.013561411619664046
20697,0.9651376146788991
20698,0.013561411619664046
20699,0.013561411619664046
20700,0.013561411619664046
20701,0.6565656565656566
20702,0.0449582530507386
20703,0.8241758241758241
20704,0.013561411619664046
20705,0.18340611353711792
20706,0.013561411619664046
20707,0.013561411619664046
20708,0.1288244766505636
20709,0.0449582530507386
20710,0.26011560693641617
20711,0.1288244766505636
20712,0.17883211678832117
20713,0.7892561983471075
20714,0.8241758241758241
20715,0.013561411619664046
20716,0.0449582530507386
20717,0.18895348837209303
20718,0.1288244766505636
20719,0.013561411619664046
20720,0.1288244766505636
20721,0.12332439678284182
20722,0.1868421052631579
20723,0.013561411619664046
20724,0.0449582530507386
20725,0.013561411619664046
20726,0.013561411619664046
20727,0.9651376146788991
20728,0.18340611353711792
20729,0.013561411619664046
20730,0.013561411619664046
20731,0.12332439678284182
20732,0.0449582530507386
20733,0.9651376146788991
20734,0.0449582530507386
20735,0.6565656565656566
20736,0.013561411619664046
20737,0.3125
20738,0.6818181818181818
20739,0.013561411619664046
20740,0.013561411619664046
20741,0.7083333333333334
20742,0.013561411619664046
20743,0.013561411619664046
20744,0.38181818181818183
20745,0.7892561983471075
20746,0.013561411619664046
20747,0.013561411619664046
20748,0.013561411619664046
20749,0.013561411619664046
20750,0.38275862068965516
20751,0.9651376146788991
20752,0.013561411619664046
20753,0.38275862068965516
20754,0.1288244766505636
20755,0.12332439678284182
20756,0.1868421052631579
20757,0.029787234042553193
20758,0.0449582530507386
20759,0.1868421052631579
20760,0.013561411619664046
20761,0.07505070993914807
20762,0.37349397590361444
20763,0.013561411619664046
20764,0.9131578947368421
20765,0.0449582530507386
20766,0.12332439678284182
20767,0.7083333333333334
20768,0.013561411619664046
20769,0.013561411619664046
20770,0.013561411619664046
20771,0.1288244766505636
20772,0.013561411619664046
20773,0.013561411619664046
20774,0.0449582530507386
20775,0.013561411619664046
20776,0.07505070993914807
20777,0.013561411619664046
20778,0.0449582530507386
20779,0.8241758241758241
20780,0.9651376146788991
20781,0.013561411619664046
20782,0.12332439678284182
20783,0.6818181818181818
20784,0.013561411619664046
20785,0.013561411619664046
20786,0.9651376146788991
20787,0.013561411619664046
20788,0.5194805194805194
20789,0.6818181818181818
20790,0.0449582530507386
20791,0.8241758241758241
20792,0.013561411619664046
20793,0.013561411619664046
20794,0.013561411619664046
20795,0.1288244766505636
20796,0.7614213197969543
20797,0.17883211678832117
20798,0.013561411619664046
20799,0.07505070993914807
20800,0.7083333333333334
20801,0.38181818181818183
20802,0.18895348837209303
20803,0.6818181818181818
20804,0.1288244766505636
20805,0.0449582530507386
20806,0.5660377358490566
20807,0.013561411619664046
20808,0.029787234042553193
20809,0.38275862068965516
20810,0.1868421052631579
20811,0.0449582530507386
20812,0.18340611353711792
20813,0.013561411619664046
20814,0.0449582530507386
20815,0.7730061349693251
20816,0.18895348837209303
20817,0.013561411619664046
20818,0.013561411619664046
20819,0.013561411619664046
20820,0.3125
20821,0.8241758241758241
20822,0.1868421052631579
20823,0.013561411619664046
20824,0.013561411619664046
20825,0.2
20826,0.013561411619664046
20827,0.2
20828,0.013561411619664046
20829,0.38275862068965516
20830,0.7614213197969543
20831,0.1288244766505636
20832,0.013561411619664046
20833,0.9131578947368421
20834,0.5660377358490566
20835,0.013561411619664046
20836,0.7892561983471075
20837,0.029787234042553193
20838,0.013561411619664046
20839,0.07505070993914807
20840,0.013561411619664046
20841,0.18895348837209303
20842,0.38181818181818183
20843,0.0449582530507386
20844,0.013561411619664046
20845,0.9131578947368421
20846,0.013561411619664046
20847,0.0449582530507386
20848,0.013561411619664046
20849,0.013561411619664046
20850,0.0449582530507386
20851,0.12332439678284182
20852,0.9651376146788991
20853,0.0449582530507386
20854,0.013561411619664046
20855,0.0449582530507386
20856,0.45714285714285713
20857,0.5660377358490566
20858,0.9651376146788991
20859,0.013561411619664046
20860,0.1868421052631579
20861,0.013561411619664046
20862,0.1868421052631579
20863,0.18895348837209303
20864,0.013561411619664046
20865,0.0449582530507386
20866,0.013561411619664046
20867,0.013561411619664046
20868,0.9131578947368421
20869,0.013561411619664046
20870,0.013561411619664046
20871,0.013561411619664046
20872,0.013561411619664046
20873,0.0449582530507386
20874,0.8461538461538461
20875,0.14285714285714285
20876,0.18340611353711792
20877,0.1868421052631579
20878,0.0449582530507386
20879,0.013561411619664046
20880,0.013561411619664046
20881,0.0449582530507386
20882,0.6818181818181818
20883,0.0449582530507386
20884,0.013561411619664046
20885,0.0449582530507386
20886,0.26011560693641617
20887,0.013561411619664046
20888,0.18340611353711792
20889,0.0449582530507386
20890,0.18895348837209303
20891,0.0449582530507386
20892,0.18895348837209303
20893,0.7614213197969543
20894,0.013561411619664046
20895,0.0449582530507386
20896,0.8241758241758241
20897,0.013561411619664046
20898,0.1288244766505636
20899,0.17883211678832117
20900,0.0449582530507386
20901,0.013561411619664046
20902,0.1868421052631579
20903,0.6818181818181818
20904,0.013561411619664046
20905,0.013561411619664046
20906,0.1288244766505636
20907,0.013561411619664046
20908,0.013561411619664046
20909,0.013561411619664046
20910,0.17883211678832117
20911,0.5194805194805194
20912,0.013561411619664046
20913,0.9651376146788991
20914,0.26011560693641617
20915,0.12332439678284182
20916,0.013561411619664046
20917,0.0449582530507386
20918,0.0449582530507386
20919,0.013561411619664046
20920,0.0449582530507386
20921,0.013561411619664046
20922,0.7892561983471075
20923,0.013561411619664046
20924,0.9651376146788991
20925,0.0449582530507386
20926,0.9651376146788991
20927,0.029787234042553193
20928,0.1868421052631579
20929,0.18340611353711792
20930,0.013561411619664046
20931,0.013561411619664046
20932,0.013561411619664046
20933,0.013561411619664046
20934,0.07505070993914807
20935,0.0449582530507386
20936,0.9131578947368421
20937,0.013561411619664046
20938,0.013561411619664046
20939,0.013561411619664046
20940,0.38275862068965516
20941,0.013561411619664046
20942,0.013561411619664046
20943,0.07505070993914807
20944,0.6818181818181818
20945,0.013561411619664046
20946,0.9651376146788991
20947,0.013561411619664046
20948,0.0449582530507386
20949,0.18895348837209303
20950,0.029787234042553193
20951,0.0449582530507386
20952,0.8241758241758241
20953,0.18340611353711792
20954,0.0449582530507386
20955,0.07505070993914807
20956,0.013561411619664046
20957,0.0449582530507386
20958,0.029787234042553193
20959,0.8241758241758241
20960,0.1288244766505636
20961,0.013561411619664046
20962,0.0449582530507386
20963,0.013561411619664046
20964,0.1868421052631579
20965,0.013561411619664046
20966,0.37349397590361444
20967,0.18895348837209303
20968,0.0449582530507386
20969,0.013561411619664046
20970,0.013561411619664046
20971,0.013561411619664046
20972,0.013561411619664046
20973,0.013561411619664046
20974,0.013561411619664046
20975,0.18895348837209303
20976,0.013561411619664046
20977,0.45714285714285713
20978,0.18895348837209303
20979,0.0449582530507386
20980,0.26011560693641617
20981,0.0449582530507386
20982,0.013561411619664046
20983,0.013561411619664046
20984,0.013561411619664046
20985,0.013561411619664046
20986,0.013561411619664046
20987,0.9651376146788991
20988,0.7892561983471075
20989,0.1288244766505636
20990,0.5660377358490566
20991,1.0
20992,0.1288244766505636
20993,0.013561411619664046
20994,0.013561411619664046
20995,0.013561411619664046
20996,0.0449582530507386
20997,0.1288244766505636
20998,0.1868421052631579
20999,0.013561411619664046
21000,0.9651376146788991
21001,0.013561411619664046
21002,0.9131578947368421
21003,0.013561411619664046
21004,0.6
21005,0.013561411619664046
21006,0.9131578947368421
21007,0.013561411619664046
21008,0.013561411619664046
21009,0.029787234042553193
21010,0.9131578947368421
21011,0.013561411619664046
21012,0.0449582530507386
21013,0.013561411619664046
21014,0.18895348837209303
21015,0.18895348837209303
21016,0.1288244766505636
21017,0.013561411619664046
21018,0.013561411619664046
21019,0.013561411619664046
21020,0.0449582530507386
21021,0.0449582530507386
21022,0.5660377358490566
21023,0.013561411619664046
21024,0.7614213197969543
21025,0.1868421052631579
21026,0.1288244766505636
21027,0.9651376146788991
21028,0.8241758241758241
21029,0.013561411619664046
21030,0.1288244766505636
21031,0.6818181818181818
21032,0.013561411619664046
21033,0.9131578947368421
21034,0.7730061349693251
21035,0.013561411619664046
21036,0.9131578947368421
21037,0.38275862068965516
21038,0.013561411619664046
21039,0.9131578947368421
21040,0.013561411619664046
21041,0.1288244766505636
21042,0.17883211678832117
21043,0.013561411619664046
21044,0.8241758241758241
21045,0.013561411619664046
21046,0.37349397590361444
21047,0.9131578947368421
21048,0.013561411619664046
21049,0.9651376146788991
21050,0.013561411619664046
21051,0.26011560693641617
21052,0.013561411619664046
21053,0.07505070993914807
21054,0.8461538461538461
21055,0.013561411619664046
21056,0.0449582530507386
21057,0.9651376146788991
21058,0.013561411619664046
21059,0.8241758241758241
21060,0.9131578947368421
21061,0.1868421052631579
21062,0.013561411619664046
21063,0.0449582530507386
21064,0.6818181818181818
21065,0.38275862068965516
21066,0.013561411619664046
21067,0.013561411619664046
21068,0.0449582530507386
21069,0.0449582530507386
21070,0.013561411619664046
21071,0.5194805194805194
21072,0.013561411619664046
21073,0.17883211678832117
21074,0.013561411619664046
21075,0.013561411619664046
21076,0.013561411619664046
21077,0.1868421052631579
21078,0.38275862068965516
21079,0.7892561983471075
21080,0.013561411619664046
21081,0.7892561983471075
21082,0.013561411619664046
21083,0.0449582530507386
21084,0.18340611353711792
21085,0.013561411619664046
21086,0.07505070993914807
21087,0.26011560693641617
21088,0.18895348837209303
21089,0.1868421052631579
21090,0.12332439678284182
21091,0.013561411619664046
21092,0.38275862068965516
21093,0.013561411619664046
21094,0.013561411619664046
21095,0.0449582530507386
21096,0.013561411619664046
21097,0.0449582530507386
21098,0.029787234042553193
21099,0.0449582530507386
21100,0.0449582530507386
21101,0.013561411619664046
21102,0.013561411619664046
21103,0.1868421052631579
21104,0.14285714285714285
21105,0.013561411619664046
21106,0.6818181818181818
21107,0.013561411619664046
21108,0.38275862068965516
21109,0.9651376146788991
21110,0.6
21111,0.9651376146788991
21112,0.013561411619664046
21113,0.013561411619664046
21114,0.9651376146788991
21115,0.1868421052631579
21116,0.9651376146788991
21117,0.18895348837209303
21118,0.013561411619664046
21119,0.9131578947368421
21120,0.013561411619664046
21121,0.24691358024691357
21122,0.029787234042553193
21123,0.013561411619664046
21124,0.013561411619664046
21125,0.0449582530507386
21126,0.013561411619664046
21127,0.013561411619664046
21128,0.013561411619664046
21129,0.0449582530507386
21130,0.9131578947368421
21131,0.6
21132,0.07505070993914807
21133,0.0449582530507386
21134,0.013561411619664046
21135,0.9131578947368421
21136,0.029787234042553193
21137,0.013561411619664046
21138,0.013561411619664046
21139,0.013561411619664046
21140,0.8241758241758241
21141,0.013561411619664046
21142,0.013561411619664046
21143,0.1868421052631579
21144,0.013561411619664046
21145,0.013561411619664046
21146,0.013561411619664046
21147,0.6
21148,0.38275862068965516
21149,0.013561411619664046
21150,0.013561411619664046
21151,0.9131578947368421
21152,0.013561411619664046
21153,0.6
21154,0.013561411619664046
21155,0.013561411619664046
21156,0.6
21157,0.013561411619664046
21158,0.18340611353711792
21159,0.013561411619664046
21160,0.013561411619664046
21161,0.013561411619664046
21162,0.013561411619664046
21163,0.8241758241758241
21164,0.013561411619664046
21165,0.1288244766505636
21166,0.9651376146788991
21167,0.07505070993914807
21168,0.013561411619664046
21169,0.7892561983471075
21170,0.38275862068965516
21171,0.38275862068965516
21172,0.1288244766505636
21173,0.013561411619664046
21174,0.7730061349693251
21175,0.38275862068965516
21176,0.013561411619664046
21177,0.8241758241758241
21178,0.7614213197969543
21179,0.013561411619664046
21180,0.8461538461538461
21181,0.013561411619664046
21182,0.013561411619664046
21183,0.12332439678284182
21184,0.6818181818181818
21185,0.1288244766505636
21186,0.013561411619664046
21187,0.013561411619664046
21188,0.013561411619664046
21189,0.013561411619664046
21190,0.013561411619664046
21191,0.7730061349693251
21192,0.07505070993914807
21193,0.17883211678832117
21194,0.7730061349693251
21195,0.0449582530507386
21196,0.18895348837209303
21197,0.013561411619664046
21198,0.013561411619664046
21199,0.7614213197969543
21200,0.013561411619664046
21201,0.0449582530507386
21202,0.013561411619664046
21203,0.0449582530507386
21204,0.013561411619664046
21205,0.013561411619664046
21206,0.9651376146788991
21207,0.013561411619664046
21208,0.0449582530507386
21209,0.9131578947368421
21210,0.12332439678284182
21211,0.9651376146788991
21212,0.013561411619664046
21213,0.9131578947368421
21214,0.18895348837209303
21215,0.07505070993914807
21216,0.0
21217,0.1288244766505636
21218,0.013561411619664046
21219,0.013561411619664046
21220,0.1868421052631579
21221,0.013561411619664046
21222,0.013561411619664046
21223,0.12332439678284182
21224,0.26011560693641617
21225,0.013561411619664046
21226,0.0449582530507386
21227,0.013561411619664046
21228,0.9131578947368421
21229,0.9131578947368421
21230,0.2
21231,0.7892561983471075
21232,0.18340611353711792
21233,0.1288244766505636
21234,0.0449582530507386
21235,0.37142857142857144
21236,0.7730061349693251
21237,0.013561411619664046
21238,0.013561411619664046
21239,0.013561411619664046
21240,0.013561411619664046
21241,0.5194805194805194
21242,0.9131578947368421
21243,0.18895348837209303
21244,0.013561411619664046
21245,0.9651376146788991
21246,0.013561411619664046
21247,0.013561411619664046
21248,0.18340611353711792
21249,0.9651376146788991
21250,0.013561411619664046
21251,0.013561411619664046
21252,0.0449582530507386
21253,0.013561411619664046
21254,0.013561411619664046
21255,0.18340611353711792
21256,0.0449582530507386
21257,0.6713286713286714
21258,0.18895348837209303
21259,0.0449582530507386
21260,0.18895348837209303
21261,0.013561411619664046
21262,0.013561411619664046
21263,0.1868421052631579
21264,0.013561411619664046
21265,0.013561411619664046
21266,0.013561411619664046
21267,0.12332439678284182
21268,0.9651376146788991
21269,0.26011560693641617
21270,0.38275862068965516
21271,0.26011560693641617
21272,0.07505070993914807
21273,0.013561411619664046
21274,0.013561411619664046
21275,0.12332439678284182
21276,0.013561411619664046
21277,0.013561411619664046
21278,0.6818181818181818
21279,0.17883211678832117
21280,0.1288244766505636
21281,0.013561411619664046
21282,0.38275862068965516
21283,0.1868421052631579
21284,0.9651376146788991
21285,0.013561411619664046
21286,0.18340611353711792
21287,0.013561411619664046
21288,0.013561411619664046
21289,0.013561411619664046
21290,0.7614213197969543
21291,0.013561411619664046
21292,0.6713286713286714
21293,0.013561411619664046
21294,0.1288244766505636
21295,0.7083333333333334
21296,0.013561411619664046
21297,0.9131578947368421
21298,0.1288244766505636
21299,0.6818181818181818
21300,0.013561411619664046
21301,0.9131578947368421
21302,0.9651376146788991
21303,0.013561411619664046
21304,0.013561411619664046
21305,0.029787234042553193
21306,0.013561411619664046
21307,0.013561411619664046
21308,0.26011560693641617
21309,0.07505070993914807
21310,0.013561411619664046
21311,0.17883211678832117
21312,0.7
21313,0.013561411619664046
21314,0.1288244766505636
21315,0.1288244766505636
21316,0.38275862068965516
21317,0.45714285714285713
21318,0.9651376146788991
21319,0.013561411619664046
21320,0.013561411619664046
21321,0.013561411619664046
21322,0.013561411619664046
21323,0.9651376146788991
21324,0.013561411619664046
21325,0.013561411619664046
21326,0.6
21327,0.013561411619664046
21328,0.013561411619664046
21329,0.029787234042553193
21330,0.013561411619664046
21331,0.013561411619664046
21332,0.07505070993914807
21333,0.013561411619664046
21334,0.9131578947368421
21335,0.6565656565656566
21336,0.013561411619664046
21337,0.18895348837209303
21338,0.7730061349693251
21339,0.1288244766505636
21340,0.013561411619664046
21341,0.013561411619664046
21342,0.12332439678284182
21343,0.013561411619664046
21344,0.013561411619664046
21345,0.013561411619664046
21346,0.013561411619664046
21347,0.013561411619664046
21348,0.9651376146788991
21349,0.013561411619664046
21350,0.0449582530507386
21351,0.7892561983471075
21352,0.013561411619664046
21353,0.9131578947368421
21354,0.013561411619664046
21355,0.013561411619664046
21356,0.013561411619664046
21357,0.013561411619664046
21358,0.6713286713286714
21359,0.7892561983471075
21360,0.17883211678832117
21361,0.9651376146788991
21362,0.013561411619664046
21363,0.1288244766505636
21364,0.013561411619664046
21365,0.0449582530507386
21366,0.013561411619664046
21367,0.8461538461538461
21368,0.9651376146788991
21369,0.013561411619664046
21370,0.9131578947368421
21371,0.9651376146788991
21372,0.013561411619664046
21373,0.013561411619664046
21374,0.029787234042553193
21375,0.013561411619664046
21376,0.6818181818181818
21377,0.07505070993914807
21378,0.9651376146788991
21379,0.24691358024691357
21380,0.7730061349693251
21381,0.013561411619664046
21382,0.013561411619664046
21383,0.013561411619664046
21384,0.013561411619664046
21385,0.0449582530507386
21386,0.9651376146788991
21387,0.26011560693641617
21388,0.38275862068965516
21389,0.013561411619664046
21390,0.013561411619664046
21391,0.013561411619664046
21392,0.013561411619664046
21393,0.013561411619664046
21394,0.0449582530507386
21395,0.8241758241758241
21396,0.18895348837209303
21397,0.9131578947368421
21398,0.013561411619664046
21399,0.1288244766505636
21400,0.9131578947368421
21401,0.013561411619664046
21402,0.013561411619664046
21403,0.12332439678284182
21404,0.029787234042553193
21405,0.013561411619664046
21406,0.013561411619664046
21407,0.013561411619664046
21408,0.013561411619664046
21409,0.013561411619664046
21410,0.1288244766505636
21411,0.38275862068965516
21412,0.029787234042553193
21413,0.013561411619664046
21414,0.013561411619664046
21415,0.013561411619664046
21416,0.1288244766505636
21417,0.0449582530507386
21418,0.013561411619664046
21419,0.013561411619664046
21420,0.013561411619664046
21421,0.18895348837209303
21422,0.07505070993914807
21423,0.013561411619664046
21424,0.1288244766505636
21425,0.7614213197969543
21426,0.38275862068965516
21427,0.013561411619664046
21428,0.0449582530507386
21429,0.38181818181818183
21430,0.013561411619664046
21431,0.0449582530507386
21432,0.3125
21433,0.013561411619664046
21434,0.013561411619664046
21435,0.013561411619664046
21436,0.0449582530507386
21437,0.1868421052631579
21438,0.013561411619664046
21439,0.6
21440,0.013561411619664046
21441,0.0449582530507386
21442,0.013561411619664046
21443,0.0449582530507386
21444,0.013561411619664046
21445,0.1288244766505636
21446,0.013561411619664046
21447,0.013561411619664046
21448,0.1288244766505636
21449,0.0449582530507386
21450,0.1868421052631579
21451,0.7614213197969543
21452,0.7730061349693251
21453,0.1288244766505636
21454,0.013561411619664046
21455,0.7614213197969543
21456,0.07505070993914807
21457,0.013561411619664046
21458,0.17883211678832117
21459,0.0449582530507386
21460,0.013561411619664046
21461,0.013561411619664046
21462,0.9131578947368421
21463,0.013561411619664046
21464,0.0449582530507386
21465,0.18340611353711792
21466,0.029787234042553193
21467,0.7730061349693251
21468,0.013561411619664046
21469,0.013561411619664046
21470,0.17883211678832117
21471,0.029787234042553193
21472,0.7892561983471075
21473,0.013561411619664046
21474,0.7083333333333334
21475,0.013561411619664046
21476,0.013561411619664046
21477,0.013561411619664046
21478,0.029787234042553193
21479,0.9131578947368421
21480,0.013561411619664046
21481,0.013561411619664046
21482,0.013561411619664046
21483,0.6818181818181818
21484,0.013561411619664046
21485,0.12332439678284182
21486,0.013561411619664046
21487,0.07505070993914807
21488,0.7083333333333334
21489,0.013561411619664046
21490,0.013561411619664046
21491,0.013561411619664046
21492,0.013561411619664046
21493,0.17883211678832117
21494,0.0449582530507386
21495,0.1288244766505636
21496,0.013561411619664046
21497,0.013561411619664046
21498,0.013561411619664046
21499,0.0
21500,0.38275862068965516
21501,0.013561411619664046
21502,0.1288244766505636
21503,0.029787234042553193
21504,0.029787234042553193
21505,0.7730061349693251
21506,0.013561411619664046
21507,0.013561411619664046
21508,0.26011560693641617
21509,0.013561411619664046
21510,0.6713286713286714
21511,0.6
21512,0.013561411619664046
21513,0.17883211678832117
21514,0.029787234042553193
21515,0.013561411619664046
21516,0.37349397590361444
21517,0.1288244766505636
21518,0.013561411619664046
21519,0.013561411619664046
21520,0.013561411619664046
21521,0.013561411619664046
21522,0.013561411619664046
21523,0.0449582530507386
21524,0.013561411619664046
21525,0.0449582530507386
21526,0.6818181818181818
21527,0.013561411619664046
21528,0.013561411619664046
21529,0.013561411619664046
21530,0.12332439678284182
21531,0.1868421052631579
21532,0.6818181818181818
21533,0.013561411619664046
21534,0.0449582530507386
21535,0.24691358024691357
21536,0.7892561983471075
21537,0.2
21538,0.013561411619664046
21539,0.38181818181818183
21540,0.013561411619664046
21541,0.07505070993914807
21542,0.1288244766505636
21543,0.6713286713286714
21544,0.0449582530507386
21545,0.9651376146788991
21546,0.38275862068965516
21547,0.013561411619664046
21548,0.013561411619664046
21549,0.1868421052631579
21550,0.9651376146788991
21551,0.1288244766505636
21552,0.013561411619664046
21553,0.013561411619664046
21554,0.013561411619664046
21555,0.18895348837209303
21556,0.1288244766505636
21557,0.013561411619664046
21558,0.18895348837209303
21559,0.6713286713286714
21560,0.013561411619664046
21561,0.013561411619664046
21562,0.029787234042553193
21563,0.013561411619664046
21564,0.013561411619664046
21565,0.013561411619664046
21566,0.1868421052631579
21567,0.013561411619664046
21568,0.0449582530507386
21569,0.013561411619664046
21570,0.7892561983471075
21571,0.0449582530507386
21572,0.3125
21573,0.0449582530507386
21574,0.013561411619664046
21575,0.9131578947368421
21576,0.38275862068965516
21577,0.17883211678832117
21578,0.0449582530507386
21579,0.0449582530507386
21580,0.013561411619664046
21581,0.18895348837209303
21582,0.0449582530507386
21583,0.75
21584,0.013561411619664046
21585,0.1288244766505636
21586,0.7730061349693251
21587,0.013561411619664046
21588,0.26011560693641617
21589,0.0449582530507386
21590,0.0449582530507386
21591,0.0449582530507386
21592,0.029787234042553193
21593,0.9131578947368421
21594,0.013561411619664046
21595,0.013561411619664046
21596,0.1288244766505636
21597,0.12332439678284182
21598,0.7892561983471075
21599,0.013561411619664046
21600,0.38275862068965516
21601,0.12332439678284182
21602,0.12332439678284182
21603,0.8241758241758241
21604,0.013561411619664046
21605,0.07505070993914807
21606,0.013561411619664046
21607,0.013561411619664046
21608,0.013561411619664046
21609,0.38275862068965516
21610,0.013561411619664046
21611,0.1288244766505636
21612,0.013561411619664046
21613,0.029787234042553193
21614,0.38275862068965516
21615,0.013561411619664046
21616,0.1868421052631579
21617,0.7730061349693251
21618,0.013561411619664046
21619,0.6565656565656566
21620,0.013561411619664046
21621,0.013561411619664046
21622,0.7614213197969543
21623,0.18340611353711792
21624,0.17883211678832117
21625,0.17883211678832117
21626,0.1868421052631579
21627,0.75
21628,0.0449582530507386
21629,0.0449582530507386
21630,0.013561411619664046
21631,0.013561411619664046
21632,0.6818181818181818
21633,0.07505070993914807
21634,0.2
21635,0.013561411619664046
21636,0.1288244766505636
21637,0.0449582530507386
21638,0.013561411619664046
21639,0.9131578947368421
21640,0.7730061349693251
21641,0.1868421052631579
21642,0.029787234042553193
21643,0.0449582530507386
21644,0.0449582530507386
21645,0.013561411619664046
21646,0.18895348837209303
21647,0.013561411619664046
21648,0.9651376146788991
21649,0.1288244766505636
21650,0.0449582530507386
21651,0.1288244766505636
21652,0.013561411619664046
21653,0.18340611353711792
21654,0.013561411619664046
21655,0.013561411619664046
21656,0.0449582530507386
21657,0.013561411619664046
21658,0.013561411619664046
21659,0.013561411619664046
21660,0.17883211678832117
21661,0.0449582530507386
21662,0.6
21663,0.013561411619664046
21664,0.1868421052631579
21665,0.013561411619664046
21666,0.1868421052631579
21667,0.013561411619664046
21668,0.013561411619664046
21669,0.013561411619664046
21670,0.6713286713286714
21671,0.013561411619664046
21672,0.1868421052631579
21673,0.17883211678832117
21674,0.0449582530507386
21675,0.7614213197969543
21676,0.0449582530507386
21677,0.013561411619664046
21678,0.07505070993914807
21679,0.013561411619664046
21680,0.38275862068965516
21681,0.013561411619664046
21682,0.013561411619664046
21683,0.24691358024691357
21684,0.6565656565656566
21685,0.6818181818181818
21686,0.013561411619664046
21687,0.013561411619664046
21688,0.013561411619664046
21689,0.7730061349693251
21690,0.8241758241758241
21691,0.0449582530507386
21692,0.37349397590361444
21693,0.013561411619664046
21694,0.14285714285714285
21695,0.029787234042553193
21696,0.013561411619664046
21697,0.0449582530507386
21698,0.013561411619664046
21699,0.029787234042553193
21700,0.7614213197969543
21701,0.1868421052631579
21702,0.1288244766505636
21703,0.013561411619664046
21704,0.12332439678284182
21705,0.1288244766505636
21706,0.38275862068965516
21707,0.013561411619664046
21708,0.013561411619664046
21709,0.013561411619664046
21710,0.013561411619664046
21711,0.07505070993914807
21712,0.0449582530507386
21713,0.8461538461538461
21714,0.14285714285714285
21715,0.013561411619664046
21716,0.9131578947368421
21717,0.013561411619664046
21718,0.8
21719,0.9651376146788991
21720,0.26011560693641617
21721,0.0449582530507386
21722,0.0449582530507386
21723,0.013561411619664046
21724,0.8461538461538461
21725,0.0449582530507386
21726,0.6818181818181818
21727,0.013561411619664046
21728,0.013561411619664046
21729,0.0449582530507386
21730,0.013561411619664046
21731,0.6565656565656566
21732,0.013561411619664046
21733,0.013561411619664046
21734,0.7083333333333334
21735,0.0449582530507386
21736,0.9131578947368421
21737,0.013561411619664046
21738,0.029787234042553193
21739,0.013561411619664046
21740,0.9131578947368421
21741,0.013561411619664046
21742,0.013561411619664046
21743,0.8241758241758241
21744,0.17883211678832117
21745,0.013561411619664046
21746,0.013561411619664046
21747,0.6565656565656566
21748,0.013561411619664046
21749,0.013561411619664046
21750,0.013561411619664046
21751,0.013561411619664046
21752,0.1868421052631579
21753,0.07505070993914807
21754,0.9651376146788991
21755,0.013561411619664046
21756,0.37349397590361444
21757,0.013561411619664046
21758,0.7892561983471075
21759,0.013561411619664046
21760,0.1868421052631579
21761,0.9131578947368421
21762,0.013561411619664046
21763,0.013561411619664046
21764,0.9651376146788991
21765,0.0449582530507386
21766,0.9651376146788991
21767,0.0449582530507386
21768,0.9651376146788991
21769,0.2
21770,0.0449582530507386
21771,0.12332439678284182
21772,0.013561411619664046
21773,0.013561411619664046
21774,0.013561411619664046
21775,0.24691358024691357
21776,0.013561411619664046
21777,0.0449582530507386
21778,0.12332439678284182
21779,0.013561411619664046
21780,0.5660377358490566
21781,0.013561411619664046
21782,0.8241758241758241
21783,0.013561411619664046
21784,0.013561411619664046
21785,0.013561411619664046
21786,0.38275862068965516
21787,0.013561411619664046
21788,0.013561411619664046
21789,0.0449582530507386
21790,0.013561411619664046
21791,0.013561411619664046
21792,0.7614213197969543
21793,0.6818181818181818
21794,0.38275862068965516
21795,0.013561411619664046
21796,0.6565656565656566
21797,0.9651376146788991
21798,0.17883211678832117
21799,0.7614213197969543
21800,0.6
21801,0.0449582530507386
21802,0.013561411619664046
21803,0.013561411619664046
21804,0.24691358024691357
21805,0.9131578947368421
21806,0.6713286713286714
21807,0.013561411619664046
21808,0.6818181818181818
21809,0.6818181818181818
21810,0.013561411619664046
21811,0.9651376146788991
21812,0.013561411619664046
21813,0.013561411619664046
21814,0.9131578947368421
21815,0.8241758241758241
21816,0.6818181818181818
21817,0.18895348837209303
21818,0.5660377358490566
21819,0.013561411619664046
21820,0.013561411619664046
21821,0.1288244766505636
21822,0.0449582530507386
21823,0.013561411619664046
21824,0.013561411619664046
21825,0.013561411619664046
21826,0.013561411619664046
21827,0.9131578947368421
21828,0.9651376146788991
21829,0.013561411619664046
21830,0.029787234042553193
21831,0.013561411619664046
21832,0.0449582530507386
21833,0.38275862068965516
21834,0.7892561983471075
21835,0.1288244766505636
21836,0.7730061349693251
21837,0.0449582530507386
21838,0.013561411619664046
21839,0.17883211678832117
21840,0.013561411619664046
21841,0.2
21842,0.7730061349693251
21843,0.24691358024691357
21844,0.6
21845,0.013561411619664046
21846,0.013561411619664046
21847,0.013561411619664046
21848,0.013561411619664046
21849,0.6713286713286714
21850,0.013561411619664046
21851,0.38275862068965516
21852,0.9651376146788991
21853,0.1868421052631579
21854,0.013561411619664046
21855,0.013561411619664046
21856,0.013561411619664046
21857,0.013561411619664046
21858,0.013561411619664046
21859,0.029787234042553193
21860,0.1868421052631579
21861,0.013561411619664046
21862,0.013561411619664046
21863,0.013561411619664046
21864,0.013561411619664046
21865,0.013561411619664046
21866,0.7892561983471075
21867,0.013561411619664046
21868,0.013561411619664046
21869,0.18895348837209303
21870,0.013561411619664046
21871,0.0449582530507386
21872,0.013561411619664046
21873,0.0
21874,0.0449582530507386
21875,0.013561411619664046
21876,0.8241758241758241
21877,0.12332439678284182
21878,0.37349397590361444
21879,0.8421052631578947
21880,0.013561411619664046
21881,0.1288244766505636
21882,0.0449582530507386
21883,0.013561411619664046
21884,0.9131578947368421
21885,0.013561411619664046
21886,0.013561411619664046
21887,0.5660377358490566
21888,0.1868421052631579
21889,0.013561411619664046
21890,0.7892561983471075
21891,0.029787234042553193
21892,0.6818181818181818
21893,0.07505070993914807
21894,0.9651376146788991
21895,0.0449582530507386
21896,0.029787234042553193
21897,0.013561411619664046
21898,0.7730061349693251
21899,0.7083333333333334
21900,0.013561411619664046
21901,0.013561411619664046
21902,0.013561411619664046
21903,0.013561411619664046
21904,0.1868421052631579
21905,0.013561411619664046
21906,0.1288244766505636
21907,0.24691358024691357
21908,0.013561411619664046
21909,0.7892561983471075
21910,0.12332439678284182
21911,0.013561411619664046
21912,0.013561411619664046
21913,0.013561411619664046
21914,0.013561411619664046
21915,0.013561411619664046
21916,0.2
21917,0.013561411619664046
21918,0.0449582530507386
21919,0.18895348837209303
21920,0.18340611353711792
21921,0.1288244766505636
21922,0.2
21923,0.18340611353711792
21924,0.013561411619664046
21925,0.1288244766505636
21926,0.013561411619664046
21927,0.0449582530507386
21928,0.029787234042553193
21929,0.07505070993914807
21930,0.013561411619664046
21931,0.0449582530507386
21932,0.9131578947368421
21933,0.013561411619664046
21934,0.013561411619664046
21935,0.013561411619664046
21936,0.9651376146788991
21937,0.013561411619664046
21938,0.013561411619664046
21939,0.013561411619664046
21940,0.013561411619664046
21941,0.013561411619664046
21942,0.1868421052631579
21943,0.013561411619664046
21944,0.013561411619664046
21945,0.013561411619664046
21946,0.013561411619664046
21947,0.013561411619664046
21948,0.013561411619664046
21949,0.013561411619664046
21950,0.0449582530507386
21951,0.013561411619664046
21952,0.013561411619664046
21953,0.8241758241758241
21954,0.18340611353711792
21955,0.7730061349693251
21956,0.7614213197969543
21957,0.07505070993914807
21958,0.013561411619664046
21959,0.9131578947368421
21960,0.013561411619664046
21961,0.013561411619664046
21962,0.013561411619664046
21963,0.14285714285714285
21964,0.1288244766505636
21965,0.013561411619664046
21966,0.18340611353711792
21967,0.013561411619664046
21968,0.37349397590361444
21969,0.013561411619664046
21970,0.9651376146788991
21971,0.5660377358490566
21972,0.18895348837209303
21973,0.18895348837209303
21974,0.6565656565656566
21975,0.0449582530507386
21976,0.013561411619664046
21977,0.013561411619664046
21978,0.1868421052631579
21979,0.013561411619664046
21980,0.013561411619664046
21981,0.1288244766505636
21982,0.6
21983,0.0449582530507386
21984,0.0449582530507386
21985,0.7614213197969543
21986,0.9131578947368421
21987,0.9651376146788991
21988,0.013561411619664046
21989,0.07505070993914807
21990,0.0449582530507386
21991,0.013561411619664046
21992,0.013561411619664046
21993,0.013561411619664046
21994,0.013561411619664046
21995,0.0449582530507386
21996,0.18895348837209303
21997,0.013561411619664046
21998,0.14285714285714285
21999,0.6565656565656566
22000,0.013561411619664046
22001,0.6818181818181818
22002,0.7892561983471075
22003,0.013561411619664046
22004,0.013561411619664046
22005,0.38275862068965516
22006,0.9651376146788991
22007,0.6
22008,0.2
22009,0.013561411619664046
22010,0.14285714285714285
22011,0.7892561983471075
22012,0.013561411619664046
22013,0.1868421052631579
22014,0.013561411619664046
22015,0.12332439678284182
22016,0.013561411619664046
22017,0.0449582530507386
22018,0.0449582530507386
22019,0.07505070993914807
22020,0.17883211678832117
22021,0.0449582530507386
22022,0.7730061349693251
22023,0.1288244766505636
22024,0.013561411619664046
22025,0.013561411619664046
22026,0.8421052631578947
22027,0.17883211678832117
22028,0.18340611353711792
22029,0.013561411619664046
22030,0.013561411619664046
22031,0.013561411619664046
22032,0.17883211678832117
22033,0.0449582530507386
22034,0.7614213197969543
22035,0.18895348837209303
22036,0.1288244766505636
22037,0.38275862068965516
22038,0.013561411619664046
22039,0.0449582530507386
22040,0.013561411619664046
22041,0.38275862068965516
22042,0.013561411619664046
22043,0.013561411619664046
22044,0.12332439678284182
22045,0.12332439678284182
22046,0.013561411619664046
22047,0.2
22048,0.0449582530507386
22049,0.029787234042553193
22050,0.013561411619664046
22051,0.013561411619664046
22052,0.013561411619664046
22053,0.013561411619664046
22054,0.12332439678284182
22055,0.1288244766505636
22056,0.6
22057,0.37142857142857144
22058,0.013561411619664046
22059,0.6713286713286714
22060,0.013561411619664046
22061,0.38275862068965516
22062,0.0449582530507386
22063,0.38275862068965516
22064,0.029787234042553193
22065,0.013561411619664046
22066,0.5194805194805194
22067,0.013561411619664046
22068,0.013561411619664046
22069,0.013561411619664046
22070,0.38275862068965516
22071,0.013561411619664046
22072,0.0449582530507386
22073,0.013561411619664046
22074,0.7614213197969543
22075,0.9651376146788991
22076,0.013561411619664046
22077,0.013561411619664046
22078,0.07505070993914807
22079,0.013561411619664046
22080,0.1868421052631579
22081,0.013561411619664046
22082,0.6818181818181818
22083,0.7892561983471075
22084,0.013561411619664046
22085,0.8421052631578947
22086,0.013561411619664046
22087,0.013561411619664046
22088,0.013561411619664046
22089,0.013561411619664046
22090,0.013561411619664046
22091,0.013561411619664046
22092,0.013561411619664046
22093,0.75
22094,0.24691358024691357
22095,0.013561411619664046
22096,0.013561411619664046
22097,0.6818181818181818
22098,0.38181818181818183
22099,0.013561411619664046
22100,0.013561411619664046
22101,0.013561411619664046
22102,0.029787234042553193
22103,0.6713286713286714
22104,0.013561411619664046
22105,0.013561411619664046
22106,0.013561411619664046
22107,0.0449582530507386
22108,0.9131578947368421
22109,0.1868421052631579
22110,0.013561411619664046
22111,0.17883211678832117
22112,0.013561411619664046
22113,0.9651376146788991
22114,0.013561411619664046
22115,0.6
22116,0.013561411619664046
22117,0.18895348837209303
22118,0.013561411619664046
22119,0.013561411619664046
22120,0.013561411619664046
22121,0.1288244766505636
22122,0.18895348837209303
22123,0.7892561983471075
22124,0.12332439678284182
22125,0.0449582530507386
22126,0.6713286713286714
22127,0.9131578947368421
22128,0.013561411619664046
22129,0.12332439678284182
22130,0.013561411619664046
22131,0.1868421052631579
22132,0.029787234042553193
22133,0.013561411619664046
22134,0.12332439678284182
22135,0.18895348837209303
22136,0.013561411619664046
22137,0.9131578947368421
22138,0.013561411619664046
22139,0.7614213197969543
22140,0.26011560693641617
22141,0.013561411619664046
22142,0.18895348837209303
22143,0.1288244766505636
22144,0.0449582530507386
22145,0.9651376146788991
22146,0.013561411619664046
22147,0.0449582530507386
22148,0.013561411619664046
22149,0.013561411619664046
22150,0.013561411619664046
22151,0.18340611353711792
22152,0.013561411619664046
22153,0.013561411619664046
22154,0.0449582530507386
22155,0.013561411619664046
22156,0.12332439678284182
22157,0.013561411619664046
22158,0.17883211678832117
22159,0.6713286713286714
22160,0.013561411619664046
22161,0.013561411619664046
22162,0.013561411619664046
22163,0.013561411619664046
22164,0.0449582530507386
22165,0.013561411619664046
22166,0.0449582530507386
22167,0.18340611353711792
22168,0.07505070993914807
22169,0.18895348837209303
22170,0.013561411619664046
22171,0.7730061349693251
22172,0.0449582530507386
22173,0.013561411619664046
22174,0.9131578947368421
22175,0.013561411619664046
22176,0.013561411619664046
22177,0.6818181818181818
22178,0.029787234042553193
22179,0.013561411619664046
22180,0.013561411619664046
22181,0.013561411619664046
22182,0.013561411619664046
22183,0.9131578947368421
22184,0.1288244766505636
22185,0.0449582530507386
22186,0.9651376146788991
22187,0.7892561983471075
22188,0.013561411619664046
22189,0.38181818181818183
22190,0.013561411619664046
22191,0.7614213197969543
22192,0.1868421052631579
22193,0.7614213197969543
22194,0.013561411619664046
22195,0.013561411619664046
22196,0.0449582530507386
22197,0.07505070993914807
22198,0.17883211678832117
22199,0.013561411619664046
22200,0.7892561983471075
22201,0.1868421052631579
22202,0.013561411619664046
22203,0.013561411619664046
22204,0.013561411619664046
22205,0.07505070993914807
22206,0.12332439678284182
22207,0.6818181818181818
22208,0.013561411619664046
22209,0.17883211678832117
22210,0.013561411619664046
22211,0.9131578947368421
22212,0.013561411619664046
22213,0.0449582530507386
22214,0.013561411619664046
22215,0.013561411619664046
22216,0.6818181818181818
22217,0.013561411619664046
22218,0.029787234042553193
22219,0.013561411619664046
22220,0.5660377358490566
22221,0.013561411619664046
22222,0.013561411619664046
22223,0.5194805194805194
22224,0.0449582530507386
22225,0.013561411619664046
22226,0.013561411619664046
22227,0.013561411619664046
22228,0.7614213197969543
22229,0.07505070993914807
22230,0.7730061349693251
22231,0.6
22232,0.17883211678832117
22233,0.013561411619664046
22234,0.0449582530507386
22235,0.013561411619664046
22236,0.18895348837209303
22237,0.013561411619664046
22238,0.7614213197969543
22239,0.013561411619664046
22240,0.013561411619664046
22241,0.013561411619664046
22242,0.013561411619664046
22243,0.013561411619664046
22244,0.013561411619664046
22245,0.029787234042553193
22246,0.18340611353711792
22247,0.013561411619664046
22248,0.07505070993914807
22249,0.0449582530507386
22250,0.013561411619664046
22251,0.013561411619664046
22252,0.9131578947368421
22253,0.12332439678284182
22254,0.013561411619664046
22255,0.013561411619664046
22256,0.0449582530507386
22257,0.1288244766505636
22258,0.0449582530507386
22259,0.013561411619664046
22260,0.013561411619664046
22261,0.013561411619664046
22262,0.38275862068965516
22263,0.9651376146788991
22264,0.013561411619664046
22265,0.013561411619664046
22266,0.013561411619664046
22267,0.013561411619664046
22268,0.26011560693641617
22269,0.013561411619664046
22270,0.013561411619664046
22271,0.013561411619664046
22272,0.0449582530507386
22273,0.3125
22274,0.013561411619664046
22275,0.17883211678832117
22276,0.38181818181818183
22277,0.9131578947368421
22278,0.0
22279,0.013561411619664046
22280,0.7892561983471075
22281,0.38275862068965516
22282,0.38181818181818183
22283,0.9131578947368421
22284,0.2
22285,0.013561411619664046
22286,0.013561411619664046
22287,0.1868421052631579
22288,0.38275862068965516
22289,0.013561411619664046
22290,0.013561411619664046
22291,0.029787234042553193
22292,0.013561411619664046
22293,0.9131578947368421
22294,0.0449582530507386
22295,0.1288244766505636
22296,0.9131578947368421
22297,0.9131578947368421
22298,0.9651376146788991
22299,0.013561411619664046
22300,0.029787234042553193
22301,0.013561411619664046
22302,0.0449582530507386
22303,0.7892561983471075
22304,0.0449582530507386
22305,0.029787234042553193
22306,0.07505070993914807
22307,0.013561411619664046
22308,0.3125
22309,0.1288244766505636
22310,0.9131578947368421
22311,0.0449582530507386
22312,0.7614213197969543
22313,0.013561411619664046
22314,0.013561411619664046
22315,0.013561411619664046
22316,0.013561411619664046
22317,0.18895348837209303
22318,0.9651376146788991
22319,0.12332439678284182
22320,0.38275862068965516
22321,0.013561411619664046
22322,0.07505070993914807
22323,0.013561411619664046
22324,0.029787234042553193
22325,0.12332439678284182
22326,0.8241758241758241
22327,0.17883211678832117
22328,0.013561411619664046
22329,0.18895348837209303
22330,0.7083333333333334
22331,0.17883211678832117
22332,0.0449582530507386
22333,0.0449582530507386
22334,0.1288244766505636
22335,0.17883211678832117
22336,0.18340611353711792
22337,0.013561411619664046
22338,0.0449582530507386
22339,0.12332439678284182
22340,0.1288244766505636
22341,0.013561411619664046
22342,0.0449582530507386
22343,0.013561411619664046
22344,0.17883211678832117
22345,0.013561411619664046
22346,0.38275862068965516
22347,0.7730061349693251
22348,0.9131578947368421
22349,0.9651376146788991
22350,0.17883211678832117
22351,0.013561411619664046
22352,0.1868421052631579
22353,0.013561411619664046
22354,0.0449582530507386
22355,0.1868421052631579
22356,0.38181818181818183
22357,0.013561411619664046
22358,0.029787234042553193
22359,0.013561411619664046
22360,0.7730061349693251
22361,0.013561411619664046
22362,0.013561411619664046
22363,0.38181818181818183
22364,0.013561411619664046
22365,0.07505070993914807
22366,0.0449582530507386
22367,0.013561411619664046
22368,0.07505070993914807
22369,0.013561411619664046
22370,0.013561411619664046
22371,0.9651376146788991
22372,0.8241758241758241
22373,0.0449582530507386
22374,0.7730061349693251
22375,0.26011560693641617
22376,0.6713286713286714
22377,0.013561411619664046
22378,0.12332439678284182
22379,0.9131578947368421
22380,0.013561411619664046
22381,0.9651376146788991
22382,0.12332439678284182
22383,0.9651376146788991
22384,0.0449582530507386
22385,0.6
22386,0.07505070993914807
22387,0.9651376146788991
22388,0.013561411619664046
22389,0.38275862068965516
22390,0.013561411619664046
22391,0.013561411619664046
22392,0.013561411619664046
22393,0.26011560693641617
22394,0.9651376146788991
22395,0.0449582530507386
22396,0.0449582530507386
22397,0.7892561983471075
22398,0.013561411619664046
22399,0.7892561983471075
22400,0.26011560693641617
22401,0.14285714285714285
22402,0.0449582530507386
22403,0.1868421052631579
22404,0.013561411619664046
22405,0.18340611353711792
22406,0.013561411619664046
22407,0.013561411619664046
22408,0.013561411619664046
22409,0.18340611353711792
22410,0.6
22411,0.6713286713286714
22412,0.7730061349693251
22413,0.013561411619664046
22414,0.0449582530507386
22415,0.1288244766505636
22416,0.013561411619664046
22417,0.1288244766505636
22418,0.7083333333333334
22419,0.0449582530507386
22420,0.7614213197969543
22421,0.9131578947368421
22422,0.12332439678284182
22423,0.013561411619664046
22424,0.013561411619664046
22425,0.9131578947368421
22426,0.38275862068965516
22427,0.013561411619664046
22428,0.38275862068965516
22429,0.0449582530507386
22430,0.9651376146788991
22431,0.013561411619664046
22432,0.8241758241758241
22433,0.0449582530507386
22434,0.029787234042553193
22435,0.2
22436,0.38181818181818183
22437,0.013561411619664046
22438,0.1288244766505636
22439,0.013561411619664046
22440,0.013561411619664046
22441,0.013561411619664046
22442,0.1288244766505636
22443,0.013561411619664046
22444,0.013561411619664046
22445,0.013561411619664046
22446,0.029787234042553193
22447,0.013561411619664046
22448,0.6713286713286714
22449,0.013561411619664046
22450,0.37142857142857144
22451,0.1288244766505636
22452,0.5194805194805194
22453,0.013561411619664046
22454,0.0449582530507386
22455,0.013561411619664046
22456,0.9651376146788991
22457,0.38275862068965516
22458,0.013561411619664046
22459,0.0449582530507386
22460,0.013561411619664046
22461,0.013561411619664046
22462,0.029787234042553193
22463,0.013561411619664046
22464,0.38181818181818183
22465,0.8241758241758241
22466,0.12332439678284182
22467,0.013561411619664046
22468,0.013561411619664046
22469,0.013561411619664046
22470,0.7730061349693251
22471,0.7
22472,0.9131578947368421
22473,0.013561411619664046
22474,0.013561411619664046
22475,0.013561411619664046
22476,0.013561411619664046
22477,0.013561411619664046
22478,0.7083333333333334
22479,0.013561411619664046
22480,0.18895348837209303
22481,0.1288244766505636
22482,0.12332439678284182
22483,0.013561411619664046
22484,0.1868421052631579
22485,0.013561411619664046
22486,0.8241758241758241
22487,0.9131578947368421
22488,0.9651376146788991
22489,0.9651376146788991
22490,0.07505070993914807
22491,0.013561411619664046
22492,0.1288244766505636
22493,0.0449582530507386
22494,0.24691358024691357
22495,0.3125
22496,0.013561411619664046
22497,0.013561411619664046
22498,0.17883211678832117
22499,0.013561411619664046
22500,0.013561411619664046
22501,0.013561411619664046
22502,0.0449582530507386
22503,0.013561411619664046
22504,0.07505070993914807
22505,0.013561411619664046
22506,0.9651376146788991
22507,0.0
22508,0.013561411619664046
22509,0.9131578947368421
22510,0.029787234042553193
22511,0.8241758241758241
22512,0.0449582530507386
22513,0.013561411619664046
22514,0.0449582530507386
22515,0.7730061349693251
22516,0.013561411619664046
22517,0.7730061349693251
22518,0.029787234042553193
22519,0.013561411619664046
22520,0.9651376146788991
22521,0.013561411619664046
22522,0.029787234042553193
22523,0.38275862068965516
22524,0.17883211678832117
22525,0.07505070993914807
22526,0.013561411619664046
22527,0.9651376146788991
22528,0.0449582530507386
22529,0.9651376146788991
22530,0.0449582530507386
22531,0.1288244766505636
22532,0.18340611353711792
22533,0.07505070993914807
22534,0.1288244766505636
22535,0.6
22536,0.8461538461538461
22537,0.013561411619664046
22538,0.013561411619664046
22539,0.37349397590361444
22540,0.013561411619664046
22541,0.029787234042553193
22542,0.013561411619664046
22543,0.0449582530507386
22544,0.1288244766505636
22545,0.013561411619664046
22546,0.7083333333333334
22547,0.013561411619664046
22548,0.6818181818181818
22549,0.013561411619664046
22550,0.38181818181818183
22551,0.7614213197969543
22552,0.0449582530507386
22553,0.013561411619664046
22554,0.7083333333333334
22555,0.6
22556,0.013561411619664046
22557,0.0449582530507386
22558,0.18895348837209303
22559,0.1868421052631579
22560,0.17883211678832117
22561,0.013561411619664046
22562,0.013561411619664046
22563,0.0449582530507386
22564,0.9651376146788991
22565,0.37349397590361444
22566,0.18340611353711792
22567,0.013561411619664046
22568,0.17883211678832117
22569,0.029787234042553193
22570,0.013561411619664046
22571,0.0449582530507386
22572,0.013561411619664046
22573,0.1288244766505636
22574,0.013561411619664046
22575,0.24691358024691357
22576,0.7614213197969543
22577,0.17883211678832117
22578,0.38181818181818183
22579,0.013561411619664046
22580,0.6818181818181818
22581,0.013561411619664046
22582,0.5194805194805194
22583,0.6
22584,0.9651376146788991
22585,0.013561411619664046
22586,0.013561411619664046
22587,0.013561411619664046
22588,0.12332439678284182
22589,0.07505070993914807
22590,0.9651376146788991
22591,0.029787234042553193
22592,0.013561411619664046
22593,0.013561411619664046
22594,0.2
22595,0.6818181818181818
22596,0.07505070993914807
22597,0.38275862068965516
22598,0.5660377358490566
22599,0.0449582530507386
22600,0.013561411619664046
22601,0.18895348837209303
22602,0.013561411619664046
22603,0.9651376146788991
22604,0.013561411619664046
22605,0.013561411619664046
22606,0.0449582530507386
22607,0.0449582530507386
22608,0.7892561983471075
22609,0.013561411619664046
22610,0.013561411619664046
22611,0.013561411619664046
22612,0.9131578947368421
22613,0.0449582530507386
22614,0.9131578947368421
22615,0.013561411619664046
22616,0.26011560693641617
22617,0.013561411619664046
22618,0.013561411619664046
22619,0.9651376146788991
22620,0.9651376146788991
22621,0.013561411619664046
22622,0.013561411619664046
22623,0.013561411619664046
22624,0.18895348837209303
22625,0.013561411619664046
22626,0.0449582530507386
22627,0.9651376146788991
22628,0.38275862068965516
22629,0.17883211678832117
22630,0.7892561983471075
22631,0.013561411619664046
22632,0.9131578947368421
22633,0.013561411619664046
22634,0.7614213197969543
22635,0.07505070993914807
22636,0.2
22637,0.7892561983471075
22638,0.18895348837209303
22639,0.0449582530507386
22640,0.6565656565656566
22641,0.1288244766505636
22642,0.013561411619664046
22643,0.013561411619664046
22644,0.013561411619664046
22645,0.029787234042553193
22646,0.013561411619664046
22647,0.26011560693641617
22648,0.0449582530507386
22649,0.9651376146788991
22650,0.013561411619664046
22651,0.013561411619664046
22652,0.013561411619664046
22653,0.07505070993914807
22654,0.7614213197969543
22655,0.029787234042553193
22656,0.7730061349693251
22657,0.013561411619664046
22658,0.013561411619664046
22659,0.6818181818181818
22660,0.013561411619664046
22661,0.013561411619664046
22662,0.9131578947368421
22663,0.18895348837209303
22664,0.013561411619664046
22665,0.0449582530507386
22666,0.013561411619664046
22667,0.07505070993914807
22668,0.12332439678284182
22669,0.013561411619664046
22670,0.013561411619664046
22671,0.013561411619664046
22672,0.0449582530507386
22673,0.013561411619664046
22674,0.013561411619664046
22675,0.18340611353711792
22676,0.013561411619664046
22677,0.8421052631578947
22678,0.013561411619664046
22679,0.013561411619664046
22680,0.1868421052631579
22681,0.013561411619664046
22682,0.013561411619664046
22683,0.029787234042553193
22684,0.013561411619664046
22685,0.75
22686,0.8421052631578947
22687,0.0449582530507386
22688,0.013561411619664046
22689,0.1868421052631579
22690,0.013561411619664046
22691,0.0449582530507386
22692,0.9651376146788991
22693,0.6565656565656566
22694,0.9131578947368421
22695,0.7730061349693251
22696,0.38275862068965516
22697,0.0449582530507386
22698,0.013561411619664046
22699,0.013561411619664046
22700,0.013561411619664046
22701,0.26011560693641617
22702,0.013561411619664046
22703,0.07505070993914807
22704,0.013561411619664046
22705,0.013561411619664046
22706,0.17883211678832117
22707,0.029787234042553193
22708,0.013561411619664046
22709,0.013561411619664046
22710,0.7730061349693251
22711,0.17883211678832117
22712,0.013561411619664046
22713,0.7892561983471075
22714,0.0449582530507386
22715,0.17883211678832117
22716,0.013561411619664046
22717,0.18895348837209303
22718,0.013561411619664046
22719,0.12332439678284182
22720,0.013561411619664046
22721,0.013561411619664046
22722,0.18340611353711792
22723,0.013561411619664046
22724,0.37349397590361444
22725,0.0449582530507386
22726,0.24691358024691357
22727,0.013561411619664046
22728,0.0449582530507386
22729,0.013561411619664046
22730,0.013561411619664046
22731,0.12332439678284182
22732,0.0449582530507386
22733,0.6713286713286714
22734,0.013561411619664046
22735,0.013561411619664046
22736,0.07505070993914807
22737,0.0449582530507386
22738,0.013561411619664046
22739,0.013561411619664046
22740,0.013561411619664046
22741,0.013561411619664046
22742,0.013561411619664046
22743,0.013561411619664046
22744,0.013561411619664046
22745,0.029787234042553193
22746,0.013561411619664046
22747,0.013561411619664046
22748,0.7083333333333334
22749,0.6
22750,0.013561411619664046
22751,0.013561411619664046
22752,0.013561411619664046
22753,0.26011560693641617
22754,0.18895348837209303
22755,0.18340611353711792
22756,0.013561411619664046
22757,0.013561411619664046
22758,0.8241758241758241
22759,0.013561411619664046
22760,0.013561411619664046
22761,0.0449582530507386
22762,0.013561411619664046
22763,0.9131578947368421
22764,0.013561411619664046
22765,0.9651376146788991
22766,0.18895348837209303
22767,0.07505070993914807
22768,0.013561411619664046
22769,0.013561411619664046
22770,0.6565656565656566
22771,0.1868421052631579
22772,0.029787234042553193
22773,0.26011560693641617
22774,0.37142857142857144
22775,0.013561411619664046
22776,0.6818181818181818
22777,0.013561411619664046
22778,0.1868421052631579
22779,0.013561411619664046
22780,0.1288244766505636
22781,0.37349397590361444
22782,0.013561411619664046
22783,0.013561411619664046
22784,0.013561411619664046
22785,0.013561411619664046
22786,0.1868421052631579
22787,0.17883211678832117
22788,0.013561411619664046
22789,0.6818181818181818
22790,0.18895348837209303
22791,0.013561411619664046
22792,0.029787234042553193
22793,0.013561411619664046
22794,0.013561411619664046
22795,0.2
22796,0.7614213197969543
22797,0.013561411619664046
22798,0.013561411619664046
22799,0.18895348837209303
22800,0.0449582530507386
22801,0.013561411619664046
22802,0.07505070993914807
22803,0.013561411619664046
22804,0.0449582530507386
22805,0.013561411619664046
22806,0.013561411619664046
22807,0.013561411619664046
22808,0.0449582530507386
22809,0.18340611353711792
22810,0.0449582530507386
22811,0.013561411619664046
22812,0.013561411619664046
22813,0.013561411619664046
22814,0.7892561983471075
22815,0.7730061349693251
22816,0.0449582530507386
22817,0.013561411619664046
22818,0.0449582530507386
22819,0.0449582530507386
22820,0.12332439678284182
22821,0.013561411619664046
22822,0.6565656565656566
22823,0.013561411619664046
22824,0.013561411619664046
22825,0.013561411619664046
22826,0.17883211678832117
22827,0.07505070993914807
22828,0.0449582530507386
22829,0.013561411619664046
22830,0.013561411619664046
22831,0.013561411619664046
22832,0.029787234042553193
22833,0.1288244766505636
22834,0.9131578947368421
22835,0.9651376146788991
22836,0.07505070993914807
22837,0.0449582530507386
22838,0.37349397590361444
22839,0.7892561983471075
22840,0.8461538461538461
22841,0.013561411619664046
22842,0.013561411619664046
22843,0.013561411619664046
22844,0.0449582530507386
22845,0.8241758241758241
22846,0.7730061349693251
22847,0.013561411619664046
22848,0.5660377358490566
22849,0.013561411619664046
22850,0.013561411619664046
22851,0.0449582530507386
22852,0.013561411619664046
22853,0.7730061349693251
22854,0.0449582530507386
22855,0.0449582530507386
22856,0.0449582530507386
22857,0.26011560693641617
22858,0.9651376146788991
22859,0.013561411619664046
22860,0.013561411619664046
22861,0.013561411619664046
22862,0.9131578947368421
22863,0.013561411619664046
22864,0.1868421052631579
22865,0.1868421052631579
22866,0.1288244766505636
22867,0.013561411619664046
22868,0.0449582530507386
22869,0.9131578947368421
22870,0.013561411619664046
22871,0.029787234042553193
22872,0.013561411619664046
22873,0.013561411619664046
22874,0.07505070993914807
22875,0.1868421052631579
22876,0.8461538461538461
22877,0.9651376146788991
22878,0.013561411619664046
22879,0.07505070993914807
22880,0.9651376146788991
22881,0.1288244766505636
22882,0.18340611353711792
22883,0.0449582530507386
22884,0.0449582530507386
22885,0.7730061349693251
22886,0.1868421052631579
22887,0.07505070993914807
22888,0.0449582530507386
22889,0.013561411619664046
22890,0.0449582530507386
22891,0.013561411619664046
22892,0.0449582530507386
22893,0.6
22894,0.5194805194805194
22895,0.013561411619664046
22896,0.7
22897,0.029787234042553193
22898,0.1288244766505636
22899,0.9131578947368421
22900,0.013561411619664046
22901,0.029787234042553193
22902,0.013561411619664046
22903,0.7892561983471075
22904,0.17883211678832117
22905,0.1288244766505636
22906,0.0449582530507386
22907,0.0449582530507386
22908,0.013561411619664046
22909,0.07505070993914807
22910,0.37349397590361444
22911,0.0449582530507386
22912,0.0449582530507386
22913,0.013561411619664046
22914,0.013561411619664046
22915,0.0449582530507386
22916,0.013561411619664046
22917,0.013561411619664046
22918,0.013561411619664046
22919,0.9651376146788991
22920,0.013561411619664046
22921,0.9131578947368421
22922,0.6713286713286714
22923,0.17883211678832117
22924,0.013561411619664046
22925,0.013561411619664046
22926,0.013561411619664046
22927,0.013561411619664046
22928,0.013561411619664046
22929,0.013561411619664046
22930,0.07505070993914807
22931,0.013561411619664046
22932,0.013561411619664046
22933,0.9131578947368421
22934,0.013561411619664046
22935,0.013561411619664046
22936,0.8241758241758241
22937,0.12332439678284182
22938,0.0449582530507386
22939,0.1868421052631579
22940,0.013561411619664046
22941,0.9651376146788991
22942,0.013561411619664046
22943,0.013561411619664046
22944,0.013561411619664046
22945,0.0449582530507386
22946,0.013561411619664046
22947,0.2
22948,0.013561411619664046
22949,0.17883211678832117
22950,0.013561411619664046
22951,0.013561411619664046
22952,0.013561411619664046
22953,0.9131578947368421
22954,0.013561411619664046
22955,0.013561411619664046
22956,0.18340611353711792
22957,0.013561411619664046
22958,0.029787234042553193
22959,0.013561411619664046
22960,0.37349397590361444
22961,0.013561411619664046
22962,0.18340611353711792
22963,0.1868421052631579
22964,0.013561411619664046
22965,0.013561411619664046
22966,0.07505070993914807
22967,0.013561411619664046
22968,0.9131578947368421
22969,0.013561411619664046
22970,0.1868421052631579
22971,0.013561411619664046
22972,0.013561411619664046
22973,0.013561411619664046
22974,0.17883211678832117
22975,0.12332439678284182
22976,0.013561411619664046
22977,0.013561411619664046
22978,0.013561411619664046
22979,0.6565656565656566
22980,0.26011560693641617
22981,0.013561411619664046
22982,0.6713286713286714
22983,0.0449582530507386
22984,0.12332439678284182
22985,0.013561411619664046
22986,0.013561411619664046
22987,0.013561411619664046
22988,0.38275862068965516
22989,0.8241758241758241
22990,0.013561411619664046
22991,0.0449582530507386
22992,0.0449582530507386
22993,0.013561411619664046
22994,0.013561411619664046
22995,0.013561411619664046
22996,0.013561411619664046
22997,0.013561411619664046
22998,0.013561411619664046
22999,0.029787234042553193
23000,0.013561411619664046
23001,0.18340611353711792
23002,0.8461538461538461
23003,0.07505070993914807
23004,0.18340611353711792
23005,0.013561411619664046
23006,0.013561411619664046
23007,0.17883211678832117
23008,0.1868421052631579
23009,0.9651376146788991
23010,0.013561411619664046
23011,0.013561411619664046
23012,0.1288244766505636
23013,0.9651376146788991
23014,0.013561411619664046
23015,0.6565656565656566
23016,0.37349397590361444
23017,0.7730061349693251
23018,0.1288244766505636
23019,0.013561411619664046
23020,0.013561411619664046
23021,0.9651376146788991
23022,0.013561411619664046
23023,0.18895348837209303
23024,0.9131578947368421
23025,0.1288244766505636
23026,0.6
23027,0.07505070993914807
23028,0.0449582530507386
23029,0.17883211678832117
23030,0.18895348837209303
23031,0.75
23032,0.1288244766505636
23033,0.12332439678284182
23034,0.013561411619664046
23035,0.013561411619664046
23036,0.1868421052631579
23037,0.0449582530507386
23038,0.013561411619664046
23039,0.013561411619664046
23040,0.9651376146788991
23041,0.013561411619664046
23042,0.12332439678284182
23043,0.0449582530507386
23044,0.013561411619664046
23045,0.6818181818181818
23046,0.0449582530507386
23047,0.013561411619664046
23048,0.013561411619664046
23049,0.029787234042553193
23050,0.7892561983471075
23051,0.07505070993914807
23052,0.0449582530507386
23053,0.013561411619664046
23054,0.013561411619664046
23055,0.9651376146788991
23056,0.013561411619664046
23057,0.6713286713286714
23058,0.07505070993914807
23059,0.013561411619664046
23060,0.013561411619664046
23061,0.0449582530507386
23062,0.07505070993914807
23063,0.18895348837209303
23064,0.9131578947368421
23065,0.0449582530507386
23066,0.38181818181818183
23067,0.18340611353711792
23068,0.6818181818181818
23069,0.013561411619664046
23070,0.013561411619664046
23071,0.9131578947368421
23072,0.1288244766505636
23073,0.5194805194805194
23074,0.013561411619664046
23075,0.029787234042553193
23076,0.013561411619664046
23077,0.0449582530507386
23078,0.013561411619664046
23079,0.0449582530507386
23080,0.013561411619664046
23081,0.0449582530507386
23082,0.013561411619664046
23083,0.013561411619664046
23084,0.7083333333333334
23085,0.029787234042553193
23086,0.013561411619664046
23087,0.37142857142857144
23088,0.0449582530507386
23089,0.1288244766505636
23090,0.013561411619664046
23091,0.0449582530507386
23092,0.013561411619664046
23093,0.38275862068965516
23094,0.013561411619664046
23095,0.013561411619664046
23096,0.07505070993914807
23097,0.07505070993914807
23098,0.38275862068965516
23099,0.029787234042553193
23100,0.013561411619664046
23101,0.9131578947368421
23102,0.013561411619664046
23103,0.029787234042553193
23104,0.013561411619664046
23105,0.38275862068965516
23106,0.013561411619664046
23107,0.013561411619664046
23108,0.013561411619664046
23109,0.8241758241758241
23110,0.12332439678284182
23111,0.013561411619664046
23112,0.2
23113,0.0449582530507386
23114,0.013561411619664046
23115,0.18340611353711792
23116,0.0449582530507386
23117,0.9131578947368421
23118,0.013561411619664046
23119,0.013561411619664046
23120,0.013561411619664046
23121,0.013561411619664046
23122,0.013561411619664046
23123,0.0449582530507386
23124,0.9651376146788991
23125,0.029787234042553193
23126,0.18340611353711792
23127,0.013561411619664046
23128,0.0449582530507386
23129,0.9651376146788991
23130,0.013561411619664046
23131,0.0449582530507386
23132,0.013561411619664046
23133,0.2
23134,0.6818181818181818
23135,0.6565656565656566
23136,0.0449582530507386
23137,0.14285714285714285
23138,0.38275862068965516
23139,0.013561411619664046
23140,0.38275862068965516
23141,0.0449582530507386
23142,0.26011560693641617
23143,0.013561411619664046
23144,0.9131578947368421
23145,0.013561411619664046
23146,0.8241758241758241
23147,0.12332439678284182
23148,0.013561411619664046
23149,0.013561411619664046
23150,0.07505070993914807
23151,0.013561411619664046
23152,0.013561411619664046
23153,0.1288244766505636
23154,0.6565656565656566
23155,0.0449582530507386
23156,0.013561411619664046
23157,0.013561411619664046
23158,0.0449582530507386
23159,0.0449582530507386
23160,0.18340611353711792
23161,0.12332439678284182
23162,0.9651376146788991
23163,0.17883211678832117
23164,0.013561411619664046
23165,0.013561411619664046
23166,0.9131578947368421
23167,0.07505070993914807
23168,0.5660377358490566
23169,0.0449582530507386
23170,0.013561411619664046
23171,0.9131578947368421
23172,0.2
23173,0.013561411619664046
23174,0.029787234042553193
23175,0.013561411619664046
23176,0.18340611353711792
23177,0.013561411619664046
23178,0.9651376146788991
23179,0.013561411619664046
23180,0.013561411619664046
23181,0.3125
23182,0.18895348837209303
23183,0.9131578947368421
23184,0.1868421052631579
23185,0.07505070993914807
23186,0.013561411619664046
23187,0.9651376146788991
23188,0.013561411619664046
23189,0.07505070993914807
23190,0.013561411619664046
23191,0.013561411619664046
23192,0.029787234042553193
23193,0.013561411619664046
23194,0.013561411619664046
23195,0.1288244766505636
23196,0.013561411619664046
23197,0.17883211678832117
23198,0.013561411619664046
23199,0.2
23200,0.7892561983471075
23201,0.013561411619664046
23202,0.6713286713286714
23203,0.1288244766505636
23204,0.013561411619664046
23205,0.029787234042553193
23206,0.9131578947368421
23207,0.07505070993914807
23208,0.8421052631578947
23209,0.013561411619664046
23210,0.8461538461538461
23211,0.1288244766505636
23212,0.1868421052631579
23213,0.17883211678832117
23214,0.013561411619664046
23215,0.013561411619664046
23216,0.0449582530507386
23217,0.38181818181818183
23218,0.7614213197969543
23219,0.013561411619664046
23220,0.013561411619664046
23221,0.013561411619664046
23222,0.013561411619664046
23223,0.0449582530507386
23224,0.6565656565656566
23225,0.013561411619664046
23226,0.0449582530507386
23227,0.013561411619664046
23228,0.013561411619664046
23229,0.0449582530507386
23230,0.17883211678832117
23231,0.18340611353711792
23232,0.013561411619664046
23233,0.013561411619664046
23234,0.029787234042553193
23235,0.0
23236,0.1288244766505636
23237,0.013561411619664046
23238,0.013561411619664046
23239,0.013561411619664046
23240,0.9131578947368421
23241,0.013561411619664046
23242,0.013561411619664046
23243,0.0
23244,0.07505070993914807
23245,0.9651376146788991
23246,0.9131578947368421
23247,0.18895348837209303
23248,0.013561411619664046
23249,0.24691358024691357
23250,0.9131578947368421
23251,0.013561411619664046
23252,0.0449582530507386
23253,0.1868421052631579
23254,0.013561411619664046
23255,0.013561411619664046
23256,0.013561411619664046
23257,0.013561411619664046
23258,0.1288244766505636
23259,0.2
23260,0.9651376146788991
23261,0.9131578947368421
23262,0.0449582530507386
23263,0.013561411619664046
23264,0.0449582530507386
23265,0.013561411619664046
23266,0.24691358024691357
23267,0.1868421052631579
23268,0.7614213197969543
23269,0.013561411619664046
23270,0.5660377358490566
23271,0.37349397590361444
23272,0.013561411619664046
23273,0.18340611353711792
23274,0.1868421052631579
23275,0.013561411619664046
23276,0.7892561983471075
23277,0.18895348837209303
23278,0.0449582530507386
23279,0.8241758241758241
23280,0.6818181818181818
23281,0.1868421052631579
23282,0.9651376146788991
23283,0.013561411619664046
23284,0.6818181818181818
23285,0.013561411619664046
23286,0.013561411619664046
23287,0.1288244766505636
23288,0.013561411619664046
23289,0.0449582530507386
23290,0.029787234042553193
23291,0.1868421052631579
23292,0.17883211678832117
23293,0.013561411619664046
23294,0.18340611353711792
23295,0.013561411619664046
23296,0.18340611353711792
23297,0.38275862068965516
23298,0.1288244766505636
23299,0.013561411619664046
23300,0.013561411619664046
23301,0.7614213197969543
23302,0.9131578947368421
23303,0.6713286713286714
23304,0.9131578947368421
23305,0.1288244766505636
23306,0.5194805194805194
23307,0.013561411619664046
23308,0.8241758241758241
23309,0.18340611353711792
23310,0.013561411619664046
23311,0.26011560693641617
23312,0.1288244766505636
23313,0.013561411619664046
23314,0.37349397590361444
23315,0.013561411619664046
23316,0.5194805194805194
23317,0.18895348837209303
23318,0.013561411619664046
23319,0.38275862068965516
23320,0.7614213197969543
23321,0.1288244766505636
23322,0.6713286713286714
23323,0.013561411619664046
23324,0.17883211678832117
23325,0.013561411619664046
23326,0.013561411619664046
23327,0.013561411619664046
23328,0.7892561983471075
23329,0.17883211678832117
23330,0.013561411619664046
23331,0.013561411619664046
23332,0.1288244766505636
23333,0.1868421052631579
23334,0.029787234042553193
23335,0.013561411619664046
23336,0.013561411619664046
23337,0.0449582530507386
23338,0.7892561983471075
23339,0.8241758241758241
23340,0.38275862068965516
23341,0.07505070993914807
23342,0.0449582530507386
23343,0.0449582530507386
23344,0.013561411619664046
23345,0.38275862068965516
23346,0.0
23347,0.013561411619664046
23348,0.013561411619664046
23349,0.013561411619664046
23350,0.1288244766505636
23351,0.9651376146788991
23352,0.013561411619664046
23353,0.013561411619664046
23354,0.38181818181818183
23355,0.7730061349693251
23356,0.013561411619664046
23357,0.1868421052631579
23358,0.9131578947368421
23359,0.013561411619664046
23360,0.029787234042553193
23361,0.029787234042553193
23362,0.12332439678284182
23363,0.17883211678832117
23364,0.2
23365,0.26011560693641617
23366,0.013561411619664046
23367,0.029787234042553193
23368,0.0449582530507386
23369,0.17883211678832117
23370,0.1288244766505636
23371,0.1868421052631579
23372,0.1868421052631579
23373,0.013561411619664046
23374,0.0449582530507386
23375,0.12332439678284182
23376,0.7892561983471075
23377,0.013561411619664046
23378,0.9651376146788991
23379,0.7730061349693251
23380,0.013561411619664046
23381,0.1868421052631579
23382,0.013561411619664046
23383,0.7083333333333334
23384,0.013561411619664046
23385,0.1288244766505636
23386,0.0449582530507386
23387,0.38181818181818183
23388,0.5660377358490566
23389,0.38275862068965516
23390,0.9651376146788991
23391,0.013561411619664046
23392,0.013561411619664046
23393,0.029787234042553193
23394,0.1288244766505636
23395,0.013561411619664046
23396,0.75
23397,0.7730061349693251
23398,0.013561411619664046
23399,0.07505070993914807
23400,0.013561411619664046
23401,0.013561411619664046
23402,0.12332439678284182
23403,0.18340611353711792
23404,0.0449582530507386
23405,0.6713286713286714
23406,0.9651376146788991
23407,0.013561411619664046
23408,0.029787234042553193
23409,0.12332439678284182
23410,0.013561411619664046
23411,0.1868421052631579
23412,0.18895348837209303
23413,0.013561411619664046
23414,0.029787234042553193
23415,0.013561411619664046
23416,0.029787234042553193
23417,0.013561411619664046
23418,0.013561411619664046
23419,0.013561411619664046
23420,0.013561411619664046
23421,0.6818181818181818
23422,0.18895348837209303
23423,0.013561411619664046
23424,0.029787234042553193
23425,0.18340611353711792
23426,0.013561411619664046
23427,0.013561411619664046
23428,0.013561411619664046
23429,0.013561411619664046
23430,0.0449582530507386
23431,0.7614213197969543
23432,0.013561411619664046
23433,0.6
23434,0.0449582530507386
23435,0.12332439678284182
23436,0.7730061349693251
23437,0.07505070993914807
23438,0.1288244766505636
23439,0.17883211678832117
23440,0.2
23441,0.013561411619664046
23442,0.7
23443,0.013561411619664046
23444,0.24691358024691357
23445,0.013561411619664046
23446,0.0449582530507386
23447,0.013561411619664046
23448,0.26011560693641617
23449,0.37349397590361444
23450,0.013561411619664046
23451,0.013561411619664046
23452,0.013561411619664046
23453,0.6818181818181818
23454,0.9651376146788991
23455,0.013561411619664046
23456,0.013561411619664046
23457,0.9651376146788991
23458,0.18895348837209303
23459,0.0449582530507386
23460,0.013561411619664046
23461,0.1288244766505636
23462,0.013561411619664046
23463,0.26011560693641617
23464,0.013561411619664046
23465,0.26011560693641617
23466,0.12332439678284182
23467,0.013561411619664046
23468,0.0449582530507386
23469,0.013561411619664046
23470,0.0449582530507386
23471,0.013561411619664046
23472,0.26011560693641617
23473,0.7730061349693251
23474,0.07505070993914807
23475,0.013561411619664046
23476,0.9131578947368421
23477,0.38181818181818183
23478,0.07505070993914807
23479,0.2
23480,0.013561411619664046
23481,0.1868421052631579
23482,0.013561411619664046
23483,0.013561411619664046
23484,0.9651376146788991
23485,0.013561411619664046
23486,0.013561411619664046
23487,0.013561411619664046
23488,0.013561411619664046
23489,0.013561411619664046
23490,0.1868421052631579
23491,0.013561411619664046
23492,0.8241758241758241
23493,0.013561411619664046
23494,0.12332439678284182
23495,0.07505070993914807
23496,0.013561411619664046
23497,0.9131578947368421
23498,0.029787234042553193
23499,0.013561411619664046
23500,0.013561411619664046
23501,0.013561411619664046
23502,0.013561411619664046
23503,0.0449582530507386
23504,0.7614213197969543
23505,0.013561411619664046
23506,0.12332439678284182
23507,0.029787234042553193
23508,0.12332439678284182
23509,0.0449582530507386
23510,0.013561411619664046
23511,0.7614213197969543
23512,0.7892561983471075
23513,0.013561411619664046
23514,0.875
23515,0.18895348837209303
23516,0.013561411619664046
23517,0.013561411619664046
23518,0.013561411619664046
23519,0.013561411619664046
23520,0.18340611353711792
23521,0.7892561983471075
23522,0.0449582530507386
23523,0.0449582530507386
23524,0.013561411619664046
23525,0.37142857142857144
23526,0.7892561983471075
23527,0.1288244766505636
23528,0.12332439678284182
23529,0.0449582530507386
23530,0.6818181818181818
23531,0.38181818181818183
23532,0.013561411619664046
23533,0.0449582530507386
23534,0.013561411619664046
23535,0.0449582530507386
23536,0.013561411619664046
23537,0.013561411619664046
23538,0.6818181818181818
23539,0.013561411619664046
23540,0.1288244766505636
23541,0.013561411619664046
23542,0.1288244766505636
23543,0.013561411619664046
23544,0.013561411619664046
23545,0.07505070993914807
23546,0.8421052631578947
23547,0.013561411619664046
23548,0.12332439678284182
23549,0.12332439678284182
23550,0.7
23551,0.013561411619664046
23552,0.013561411619664046
23553,0.6818181818181818
23554,0.013561411619664046
23555,0.9651376146788991
23556,0.029787234042553193
23557,0.0449582530507386
23558,0.013561411619664046
23559,0.0449582530507386
23560,0.013561411619664046
23561,0.9651376146788991
23562,0.013561411619664046
23563,0.2
23564,0.013561411619664046
23565,0.1288244766505636
23566,0.0449582530507386
23567,0.5194805194805194
23568,0.013561411619664046
23569,0.8241758241758241
23570,0.9131578947368421
23571,0.7892561983471075
23572,0.013561411619664046
23573,0.013561411619664046
23574,0.013561411619664046
23575,0.013561411619664046
23576,0.013561411619664046
23577,0.013561411619664046
23578,0.013561411619664046
23579,0.6713286713286714
23580,0.37349397590361444
23581,0.0449582530507386
23582,0.013561411619664046
23583,0.013561411619664046
23584,0.013561411619664046
23585,0.013561411619664046
23586,0.0449582530507386
23587,0.013561411619664046
23588,0.013561411619664046
23589,0.38275862068965516
23590,0.013561411619664046
23591,0.0449582530507386
23592,0.013561411619664046
23593,0.013561411619664046
23594,0.0449582530507386
23595,0.9131578947368421
23596,0.26011560693641617
23597,0.38181818181818183
23598,0.18895348837209303
23599,0.013561411619664046
23600,0.0449582530507386
23601,0.07505070993914807
23602,0.1288244766505636
23603,0.013561411619664046
23604,0.0449582530507386
23605,0.013561411619664046
23606,0.8461538461538461
23607,0.8461538461538461
23608,0.013561411619664046
23609,0.013561411619664046
23610,0.0449582530507386
23611,0.013561411619664046
23612,0.07505070993914807
23613,0.1288244766505636
23614,0.013561411619664046
23615,0.8241758241758241
23616,0.1288244766505636
23617,0.013561411619664046
23618,0.9651376146788991
23619,0.013561411619664046
23620,0.013561411619664046
23621,0.1288244766505636
23622,0.07505070993914807
23623,0.013561411619664046
23624,0.18340611353711792
23625,0.9651376146788991
23626,0.013561411619664046
23627,0.029787234042553193
23628,0.013561411619664046
23629,0.013561411619664046
23630,0.013561411619664046
23631,0.9131578947368421
23632,0.013561411619664046
23633,0.9651376146788991
23634,0.013561411619664046
23635,0.0449582530507386
23636,0.013561411619664046
23637,0.013561411619664046
23638,0.0449582530507386
23639,0.013561411619664046
23640,0.013561411619664046
23641,0.013561411619664046
23642,0.12332439678284182
23643,0.1288244766505636
23644,0.1868421052631579
23645,0.013561411619664046
23646,0.6565656565656566
23647,0.013561411619664046
23648,0.38275862068965516
23649,0.18895348837209303
23650,0.9131578947368421
23651,0.013561411619664046
23652,0.013561411619664046
23653,0.9651376146788991
23654,0.013561411619664046
23655,0.7730061349693251
23656,0.0449582530507386
23657,0.17883211678832117
23658,0.7614213197969543
23659,0.013561411619664046
23660,0.0449582530507386
23661,0.0449582530507386
23662,0.1868421052631579
23663,0.013561411619664046
23664,0.9651376146788991
23665,0.013561411619664046
23666,0.013561411619664046
23667,0.1868421052631579
23668,0.013561411619664046
23669,0.9131578947368421
23670,0.029787234042553193
23671,0.013561411619664046
23672,0.013561411619664046
23673,0.013561411619664046
23674,0.8461538461538461
23675,0.18895348837209303
23676,0.013561411619664046
23677,0.17883211678832117
23678,0.7892561983471075
23679,0.24691358024691357
23680,0.013561411619664046
23681,0.38275862068965516
23682,0.013561411619664046
23683,0.14285714285714285
23684,0.013561411619664046
23685,0.6818181818181818
23686,0.0449582530507386
23687,0.9131578947368421
23688,0.013561411619664046
23689,0.013561411619664046
23690,0.18340611353711792
23691,0.18340611353711792
23692,0.013561411619664046
23693,1.0
23694,0.9651376146788991
23695,0.013561411619664046
23696,0.18340611353711792
23697,0.029787234042553193
23698,0.7614213197969543
23699,0.12332439678284182
23700,0.0449582530507386
23701,0.013561411619664046
23702,0.26011560693641617
23703,0.013561411619664046
23704,0.18895348837209303
23705,0.013561411619664046
23706,0.013561411619664046
23707,0.013561411619664046
23708,0.24691358024691357
23709,0.0449582530507386
23710,0.013561411619664046
23711,0.07505070993914807
23712,0.013561411619664046
23713,0.0449582530507386
23714,0.8461538461538461
23715,0.9651376146788991
23716,0.013561411619664046
23717,0.17883211678832117
23718,0.013561411619664046
23719,0.029787234042553193
23720,0.5194805194805194
23721,0.013561411619664046
23722,0.013561411619664046
23723,0.9651376146788991
23724,0.029787234042553193
23725,0.013561411619664046
23726,0.013561411619664046
23727,0.18895348837209303
23728,0.6
23729,0.013561411619664046
23730,0.9131578947368421
23731,0.013561411619664046
23732,0.013561411619664046
23733,0.013561411619664046
23734,0.9131578947368421
23735,0.013561411619664046
23736,0.013561411619664046
23737,0.013561411619664046
23738,0.0449582530507386
23739,0.12332439678284182
23740,0.013561411619664046
23741,0.8241758241758241
23742,0.12332439678284182
23743,0.013561411619664046
23744,0.013561411619664046
23745,0.9651376146788991
23746,0.013561411619664046
23747,0.0449582530507386
23748,0.9651376146788991
23749,0.18340611353711792
23750,0.18340611353711792
23751,0.013561411619664046
23752,0.9651376146788991
23753,0.013561411619664046
23754,0.013561411619664046
23755,0.1288244766505636
23756,0.013561411619664046
23757,0.2
23758,0.013561411619664046
23759,0.38275862068965516
23760,0.013561411619664046
23761,0.013561411619664046
23762,0.013561411619664046
23763,0.7892561983471075
23764,0.013561411619664046
23765,0.029787234042553193
23766,0.013561411619664046
23767,0.013561411619664046
23768,0.9131578947368421
23769,0.1868421052631579
23770,0.18895348837209303
23771,0.013561411619664046
23772,0.2
23773,0.013561411619664046
23774,0.18340611353711792
23775,0.38181818181818183
23776,0.013561411619664046
23777,0.0449582530507386
23778,0.9651376146788991
23779,0.1868421052631579
23780,0.9651376146788991
23781,0.029787234042553193
23782,0.07505070993914807
23783,0.013561411619664046
23784,0.013561411619664046
23785,0.013561411619664046
23786,0.8241758241758241
23787,0.18895348837209303
23788,0.1288244766505636
23789,0.1868421052631579
23790,0.6818181818181818
23791,0.013561411619664046
23792,0.013561411619664046
23793,0.013561411619664046
23794,0.013561411619664046
23795,0.013561411619664046
23796,0.013561411619664046
23797,0.9131578947368421
23798,0.013561411619664046
23799,0.38181818181818183
23800,0.2
23801,0.1288244766505636
23802,0.37349397590361444
23803,0.7892561983471075
23804,0.029787234042553193
23805,0.7892561983471075
23806,0.6713286713286714
23807,0.1288244766505636
23808,0.013561411619664046
23809,0.6713286713286714
23810,0.013561411619664046
23811,0.26011560693641617
23812,0.9131578947368421
23813,0.1288244766505636
23814,0.013561411619664046
23815,0.013561411619664046
23816,0.0449582530507386
23817,0.7892561983471075
23818,0.013561411619664046
23819,0.6
23820,0.013561411619664046
23821,0.013561411619664046
23822,0.013561411619664046
23823,0.0449582530507386
23824,0.013561411619664046
23825,0.0449582530507386
23826,0.5194805194805194
23827,0.1288244766505636
23828,0.013561411619664046
23829,0.029787234042553193
23830,0.0449582530507386
23831,0.12332439678284182
23832,0.9651376146788991
23833,0.013561411619664046
23834,0.013561411619664046
23835,0.013561411619664046
23836,0.029787234042553193
23837,0.013561411619664046
23838,0.0449582530507386
23839,0.013561411619664046
23840,0.1868421052631579
23841,0.9131578947368421
23842,0.18340611353711792
23843,0.013561411619664046
23844,0.1288244766505636
23845,0.0449582530507386
23846,0.013561411619664046
23847,0.013561411619664046
23848,0.013561411619664046
23849,0.9131578947368421
23850,0.013561411619664046
23851,0.7614213197969543
23852,0.013561411619664046
23853,0.013561411619664046
23854,0.6713286713286714
23855,0.013561411619664046
23856,0.12332439678284182
23857,0.18895348837209303
23858,0.38275862068965516
23859,0.013561411619664046
23860,0.013561411619664046
23861,0.12332439678284182
23862,0.013561411619664046
23863,0.013561411619664046
23864,0.013561411619664046
23865,0.07505070993914807
23866,0.12332439678284182
23867,0.9651376146788991
23868,0.24691358024691357
23869,0.013561411619664046
23870,0.013561411619664046
23871,0.38181818181818183
23872,0.013561411619664046
23873,0.013561411619664046
23874,0.7730061349693251
23875,0.013561411619664046
23876,0.013561411619664046
23877,0.029787234042553193
23878,0.9651376146788991
23879,0.013561411619664046
23880,0.013561411619664046
23881,0.9131578947368421
23882,0.9131578947368421
23883,0.1288244766505636
23884,0.013561411619664046
23885,0.9651376146788991
23886,0.013561411619664046
23887,0.013561411619664046
23888,0.18895348837209303
23889,0.7083333333333334
23890,0.013561411619664046
23891,0.013561411619664046
23892,0.38275862068965516
23893,0.013561411619664046
23894,0.1288244766505636
23895,0.013561411619664046
23896,0.14285714285714285
23897,0.1868421052631579
23898,0.013561411619664046
23899,0.0449582530507386
23900,0.013561411619664046
23901,0.12332439678284182
23902,0.013561411619664046
23903,0.013561411619664046
23904,0.12332439678284182
23905,0.0449582530507386
23906,0.029787234042553193
23907,0.013561411619664046
23908,0.013561411619664046
23909,0.013561411619664046
23910,0.013561411619664046
23911,0.013561411619664046
23912,0.07505070993914807
23913,0.013561411619664046
23914,0.013561411619664046
23915,0.013561411619664046
23916,0.45714285714285713
23917,0.013561411619664046
23918,0.6818181818181818
23919,0.013561411619664046
23920,0.38275862068965516
23921,0.013561411619664046
23922,0.013561411619664046
23923,0.7730061349693251
23924,0.013561411619664046
23925,0.7892561983471075
23926,0.013561411619664046
23927,0.45714285714285713
23928,0.029787234042553193
23929,0.7083333333333334
23930,0.029787234042553193
23931,0.013561411619664046
23932,0.12332439678284182
23933,0.013561411619664046
23934,0.0449582530507386
23935,0.0449582530507386
23936,0.013561411619664046
23937,0.0449582530507386
23938,0.013561411619664046
23939,0.14285714285714285
23940,0.0449582530507386
23941,0.9131578947368421
23942,0.029787234042553193
23943,0.013561411619664046
23944,0.38275862068965516
23945,0.07505070993914807
23946,0.013561411619664046
23947,0.0449582530507386
23948,0.7
23949,0.013561411619664046
23950,0.013561411619664046
23951,0.013561411619664046
23952,0.0449582530507386
23953,0.013561411619664046
23954,0.07505070993914807
23955,0.029787234042553193
23956,0.07505070993914807
23957,0.013561411619664046
23958,0.7614213197969543
23959,0.013561411619664046
23960,0.07505070993914807
23961,0.2
23962,0.013561411619664046
23963,0.45714285714285713
23964,0.07505070993914807
23965,0.029787234042553193
23966,0.013561411619664046
23967,0.013561411619664046
23968,0.013561411619664046
23969,0.013561411619664046
23970,0.7614213197969543
23971,0.013561411619664046
23972,0.013561411619664046
23973,0.013561411619664046
23974,0.38181818181818183
23975,0.9651376146788991
23976,0.013561411619664046
23977,0.9651376146788991
23978,0.013561411619664046
23979,0.38275862068965516
23980,0.38275862068965516
23981,0.013561411619664046
23982,0.07505070993914807
23983,0.9651376146788991
23984,0.013561411619664046
23985,0.013561411619664046
23986,0.0449582530507386
23987,0.38275862068965516
23988,0.013561411619664046
23989,0.2
23990,0.1868421052631579
23991,0.26011560693641617
23992,0.1868421052631579
23993,0.013561411619664046
23994,0.7730061349693251
23995,0.1288244766505636
23996,0.1288244766505636
23997,0.0449582530507386
23998,0.9651376146788991
23999,0.75
24000,0.013561411619664046
24001,0.013561411619664046
24002,0.013561411619664046
24003,0.013561411619664046
24004,0.18895348837209303
24005,0.6
24006,0.18895348837209303
24007,0.013561411619664046
24008,0.013561411619664046
24009,0.013561411619664046
24010,0.013561411619664046
24011,0.013561411619664046
24012,0.013561411619664046
24013,0.0
24014,0.8421052631578947
24015,0.7083333333333334
24016,0.013561411619664046
24017,0.6
24018,0.013561411619664046
24019,0.013561411619664046
24020,0.013561411619664046
24021,0.0449582530507386
24022,0.029787234042553193
24023,0.9651376146788991
24024,0.7730061349693251
24025,0.013561411619664046
24026,0.013561411619664046
24027,0.013561411619664046
24028,0.013561411619664046
24029,0.26011560693641617
24030,0.013561411619664046
24031,0.013561411619664046
24032,0.0449582530507386
24033,0.013561411619664046
24034,0.07505070993914807
24035,0.013561411619664046
24036,0.0449582530507386
24037,0.013561411619664046
24038,0.1288244766505636
24039,0.9131578947368421
24040,0.013561411619664046
24041,0.9131578947368421
24042,0.3125
24043,0.07505070993914807
24044,0.5194805194805194
24045,0.7892561983471075
24046,0.18340611353711792
24047,0.013561411619664046
24048,0.18895348837209303
24049,0.1288244766505636
24050,0.07505070993914807
24051,0.013561411619664046
24052,0.013561411619664046
24053,0.17883211678832117
24054,0.013561411619664046
24055,0.26011560693641617
24056,0.013561411619664046
24057,0.07505070993914807
24058,0.2
24059,0.9131578947368421
24060,0.7892561983471075
24061,0.013561411619664046
24062,0.029787234042553193
24063,0.013561411619664046
24064,0.013561411619664046
24065,0.013561411619664046
24066,0.029787234042553193
24067,0.013561411619664046
24068,0.07505070993914807
24069,0.013561411619664046
24070,0.07505070993914807
24071,0.07505070993914807
24072,0.18895348837209303
24073,0.9131578947368421
24074,0.029787234042553193
24075,0.9651376146788991
24076,0.0449582530507386
24077,0.0449582530507386
24078,0.013561411619664046
24079,0.7892561983471075
24080,0.07505070993914807
24081,0.013561411619664046
24082,0.26011560693641617
24083,0.7614213197969543
24084,0.013561411619664046
24085,0.18340611353711792
24086,0.013561411619664046
24087,0.0449582530507386
24088,0.12332439678284182
24089,0.6
24090,0.0449582530507386
24091,0.12332439678284182
24092,0.013561411619664046
24093,0.0449582530507386
24094,0.18895348837209303
24095,0.013561411619664046
24096,0.38275862068965516
24097,0.18895348837209303
24098,0.38275862068965516
24099,0.1288244766505636
24100,0.013561411619664046
24101,0.12332439678284182
24102,0.013561411619664046
24103,0.6818181818181818
24104,0.0449582530507386
24105,0.07505070993914807
24106,0.12332439678284182
24107,0.013561411619664046
24108,0.013561411619664046
24109,0.7892561983471075
24110,0.9131578947368421
24111,0.8421052631578947
24112,0.38275862068965516
24113,0.013561411619664046
24114,0.013561411619664046
24115,0.013561411619664046
24116,0.9651376146788991
24117,0.1288244766505636
24118,0.013561411619664046
24119,0.1288244766505636
24120,0.0449582530507386
24121,0.1288244766505636
24122,0.013561411619664046
24123,0.013561411619664046
24124,0.1868421052631579
24125,0.013561411619664046
24126,0.013561411619664046
24127,0.013561411619664046
24128,0.013561411619664046
24129,0.013561411619664046
24130,0.013561411619664046
24131,0.0449582530507386
24132,0.013561411619664046
24133,0.0449582530507386
24134,0.9651376146788991
24135,0.7614213197969543
24136,0.07505070993914807
24137,0.013561411619664046
24138,0.013561411619664046
24139,0.013561411619664046
24140,0.013561411619664046
24141,0.9651376146788991
24142,0.07505070993914807
24143,0.6713286713286714
24144,0.6713286713286714
24145,0.013561411619664046
24146,0.07505070993914807
24147,0.1868421052631579
24148,0.0449582530507386
24149,0.013561411619664046
24150,0.0449582530507386
24151,0.38275862068965516
24152,0.8241758241758241
24153,0.029787234042553193
24154,0.24691358024691357
24155,0.18340611353711792
24156,0.1288244766505636
24157,0.013561411619664046
24158,0.24691358024691357
24159,0.029787234042553193
24160,0.1868421052631579
24161,0.9651376146788991
24162,0.029787234042553193
24163,0.12332439678284182
24164,0.0449582530507386
24165,0.013561411619664046
24166,0.0449582530507386
24167,0.9131578947368421
24168,0.029787234042553193
24169,0.013561411619664046
24170,0.013561411619664046
24171,0.1868421052631579
24172,0.013561411619664046
24173,0.013561411619664046
24174,0.9131578947368421
24175,0.1868421052631579
24176,0.013561411619664046
24177,0.1288244766505636
24178,0.9651376146788991
24179,0.0449582530507386
24180,0.1288244766505636
24181,0.2
24182,0.013561411619664046
24183,0.013561411619664046
24184,0.26011560693641617
24185,0.9131578947368421
24186,0.013561411619664046
24187,0.013561411619664046
24188,0.013561411619664046
24189,0.0449582530507386
24190,0.18895348837209303
24191,0.013561411619664046
24192,0.9651376146788991
24193,0.013561411619664046
24194,0.013561411619664046
24195,0.013561411619664046
24196,0.013561411619664046
24197,0.18340611353711792
24198,0.013561411619664046
24199,0.7892561983471075
24200,0.0449582530507386
24201,0.013561411619664046
24202,0.0449582530507386
24203,0.12332439678284182
24204,0.013561411619664046
24205,0.0449582530507386
24206,0.1288244766505636
24207,0.17883211678832117
24208,0.013561411619664046
24209,0.0449582530507386
24210,0.013561411619664046
24211,0.0449582530507386
24212,0.013561411619664046
24213,0.1288244766505636
24214,0.013561411619664046
24215,0.6
24216,0.1868421052631579
24217,0.013561411619664046
24218,0.013561411619664046
24219,0.6565656565656566
24220,0.013561411619664046
24221,0.26011560693641617
24222,0.1868421052631579
24223,0.1868421052631579
24224,0.37349397590361444
24225,0.38275862068965516
24226,0.1288244766505636
24227,0.013561411619664046
24228,0.013561411619664046
24229,0.07505070993914807
24230,0.7730061349693251
24231,0.013561411619664046
24232,0.013561411619664046
24233,0.013561411619664046
24234,0.013561411619664046
24235,0.1288244766505636
24236,0.8241758241758241
24237,0.18895348837209303
24238,0.0449582530507386
24239,0.18895348837209303
24240,0.013561411619664046
24241,0.24691358024691357
24242,0.013561411619664046
24243,0.1288244766505636
24244,0.029787234042553193
24245,0.013561411619664046
24246,0.0449582530507386
24247,0.0449582530507386
24248,0.029787234042553193
24249,0.013561411619664046
24250,0.013561411619664046
24251,0.013561411619664046
24252,0.013561411619664046
24253,0.0449582530507386
24254,0.7892561983471075
24255,0.013561411619664046
24256,0.013561411619664046
24257,0.013561411619664046
24258,0.18895348837209303
24259,0.12332439678284182
24260,0.0449582530507386
24261,0.07505070993914807
24262,0.0449582530507386
24263,0.18340611353711792
24264,0.013561411619664046
24265,0.013561411619664046
24266,0.013561411619664046
24267,0.12332439678284182
24268,0.013561411619664046
24269,0.0449582530507386
24270,0.9131578947368421
24271,0.013561411619664046
24272,0.013561411619664046
24273,0.013561411619664046
24274,0.0449582530507386
24275,0.7614213197969543
24276,0.07505070993914807
24277,0.38275862068965516
24278,0.12332439678284182
24279,0.013561411619664046
24280,0.07505070993914807
24281,0.013561411619664046
24282,0.6
24283,0.0449582530507386
24284,0.013561411619664046
24285,0.013561411619664046
24286,0.26011560693641617
24287,0.38181818181818183
24288,0.37142857142857144
24289,0.013561411619664046
24290,0.0449582530507386
24291,0.013561411619664046
24292,0.013561411619664046
24293,0.013561411619664046
24294,0.18895348837209303
24295,0.029787234042553193
24296,0.013561411619664046
24297,0.013561411619664046
24298,0.5194805194805194
24299,0.2
24300,0.013561411619664046
24301,0.18340611353711792
24302,0.013561411619664046
24303,0.013561411619664046
24304,0.013561411619664046
24305,0.013561411619664046
24306,0.013561411619664046
24307,0.9131578947368421
24308,0.8241758241758241
24309,0.0449582530507386
24310,0.013561411619664046
24311,0.0449582530507386
24312,0.013561411619664046
24313,0.013561411619664046
24314,0.013561411619664046
24315,0.013561411619664046
24316,0.013561411619664046
24317,0.14285714285714285
24318,0.6565656565656566
24319,0.6818181818181818
24320,0.013561411619664046
24321,0.0449582530507386
24322,0.0449582530507386
24323,0.0449582530507386
24324,0.013561411619664046
24325,0.9651376146788991
24326,0.9131578947368421
24327,0.0449582530507386
24328,0.013561411619664046
24329,0.013561411619664046
24330,0.18340611353711792
24331,0.013561411619664046
24332,0.013561411619664046
24333,0.013561411619664046
24334,0.1288244766505636
24335,0.1868421052631579
24336,0.9131578947368421
24337,0.18895348837209303
24338,0.18340611353711792
24339,0.7730061349693251
24340,0.12332439678284182
24341,0.1288244766505636
24342,0.12332439678284182
24343,0.013561411619664046
24344,0.013561411619664046
24345,0.18895348837209303
24346,0.013561411619664046
24347,0.1288244766505636
24348,0.013561411619664046
24349,0.9131578947368421
24350,0.12332439678284182
24351,0.013561411619664046
24352,0.17883211678832117
24353,0.013561411619664046
24354,0.0449582530507386
24355,0.0449582530507386
24356,0.013561411619664046
24357,0.013561411619664046
24358,0.013561411619664046
24359,0.0449582530507386
24360,0.013561411619664046
24361,0.18895348837209303
24362,0.013561411619664046
24363,0.9131578947368421
24364,0.1288244766505636
24365,0.013561411619664046
24366,0.013561411619664046
24367,0.0449582530507386
24368,0.18340611353711792
24369,0.013561411619664046
24370,0.013561411619664046
24371,0.0449582530507386
24372,0.013561411619664046
24373,0.9651376146788991
24374,0.1288244766505636
24375,0.9131578947368421
24376,0.1868421052631579
24377,0.013561411619664046
24378,0.013561411619664046
24379,0.6
24380,0.9131578947368421
24381,0.8421052631578947
24382,0.013561411619664046
24383,0.1868421052631579
24384,0.8241758241758241
24385,0.013561411619664046
24386,0.1868421052631579
24387,0.8241758241758241
24388,0.013561411619664046
24389,0.013561411619664046
24390,0.0449582530507386
24391,0.5194805194805194
24392,0.1288244766505636
24393,0.0449582530507386
24394,0.0449582530507386
24395,0.013561411619664046
24396,0.9131578947368421
24397,0.013561411619664046
24398,0.013561411619664046
24399,0.013561411619664046
24400,0.029787234042553193
24401,0.013561411619664046
24402,0.013561411619664046
24403,0.6713286713286714
24404,0.013561411619664046
24405,0.12332439678284182
24406,0.013561411619664046
24407,0.38181818181818183
24408,0.7730061349693251
24409,0.029787234042553193
24410,0.6713286713286714
24411,0.013561411619664046
24412,0.0449582530507386
24413,0.013561411619664046
24414,0.013561411619664046
24415,0.013561411619664046
24416,0.013561411619664046
24417,0.013561411619664046
24418,0.7892561983471075
24419,0.029787234042553193
24420,0.013561411619664046
24421,0.013561411619664046
24422,0.7730061349693251
24423,0.013561411619664046
24424,0.013561411619664046
24425,0.07505070993914807
24426,0.38181818181818183
24427,0.013561411619664046
24428,0.18895348837209303
24429,0.7614213197969543
24430,0.07505070993914807
24431,0.029787234042553193
24432,0.013561411619664046
24433,0.013561411619664046
24434,0.013561411619664046
24435,0.1288244766505636
24436,0.0449582530507386
24437,0.6565656565656566
24438,0.013561411619664046
24439,0.013561411619664046
24440,0.013561411619664046
24441,0.013561411619664046
24442,0.0449582530507386
24443,0.6818181818181818
24444,0.18895348837209303
24445,0.9131578947368421
24446,0.18895348837209303
24447,0.26011560693641617
24448,0.013561411619664046
24449,0.38275862068965516
24450,0.013561411619664046
24451,0.07505070993914807
24452,0.7892561983471075
24453,0.37349397590361444
24454,0.013561411619664046
24455,0.013561411619664046
24456,0.0449582530507386
24457,0.0449582530507386
24458,0.013561411619664046
24459,0.0449582530507386
24460,0.013561411619664046
24461,0.013561411619664046
24462,0.6818181818181818
24463,0.013561411619664046
24464,0.26011560693641617
24465,0.7730061349693251
24466,0.9131578947368421
24467,0.0449582530507386
24468,0.013561411619664046
24469,0.013561411619664046
24470,0.013561411619664046
24471,0.7614213197969543
24472,0.17883211678832117
24473,0.8241758241758241
24474,0.0449582530507386
24475,0.013561411619664046
24476,0.013561411619664046
24477,0.07505070993914807
24478,0.1288244766505636
24479,0.013561411619664046
24480,0.013561411619664046
24481,0.013561411619664046
24482,0.6818181818181818
24483,0.12332439678284182
24484,0.013561411619664046
24485,0.013561411619664046
24486,0.013561411619664046
24487,0.2
24488,0.18895348837209303
24489,0.12332439678284182
24490,0.013561411619664046
24491,0.7614213197969543
24492,0.1868421052631579
24493,0.013561411619664046
24494,0.0449582530507386
24495,0.013561411619664046
24496,0.013561411619664046
24497,0.029787234042553193
24498,0.1288244766505636
24499,0.013561411619664046
24500,0.013561411619664046
24501,0.1288244766505636
24502,0.013561411619664046
24503,0.013561411619664046
24504,0.013561411619664046
24505,0.013561411619664046
24506,0.013561411619664046
24507,0.013561411619664046
24508,0.013561411619664046
24509,0.17883211678832117
24510,0.18340611353711792
24511,0.18340611353711792
24512,0.18340611353711792
24513,0.013561411619664046
24514,0.8241758241758241
24515,0.1868421052631579
24516,0.029787234042553193
24517,0.013561411619664046
24518,0.9651376146788991
24519,0.9651376146788991
24520,0.013561411619664046
24521,0.0449582530507386
24522,0.013561411619664046
24523,0.38181818181818183
24524,0.013561411619664046
24525,0.1868421052631579
24526,0.013561411619664046
24527,0.013561411619664046
24528,0.0449582530507386
24529,0.013561411619664046
24530,0.013561411619664046
24531,0.013561411619664046
24532,0.9651376146788991
24533,0.7614213197969543
24534,0.14285714285714285
24535,0.1288244766505636
24536,0.26011560693641617
24537,0.1868421052631579
24538,0.17883211678832117
24539,0.17883211678832117
24540,0.9131578947368421
24541,0.029787234042553193
24542,0.37349397590361444
24543,0.013561411619664046
24544,0.17883211678832117
24545,0.013561411619664046
24546,0.2
24547,0.12332439678284182
24548,0.9651376146788991
24549,0.0449582530507386
24550,0.013561411619664046
24551,0.013561411619664046
24552,0.013561411619664046
24553,0.013561411619664046
24554,0.013561411619664046
24555,0.013561411619664046
24556,0.013561411619664046
24557,0.12332439678284182
24558,0.9651376146788991
24559,0.1288244766505636
24560,0.9131578947368421
24561,0.38275862068965516
24562,0.9651376146788991
24563,0.013561411619664046
24564,0.013561411619664046
24565,0.12332439678284182
24566,0.12332439678284182
24567,0.013561411619664046
24568,0.38181818181818183
24569,0.013561411619664046
24570,0.17883211678832117
24571,0.013561411619664046
24572,0.1868421052631579
24573,0.013561411619664046
24574,0.013561411619664046
24575,0.029787234042553193
24576,0.9651376146788991
24577,0.013561411619664046
24578,0.013561411619664046
24579,0.9131578947368421
24580,0.013561411619664046
24581,0.9651376146788991
24582,0.26011560693641617
24583,0.9131578947368421
24584,0.9131578947368421
24585,0.013561411619664046
24586,0.013561411619664046
24587,0.18340611353711792
24588,0.029787234042553193
24589,0.0449582530507386
24590,0.1868421052631579
24591,0.013561411619664046
24592,0.18340611353711792
24593,0.07505070993914807
24594,0.38181818181818183
24595,0.013561411619664046
24596,0.9651376146788991
24597,0.013561411619664046
24598,0.013561411619664046
24599,0.013561411619664046
24600,0.17883211678832117
24601,0.12332439678284182
24602,0.013561411619664046
24603,0.013561411619664046
24604,0.013561411619664046
24605,0.013561411619664046
24606,0.9131578947368421
24607,0.013561411619664046
24608,0.12332439678284182
24609,0.1868421052631579
24610,0.013561411619664046
24611,0.013561411619664046
24612,0.8241758241758241
24613,0.0449582530507386
24614,0.013561411619664046
24615,0.1288244766505636
24616,0.9131578947368421
24617,0.0449582530507386
24618,0.9131578947368421
24619,0.1288244766505636
24620,0.17883211678832117
24621,0.6713286713286714
24622,0.013561411619664046
24623,0.18895348837209303
24624,0.013561411619664046
24625,0.8421052631578947
24626,0.45714285714285713
24627,0.013561411619664046
24628,0.18895348837209303
24629,0.0449582530507386
24630,0.12332439678284182
24631,0.013561411619664046
24632,0.013561411619664046
24633,0.013561411619664046
24634,0.18340611353711792
24635,0.1868421052631579
24636,0.1868421052631579
24637,0.17883211678832117
24638,0.013561411619664046
24639,0.0449582530507386
24640,0.013561411619664046
24641,0.7892561983471075
24642,0.8421052631578947
24643,0.013561411619664046
24644,0.2
24645,0.14285714285714285
24646,0.7730061349693251
24647,0.2
24648,0.38181818181818183
24649,0.013561411619664046
24650,0.013561411619664046
24651,0.0449582530507386
24652,0.17883211678832117
24653,0.37349397590361444
24654,0.9651376146788991
24655,0.029787234042553193
24656,0.013561411619664046
24657,0.7892561983471075
24658,0.26011560693641617
24659,0.013561411619664046
24660,0.013561411619664046
24661,0.75
24662,0.8241758241758241
24663,0.013561411619664046
24664,0.0449582530507386
24665,0.029787234042553193
24666,0.013561411619664046
24667,0.0449582530507386
24668,0.8241758241758241
24669,0.6565656565656566
24670,0.7730061349693251
24671,0.9651376146788991
24672,0.1288244766505636
24673,0.013561411619664046
24674,0.24691358024691357
24675,0.013561411619664046
24676,0.013561411619664046
24677,0.9131578947368421
24678,0.9651376146788991
24679,0.07505070993914807
24680,0.7892561983471075
24681,0.013561411619664046
24682,0.013561411619664046
24683,0.013561411619664046
24684,0.9651376146788991
24685,0.013561411619664046
24686,0.07505070993914807
24687,0.1288244766505636
24688,0.6713286713286714
24689,0.6713286713286714
24690,0.013561411619664046
24691,0.013561411619664046
24692,0.9651376146788991
24693,0.18340611353711792
24694,0.013561411619664046
24695,0.0449582530507386
24696,0.18340611353711792
24697,0.013561411619664046
24698,0.013561411619664046
24699,0.9131578947368421
24700,0.0449582530507386
24701,0.013561411619664046
24702,0.1288244766505636
24703,0.013561411619664046
24704,0.013561411619664046
24705,0.1868421052631579
24706,0.1288244766505636
24707,0.6818181818181818
24708,0.013561411619664046
24709,0.1868421052631579
24710,0.013561411619664046
24711,0.013561411619664046
24712,0.3125
24713,0.1288244766505636
24714,0.1288244766505636
24715,0.013561411619664046
24716,0.0
24717,0.013561411619664046
24718,0.013561411619664046
24719,0.1288244766505636
24720,0.1868421052631579
24721,0.6
24722,0.013561411619664046
24723,0.013561411619664046
24724,0.0449582530507386
24725,0.8241758241758241
24726,0.38275862068965516
24727,0.013561411619664046
24728,0.6818181818181818
24729,0.013561411619664046
24730,0.013561411619664046
24731,0.0449582530507386
24732,0.0449582530507386
24733,0.0449582530507386
24734,0.17883211678832117
24735,0.013561411619664046
24736,0.38275862068965516
24737,0.013561411619664046
24738,0.18895348837209303
24739,0.013561411619664046
24740,0.38275862068965516
24741,0.12332439678284182
24742,0.6713286713286714
24743,0.013561411619664046
24744,0.1868421052631579
24745,0.18895348837209303
24746,0.029787234042553193
24747,0.07505070993914807
24748,0.6
24749,0.013561411619664046
24750,0.0449582530507386
24751,0.0449582530507386
24752,0.013561411619664046
24753,0.013561411619664046
24754,0.12332439678284182
24755,0.013561411619664046
24756,0.013561411619664046
24757,0.17883211678832117
24758,0.013561411619664046
24759,0.013561411619664046
24760,0.013561411619664046
24761,0.013561411619664046
24762,0.18895348837209303
24763,0.07505070993914807
24764,0.013561411619664046
24765,0.013561411619664046
24766,0.013561411619664046
24767,0.0449582530507386
24768,0.029787234042553193
24769,0.013561411619664046
24770,0.013561411619664046
24771,0.013561411619664046
24772,0.1288244766505636
24773,0.0449582530507386
24774,0.1868421052631579
24775,0.013561411619664046
24776,0.1868421052631579
24777,0.029787234042553193
24778,0.7614213197969543
24779,0.013561411619664046
24780,0.013561411619664046
24781,0.013561411619664046
24782,0.9131578947368421
24783,0.0449582530507386
24784,0.2
24785,0.17883211678832117
24786,0.1868421052631579
24787,0.013561411619664046
24788,0.8241758241758241
24789,0.029787234042553193
24790,0.013561411619664046
24791,0.38275862068965516
24792,0.013561411619664046
24793,0.7083333333333334
24794,0.013561411619664046
24795,0.013561411619664046
24796,0.9651376146788991
24797,0.013561411619664046
24798,0.013561411619664046
24799,0.013561411619664046
24800,0.12332439678284182
24801,0.013561411619664046
24802,0.7730061349693251
24803,0.013561411619664046
24804,0.013561411619664046
24805,0.1288244766505636
24806,0.013561411619664046
24807,0.029787234042553193
24808,0.013561411619664046
24809,0.1868421052631579
24810,0.013561411619664046
24811,0.013561411619664046
24812,0.013561411619664046
24813,0.0449582530507386
24814,0.1288244766505636
24815,0.013561411619664046
24816,0.013561411619664046
24817,0.013561411619664046
24818,0.029787234042553193
24819,0.38181818181818183
24820,0.7892561983471075
24821,0.013561411619664046
24822,0.07505070993914807
24823,0.1288244766505636
24824,0.1868421052631579
24825,0.013561411619664046
24826,0.7730061349693251
24827,0.013561411619664046
24828,0.12332439678284182
24829,0.013561411619664046
24830,0.38275862068965516
24831,0.013561411619664046
24832,0.013561411619664046
24833,0.1288244766505636
24834,0.0449582530507386
24835,0.07505070993914807
24836,0.0449582530507386
24837,0.013561411619664046
24838,0.6713286713286714
24839,0.2
24840,0.9651376146788991
24841,0.9651376146788991
24842,0.013561411619664046
24843,0.1868421052631579
24844,0.013561411619664046
24845,0.013561411619664046
24846,0.013561411619664046
24847,0.6713286713286714
24848,0.013561411619664046
24849,0.013561411619664046
24850,0.013561411619664046
24851,0.6
24852,0.2
24853,0.013561411619664046
24854,0.013561411619664046
24855,0.9651376146788991
24856,0.013561411619664046
24857,0.013561411619664046
24858,0.1288244766505636
24859,0.0449582530507386
24860,0.2
24861,0.26011560693641617
24862,0.013561411619664046
24863,0.6
24864,0.013561411619664046
24865,0.18895348837209303
24866,0.9651376146788991
24867,0.6818181818181818
24868,0.0449582530507386
24869,0.07505070993914807
24870,0.6818181818181818
24871,0.18895348837209303
24872,0.013561411619664046
24873,0.013561411619664046
24874,0.18895348837209303
24875,0.07505070993914807
24876,0.0449582530507386
24877,0.17883211678832117
24878,0.013561411619664046
24879,0.1868421052631579
24880,0.07505070993914807
24881,0.12332439678284182
24882,0.12332439678284182
24883,0.7614213197969543
24884,0.18895348837209303
24885,0.2
24886,0.1288244766505636
24887,0.013561411619664046
24888,0.013561411619664046
24889,0.8241758241758241
24890,0.013561411619664046
24891,0.12332439678284182
24892,0.013561411619664046
24893,0.0449582530507386
24894,0.0449582530507386
24895,0.9651376146788991
24896,0.9651376146788991
24897,0.013561411619664046
24898,0.9651376146788991
24899,0.013561411619664046
24900,0.013561411619664046
24901,0.0449582530507386
24902,0.6713286713286714
24903,0.013561411619664046
24904,0.0449582530507386
24905,0.6818181818181818
24906,0.0449582530507386
24907,0.6818181818181818
24908,0.38181818181818183
24909,0.013561411619664046
24910,0.013561411619664046
24911,0.013561411619664046
24912,0.0449582530507386
24913,0.013561411619664046
24914,0.013561411619664046
24915,0.07505070993914807
24916,0.6818181818181818
24917,0.013561411619664046
24918,0.6713286713286714
24919,0.013561411619664046
24920,0.1868421052631579
24921,0.8241758241758241
24922,0.013561411619664046
24923,0.1288244766505636
24924,0.013561411619664046
24925,0.013561411619664046
24926,0.013561411619664046
24927,0.18340611353711792
24928,0.07505070993914807
24929,0.0449582530507386
24930,0.6
24931,0.9651376146788991
24932,0.013561411619664046
24933,0.013561411619664046
24934,0.013561411619664046
24935,0.013561411619664046
24936,0.0449582530507386
24937,0.9131578947368421
24938,0.9651376146788991
24939,0.0449582530507386
24940,0.013561411619664046
24941,0.013561411619664046
24942,0.013561411619664046
24943,0.013561411619664046
24944,0.013561411619664046
24945,0.013561411619664046
24946,0.013561411619664046
24947,0.0449582530507386
24948,0.013561411619664046
24949,0.013561411619664046
24950,0.07505070993914807
24951,0.013561411619664046
24952,0.0449582530507386
24953,0.013561411619664046
24954,0.0449582530507386
24955,0.07505070993914807
24956,0.0449582530507386
24957,0.013561411619664046
24958,0.013561411619664046
24959,0.18895348837209303
24960,0.38275862068965516
24961,0.0449582530507386
24962,0.013561411619664046
24963,0.013561411619664046
24964,0.013561411619664046
24965,0.013561411619664046
24966,0.7730061349693251
24967,0.013561411619664046
24968,0.0449582530507386
24969,0.7730061349693251
24970,0.7614213197969543
24971,0.12332439678284182
24972,0.013561411619664046
24973,0.013561411619664046
24974,0.013561411619664046
24975,0.18340611353711792
24976,0.1288244766505636
24977,0.013561411619664046
24978,0.013561411619664046
24979,0.37349397590361444
24980,0.013561411619664046
24981,0.26011560693641617
24982,0.013561411619664046
24983,0.013561411619664046
24984,0.013561411619664046
24985,0.5660377358490566
24986,0.9131578947368421
24987,0.1288244766505636
24988,0.013561411619664046
24989,0.7614213197969543
24990,0.9651376146788991
24991,0.37349397590361444
24992,0.013561411619664046
24993,0.07505070993914807
24994,0.9131578947368421
24995,0.013561411619664046
24996,0.013561411619664046
24997,0.013561411619664046
24998,0.0449582530507386
24999,0.18895348837209303
