id,Exited
15000,0.15364583333333334
15001,0.014735980352026197
15002,0.014735980352026197
15003,0.6291739894551845
15004,0.014735980352026197
15005,0.15364583333333334
15006,0.014735980352026197
15007,0.014735980352026197
15008,0.07278481012658228
15009,0.014735980352026197
15010,0.15364583333333334
15011,0.8917748917748918
15012,0.15364583333333334
15013,0.15364583333333334
15014,0.014735980352026197
15015,0.014735980352026197
15016,0.07278481012658228
15017,0.014735980352026197
15018,0.15364583333333334
15019,0.014735980352026197
15020,0.014735980352026197
15021,0.07278481012658228
15022,0.8917748917748918
15023,0.15364583333333334
15024,0.014735980352026197
15025,0.6291739894551845
15026,0.6291739894551845
15027,0.014735980352026197
15028,0.15364583333333334
15029,0.5006002400960384
15030,0.5006002400960384
15031,0.15364583333333334
15032,0.07278481012658228
15033,0.37579617834394907
15034,0.5006002400960384
15035,0.014735980352026197
15036,0.014735980352026197
15037,0.6291739894551845
15038,0.014735980352026197
15039,0.014735980352026197
15040,0.07278481012658228
15041,0.014735980352026197
15042,0.014735980352026197
15043,0.014735980352026197
15044,0.014735980352026197
15045,0.014735980352026197
15046,0.15364583333333334
15047,0.8917748917748918
15048,0.014735980352026197
15049,0.15364583333333334
15050,0.014735980352026197
15051,0.07278481012658228
15052,0.15364583333333334
15053,0.5006002400960384
15054,0.15364583333333334
15055,0.014735980352026197
15056,0.014735980352026197
15057,0.8917748917748918
15058,0.8917748917748918
15059,0.15364583333333334
15060,0.014735980352026197
15061,0.014735980352026197
15062,0.6291739894551845
15063,0.6291739894551845
15064,0.15364583333333334
15065,0.014735980352026197
15066,0.15364583333333334
15067,0.8917748917748918
15068,0.8917748917748918
15069,0.014735980352026197
15070,0.6291739894551845
15071,0.014735980352026197
15072,0.6291739894551845
15073,0.6291739894551845
15074,0.014735980352026197
15075,0.014735980352026197
15076,0.014735980352026197
15077,0.014735980352026197
15078,0.014735980352026197
15079,0.15364583333333334
15080,0.8917748917748918
15081,0.15364583333333334
15082,0.07278481012658228
15083,0.10148514851485149
15084,0.014735980352026197
15085,0.15364583333333334
15086,0.5006002400960384
15087,0.014735980352026197
15088,0.014735980352026197
15089,0.15364583333333334
15090,0.014735980352026197
15091,0.014735980352026197
15092,0.014735980352026197
15093,0.15364583333333334
15094,0.014735980352026197
15095,0.014735980352026197
15096,0.6291739894551845
15097,0.014735980352026197
15098,0.014735980352026197
15099,0.15364583333333334
15100,0.014735980352026197
15101,0.5006002400960384
15102,0.5006002400960384
15103,0.5006002400960384
15104,0.5006002400960384
15105,0.014735980352026197
15106,0.15364583333333334
15107,0.8917748917748918
15108,0.014735980352026197
15109,0.014735980352026197
15110,0.15364583333333334
15111,0.014735980352026197
15112,0.15364583333333334
15113,0.014735980352026197
15114,0.014735980352026197
15115,0.014735980352026197
15116,0.014735980352026197
15117,0.5006002400960384
15118,0.07278481012658228
15119,0.37579617834394907
15120,0.014735980352026197
15121,0.5006002400960384
15122,0.014735980352026197
15123,0.014735980352026197
15124,0.15364583333333334
15125,0.014735980352026197
15126,0.8917748917748918
15127,0.014735980352026197
15128,0.15364583333333334
15129,0.15364583333333334
15130,0.014735980352026197
15131,0.5006002400960384
15132,0.15364583333333334
15133,0.10148514851485149
15134,0.014735980352026197
15135,0.8917748917748918
15136,0.15364583333333334
15137,0.07278481012658228
15138,0.15364583333333334
15139,0.014735980352026197
15140,0.014735980352026197
15141,0.8917748917748918
15142,0.014735980352026197
15143,0.8917748917748918
15144,0.07278481012658228
15145,0.014735980352026197
15146,0.07278481012658228
15147,0.37579617834394907
15148,0.014735980352026197
15149,0.8917748917748918
15150,0.15364583333333334
15151,0.5006002400960384
15152,0.5006002400960384
15153,0.10148514851485149
15154,0.8917748917748918
15155,0.07278481012658228
15156,0.014735980352026197
15157,0.07278481012658228
15158,0.5006002400960384
15159,0.6291739894551845
15160,0.37579617834394907
15161,0.014735980352026197
15162,0.014735980352026197
15163,0.014735980352026197
15164,0.014735980352026197
15165,0.15364583333333334
15166,0.37579617834394907
15167,0.5006002400960384
15168,0.15364583333333334
15169,0.014735980352026197
15170,0.5006002400960384
15171,0.014735980352026197
15172,0.15364583333333334
15173,0.8917748917748918
15174,0.6291739894551845
15175,0.07278481012658228
15176,0.014735980352026197
15177,0.15364583333333334
15178,0.07278481012658228
15179,0.014735980352026197
15180,0.014735980352026197
15181,0.8917748917748918
15182,0.15364583333333334
15183,0.6291739894551845
15184,0.014735980352026197
15185,0.6291739894551845
15186,0.15364583333333334
15187,0.014735980352026197
15188,0.07278481012658228
15189,0.014735980352026197
15190,0.15364583333333334
15191,0.014735980352026197
15192,0.15364583333333334
15193,0.15364583333333334
15194,0.6291739894551845
15195,0.5006002400960384
15196,0.6291739894551845
15197,0.014735980352026197
15198,0.6291739894551845
15199,0.07278481012658228
15200,0.15364583333333334
15201,0.014735980352026197
15202,0.014735980352026197
15203,0.014735980352026197
15204,0.014735980352026197
15205,0.37579617834394907
15206,0.014735980352026197
15207,0.014735980352026197
15208,0.014735980352026197
15209,0.5006002400960384
15210,0.014735980352026197
15211,0.07278481012658228
15212,0.5006002400960384
15213,0.014735980352026197
15214,0.15364583333333334
15215,0.014735980352026197
15216,0.6291739894551845
15217,0.15364583333333334
15218,0.014735980352026197
15219,0.014735980352026197
15220,0.014735980352026197
15221,0.014735980352026197
15222,0.15364583333333334
15223,0.014735980352026197
15224,0.014735980352026197
15225,0.5006002400960384
15226,0.6291739894551845
15227,0.07278481012658228
15228,0.6291739894551845
15229,0.10148514851485149
15230,0.8917748917748918
15231,0.6291739894551845
15232,0.15364583333333334
15233,0.10148514851485149
15234,0.8917748917748918
15235,0.014735980352026197
15236,0.15364583333333334
15237,0.10148514851485149
15238,0.014735980352026197
15239,0.014735980352026197
15240,0.15364583333333334
15241,0.014735980352026197
15242,0.15364583333333334
15243,0.6291739894551845
15244,0.014735980352026197
15245,0.6291739894551845
15246,0.15364583333333334
15247,0.014735980352026197
15248,0.15364583333333334
15249,0.15364583333333334
15250,0.014735980352026197
15251,0.014735980352026197
15252,0.15364583333333334
15253,0.37579617834394907
15254,0.014735980352026197
15255,0.014735980352026197
15256,0.014735980352026197
15257,0.15364583333333334
15258,0.8917748917748918
15259,0.15364583333333334
15260,0.014735980352026197
15261,0.8917748917748918
15262,0.014735980352026197
15263,0.37579617834394907
15264,0.15364583333333334
15265,0.10148514851485149
15266,0.15364583333333334
15267,0.07278481012658228
15268,0.014735980352026197
15269,0.014735980352026197
15270,0.15364583333333334
15271,0.014735980352026197
15272,0.15364583333333334
15273,0.07278481012658228
15274,0.8917748917748918
15275,0.8917748917748918
15276,0.15364583333333334
15277,0.014735980352026197
15278,0.014735980352026197
15279,0.014735980352026197
15280,0.8917748917748918
15281,0.014735980352026197
15282,0.07278481012658228
15283,0.6291739894551845
15284,0.014735980352026197
15285,0.8917748917748918
15286,0.014735980352026197
15287,0.014735980352026197
15288,0.014735980352026197
15289,0.15364583333333334
15290,0.014735980352026197
15291,0.014735980352026197
15292,0.15364583333333334
15293,0.8917748917748918
15294,0.014735980352026197
15295,0.15364583333333334
15296,0.15364583333333334
15297,0.014735980352026197
15298,0.014735980352026197
15299,0.014735980352026197
15300,0.014735980352026197
15301,0.6291739894551845
15302,0.15364583333333334
15303,0.014735980352026197
15304,0.014735980352026197
15305,0.15364583333333334
15306,0.15364583333333334
15307,0.6291739894551845
15308,0.014735980352026197
15309,0.5006002400960384
15310,0.6291739894551845
15311,0.15364583333333334
15312,0.014735980352026197
15313,0.014735980352026197
15314,0.014735980352026197
15315,0.014735980352026197
15316,0.15364583333333334
15317,0.014735980352026197
15318,0.6291739894551845
15319,0.014735980352026197
15320,0.15364583333333334
15321,0.014735980352026197
15322,0.014735980352026197
15323,0.014735980352026197
15324,0.8917748917748918
15325,0.014735980352026197
15326,0.014735980352026197
15327,0.6291739894551845
15328,0.15364583333333334
15329,0.014735980352026197
15330,0.07278481012658228
15331,0.15364583333333334
15332,0.014735980352026197
15333,0.15364583333333334
15334,0.15364583333333334
15335,0.014735980352026197
15336,0.15364583333333334
15337,0.014735980352026197
15338,0.07278481012658228
15339,0.15364583333333334
15340,0.014735980352026197
15341,0.014735980352026197
15342,0.8917748917748918
15343,0.15364583333333334
15344,0.15364583333333334
15345,0.10148514851485149
15346,0.8917748917748918
15347,0.15364583333333334
15348,0.15364583333333334
15349,0.014735980352026197
15350,0.014735980352026197
15351,0.014735980352026197
15352,0.15364583333333334
15353,0.15364583333333334
15354,0.014735980352026197
15355,0.07278481012658228
15356,0.5006002400960384
15357,0.014735980352026197
15358,0.014735980352026197
15359,0.014735980352026197
15360,0.014735980352026197
15361,0.014735980352026197
15362,0.014735980352026197
15363,0.014735980352026197
15364,0.15364583333333334
15365,0.6291739894551845
15366,0.6291739894551845
15367,0.8917748917748918
15368,0.15364583333333334
15369,0.014735980352026197
15370,0.6291739894551845
15371,0.014735980352026197
15372,0.014735980352026197
15373,0.15364583333333334
15374,0.5006002400960384
15375,0.15364583333333334
15376,0.15364583333333334
15377,0.6291739894551845
15378,0.014735980352026197
15379,0.8917748917748918
15380,0.6291739894551845
15381,0.07278481012658228
15382,0.014735980352026197
15383,0.014735980352026197
15384,0.6291739894551845
15385,0.15364583333333334
15386,0.5006002400960384
15387,0.15364583333333334
15388,0.014735980352026197
15389,0.014735980352026197
15390,0.37579617834394907
15391,0.15364583333333334
15392,0.014735980352026197
15393,0.014735980352026197
15394,0.014735980352026197
15395,0.014735980352026197
15396,0.37579617834394907
15397,0.014735980352026197
15398,0.014735980352026197
15399,0.014735980352026197
15400,0.37579617834394907
15401,0.15364583333333334
15402,0.014735980352026197
15403,0.15364583333333334
15404,0.10148514851485149
15405,0.014735980352026197
15406,0.15364583333333334
15407,0.014735980352026197
15408,0.15364583333333334
15409,0.15364583333333334
15410,0.15364583333333334
15411,0.014735980352026197
15412,0.15364583333333334
15413,0.6291739894551845
15414,0.8917748917748918
15415,0.014735980352026197
15416,0.014735980352026197
15417,0.5006002400960384
15418,0.15364583333333334
15419,0.15364583333333334
15420,0.014735980352026197
15421,0.07278481012658228
15422,0.15364583333333334
15423,0.5006002400960384
15424,0.07278481012658228
15425,0.8917748917748918
15426,0.15364583333333334
15427,0.15364583333333334
15428,0.37579617834394907
15429,0.15364583333333334
15430,0.014735980352026197
15431,0.014735980352026197
15432,0.014735980352026197
15433,0.014735980352026197
15434,0.014735980352026197
15435,0.014735980352026197
15436,0.10148514851485149
15437,0.014735980352026197
15438,0.014735980352026197
15439,0.014735980352026197
15440,0.15364583333333334
15441,0.5006002400960384
15442,0.6291739894551845
15443,0.15364583333333334
15444,0.07278481012658228
15445,0.014735980352026197
15446,0.15364583333333334
15447,0.014735980352026197
15448,0.8917748917748918
15449,0.07278481012658228
15450,0.014735980352026197
15451,0.014735980352026197
15452,0.6291739894551845
15453,0.10148514851485149
15454,0.15364583333333334
15455,0.8917748917748918
15456,0.15364583333333334
15457,0.014735980352026197
15458,0.15364583333333334
15459,0.5006002400960384
15460,0.6291739894551845
15461,0.15364583333333334
15462,0.014735980352026197
15463,0.014735980352026197
15464,0.8917748917748918
15465,0.15364583333333334
15466,0.014735980352026197
15467,0.8917748917748918
15468,0.014735980352026197
15469,0.15364583333333334
15470,0.014735980352026197
15471,0.07278481012658228
15472,0.15364583333333334
15473,0.15364583333333334
15474,0.15364583333333334
15475,0.15364583333333334
15476,0.15364583333333334
15477,0.014735980352026197
15478,0.014735980352026197
15479,0.15364583333333334
15480,0.37579617834394907
15481,0.8917748917748918
15482,0.014735980352026197
15483,0.8917748917748918
15484,0.014735980352026197
15485,0.15364583333333334
15486,0.014735980352026197
15487,0.8917748917748918
15488,0.014735980352026197
15489,0.15364583333333334
15490,0.8917748917748918
15491,0.5006002400960384
15492,0.8917748917748918
15493,0.15364583333333334
15494,0.15364583333333334
15495,0.37579617834394907
15496,0.014735980352026197
15497,0.014735980352026197
15498,0.8917748917748918
15499,0.15364583333333334
15500,0.014735980352026197
15501,0.014735980352026197
15502,0.014735980352026197
15503,0.8917748917748918
15504,0.15364583333333334
15505,0.014735980352026197
15506,0.07278481012658228
15507,0.014735980352026197
15508,0.5006002400960384
15509,0.014735980352026197
15510,0.15364583333333334
15511,0.07278481012658228
15512,0.014735980352026197
15513,0.014735980352026197
15514,0.15364583333333334
15515,0.014735980352026197
15516,0.37579617834394907
15517,0.15364583333333334
15518,0.014735980352026197
15519,0.014735980352026197
15520,0.15364583333333334
15521,0.07278481012658228
15522,0.15364583333333334
15523,0.15364583333333334
15524,0.014735980352026197
15525,0.014735980352026197
15526,0.014735980352026197
15527,0.014735980352026197
15528,0.014735980352026197
15529,0.014735980352026197
15530,0.014735980352026197
15531,0.07278481012658228
15532,0.07278481012658228
15533,0.15364583333333334
15534,0.014735980352026197
15535,0.15364583333333334
15536,0.5006002400960384
15537,0.014735980352026197
15538,0.07278481012658228
15539,0.014735980352026197
15540,0.10148514851485149
15541,0.014735980352026197
15542,0.014735980352026197
15543,0.014735980352026197
15544,0.014735980352026197
15545,0.15364583333333334
15546,0.5006002400960384
15547,0.10148514851485149
15548,0.014735980352026197
15549,0.8917748917748918
15550,0.014735980352026197
15551,0.014735980352026197
15552,0.014735980352026197
15553,0.15364583333333334
15554,0.10148514851485149
15555,0.014735980352026197
15556,0.014735980352026197
15557,0.014735980352026197
15558,0.15364583333333334
15559,0.15364583333333334
15560,0.014735980352026197
15561,0.014735980352026197
15562,0.014735980352026197
15563,0.014735980352026197
15564,0.014735980352026197
15565,0.014735980352026197
15566,0.15364583333333334
15567,0.014735980352026197
15568,0.014735980352026197
15569,0.014735980352026197
15570,0.15364583333333334
15571,0.37579617834394907
15572,0.8917748917748918
15573,0.15364583333333334
15574,0.014735980352026197
15575,0.014735980352026197
15576,0.014735980352026197
15577,0.6291739894551845
15578,0.6291739894551845
15579,0.15364583333333334
15580,0.014735980352026197
15581,0.15364583333333334
15582,0.014735980352026197
15583,0.014735980352026197
15584,0.014735980352026197
15585,0.5006002400960384
15586,0.014735980352026197
15587,0.014735980352026197
15588,0.10148514851485149
15589,0.014735980352026197
15590,0.014735980352026197
15591,0.014735980352026197
15592,0.15364583333333334
15593,0.8917748917748918
15594,0.6291739894551845
15595,0.15364583333333334
15596,0.6291739894551845
15597,0.6291739894551845
15598,0.15364583333333334
15599,0.15364583333333334
15600,0.5006002400960384
15601,0.8917748917748918
15602,0.014735980352026197
15603,0.014735980352026197
15604,0.6291739894551845
15605,0.15364583333333334
15606,0.014735980352026197
15607,0.5006002400960384
15608,0.014735980352026197
15609,0.014735980352026197
15610,0.6291739894551845
15611,0.014735980352026197
15612,0.15364583333333334
15613,0.15364583333333334
15614,0.15364583333333334
15615,0.15364583333333334
15616,0.014735980352026197
15617,0.8917748917748918
15618,0.15364583333333334
15619,0.014735980352026197
15620,0.15364583333333334
15621,0.014735980352026197
15622,0.014735980352026197
15623,0.014735980352026197
15624,0.014735980352026197
15625,0.8917748917748918
15626,0.014735980352026197
15627,0.15364583333333334
15628,0.014735980352026197
15629,0.014735980352026197
15630,0.07278481012658228
15631,0.15364583333333334
15632,0.014735980352026197
15633,0.014735980352026197
15634,0.15364583333333334
15635,0.10148514851485149
15636,0.014735980352026197
15637,0.15364583333333334
15638,0.014735980352026197
15639,0.15364583333333334
15640,0.8917748917748918
15641,0.6291739894551845
15642,0.10148514851485149
15643,0.014735980352026197
15644,0.15364583333333334
15645,0.014735980352026197
15646,0.15364583333333334
15647,0.014735980352026197
15648,0.10148514851485149
15649,0.15364583333333334
15650,0.014735980352026197
15651,0.014735980352026197
15652,0.014735980352026197
15653,0.8917748917748918
15654,0.15364583333333334
15655,0.6291739894551845
15656,0.15364583333333334
15657,0.8917748917748918
15658,0.07278481012658228
15659,0.014735980352026197
15660,0.014735980352026197
15661,0.15364583333333334
15662,0.014735980352026197
15663,0.014735980352026197
15664,0.07278481012658228
15665,0.15364583333333334
15666,0.014735980352026197
15667,0.014735980352026197
15668,0.014735980352026197
15669,0.15364583333333334
15670,0.37579617834394907
15671,0.10148514851485149
15672,0.014735980352026197
15673,0.07278481012658228
15674,0.5006002400960384
15675,0.5006002400960384
15676,0.014735980352026197
15677,0.5006002400960384
15678,0.15364583333333334
15679,0.014735980352026197
15680,0.15364583333333334
15681,0.014735980352026197
15682,0.014735980352026197
15683,0.07278481012658228
15684,0.014735980352026197
15685,0.15364583333333334
15686,0.6291739894551845
15687,0.014735980352026197
15688,0.5006002400960384
15689,0.15364583333333334
15690,0.15364583333333334
15691,0.014735980352026197
15692,0.15364583333333334
15693,0.014735980352026197
15694,0.014735980352026197
15695,0.014735980352026197
15696,0.014735980352026197
15697,0.014735980352026197
15698,0.15364583333333334
15699,0.014735980352026197
15700,0.014735980352026197
15701,0.15364583333333334
15702,0.014735980352026197
15703,0.15364583333333334
15704,0.014735980352026197
15705,0.8917748917748918
15706,0.15364583333333334
15707,0.15364583333333334
15708,0.8917748917748918
15709,0.014735980352026197
15710,0.8917748917748918
15711,0.07278481012658228
15712,0.014735980352026197
15713,0.014735980352026197
15714,0.014735980352026197
15715,0.6291739894551845
15716,0.15364583333333334
15717,0.014735980352026197
15718,0.15364583333333334
15719,0.6291739894551845
15720,0.5006002400960384
15721,0.15364583333333334
15722,0.014735980352026197
15723,0.014735980352026197
15724,0.15364583333333334
15725,0.07278481012658228
15726,0.014735980352026197
15727,0.014735980352026197
15728,0.014735980352026197
15729,0.8917748917748918
15730,0.15364583333333334
15731,0.014735980352026197
15732,0.8917748917748918
15733,0.15364583333333334
15734,0.014735980352026197
15735,0.15364583333333334
15736,0.014735980352026197
15737,0.5006002400960384
15738,0.014735980352026197
15739,0.014735980352026197
15740,0.014735980352026197
15741,0.10148514851485149
15742,0.5006002400960384
15743,0.5006002400960384
15744,0.014735980352026197
15745,0.014735980352026197
15746,0.014735980352026197
15747,0.15364583333333334
15748,0.5006002400960384
15749,0.014735980352026197
15750,0.15364583333333334
15751,0.014735980352026197
15752,0.15364583333333334
15753,0.014735980352026197
15754,0.014735980352026197
15755,0.15364583333333334
15756,0.014735980352026197
15757,0.014735980352026197
15758,0.15364583333333334
15759,0.15364583333333334
15760,0.014735980352026197
15761,0.15364583333333334
15762,0.5006002400960384
15763,0.15364583333333334
15764,0.014735980352026197
15765,0.014735980352026197
15766,0.014735980352026197
15767,0.014735980352026197
15768,0.014735980352026197
15769,0.014735980352026197
15770,0.15364583333333334
15771,0.15364583333333334
15772,0.014735980352026197
15773,0.014735980352026197
15774,0.15364583333333334
15775,0.07278481012658228
15776,0.15364583333333334
15777,0.8917748917748918
15778,0.8917748917748918
15779,0.15364583333333334
15780,0.5006002400960384
15781,0.014735980352026197
15782,0.014735980352026197
15783,0.15364583333333334
15784,0.15364583333333334
15785,0.014735980352026197
15786,0.014735980352026197
15787,0.014735980352026197
15788,0.6291739894551845
15789,0.8917748917748918
15790,0.15364583333333334
15791,0.014735980352026197
15792,0.8917748917748918
15793,0.014735980352026197
15794,0.014735980352026197
15795,0.5006002400960384
15796,0.014735980352026197
15797,0.15364583333333334
15798,0.8917748917748918
15799,0.014735980352026197
15800,0.5006002400960384
15801,0.8917748917748918
15802,0.37579617834394907
15803,0.15364583333333334
15804,0.07278481012658228
15805,0.15364583333333334
15806,0.07278481012658228
15807,0.6291739894551845
15808,0.07278481012658228
15809,0.014735980352026197
15810,0.8917748917748918
15811,0.6291739894551845
15812,0.014735980352026197
15813,0.014735980352026197
15814,0.014735980352026197
15815,0.014735980352026197
15816,0.15364583333333334
15817,0.014735980352026197
15818,0.15364583333333334
15819,0.014735980352026197
15820,0.014735980352026197
15821,0.5006002400960384
15822,0.15364583333333334
15823,0.10148514851485149
15824,0.014735980352026197
15825,0.014735980352026197
15826,0.014735980352026197
15827,0.15364583333333334
15828,0.014735980352026197
15829,0.15364583333333334
15830,0.8917748917748918
15831,0.07278481012658228
15832,0.014735980352026197
15833,0.5006002400960384
15834,0.07278481012658228
15835,0.014735980352026197
15836,0.014735980352026197
15837,0.6291739894551845
15838,0.014735980352026197
15839,0.014735980352026197
15840,0.014735980352026197
15841,0.014735980352026197
15842,0.07278481012658228
15843,0.10148514851485149
15844,0.15364583333333334
15845,0.5006002400960384
15846,0.5006002400960384
15847,0.014735980352026197
15848,0.15364583333333334
15849,0.15364583333333334
15850,0.014735980352026197
15851,0.014735980352026197
15852,0.014735980352026197
15853,0.014735980352026197
15854,0.014735980352026197
15855,0.15364583333333334
15856,0.15364583333333334
15857,0.014735980352026197
15858,0.07278481012658228
15859,0.37579617834394907
15860,0.014735980352026197
15861,0.15364583333333334
15862,0.07278481012658228
15863,0.014735980352026197
15864,0.8917748917748918
15865,0.15364583333333334
15866,0.15364583333333334
15867,0.15364583333333334
15868,0.014735980352026197
15869,0.014735980352026197
15870,0.014735980352026197
15871,0.014735980352026197
15872,0.15364583333333334
15873,0.5006002400960384
15874,0.014735980352026197
15875,0.014735980352026197
15876,0.014735980352026197
15877,0.014735980352026197
15878,0.15364583333333334
15879,0.8917748917748918
15880,0.014735980352026197
15881,0.15364583333333334
15882,0.5006002400960384
15883,0.15364583333333334
15884,0.07278481012658228
15885,0.014735980352026197
15886,0.8917748917748918
15887,0.014735980352026197
15888,0.15364583333333334
15889,0.10148514851485149
15890,0.014735980352026197
15891,0.8917748917748918
15892,0.014735980352026197
15893,0.15364583333333334
15894,0.014735980352026197
15895,0.014735980352026197
15896,0.15364583333333334
15897,0.6291739894551845
15898,0.014735980352026197
15899,0.014735980352026197
15900,0.5006002400960384
15901,0.5006002400960384
15902,0.014735980352026197
15903,0.6291739894551845
15904,0.014735980352026197
15905,0.07278481012658228
15906,0.014735980352026197
15907,0.15364583333333334
15908,0.37579617834394907
15909,0.15364583333333334
15910,0.014735980352026197
15911,0.37579617834394907
15912,0.014735980352026197
15913,0.014735980352026197
15914,0.15364583333333334
15915,0.15364583333333334
15916,0.014735980352026197
15917,0.014735980352026197
15918,0.014735980352026197
15919,0.15364583333333334
15920,0.07278481012658228
15921,0.15364583333333334
15922,0.014735980352026197
15923,0.014735980352026197
15924,0.15364583333333334
15925,0.014735980352026197
15926,0.014735980352026197
15927,0.8917748917748918
15928,0.07278481012658228
15929,0.6291739894551845
15930,0.8917748917748918
15931,0.15364583333333334
15932,0.10148514851485149
15933,0.6291739894551845
15934,0.014735980352026197
15935,0.014735980352026197
15936,0.014735980352026197
15937,0.014735980352026197
15938,0.15364583333333334
15939,0.014735980352026197
15940,0.15364583333333334
15941,0.15364583333333334
15942,0.014735980352026197
15943,0.014735980352026197
15944,0.014735980352026197
15945,0.014735980352026197
15946,0.15364583333333334
15947,0.014735980352026197
15948,0.8917748917748918
15949,0.8917748917748918
15950,0.014735980352026197
15951,0.014735980352026197
15952,0.8917748917748918
15953,0.15364583333333334
15954,0.07278481012658228
15955,0.15364583333333334
15956,0.07278481012658228
15957,0.10148514851485149
15958,0.37579617834394907
15959,0.15364583333333334
15960,0.014735980352026197
15961,0.5006002400960384
15962,0.014735980352026197
15963,0.014735980352026197
15964,0.15364583333333334
15965,0.15364583333333334
15966,0.8917748917748918
15967,0.07278481012658228
15968,0.15364583333333334
15969,0.014735980352026197
15970,0.10148514851485149
15971,0.15364583333333334
15972,0.8917748917748918
15973,0.014735980352026197
15974,0.15364583333333334
15975,0.014735980352026197
15976,0.014735980352026197
15977,0.014735980352026197
15978,0.15364583333333334
15979,0.014735980352026197
15980,0.014735980352026197
15981,0.014735980352026197
15982,0.014735980352026197
15983,0.014735980352026197
15984,0.014735980352026197
15985,0.15364583333333334
15986,0.15364583333333334
15987,0.014735980352026197
15988,0.014735980352026197
15989,0.15364583333333334
15990,0.6291739894551845
15991,0.014735980352026197
15992,0.8917748917748918
15993,0.014735980352026197
15994,0.014735980352026197
15995,0.014735980352026197
15996,0.8917748917748918
15997,0.15364583333333334
15998,0.07278481012658228
15999,0.014735980352026197
16000,0.15364583333333334
16001,0.014735980352026197
16002,0.014735980352026197
16003,0.014735980352026197
16004,0.07278481012658228
16005,0.5006002400960384
16006,0.014735980352026197
16007,0.5006002400960384
16008,0.014735980352026197
16009,0.8917748917748918
16010,0.014735980352026197
16011,0.5006002400960384
16012,0.014735980352026197
16013,0.014735980352026197
16014,0.014735980352026197
16015,0.15364583333333334
16016,0.5006002400960384
16017,0.15364583333333334
16018,0.10148514851485149
16019,0.15364583333333334
16020,0.014735980352026197
16021,0.014735980352026197
16022,0.014735980352026197
16023,0.15364583333333334
16024,0.014735980352026197
16025,0.07278481012658228
16026,0.8917748917748918
16027,0.014735980352026197
16028,0.15364583333333334
16029,0.014735980352026197
16030,0.014735980352026197
16031,0.10148514851485149
16032,0.8917748917748918
16033,0.15364583333333334
16034,0.5006002400960384
16035,0.014735980352026197
16036,0.15364583333333334
16037,0.15364583333333334
16038,0.15364583333333334
16039,0.15364583333333334
16040,0.15364583333333334
16041,0.8917748917748918
16042,0.07278481012658228
16043,0.014735980352026197
16044,0.014735980352026197
16045,0.8917748917748918
16046,0.5006002400960384
16047,0.37579617834394907
16048,0.15364583333333334
16049,0.014735980352026197
16050,0.014735980352026197
16051,0.014735980352026197
16052,0.014735980352026197
16053,0.014735980352026197
16054,0.5006002400960384
16055,0.15364583333333334
16056,0.15364583333333334
16057,0.6291739894551845
16058,0.8917748917748918
16059,0.15364583333333334
16060,0.15364583333333334
16061,0.014735980352026197
16062,0.014735980352026197
16063,0.014735980352026197
16064,0.014735980352026197
16065,0.014735980352026197
16066,0.014735980352026197
16067,0.014735980352026197
16068,0.15364583333333334
16069,0.014735980352026197
16070,0.6291739894551845
16071,0.014735980352026197
16072,0.014735980352026197
16073,0.5006002400960384
16074,0.014735980352026197
16075,0.6291739894551845
16076,0.15364583333333334
16077,0.6291739894551845
16078,0.6291739894551845
16079,0.6291739894551845
16080,0.07278481012658228
16081,0.014735980352026197
16082,0.15364583333333334
16083,0.014735980352026197
16084,0.014735980352026197
16085,0.014735980352026197
16086,0.8917748917748918
16087,0.014735980352026197
16088,0.014735980352026197
16089,0.014735980352026197
16090,0.8917748917748918
16091,0.5006002400960384
16092,0.15364583333333334
16093,0.15364583333333334
16094,0.5006002400960384
16095,0.6291739894551845
16096,0.014735980352026197
16097,0.5006002400960384
16098,0.15364583333333334
16099,0.6291739894551845
16100,0.014735980352026197
16101,0.15364583333333334
16102,0.15364583333333334
16103,0.014735980352026197
16104,0.014735980352026197
16105,0.8917748917748918
16106,0.014735980352026197
16107,0.15364583333333334
16108,0.8917748917748918
16109,0.5006002400960384
16110,0.014735980352026197
16111,0.15364583333333334
16112,0.014735980352026197
16113,0.15364583333333334
16114,0.07278481012658228
16115,0.6291739894551845
16116,0.014735980352026197
16117,0.014735980352026197
16118,0.014735980352026197
16119,0.37579617834394907
16120,0.014735980352026197
16121,0.014735980352026197
16122,0.15364583333333334
16123,0.014735980352026197
16124,0.15364583333333334
16125,0.014735980352026197
16126,0.5006002400960384
16127,0.014735980352026197
16128,0.10148514851485149
16129,0.15364583333333334
16130,0.8917748917748918
16131,0.15364583333333334
16132,0.15364583333333334
16133,0.8917748917748918
16134,0.15364583333333334
16135,0.014735980352026197
16136,0.014735980352026197
16137,0.15364583333333334
16138,0.014735980352026197
16139,0.014735980352026197
16140,0.014735980352026197
16141,0.15364583333333334
16142,0.014735980352026197
16143,0.014735980352026197
16144,0.014735980352026197
16145,0.014735980352026197
16146,0.15364583333333334
16147,0.15364583333333334
16148,0.37579617834394907
16149,0.8917748917748918
16150,0.15364583333333334
16151,0.15364583333333334
16152,0.37579617834394907
16153,0.8917748917748918
16154,0.014735980352026197
16155,0.37579617834394907
16156,0.014735980352026197
16157,0.15364583333333334
16158,0.37579617834394907
16159,0.5006002400960384
16160,0.5006002400960384
16161,0.15364583333333334
16162,0.014735980352026197
16163,0.014735980352026197
16164,0.6291739894551845
16165,0.014735980352026197
16166,0.014735980352026197
16167,0.5006002400960384
16168,0.014735980352026197
16169,0.014735980352026197
16170,0.014735980352026197
16171,0.15364583333333334
16172,0.014735980352026197
16173,0.5006002400960384
16174,0.10148514851485149
16175,0.014735980352026197
16176,0.014735980352026197
16177,0.6291739894551845
16178,0.014735980352026197
16179,0.37579617834394907
16180,0.014735980352026197
16181,0.014735980352026197
16182,0.15364583333333334
16183,0.014735980352026197
16184,0.07278481012658228
16185,0.15364583333333334
16186,0.8917748917748918
16187,0.15364583333333334
16188,0.014735980352026197
16189,0.15364583333333334
16190,0.014735980352026197
16191,0.8917748917748918
16192,0.8917748917748918
16193,0.5006002400960384
16194,0.6291739894551845
16195,0.15364583333333334
16196,0.15364583333333334
16197,0.15364583333333334
16198,0.15364583333333334
16199,0.014735980352026197
16200,0.014735980352026197
16201,0.15364583333333334
16202,0.15364583333333334
16203,0.6291739894551845
16204,0.014735980352026197
16205,0.5006002400960384
16206,0.014735980352026197
16207,0.15364583333333334
16208,0.15364583333333334
16209,0.07278481012658228
16210,0.15364583333333334
16211,0.07278481012658228
16212,0.07278481012658228
16213,0.10148514851485149
16214,0.15364583333333334
16215,0.014735980352026197
16216,0.15364583333333334
16217,0.5006002400960384
16218,0.10148514851485149
16219,0.014735980352026197
16220,0.07278481012658228
16221,0.15364583333333334
16222,0.10148514851485149
16223,0.8917748917748918
16224,0.014735980352026197
16225,0.15364583333333334
16226,0.15364583333333334
16227,0.014735980352026197
16228,0.15364583333333334
16229,0.07278481012658228
16230,0.014735980352026197
16231,0.5006002400960384
16232,0.37579617834394907
16233,0.6291739894551845
16234,0.8917748917748918
16235,0.014735980352026197
16236,0.07278481012658228
16237,0.37579617834394907
16238,0.5006002400960384
16239,0.15364583333333334
16240,0.15364583333333334
16241,0.15364583333333334
16242,0.014735980352026197
16243,0.37579617834394907
16244,0.15364583333333334
16245,0.15364583333333334
16246,0.07278481012658228
16247,0.014735980352026197
16248,0.8917748917748918
16249,0.15364583333333334
16250,0.6291739894551845
16251,0.5006002400960384
16252,0.014735980352026197
16253,0.014735980352026197
16254,0.014735980352026197
16255,0.10148514851485149
16256,0.15364583333333334
16257,0.014735980352026197
16258,0.014735980352026197
16259,0.15364583333333334
16260,0.014735980352026197
16261,0.15364583333333334
16262,0.15364583333333334
16263,0.5006002400960384
16264,0.014735980352026197
16265,0.014735980352026197
16266,0.6291739894551845
16267,0.014735980352026197
16268,0.15364583333333334
16269,0.014735980352026197
16270,0.15364583333333334
16271,0.014735980352026197
16272,0.15364583333333334
16273,0.15364583333333334
16274,0.15364583333333334
16275,0.014735980352026197
16276,0.15364583333333334
16277,0.8917748917748918
16278,0.014735980352026197
16279,0.15364583333333334
16280,0.014735980352026197
16281,0.5006002400960384
16282,0.014735980352026197
16283,0.014735980352026197
16284,0.10148514851485149
16285,0.07278481012658228
16286,0.014735980352026197
16287,0.014735980352026197
16288,0.15364583333333334
16289,0.15364583333333334
16290,0.014735980352026197
16291,0.014735980352026197
16292,0.6291739894551845
16293,0.6291739894551845
16294,0.014735980352026197
16295,0.15364583333333334
16296,0.014735980352026197
16297,0.8917748917748918
16298,0.014735980352026197
16299,0.8917748917748918
16300,0.014735980352026197
16301,0.15364583333333334
16302,0.5006002400960384
16303,0.014735980352026197
16304,0.014735980352026197
16305,0.15364583333333334
16306,0.014735980352026197
16307,0.8917748917748918
16308,0.014735980352026197
16309,0.8917748917748918
16310,0.15364583333333334
16311,0.15364583333333334
16312,0.6291739894551845
16313,0.8917748917748918
16314,0.014735980352026197
16315,0.15364583333333334
16316,0.8917748917748918
16317,0.014735980352026197
16318,0.014735980352026197
16319,0.5006002400960384
16320,0.15364583333333334
16321,0.014735980352026197
16322,0.10148514851485149
16323,0.014735980352026197
16324,0.014735980352026197
16325,0.014735980352026197
16326,0.15364583333333334
16327,0.014735980352026197
16328,0.37579617834394907
16329,0.15364583333333334
16330,0.10148514851485149
16331,0.014735980352026197
16332,0.15364583333333334
16333,0.014735980352026197
16334,0.014735980352026197
16335,0.10148514851485149
16336,0.15364583333333334
16337,0.014735980352026197
16338,0.15364583333333334
16339,0.014735980352026197
16340,0.014735980352026197
16341,0.6291739894551845
16342,0.014735980352026197
16343,0.15364583333333334
16344,0.15364583333333334
16345,0.014735980352026197
16346,0.6291739894551845
16347,0.014735980352026197
16348,0.014735980352026197
16349,0.15364583333333334
16350,0.15364583333333334
16351,0.014735980352026197
16352,0.014735980352026197
16353,0.014735980352026197
16354,0.15364583333333334
16355,0.5006002400960384
16356,0.5006002400960384
16357,0.8917748917748918
16358,0.014735980352026197
16359,0.15364583333333334
16360,0.014735980352026197
16361,0.6291739894551845
16362,0.15364583333333334
16363,0.014735980352026197
16364,0.014735980352026197
16365,0.15364583333333334
16366,0.5006002400960384
16367,0.15364583333333334
16368,0.8917748917748918
16369,0.37579617834394907
16370,0.5006002400960384
16371,0.15364583333333334
16372,0.014735980352026197
16373,0.15364583333333334
16374,0.15364583333333334
16375,0.014735980352026197
16376,0.15364583333333334
16377,0.6291739894551845
16378,0.014735980352026197
16379,0.5006002400960384
16380,0.5006002400960384
16381,0.15364583333333334
16382,0.07278481012658228
16383,0.014735980352026197
16384,0.15364583333333334
16385,0.014735980352026197
16386,0.37579617834394907
16387,0.014735980352026197
16388,0.014735980352026197
16389,0.8917748917748918
16390,0.15364583333333334
16391,0.15364583333333334
16392,0.014735980352026197
16393,0.014735980352026197
16394,0.014735980352026197
16395,0.014735980352026197
16396,0.15364583333333334
16397,0.014735980352026197
16398,0.6291739894551845
16399,0.014735980352026197
16400,0.15364583333333334
16401,0.014735980352026197
16402,0.8917748917748918
16403,0.014735980352026197
16404,0.014735980352026197
16405,0.014735980352026197
16406,0.6291739894551845
16407,0.5006002400960384
16408,0.5006002400960384
16409,0.10148514851485149
16410,0.15364583333333334
16411,0.014735980352026197
16412,0.8917748917748918
16413,0.8917748917748918
16414,0.014735980352026197
16415,0.014735980352026197
16416,0.014735980352026197
16417,0.014735980352026197
16418,0.014735980352026197
16419,0.014735980352026197
16420,0.15364583333333334
16421,0.15364583333333334
16422,0.014735980352026197
16423,0.6291739894551845
16424,0.014735980352026197
16425,0.014735980352026197
16426,0.014735980352026197
16427,0.014735980352026197
16428,0.014735980352026197
16429,0.8917748917748918
16430,0.014735980352026197
16431,0.15364583333333334
16432,0.15364583333333334
16433,0.15364583333333334
16434,0.5006002400960384
16435,0.014735980352026197
16436,0.014735980352026197
16437,0.014735980352026197
16438,0.15364583333333334
16439,0.15364583333333334
16440,0.014735980352026197
16441,0.014735980352026197
16442,0.15364583333333334
16443,0.014735980352026197
16444,0.37579617834394907
16445,0.15364583333333334
16446,0.07278481012658228
16447,0.10148514851485149
16448,0.15364583333333334
16449,0.014735980352026197
16450,0.014735980352026197
16451,0.15364583333333334
16452,0.8917748917748918
16453,0.10148514851485149
16454,0.37579617834394907
16455,0.15364583333333334
16456,0.014735980352026197
16457,0.6291739894551845
16458,0.014735980352026197
16459,0.014735980352026197
16460,0.014735980352026197
16461,0.014735980352026197
16462,0.014735980352026197
16463,0.8917748917748918
16464,0.014735980352026197
16465,0.014735980352026197
16466,0.15364583333333334
16467,0.014735980352026197
16468,0.6291739894551845
16469,0.014735980352026197
16470,0.014735980352026197
16471,0.37579617834394907
16472,0.15364583333333334
16473,0.014735980352026197
16474,0.014735980352026197
16475,0.8917748917748918
16476,0.8917748917748918
16477,0.014735980352026197
16478,0.014735980352026197
16479,0.014735980352026197
16480,0.014735980352026197
16481,0.15364583333333334
16482,0.014735980352026197
16483,0.8917748917748918
16484,0.15364583333333334
16485,0.014735980352026197
16486,0.014735980352026197
16487,0.014735980352026197
16488,0.014735980352026197
16489,0.8917748917748918
16490,0.014735980352026197
16491,0.014735980352026197
16492,0.5006002400960384
16493,0.014735980352026197
16494,0.5006002400960384
16495,0.014735980352026197
16496,0.014735980352026197
16497,0.15364583333333334
16498,0.5006002400960384
16499,0.15364583333333334
16500,0.15364583333333334
16501,0.014735980352026197
16502,0.15364583333333334
16503,0.014735980352026197
16504,0.07278481012658228
16505,0.014735980352026197
16506,0.014735980352026197
16507,0.15364583333333334
16508,0.10148514851485149
16509,0.07278481012658228
16510,0.15364583333333334
16511,0.15364583333333334
16512,0.014735980352026197
16513,0.014735980352026197
16514,0.15364583333333334
16515,0.15364583333333334
16516,0.014735980352026197
16517,0.15364583333333334
16518,0.10148514851485149
16519,0.014735980352026197
16520,0.07278481012658228
16521,0.014735980352026197
16522,0.014735980352026197
16523,0.5006002400960384
16524,0.014735980352026197
16525,0.37579617834394907
16526,0.15364583333333334
16527,0.014735980352026197
16528,0.8917748917748918
16529,0.07278481012658228
16530,0.014735980352026197
16531,0.014735980352026197
16532,0.8917748917748918
16533,0.014735980352026197
16534,0.15364583333333334
16535,0.014735980352026197
16536,0.014735980352026197
16537,0.014735980352026197
16538,0.07278481012658228
16539,0.15364583333333334
16540,0.15364583333333334
16541,0.014735980352026197
16542,0.014735980352026197
16543,0.37579617834394907
16544,0.5006002400960384
16545,0.5006002400960384
16546,0.014735980352026197
16547,0.15364583333333334
16548,0.6291739894551845
16549,0.014735980352026197
16550,0.15364583333333334
16551,0.014735980352026197
16552,0.014735980352026197
16553,0.014735980352026197
16554,0.15364583333333334
16555,0.014735980352026197
16556,0.37579617834394907
16557,0.8917748917748918
16558,0.014735980352026197
16559,0.15364583333333334
16560,0.014735980352026197
16561,0.15364583333333334
16562,0.014735980352026197
16563,0.014735980352026197
16564,0.15364583333333334
16565,0.8917748917748918
16566,0.6291739894551845
16567,0.5006002400960384
16568,0.5006002400960384
16569,0.014735980352026197
16570,0.15364583333333334
16571,0.15364583333333334
16572,0.014735980352026197
16573,0.014735980352026197
16574,0.5006002400960384
16575,0.014735980352026197
16576,0.07278481012658228
16577,0.15364583333333334
16578,0.014735980352026197
16579,0.15364583333333334
16580,0.014735980352026197
16581,0.07278481012658228
16582,0.15364583333333334
16583,0.014735980352026197
16584,0.014735980352026197
16585,0.014735980352026197
16586,0.5006002400960384
16587,0.15364583333333334
16588,0.8917748917748918
16589,0.014735980352026197
16590,0.8917748917748918
16591,0.014735980352026197
16592,0.8917748917748918
16593,0.15364583333333334
16594,0.6291739894551845
16595,0.014735980352026197
16596,0.014735980352026197
16597,0.5006002400960384
16598,0.37579617834394907
16599,0.15364583333333334
16600,0.5006002400960384
16601,0.014735980352026197
16602,0.15364583333333334
16603,0.014735980352026197
16604,0.07278481012658228
16605,0.014735980352026197
16606,0.15364583333333334
16607,0.15364583333333334
16608,0.8917748917748918
16609,0.8917748917748918
16610,0.15364583333333334
16611,0.014735980352026197
16612,0.014735980352026197
16613,0.014735980352026197
16614,0.5006002400960384
16615,0.014735980352026197
16616,0.15364583333333334
16617,0.15364583333333334
16618,0.014735980352026197
16619,0.15364583333333334
16620,0.014735980352026197
16621,0.8917748917748918
16622,0.6291739894551845
16623,0.07278481012658228
16624,0.6291739894551845
16625,0.014735980352026197
16626,0.014735980352026197
16627,0.10148514851485149
16628,0.014735980352026197
16629,0.15364583333333334
16630,0.07278481012658228
16631,0.6291739894551845
16632,0.07278481012658228
16633,0.15364583333333334
16634,0.014735980352026197
16635,0.8917748917748918
16636,0.014735980352026197
16637,0.014735980352026197
16638,0.014735980352026197
16639,0.014735980352026197
16640,0.5006002400960384
16641,0.014735980352026197
16642,0.014735980352026197
16643,0.014735980352026197
16644,0.014735980352026197
16645,0.07278481012658228
16646,0.014735980352026197
16647,0.014735980352026197
16648,0.15364583333333334
16649,0.5006002400960384
16650,0.014735980352026197
16651,0.014735980352026197
16652,0.15364583333333334
16653,0.014735980352026197
16654,0.014735980352026197
16655,0.014735980352026197
16656,0.6291739894551845
16657,0.15364583333333334
16658,0.014735980352026197
16659,0.014735980352026197
16660,0.8917748917748918
16661,0.15364583333333334
16662,0.15364583333333334
16663,0.014735980352026197
16664,0.014735980352026197
16665,0.10148514851485149
16666,0.014735980352026197
16667,0.07278481012658228
16668,0.37579617834394907
16669,0.014735980352026197
16670,0.014735980352026197
16671,0.014735980352026197
16672,0.5006002400960384
16673,0.6291739894551845
16674,0.014735980352026197
16675,0.5006002400960384
16676,0.014735980352026197
16677,0.014735980352026197
16678,0.014735980352026197
16679,0.014735980352026197
16680,0.014735980352026197
16681,0.014735980352026197
16682,0.15364583333333334
16683,0.10148514851485149
16684,0.014735980352026197
16685,0.10148514851485149
16686,0.5006002400960384
16687,0.014735980352026197
16688,0.6291739894551845
16689,0.15364583333333334
16690,0.8917748917748918
16691,0.15364583333333334
16692,0.014735980352026197
16693,0.15364583333333334
16694,0.014735980352026197
16695,0.014735980352026197
16696,0.014735980352026197
16697,0.014735980352026197
16698,0.014735980352026197
16699,0.014735980352026197
16700,0.014735980352026197
16701,0.8917748917748918
16702,0.014735980352026197
16703,0.014735980352026197
16704,0.014735980352026197
16705,0.15364583333333334
16706,0.014735980352026197
16707,0.5006002400960384
16708,0.014735980352026197
16709,0.014735980352026197
16710,0.07278481012658228
16711,0.5006002400960384
16712,0.014735980352026197
16713,0.6291739894551845
16714,0.07278481012658228
16715,0.6291739894551845
16716,0.014735980352026197
16717,0.014735980352026197
16718,0.8917748917748918
16719,0.8917748917748918
16720,0.014735980352026197
16721,0.37579617834394907
16722,0.15364583333333334
16723,0.014735980352026197
16724,0.07278481012658228
16725,0.014735980352026197
16726,0.014735980352026197
16727,0.6291739894551845
16728,0.5006002400960384
16729,0.07278481012658228
16730,0.014735980352026197
16731,0.014735980352026197
16732,0.6291739894551845
16733,0.014735980352026197
16734,0.15364583333333334
16735,0.07278481012658228
16736,0.37579617834394907
16737,0.07278481012658228
16738,0.014735980352026197
16739,0.5006002400960384
16740,0.014735980352026197
16741,0.014735980352026197
16742,0.6291739894551845
16743,0.014735980352026197
16744,0.15364583333333334
16745,0.014735980352026197
16746,0.014735980352026197
16747,0.014735980352026197
16748,0.37579617834394907
16749,0.014735980352026197
16750,0.014735980352026197
16751,0.07278481012658228
16752,0.37579617834394907
16753,0.014735980352026197
16754,0.07278481012658228
16755,0.014735980352026197
16756,0.15364583333333334
16757,0.014735980352026197
16758,0.014735980352026197
16759,0.10148514851485149
16760,0.014735980352026197
16761,0.014735980352026197
16762,0.07278481012658228
16763,0.014735980352026197
16764,0.6291739894551845
16765,0.014735980352026197
16766,0.014735980352026197
16767,0.014735980352026197
16768,0.15364583333333334
16769,0.014735980352026197
16770,0.6291739894551845
16771,0.014735980352026197
16772,0.15364583333333334
16773,0.014735980352026197
16774,0.014735980352026197
16775,0.014735980352026197
16776,0.15364583333333334
16777,0.10148514851485149
16778,0.37579617834394907
16779,0.014735980352026197
16780,0.15364583333333334
16781,0.15364583333333334
16782,0.6291739894551845
16783,0.014735980352026197
16784,0.10148514851485149
16785,0.014735980352026197
16786,0.15364583333333334
16787,0.014735980352026197
16788,0.014735980352026197
16789,0.5006002400960384
16790,0.15364583333333334
16791,0.014735980352026197
16792,0.014735980352026197
16793,0.014735980352026197
16794,0.014735980352026197
16795,0.5006002400960384
16796,0.07278481012658228
16797,0.014735980352026197
16798,0.15364583333333334
16799,0.014735980352026197
16800,0.15364583333333334
16801,0.15364583333333334
16802,0.15364583333333334
16803,0.014735980352026197
16804,0.10148514851485149
16805,0.014735980352026197
16806,0.014735980352026197
16807,0.37579617834394907
16808,0.014735980352026197
16809,0.014735980352026197
16810,0.014735980352026197
16811,0.014735980352026197
16812,0.15364583333333334
16813,0.15364583333333334
16814,0.014735980352026197
16815,0.15364583333333334
16816,0.15364583333333334
16817,0.15364583333333334
16818,0.5006002400960384
16819,0.8917748917748918
16820,0.15364583333333334
16821,0.8917748917748918
16822,0.014735980352026197
16823,0.014735980352026197
16824,0.8917748917748918
16825,0.07278481012658228
16826,0.014735980352026197
16827,0.014735980352026197
16828,0.014735980352026197
16829,0.8917748917748918
16830,0.6291739894551845
16831,0.8917748917748918
16832,0.6291739894551845
16833,0.8917748917748918
16834,0.014735980352026197
16835,0.014735980352026197
16836,0.10148514851485149
16837,0.15364583333333334
16838,0.15364583333333334
16839,0.6291739894551845
16840,0.8917748917748918
16841,0.014735980352026197
16842,0.5006002400960384
16843,0.15364583333333334
16844,0.8917748917748918
16845,0.014735980352026197
16846,0.8917748917748918
16847,0.6291739894551845
16848,0.6291739894551845
16849,0.37579617834394907
16850,0.8917748917748918
16851,0.014735980352026197
16852,0.014735980352026197
16853,0.15364583333333334
16854,0.5006002400960384
16855,0.014735980352026197
16856,0.37579617834394907
16857,0.5006002400960384
16858,0.5006002400960384
16859,0.014735980352026197
16860,0.15364583333333334
16861,0.014735980352026197
16862,0.014735980352026197
16863,0.014735980352026197
16864,0.15364583333333334
16865,0.15364583333333334
16866,0.014735980352026197
16867,0.014735980352026197
16868,0.5006002400960384
16869,0.014735980352026197
16870,0.5006002400960384
16871,0.5006002400960384
16872,0.014735980352026197
16873,0.014735980352026197
16874,0.014735980352026197
16875,0.8917748917748918
16876,0.014735980352026197
16877,0.014735980352026197
16878,0.014735980352026197
16879,0.014735980352026197
16880,0.15364583333333334
16881,0.014735980352026197
16882,0.014735980352026197
16883,0.15364583333333334
16884,0.014735980352026197
16885,0.014735980352026197
16886,0.07278481012658228
16887,0.5006002400960384
16888,0.014735980352026197
16889,0.07278481012658228
16890,0.5006002400960384
16891,0.014735980352026197
16892,0.014735980352026197
16893,0.014735980352026197
16894,0.07278481012658228
16895,0.15364583333333334
16896,0.5006002400960384
16897,0.07278481012658228
16898,0.15364583333333334
16899,0.15364583333333334
16900,0.014735980352026197
16901,0.014735980352026197
16902,0.8917748917748918
16903,0.014735980352026197
16904,0.5006002400960384
16905,0.014735980352026197
16906,0.5006002400960384
16907,0.014735980352026197
16908,0.014735980352026197
16909,0.014735980352026197
16910,0.014735980352026197
16911,0.014735980352026197
16912,0.014735980352026197
16913,0.014735980352026197
16914,0.014735980352026197
16915,0.15364583333333334
16916,0.014735980352026197
16917,0.15364583333333334
16918,0.5006002400960384
16919,0.014735980352026197
16920,0.014735980352026197
16921,0.014735980352026197
16922,0.014735980352026197
16923,0.15364583333333334
16924,0.014735980352026197
16925,0.15364583333333334
16926,0.15364583333333334
16927,0.014735980352026197
16928,0.6291739894551845
16929,0.8917748917748918
16930,0.014735980352026197
16931,0.6291739894551845
16932,0.15364583333333334
16933,0.014735980352026197
16934,0.014735980352026197
16935,0.014735980352026197
16936,0.8917748917748918
16937,0.014735980352026197
16938,0.014735980352026197
16939,0.014735980352026197
16940,0.15364583333333334
16941,0.014735980352026197
16942,0.15364583333333334
16943,0.8917748917748918
16944,0.014735980352026197
16945,0.014735980352026197
16946,0.07278481012658228
16947,0.15364583333333334
16948,0.15364583333333334
16949,0.8917748917748918
16950,0.15364583333333334
16951,0.8917748917748918
16952,0.15364583333333334
16953,0.014735980352026197
16954,0.10148514851485149
16955,0.014735980352026197
16956,0.15364583333333334
16957,0.37579617834394907
16958,0.014735980352026197
16959,0.014735980352026197
16960,0.10148514851485149
16961,0.014735980352026197
16962,0.014735980352026197
16963,0.014735980352026197
16964,0.014735980352026197
16965,0.014735980352026197
16966,0.8917748917748918
16967,0.10148514851485149
16968,0.8917748917748918
16969,0.014735980352026197
16970,0.014735980352026197
16971,0.6291739894551845
16972,0.8917748917748918
16973,0.6291739894551845
16974,0.014735980352026197
16975,0.014735980352026197
16976,0.07278481012658228
16977,0.07278481012658228
16978,0.15364583333333334
16979,0.014735980352026197
16980,0.8917748917748918
16981,0.8917748917748918
16982,0.8917748917748918
16983,0.8917748917748918
16984,0.014735980352026197
16985,0.014735980352026197
16986,0.014735980352026197
16987,0.014735980352026197
16988,0.014735980352026197
16989,0.5006002400960384
16990,0.014735980352026197
16991,0.07278481012658228
16992,0.5006002400960384
16993,0.014735980352026197
16994,0.37579617834394907
16995,0.014735980352026197
16996,0.014735980352026197
16997,0.07278481012658228
16998,0.6291739894551845
16999,0.014735980352026197
17000,0.014735980352026197
17001,0.014735980352026197
17002,0.10148514851485149
17003,0.6291739894551845
17004,0.15364583333333334
17005,0.15364583333333334
17006,0.15364583333333334
17007,0.15364583333333334
17008,0.014735980352026197
17009,0.8917748917748918
17010,0.07278481012658228
17011,0.014735980352026197
17012,0.014735980352026197
17013,0.014735980352026197
17014,0.5006002400960384
17015,0.15364583333333334
17016,0.014735980352026197
17017,0.15364583333333334
17018,0.014735980352026197
17019,0.014735980352026197
17020,0.15364583333333334
17021,0.15364583333333334
17022,0.07278481012658228
17023,0.8917748917748918
17024,0.014735980352026197
17025,0.014735980352026197
17026,0.014735980352026197
17027,0.014735980352026197
17028,0.6291739894551845
17029,0.014735980352026197
17030,0.014735980352026197
17031,0.014735980352026197
17032,0.6291739894551845
17033,0.10148514851485149
17034,0.014735980352026197
17035,0.014735980352026197
17036,0.014735980352026197
17037,0.014735980352026197
17038,0.15364583333333334
17039,0.014735980352026197
17040,0.014735980352026197
17041,0.014735980352026197
17042,0.8917748917748918
17043,0.15364583333333334
17044,0.014735980352026197
17045,0.15364583333333334
17046,0.6291739894551845
17047,0.014735980352026197
17048,0.15364583333333334
17049,0.014735980352026197
17050,0.07278481012658228
17051,0.8917748917748918
17052,0.15364583333333334
17053,0.8917748917748918
17054,0.014735980352026197
17055,0.014735980352026197
17056,0.15364583333333334
17057,0.014735980352026197
17058,0.014735980352026197
17059,0.014735980352026197
17060,0.37579617834394907
17061,0.8917748917748918
17062,0.014735980352026197
17063,0.07278481012658228
17064,0.5006002400960384
17065,0.014735980352026197
17066,0.6291739894551845
17067,0.5006002400960384
17068,0.6291739894551845
17069,0.07278481012658228
17070,0.15364583333333334
17071,0.8917748917748918
17072,0.014735980352026197
17073,0.014735980352026197
17074,0.15364583333333334
17075,0.15364583333333334
17076,0.014735980352026197
17077,0.5006002400960384
17078,0.15364583333333334
17079,0.15364583333333334
17080,0.15364583333333334
17081,0.014735980352026197
17082,0.014735980352026197
17083,0.15364583333333334
17084,0.15364583333333334
17085,0.8917748917748918
17086,0.10148514851485149
17087,0.15364583333333334
17088,0.014735980352026197
17089,0.014735980352026197
17090,0.014735980352026197
17091,0.014735980352026197
17092,0.5006002400960384
17093,0.15364583333333334
17094,0.15364583333333334
17095,0.8917748917748918
17096,0.15364583333333334
17097,0.10148514851485149
17098,0.014735980352026197
17099,0.014735980352026197
17100,0.5006002400960384
17101,0.07278481012658228
17102,0.8917748917748918
17103,0.014735980352026197
17104,0.014735980352026197
17105,0.15364583333333334
17106,0.014735980352026197
17107,0.6291739894551845
17108,0.07278481012658228
17109,0.014735980352026197
17110,0.014735980352026197
17111,0.014735980352026197
17112,0.15364583333333334
17113,0.15364583333333334
17114,0.014735980352026197
17115,0.6291739894551845
17116,0.15364583333333334
17117,0.014735980352026197
17118,0.15364583333333334
17119,0.014735980352026197
17120,0.15364583333333334
17121,0.07278481012658228
17122,0.5006002400960384
17123,0.15364583333333334
17124,0.8917748917748918
17125,0.014735980352026197
17126,0.15364583333333334
17127,0.15364583333333334
17128,0.8917748917748918
17129,0.014735980352026197
17130,0.15364583333333334
17131,0.15364583333333334
17132,0.37579617834394907
17133,0.15364583333333334
17134,0.15364583333333334
17135,0.15364583333333334
17136,0.014735980352026197
17137,0.15364583333333334
17138,0.8917748917748918
17139,0.5006002400960384
17140,0.014735980352026197
17141,0.15364583333333334
17142,0.014735980352026197
17143,0.15364583333333334
17144,0.014735980352026197
17145,0.014735980352026197
17146,0.5006002400960384
17147,0.10148514851485149
17148,0.15364583333333334
17149,0.15364583333333334
17150,0.014735980352026197
17151,0.5006002400960384
17152,0.10148514851485149
17153,0.014735980352026197
17154,0.014735980352026197
17155,0.014735980352026197
17156,0.15364583333333334
17157,0.07278481012658228
17158,0.15364583333333334
17159,0.15364583333333334
17160,0.014735980352026197
17161,0.15364583333333334
17162,0.014735980352026197
17163,0.5006002400960384
17164,0.014735980352026197
17165,0.014735980352026197
17166,0.15364583333333334
17167,0.014735980352026197
17168,0.07278481012658228
17169,0.5006002400960384
17170,0.014735980352026197
17171,0.014735980352026197
17172,0.15364583333333334
17173,0.07278481012658228
17174,0.07278481012658228
17175,0.5006002400960384
17176,0.15364583333333334
17177,0.5006002400960384
17178,0.10148514851485149
17179,0.5006002400960384
17180,0.15364583333333334
17181,0.37579617834394907
17182,0.15364583333333334
17183,0.07278481012658228
17184,0.15364583333333334
17185,0.014735980352026197
17186,0.014735980352026197
17187,0.07278481012658228
17188,0.6291739894551845
17189,0.014735980352026197
17190,0.6291739894551845
17191,0.15364583333333334
17192,0.014735980352026197
17193,0.014735980352026197
17194,0.014735980352026197
17195,0.014735980352026197
17196,0.014735980352026197
17197,0.014735980352026197
17198,0.15364583333333334
17199,0.8917748917748918
17200,0.15364583333333334
17201,0.5006002400960384
17202,0.15364583333333334
17203,0.014735980352026197
17204,0.6291739894551845
17205,0.014735980352026197
17206,0.014735980352026197
17207,0.15364583333333334
17208,0.07278481012658228
17209,0.014735980352026197
17210,0.014735980352026197
17211,0.014735980352026197
17212,0.014735980352026197
17213,0.15364583333333334
17214,0.37579617834394907
17215,0.8917748917748918
17216,0.014735980352026197
17217,0.5006002400960384
17218,0.15364583333333334
17219,0.07278481012658228
17220,0.014735980352026197
17221,0.014735980352026197
17222,0.10148514851485149
17223,0.014735980352026197
17224,0.15364583333333334
17225,0.15364583333333334
17226,0.014735980352026197
17227,0.014735980352026197
17228,0.014735980352026197
17229,0.15364583333333334
17230,0.15364583333333334
17231,0.07278481012658228
17232,0.014735980352026197
17233,0.15364583333333334
17234,0.014735980352026197
17235,0.15364583333333334
17236,0.014735980352026197
17237,0.014735980352026197
17238,0.6291739894551845
17239,0.014735980352026197
17240,0.014735980352026197
17241,0.014735980352026197
17242,0.014735980352026197
17243,0.15364583333333334
17244,0.5006002400960384
17245,0.07278481012658228
17246,0.014735980352026197
17247,0.014735980352026197
17248,0.014735980352026197
17249,0.014735980352026197
17250,0.8917748917748918
17251,0.6291739894551845
17252,0.15364583333333334
17253,0.15364583333333334
17254,0.15364583333333334
17255,0.014735980352026197
17256,0.014735980352026197
17257,0.8917748917748918
17258,0.37579617834394907
17259,0.8917748917748918
17260,0.07278481012658228
17261,0.15364583333333334
17262,0.15364583333333334
17263,0.014735980352026197
17264,0.5006002400960384
17265,0.014735980352026197
17266,0.014735980352026197
17267,0.15364583333333334
17268,0.10148514851485149
17269,0.15364583333333334
17270,0.014735980352026197
17271,0.15364583333333334
17272,0.5006002400960384
17273,0.8917748917748918
17274,0.014735980352026197
17275,0.37579617834394907
17276,0.15364583333333334
17277,0.014735980352026197
17278,0.07278481012658228
17279,0.8917748917748918
17280,0.014735980352026197
17281,0.014735980352026197
17282,0.15364583333333334
17283,0.5006002400960384
17284,0.10148514851485149
17285,0.15364583333333334
17286,0.15364583333333334
17287,0.6291739894551845
17288,0.014735980352026197
17289,0.15364583333333334
17290,0.014735980352026197
17291,0.014735980352026197
17292,0.15364583333333334
17293,0.5006002400960384
17294,0.5006002400960384
17295,0.15364583333333334
17296,0.014735980352026197
17297,0.014735980352026197
17298,0.07278481012658228
17299,0.15364583333333334
17300,0.014735980352026197
17301,0.6291739894551845
17302,0.014735980352026197
17303,0.5006002400960384
17304,0.15364583333333334
17305,0.014735980352026197
17306,0.15364583333333334
17307,0.15364583333333334
17308,0.014735980352026197
17309,0.8917748917748918
17310,0.5006002400960384
17311,0.15364583333333334
17312,0.8917748917748918
17313,0.37579617834394907
17314,0.014735980352026197
17315,0.37579617834394907
17316,0.15364583333333334
17317,0.014735980352026197
17318,0.07278481012658228
17319,0.014735980352026197
17320,0.6291739894551845
17321,0.15364583333333334
17322,0.15364583333333334
17323,0.8917748917748918
17324,0.014735980352026197
17325,0.014735980352026197
17326,0.15364583333333334
17327,0.014735980352026197
17328,0.5006002400960384
17329,0.014735980352026197
17330,0.014735980352026197
17331,0.10148514851485149
17332,0.15364583333333334
17333,0.10148514851485149
17334,0.5006002400960384
17335,0.15364583333333334
17336,0.014735980352026197
17337,0.5006002400960384
17338,0.014735980352026197
17339,0.014735980352026197
17340,0.10148514851485149
17341,0.15364583333333334
17342,0.6291739894551845
17343,0.014735980352026197
17344,0.8917748917748918
17345,0.15364583333333334
17346,0.15364583333333334
17347,0.8917748917748918
17348,0.5006002400960384
17349,0.014735980352026197
17350,0.014735980352026197
17351,0.15364583333333334
17352,0.15364583333333334
17353,0.07278481012658228
17354,0.10148514851485149
17355,0.15364583333333334
17356,0.8917748917748918
17357,0.014735980352026197
17358,0.014735980352026197
17359,0.5006002400960384
17360,0.10148514851485149
17361,0.014735980352026197
17362,0.5006002400960384
17363,0.8917748917748918
17364,0.014735980352026197
17365,0.014735980352026197
17366,0.014735980352026197
17367,0.014735980352026197
17368,0.014735980352026197
17369,0.014735980352026197
17370,0.014735980352026197
17371,0.8917748917748918
17372,0.014735980352026197
17373,0.014735980352026197
17374,0.014735980352026197
17375,0.15364583333333334
17376,0.6291739894551845
17377,0.5006002400960384
17378,0.014735980352026197
17379,0.8917748917748918
17380,0.014735980352026197
17381,0.014735980352026197
17382,0.014735980352026197
17383,0.15364583333333334
17384,0.014735980352026197
17385,0.37579617834394907
17386,0.014735980352026197
17387,0.15364583333333334
17388,0.15364583333333334
17389,0.014735980352026197
17390,0.5006002400960384
17391,0.8917748917748918
17392,0.15364583333333334
17393,0.15364583333333334
17394,0.8917748917748918
17395,0.15364583333333334
17396,0.10148514851485149
17397,0.10148514851485149
17398,0.8917748917748918
17399,0.014735980352026197
17400,0.15364583333333334
17401,0.014735980352026197
17402,0.014735980352026197
17403,0.5006002400960384
17404,0.014735980352026197
17405,0.5006002400960384
17406,0.014735980352026197
17407,0.014735980352026197
17408,0.15364583333333334
17409,0.07278481012658228
17410,0.15364583333333334
17411,0.014735980352026197
17412,0.15364583333333334
17413,0.014735980352026197
17414,0.15364583333333334
17415,0.15364583333333334
17416,0.014735980352026197
17417,0.15364583333333334
17418,0.6291739894551845
17419,0.15364583333333334
17420,0.014735980352026197
17421,0.8917748917748918
17422,0.15364583333333334
17423,0.014735980352026197
17424,0.5006002400960384
17425,0.014735980352026197
17426,0.15364583333333334
17427,0.014735980352026197
17428,0.07278481012658228
17429,0.15364583333333334
17430,0.014735980352026197
17431,0.15364583333333334
17432,0.15364583333333334
17433,0.8917748917748918
17434,0.014735980352026197
17435,0.15364583333333334
17436,0.8917748917748918
17437,0.8917748917748918
17438,0.014735980352026197
17439,0.014735980352026197
17440,0.15364583333333334
17441,0.014735980352026197
17442,0.014735980352026197
17443,0.10148514851485149
17444,0.014735980352026197
17445,0.014735980352026197
17446,0.8917748917748918
17447,0.014735980352026197
17448,0.014735980352026197
17449,0.8917748917748918
17450,0.014735980352026197
17451,0.014735980352026197
17452,0.014735980352026197
17453,0.014735980352026197
17454,0.6291739894551845
17455,0.10148514851485149
17456,0.014735980352026197
17457,0.014735980352026197
17458,0.014735980352026197
17459,0.15364583333333334
17460,0.07278481012658228
17461,0.10148514851485149
17462,0.6291739894551845
17463,0.014735980352026197
17464,0.8917748917748918
17465,0.014735980352026197
17466,0.07278481012658228
17467,0.014735980352026197
17468,0.014735980352026197
17469,0.014735980352026197
17470,0.37579617834394907
17471,0.6291739894551845
17472,0.014735980352026197
17473,0.014735980352026197
17474,0.15364583333333334
17475,0.5006002400960384
17476,0.014735980352026197
17477,0.15364583333333334
17478,0.014735980352026197
17479,0.5006002400960384
17480,0.014735980352026197
17481,0.014735980352026197
17482,0.014735980352026197
17483,0.15364583333333334
17484,0.15364583333333334
17485,0.014735980352026197
17486,0.5006002400960384
17487,0.014735980352026197
17488,0.014735980352026197
17489,0.8917748917748918
17490,0.6291739894551845
17491,0.15364583333333334
17492,0.014735980352026197
17493,0.014735980352026197
17494,0.014735980352026197
17495,0.10148514851485149
17496,0.014735980352026197
17497,0.5006002400960384
17498,0.014735980352026197
17499,0.5006002400960384
17500,0.014735980352026197
17501,0.014735980352026197
17502,0.8917748917748918
17503,0.014735980352026197
17504,0.014735980352026197
17505,0.8917748917748918
17506,0.014735980352026197
17507,0.5006002400960384
17508,0.6291739894551845
17509,0.014735980352026197
17510,0.5006002400960384
17511,0.15364583333333334
17512,0.6291739894551845
17513,0.07278481012658228
17514,0.5006002400960384
17515,0.014735980352026197
17516,0.10148514851485149
17517,0.6291739894551845
17518,0.014735980352026197
17519,0.15364583333333334
17520,0.37579617834394907
17521,0.5006002400960384
17522,0.014735980352026197
17523,0.15364583333333334
17524,0.014735980352026197
17525,0.07278481012658228
17526,0.014735980352026197
17527,0.014735980352026197
17528,0.014735980352026197
17529,0.8917748917748918
17530,0.10148514851485149
17531,0.014735980352026197
17532,0.8917748917748918
17533,0.07278481012658228
17534,0.15364583333333334
17535,0.014735980352026197
17536,0.014735980352026197
17537,0.014735980352026197
17538,0.014735980352026197
17539,0.07278481012658228
17540,0.8917748917748918
17541,0.5006002400960384
17542,0.014735980352026197
17543,0.014735980352026197
17544,0.014735980352026197
17545,0.8917748917748918
17546,0.10148514851485149
17547,0.5006002400960384
17548,0.15364583333333334
17549,0.5006002400960384
17550,0.8917748917748918
17551,0.15364583333333334
17552,0.014735980352026197
17553,0.15364583333333334
17554,0.8917748917748918
17555,0.07278481012658228
17556,0.014735980352026197
17557,0.10148514851485149
17558,0.15364583333333334
17559,0.07278481012658228
17560,0.37579617834394907
17561,0.014735980352026197
17562,0.07278481012658228
17563,0.5006002400960384
17564,0.014735980352026197
17565,0.014735980352026197
17566,0.014735980352026197
17567,0.15364583333333334
17568,0.014735980352026197
17569,0.15364583333333334
17570,0.014735980352026197
17571,0.014735980352026197
17572,0.014735980352026197
17573,0.07278481012658228
17574,0.15364583333333334
17575,0.5006002400960384
17576,0.014735980352026197
17577,0.15364583333333334
17578,0.6291739894551845
17579,0.014735980352026197
17580,0.5006002400960384
17581,0.15364583333333334
17582,0.014735980352026197
17583,0.014735980352026197
17584,0.07278481012658228
17585,0.014735980352026197
17586,0.014735980352026197
17587,0.014735980352026197
17588,0.014735980352026197
17589,0.014735980352026197
17590,0.10148514851485149
17591,0.6291739894551845
17592,0.014735980352026197
17593,0.6291739894551845
17594,0.014735980352026197
17595,0.15364583333333334
17596,0.014735980352026197
17597,0.15364583333333334
17598,0.10148514851485149
17599,0.5006002400960384
17600,0.014735980352026197
17601,0.6291739894551845
17602,0.5006002400960384
17603,0.014735980352026197
17604,0.014735980352026197
17605,0.014735980352026197
17606,0.014735980352026197
17607,0.014735980352026197
17608,0.10148514851485149
17609,0.8917748917748918
17610,0.014735980352026197
17611,0.15364583333333334
17612,0.014735980352026197
17613,0.5006002400960384
17614,0.014735980352026197
17615,0.15364583333333334
17616,0.15364583333333334
17617,0.15364583333333334
17618,0.014735980352026197
17619,0.8917748917748918
17620,0.014735980352026197
17621,0.014735980352026197
17622,0.014735980352026197
17623,0.014735980352026197
17624,0.07278481012658228
17625,0.8917748917748918
17626,0.15364583333333334
17627,0.8917748917748918
17628,0.014735980352026197
17629,0.10148514851485149
17630,0.5006002400960384
17631,0.014735980352026197
17632,0.8917748917748918
17633,0.014735980352026197
17634,0.8917748917748918
17635,0.15364583333333334
17636,0.10148514851485149
17637,0.8917748917748918
17638,0.6291739894551845
17639,0.014735980352026197
17640,0.15364583333333334
17641,0.014735980352026197
17642,0.07278481012658228
17643,0.014735980352026197
17644,0.014735980352026197
17645,0.014735980352026197
17646,0.15364583333333334
17647,0.5006002400960384
17648,0.6291739894551845
17649,0.014735980352026197
17650,0.014735980352026197
17651,0.15364583333333334
17652,0.8917748917748918
17653,0.014735980352026197
17654,0.15364583333333334
17655,0.014735980352026197
17656,0.014735980352026197
17657,0.10148514851485149
17658,0.07278481012658228
17659,0.8917748917748918
17660,0.014735980352026197
17661,0.15364583333333334
17662,0.15364583333333334
17663,0.5006002400960384
17664,0.15364583333333334
17665,0.15364583333333334
17666,0.07278481012658228
17667,0.15364583333333334
17668,0.014735980352026197
17669,0.15364583333333334
17670,0.014735980352026197
17671,0.014735980352026197
17672,0.07278481012658228
17673,0.014735980352026197
17674,0.014735980352026197
17675,0.15364583333333334
17676,0.37579617834394907
17677,0.014735980352026197
17678,0.014735980352026197
17679,0.014735980352026197
17680,0.014735980352026197
17681,0.6291739894551845
17682,0.8917748917748918
17683,0.014735980352026197
17684,0.8917748917748918
17685,0.014735980352026197
17686,0.10148514851485149
17687,0.07278481012658228
17688,0.014735980352026197
17689,0.014735980352026197
17690,0.014735980352026197
17691,0.014735980352026197
17692,0.15364583333333334
17693,0.15364583333333334
17694,0.014735980352026197
17695,0.8917748917748918
17696,0.10148514851485149
17697,0.014735980352026197
17698,0.15364583333333334
17699,0.014735980352026197
17700,0.014735980352026197
17701,0.07278481012658228
17702,0.15364583333333334
17703,0.6291739894551845
17704,0.014735980352026197
17705,0.014735980352026197
17706,0.8917748917748918
17707,0.014735980352026197
17708,0.07278481012658228
17709,0.014735980352026197
17710,0.014735980352026197
17711,0.15364583333333334
17712,0.014735980352026197
17713,0.014735980352026197
17714,0.014735980352026197
17715,0.07278481012658228
17716,0.014735980352026197
17717,0.15364583333333334
17718,0.15364583333333334
17719,0.15364583333333334
17720,0.5006002400960384
17721,0.15364583333333334
17722,0.014735980352026197
17723,0.014735980352026197
17724,0.014735980352026197
17725,0.8917748917748918
17726,0.8917748917748918
17727,0.5006002400960384
17728,0.15364583333333334
17729,0.15364583333333334
17730,0.5006002400960384
17731,0.37579617834394907
17732,0.014735980352026197
17733,0.15364583333333334
17734,0.5006002400960384
17735,0.15364583333333334
17736,0.014735980352026197
17737,0.014735980352026197
17738,0.37579617834394907
17739,0.014735980352026197
17740,0.014735980352026197
17741,0.07278481012658228
17742,0.15364583333333334
17743,0.014735980352026197
17744,0.07278481012658228
17745,0.014735980352026197
17746,0.5006002400960384
17747,0.07278481012658228
17748,0.15364583333333334
17749,0.014735980352026197
17750,0.014735980352026197
17751,0.014735980352026197
17752,0.15364583333333334
17753,0.5006002400960384
17754,0.15364583333333334
17755,0.014735980352026197
17756,0.37579617834394907
17757,0.6291739894551845
17758,0.014735980352026197
17759,0.07278481012658228
17760,0.15364583333333334
17761,0.15364583333333334
17762,0.014735980352026197
17763,0.014735980352026197
17764,0.15364583333333334
17765,0.8917748917748918
17766,0.15364583333333334
17767,0.8917748917748918
17768,0.6291739894551845
17769,0.8917748917748918
17770,0.014735980352026197
17771,0.014735980352026197
17772,0.10148514851485149
17773,0.014735980352026197
17774,0.5006002400960384
17775,0.5006002400960384
17776,0.07278481012658228
17777,0.014735980352026197
17778,0.014735980352026197
17779,0.5006002400960384
17780,0.014735980352026197
17781,0.5006002400960384
17782,0.014735980352026197
17783,0.014735980352026197
17784,0.15364583333333334
17785,0.014735980352026197
17786,0.15364583333333334
17787,0.8917748917748918
17788,0.014735980352026197
17789,0.07278481012658228
17790,0.10148514851485149
17791,0.014735980352026197
17792,0.10148514851485149
17793,0.6291739894551845
17794,0.014735980352026197
17795,0.014735980352026197
17796,0.15364583333333334
17797,0.8917748917748918
17798,0.6291739894551845
17799,0.014735980352026197
17800,0.07278481012658228
17801,0.15364583333333334
17802,0.07278481012658228
17803,0.014735980352026197
17804,0.014735980352026197
17805,0.07278481012658228
17806,0.5006002400960384
17807,0.014735980352026197
17808,0.014735980352026197
17809,0.6291739894551845
17810,0.014735980352026197
17811,0.8917748917748918
17812,0.014735980352026197
17813,0.014735980352026197
17814,0.014735980352026197
17815,0.10148514851485149
17816,0.15364583333333334
17817,0.014735980352026197
17818,0.014735980352026197
17819,0.5006002400960384
17820,0.15364583333333334
17821,0.6291739894551845
17822,0.014735980352026197
17823,0.37579617834394907
17824,0.014735980352026197
17825,0.15364583333333334
17826,0.15364583333333334
17827,0.07278481012658228
17828,0.014735980352026197
17829,0.014735980352026197
17830,0.15364583333333334
17831,0.014735980352026197
17832,0.014735980352026197
17833,0.6291739894551845
17834,0.014735980352026197
17835,0.8917748917748918
17836,0.014735980352026197
17837,0.5006002400960384
17838,0.8917748917748918
17839,0.15364583333333334
17840,0.014735980352026197
17841,0.15364583333333334
17842,0.07278481012658228
17843,0.07278481012658228
17844,0.15364583333333334
17845,0.15364583333333334
17846,0.014735980352026197
17847,0.07278481012658228
17848,0.014735980352026197
17849,0.8917748917748918
17850,0.37579617834394907
17851,0.15364583333333334
17852,0.014735980352026197
17853,0.07278481012658228
17854,0.15364583333333334
17855,0.15364583333333334
17856,0.6291739894551845
17857,0.15364583333333334
17858,0.014735980352026197
17859,0.014735980352026197
17860,0.6291739894551845
17861,0.10148514851485149
17862,0.8917748917748918
17863,0.15364583333333334
17864,0.014735980352026197
17865,0.8917748917748918
17866,0.15364583333333334
17867,0.8917748917748918
17868,0.014735980352026197
17869,0.014735980352026197
17870,0.014735980352026197
17871,0.15364583333333334
17872,0.014735980352026197
17873,0.014735980352026197
17874,0.5006002400960384
17875,0.014735980352026197
17876,0.15364583333333334
17877,0.15364583333333334
17878,0.014735980352026197
17879,0.014735980352026197
17880,0.014735980352026197
17881,0.014735980352026197
17882,0.15364583333333334
17883,0.15364583333333334
17884,0.15364583333333334
17885,0.5006002400960384
17886,0.07278481012658228
17887,0.014735980352026197
17888,0.6291739894551845
17889,0.8917748917748918
17890,0.014735980352026197
17891,0.014735980352026197
17892,0.5006002400960384
17893,0.8917748917748918
17894,0.37579617834394907
17895,0.37579617834394907
17896,0.15364583333333334
17897,0.10148514851485149
17898,0.5006002400960384
17899,0.014735980352026197
17900,0.014735980352026197
17901,0.014735980352026197
17902,0.15364583333333334
17903,0.014735980352026197
17904,0.15364583333333334
17905,0.8917748917748918
17906,0.014735980352026197
17907,0.014735980352026197
17908,0.8917748917748918
17909,0.15364583333333334
17910,0.15364583333333334
17911,0.15364583333333334
17912,0.5006002400960384
17913,0.014735980352026197
17914,0.6291739894551845
17915,0.014735980352026197
17916,0.014735980352026197
17917,0.07278481012658228
17918,0.014735980352026197
17919,0.014735980352026197
17920,0.014735980352026197
17921,0.37579617834394907
17922,0.15364583333333334
17923,0.014735980352026197
17924,0.15364583333333334
17925,0.014735980352026197
17926,0.014735980352026197
17927,0.014735980352026197
17928,0.37579617834394907
17929,0.15364583333333334
17930,0.6291739894551845
17931,0.5006002400960384
17932,0.6291739894551845
17933,0.014735980352026197
17934,0.014735980352026197
17935,0.6291739894551845
17936,0.014735980352026197
17937,0.6291739894551845
17938,0.15364583333333334
17939,0.15364583333333334
17940,0.07278481012658228
17941,0.15364583333333334
17942,0.014735980352026197
17943,0.15364583333333334
17944,0.8917748917748918
17945,0.5006002400960384
17946,0.014735980352026197
17947,0.10148514851485149
17948,0.5006002400960384
17949,0.014735980352026197
17950,0.014735980352026197
17951,0.15364583333333334
17952,0.014735980352026197
17953,0.5006002400960384
17954,0.15364583333333334
17955,0.014735980352026197
17956,0.014735980352026197
17957,0.014735980352026197
17958,0.15364583333333334
17959,0.5006002400960384
17960,0.8917748917748918
17961,0.014735980352026197
17962,0.014735980352026197
17963,0.8917748917748918
17964,0.014735980352026197
17965,0.014735980352026197
17966,0.15364583333333334
17967,0.10148514851485149
17968,0.014735980352026197
17969,0.014735980352026197
17970,0.15364583333333334
17971,0.014735980352026197
17972,0.37579617834394907
17973,0.014735980352026197
17974,0.014735980352026197
17975,0.014735980352026197
17976,0.014735980352026197
17977,0.014735980352026197
17978,0.014735980352026197
17979,0.014735980352026197
17980,0.014735980352026197
17981,0.6291739894551845
17982,0.014735980352026197
17983,0.014735980352026197
17984,0.014735980352026197
17985,0.5006002400960384
17986,0.014735980352026197
17987,0.014735980352026197
17988,0.10148514851485149
17989,0.014735980352026197
17990,0.014735980352026197
17991,0.014735980352026197
17992,0.014735980352026197
17993,0.15364583333333334
17994,0.014735980352026197
17995,0.014735980352026197
17996,0.15364583333333334
17997,0.15364583333333334
17998,0.014735980352026197
17999,0.8917748917748918
18000,0.014735980352026197
18001,0.6291739894551845
18002,0.5006002400960384
18003,0.014735980352026197
18004,0.014735980352026197
18005,0.5006002400960384
18006,0.5006002400960384
18007,0.014735980352026197
18008,0.15364583333333334
18009,0.014735980352026197
18010,0.15364583333333334
18011,0.014735980352026197
18012,0.014735980352026197
18013,0.15364583333333334
18014,0.15364583333333334
18015,0.07278481012658228
18016,0.014735980352026197
18017,0.014735980352026197
18018,0.10148514851485149
18019,0.15364583333333334
18020,0.014735980352026197
18021,0.6291739894551845
18022,0.5006002400960384
18023,0.15364583333333334
18024,0.8917748917748918
18025,0.07278481012658228
18026,0.15364583333333334
18027,0.15364583333333334
18028,0.07278481012658228
18029,0.37579617834394907
18030,0.014735980352026197
18031,0.014735980352026197
18032,0.014735980352026197
18033,0.6291739894551845
18034,0.07278481012658228
18035,0.15364583333333334
18036,0.014735980352026197
18037,0.014735980352026197
18038,0.014735980352026197
18039,0.15364583333333334
18040,0.37579617834394907
18041,0.07278481012658228
18042,0.8917748917748918
18043,0.014735980352026197
18044,0.15364583333333334
18045,0.014735980352026197
18046,0.15364583333333334
18047,0.07278481012658228
18048,0.014735980352026197
18049,0.014735980352026197
18050,0.15364583333333334
18051,0.014735980352026197
18052,0.014735980352026197
18053,0.8917748917748918
18054,0.014735980352026197
18055,0.6291739894551845
18056,0.014735980352026197
18057,0.014735980352026197
18058,0.014735980352026197
18059,0.07278481012658228
18060,0.15364583333333334
18061,0.014735980352026197
18062,0.014735980352026197
18063,0.15364583333333334
18064,0.15364583333333334
18065,0.6291739894551845
18066,0.014735980352026197
18067,0.15364583333333334
18068,0.014735980352026197
18069,0.014735980352026197
18070,0.15364583333333334
18071,0.014735980352026197
18072,0.8917748917748918
18073,0.8917748917748918
18074,0.014735980352026197
18075,0.014735980352026197
18076,0.014735980352026197
18077,0.014735980352026197
18078,0.014735980352026197
18079,0.014735980352026197
18080,0.014735980352026197
18081,0.014735980352026197
18082,0.15364583333333334
18083,0.014735980352026197
18084,0.6291739894551845
18085,0.014735980352026197
18086,0.8917748917748918
18087,0.5006002400960384
18088,0.15364583333333334
18089,0.014735980352026197
18090,0.014735980352026197
18091,0.8917748917748918
18092,0.15364583333333334
18093,0.07278481012658228
18094,0.6291739894551845
18095,0.15364583333333334
18096,0.014735980352026197
18097,0.014735980352026197
18098,0.014735980352026197
18099,0.15364583333333334
18100,0.5006002400960384
18101,0.5006002400960384
18102,0.014735980352026197
18103,0.5006002400960384
18104,0.014735980352026197
18105,0.014735980352026197
18106,0.6291739894551845
18107,0.014735980352026197
18108,0.014735980352026197
18109,0.37579617834394907
18110,0.15364583333333334
18111,0.15364583333333334
18112,0.10148514851485149
18113,0.014735980352026197
18114,0.014735980352026197
18115,0.10148514851485149
18116,0.014735980352026197
18117,0.014735980352026197
18118,0.014735980352026197
18119,0.014735980352026197
18120,0.014735980352026197
18121,0.014735980352026197
18122,0.014735980352026197
18123,0.014735980352026197
18124,0.07278481012658228
18125,0.15364583333333334
18126,0.15364583333333334
18127,0.5006002400960384
18128,0.014735980352026197
18129,0.014735980352026197
18130,0.15364583333333334
18131,0.014735980352026197
18132,0.014735980352026197
18133,0.014735980352026197
18134,0.014735980352026197
18135,0.014735980352026197
18136,0.8917748917748918
18137,0.8917748917748918
18138,0.37579617834394907
18139,0.014735980352026197
18140,0.15364583333333334
18141,0.014735980352026197
18142,0.014735980352026197
18143,0.8917748917748918
18144,0.014735980352026197
18145,0.014735980352026197
18146,0.15364583333333334
18147,0.014735980352026197
18148,0.15364583333333334
18149,0.014735980352026197
18150,0.014735980352026197
18151,0.10148514851485149
18152,0.014735980352026197
18153,0.014735980352026197
18154,0.014735980352026197
18155,0.5006002400960384
18156,0.014735980352026197
18157,0.15364583333333334
18158,0.8917748917748918
18159,0.15364583333333334
18160,0.6291739894551845
18161,0.014735980352026197
18162,0.014735980352026197
18163,0.014735980352026197
18164,0.6291739894551845
18165,0.15364583333333334
18166,0.15364583333333334
18167,0.6291739894551845
18168,0.37579617834394907
18169,0.014735980352026197
18170,0.8917748917748918
18171,0.8917748917748918
18172,0.15364583333333334
18173,0.014735980352026197
18174,0.15364583333333334
18175,0.014735980352026197
18176,0.8917748917748918
18177,0.6291739894551845
18178,0.15364583333333334
18179,0.15364583333333334
18180,0.8917748917748918
18181,0.15364583333333334
18182,0.014735980352026197
18183,0.10148514851485149
18184,0.014735980352026197
18185,0.15364583333333334
18186,0.014735980352026197
18187,0.014735980352026197
18188,0.15364583333333334
18189,0.15364583333333334
18190,0.8917748917748918
18191,0.014735980352026197
18192,0.6291739894551845
18193,0.014735980352026197
18194,0.014735980352026197
18195,0.8917748917748918
18196,0.014735980352026197
18197,0.014735980352026197
18198,0.8917748917748918
18199,0.014735980352026197
18200,0.15364583333333334
18201,0.5006002400960384
18202,0.6291739894551845
18203,0.15364583333333334
18204,0.15364583333333334
18205,0.07278481012658228
18206,0.15364583333333334
18207,0.07278481012658228
18208,0.014735980352026197
18209,0.014735980352026197
18210,0.014735980352026197
18211,0.10148514851485149
18212,0.014735980352026197
18213,0.37579617834394907
18214,0.6291739894551845
18215,0.014735980352026197
18216,0.15364583333333334
18217,0.6291739894551845
18218,0.15364583333333334
18219,0.014735980352026197
18220,0.6291739894551845
18221,0.15364583333333334
18222,0.014735980352026197
18223,0.5006002400960384
18224,0.8917748917748918
18225,0.07278481012658228
18226,0.6291739894551845
18227,0.014735980352026197
18228,0.014735980352026197
18229,0.8917748917748918
18230,0.014735980352026197
18231,0.8917748917748918
18232,0.8917748917748918
18233,0.15364583333333334
18234,0.8917748917748918
18235,0.6291739894551845
18236,0.014735980352026197
18237,0.5006002400960384
18238,0.014735980352026197
18239,0.15364583333333334
18240,0.15364583333333334
18241,0.5006002400960384
18242,0.014735980352026197
18243,0.15364583333333334
18244,0.37579617834394907
18245,0.15364583333333334
18246,0.10148514851485149
18247,0.15364583333333334
18248,0.5006002400960384
18249,0.10148514851485149
18250,0.014735980352026197
18251,0.014735980352026197
18252,0.014735980352026197
18253,0.5006002400960384
18254,0.15364583333333334
18255,0.8917748917748918
18256,0.014735980352026197
18257,0.014735980352026197
18258,0.15364583333333334
18259,0.014735980352026197
18260,0.014735980352026197
18261,0.014735980352026197
18262,0.15364583333333334
18263,0.15364583333333334
18264,0.014735980352026197
18265,0.8917748917748918
18266,0.5006002400960384
18267,0.15364583333333334
18268,0.014735980352026197
18269,0.8917748917748918
18270,0.15364583333333334
18271,0.014735980352026197
18272,0.15364583333333334
18273,0.014735980352026197
18274,0.014735980352026197
18275,0.014735980352026197
18276,0.8917748917748918
18277,0.014735980352026197
18278,0.014735980352026197
18279,0.014735980352026197
18280,0.014735980352026197
18281,0.10148514851485149
18282,0.014735980352026197
18283,0.15364583333333334
18284,0.014735980352026197
18285,0.014735980352026197
18286,0.15364583333333334
18287,0.014735980352026197
18288,0.014735980352026197
18289,0.15364583333333334
18290,0.014735980352026197
18291,0.014735980352026197
18292,0.15364583333333334
18293,0.15364583333333334
18294,0.07278481012658228
18295,0.10148514851485149
18296,0.8917748917748918
18297,0.014735980352026197
18298,0.014735980352026197
18299,0.15364583333333334
18300,0.014735980352026197
18301,0.014735980352026197
18302,0.5006002400960384
18303,0.014735980352026197
18304,0.014735980352026197
18305,0.5006002400960384
18306,0.014735980352026197
18307,0.15364583333333334
18308,0.8917748917748918
18309,0.014735980352026197
18310,0.014735980352026197
18311,0.37579617834394907
18312,0.014735980352026197
18313,0.014735980352026197
18314,0.07278481012658228
18315,0.07278481012658228
18316,0.014735980352026197
18317,0.15364583333333334
18318,0.014735980352026197
18319,0.014735980352026197
18320,0.07278481012658228
18321,0.15364583333333334
18322,0.5006002400960384
18323,0.014735980352026197
18324,0.5006002400960384
18325,0.8917748917748918
18326,0.10148514851485149
18327,0.15364583333333334
18328,0.014735980352026197
18329,0.07278481012658228
18330,0.014735980352026197
18331,0.15364583333333334
18332,0.014735980352026197
18333,0.15364583333333334
18334,0.014735980352026197
18335,0.10148514851485149
18336,0.15364583333333334
18337,0.8917748917748918
18338,0.014735980352026197
18339,0.014735980352026197
18340,0.5006002400960384
18341,0.07278481012658228
18342,0.15364583333333334
18343,0.014735980352026197
18344,0.8917748917748918
18345,0.8917748917748918
18346,0.014735980352026197
18347,0.014735980352026197
18348,0.014735980352026197
18349,0.014735980352026197
18350,0.6291739894551845
18351,0.014735980352026197
18352,0.10148514851485149
18353,0.014735980352026197
18354,0.014735980352026197
18355,0.07278481012658228
18356,0.15364583333333334
18357,0.6291739894551845
18358,0.15364583333333334
18359,0.014735980352026197
18360,0.014735980352026197
18361,0.8917748917748918
18362,0.014735980352026197
18363,0.014735980352026197
18364,0.5006002400960384
18365,0.8917748917748918
18366,0.8917748917748918
18367,0.014735980352026197
18368,0.014735980352026197
18369,0.014735980352026197
18370,0.15364583333333334
18371,0.8917748917748918
18372,0.014735980352026197
18373,0.15364583333333334
18374,0.014735980352026197
18375,0.15364583333333334
18376,0.15364583333333334
18377,0.014735980352026197
18378,0.15364583333333334
18379,0.014735980352026197
18380,0.6291739894551845
18381,0.8917748917748918
18382,0.10148514851485149
18383,0.5006002400960384
18384,0.014735980352026197
18385,0.014735980352026197
18386,0.8917748917748918
18387,0.6291739894551845
18388,0.15364583333333334
18389,0.014735980352026197
18390,0.5006002400960384
18391,0.6291739894551845
18392,0.15364583333333334
18393,0.15364583333333334
18394,0.014735980352026197
18395,0.5006002400960384
18396,0.6291739894551845
18397,0.014735980352026197
18398,0.8917748917748918
18399,0.15364583333333334
18400,0.15364583333333334
18401,0.014735980352026197
18402,0.6291739894551845
18403,0.37579617834394907
18404,0.014735980352026197
18405,0.15364583333333334
18406,0.37579617834394907
18407,0.014735980352026197
18408,0.6291739894551845
18409,0.014735980352026197
18410,0.014735980352026197
18411,0.014735980352026197
18412,0.014735980352026197
18413,0.5006002400960384
18414,0.15364583333333334
18415,0.014735980352026197
18416,0.15364583333333334
18417,0.014735980352026197
18418,0.6291739894551845
18419,0.5006002400960384
18420,0.014735980352026197
18421,0.8917748917748918
18422,0.014735980352026197
18423,0.10148514851485149
18424,0.5006002400960384
18425,0.8917748917748918
18426,0.014735980352026197
18427,0.8917748917748918
18428,0.014735980352026197
18429,0.014735980352026197
18430,0.8917748917748918
18431,0.014735980352026197
18432,0.014735980352026197
18433,0.15364583333333334
18434,0.014735980352026197
18435,0.15364583333333334
18436,0.5006002400960384
18437,0.014735980352026197
18438,0.15364583333333334
18439,0.014735980352026197
18440,0.15364583333333334
18441,0.15364583333333334
18442,0.15364583333333334
18443,0.15364583333333334
18444,0.014735980352026197
18445,0.8917748917748918
18446,0.8917748917748918
18447,0.014735980352026197
18448,0.5006002400960384
18449,0.014735980352026197
18450,0.10148514851485149
18451,0.014735980352026197
18452,0.8917748917748918
18453,0.014735980352026197
18454,0.8917748917748918
18455,0.10148514851485149
18456,0.15364583333333334
18457,0.15364583333333334
18458,0.8917748917748918
18459,0.6291739894551845
18460,0.014735980352026197
18461,0.10148514851485149
18462,0.15364583333333334
18463,0.014735980352026197
18464,0.014735980352026197
18465,0.014735980352026197
18466,0.15364583333333334
18467,0.014735980352026197
18468,0.15364583333333334
18469,0.014735980352026197
18470,0.5006002400960384
18471,0.8917748917748918
18472,0.014735980352026197
18473,0.014735980352026197
18474,0.014735980352026197
18475,0.014735980352026197
18476,0.15364583333333334
18477,0.014735980352026197
18478,0.8917748917748918
18479,0.014735980352026197
18480,0.8917748917748918
18481,0.014735980352026197
18482,0.8917748917748918
18483,0.07278481012658228
18484,0.10148514851485149
18485,0.8917748917748918
18486,0.15364583333333334
18487,0.014735980352026197
18488,0.8917748917748918
18489,0.014735980352026197
18490,0.014735980352026197
18491,0.014735980352026197
18492,0.8917748917748918
18493,0.15364583333333334
18494,0.6291739894551845
18495,0.8917748917748918
18496,0.07278481012658228
18497,0.014735980352026197
18498,0.5006002400960384
18499,0.014735980352026197
18500,0.6291739894551845
18501,0.5006002400960384
18502,0.15364583333333334
18503,0.014735980352026197
18504,0.014735980352026197
18505,0.014735980352026197
18506,0.014735980352026197
18507,0.15364583333333334
18508,0.014735980352026197
18509,0.014735980352026197
18510,0.15364583333333334
18511,0.014735980352026197
18512,0.15364583333333334
18513,0.8917748917748918
18514,0.014735980352026197
18515,0.07278481012658228
18516,0.15364583333333334
18517,0.014735980352026197
18518,0.014735980352026197
18519,0.014735980352026197
18520,0.014735980352026197
18521,0.014735980352026197
18522,0.014735980352026197
18523,0.014735980352026197
18524,0.014735980352026197
18525,0.07278481012658228
18526,0.15364583333333334
18527,0.8917748917748918
18528,0.014735980352026197
18529,0.014735980352026197
18530,0.014735980352026197
18531,0.014735980352026197
18532,0.014735980352026197
18533,0.014735980352026197
18534,0.15364583333333334
18535,0.014735980352026197
18536,0.014735980352026197
18537,0.15364583333333334
18538,0.15364583333333334
18539,0.014735980352026197
18540,0.15364583333333334
18541,0.014735980352026197
18542,0.15364583333333334
18543,0.014735980352026197
18544,0.07278481012658228
18545,0.014735980352026197
18546,0.15364583333333334
18547,0.15364583333333334
18548,0.8917748917748918
18549,0.8917748917748918
18550,0.8917748917748918
18551,0.15364583333333334
18552,0.6291739894551845
18553,0.5006002400960384
18554,0.15364583333333334
18555,0.15364583333333334
18556,0.014735980352026197
18557,0.014735980352026197
18558,0.07278481012658228
18559,0.8917748917748918
18560,0.37579617834394907
18561,0.07278481012658228
18562,0.5006002400960384
18563,0.07278481012658228
18564,0.8917748917748918
18565,0.014735980352026197
18566,0.014735980352026197
18567,0.014735980352026197
18568,0.07278481012658228
18569,0.014735980352026197
18570,0.5006002400960384
18571,0.014735980352026197
18572,0.014735980352026197
18573,0.014735980352026197
18574,0.07278481012658228
18575,0.07278481012658228
18576,0.014735980352026197
18577,0.014735980352026197
18578,0.014735980352026197
18579,0.10148514851485149
18580,0.15364583333333334
18581,0.014735980352026197
18582,0.15364583333333334
18583,0.07278481012658228
18584,0.15364583333333334
18585,0.15364583333333334
18586,0.07278481012658228
18587,0.014735980352026197
18588,0.15364583333333334
18589,0.014735980352026197
18590,0.014735980352026197
18591,0.6291739894551845
18592,0.15364583333333334
18593,0.15364583333333334
18594,0.014735980352026197
18595,0.8917748917748918
18596,0.15364583333333334
18597,0.15364583333333334
18598,0.6291739894551845
18599,0.6291739894551845
18600,0.5006002400960384
18601,0.014735980352026197
18602,0.014735980352026197
18603,0.014735980352026197
18604,0.5006002400960384
18605,0.014735980352026197
18606,0.10148514851485149
18607,0.014735980352026197
18608,0.5006002400960384
18609,0.15364583333333334
18610,0.15364583333333334
18611,0.014735980352026197
18612,0.014735980352026197
18613,0.8917748917748918
18614,0.014735980352026197
18615,0.5006002400960384
18616,0.014735980352026197
18617,0.8917748917748918
18618,0.07278481012658228
18619,0.014735980352026197
18620,0.07278481012658228
18621,0.014735980352026197
18622,0.15364583333333334
18623,0.014735980352026197
18624,0.014735980352026197
18625,0.014735980352026197
18626,0.014735980352026197
18627,0.15364583333333334
18628,0.014735980352026197
18629,0.014735980352026197
18630,0.10148514851485149
18631,0.5006002400960384
18632,0.014735980352026197
18633,0.15364583333333334
18634,0.8917748917748918
18635,0.014735980352026197
18636,0.15364583333333334
18637,0.6291739894551845
18638,0.014735980352026197
18639,0.10148514851485149
18640,0.15364583333333334
18641,0.014735980352026197
18642,0.6291739894551845
18643,0.014735980352026197
18644,0.014735980352026197
18645,0.014735980352026197
18646,0.5006002400960384
18647,0.014735980352026197
18648,0.014735980352026197
18649,0.014735980352026197
18650,0.15364583333333334
18651,0.10148514851485149
18652,0.014735980352026197
18653,0.014735980352026197
18654,0.37579617834394907
18655,0.014735980352026197
18656,0.014735980352026197
18657,0.014735980352026197
18658,0.15364583333333334
18659,0.15364583333333334
18660,0.014735980352026197
18661,0.014735980352026197
18662,0.014735980352026197
18663,0.15364583333333334
18664,0.014735980352026197
18665,0.15364583333333334
18666,0.15364583333333334
18667,0.014735980352026197
18668,0.014735980352026197
18669,0.014735980352026197
18670,0.15364583333333334
18671,0.014735980352026197
18672,0.8917748917748918
18673,0.15364583333333334
18674,0.014735980352026197
18675,0.6291739894551845
18676,0.014735980352026197
18677,0.014735980352026197
18678,0.014735980352026197
18679,0.15364583333333334
18680,0.6291739894551845
18681,0.10148514851485149
18682,0.15364583333333334
18683,0.014735980352026197
18684,0.8917748917748918
18685,0.014735980352026197
18686,0.15364583333333334
18687,0.8917748917748918
18688,0.014735980352026197
18689,0.15364583333333334
18690,0.014735980352026197
18691,0.014735980352026197
18692,0.014735980352026197
18693,0.5006002400960384
18694,0.15364583333333334
18695,0.8917748917748918
18696,0.5006002400960384
18697,0.5006002400960384
18698,0.8917748917748918
18699,0.014735980352026197
18700,0.014735980352026197
18701,0.07278481012658228
18702,0.15364583333333334
18703,0.014735980352026197
18704,0.8917748917748918
18705,0.37579617834394907
18706,0.014735980352026197
18707,0.15364583333333334
18708,0.014735980352026197
18709,0.5006002400960384
18710,0.014735980352026197
18711,0.15364583333333334
18712,0.014735980352026197
18713,0.014735980352026197
18714,0.15364583333333334
18715,0.014735980352026197
18716,0.5006002400960384
18717,0.15364583333333334
18718,0.014735980352026197
18719,0.014735980352026197
18720,0.15364583333333334
18721,0.15364583333333334
18722,0.014735980352026197
18723,0.6291739894551845
18724,0.5006002400960384
18725,0.8917748917748918
18726,0.15364583333333334
18727,0.014735980352026197
18728,0.15364583333333334
18729,0.5006002400960384
18730,0.07278481012658228
18731,0.8917748917748918
18732,0.014735980352026197
18733,0.6291739894551845
18734,0.014735980352026197
18735,0.37579617834394907
18736,0.37579617834394907
18737,0.15364583333333334
18738,0.014735980352026197
18739,0.014735980352026197
18740,0.014735980352026197
18741,0.014735980352026197
18742,0.5006002400960384
18743,0.15364583333333334
18744,0.014735980352026197
18745,0.014735980352026197
18746,0.15364583333333334
18747,0.15364583333333334
18748,0.8917748917748918
18749,0.10148514851485149
18750,0.014735980352026197
18751,0.10148514851485149
18752,0.014735980352026197
18753,0.15364583333333334
18754,0.014735980352026197
18755,0.014735980352026197
18756,0.15364583333333334
18757,0.014735980352026197
18758,0.15364583333333334
18759,0.6291739894551845
18760,0.014735980352026197
18761,0.014735980352026197
18762,0.15364583333333334
18763,0.5006002400960384
18764,0.07278481012658228
18765,0.15364583333333334
18766,0.15364583333333334
18767,0.15364583333333334
18768,0.15364583333333334
18769,0.014735980352026197
18770,0.014735980352026197
18771,0.014735980352026197
18772,0.07278481012658228
18773,0.15364583333333334
18774,0.15364583333333334
18775,0.014735980352026197
18776,0.014735980352026197
18777,0.15364583333333334
18778,0.014735980352026197
18779,0.014735980352026197
18780,0.15364583333333334
18781,0.014735980352026197
18782,0.014735980352026197
18783,0.5006002400960384
18784,0.8917748917748918
18785,0.07278481012658228
18786,0.014735980352026197
18787,0.15364583333333334
18788,0.15364583333333334
18789,0.6291739894551845
18790,0.5006002400960384
18791,0.014735980352026197
18792,0.07278481012658228
18793,0.07278481012658228
18794,0.014735980352026197
18795,0.15364583333333334
18796,0.15364583333333334
18797,0.014735980352026197
18798,0.014735980352026197
18799,0.014735980352026197
18800,0.014735980352026197
18801,0.014735980352026197
18802,0.6291739894551845
18803,0.014735980352026197
18804,0.014735980352026197
18805,0.10148514851485149
18806,0.07278481012658228
18807,0.10148514851485149
18808,0.10148514851485149
18809,0.014735980352026197
18810,0.15364583333333334
18811,0.014735980352026197
18812,0.014735980352026197
18813,0.15364583333333334
18814,0.014735980352026197
18815,0.014735980352026197
18816,0.014735980352026197
18817,0.014735980352026197
18818,0.15364583333333334
18819,0.014735980352026197
18820,0.15364583333333334
18821,0.15364583333333334
18822,0.15364583333333334
18823,0.15364583333333334
18824,0.8917748917748918
18825,0.07278481012658228
18826,0.5006002400960384
18827,0.8917748917748918
18828,0.014735980352026197
18829,0.014735980352026197
18830,0.15364583333333334
18831,0.8917748917748918
18832,0.8917748917748918
18833,0.014735980352026197
18834,0.5006002400960384
18835,0.15364583333333334
18836,0.6291739894551845
18837,0.15364583333333334
18838,0.15364583333333334
18839,0.37579617834394907
18840,0.014735980352026197
18841,0.014735980352026197
18842,0.014735980352026197
18843,0.014735980352026197
18844,0.37579617834394907
18845,0.37579617834394907
18846,0.15364583333333334
18847,0.5006002400960384
18848,0.014735980352026197
18849,0.014735980352026197
18850,0.8917748917748918
18851,0.07278481012658228
18852,0.15364583333333334
18853,0.8917748917748918
18854,0.15364583333333334
18855,0.10148514851485149
18856,0.014735980352026197
18857,0.15364583333333334
18858,0.014735980352026197
18859,0.014735980352026197
18860,0.6291739894551845
18861,0.014735980352026197
18862,0.014735980352026197
18863,0.15364583333333334
18864,0.15364583333333334
18865,0.014735980352026197
18866,0.014735980352026197
18867,0.014735980352026197
18868,0.014735980352026197
18869,0.15364583333333334
18870,0.15364583333333334
18871,0.014735980352026197
18872,0.8917748917748918
18873,0.5006002400960384
18874,0.014735980352026197
18875,0.15364583333333334
18876,0.8917748917748918
18877,0.014735980352026197
18878,0.6291739894551845
18879,0.15364583333333334
18880,0.8917748917748918
18881,0.10148514851485149
18882,0.15364583333333334
18883,0.15364583333333334
18884,0.8917748917748918
18885,0.5006002400960384
18886,0.8917748917748918
18887,0.014735980352026197
18888,0.014735980352026197
18889,0.014735980352026197
18890,0.5006002400960384
18891,0.014735980352026197
18892,0.014735980352026197
18893,0.014735980352026197
18894,0.10148514851485149
18895,0.5006002400960384
18896,0.37579617834394907
18897,0.10148514851485149
18898,0.014735980352026197
18899,0.15364583333333334
18900,0.014735980352026197
18901,0.15364583333333334
18902,0.014735980352026197
18903,0.014735980352026197
18904,0.014735980352026197
18905,0.014735980352026197
18906,0.10148514851485149
18907,0.014735980352026197
18908,0.014735980352026197
18909,0.8917748917748918
18910,0.15364583333333334
18911,0.5006002400960384
18912,0.15364583333333334
18913,0.014735980352026197
18914,0.15364583333333334
18915,0.07278481012658228
18916,0.6291739894551845
18917,0.014735980352026197
18918,0.8917748917748918
18919,0.15364583333333334
18920,0.15364583333333334
18921,0.37579617834394907
18922,0.37579617834394907
18923,0.8917748917748918
18924,0.014735980352026197
18925,0.15364583333333334
18926,0.07278481012658228
18927,0.07278481012658228
18928,0.15364583333333334
18929,0.014735980352026197
18930,0.10148514851485149
18931,0.8917748917748918
18932,0.10148514851485149
18933,0.8917748917748918
18934,0.15364583333333334
18935,0.37579617834394907
18936,0.014735980352026197
18937,0.014735980352026197
18938,0.15364583333333334
18939,0.37579617834394907
18940,0.014735980352026197
18941,0.014735980352026197
18942,0.014735980352026197
18943,0.014735980352026197
18944,0.8917748917748918
18945,0.15364583333333334
18946,0.014735980352026197
18947,0.014735980352026197
18948,0.014735980352026197
18949,0.014735980352026197
18950,0.15364583333333334
18951,0.37579617834394907
18952,0.6291739894551845
18953,0.014735980352026197
18954,0.014735980352026197
18955,0.5006002400960384
18956,0.8917748917748918
18957,0.014735980352026197
18958,0.014735980352026197
18959,0.014735980352026197
18960,0.014735980352026197
18961,0.014735980352026197
18962,0.014735980352026197
18963,0.15364583333333334
18964,0.014735980352026197
18965,0.15364583333333334
18966,0.10148514851485149
18967,0.5006002400960384
18968,0.8917748917748918
18969,0.15364583333333334
18970,0.6291739894551845
18971,0.014735980352026197
18972,0.15364583333333334
18973,0.014735980352026197
18974,0.15364583333333334
18975,0.014735980352026197
18976,0.014735980352026197
18977,0.10148514851485149
18978,0.07278481012658228
18979,0.014735980352026197
18980,0.15364583333333334
18981,0.37579617834394907
18982,0.6291739894551845
18983,0.15364583333333334
18984,0.014735980352026197
18985,0.014735980352026197
18986,0.8917748917748918
18987,0.014735980352026197
18988,0.014735980352026197
18989,0.5006002400960384
18990,0.15364583333333334
18991,0.014735980352026197
18992,0.8917748917748918
18993,0.014735980352026197
18994,0.15364583333333334
18995,0.15364583333333334
18996,0.6291739894551845
18997,0.5006002400960384
18998,0.15364583333333334
18999,0.15364583333333334
19000,0.15364583333333334
19001,0.10148514851485149
19002,0.014735980352026197
19003,0.014735980352026197
19004,0.8917748917748918
19005,0.15364583333333334
19006,0.5006002400960384
19007,0.014735980352026197
19008,0.8917748917748918
19009,0.10148514851485149
19010,0.014735980352026197
19011,0.07278481012658228
19012,0.014735980352026197
19013,0.014735980352026197
19014,0.6291739894551845
19015,0.014735980352026197
19016,0.15364583333333334
19017,0.15364583333333334
19018,0.07278481012658228
19019,0.014735980352026197
19020,0.15364583333333334
19021,0.10148514851485149
19022,0.014735980352026197
19023,0.014735980352026197
19024,0.5006002400960384
19025,0.014735980352026197
19026,0.15364583333333334
19027,0.15364583333333334
19028,0.15364583333333334
19029,0.014735980352026197
19030,0.15364583333333334
19031,0.014735980352026197
19032,0.014735980352026197
19033,0.15364583333333334
19034,0.07278481012658228
19035,0.014735980352026197
19036,0.15364583333333334
19037,0.014735980352026197
19038,0.07278481012658228
19039,0.014735980352026197
19040,0.10148514851485149
19041,0.15364583333333334
19042,0.014735980352026197
19043,0.014735980352026197
19044,0.15364583333333334
19045,0.8917748917748918
19046,0.014735980352026197
19047,0.5006002400960384
19048,0.014735980352026197
19049,0.15364583333333334
19050,0.15364583333333334
19051,0.15364583333333334
19052,0.6291739894551845
19053,0.014735980352026197
19054,0.014735980352026197
19055,0.37579617834394907
19056,0.15364583333333334
19057,0.07278481012658228
19058,0.5006002400960384
19059,0.014735980352026197
19060,0.15364583333333334
19061,0.014735980352026197
19062,0.014735980352026197
19063,0.014735980352026197
19064,0.10148514851485149
19065,0.15364583333333334
19066,0.6291739894551845
19067,0.014735980352026197
19068,0.07278481012658228
19069,0.014735980352026197
19070,0.15364583333333334
19071,0.6291739894551845
19072,0.15364583333333334
19073,0.6291739894551845
19074,0.014735980352026197
19075,0.5006002400960384
19076,0.15364583333333334
19077,0.10148514851485149
19078,0.014735980352026197
19079,0.6291739894551845
19080,0.014735980352026197
19081,0.15364583333333334
19082,0.014735980352026197
19083,0.8917748917748918
19084,0.07278481012658228
19085,0.15364583333333334
19086,0.8917748917748918
19087,0.15364583333333334
19088,0.15364583333333334
19089,0.014735980352026197
19090,0.15364583333333334
19091,0.15364583333333334
19092,0.8917748917748918
19093,0.10148514851485149
19094,0.014735980352026197
19095,0.15364583333333334
19096,0.014735980352026197
19097,0.07278481012658228
19098,0.8917748917748918
19099,0.014735980352026197
19100,0.8917748917748918
19101,0.5006002400960384
19102,0.014735980352026197
19103,0.15364583333333334
19104,0.014735980352026197
19105,0.014735980352026197
19106,0.014735980352026197
19107,0.5006002400960384
19108,0.014735980352026197
19109,0.10148514851485149
19110,0.014735980352026197
19111,0.15364583333333334
19112,0.014735980352026197
19113,0.10148514851485149
19114,0.07278481012658228
19115,0.15364583333333334
19116,0.15364583333333334
19117,0.10148514851485149
19118,0.014735980352026197
19119,0.15364583333333334
19120,0.014735980352026197
19121,0.15364583333333334
19122,0.014735980352026197
19123,0.014735980352026197
19124,0.014735980352026197
19125,0.014735980352026197
19126,0.15364583333333334
19127,0.014735980352026197
19128,0.014735980352026197
19129,0.07278481012658228
19130,0.8917748917748918
19131,0.15364583333333334
19132,0.5006002400960384
19133,0.014735980352026197
19134,0.014735980352026197
19135,0.8917748917748918
19136,0.15364583333333334
19137,0.014735980352026197
19138,0.014735980352026197
19139,0.014735980352026197
19140,0.07278481012658228
19141,0.15364583333333334
19142,0.8917748917748918
19143,0.15364583333333334
19144,0.37579617834394907
19145,0.014735980352026197
19146,0.014735980352026197
19147,0.014735980352026197
19148,0.15364583333333334
19149,0.15364583333333334
19150,0.014735980352026197
19151,0.014735980352026197
19152,0.8917748917748918
19153,0.8917748917748918
19154,0.10148514851485149
19155,0.07278481012658228
19156,0.6291739894551845
19157,0.15364583333333334
19158,0.014735980352026197
19159,0.15364583333333334
19160,0.8917748917748918
19161,0.15364583333333334
19162,0.10148514851485149
19163,0.07278481012658228
19164,0.014735980352026197
19165,0.014735980352026197
19166,0.014735980352026197
19167,0.15364583333333334
19168,0.6291739894551845
19169,0.15364583333333334
19170,0.5006002400960384
19171,0.10148514851485149
19172,0.15364583333333334
19173,0.15364583333333334
19174,0.014735980352026197
19175,0.014735980352026197
19176,0.014735980352026197
19177,0.07278481012658228
19178,0.15364583333333334
19179,0.014735980352026197
19180,0.014735980352026197
19181,0.15364583333333334
19182,0.15364583333333334
19183,0.014735980352026197
19184,0.07278481012658228
19185,0.014735980352026197
19186,0.014735980352026197
19187,0.15364583333333334
19188,0.15364583333333334
19189,0.014735980352026197
19190,0.15364583333333334
19191,0.15364583333333334
19192,0.37579617834394907
19193,0.014735980352026197
19194,0.15364583333333334
19195,0.014735980352026197
19196,0.6291739894551845
19197,0.014735980352026197
19198,0.15364583333333334
19199,0.8917748917748918
19200,0.8917748917748918
19201,0.014735980352026197
19202,0.6291739894551845
19203,0.07278481012658228
19204,0.07278481012658228
19205,0.15364583333333334
19206,0.014735980352026197
19207,0.8917748917748918
19208,0.014735980352026197
19209,0.8917748917748918
19210,0.8917748917748918
19211,0.15364583333333334
19212,0.8917748917748918
19213,0.014735980352026197
19214,0.15364583333333334
19215,0.6291739894551845
19216,0.014735980352026197
19217,0.07278481012658228
19218,0.6291739894551845
19219,0.014735980352026197
19220,0.15364583333333334
19221,0.07278481012658228
19222,0.07278481012658228
19223,0.014735980352026197
19224,0.15364583333333334
19225,0.5006002400960384
19226,0.5006002400960384
19227,0.15364583333333334
19228,0.014735980352026197
19229,0.014735980352026197
19230,0.15364583333333334
19231,0.014735980352026197
19232,0.15364583333333334
19233,0.014735980352026197
19234,0.014735980352026197
19235,0.014735980352026197
19236,0.014735980352026197
19237,0.15364583333333334
19238,0.014735980352026197
19239,0.014735980352026197
19240,0.014735980352026197
19241,0.014735980352026197
19242,0.014735980352026197
19243,0.8917748917748918
19244,0.15364583333333334
19245,0.15364583333333334
19246,0.014735980352026197
19247,0.5006002400960384
19248,0.014735980352026197
19249,0.014735980352026197
19250,0.15364583333333334
19251,0.014735980352026197
19252,0.014735980352026197
19253,0.014735980352026197
19254,0.014735980352026197
19255,0.15364583333333334
19256,0.014735980352026197
19257,0.07278481012658228
19258,0.8917748917748918
19259,0.8917748917748918
19260,0.5006002400960384
19261,0.014735980352026197
19262,0.014735980352026197
19263,0.014735980352026197
19264,0.5006002400960384
19265,0.014735980352026197
19266,0.15364583333333334
19267,0.014735980352026197
19268,0.15364583333333334
19269,0.014735980352026197
19270,0.014735980352026197
19271,0.15364583333333334
19272,0.15364583333333334
19273,0.014735980352026197
19274,0.014735980352026197
19275,0.5006002400960384
19276,0.014735980352026197
19277,0.014735980352026197
19278,0.6291739894551845
19279,0.014735980352026197
19280,0.014735980352026197
19281,0.014735980352026197
19282,0.014735980352026197
19283,0.014735980352026197
19284,0.014735980352026197
19285,0.6291739894551845
19286,0.014735980352026197
19287,0.15364583333333334
19288,0.014735980352026197
19289,0.15364583333333334
19290,0.37579617834394907
19291,0.014735980352026197
19292,0.15364583333333334
19293,0.8917748917748918
19294,0.014735980352026197
19295,0.014735980352026197
19296,0.014735980352026197
19297,0.014735980352026197
19298,0.8917748917748918
19299,0.15364583333333334
19300,0.07278481012658228
19301,0.07278481012658228
19302,0.014735980352026197
19303,0.37579617834394907
19304,0.8917748917748918
19305,0.15364583333333334
19306,0.15364583333333334
19307,0.014735980352026197
19308,0.15364583333333334
19309,0.15364583333333334
19310,0.014735980352026197
19311,0.15364583333333334
19312,0.15364583333333334
19313,0.07278481012658228
19314,0.5006002400960384
19315,0.15364583333333334
19316,0.5006002400960384
19317,0.15364583333333334
19318,0.15364583333333334
19319,0.37579617834394907
19320,0.014735980352026197
19321,0.15364583333333334
19322,0.5006002400960384
19323,0.15364583333333334
19324,0.014735980352026197
19325,0.014735980352026197
19326,0.5006002400960384
19327,0.014735980352026197
19328,0.014735980352026197
19329,0.014735980352026197
19330,0.014735980352026197
19331,0.8917748917748918
19332,0.10148514851485149
19333,0.07278481012658228
19334,0.014735980352026197
19335,0.014735980352026197
19336,0.15364583333333334
19337,0.8917748917748918
19338,0.15364583333333334
19339,0.014735980352026197
19340,0.15364583333333334
19341,0.15364583333333334
19342,0.014735980352026197
19343,0.15364583333333334
19344,0.10148514851485149
19345,0.5006002400960384
19346,0.014735980352026197
19347,0.07278481012658228
19348,0.15364583333333334
19349,0.6291739894551845
19350,0.014735980352026197
19351,0.10148514851485149
19352,0.6291739894551845
19353,0.15364583333333334
19354,0.15364583333333334
19355,0.15364583333333334
19356,0.15364583333333334
19357,0.014735980352026197
19358,0.07278481012658228
19359,0.10148514851485149
19360,0.15364583333333334
19361,0.15364583333333334
19362,0.15364583333333334
19363,0.15364583333333334
19364,0.6291739894551845
19365,0.37579617834394907
19366,0.014735980352026197
19367,0.5006002400960384
19368,0.07278481012658228
19369,0.014735980352026197
19370,0.014735980352026197
19371,0.8917748917748918
19372,0.014735980352026197
19373,0.014735980352026197
19374,0.15364583333333334
19375,0.014735980352026197
19376,0.014735980352026197
19377,0.8917748917748918
19378,0.15364583333333334
19379,0.014735980352026197
19380,0.014735980352026197
19381,0.014735980352026197
19382,0.15364583333333334
19383,0.014735980352026197
19384,0.014735980352026197
19385,0.014735980352026197
19386,0.15364583333333334
19387,0.014735980352026197
19388,0.37579617834394907
19389,0.8917748917748918
19390,0.5006002400960384
19391,0.8917748917748918
19392,0.014735980352026197
19393,0.014735980352026197
19394,0.15364583333333334
19395,0.15364583333333334
19396,0.014735980352026197
19397,0.15364583333333334
19398,0.15364583333333334
19399,0.014735980352026197
19400,0.15364583333333334
19401,0.10148514851485149
19402,0.014735980352026197
19403,0.37579617834394907
19404,0.014735980352026197
19405,0.014735980352026197
19406,0.15364583333333334
19407,0.15364583333333334
19408,0.014735980352026197
19409,0.014735980352026197
19410,0.014735980352026197
19411,0.014735980352026197
19412,0.014735980352026197
19413,0.014735980352026197
19414,0.6291739894551845
19415,0.014735980352026197
19416,0.07278481012658228
19417,0.8917748917748918
19418,0.014735980352026197
19419,0.07278481012658228
19420,0.5006002400960384
19421,0.37579617834394907
19422,0.014735980352026197
19423,0.5006002400960384
19424,0.5006002400960384
19425,0.014735980352026197
19426,0.014735980352026197
19427,0.014735980352026197
19428,0.014735980352026197
19429,0.014735980352026197
19430,0.014735980352026197
19431,0.014735980352026197
19432,0.014735980352026197
19433,0.014735980352026197
19434,0.5006002400960384
19435,0.15364583333333334
19436,0.014735980352026197
19437,0.8917748917748918
19438,0.014735980352026197
19439,0.37579617834394907
19440,0.014735980352026197
19441,0.15364583333333334
19442,0.014735980352026197
19443,0.014735980352026197
19444,0.014735980352026197
19445,0.15364583333333334
19446,0.014735980352026197
19447,0.07278481012658228
19448,0.15364583333333334
19449,0.014735980352026197
19450,0.014735980352026197
19451,0.5006002400960384
19452,0.014735980352026197
19453,0.014735980352026197
19454,0.6291739894551845
19455,0.15364583333333334
19456,0.15364583333333334
19457,0.37579617834394907
19458,0.5006002400960384
19459,0.014735980352026197
19460,0.8917748917748918
19461,0.014735980352026197
19462,0.014735980352026197
19463,0.07278481012658228
19464,0.15364583333333334
19465,0.15364583333333334
19466,0.014735980352026197
19467,0.014735980352026197
19468,0.8917748917748918
19469,0.014735980352026197
19470,0.10148514851485149
19471,0.15364583333333334
19472,0.6291739894551845
19473,0.014735980352026197
19474,0.15364583333333334
19475,0.15364583333333334
19476,0.014735980352026197
19477,0.8917748917748918
19478,0.37579617834394907
19479,0.014735980352026197
19480,0.15364583333333334
19481,0.5006002400960384
19482,0.15364583333333334
19483,0.014735980352026197
19484,0.014735980352026197
19485,0.014735980352026197
19486,0.8917748917748918
19487,0.15364583333333334
19488,0.10148514851485149
19489,0.15364583333333334
19490,0.014735980352026197
19491,0.15364583333333334
19492,0.07278481012658228
19493,0.15364583333333334
19494,0.10148514851485149
19495,0.014735980352026197
19496,0.6291739894551845
19497,0.15364583333333334
19498,0.15364583333333334
19499,0.014735980352026197
19500,0.8917748917748918
19501,0.014735980352026197
19502,0.8917748917748918
19503,0.37579617834394907
19504,0.8917748917748918
19505,0.10148514851485149
19506,0.15364583333333334
19507,0.6291739894551845
19508,0.15364583333333334
19509,0.014735980352026197
19510,0.014735980352026197
19511,0.15364583333333334
19512,0.15364583333333334
19513,0.014735980352026197
19514,0.014735980352026197
19515,0.6291739894551845
19516,0.6291739894551845
19517,0.07278481012658228
19518,0.014735980352026197
19519,0.014735980352026197
19520,0.014735980352026197
19521,0.014735980352026197
19522,0.5006002400960384
19523,0.014735980352026197
19524,0.15364583333333334
19525,0.15364583333333334
19526,0.014735980352026197
19527,0.5006002400960384
19528,0.5006002400960384
19529,0.15364583333333334
19530,0.6291739894551845
19531,0.014735980352026197
19532,0.5006002400960384
19533,0.014735980352026197
19534,0.10148514851485149
19535,0.15364583333333334
19536,0.014735980352026197
19537,0.014735980352026197
19538,0.37579617834394907
19539,0.37579617834394907
19540,0.5006002400960384
19541,0.014735980352026197
19542,0.014735980352026197
19543,0.014735980352026197
19544,0.6291739894551845
19545,0.6291739894551845
19546,0.6291739894551845
19547,0.014735980352026197
19548,0.014735980352026197
19549,0.07278481012658228
19550,0.15364583333333334
19551,0.07278481012658228
19552,0.014735980352026197
19553,0.014735980352026197
19554,0.014735980352026197
19555,0.014735980352026197
19556,0.014735980352026197
19557,0.8917748917748918
19558,0.014735980352026197
19559,0.15364583333333334
19560,0.014735980352026197
19561,0.8917748917748918
19562,0.10148514851485149
19563,0.014735980352026197
19564,0.014735980352026197
19565,0.37579617834394907
19566,0.15364583333333334
19567,0.8917748917748918
19568,0.014735980352026197
19569,0.15364583333333334
19570,0.014735980352026197
19571,0.014735980352026197
19572,0.014735980352026197
19573,0.014735980352026197
19574,0.014735980352026197
19575,0.15364583333333334
19576,0.6291739894551845
19577,0.014735980352026197
19578,0.014735980352026197
19579,0.15364583333333334
19580,0.014735980352026197
19581,0.5006002400960384
19582,0.15364583333333334
19583,0.014735980352026197
19584,0.014735980352026197
19585,0.014735980352026197
19586,0.5006002400960384
19587,0.014735980352026197
19588,0.10148514851485149
19589,0.014735980352026197
19590,0.5006002400960384
19591,0.15364583333333334
19592,0.014735980352026197
19593,0.8917748917748918
19594,0.014735980352026197
19595,0.15364583333333334
19596,0.15364583333333334
19597,0.10148514851485149
19598,0.014735980352026197
19599,0.014735980352026197
19600,0.014735980352026197
19601,0.8917748917748918
19602,0.8917748917748918
19603,0.8917748917748918
19604,0.014735980352026197
19605,0.6291739894551845
19606,0.15364583333333334
19607,0.014735980352026197
19608,0.15364583333333334
19609,0.07278481012658228
19610,0.10148514851485149
19611,0.15364583333333334
19612,0.15364583333333334
19613,0.014735980352026197
19614,0.15364583333333334
19615,0.014735980352026197
19616,0.014735980352026197
19617,0.014735980352026197
19618,0.37579617834394907
19619,0.07278481012658228
19620,0.10148514851485149
19621,0.10148514851485149
19622,0.8917748917748918
19623,0.014735980352026197
19624,0.15364583333333334
19625,0.07278481012658228
19626,0.5006002400960384
19627,0.15364583333333334
19628,0.5006002400960384
19629,0.07278481012658228
19630,0.014735980352026197
19631,0.6291739894551845
19632,0.15364583333333334
19633,0.014735980352026197
19634,0.15364583333333334
19635,0.014735980352026197
19636,0.07278481012658228
19637,0.6291739894551845
19638,0.014735980352026197
19639,0.014735980352026197
19640,0.15364583333333334
19641,0.014735980352026197
19642,0.014735980352026197
19643,0.014735980352026197
19644,0.014735980352026197
19645,0.10148514851485149
19646,0.15364583333333334
19647,0.014735980352026197
19648,0.014735980352026197
19649,0.07278481012658228
19650,0.014735980352026197
19651,0.014735980352026197
19652,0.15364583333333334
19653,0.014735980352026197
19654,0.8917748917748918
19655,0.07278481012658228
19656,0.15364583333333334
19657,0.014735980352026197
19658,0.8917748917748918
19659,0.014735980352026197
19660,0.15364583333333334
19661,0.6291739894551845
19662,0.15364583333333334
19663,0.014735980352026197
19664,0.8917748917748918
19665,0.014735980352026197
19666,0.014735980352026197
19667,0.014735980352026197
19668,0.014735980352026197
19669,0.014735980352026197
19670,0.15364583333333334
19671,0.15364583333333334
19672,0.15364583333333334
19673,0.014735980352026197
19674,0.5006002400960384
19675,0.6291739894551845
19676,0.07278481012658228
19677,0.014735980352026197
19678,0.014735980352026197
19679,0.014735980352026197
19680,0.014735980352026197
19681,0.6291739894551845
19682,0.8917748917748918
19683,0.10148514851485149
19684,0.014735980352026197
19685,0.6291739894551845
19686,0.014735980352026197
19687,0.15364583333333334
19688,0.014735980352026197
19689,0.15364583333333334
19690,0.8917748917748918
19691,0.10148514851485149
19692,0.8917748917748918
19693,0.014735980352026197
19694,0.014735980352026197
19695,0.10148514851485149
19696,0.014735980352026197
19697,0.6291739894551845
19698,0.014735980352026197
19699,0.15364583333333334
19700,0.014735980352026197
19701,0.014735980352026197
19702,0.6291739894551845
19703,0.014735980352026197
19704,0.15364583333333334
19705,0.15364583333333334
19706,0.6291739894551845
19707,0.014735980352026197
19708,0.014735980352026197
19709,0.014735980352026197
19710,0.014735980352026197
19711,0.8917748917748918
19712,0.014735980352026197
19713,0.014735980352026197
19714,0.15364583333333334
19715,0.10148514851485149
19716,0.014735980352026197
19717,0.15364583333333334
19718,0.014735980352026197
19719,0.014735980352026197
19720,0.15364583333333334
19721,0.014735980352026197
19722,0.8917748917748918
19723,0.8917748917748918
19724,0.014735980352026197
19725,0.15364583333333334
19726,0.014735980352026197
19727,0.10148514851485149
19728,0.10148514851485149
19729,0.014735980352026197
19730,0.014735980352026197
19731,0.15364583333333334
19732,0.15364583333333334
19733,0.014735980352026197
19734,0.37579617834394907
19735,0.014735980352026197
19736,0.10148514851485149
19737,0.8917748917748918
19738,0.5006002400960384
19739,0.6291739894551845
19740,0.014735980352026197
19741,0.014735980352026197
19742,0.014735980352026197
19743,0.5006002400960384
19744,0.014735980352026197
19745,0.15364583333333334
19746,0.15364583333333334
19747,0.15364583333333334
19748,0.014735980352026197
19749,0.014735980352026197
19750,0.15364583333333334
19751,0.15364583333333334
19752,0.15364583333333334
19753,0.014735980352026197
19754,0.10148514851485149
19755,0.014735980352026197
19756,0.014735980352026197
19757,0.15364583333333334
19758,0.6291739894551845
19759,0.15364583333333334
19760,0.15364583333333334
19761,0.014735980352026197
19762,0.014735980352026197
19763,0.014735980352026197
19764,0.5006002400960384
19765,0.014735980352026197
19766,0.8917748917748918
19767,0.5006002400960384
19768,0.8917748917748918
19769,0.014735980352026197
19770,0.15364583333333334
19771,0.014735980352026197
19772,0.014735980352026197
19773,0.5006002400960384
19774,0.8917748917748918
19775,0.014735980352026197
19776,0.014735980352026197
19777,0.5006002400960384
19778,0.07278481012658228
19779,0.15364583333333334
19780,0.014735980352026197
19781,0.37579617834394907
19782,0.15364583333333334
19783,0.014735980352026197
19784,0.15364583333333334
19785,0.014735980352026197
19786,0.014735980352026197
19787,0.014735980352026197
19788,0.15364583333333334
19789,0.014735980352026197
19790,0.8917748917748918
19791,0.15364583333333334
19792,0.014735980352026197
19793,0.5006002400960384
19794,0.8917748917748918
19795,0.014735980352026197
19796,0.15364583333333334
19797,0.15364583333333334
19798,0.014735980352026197
19799,0.8917748917748918
19800,0.014735980352026197
19801,0.014735980352026197
19802,0.014735980352026197
19803,0.15364583333333334
19804,0.15364583333333334
19805,0.15364583333333334
19806,0.014735980352026197
19807,0.15364583333333334
19808,0.014735980352026197
19809,0.014735980352026197
19810,0.07278481012658228
19811,0.014735980352026197
19812,0.014735980352026197
19813,0.014735980352026197
19814,0.15364583333333334
19815,0.10148514851485149
19816,0.10148514851485149
19817,0.014735980352026197
19818,0.014735980352026197
19819,0.014735980352026197
19820,0.014735980352026197
19821,0.014735980352026197
19822,0.014735980352026197
19823,0.014735980352026197
19824,0.10148514851485149
19825,0.15364583333333334
19826,0.15364583333333334
19827,0.15364583333333334
19828,0.014735980352026197
19829,0.6291739894551845
19830,0.014735980352026197
19831,0.014735980352026197
19832,0.10148514851485149
19833,0.5006002400960384
19834,0.014735980352026197
19835,0.15364583333333334
19836,0.014735980352026197
19837,0.014735980352026197
19838,0.014735980352026197
19839,0.10148514851485149
19840,0.15364583333333334
19841,0.15364583333333334
19842,0.014735980352026197
19843,0.15364583333333334
19844,0.15364583333333334
19845,0.15364583333333334
19846,0.014735980352026197
19847,0.014735980352026197
19848,0.15364583333333334
19849,0.15364583333333334
19850,0.014735980352026197
19851,0.014735980352026197
19852,0.07278481012658228
19853,0.15364583333333334
19854,0.8917748917748918
19855,0.15364583333333334
19856,0.15364583333333334
19857,0.6291739894551845
19858,0.15364583333333334
19859,0.37579617834394907
19860,0.8917748917748918
19861,0.8917748917748918
19862,0.07278481012658228
19863,0.5006002400960384
19864,0.014735980352026197
19865,0.014735980352026197
19866,0.07278481012658228
19867,0.014735980352026197
19868,0.014735980352026197
19869,0.014735980352026197
19870,0.07278481012658228
19871,0.15364583333333334
19872,0.07278481012658228
19873,0.5006002400960384
19874,0.014735980352026197
19875,0.15364583333333334
19876,0.014735980352026197
19877,0.10148514851485149
19878,0.014735980352026197
19879,0.014735980352026197
19880,0.014735980352026197
19881,0.15364583333333334
19882,0.014735980352026197
19883,0.15364583333333334
19884,0.10148514851485149
19885,0.8917748917748918
19886,0.15364583333333334
19887,0.014735980352026197
19888,0.5006002400960384
19889,0.15364583333333334
19890,0.014735980352026197
19891,0.15364583333333334
19892,0.5006002400960384
19893,0.15364583333333334
19894,0.014735980352026197
19895,0.6291739894551845
19896,0.014735980352026197
19897,0.6291739894551845
19898,0.014735980352026197
19899,0.15364583333333334
19900,0.10148514851485149
19901,0.15364583333333334
19902,0.014735980352026197
19903,0.10148514851485149
19904,0.014735980352026197
19905,0.014735980352026197
19906,0.15364583333333334
19907,0.014735980352026197
19908,0.014735980352026197
19909,0.15364583333333334
19910,0.5006002400960384
19911,0.5006002400960384
19912,0.014735980352026197
19913,0.014735980352026197
19914,0.07278481012658228
19915,0.5006002400960384
19916,0.014735980352026197
19917,0.014735980352026197
19918,0.014735980352026197
19919,0.014735980352026197
19920,0.014735980352026197
19921,0.15364583333333334
19922,0.5006002400960384
19923,0.15364583333333334
19924,0.5006002400960384
19925,0.37579617834394907
19926,0.5006002400960384
19927,0.5006002400960384
19928,0.014735980352026197
19929,0.15364583333333334
19930,0.15364583333333334
19931,0.014735980352026197
19932,0.10148514851485149
19933,0.014735980352026197
19934,0.07278481012658228
19935,0.07278481012658228
19936,0.014735980352026197
19937,0.15364583333333334
19938,0.014735980352026197
19939,0.014735980352026197
19940,0.014735980352026197
19941,0.014735980352026197
19942,0.014735980352026197
19943,0.014735980352026197
19944,0.014735980352026197
19945,0.15364583333333334
19946,0.014735980352026197
19947,0.014735980352026197
19948,0.10148514851485149
19949,0.014735980352026197
19950,0.15364583333333334
19951,0.6291739894551845
19952,0.014735980352026197
19953,0.37579617834394907
19954,0.014735980352026197
19955,0.15364583333333334
19956,0.15364583333333334
19957,0.014735980352026197
19958,0.014735980352026197
19959,0.014735980352026197
19960,0.15364583333333334
19961,0.014735980352026197
19962,0.07278481012658228
19963,0.014735980352026197
19964,0.014735980352026197
19965,0.014735980352026197
19966,0.15364583333333334
19967,0.15364583333333334
19968,0.6291739894551845
19969,0.6291739894551845
19970,0.15364583333333334
19971,0.014735980352026197
19972,0.014735980352026197
19973,0.8917748917748918
19974,0.014735980352026197
19975,0.8917748917748918
19976,0.15364583333333334
19977,0.014735980352026197
19978,0.014735980352026197
19979,0.5006002400960384
19980,0.15364583333333334
19981,0.014735980352026197
19982,0.014735980352026197
19983,0.8917748917748918
19984,0.5006002400960384
19985,0.15364583333333334
19986,0.014735980352026197
19987,0.5006002400960384
19988,0.014735980352026197
19989,0.014735980352026197
19990,0.37579617834394907
19991,0.014735980352026197
19992,0.8917748917748918
19993,0.15364583333333334
19994,0.10148514851485149
19995,0.15364583333333334
19996,0.07278481012658228
19997,0.014735980352026197
19998,0.014735980352026197
19999,0.014735980352026197
20000,0.014735980352026197
20001,0.014735980352026197
20002,0.15364583333333334
20003,0.10148514851485149
20004,0.10148514851485149
20005,0.5006002400960384
20006,0.8917748917748918
20007,0.5006002400960384
20008,0.5006002400960384
20009,0.014735980352026197
20010,0.014735980352026197
20011,0.07278481012658228
20012,0.014735980352026197
20013,0.014735980352026197
20014,0.15364583333333334
20015,0.014735980352026197
20016,0.07278481012658228
20017,0.014735980352026197
20018,0.014735980352026197
20019,0.07278481012658228
20020,0.014735980352026197
20021,0.014735980352026197
20022,0.10148514851485149
20023,0.15364583333333334
20024,0.014735980352026197
20025,0.014735980352026197
20026,0.014735980352026197
20027,0.8917748917748918
20028,0.014735980352026197
20029,0.6291739894551845
20030,0.014735980352026197
20031,0.014735980352026197
20032,0.15364583333333334
20033,0.5006002400960384
20034,0.07278481012658228
20035,0.15364583333333334
20036,0.014735980352026197
20037,0.15364583333333334
20038,0.8917748917748918
20039,0.5006002400960384
20040,0.014735980352026197
20041,0.014735980352026197
20042,0.014735980352026197
20043,0.014735980352026197
20044,0.014735980352026197
20045,0.6291739894551845
20046,0.6291739894551845
20047,0.8917748917748918
20048,0.014735980352026197
20049,0.6291739894551845
20050,0.6291739894551845
20051,0.014735980352026197
20052,0.014735980352026197
20053,0.8917748917748918
20054,0.014735980352026197
20055,0.15364583333333334
20056,0.014735980352026197
20057,0.15364583333333334
20058,0.5006002400960384
20059,0.15364583333333334
20060,0.014735980352026197
20061,0.014735980352026197
20062,0.15364583333333334
20063,0.014735980352026197
20064,0.014735980352026197
20065,0.15364583333333334
20066,0.15364583333333334
20067,0.15364583333333334
20068,0.15364583333333334
20069,0.5006002400960384
20070,0.07278481012658228
20071,0.07278481012658228
20072,0.15364583333333334
20073,0.15364583333333334
20074,0.014735980352026197
20075,0.014735980352026197
20076,0.5006002400960384
20077,0.15364583333333334
20078,0.07278481012658228
20079,0.014735980352026197
20080,0.15364583333333334
20081,0.6291739894551845
20082,0.15364583333333334
20083,0.15364583333333334
20084,0.8917748917748918
20085,0.014735980352026197
20086,0.014735980352026197
20087,0.014735980352026197
20088,0.014735980352026197
20089,0.014735980352026197
20090,0.37579617834394907
20091,0.5006002400960384
20092,0.014735980352026197
20093,0.15364583333333334
20094,0.5006002400960384
20095,0.15364583333333334
20096,0.5006002400960384
20097,0.6291739894551845
20098,0.014735980352026197
20099,0.014735980352026197
20100,0.8917748917748918
20101,0.15364583333333334
20102,0.15364583333333334
20103,0.014735980352026197
20104,0.6291739894551845
20105,0.014735980352026197
20106,0.014735980352026197
20107,0.6291739894551845
20108,0.014735980352026197
20109,0.8917748917748918
20110,0.5006002400960384
20111,0.15364583333333334
20112,0.014735980352026197
20113,0.014735980352026197
20114,0.8917748917748918
20115,0.8917748917748918
20116,0.5006002400960384
20117,0.014735980352026197
20118,0.014735980352026197
20119,0.15364583333333334
20120,0.014735980352026197
20121,0.014735980352026197
20122,0.15364583333333334
20123,0.15364583333333334
20124,0.15364583333333334
20125,0.014735980352026197
20126,0.014735980352026197
20127,0.10148514851485149
20128,0.8917748917748918
20129,0.15364583333333334
20130,0.15364583333333334
20131,0.014735980352026197
20132,0.15364583333333334
20133,0.014735980352026197
20134,0.15364583333333334
20135,0.37579617834394907
20136,0.014735980352026197
20137,0.014735980352026197
20138,0.8917748917748918
20139,0.014735980352026197
20140,0.6291739894551845
20141,0.014735980352026197
20142,0.014735980352026197
20143,0.07278481012658228
20144,0.15364583333333334
20145,0.014735980352026197
20146,0.15364583333333334
20147,0.014735980352026197
20148,0.014735980352026197
20149,0.6291739894551845
20150,0.014735980352026197
20151,0.8917748917748918
20152,0.014735980352026197
20153,0.014735980352026197
20154,0.014735980352026197
20155,0.15364583333333334
20156,0.014735980352026197
20157,0.07278481012658228
20158,0.014735980352026197
20159,0.15364583333333334
20160,0.8917748917748918
20161,0.07278481012658228
20162,0.014735980352026197
20163,0.014735980352026197
20164,0.15364583333333334
20165,0.014735980352026197
20166,0.014735980352026197
20167,0.6291739894551845
20168,0.014735980352026197
20169,0.014735980352026197
20170,0.014735980352026197
20171,0.8917748917748918
20172,0.6291739894551845
20173,0.8917748917748918
20174,0.15364583333333334
20175,0.5006002400960384
20176,0.07278481012658228
20177,0.014735980352026197
20178,0.014735980352026197
20179,0.15364583333333334
20180,0.014735980352026197
20181,0.014735980352026197
20182,0.10148514851485149
20183,0.014735980352026197
20184,0.8917748917748918
20185,0.15364583333333334
20186,0.014735980352026197
20187,0.014735980352026197
20188,0.5006002400960384
20189,0.15364583333333334
20190,0.6291739894551845
20191,0.014735980352026197
20192,0.8917748917748918
20193,0.15364583333333334
20194,0.014735980352026197
20195,0.8917748917748918
20196,0.014735980352026197
20197,0.014735980352026197
20198,0.014735980352026197
20199,0.014735980352026197
20200,0.014735980352026197
20201,0.5006002400960384
20202,0.014735980352026197
20203,0.15364583333333334
20204,0.15364583333333334
20205,0.014735980352026197
20206,0.15364583333333334
20207,0.6291739894551845
20208,0.014735980352026197
20209,0.014735980352026197
20210,0.014735980352026197
20211,0.014735980352026197
20212,0.8917748917748918
20213,0.014735980352026197
20214,0.37579617834394907
20215,0.5006002400960384
20216,0.014735980352026197
20217,0.014735980352026197
20218,0.10148514851485149
20219,0.8917748917748918
20220,0.15364583333333334
20221,0.5006002400960384
20222,0.014735980352026197
20223,0.15364583333333334
20224,0.15364583333333334
20225,0.15364583333333334
20226,0.014735980352026197
20227,0.37579617834394907
20228,0.8917748917748918
20229,0.15364583333333334
20230,0.014735980352026197
20231,0.6291739894551845
20232,0.6291739894551845
20233,0.07278481012658228
20234,0.014735980352026197
20235,0.014735980352026197
20236,0.37579617834394907
20237,0.6291739894551845
20238,0.37579617834394907
20239,0.014735980352026197
20240,0.014735980352026197
20241,0.014735980352026197
20242,0.014735980352026197
20243,0.014735980352026197
20244,0.014735980352026197
20245,0.6291739894551845
20246,0.8917748917748918
20247,0.014735980352026197
20248,0.014735980352026197
20249,0.5006002400960384
20250,0.15364583333333334
20251,0.014735980352026197
20252,0.014735980352026197
20253,0.014735980352026197
20254,0.15364583333333334
20255,0.15364583333333334
20256,0.5006002400960384
20257,0.8917748917748918
20258,0.15364583333333334
20259,0.37579617834394907
20260,0.014735980352026197
20261,0.15364583333333334
20262,0.15364583333333334
20263,0.6291739894551845
20264,0.15364583333333334
20265,0.15364583333333334
20266,0.8917748917748918
20267,0.5006002400960384
20268,0.07278481012658228
20269,0.15364583333333334
20270,0.15364583333333334
20271,0.15364583333333334
20272,0.014735980352026197
20273,0.15364583333333334
20274,0.07278481012658228
20275,0.014735980352026197
20276,0.5006002400960384
20277,0.5006002400960384
20278,0.15364583333333334
20279,0.15364583333333334
20280,0.014735980352026197
20281,0.10148514851485149
20282,0.014735980352026197
20283,0.6291739894551845
20284,0.014735980352026197
20285,0.8917748917748918
20286,0.014735980352026197
20287,0.014735980352026197
20288,0.014735980352026197
20289,0.8917748917748918
20290,0.014735980352026197
20291,0.014735980352026197
20292,0.8917748917748918
20293,0.8917748917748918
20294,0.014735980352026197
20295,0.07278481012658228
20296,0.15364583333333334
20297,0.10148514851485149
20298,0.014735980352026197
20299,0.8917748917748918
20300,0.15364583333333334
20301,0.014735980352026197
20302,0.8917748917748918
20303,0.014735980352026197
20304,0.37579617834394907
20305,0.014735980352026197
20306,0.014735980352026197
20307,0.10148514851485149
20308,0.15364583333333334
20309,0.5006002400960384
20310,0.014735980352026197
20311,0.014735980352026197
20312,0.014735980352026197
20313,0.014735980352026197
20314,0.6291739894551845
20315,0.8917748917748918
20316,0.15364583333333334
20317,0.014735980352026197
20318,0.15364583333333334
20319,0.8917748917748918
20320,0.8917748917748918
20321,0.15364583333333334
20322,0.15364583333333334
20323,0.014735980352026197
20324,0.8917748917748918
20325,0.014735980352026197
20326,0.014735980352026197
20327,0.15364583333333334
20328,0.014735980352026197
20329,0.15364583333333334
20330,0.5006002400960384
20331,0.15364583333333334
20332,0.8917748917748918
20333,0.15364583333333334
20334,0.8917748917748918
20335,0.8917748917748918
20336,0.15364583333333334
20337,0.014735980352026197
20338,0.15364583333333334
20339,0.6291739894551845
20340,0.014735980352026197
20341,0.15364583333333334
20342,0.014735980352026197
20343,0.37579617834394907
20344,0.014735980352026197
20345,0.37579617834394907
20346,0.15364583333333334
20347,0.014735980352026197
20348,0.5006002400960384
20349,0.014735980352026197
20350,0.07278481012658228
20351,0.15364583333333334
20352,0.07278481012658228
20353,0.014735980352026197
20354,0.15364583333333334
20355,0.014735980352026197
20356,0.014735980352026197
20357,0.6291739894551845
20358,0.014735980352026197
20359,0.15364583333333334
20360,0.15364583333333334
20361,0.014735980352026197
20362,0.014735980352026197
20363,0.014735980352026197
20364,0.8917748917748918
20365,0.014735980352026197
20366,0.014735980352026197
20367,0.15364583333333334
20368,0.014735980352026197
20369,0.07278481012658228
20370,0.15364583333333334
20371,0.10148514851485149
20372,0.07278481012658228
20373,0.10148514851485149
20374,0.014735980352026197
20375,0.014735980352026197
20376,0.07278481012658228
20377,0.15364583333333334
20378,0.014735980352026197
20379,0.15364583333333334
20380,0.014735980352026197
20381,0.8917748917748918
20382,0.014735980352026197
20383,0.8917748917748918
20384,0.014735980352026197
20385,0.014735980352026197
20386,0.014735980352026197
20387,0.07278481012658228
20388,0.014735980352026197
20389,0.07278481012658228
20390,0.6291739894551845
20391,0.37579617834394907
20392,0.10148514851485149
20393,0.10148514851485149
20394,0.5006002400960384
20395,0.014735980352026197
20396,0.15364583333333334
20397,0.014735980352026197
20398,0.8917748917748918
20399,0.014735980352026197
20400,0.15364583333333334
20401,0.6291739894551845
20402,0.8917748917748918
20403,0.014735980352026197
20404,0.014735980352026197
20405,0.014735980352026197
20406,0.15364583333333334
20407,0.15364583333333334
20408,0.6291739894551845
20409,0.5006002400960384
20410,0.6291739894551845
20411,0.15364583333333334
20412,0.014735980352026197
20413,0.15364583333333334
20414,0.8917748917748918
20415,0.8917748917748918
20416,0.014735980352026197
20417,0.014735980352026197
20418,0.014735980352026197
20419,0.014735980352026197
20420,0.014735980352026197
20421,0.37579617834394907
20422,0.014735980352026197
20423,0.15364583333333334
20424,0.07278481012658228
20425,0.014735980352026197
20426,0.8917748917748918
20427,0.014735980352026197
20428,0.8917748917748918
20429,0.15364583333333334
20430,0.014735980352026197
20431,0.014735980352026197
20432,0.15364583333333334
20433,0.014735980352026197
20434,0.15364583333333334
20435,0.014735980352026197
20436,0.014735980352026197
20437,0.8917748917748918
20438,0.8917748917748918
20439,0.15364583333333334
20440,0.014735980352026197
20441,0.15364583333333334
20442,0.014735980352026197
20443,0.37579617834394907
20444,0.37579617834394907
20445,0.15364583333333334
20446,0.014735980352026197
20447,0.5006002400960384
20448,0.10148514851485149
20449,0.5006002400960384
20450,0.8917748917748918
20451,0.8917748917748918
20452,0.10148514851485149
20453,0.014735980352026197
20454,0.15364583333333334
20455,0.014735980352026197
20456,0.014735980352026197
20457,0.014735980352026197
20458,0.15364583333333334
20459,0.5006002400960384
20460,0.6291739894551845
20461,0.014735980352026197
20462,0.014735980352026197
20463,0.15364583333333334
20464,0.014735980352026197
20465,0.014735980352026197
20466,0.014735980352026197
20467,0.8917748917748918
20468,0.15364583333333334
20469,0.15364583333333334
20470,0.014735980352026197
20471,0.15364583333333334
20472,0.07278481012658228
20473,0.014735980352026197
20474,0.014735980352026197
20475,0.014735980352026197
20476,0.15364583333333334
20477,0.37579617834394907
20478,0.014735980352026197
20479,0.6291739894551845
20480,0.15364583333333334
20481,0.15364583333333334
20482,0.5006002400960384
20483,0.014735980352026197
20484,0.014735980352026197
20485,0.014735980352026197
20486,0.014735980352026197
20487,0.5006002400960384
20488,0.014735980352026197
20489,0.15364583333333334
20490,0.8917748917748918
20491,0.15364583333333334
20492,0.15364583333333334
20493,0.014735980352026197
20494,0.10148514851485149
20495,0.014735980352026197
20496,0.014735980352026197
20497,0.014735980352026197
20498,0.15364583333333334
20499,0.8917748917748918
20500,0.014735980352026197
20501,0.014735980352026197
20502,0.15364583333333334
20503,0.15364583333333334
20504,0.014735980352026197
20505,0.8917748917748918
20506,0.014735980352026197
20507,0.10148514851485149
20508,0.15364583333333334
20509,0.8917748917748918
20510,0.15364583333333334
20511,0.014735980352026197
20512,0.8917748917748918
20513,0.5006002400960384
20514,0.014735980352026197
20515,0.5006002400960384
20516,0.014735980352026197
20517,0.014735980352026197
20518,0.014735980352026197
20519,0.15364583333333334
20520,0.014735980352026197
20521,0.6291739894551845
20522,0.014735980352026197
20523,0.07278481012658228
20524,0.10148514851485149
20525,0.07278481012658228
20526,0.014735980352026197
20527,0.15364583333333334
20528,0.15364583333333334
20529,0.15364583333333334
20530,0.07278481012658228
20531,0.014735980352026197
20532,0.15364583333333334
20533,0.014735980352026197
20534,0.014735980352026197
20535,0.5006002400960384
20536,0.014735980352026197
20537,0.8917748917748918
20538,0.07278481012658228
20539,0.07278481012658228
20540,0.5006002400960384
20541,0.014735980352026197
20542,0.07278481012658228
20543,0.07278481012658228
20544,0.6291739894551845
20545,0.10148514851485149
20546,0.014735980352026197
20547,0.37579617834394907
20548,0.8917748917748918
20549,0.5006002400960384
20550,0.014735980352026197
20551,0.014735980352026197
20552,0.15364583333333334
20553,0.014735980352026197
20554,0.014735980352026197
20555,0.014735980352026197
20556,0.014735980352026197
20557,0.37579617834394907
20558,0.014735980352026197
20559,0.014735980352026197
20560,0.014735980352026197
20561,0.014735980352026197
20562,0.014735980352026197
20563,0.014735980352026197
20564,0.15364583333333334
20565,0.10148514851485149
20566,0.15364583333333334
20567,0.15364583333333334
20568,0.014735980352026197
20569,0.15364583333333334
20570,0.014735980352026197
20571,0.014735980352026197
20572,0.15364583333333334
20573,0.014735980352026197
20574,0.5006002400960384
20575,0.014735980352026197
20576,0.15364583333333334
20577,0.15364583333333334
20578,0.8917748917748918
20579,0.014735980352026197
20580,0.014735980352026197
20581,0.15364583333333334
20582,0.10148514851485149
20583,0.5006002400960384
20584,0.014735980352026197
20585,0.014735980352026197
20586,0.014735980352026197
20587,0.014735980352026197
20588,0.014735980352026197
20589,0.15364583333333334
20590,0.6291739894551845
20591,0.07278481012658228
20592,0.6291739894551845
20593,0.014735980352026197
20594,0.014735980352026197
20595,0.014735980352026197
20596,0.07278481012658228
20597,0.15364583333333334
20598,0.6291739894551845
20599,0.10148514851485149
20600,0.37579617834394907
20601,0.014735980352026197
20602,0.5006002400960384
20603,0.07278481012658228
20604,0.014735980352026197
20605,0.014735980352026197
20606,0.15364583333333334
20607,0.014735980352026197
20608,0.8917748917748918
20609,0.8917748917748918
20610,0.6291739894551845
20611,0.10148514851485149
20612,0.014735980352026197
20613,0.15364583333333334
20614,0.8917748917748918
20615,0.6291739894551845
20616,0.15364583333333334
20617,0.014735980352026197
20618,0.15364583333333334
20619,0.014735980352026197
20620,0.15364583333333334
20621,0.014735980352026197
20622,0.014735980352026197
20623,0.014735980352026197
20624,0.5006002400960384
20625,0.15364583333333334
20626,0.014735980352026197
20627,0.014735980352026197
20628,0.15364583333333334
20629,0.6291739894551845
20630,0.15364583333333334
20631,0.014735980352026197
20632,0.014735980352026197
20633,0.014735980352026197
20634,0.6291739894551845
20635,0.014735980352026197
20636,0.014735980352026197
20637,0.15364583333333334
20638,0.15364583333333334
20639,0.15364583333333334
20640,0.6291739894551845
20641,0.15364583333333334
20642,0.014735980352026197
20643,0.15364583333333334
20644,0.5006002400960384
20645,0.15364583333333334
20646,0.014735980352026197
20647,0.15364583333333334
20648,0.15364583333333334
20649,0.014735980352026197
20650,0.07278481012658228
20651,0.014735980352026197
20652,0.15364583333333334
20653,0.6291739894551845
20654,0.6291739894551845
20655,0.014735980352026197
20656,0.6291739894551845
20657,0.37579617834394907
20658,0.014735980352026197
20659,0.8917748917748918
20660,0.37579617834394907
20661,0.014735980352026197
20662,0.014735980352026197
20663,0.15364583333333334
20664,0.014735980352026197
20665,0.014735980352026197
20666,0.10148514851485149
20667,0.014735980352026197
20668,0.014735980352026197
20669,0.10148514851485149
20670,0.6291739894551845
20671,0.014735980352026197
20672,0.8917748917748918
20673,0.15364583333333334
20674,0.014735980352026197
20675,0.014735980352026197
20676,0.07278481012658228
20677,0.15364583333333334
20678,0.014735980352026197
20679,0.014735980352026197
20680,0.6291739894551845
20681,0.014735980352026197
20682,0.6291739894551845
20683,0.15364583333333334
20684,0.014735980352026197
20685,0.15364583333333334
20686,0.014735980352026197
20687,0.014735980352026197
20688,0.6291739894551845
20689,0.37579617834394907
20690,0.014735980352026197
20691,0.014735980352026197
20692,0.15364583333333334
20693,0.15364583333333334
20694,0.014735980352026197
20695,0.014735980352026197
20696,0.014735980352026197
20697,0.8917748917748918
20698,0.014735980352026197
20699,0.014735980352026197
20700,0.014735980352026197
20701,0.5006002400960384
20702,0.15364583333333334
20703,0.6291739894551845
20704,0.014735980352026197
20705,0.5006002400960384
20706,0.014735980352026197
20707,0.014735980352026197
20708,0.15364583333333334
20709,0.15364583333333334
20710,0.5006002400960384
20711,0.15364583333333334
20712,0.37579617834394907
20713,0.8917748917748918
20714,0.6291739894551845
20715,0.014735980352026197
20716,0.15364583333333334
20717,0.15364583333333334
20718,0.15364583333333334
20719,0.014735980352026197
20720,0.15364583333333334
20721,0.07278481012658228
20722,0.15364583333333334
20723,0.014735980352026197
20724,0.15364583333333334
20725,0.014735980352026197
20726,0.014735980352026197
20727,0.8917748917748918
20728,0.5006002400960384
20729,0.014735980352026197
20730,0.014735980352026197
20731,0.07278481012658228
20732,0.15364583333333334
20733,0.8917748917748918
20734,0.15364583333333334
20735,0.5006002400960384
20736,0.014735980352026197
20737,0.37579617834394907
20738,0.6291739894551845
20739,0.014735980352026197
20740,0.014735980352026197
20741,0.37579617834394907
20742,0.014735980352026197
20743,0.014735980352026197
20744,0.6291739894551845
20745,0.8917748917748918
20746,0.014735980352026197
20747,0.014735980352026197
20748,0.014735980352026197
20749,0.014735980352026197
20750,0.15364583333333334
20751,0.8917748917748918
20752,0.014735980352026197
20753,0.15364583333333334
20754,0.15364583333333334
20755,0.07278481012658228
20756,0.15364583333333334
20757,0.07278481012658228
20758,0.15364583333333334
20759,0.15364583333333334
20760,0.014735980352026197
20761,0.10148514851485149
20762,0.15364583333333334
20763,0.014735980352026197
20764,0.8917748917748918
20765,0.15364583333333334
20766,0.07278481012658228
20767,0.37579617834394907
20768,0.014735980352026197
20769,0.014735980352026197
20770,0.014735980352026197
20771,0.15364583333333334
20772,0.014735980352026197
20773,0.014735980352026197
20774,0.15364583333333334
20775,0.014735980352026197
20776,0.10148514851485149
20777,0.014735980352026197
20778,0.15364583333333334
20779,0.6291739894551845
20780,0.8917748917748918
20781,0.014735980352026197
20782,0.07278481012658228
20783,0.6291739894551845
20784,0.014735980352026197
20785,0.014735980352026197
20786,0.8917748917748918
20787,0.014735980352026197
20788,0.5006002400960384
20789,0.6291739894551845
20790,0.15364583333333334
20791,0.6291739894551845
20792,0.014735980352026197
20793,0.014735980352026197
20794,0.014735980352026197
20795,0.15364583333333334
20796,0.5006002400960384
20797,0.37579617834394907
20798,0.014735980352026197
20799,0.10148514851485149
20800,0.37579617834394907
20801,0.6291739894551845
20802,0.15364583333333334
20803,0.6291739894551845
20804,0.15364583333333334
20805,0.15364583333333334
20806,0.8917748917748918
20807,0.014735980352026197
20808,0.07278481012658228
20809,0.15364583333333334
20810,0.15364583333333334
20811,0.15364583333333334
20812,0.5006002400960384
20813,0.014735980352026197
20814,0.15364583333333334
20815,0.5006002400960384
20816,0.15364583333333334
20817,0.014735980352026197
20818,0.014735980352026197
20819,0.014735980352026197
20820,0.37579617834394907
20821,0.6291739894551845
20822,0.15364583333333334
20823,0.014735980352026197
20824,0.014735980352026197
20825,0.15364583333333334
20826,0.014735980352026197
20827,0.15364583333333334
20828,0.014735980352026197
20829,0.15364583333333334
20830,0.5006002400960384
20831,0.15364583333333334
20832,0.014735980352026197
20833,0.8917748917748918
20834,0.8917748917748918
20835,0.014735980352026197
20836,0.8917748917748918
20837,0.07278481012658228
20838,0.014735980352026197
20839,0.10148514851485149
20840,0.014735980352026197
20841,0.15364583333333334
20842,0.6291739894551845
20843,0.15364583333333334
20844,0.014735980352026197
20845,0.8917748917748918
20846,0.014735980352026197
20847,0.15364583333333334
20848,0.014735980352026197
20849,0.014735980352026197
20850,0.15364583333333334
20851,0.07278481012658228
20852,0.8917748917748918
20853,0.15364583333333334
20854,0.014735980352026197
20855,0.15364583333333334
20856,0.15364583333333334
20857,0.8917748917748918
20858,0.8917748917748918
20859,0.014735980352026197
20860,0.15364583333333334
20861,0.014735980352026197
20862,0.15364583333333334
20863,0.15364583333333334
20864,0.014735980352026197
20865,0.15364583333333334
20866,0.014735980352026197
20867,0.014735980352026197
20868,0.8917748917748918
20869,0.014735980352026197
20870,0.014735980352026197
20871,0.014735980352026197
20872,0.014735980352026197
20873,0.15364583333333334
20874,0.37579617834394907
20875,0.5006002400960384
20876,0.5006002400960384
20877,0.15364583333333334
20878,0.15364583333333334
20879,0.014735980352026197
20880,0.014735980352026197
20881,0.15364583333333334
20882,0.6291739894551845
20883,0.15364583333333334
20884,0.014735980352026197
20885,0.15364583333333334
20886,0.5006002400960384
20887,0.014735980352026197
20888,0.5006002400960384
20889,0.15364583333333334
20890,0.15364583333333334
20891,0.15364583333333334
20892,0.15364583333333334
20893,0.5006002400960384
20894,0.014735980352026197
20895,0.15364583333333334
20896,0.6291739894551845
20897,0.014735980352026197
20898,0.15364583333333334
20899,0.37579617834394907
20900,0.15364583333333334
20901,0.014735980352026197
20902,0.15364583333333334
20903,0.6291739894551845
20904,0.014735980352026197
20905,0.014735980352026197
20906,0.15364583333333334
20907,0.014735980352026197
20908,0.014735980352026197
20909,0.014735980352026197
20910,0.37579617834394907
20911,0.5006002400960384
20912,0.014735980352026197
20913,0.8917748917748918
20914,0.5006002400960384
20915,0.07278481012658228
20916,0.014735980352026197
20917,0.15364583333333334
20918,0.15364583333333334
20919,0.014735980352026197
20920,0.15364583333333334
20921,0.014735980352026197
20922,0.8917748917748918
20923,0.014735980352026197
20924,0.8917748917748918
20925,0.15364583333333334
20926,0.8917748917748918
20927,0.07278481012658228
20928,0.15364583333333334
20929,0.5006002400960384
20930,0.014735980352026197
20931,0.014735980352026197
20932,0.014735980352026197
20933,0.014735980352026197
20934,0.10148514851485149
20935,0.15364583333333334
20936,0.8917748917748918
20937,0.014735980352026197
20938,0.014735980352026197
20939,0.014735980352026197
20940,0.15364583333333334
20941,0.014735980352026197
20942,0.014735980352026197
20943,0.10148514851485149
20944,0.6291739894551845
20945,0.014735980352026197
20946,0.8917748917748918
20947,0.014735980352026197
20948,0.15364583333333334
20949,0.15364583333333334
20950,0.07278481012658228
20951,0.15364583333333334
20952,0.6291739894551845
20953,0.5006002400960384
20954,0.15364583333333334
20955,0.10148514851485149
20956,0.014735980352026197
20957,0.15364583333333334
20958,0.07278481012658228
20959,0.6291739894551845
20960,0.15364583333333334
20961,0.014735980352026197
20962,0.15364583333333334
20963,0.014735980352026197
20964,0.15364583333333334
20965,0.014735980352026197
20966,0.15364583333333334
20967,0.15364583333333334
20968,0.15364583333333334
20969,0.014735980352026197
20970,0.014735980352026197
20971,0.014735980352026197
20972,0.014735980352026197
20973,0.014735980352026197
20974,0.014735980352026197
20975,0.15364583333333334
20976,0.014735980352026197
20977,0.15364583333333334
20978,0.15364583333333334
20979,0.15364583333333334
20980,0.5006002400960384
20981,0.15364583333333334
20982,0.014735980352026197
20983,0.014735980352026197
20984,0.014735980352026197
20985,0.014735980352026197
20986,0.014735980352026197
20987,0.8917748917748918
20988,0.8917748917748918
20989,0.15364583333333334
20990,0.8917748917748918
20991,0.5006002400960384
20992,0.15364583333333334
20993,0.014735980352026197
20994,0.014735980352026197
20995,0.014735980352026197
20996,0.15364583333333334
20997,0.15364583333333334
20998,0.15364583333333334
20999,0.014735980352026197
21000,0.8917748917748918
21001,0.014735980352026197
21002,0.8917748917748918
21003,0.014735980352026197
21004,0.15364583333333334
21005,0.014735980352026197
21006,0.8917748917748918
21007,0.014735980352026197
21008,0.014735980352026197
21009,0.07278481012658228
21010,0.8917748917748918
21011,0.014735980352026197
21012,0.15364583333333334
21013,0.014735980352026197
21014,0.15364583333333334
21015,0.15364583333333334
21016,0.15364583333333334
21017,0.014735980352026197
21018,0.014735980352026197
21019,0.014735980352026197
21020,0.15364583333333334
21021,0.15364583333333334
21022,0.8917748917748918
21023,0.014735980352026197
21024,0.5006002400960384
21025,0.15364583333333334
21026,0.15364583333333334
21027,0.8917748917748918
21028,0.6291739894551845
21029,0.014735980352026197
21030,0.15364583333333334
21031,0.6291739894551845
21032,0.014735980352026197
21033,0.8917748917748918
21034,0.5006002400960384
21035,0.014735980352026197
21036,0.8917748917748918
21037,0.15364583333333334
21038,0.014735980352026197
21039,0.8917748917748918
21040,0.014735980352026197
21041,0.15364583333333334
21042,0.37579617834394907
21043,0.014735980352026197
21044,0.6291739894551845
21045,0.014735980352026197
21046,0.15364583333333334
21047,0.8917748917748918
21048,0.014735980352026197
21049,0.8917748917748918
21050,0.014735980352026197
21051,0.5006002400960384
21052,0.014735980352026197
21053,0.10148514851485149
21054,0.37579617834394907
21055,0.014735980352026197
21056,0.15364583333333334
21057,0.8917748917748918
21058,0.014735980352026197
21059,0.6291739894551845
21060,0.8917748917748918
21061,0.15364583333333334
21062,0.014735980352026197
21063,0.15364583333333334
21064,0.6291739894551845
21065,0.15364583333333334
21066,0.014735980352026197
21067,0.014735980352026197
21068,0.15364583333333334
21069,0.15364583333333334
21070,0.014735980352026197
21071,0.5006002400960384
21072,0.014735980352026197
21073,0.37579617834394907
21074,0.014735980352026197
21075,0.014735980352026197
21076,0.014735980352026197
21077,0.15364583333333334
21078,0.15364583333333334
21079,0.8917748917748918
21080,0.014735980352026197
21081,0.8917748917748918
21082,0.014735980352026197
21083,0.15364583333333334
21084,0.5006002400960384
21085,0.014735980352026197
21086,0.10148514851485149
21087,0.5006002400960384
21088,0.15364583333333334
21089,0.15364583333333334
21090,0.07278481012658228
21091,0.014735980352026197
21092,0.15364583333333334
21093,0.014735980352026197
21094,0.014735980352026197
21095,0.15364583333333334
21096,0.014735980352026197
21097,0.15364583333333334
21098,0.07278481012658228
21099,0.15364583333333334
21100,0.15364583333333334
21101,0.014735980352026197
21102,0.014735980352026197
21103,0.15364583333333334
21104,0.5006002400960384
21105,0.014735980352026197
21106,0.6291739894551845
21107,0.014735980352026197
21108,0.15364583333333334
21109,0.8917748917748918
21110,0.5006002400960384
21111,0.8917748917748918
21112,0.014735980352026197
21113,0.014735980352026197
21114,0.8917748917748918
21115,0.15364583333333334
21116,0.8917748917748918
21117,0.15364583333333334
21118,0.014735980352026197
21119,0.8917748917748918
21120,0.014735980352026197
21121,0.10148514851485149
21122,0.07278481012658228
21123,0.014735980352026197
21124,0.014735980352026197
21125,0.15364583333333334
21126,0.014735980352026197
21127,0.014735980352026197
21128,0.014735980352026197
21129,0.15364583333333334
21130,0.8917748917748918
21131,0.5006002400960384
21132,0.10148514851485149
21133,0.15364583333333334
21134,0.014735980352026197
21135,0.8917748917748918
21136,0.07278481012658228
21137,0.014735980352026197
21138,0.014735980352026197
21139,0.014735980352026197
21140,0.6291739894551845
21141,0.014735980352026197
21142,0.014735980352026197
21143,0.15364583333333334
21144,0.014735980352026197
21145,0.014735980352026197
21146,0.014735980352026197
21147,0.15364583333333334
21148,0.15364583333333334
21149,0.014735980352026197
21150,0.014735980352026197
21151,0.8917748917748918
21152,0.014735980352026197
21153,0.15364583333333334
21154,0.014735980352026197
21155,0.014735980352026197
21156,0.5006002400960384
21157,0.014735980352026197
21158,0.5006002400960384
21159,0.014735980352026197
21160,0.014735980352026197
21161,0.014735980352026197
21162,0.014735980352026197
21163,0.6291739894551845
21164,0.014735980352026197
21165,0.15364583333333334
21166,0.8917748917748918
21167,0.10148514851485149
21168,0.014735980352026197
21169,0.8917748917748918
21170,0.15364583333333334
21171,0.15364583333333334
21172,0.15364583333333334
21173,0.014735980352026197
21174,0.5006002400960384
21175,0.15364583333333334
21176,0.014735980352026197
21177,0.6291739894551845
21178,0.5006002400960384
21179,0.014735980352026197
21180,0.37579617834394907
21181,0.014735980352026197
21182,0.014735980352026197
21183,0.07278481012658228
21184,0.6291739894551845
21185,0.15364583333333334
21186,0.014735980352026197
21187,0.014735980352026197
21188,0.014735980352026197
21189,0.014735980352026197
21190,0.014735980352026197
21191,0.5006002400960384
21192,0.10148514851485149
21193,0.37579617834394907
21194,0.5006002400960384
21195,0.15364583333333334
21196,0.15364583333333334
21197,0.014735980352026197
21198,0.014735980352026197
21199,0.5006002400960384
21200,0.014735980352026197
21201,0.15364583333333334
21202,0.014735980352026197
21203,0.15364583333333334
21204,0.014735980352026197
21205,0.014735980352026197
21206,0.8917748917748918
21207,0.014735980352026197
21208,0.15364583333333334
21209,0.8917748917748918
21210,0.07278481012658228
21211,0.8917748917748918
21212,0.014735980352026197
21213,0.8917748917748918
21214,0.15364583333333334
21215,0.10148514851485149
21216,0.6291739894551845
21217,0.15364583333333334
21218,0.014735980352026197
21219,0.014735980352026197
21220,0.15364583333333334
21221,0.014735980352026197
21222,0.014735980352026197
21223,0.07278481012658228
21224,0.5006002400960384
21225,0.014735980352026197
21226,0.15364583333333334
21227,0.014735980352026197
21228,0.8917748917748918
21229,0.8917748917748918
21230,0.15364583333333334
21231,0.8917748917748918
21232,0.5006002400960384
21233,0.15364583333333334
21234,0.15364583333333334
21235,0.5006002400960384
21236,0.5006002400960384
21237,0.014735980352026197
21238,0.014735980352026197
21239,0.014735980352026197
21240,0.014735980352026197
21241,0.5006002400960384
21242,0.8917748917748918
21243,0.15364583333333334
21244,0.014735980352026197
21245,0.8917748917748918
21246,0.014735980352026197
21247,0.014735980352026197
21248,0.5006002400960384
21249,0.8917748917748918
21250,0.014735980352026197
21251,0.014735980352026197
21252,0.15364583333333334
21253,0.014735980352026197
21254,0.014735980352026197
21255,0.5006002400960384
21256,0.15364583333333334
21257,0.6291739894551845
21258,0.15364583333333334
21259,0.15364583333333334
21260,0.15364583333333334
21261,0.014735980352026197
21262,0.014735980352026197
21263,0.15364583333333334
21264,0.014735980352026197
21265,0.014735980352026197
21266,0.014735980352026197
21267,0.07278481012658228
21268,0.8917748917748918
21269,0.5006002400960384
21270,0.15364583333333334
21271,0.5006002400960384
21272,0.10148514851485149
21273,0.014735980352026197
21274,0.014735980352026197
21275,0.07278481012658228
21276,0.014735980352026197
21277,0.014735980352026197
21278,0.6291739894551845
21279,0.37579617834394907
21280,0.15364583333333334
21281,0.014735980352026197
21282,0.15364583333333334
21283,0.15364583333333334
21284,0.8917748917748918
21285,0.014735980352026197
21286,0.5006002400960384
21287,0.014735980352026197
21288,0.014735980352026197
21289,0.014735980352026197
21290,0.5006002400960384
21291,0.014735980352026197
21292,0.6291739894551845
21293,0.014735980352026197
21294,0.15364583333333334
21295,0.37579617834394907
21296,0.014735980352026197
21297,0.8917748917748918
21298,0.15364583333333334
21299,0.6291739894551845
21300,0.014735980352026197
21301,0.8917748917748918
21302,0.8917748917748918
21303,0.014735980352026197
21304,0.014735980352026197
21305,0.07278481012658228
21306,0.014735980352026197
21307,0.014735980352026197
21308,0.5006002400960384
21309,0.10148514851485149
21310,0.014735980352026197
21311,0.37579617834394907
21312,0.6291739894551845
21313,0.014735980352026197
21314,0.15364583333333334
21315,0.15364583333333334
21316,0.15364583333333334
21317,0.15364583333333334
21318,0.8917748917748918
21319,0.014735980352026197
21320,0.014735980352026197
21321,0.014735980352026197
21322,0.014735980352026197
21323,0.8917748917748918
21324,0.014735980352026197
21325,0.014735980352026197
21326,0.15364583333333334
21327,0.014735980352026197
21328,0.014735980352026197
21329,0.07278481012658228
21330,0.014735980352026197
21331,0.014735980352026197
21332,0.10148514851485149
21333,0.014735980352026197
21334,0.8917748917748918
21335,0.5006002400960384
21336,0.014735980352026197
21337,0.15364583333333334
21338,0.5006002400960384
21339,0.15364583333333334
21340,0.014735980352026197
21341,0.014735980352026197
21342,0.07278481012658228
21343,0.014735980352026197
21344,0.014735980352026197
21345,0.014735980352026197
21346,0.014735980352026197
21347,0.014735980352026197
21348,0.8917748917748918
21349,0.014735980352026197
21350,0.15364583333333334
21351,0.8917748917748918
21352,0.014735980352026197
21353,0.8917748917748918
21354,0.014735980352026197
21355,0.014735980352026197
21356,0.014735980352026197
21357,0.014735980352026197
21358,0.6291739894551845
21359,0.8917748917748918
21360,0.37579617834394907
21361,0.8917748917748918
21362,0.014735980352026197
21363,0.15364583333333334
21364,0.014735980352026197
21365,0.15364583333333334
21366,0.014735980352026197
21367,0.37579617834394907
21368,0.8917748917748918
21369,0.014735980352026197
21370,0.8917748917748918
21371,0.8917748917748918
21372,0.014735980352026197
21373,0.014735980352026197
21374,0.07278481012658228
21375,0.014735980352026197
21376,0.6291739894551845
21377,0.10148514851485149
21378,0.8917748917748918
21379,0.10148514851485149
21380,0.5006002400960384
21381,0.014735980352026197
21382,0.014735980352026197
21383,0.014735980352026197
21384,0.014735980352026197
21385,0.15364583333333334
21386,0.8917748917748918
21387,0.5006002400960384
21388,0.15364583333333334
21389,0.014735980352026197
21390,0.014735980352026197
21391,0.014735980352026197
21392,0.014735980352026197
21393,0.014735980352026197
21394,0.15364583333333334
21395,0.6291739894551845
21396,0.15364583333333334
21397,0.8917748917748918
21398,0.014735980352026197
21399,0.15364583333333334
21400,0.8917748917748918
21401,0.014735980352026197
21402,0.014735980352026197
21403,0.07278481012658228
21404,0.07278481012658228
21405,0.014735980352026197
21406,0.014735980352026197
21407,0.014735980352026197
21408,0.014735980352026197
21409,0.014735980352026197
21410,0.15364583333333334
21411,0.15364583333333334
21412,0.07278481012658228
21413,0.014735980352026197
21414,0.014735980352026197
21415,0.014735980352026197
21416,0.15364583333333334
21417,0.15364583333333334
21418,0.014735980352026197
21419,0.014735980352026197
21420,0.014735980352026197
21421,0.15364583333333334
21422,0.10148514851485149
21423,0.014735980352026197
21424,0.15364583333333334
21425,0.5006002400960384
21426,0.15364583333333334
21427,0.014735980352026197
21428,0.15364583333333334
21429,0.6291739894551845
21430,0.014735980352026197
21431,0.15364583333333334
21432,0.37579617834394907
21433,0.014735980352026197
21434,0.014735980352026197
21435,0.014735980352026197
21436,0.15364583333333334
21437,0.15364583333333334
21438,0.014735980352026197
21439,0.15364583333333334
21440,0.014735980352026197
21441,0.15364583333333334
21442,0.014735980352026197
21443,0.15364583333333334
21444,0.014735980352026197
21445,0.15364583333333334
21446,0.014735980352026197
21447,0.014735980352026197
21448,0.15364583333333334
21449,0.15364583333333334
21450,0.15364583333333334
21451,0.5006002400960384
21452,0.5006002400960384
21453,0.15364583333333334
21454,0.014735980352026197
21455,0.5006002400960384
21456,0.10148514851485149
21457,0.014735980352026197
21458,0.37579617834394907
21459,0.15364583333333334
21460,0.014735980352026197
21461,0.014735980352026197
21462,0.8917748917748918
21463,0.014735980352026197
21464,0.15364583333333334
21465,0.5006002400960384
21466,0.07278481012658228
21467,0.5006002400960384
21468,0.014735980352026197
21469,0.014735980352026197
21470,0.37579617834394907
21471,0.07278481012658228
21472,0.8917748917748918
21473,0.014735980352026197
21474,0.37579617834394907
21475,0.014735980352026197
21476,0.014735980352026197
21477,0.014735980352026197
21478,0.014735980352026197
21479,0.8917748917748918
21480,0.014735980352026197
21481,0.014735980352026197
21482,0.014735980352026197
21483,0.6291739894551845
21484,0.014735980352026197
21485,0.07278481012658228
21486,0.014735980352026197
21487,0.10148514851485149
21488,0.37579617834394907
21489,0.014735980352026197
21490,0.014735980352026197
21491,0.014735980352026197
21492,0.014735980352026197
21493,0.37579617834394907
21494,0.15364583333333334
21495,0.15364583333333334
21496,0.014735980352026197
21497,0.014735980352026197
21498,0.014735980352026197
21499,0.6291739894551845
21500,0.15364583333333334
21501,0.014735980352026197
21502,0.15364583333333334
21503,0.07278481012658228
21504,0.07278481012658228
21505,0.5006002400960384
21506,0.014735980352026197
21507,0.014735980352026197
21508,0.5006002400960384
21509,0.014735980352026197
21510,0.6291739894551845
21511,0.15364583333333334
21512,0.014735980352026197
21513,0.37579617834394907
21514,0.07278481012658228
21515,0.014735980352026197
21516,0.15364583333333334
21517,0.15364583333333334
21518,0.014735980352026197
21519,0.014735980352026197
21520,0.014735980352026197
21521,0.014735980352026197
21522,0.014735980352026197
21523,0.15364583333333334
21524,0.014735980352026197
21525,0.15364583333333334
21526,0.6291739894551845
21527,0.014735980352026197
21528,0.014735980352026197
21529,0.014735980352026197
21530,0.07278481012658228
21531,0.15364583333333334
21532,0.6291739894551845
21533,0.014735980352026197
21534,0.15364583333333334
21535,0.10148514851485149
21536,0.8917748917748918
21537,0.15364583333333334
21538,0.014735980352026197
21539,0.6291739894551845
21540,0.014735980352026197
21541,0.10148514851485149
21542,0.15364583333333334
21543,0.6291739894551845
21544,0.15364583333333334
21545,0.8917748917748918
21546,0.15364583333333334
21547,0.014735980352026197
21548,0.014735980352026197
21549,0.15364583333333334
21550,0.8917748917748918
21551,0.15364583333333334
21552,0.014735980352026197
21553,0.014735980352026197
21554,0.014735980352026197
21555,0.15364583333333334
21556,0.15364583333333334
21557,0.014735980352026197
21558,0.15364583333333334
21559,0.6291739894551845
21560,0.014735980352026197
21561,0.014735980352026197
21562,0.07278481012658228
21563,0.014735980352026197
21564,0.014735980352026197
21565,0.014735980352026197
21566,0.15364583333333334
21567,0.014735980352026197
21568,0.15364583333333334
21569,0.014735980352026197
21570,0.8917748917748918
21571,0.15364583333333334
21572,0.37579617834394907
21573,0.15364583333333334
21574,0.014735980352026197
21575,0.8917748917748918
21576,0.15364583333333334
21577,0.37579617834394907
21578,0.15364583333333334
21579,0.15364583333333334
21580,0.014735980352026197
21581,0.15364583333333334
21582,0.15364583333333334
21583,0.37579617834394907
21584,0.014735980352026197
21585,0.15364583333333334
21586,0.5006002400960384
21587,0.014735980352026197
21588,0.5006002400960384
21589,0.15364583333333334
21590,0.15364583333333334
21591,0.15364583333333334
21592,0.07278481012658228
21593,0.8917748917748918
21594,0.014735980352026197
21595,0.014735980352026197
21596,0.15364583333333334
21597,0.07278481012658228
21598,0.8917748917748918
21599,0.014735980352026197
21600,0.15364583333333334
21601,0.07278481012658228
21602,0.07278481012658228
21603,0.6291739894551845
21604,0.014735980352026197
21605,0.10148514851485149
21606,0.014735980352026197
21607,0.014735980352026197
21608,0.014735980352026197
21609,0.15364583333333334
21610,0.014735980352026197
21611,0.15364583333333334
21612,0.014735980352026197
21613,0.07278481012658228
21614,0.15364583333333334
21615,0.014735980352026197
21616,0.15364583333333334
21617,0.5006002400960384
21618,0.014735980352026197
21619,0.5006002400960384
21620,0.014735980352026197
21621,0.014735980352026197
21622,0.5006002400960384
21623,0.5006002400960384
21624,0.37579617834394907
21625,0.37579617834394907
21626,0.15364583333333334
21627,0.37579617834394907
21628,0.15364583333333334
21629,0.15364583333333334
21630,0.014735980352026197
21631,0.014735980352026197
21632,0.6291739894551845
21633,0.10148514851485149
21634,0.15364583333333334
21635,0.014735980352026197
21636,0.15364583333333334
21637,0.15364583333333334
21638,0.014735980352026197
21639,0.8917748917748918
21640,0.5006002400960384
21641,0.15364583333333334
21642,0.07278481012658228
21643,0.15364583333333334
21644,0.15364583333333334
21645,0.014735980352026197
21646,0.15364583333333334
21647,0.014735980352026197
21648,0.8917748917748918
21649,0.15364583333333334
21650,0.15364583333333334
21651,0.15364583333333334
21652,0.014735980352026197
21653,0.5006002400960384
21654,0.014735980352026197
21655,0.014735980352026197
21656,0.15364583333333334
21657,0.014735980352026197
21658,0.014735980352026197
21659,0.014735980352026197
21660,0.37579617834394907
21661,0.15364583333333334
21662,0.15364583333333334
21663,0.014735980352026197
21664,0.15364583333333334
21665,0.014735980352026197
21666,0.15364583333333334
21667,0.014735980352026197
21668,0.014735980352026197
21669,0.014735980352026197
21670,0.6291739894551845
21671,0.014735980352026197
21672,0.15364583333333334
21673,0.37579617834394907
21674,0.15364583333333334
21675,0.5006002400960384
21676,0.15364583333333334
21677,0.014735980352026197
21678,0.10148514851485149
21679,0.014735980352026197
21680,0.15364583333333334
21681,0.014735980352026197
21682,0.014735980352026197
21683,0.10148514851485149
21684,0.5006002400960384
21685,0.6291739894551845
21686,0.014735980352026197
21687,0.014735980352026197
21688,0.014735980352026197
21689,0.5006002400960384
21690,0.6291739894551845
21691,0.15364583333333334
21692,0.15364583333333334
21693,0.014735980352026197
21694,0.5006002400960384
21695,0.07278481012658228
21696,0.014735980352026197
21697,0.15364583333333334
21698,0.014735980352026197
21699,0.07278481012658228
21700,0.5006002400960384
21701,0.15364583333333334
21702,0.15364583333333334
21703,0.014735980352026197
21704,0.07278481012658228
21705,0.15364583333333334
21706,0.15364583333333334
21707,0.014735980352026197
21708,0.014735980352026197
21709,0.014735980352026197
21710,0.014735980352026197
21711,0.10148514851485149
21712,0.15364583333333334
21713,0.37579617834394907
21714,0.5006002400960384
21715,0.014735980352026197
21716,0.8917748917748918
21717,0.014735980352026197
21718,0.15364583333333334
21719,0.8917748917748918
21720,0.5006002400960384
21721,0.15364583333333334
21722,0.15364583333333334
21723,0.014735980352026197
21724,0.37579617834394907
21725,0.15364583333333334
21726,0.6291739894551845
21727,0.014735980352026197
21728,0.014735980352026197
21729,0.15364583333333334
21730,0.014735980352026197
21731,0.5006002400960384
21732,0.014735980352026197
21733,0.014735980352026197
21734,0.37579617834394907
21735,0.15364583333333334
21736,0.8917748917748918
21737,0.014735980352026197
21738,0.07278481012658228
21739,0.014735980352026197
21740,0.8917748917748918
21741,0.014735980352026197
21742,0.014735980352026197
21743,0.6291739894551845
21744,0.37579617834394907
21745,0.014735980352026197
21746,0.014735980352026197
21747,0.5006002400960384
21748,0.014735980352026197
21749,0.014735980352026197
21750,0.014735980352026197
21751,0.014735980352026197
21752,0.15364583333333334
21753,0.10148514851485149
21754,0.8917748917748918
21755,0.014735980352026197
21756,0.15364583333333334
21757,0.014735980352026197
21758,0.8917748917748918
21759,0.014735980352026197
21760,0.15364583333333334
21761,0.8917748917748918
21762,0.014735980352026197
21763,0.014735980352026197
21764,0.8917748917748918
21765,0.15364583333333334
21766,0.8917748917748918
21767,0.15364583333333334
21768,0.8917748917748918
21769,0.15364583333333334
21770,0.15364583333333334
21771,0.07278481012658228
21772,0.014735980352026197
21773,0.014735980352026197
21774,0.014735980352026197
21775,0.10148514851485149
21776,0.014735980352026197
21777,0.15364583333333334
21778,0.07278481012658228
21779,0.014735980352026197
21780,0.8917748917748918
21781,0.014735980352026197
21782,0.6291739894551845
21783,0.014735980352026197
21784,0.014735980352026197
21785,0.014735980352026197
21786,0.15364583333333334
21787,0.014735980352026197
21788,0.014735980352026197
21789,0.15364583333333334
21790,0.014735980352026197
21791,0.014735980352026197
21792,0.5006002400960384
21793,0.6291739894551845
21794,0.15364583333333334
21795,0.014735980352026197
21796,0.5006002400960384
21797,0.8917748917748918
21798,0.37579617834394907
21799,0.5006002400960384
21800,0.15364583333333334
21801,0.15364583333333334
21802,0.014735980352026197
21803,0.014735980352026197
21804,0.10148514851485149
21805,0.8917748917748918
21806,0.6291739894551845
21807,0.014735980352026197
21808,0.6291739894551845
21809,0.6291739894551845
21810,0.014735980352026197
21811,0.8917748917748918
21812,0.014735980352026197
21813,0.014735980352026197
21814,0.8917748917748918
21815,0.6291739894551845
21816,0.6291739894551845
21817,0.15364583333333334
21818,0.8917748917748918
21819,0.014735980352026197
21820,0.014735980352026197
21821,0.15364583333333334
21822,0.15364583333333334
21823,0.014735980352026197
21824,0.014735980352026197
21825,0.014735980352026197
21826,0.014735980352026197
21827,0.8917748917748918
21828,0.8917748917748918
21829,0.014735980352026197
21830,0.07278481012658228
21831,0.014735980352026197
21832,0.15364583333333334
21833,0.15364583333333334
21834,0.8917748917748918
21835,0.15364583333333334
21836,0.5006002400960384
21837,0.15364583333333334
21838,0.014735980352026197
21839,0.37579617834394907
21840,0.014735980352026197
21841,0.15364583333333334
21842,0.5006002400960384
21843,0.10148514851485149
21844,0.15364583333333334
21845,0.014735980352026197
21846,0.014735980352026197
21847,0.014735980352026197
21848,0.014735980352026197
21849,0.6291739894551845
21850,0.014735980352026197
21851,0.15364583333333334
21852,0.8917748917748918
21853,0.15364583333333334
21854,0.014735980352026197
21855,0.014735980352026197
21856,0.014735980352026197
21857,0.014735980352026197
21858,0.014735980352026197
21859,0.07278481012658228
21860,0.15364583333333334
21861,0.014735980352026197
21862,0.014735980352026197
21863,0.014735980352026197
21864,0.014735980352026197
21865,0.014735980352026197
21866,0.8917748917748918
21867,0.014735980352026197
21868,0.014735980352026197
21869,0.15364583333333334
21870,0.014735980352026197
21871,0.15364583333333334
21872,0.014735980352026197
21873,0.6291739894551845
21874,0.15364583333333334
21875,0.014735980352026197
21876,0.6291739894551845
21877,0.07278481012658228
21878,0.15364583333333334
21879,0.15364583333333334
21880,0.014735980352026197
21881,0.15364583333333334
21882,0.15364583333333334
21883,0.014735980352026197
21884,0.8917748917748918
21885,0.014735980352026197
21886,0.014735980352026197
21887,0.8917748917748918
21888,0.15364583333333334
21889,0.014735980352026197
21890,0.8917748917748918
21891,0.07278481012658228
21892,0.6291739894551845
21893,0.10148514851485149
21894,0.8917748917748918
21895,0.15364583333333334
21896,0.07278481012658228
21897,0.014735980352026197
21898,0.5006002400960384
21899,0.37579617834394907
21900,0.014735980352026197
21901,0.014735980352026197
21902,0.014735980352026197
21903,0.014735980352026197
21904,0.15364583333333334
21905,0.014735980352026197
21906,0.15364583333333334
21907,0.10148514851485149
21908,0.014735980352026197
21909,0.8917748917748918
21910,0.07278481012658228
21911,0.014735980352026197
21912,0.014735980352026197
21913,0.014735980352026197
21914,0.014735980352026197
21915,0.014735980352026197
21916,0.15364583333333334
21917,0.014735980352026197
21918,0.15364583333333334
21919,0.15364583333333334
21920,0.5006002400960384
21921,0.15364583333333334
21922,0.15364583333333334
21923,0.5006002400960384
21924,0.014735980352026197
21925,0.15364583333333334
21926,0.014735980352026197
21927,0.15364583333333334
21928,0.07278481012658228
21929,0.10148514851485149
21930,0.014735980352026197
21931,0.15364583333333334
21932,0.8917748917748918
21933,0.014735980352026197
21934,0.014735980352026197
21935,0.014735980352026197
21936,0.8917748917748918
21937,0.014735980352026197
21938,0.014735980352026197
21939,0.014735980352026197
21940,0.014735980352026197
21941,0.014735980352026197
21942,0.15364583333333334
21943,0.014735980352026197
21944,0.014735980352026197
21945,0.014735980352026197
21946,0.014735980352026197
21947,0.014735980352026197
21948,0.014735980352026197
21949,0.014735980352026197
21950,0.15364583333333334
21951,0.014735980352026197
21952,0.014735980352026197
21953,0.6291739894551845
21954,0.5006002400960384
21955,0.5006002400960384
21956,0.5006002400960384
21957,0.10148514851485149
21958,0.014735980352026197
21959,0.8917748917748918
21960,0.014735980352026197
21961,0.014735980352026197
21962,0.014735980352026197
21963,0.5006002400960384
21964,0.15364583333333334
21965,0.014735980352026197
21966,0.5006002400960384
21967,0.014735980352026197
21968,0.15364583333333334
21969,0.014735980352026197
21970,0.8917748917748918
21971,0.8917748917748918
21972,0.15364583333333334
21973,0.15364583333333334
21974,0.5006002400960384
21975,0.15364583333333334
21976,0.014735980352026197
21977,0.014735980352026197
21978,0.15364583333333334
21979,0.014735980352026197
21980,0.014735980352026197
21981,0.15364583333333334
21982,0.5006002400960384
21983,0.15364583333333334
21984,0.15364583333333334
21985,0.5006002400960384
21986,0.8917748917748918
21987,0.8917748917748918
21988,0.014735980352026197
21989,0.10148514851485149
21990,0.15364583333333334
21991,0.014735980352026197
21992,0.014735980352026197
21993,0.014735980352026197
21994,0.014735980352026197
21995,0.15364583333333334
21996,0.15364583333333334
21997,0.014735980352026197
21998,0.5006002400960384
21999,0.5006002400960384
22000,0.014735980352026197
22001,0.6291739894551845
22002,0.8917748917748918
22003,0.014735980352026197
22004,0.014735980352026197
22005,0.15364583333333334
22006,0.8917748917748918
22007,0.15364583333333334
22008,0.15364583333333334
22009,0.014735980352026197
22010,0.5006002400960384
22011,0.8917748917748918
22012,0.014735980352026197
22013,0.15364583333333334
22014,0.014735980352026197
22015,0.07278481012658228
22016,0.014735980352026197
22017,0.15364583333333334
22018,0.15364583333333334
22019,0.10148514851485149
22020,0.37579617834394907
22021,0.15364583333333334
22022,0.5006002400960384
22023,0.15364583333333334
22024,0.014735980352026197
22025,0.014735980352026197
22026,0.15364583333333334
22027,0.37579617834394907
22028,0.5006002400960384
22029,0.014735980352026197
22030,0.014735980352026197
22031,0.014735980352026197
22032,0.37579617834394907
22033,0.15364583333333334
22034,0.5006002400960384
22035,0.15364583333333334
22036,0.15364583333333334
22037,0.15364583333333334
22038,0.014735980352026197
22039,0.15364583333333334
22040,0.014735980352026197
22041,0.15364583333333334
22042,0.014735980352026197
22043,0.014735980352026197
22044,0.07278481012658228
22045,0.07278481012658228
22046,0.014735980352026197
22047,0.15364583333333334
22048,0.15364583333333334
22049,0.07278481012658228
22050,0.014735980352026197
22051,0.014735980352026197
22052,0.014735980352026197
22053,0.014735980352026197
22054,0.014735980352026197
22055,0.15364583333333334
22056,0.5006002400960384
22057,0.5006002400960384
22058,0.014735980352026197
22059,0.6291739894551845
22060,0.014735980352026197
22061,0.15364583333333334
22062,0.15364583333333334
22063,0.15364583333333334
22064,0.07278481012658228
22065,0.014735980352026197
22066,0.5006002400960384
22067,0.014735980352026197
22068,0.014735980352026197
22069,0.014735980352026197
22070,0.15364583333333334
22071,0.014735980352026197
22072,0.15364583333333334
22073,0.014735980352026197
22074,0.5006002400960384
22075,0.8917748917748918
22076,0.014735980352026197
22077,0.014735980352026197
22078,0.10148514851485149
22079,0.014735980352026197
22080,0.15364583333333334
22081,0.014735980352026197
22082,0.6291739894551845
22083,0.8917748917748918
22084,0.014735980352026197
22085,0.15364583333333334
22086,0.014735980352026197
22087,0.014735980352026197
22088,0.014735980352026197
22089,0.014735980352026197
22090,0.014735980352026197
22091,0.014735980352026197
22092,0.014735980352026197
22093,0.37579617834394907
22094,0.10148514851485149
22095,0.014735980352026197
22096,0.014735980352026197
22097,0.6291739894551845
22098,0.6291739894551845
22099,0.014735980352026197
22100,0.014735980352026197
22101,0.014735980352026197
22102,0.07278481012658228
22103,0.6291739894551845
22104,0.014735980352026197
22105,0.014735980352026197
22106,0.014735980352026197
22107,0.15364583333333334
22108,0.8917748917748918
22109,0.15364583333333334
22110,0.014735980352026197
22111,0.37579617834394907
22112,0.014735980352026197
22113,0.8917748917748918
22114,0.014735980352026197
22115,0.5006002400960384
22116,0.014735980352026197
22117,0.15364583333333334
22118,0.014735980352026197
22119,0.014735980352026197
22120,0.014735980352026197
22121,0.15364583333333334
22122,0.15364583333333334
22123,0.8917748917748918
22124,0.07278481012658228
22125,0.15364583333333334
22126,0.6291739894551845
22127,0.8917748917748918
22128,0.014735980352026197
22129,0.07278481012658228
22130,0.014735980352026197
22131,0.15364583333333334
22132,0.07278481012658228
22133,0.014735980352026197
22134,0.07278481012658228
22135,0.15364583333333334
22136,0.014735980352026197
22137,0.8917748917748918
22138,0.014735980352026197
22139,0.5006002400960384
22140,0.5006002400960384
22141,0.014735980352026197
22142,0.15364583333333334
22143,0.15364583333333334
22144,0.15364583333333334
22145,0.8917748917748918
22146,0.014735980352026197
22147,0.15364583333333334
22148,0.014735980352026197
22149,0.014735980352026197
22150,0.014735980352026197
22151,0.5006002400960384
22152,0.014735980352026197
22153,0.014735980352026197
22154,0.15364583333333334
22155,0.014735980352026197
22156,0.07278481012658228
22157,0.014735980352026197
22158,0.37579617834394907
22159,0.6291739894551845
22160,0.014735980352026197
22161,0.014735980352026197
22162,0.014735980352026197
22163,0.014735980352026197
22164,0.15364583333333334
22165,0.014735980352026197
22166,0.15364583333333334
22167,0.5006002400960384
22168,0.10148514851485149
22169,0.15364583333333334
22170,0.014735980352026197
22171,0.5006002400960384
22172,0.15364583333333334
22173,0.014735980352026197
22174,0.8917748917748918
22175,0.014735980352026197
22176,0.014735980352026197
22177,0.6291739894551845
22178,0.07278481012658228
22179,0.014735980352026197
22180,0.014735980352026197
22181,0.014735980352026197
22182,0.014735980352026197
22183,0.8917748917748918
22184,0.15364583333333334
22185,0.15364583333333334
22186,0.8917748917748918
22187,0.8917748917748918
22188,0.014735980352026197
22189,0.6291739894551845
22190,0.014735980352026197
22191,0.5006002400960384
22192,0.15364583333333334
22193,0.5006002400960384
22194,0.014735980352026197
22195,0.014735980352026197
22196,0.15364583333333334
22197,0.10148514851485149
22198,0.37579617834394907
22199,0.014735980352026197
22200,0.8917748917748918
22201,0.15364583333333334
22202,0.014735980352026197
22203,0.014735980352026197
22204,0.014735980352026197
22205,0.10148514851485149
22206,0.07278481012658228
22207,0.6291739894551845
22208,0.014735980352026197
22209,0.37579617834394907
22210,0.014735980352026197
22211,0.8917748917748918
22212,0.014735980352026197
22213,0.15364583333333334
22214,0.014735980352026197
22215,0.014735980352026197
22216,0.6291739894551845
22217,0.014735980352026197
22218,0.07278481012658228
22219,0.014735980352026197
22220,0.8917748917748918
22221,0.014735980352026197
22222,0.014735980352026197
22223,0.5006002400960384
22224,0.15364583333333334
22225,0.014735980352026197
22226,0.014735980352026197
22227,0.014735980352026197
22228,0.5006002400960384
22229,0.10148514851485149
22230,0.5006002400960384
22231,0.15364583333333334
22232,0.37579617834394907
22233,0.014735980352026197
22234,0.15364583333333334
22235,0.014735980352026197
22236,0.15364583333333334
22237,0.014735980352026197
22238,0.5006002400960384
22239,0.014735980352026197
22240,0.014735980352026197
22241,0.014735980352026197
22242,0.014735980352026197
22243,0.014735980352026197
22244,0.014735980352026197
22245,0.07278481012658228
22246,0.5006002400960384
22247,0.014735980352026197
22248,0.10148514851485149
22249,0.15364583333333334
22250,0.014735980352026197
22251,0.014735980352026197
22252,0.8917748917748918
22253,0.07278481012658228
22254,0.014735980352026197
22255,0.014735980352026197
22256,0.15364583333333334
22257,0.15364583333333334
22258,0.15364583333333334
22259,0.014735980352026197
22260,0.014735980352026197
22261,0.014735980352026197
22262,0.15364583333333334
22263,0.8917748917748918
22264,0.014735980352026197
22265,0.014735980352026197
22266,0.014735980352026197
22267,0.014735980352026197
22268,0.5006002400960384
22269,0.014735980352026197
22270,0.014735980352026197
22271,0.014735980352026197
22272,0.15364583333333334
22273,0.37579617834394907
22274,0.014735980352026197
22275,0.37579617834394907
22276,0.6291739894551845
22277,0.8917748917748918
22278,0.6291739894551845
22279,0.014735980352026197
22280,0.8917748917748918
22281,0.15364583333333334
22282,0.6291739894551845
22283,0.8917748917748918
22284,0.15364583333333334
22285,0.014735980352026197
22286,0.014735980352026197
22287,0.15364583333333334
22288,0.15364583333333334
22289,0.014735980352026197
22290,0.014735980352026197
22291,0.07278481012658228
22292,0.014735980352026197
22293,0.8917748917748918
22294,0.15364583333333334
22295,0.15364583333333334
22296,0.8917748917748918
22297,0.8917748917748918
22298,0.8917748917748918
22299,0.014735980352026197
22300,0.07278481012658228
22301,0.014735980352026197
22302,0.15364583333333334
22303,0.8917748917748918
22304,0.15364583333333334
22305,0.07278481012658228
22306,0.10148514851485149
22307,0.014735980352026197
22308,0.37579617834394907
22309,0.15364583333333334
22310,0.8917748917748918
22311,0.15364583333333334
22312,0.5006002400960384
22313,0.014735980352026197
22314,0.014735980352026197
22315,0.014735980352026197
22316,0.014735980352026197
22317,0.15364583333333334
22318,0.8917748917748918
22319,0.07278481012658228
22320,0.15364583333333334
22321,0.014735980352026197
22322,0.10148514851485149
22323,0.014735980352026197
22324,0.07278481012658228
22325,0.07278481012658228
22326,0.6291739894551845
22327,0.37579617834394907
22328,0.014735980352026197
22329,0.15364583333333334
22330,0.37579617834394907
22331,0.37579617834394907
22332,0.15364583333333334
22333,0.15364583333333334
22334,0.15364583333333334
22335,0.37579617834394907
22336,0.5006002400960384
22337,0.014735980352026197
22338,0.15364583333333334
22339,0.07278481012658228
22340,0.15364583333333334
22341,0.014735980352026197
22342,0.15364583333333334
22343,0.014735980352026197
22344,0.37579617834394907
22345,0.014735980352026197
22346,0.15364583333333334
22347,0.5006002400960384
22348,0.8917748917748918
22349,0.8917748917748918
22350,0.37579617834394907
22351,0.014735980352026197
22352,0.15364583333333334
22353,0.014735980352026197
22354,0.15364583333333334
22355,0.15364583333333334
22356,0.6291739894551845
22357,0.014735980352026197
22358,0.07278481012658228
22359,0.014735980352026197
22360,0.5006002400960384
22361,0.014735980352026197
22362,0.014735980352026197
22363,0.6291739894551845
22364,0.014735980352026197
22365,0.10148514851485149
22366,0.15364583333333334
22367,0.014735980352026197
22368,0.10148514851485149
22369,0.014735980352026197
22370,0.014735980352026197
22371,0.8917748917748918
22372,0.6291739894551845
22373,0.15364583333333334
22374,0.5006002400960384
22375,0.5006002400960384
22376,0.6291739894551845
22377,0.014735980352026197
22378,0.07278481012658228
22379,0.8917748917748918
22380,0.014735980352026197
22381,0.8917748917748918
22382,0.07278481012658228
22383,0.8917748917748918
22384,0.15364583333333334
22385,0.15364583333333334
22386,0.10148514851485149
22387,0.8917748917748918
22388,0.014735980352026197
22389,0.15364583333333334
22390,0.014735980352026197
22391,0.014735980352026197
22392,0.014735980352026197
22393,0.5006002400960384
22394,0.8917748917748918
22395,0.15364583333333334
22396,0.15364583333333334
22397,0.8917748917748918
22398,0.014735980352026197
22399,0.8917748917748918
22400,0.5006002400960384
22401,0.5006002400960384
22402,0.15364583333333334
22403,0.15364583333333334
22404,0.014735980352026197
22405,0.5006002400960384
22406,0.014735980352026197
22407,0.014735980352026197
22408,0.014735980352026197
22409,0.5006002400960384
22410,0.15364583333333334
22411,0.6291739894551845
22412,0.5006002400960384
22413,0.014735980352026197
22414,0.15364583333333334
22415,0.15364583333333334
22416,0.014735980352026197
22417,0.15364583333333334
22418,0.37579617834394907
22419,0.15364583333333334
22420,0.5006002400960384
22421,0.8917748917748918
22422,0.07278481012658228
22423,0.014735980352026197
22424,0.014735980352026197
22425,0.8917748917748918
22426,0.15364583333333334
22427,0.014735980352026197
22428,0.15364583333333334
22429,0.15364583333333334
22430,0.8917748917748918
22431,0.014735980352026197
22432,0.6291739894551845
22433,0.15364583333333334
22434,0.07278481012658228
22435,0.15364583333333334
22436,0.6291739894551845
22437,0.014735980352026197
22438,0.15364583333333334
22439,0.014735980352026197
22440,0.014735980352026197
22441,0.014735980352026197
22442,0.15364583333333334
22443,0.014735980352026197
22444,0.014735980352026197
22445,0.014735980352026197
22446,0.07278481012658228
22447,0.014735980352026197
22448,0.6291739894551845
22449,0.014735980352026197
22450,0.5006002400960384
22451,0.15364583333333334
22452,0.5006002400960384
22453,0.014735980352026197
22454,0.15364583333333334
22455,0.014735980352026197
22456,0.8917748917748918
22457,0.15364583333333334
22458,0.014735980352026197
22459,0.15364583333333334
22460,0.014735980352026197
22461,0.014735980352026197
22462,0.07278481012658228
22463,0.014735980352026197
22464,0.6291739894551845
22465,0.6291739894551845
22466,0.07278481012658228
22467,0.014735980352026197
22468,0.014735980352026197
22469,0.014735980352026197
22470,0.5006002400960384
22471,0.6291739894551845
22472,0.8917748917748918
22473,0.014735980352026197
22474,0.014735980352026197
22475,0.014735980352026197
22476,0.014735980352026197
22477,0.014735980352026197
22478,0.37579617834394907
22479,0.014735980352026197
22480,0.15364583333333334
22481,0.15364583333333334
22482,0.07278481012658228
22483,0.014735980352026197
22484,0.15364583333333334
22485,0.014735980352026197
22486,0.6291739894551845
22487,0.8917748917748918
22488,0.8917748917748918
22489,0.8917748917748918
22490,0.10148514851485149
22491,0.014735980352026197
22492,0.15364583333333334
22493,0.15364583333333334
22494,0.10148514851485149
22495,0.37579617834394907
22496,0.014735980352026197
22497,0.014735980352026197
22498,0.37579617834394907
22499,0.014735980352026197
22500,0.014735980352026197
22501,0.014735980352026197
22502,0.15364583333333334
22503,0.014735980352026197
22504,0.10148514851485149
22505,0.014735980352026197
22506,0.8917748917748918
22507,0.6291739894551845
22508,0.014735980352026197
22509,0.8917748917748918
22510,0.07278481012658228
22511,0.6291739894551845
22512,0.15364583333333334
22513,0.014735980352026197
22514,0.15364583333333334
22515,0.5006002400960384
22516,0.014735980352026197
22517,0.5006002400960384
22518,0.07278481012658228
22519,0.014735980352026197
22520,0.8917748917748918
22521,0.014735980352026197
22522,0.07278481012658228
22523,0.15364583333333334
22524,0.37579617834394907
22525,0.10148514851485149
22526,0.014735980352026197
22527,0.8917748917748918
22528,0.15364583333333334
22529,0.8917748917748918
22530,0.15364583333333334
22531,0.15364583333333334
22532,0.5006002400960384
22533,0.10148514851485149
22534,0.15364583333333334
22535,0.5006002400960384
22536,0.37579617834394907
22537,0.014735980352026197
22538,0.014735980352026197
22539,0.15364583333333334
22540,0.014735980352026197
22541,0.07278481012658228
22542,0.014735980352026197
22543,0.15364583333333334
22544,0.15364583333333334
22545,0.014735980352026197
22546,0.37579617834394907
22547,0.014735980352026197
22548,0.6291739894551845
22549,0.014735980352026197
22550,0.6291739894551845
22551,0.5006002400960384
22552,0.15364583333333334
22553,0.014735980352026197
22554,0.37579617834394907
22555,0.15364583333333334
22556,0.014735980352026197
22557,0.15364583333333334
22558,0.15364583333333334
22559,0.15364583333333334
22560,0.37579617834394907
22561,0.014735980352026197
22562,0.014735980352026197
22563,0.15364583333333334
22564,0.8917748917748918
22565,0.15364583333333334
22566,0.5006002400960384
22567,0.014735980352026197
22568,0.37579617834394907
22569,0.07278481012658228
22570,0.014735980352026197
22571,0.15364583333333334
22572,0.014735980352026197
22573,0.15364583333333334
22574,0.014735980352026197
22575,0.10148514851485149
22576,0.5006002400960384
22577,0.37579617834394907
22578,0.6291739894551845
22579,0.014735980352026197
22580,0.6291739894551845
22581,0.014735980352026197
22582,0.5006002400960384
22583,0.15364583333333334
22584,0.8917748917748918
22585,0.014735980352026197
22586,0.014735980352026197
22587,0.014735980352026197
22588,0.07278481012658228
22589,0.10148514851485149
22590,0.8917748917748918
22591,0.07278481012658228
22592,0.014735980352026197
22593,0.014735980352026197
22594,0.15364583333333334
22595,0.6291739894551845
22596,0.10148514851485149
22597,0.15364583333333334
22598,0.8917748917748918
22599,0.15364583333333334
22600,0.014735980352026197
22601,0.15364583333333334
22602,0.014735980352026197
22603,0.8917748917748918
22604,0.014735980352026197
22605,0.014735980352026197
22606,0.15364583333333334
22607,0.15364583333333334
22608,0.8917748917748918
22609,0.014735980352026197
22610,0.014735980352026197
22611,0.014735980352026197
22612,0.8917748917748918
22613,0.15364583333333334
22614,0.8917748917748918
22615,0.014735980352026197
22616,0.5006002400960384
22617,0.014735980352026197
22618,0.014735980352026197
22619,0.8917748917748918
22620,0.8917748917748918
22621,0.014735980352026197
22622,0.014735980352026197
22623,0.014735980352026197
22624,0.15364583333333334
22625,0.014735980352026197
22626,0.15364583333333334
22627,0.8917748917748918
22628,0.15364583333333334
22629,0.37579617834394907
22630,0.8917748917748918
22631,0.014735980352026197
22632,0.8917748917748918
22633,0.014735980352026197
22634,0.5006002400960384
22635,0.10148514851485149
22636,0.15364583333333334
22637,0.8917748917748918
22638,0.15364583333333334
22639,0.15364583333333334
22640,0.5006002400960384
22641,0.15364583333333334
22642,0.014735980352026197
22643,0.014735980352026197
22644,0.014735980352026197
22645,0.07278481012658228
22646,0.014735980352026197
22647,0.5006002400960384
22648,0.15364583333333334
22649,0.8917748917748918
22650,0.014735980352026197
22651,0.014735980352026197
22652,0.014735980352026197
22653,0.10148514851485149
22654,0.5006002400960384
22655,0.07278481012658228
22656,0.5006002400960384
22657,0.014735980352026197
22658,0.014735980352026197
22659,0.6291739894551845
22660,0.014735980352026197
22661,0.014735980352026197
22662,0.8917748917748918
22663,0.15364583333333334
22664,0.014735980352026197
22665,0.15364583333333334
22666,0.014735980352026197
22667,0.10148514851485149
22668,0.07278481012658228
22669,0.014735980352026197
22670,0.014735980352026197
22671,0.014735980352026197
22672,0.15364583333333334
22673,0.014735980352026197
22674,0.014735980352026197
22675,0.5006002400960384
22676,0.014735980352026197
22677,0.15364583333333334
22678,0.014735980352026197
22679,0.014735980352026197
22680,0.15364583333333334
22681,0.014735980352026197
22682,0.014735980352026197
22683,0.07278481012658228
22684,0.014735980352026197
22685,0.37579617834394907
22686,0.15364583333333334
22687,0.15364583333333334
22688,0.014735980352026197
22689,0.15364583333333334
22690,0.014735980352026197
22691,0.15364583333333334
22692,0.8917748917748918
22693,0.5006002400960384
22694,0.8917748917748918
22695,0.5006002400960384
22696,0.15364583333333334
22697,0.15364583333333334
22698,0.014735980352026197
22699,0.014735980352026197
22700,0.014735980352026197
22701,0.5006002400960384
22702,0.014735980352026197
22703,0.10148514851485149
22704,0.014735980352026197
22705,0.014735980352026197
22706,0.37579617834394907
22707,0.07278481012658228
22708,0.014735980352026197
22709,0.014735980352026197
22710,0.5006002400960384
22711,0.37579617834394907
22712,0.014735980352026197
22713,0.8917748917748918
22714,0.15364583333333334
22715,0.37579617834394907
22716,0.014735980352026197
22717,0.15364583333333334
22718,0.014735980352026197
22719,0.07278481012658228
22720,0.014735980352026197
22721,0.014735980352026197
22722,0.5006002400960384
22723,0.014735980352026197
22724,0.15364583333333334
22725,0.15364583333333334
22726,0.10148514851485149
22727,0.014735980352026197
22728,0.15364583333333334
22729,0.014735980352026197
22730,0.014735980352026197
22731,0.07278481012658228
22732,0.15364583333333334
22733,0.6291739894551845
22734,0.014735980352026197
22735,0.014735980352026197
22736,0.10148514851485149
22737,0.15364583333333334
22738,0.014735980352026197
22739,0.014735980352026197
22740,0.014735980352026197
22741,0.014735980352026197
22742,0.014735980352026197
22743,0.014735980352026197
22744,0.014735980352026197
22745,0.07278481012658228
22746,0.014735980352026197
22747,0.014735980352026197
22748,0.37579617834394907
22749,0.15364583333333334
22750,0.014735980352026197
22751,0.014735980352026197
22752,0.014735980352026197
22753,0.5006002400960384
22754,0.15364583333333334
22755,0.5006002400960384
22756,0.014735980352026197
22757,0.014735980352026197
22758,0.6291739894551845
22759,0.014735980352026197
22760,0.014735980352026197
22761,0.15364583333333334
22762,0.014735980352026197
22763,0.8917748917748918
22764,0.014735980352026197
22765,0.8917748917748918
22766,0.15364583333333334
22767,0.10148514851485149
22768,0.014735980352026197
22769,0.014735980352026197
22770,0.5006002400960384
22771,0.15364583333333334
22772,0.07278481012658228
22773,0.5006002400960384
22774,0.5006002400960384
22775,0.014735980352026197
22776,0.6291739894551845
22777,0.014735980352026197
22778,0.15364583333333334
22779,0.014735980352026197
22780,0.15364583333333334
22781,0.15364583333333334
22782,0.014735980352026197
22783,0.014735980352026197
22784,0.014735980352026197
22785,0.014735980352026197
22786,0.15364583333333334
22787,0.37579617834394907
22788,0.014735980352026197
22789,0.6291739894551845
22790,0.15364583333333334
22791,0.014735980352026197
22792,0.07278481012658228
22793,0.014735980352026197
22794,0.014735980352026197
22795,0.15364583333333334
22796,0.5006002400960384
22797,0.014735980352026197
22798,0.014735980352026197
22799,0.15364583333333334
22800,0.15364583333333334
22801,0.014735980352026197
22802,0.10148514851485149
22803,0.014735980352026197
22804,0.15364583333333334
22805,0.014735980352026197
22806,0.014735980352026197
22807,0.014735980352026197
22808,0.15364583333333334
22809,0.5006002400960384
22810,0.15364583333333334
22811,0.014735980352026197
22812,0.014735980352026197
22813,0.014735980352026197
22814,0.8917748917748918
22815,0.5006002400960384
22816,0.15364583333333334
22817,0.014735980352026197
22818,0.15364583333333334
22819,0.15364583333333334
22820,0.07278481012658228
22821,0.014735980352026197
22822,0.5006002400960384
22823,0.014735980352026197
22824,0.014735980352026197
22825,0.014735980352026197
22826,0.37579617834394907
22827,0.10148514851485149
22828,0.15364583333333334
22829,0.014735980352026197
22830,0.014735980352026197
22831,0.014735980352026197
22832,0.07278481012658228
22833,0.15364583333333334
22834,0.8917748917748918
22835,0.8917748917748918
22836,0.10148514851485149
22837,0.15364583333333334
22838,0.15364583333333334
22839,0.8917748917748918
22840,0.37579617834394907
22841,0.014735980352026197
22842,0.014735980352026197
22843,0.014735980352026197
22844,0.15364583333333334
22845,0.6291739894551845
22846,0.5006002400960384
22847,0.014735980352026197
22848,0.8917748917748918
22849,0.014735980352026197
22850,0.014735980352026197
22851,0.15364583333333334
22852,0.014735980352026197
22853,0.5006002400960384
22854,0.15364583333333334
22855,0.15364583333333334
22856,0.15364583333333334
22857,0.5006002400960384
22858,0.8917748917748918
22859,0.014735980352026197
22860,0.014735980352026197
22861,0.014735980352026197
22862,0.8917748917748918
22863,0.014735980352026197
22864,0.15364583333333334
22865,0.15364583333333334
22866,0.15364583333333334
22867,0.014735980352026197
22868,0.15364583333333334
22869,0.8917748917748918
22870,0.014735980352026197
22871,0.07278481012658228
22872,0.014735980352026197
22873,0.014735980352026197
22874,0.10148514851485149
22875,0.15364583333333334
22876,0.37579617834394907
22877,0.8917748917748918
22878,0.014735980352026197
22879,0.10148514851485149
22880,0.8917748917748918
22881,0.15364583333333334
22882,0.5006002400960384
22883,0.15364583333333334
22884,0.15364583333333334
22885,0.5006002400960384
22886,0.15364583333333334
22887,0.10148514851485149
22888,0.15364583333333334
22889,0.014735980352026197
22890,0.15364583333333334
22891,0.014735980352026197
22892,0.15364583333333334
22893,0.15364583333333334
22894,0.5006002400960384
22895,0.014735980352026197
22896,0.6291739894551845
22897,0.07278481012658228
22898,0.15364583333333334
22899,0.8917748917748918
22900,0.014735980352026197
22901,0.07278481012658228
22902,0.014735980352026197
22903,0.8917748917748918
22904,0.37579617834394907
22905,0.15364583333333334
22906,0.15364583333333334
22907,0.15364583333333334
22908,0.014735980352026197
22909,0.10148514851485149
22910,0.15364583333333334
22911,0.15364583333333334
22912,0.15364583333333334
22913,0.014735980352026197
22914,0.014735980352026197
22915,0.15364583333333334
22916,0.014735980352026197
22917,0.014735980352026197
22918,0.014735980352026197
22919,0.8917748917748918
22920,0.014735980352026197
22921,0.8917748917748918
22922,0.6291739894551845
22923,0.37579617834394907
22924,0.014735980352026197
22925,0.014735980352026197
22926,0.014735980352026197
22927,0.014735980352026197
22928,0.014735980352026197
22929,0.014735980352026197
22930,0.10148514851485149
22931,0.014735980352026197
22932,0.014735980352026197
22933,0.8917748917748918
22934,0.014735980352026197
22935,0.014735980352026197
22936,0.6291739894551845
22937,0.07278481012658228
22938,0.15364583333333334
22939,0.15364583333333334
22940,0.014735980352026197
22941,0.8917748917748918
22942,0.014735980352026197
22943,0.014735980352026197
22944,0.014735980352026197
22945,0.15364583333333334
22946,0.014735980352026197
22947,0.15364583333333334
22948,0.014735980352026197
22949,0.37579617834394907
22950,0.014735980352026197
22951,0.014735980352026197
22952,0.014735980352026197
22953,0.8917748917748918
22954,0.014735980352026197
22955,0.014735980352026197
22956,0.5006002400960384
22957,0.014735980352026197
22958,0.07278481012658228
22959,0.014735980352026197
22960,0.15364583333333334
22961,0.014735980352026197
22962,0.5006002400960384
22963,0.15364583333333334
22964,0.014735980352026197
22965,0.014735980352026197
22966,0.10148514851485149
22967,0.014735980352026197
22968,0.8917748917748918
22969,0.014735980352026197
22970,0.15364583333333334
22971,0.014735980352026197
22972,0.014735980352026197
22973,0.014735980352026197
22974,0.37579617834394907
22975,0.07278481012658228
22976,0.014735980352026197
22977,0.014735980352026197
22978,0.014735980352026197
22979,0.5006002400960384
22980,0.5006002400960384
22981,0.014735980352026197
22982,0.6291739894551845
22983,0.15364583333333334
22984,0.07278481012658228
22985,0.014735980352026197
22986,0.014735980352026197
22987,0.014735980352026197
22988,0.15364583333333334
22989,0.6291739894551845
22990,0.014735980352026197
22991,0.15364583333333334
22992,0.15364583333333334
22993,0.014735980352026197
22994,0.014735980352026197
22995,0.014735980352026197
22996,0.014735980352026197
22997,0.014735980352026197
22998,0.014735980352026197
22999,0.014735980352026197
23000,0.014735980352026197
23001,0.5006002400960384
23002,0.37579617834394907
23003,0.10148514851485149
23004,0.5006002400960384
23005,0.014735980352026197
23006,0.014735980352026197
23007,0.37579617834394907
23008,0.15364583333333334
23009,0.8917748917748918
23010,0.014735980352026197
23011,0.014735980352026197
23012,0.15364583333333334
23013,0.8917748917748918
23014,0.014735980352026197
23015,0.5006002400960384
23016,0.15364583333333334
23017,0.5006002400960384
23018,0.15364583333333334
23019,0.014735980352026197
23020,0.014735980352026197
23021,0.8917748917748918
23022,0.014735980352026197
23023,0.15364583333333334
23024,0.8917748917748918
23025,0.15364583333333334
23026,0.15364583333333334
23027,0.10148514851485149
23028,0.15364583333333334
23029,0.37579617834394907
23030,0.15364583333333334
23031,0.37579617834394907
23032,0.15364583333333334
23033,0.07278481012658228
23034,0.014735980352026197
23035,0.014735980352026197
23036,0.15364583333333334
23037,0.15364583333333334
23038,0.014735980352026197
23039,0.014735980352026197
23040,0.8917748917748918
23041,0.014735980352026197
23042,0.07278481012658228
23043,0.15364583333333334
23044,0.014735980352026197
23045,0.6291739894551845
23046,0.15364583333333334
23047,0.014735980352026197
23048,0.014735980352026197
23049,0.07278481012658228
23050,0.8917748917748918
23051,0.10148514851485149
23052,0.15364583333333334
23053,0.014735980352026197
23054,0.014735980352026197
23055,0.8917748917748918
23056,0.014735980352026197
23057,0.6291739894551845
23058,0.10148514851485149
23059,0.014735980352026197
23060,0.014735980352026197
23061,0.15364583333333334
23062,0.10148514851485149
23063,0.15364583333333334
23064,0.8917748917748918
23065,0.15364583333333334
23066,0.6291739894551845
23067,0.5006002400960384
23068,0.6291739894551845
23069,0.014735980352026197
23070,0.014735980352026197
23071,0.8917748917748918
23072,0.15364583333333334
23073,0.5006002400960384
23074,0.014735980352026197
23075,0.07278481012658228
23076,0.014735980352026197
23077,0.15364583333333334
23078,0.014735980352026197
23079,0.15364583333333334
23080,0.014735980352026197
23081,0.15364583333333334
23082,0.014735980352026197
23083,0.014735980352026197
23084,0.37579617834394907
23085,0.07278481012658228
23086,0.014735980352026197
23087,0.5006002400960384
23088,0.15364583333333334
23089,0.15364583333333334
23090,0.014735980352026197
23091,0.15364583333333334
23092,0.014735980352026197
23093,0.15364583333333334
23094,0.014735980352026197
23095,0.014735980352026197
23096,0.10148514851485149
23097,0.10148514851485149
23098,0.15364583333333334
23099,0.07278481012658228
23100,0.014735980352026197
23101,0.8917748917748918
23102,0.014735980352026197
23103,0.07278481012658228
23104,0.014735980352026197
23105,0.15364583333333334
23106,0.014735980352026197
23107,0.014735980352026197
23108,0.014735980352026197
23109,0.6291739894551845
23110,0.07278481012658228
23111,0.014735980352026197
23112,0.15364583333333334
23113,0.15364583333333334
23114,0.014735980352026197
23115,0.5006002400960384
23116,0.15364583333333334
23117,0.8917748917748918
23118,0.014735980352026197
23119,0.014735980352026197
23120,0.014735980352026197
23121,0.014735980352026197
23122,0.014735980352026197
23123,0.15364583333333334
23124,0.8917748917748918
23125,0.07278481012658228
23126,0.5006002400960384
23127,0.014735980352026197
23128,0.15364583333333334
23129,0.8917748917748918
23130,0.014735980352026197
23131,0.15364583333333334
23132,0.014735980352026197
23133,0.15364583333333334
23134,0.6291739894551845
23135,0.5006002400960384
23136,0.15364583333333334
23137,0.5006002400960384
23138,0.15364583333333334
23139,0.014735980352026197
23140,0.15364583333333334
23141,0.15364583333333334
23142,0.5006002400960384
23143,0.014735980352026197
23144,0.8917748917748918
23145,0.014735980352026197
23146,0.6291739894551845
23147,0.07278481012658228
23148,0.014735980352026197
23149,0.014735980352026197
23150,0.10148514851485149
23151,0.014735980352026197
23152,0.014735980352026197
23153,0.15364583333333334
23154,0.5006002400960384
23155,0.15364583333333334
23156,0.014735980352026197
23157,0.014735980352026197
23158,0.15364583333333334
23159,0.15364583333333334
23160,0.5006002400960384
23161,0.07278481012658228
23162,0.8917748917748918
23163,0.37579617834394907
23164,0.014735980352026197
23165,0.014735980352026197
23166,0.8917748917748918
23167,0.10148514851485149
23168,0.8917748917748918
23169,0.15364583333333334
23170,0.014735980352026197
23171,0.8917748917748918
23172,0.15364583333333334
23173,0.014735980352026197
23174,0.07278481012658228
23175,0.014735980352026197
23176,0.5006002400960384
23177,0.014735980352026197
23178,0.8917748917748918
23179,0.014735980352026197
23180,0.014735980352026197
23181,0.37579617834394907
23182,0.15364583333333334
23183,0.8917748917748918
23184,0.15364583333333334
23185,0.10148514851485149
23186,0.014735980352026197
23187,0.8917748917748918
23188,0.014735980352026197
23189,0.10148514851485149
23190,0.014735980352026197
23191,0.014735980352026197
23192,0.07278481012658228
23193,0.014735980352026197
23194,0.014735980352026197
23195,0.15364583333333334
23196,0.014735980352026197
23197,0.37579617834394907
23198,0.014735980352026197
23199,0.15364583333333334
23200,0.8917748917748918
23201,0.014735980352026197
23202,0.6291739894551845
23203,0.15364583333333334
23204,0.014735980352026197
23205,0.07278481012658228
23206,0.8917748917748918
23207,0.10148514851485149
23208,0.15364583333333334
23209,0.014735980352026197
23210,0.37579617834394907
23211,0.15364583333333334
23212,0.15364583333333334
23213,0.37579617834394907
23214,0.014735980352026197
23215,0.014735980352026197
23216,0.15364583333333334
23217,0.6291739894551845
23218,0.5006002400960384
23219,0.014735980352026197
23220,0.014735980352026197
23221,0.014735980352026197
23222,0.014735980352026197
23223,0.15364583333333334
23224,0.5006002400960384
23225,0.014735980352026197
23226,0.15364583333333334
23227,0.014735980352026197
23228,0.014735980352026197
23229,0.15364583333333334
23230,0.37579617834394907
23231,0.5006002400960384
23232,0.014735980352026197
23233,0.014735980352026197
23234,0.07278481012658228
23235,0.6291739894551845
23236,0.15364583333333334
23237,0.014735980352026197
23238,0.014735980352026197
23239,0.014735980352026197
23240,0.8917748917748918
23241,0.014735980352026197
23242,0.014735980352026197
23243,0.6291739894551845
23244,0.10148514851485149
23245,0.8917748917748918
23246,0.8917748917748918
23247,0.15364583333333334
23248,0.014735980352026197
23249,0.10148514851485149
23250,0.8917748917748918
23251,0.014735980352026197
23252,0.15364583333333334
23253,0.15364583333333334
23254,0.014735980352026197
23255,0.014735980352026197
23256,0.014735980352026197
23257,0.014735980352026197
23258,0.15364583333333334
23259,0.15364583333333334
23260,0.8917748917748918
23261,0.8917748917748918
23262,0.15364583333333334
23263,0.014735980352026197
23264,0.15364583333333334
23265,0.014735980352026197
23266,0.10148514851485149
23267,0.15364583333333334
23268,0.5006002400960384
23269,0.014735980352026197
23270,0.8917748917748918
23271,0.15364583333333334
23272,0.014735980352026197
23273,0.5006002400960384
23274,0.15364583333333334
23275,0.014735980352026197
23276,0.8917748917748918
23277,0.15364583333333334
23278,0.15364583333333334
23279,0.6291739894551845
23280,0.6291739894551845
23281,0.15364583333333334
23282,0.8917748917748918
23283,0.014735980352026197
23284,0.6291739894551845
23285,0.014735980352026197
23286,0.014735980352026197
23287,0.15364583333333334
23288,0.014735980352026197
23289,0.15364583333333334
23290,0.07278481012658228
23291,0.15364583333333334
23292,0.37579617834394907
23293,0.014735980352026197
23294,0.5006002400960384
23295,0.014735980352026197
23296,0.5006002400960384
23297,0.15364583333333334
23298,0.15364583333333334
23299,0.014735980352026197
23300,0.014735980352026197
23301,0.5006002400960384
23302,0.8917748917748918
23303,0.6291739894551845
23304,0.8917748917748918
23305,0.15364583333333334
23306,0.5006002400960384
23307,0.014735980352026197
23308,0.6291739894551845
23309,0.5006002400960384
23310,0.014735980352026197
23311,0.5006002400960384
23312,0.15364583333333334
23313,0.014735980352026197
23314,0.15364583333333334
23315,0.014735980352026197
23316,0.5006002400960384
23317,0.15364583333333334
23318,0.014735980352026197
23319,0.15364583333333334
23320,0.5006002400960384
23321,0.15364583333333334
23322,0.6291739894551845
23323,0.014735980352026197
23324,0.37579617834394907
23325,0.014735980352026197
23326,0.014735980352026197
23327,0.014735980352026197
23328,0.8917748917748918
23329,0.37579617834394907
23330,0.014735980352026197
23331,0.014735980352026197
23332,0.15364583333333334
23333,0.15364583333333334
23334,0.07278481012658228
23335,0.014735980352026197
23336,0.014735980352026197
23337,0.15364583333333334
23338,0.8917748917748918
23339,0.6291739894551845
23340,0.15364583333333334
23341,0.10148514851485149
23342,0.15364583333333334
23343,0.15364583333333334
23344,0.014735980352026197
23345,0.15364583333333334
23346,0.6291739894551845
23347,0.014735980352026197
23348,0.014735980352026197
23349,0.014735980352026197
23350,0.15364583333333334
23351,0.8917748917748918
23352,0.014735980352026197
23353,0.014735980352026197
23354,0.6291739894551845
23355,0.5006002400960384
23356,0.014735980352026197
23357,0.15364583333333334
23358,0.8917748917748918
23359,0.014735980352026197
23360,0.07278481012658228
23361,0.07278481012658228
23362,0.07278481012658228
23363,0.37579617834394907
23364,0.15364583333333334
23365,0.5006002400960384
23366,0.014735980352026197
23367,0.07278481012658228
23368,0.15364583333333334
23369,0.37579617834394907
23370,0.15364583333333334
23371,0.15364583333333334
23372,0.15364583333333334
23373,0.014735980352026197
23374,0.15364583333333334
23375,0.07278481012658228
23376,0.8917748917748918
23377,0.014735980352026197
23378,0.8917748917748918
23379,0.5006002400960384
23380,0.014735980352026197
23381,0.15364583333333334
23382,0.014735980352026197
23383,0.37579617834394907
23384,0.014735980352026197
23385,0.15364583333333334
23386,0.15364583333333334
23387,0.6291739894551845
23388,0.8917748917748918
23389,0.15364583333333334
23390,0.8917748917748918
23391,0.014735980352026197
23392,0.014735980352026197
23393,0.07278481012658228
23394,0.15364583333333334
23395,0.014735980352026197
23396,0.37579617834394907
23397,0.5006002400960384
23398,0.014735980352026197
23399,0.10148514851485149
23400,0.014735980352026197
23401,0.014735980352026197
23402,0.07278481012658228
23403,0.5006002400960384
23404,0.15364583333333334
23405,0.6291739894551845
23406,0.8917748917748918
23407,0.014735980352026197
23408,0.07278481012658228
23409,0.07278481012658228
23410,0.014735980352026197
23411,0.15364583333333334
23412,0.15364583333333334
23413,0.014735980352026197
23414,0.07278481012658228
23415,0.014735980352026197
23416,0.07278481012658228
23417,0.014735980352026197
23418,0.014735980352026197
23419,0.014735980352026197
23420,0.014735980352026197
23421,0.6291739894551845
23422,0.15364583333333334
23423,0.014735980352026197
23424,0.07278481012658228
23425,0.5006002400960384
23426,0.014735980352026197
23427,0.014735980352026197
23428,0.014735980352026197
23429,0.014735980352026197
23430,0.15364583333333334
23431,0.5006002400960384
23432,0.014735980352026197
23433,0.5006002400960384
23434,0.15364583333333334
23435,0.07278481012658228
23436,0.5006002400960384
23437,0.10148514851485149
23438,0.15364583333333334
23439,0.37579617834394907
23440,0.15364583333333334
23441,0.014735980352026197
23442,0.6291739894551845
23443,0.014735980352026197
23444,0.10148514851485149
23445,0.014735980352026197
23446,0.15364583333333334
23447,0.014735980352026197
23448,0.5006002400960384
23449,0.15364583333333334
23450,0.014735980352026197
23451,0.014735980352026197
23452,0.014735980352026197
23453,0.6291739894551845
23454,0.8917748917748918
23455,0.014735980352026197
23456,0.014735980352026197
23457,0.8917748917748918
23458,0.15364583333333334
23459,0.15364583333333334
23460,0.014735980352026197
23461,0.15364583333333334
23462,0.014735980352026197
23463,0.5006002400960384
23464,0.014735980352026197
23465,0.5006002400960384
23466,0.07278481012658228
23467,0.014735980352026197
23468,0.15364583333333334
23469,0.014735980352026197
23470,0.15364583333333334
23471,0.014735980352026197
23472,0.5006002400960384
23473,0.5006002400960384
23474,0.10148514851485149
23475,0.014735980352026197
23476,0.8917748917748918
23477,0.6291739894551845
23478,0.10148514851485149
23479,0.15364583333333334
23480,0.014735980352026197
23481,0.15364583333333334
23482,0.014735980352026197
23483,0.014735980352026197
23484,0.8917748917748918
23485,0.014735980352026197
23486,0.014735980352026197
23487,0.014735980352026197
23488,0.014735980352026197
23489,0.014735980352026197
23490,0.15364583333333334
23491,0.014735980352026197
23492,0.6291739894551845
23493,0.014735980352026197
23494,0.07278481012658228
23495,0.10148514851485149
23496,0.014735980352026197
23497,0.8917748917748918
23498,0.07278481012658228
23499,0.014735980352026197
23500,0.014735980352026197
23501,0.014735980352026197
23502,0.014735980352026197
23503,0.15364583333333334
23504,0.5006002400960384
23505,0.014735980352026197
23506,0.07278481012658228
23507,0.07278481012658228
23508,0.07278481012658228
23509,0.15364583333333334
23510,0.014735980352026197
23511,0.5006002400960384
23512,0.8917748917748918
23513,0.014735980352026197
23514,0.5006002400960384
23515,0.15364583333333334
23516,0.014735980352026197
23517,0.014735980352026197
23518,0.014735980352026197
23519,0.014735980352026197
23520,0.5006002400960384
23521,0.8917748917748918
23522,0.15364583333333334
23523,0.15364583333333334
23524,0.014735980352026197
23525,0.5006002400960384
23526,0.8917748917748918
23527,0.15364583333333334
23528,0.07278481012658228
23529,0.15364583333333334
23530,0.6291739894551845
23531,0.6291739894551845
23532,0.014735980352026197
23533,0.15364583333333334
23534,0.014735980352026197
23535,0.15364583333333334
23536,0.014735980352026197
23537,0.014735980352026197
23538,0.6291739894551845
23539,0.014735980352026197
23540,0.15364583333333334
23541,0.014735980352026197
23542,0.15364583333333334
23543,0.014735980352026197
23544,0.014735980352026197
23545,0.10148514851485149
23546,0.15364583333333334
23547,0.014735980352026197
23548,0.07278481012658228
23549,0.014735980352026197
23550,0.6291739894551845
23551,0.014735980352026197
23552,0.014735980352026197
23553,0.6291739894551845
23554,0.014735980352026197
23555,0.8917748917748918
23556,0.07278481012658228
23557,0.15364583333333334
23558,0.014735980352026197
23559,0.15364583333333334
23560,0.014735980352026197
23561,0.8917748917748918
23562,0.014735980352026197
23563,0.15364583333333334
23564,0.014735980352026197
23565,0.15364583333333334
23566,0.15364583333333334
23567,0.5006002400960384
23568,0.014735980352026197
23569,0.6291739894551845
23570,0.8917748917748918
23571,0.8917748917748918
23572,0.014735980352026197
23573,0.014735980352026197
23574,0.014735980352026197
23575,0.014735980352026197
23576,0.014735980352026197
23577,0.014735980352026197
23578,0.014735980352026197
23579,0.6291739894551845
23580,0.15364583333333334
23581,0.15364583333333334
23582,0.014735980352026197
23583,0.014735980352026197
23584,0.014735980352026197
23585,0.014735980352026197
23586,0.15364583333333334
23587,0.014735980352026197
23588,0.014735980352026197
23589,0.15364583333333334
23590,0.014735980352026197
23591,0.15364583333333334
23592,0.014735980352026197
23593,0.014735980352026197
23594,0.15364583333333334
23595,0.8917748917748918
23596,0.5006002400960384
23597,0.6291739894551845
23598,0.15364583333333334
23599,0.014735980352026197
23600,0.15364583333333334
23601,0.10148514851485149
23602,0.15364583333333334
23603,0.014735980352026197
23604,0.15364583333333334
23605,0.014735980352026197
23606,0.37579617834394907
23607,0.37579617834394907
23608,0.014735980352026197
23609,0.014735980352026197
23610,0.15364583333333334
23611,0.014735980352026197
23612,0.10148514851485149
23613,0.15364583333333334
23614,0.014735980352026197
23615,0.6291739894551845
23616,0.15364583333333334
23617,0.014735980352026197
23618,0.8917748917748918
23619,0.014735980352026197
23620,0.014735980352026197
23621,0.15364583333333334
23622,0.10148514851485149
23623,0.014735980352026197
23624,0.5006002400960384
23625,0.8917748917748918
23626,0.014735980352026197
23627,0.07278481012658228
23628,0.014735980352026197
23629,0.014735980352026197
23630,0.014735980352026197
23631,0.8917748917748918
23632,0.014735980352026197
23633,0.8917748917748918
23634,0.014735980352026197
23635,0.15364583333333334
23636,0.014735980352026197
23637,0.014735980352026197
23638,0.15364583333333334
23639,0.014735980352026197
23640,0.014735980352026197
23641,0.014735980352026197
23642,0.07278481012658228
23643,0.15364583333333334
23644,0.15364583333333334
23645,0.014735980352026197
23646,0.5006002400960384
23647,0.014735980352026197
23648,0.15364583333333334
23649,0.15364583333333334
23650,0.8917748917748918
23651,0.014735980352026197
23652,0.014735980352026197
23653,0.8917748917748918
23654,0.014735980352026197
23655,0.5006002400960384
23656,0.15364583333333334
23657,0.37579617834394907
23658,0.5006002400960384
23659,0.014735980352026197
23660,0.15364583333333334
23661,0.15364583333333334
23662,0.15364583333333334
23663,0.014735980352026197
23664,0.8917748917748918
23665,0.014735980352026197
23666,0.014735980352026197
23667,0.15364583333333334
23668,0.014735980352026197
23669,0.8917748917748918
23670,0.07278481012658228
23671,0.014735980352026197
23672,0.014735980352026197
23673,0.014735980352026197
23674,0.37579617834394907
23675,0.15364583333333334
23676,0.014735980352026197
23677,0.37579617834394907
23678,0.8917748917748918
23679,0.10148514851485149
23680,0.014735980352026197
23681,0.15364583333333334
23682,0.014735980352026197
23683,0.5006002400960384
23684,0.014735980352026197
23685,0.6291739894551845
23686,0.15364583333333334
23687,0.8917748917748918
23688,0.014735980352026197
23689,0.014735980352026197
23690,0.5006002400960384
23691,0.5006002400960384
23692,0.014735980352026197
23693,0.5006002400960384
23694,0.8917748917748918
23695,0.014735980352026197
23696,0.5006002400960384
23697,0.07278481012658228
23698,0.5006002400960384
23699,0.07278481012658228
23700,0.15364583333333334
23701,0.014735980352026197
23702,0.5006002400960384
23703,0.014735980352026197
23704,0.15364583333333334
23705,0.014735980352026197
23706,0.014735980352026197
23707,0.014735980352026197
23708,0.10148514851485149
23709,0.15364583333333334
23710,0.014735980352026197
23711,0.10148514851485149
23712,0.014735980352026197
23713,0.15364583333333334
23714,0.37579617834394907
23715,0.8917748917748918
23716,0.014735980352026197
23717,0.37579617834394907
23718,0.014735980352026197
23719,0.07278481012658228
23720,0.5006002400960384
23721,0.014735980352026197
23722,0.014735980352026197
23723,0.8917748917748918
23724,0.07278481012658228
23725,0.014735980352026197
23726,0.014735980352026197
23727,0.15364583333333334
23728,0.5006002400960384
23729,0.014735980352026197
23730,0.8917748917748918
23731,0.014735980352026197
23732,0.014735980352026197
23733,0.014735980352026197
23734,0.8917748917748918
23735,0.014735980352026197
23736,0.014735980352026197
23737,0.014735980352026197
23738,0.15364583333333334
23739,0.07278481012658228
23740,0.014735980352026197
23741,0.6291739894551845
23742,0.07278481012658228
23743,0.014735980352026197
23744,0.014735980352026197
23745,0.8917748917748918
23746,0.014735980352026197
23747,0.15364583333333334
23748,0.8917748917748918
23749,0.5006002400960384
23750,0.5006002400960384
23751,0.014735980352026197
23752,0.8917748917748918
23753,0.014735980352026197
23754,0.014735980352026197
23755,0.15364583333333334
23756,0.014735980352026197
23757,0.15364583333333334
23758,0.014735980352026197
23759,0.15364583333333334
23760,0.014735980352026197
23761,0.014735980352026197
23762,0.014735980352026197
23763,0.8917748917748918
23764,0.014735980352026197
23765,0.07278481012658228
23766,0.014735980352026197
23767,0.014735980352026197
23768,0.8917748917748918
23769,0.15364583333333334
23770,0.15364583333333334
23771,0.014735980352026197
23772,0.15364583333333334
23773,0.014735980352026197
23774,0.5006002400960384
23775,0.6291739894551845
23776,0.014735980352026197
23777,0.15364583333333334
23778,0.8917748917748918
23779,0.15364583333333334
23780,0.8917748917748918
23781,0.07278481012658228
23782,0.10148514851485149
23783,0.014735980352026197
23784,0.014735980352026197
23785,0.014735980352026197
23786,0.6291739894551845
23787,0.15364583333333334
23788,0.15364583333333334
23789,0.15364583333333334
23790,0.6291739894551845
23791,0.014735980352026197
23792,0.014735980352026197
23793,0.014735980352026197
23794,0.014735980352026197
23795,0.014735980352026197
23796,0.014735980352026197
23797,0.8917748917748918
23798,0.014735980352026197
23799,0.6291739894551845
23800,0.15364583333333334
23801,0.15364583333333334
23802,0.15364583333333334
23803,0.8917748917748918
23804,0.07278481012658228
23805,0.8917748917748918
23806,0.6291739894551845
23807,0.15364583333333334
23808,0.014735980352026197
23809,0.6291739894551845
23810,0.014735980352026197
23811,0.5006002400960384
23812,0.8917748917748918
23813,0.15364583333333334
23814,0.014735980352026197
23815,0.014735980352026197
23816,0.15364583333333334
23817,0.8917748917748918
23818,0.014735980352026197
23819,0.15364583333333334
23820,0.014735980352026197
23821,0.014735980352026197
23822,0.014735980352026197
23823,0.15364583333333334
23824,0.014735980352026197
23825,0.15364583333333334
23826,0.5006002400960384
23827,0.15364583333333334
23828,0.014735980352026197
23829,0.07278481012658228
23830,0.15364583333333334
23831,0.07278481012658228
23832,0.8917748917748918
23833,0.014735980352026197
23834,0.014735980352026197
23835,0.014735980352026197
23836,0.07278481012658228
23837,0.014735980352026197
23838,0.15364583333333334
23839,0.014735980352026197
23840,0.15364583333333334
23841,0.8917748917748918
23842,0.5006002400960384
23843,0.014735980352026197
23844,0.15364583333333334
23845,0.15364583333333334
23846,0.014735980352026197
23847,0.014735980352026197
23848,0.014735980352026197
23849,0.8917748917748918
23850,0.014735980352026197
23851,0.5006002400960384
23852,0.014735980352026197
23853,0.014735980352026197
23854,0.6291739894551845
23855,0.014735980352026197
23856,0.07278481012658228
23857,0.15364583333333334
23858,0.15364583333333334
23859,0.014735980352026197
23860,0.014735980352026197
23861,0.07278481012658228
23862,0.014735980352026197
23863,0.014735980352026197
23864,0.014735980352026197
23865,0.10148514851485149
23866,0.07278481012658228
23867,0.8917748917748918
23868,0.10148514851485149
23869,0.014735980352026197
23870,0.014735980352026197
23871,0.6291739894551845
23872,0.014735980352026197
23873,0.014735980352026197
23874,0.5006002400960384
23875,0.014735980352026197
23876,0.014735980352026197
23877,0.07278481012658228
23878,0.8917748917748918
23879,0.014735980352026197
23880,0.014735980352026197
23881,0.8917748917748918
23882,0.8917748917748918
23883,0.15364583333333334
23884,0.014735980352026197
23885,0.8917748917748918
23886,0.014735980352026197
23887,0.014735980352026197
23888,0.15364583333333334
23889,0.37579617834394907
23890,0.014735980352026197
23891,0.014735980352026197
23892,0.15364583333333334
23893,0.014735980352026197
23894,0.15364583333333334
23895,0.014735980352026197
23896,0.5006002400960384
23897,0.15364583333333334
23898,0.014735980352026197
23899,0.15364583333333334
23900,0.014735980352026197
23901,0.07278481012658228
23902,0.014735980352026197
23903,0.014735980352026197
23904,0.014735980352026197
23905,0.15364583333333334
23906,0.07278481012658228
23907,0.014735980352026197
23908,0.014735980352026197
23909,0.014735980352026197
23910,0.014735980352026197
23911,0.014735980352026197
23912,0.10148514851485149
23913,0.014735980352026197
23914,0.014735980352026197
23915,0.014735980352026197
23916,0.15364583333333334
23917,0.014735980352026197
23918,0.6291739894551845
23919,0.014735980352026197
23920,0.15364583333333334
23921,0.014735980352026197
23922,0.014735980352026197
23923,0.5006002400960384
23924,0.014735980352026197
23925,0.8917748917748918
23926,0.014735980352026197
23927,0.15364583333333334
23928,0.07278481012658228
23929,0.37579617834394907
23930,0.07278481012658228
23931,0.014735980352026197
23932,0.07278481012658228
23933,0.014735980352026197
23934,0.15364583333333334
23935,0.15364583333333334
23936,0.014735980352026197
23937,0.15364583333333334
23938,0.014735980352026197
23939,0.5006002400960384
23940,0.15364583333333334
23941,0.8917748917748918
23942,0.07278481012658228
23943,0.014735980352026197
23944,0.15364583333333334
23945,0.10148514851485149
23946,0.014735980352026197
23947,0.15364583333333334
23948,0.6291739894551845
23949,0.014735980352026197
23950,0.014735980352026197
23951,0.014735980352026197
23952,0.15364583333333334
23953,0.014735980352026197
23954,0.10148514851485149
23955,0.07278481012658228
23956,0.10148514851485149
23957,0.014735980352026197
23958,0.5006002400960384
23959,0.014735980352026197
23960,0.10148514851485149
23961,0.15364583333333334
23962,0.014735980352026197
23963,0.15364583333333334
23964,0.10148514851485149
23965,0.07278481012658228
23966,0.014735980352026197
23967,0.014735980352026197
23968,0.014735980352026197
23969,0.014735980352026197
23970,0.5006002400960384
23971,0.014735980352026197
23972,0.014735980352026197
23973,0.014735980352026197
23974,0.6291739894551845
23975,0.8917748917748918
23976,0.014735980352026197
23977,0.8917748917748918
23978,0.014735980352026197
23979,0.15364583333333334
23980,0.15364583333333334
23981,0.014735980352026197
23982,0.10148514851485149
23983,0.8917748917748918
23984,0.014735980352026197
23985,0.014735980352026197
23986,0.15364583333333334
23987,0.15364583333333334
23988,0.014735980352026197
23989,0.15364583333333334
23990,0.15364583333333334
23991,0.5006002400960384
23992,0.15364583333333334
23993,0.014735980352026197
23994,0.5006002400960384
23995,0.15364583333333334
23996,0.15364583333333334
23997,0.15364583333333334
23998,0.8917748917748918
23999,0.15364583333333334
24000,0.014735980352026197
24001,0.014735980352026197
24002,0.014735980352026197
24003,0.014735980352026197
24004,0.15364583333333334
24005,0.15364583333333334
24006,0.15364583333333334
24007,0.014735980352026197
24008,0.014735980352026197
24009,0.014735980352026197
24010,0.014735980352026197
24011,0.014735980352026197
24012,0.014735980352026197
24013,0.6291739894551845
24014,0.15364583333333334
24015,0.37579617834394907
24016,0.014735980352026197
24017,0.15364583333333334
24018,0.014735980352026197
24019,0.014735980352026197
24020,0.014735980352026197
24021,0.15364583333333334
24022,0.07278481012658228
24023,0.8917748917748918
24024,0.5006002400960384
24025,0.014735980352026197
24026,0.014735980352026197
24027,0.014735980352026197
24028,0.014735980352026197
24029,0.5006002400960384
24030,0.014735980352026197
24031,0.014735980352026197
24032,0.15364583333333334
24033,0.014735980352026197
24034,0.10148514851485149
24035,0.014735980352026197
24036,0.15364583333333334
24037,0.014735980352026197
24038,0.15364583333333334
24039,0.8917748917748918
24040,0.014735980352026197
24041,0.8917748917748918
24042,0.37579617834394907
24043,0.10148514851485149
24044,0.5006002400960384
24045,0.8917748917748918
24046,0.5006002400960384
24047,0.014735980352026197
24048,0.15364583333333334
24049,0.15364583333333334
24050,0.10148514851485149
24051,0.014735980352026197
24052,0.014735980352026197
24053,0.37579617834394907
24054,0.014735980352026197
24055,0.5006002400960384
24056,0.014735980352026197
24057,0.10148514851485149
24058,0.15364583333333334
24059,0.8917748917748918
24060,0.8917748917748918
24061,0.014735980352026197
24062,0.07278481012658228
24063,0.014735980352026197
24064,0.014735980352026197
24065,0.014735980352026197
24066,0.07278481012658228
24067,0.014735980352026197
24068,0.10148514851485149
24069,0.014735980352026197
24070,0.10148514851485149
24071,0.10148514851485149
24072,0.15364583333333334
24073,0.8917748917748918
24074,0.07278481012658228
24075,0.8917748917748918
24076,0.15364583333333334
24077,0.15364583333333334
24078,0.014735980352026197
24079,0.8917748917748918
24080,0.10148514851485149
24081,0.014735980352026197
24082,0.5006002400960384
24083,0.5006002400960384
24084,0.014735980352026197
24085,0.5006002400960384
24086,0.014735980352026197
24087,0.15364583333333334
24088,0.07278481012658228
24089,0.5006002400960384
24090,0.15364583333333334
24091,0.07278481012658228
24092,0.014735980352026197
24093,0.15364583333333334
24094,0.15364583333333334
24095,0.014735980352026197
24096,0.15364583333333334
24097,0.15364583333333334
24098,0.15364583333333334
24099,0.15364583333333334
24100,0.014735980352026197
24101,0.07278481012658228
24102,0.014735980352026197
24103,0.6291739894551845
24104,0.15364583333333334
24105,0.10148514851485149
24106,0.07278481012658228
24107,0.014735980352026197
24108,0.014735980352026197
24109,0.8917748917748918
24110,0.8917748917748918
24111,0.15364583333333334
24112,0.15364583333333334
24113,0.014735980352026197
24114,0.014735980352026197
24115,0.014735980352026197
24116,0.8917748917748918
24117,0.15364583333333334
24118,0.014735980352026197
24119,0.15364583333333334
24120,0.15364583333333334
24121,0.15364583333333334
24122,0.014735980352026197
24123,0.014735980352026197
24124,0.15364583333333334
24125,0.014735980352026197
24126,0.014735980352026197
24127,0.014735980352026197
24128,0.014735980352026197
24129,0.014735980352026197
24130,0.014735980352026197
24131,0.15364583333333334
24132,0.014735980352026197
24133,0.15364583333333334
24134,0.8917748917748918
24135,0.5006002400960384
24136,0.10148514851485149
24137,0.014735980352026197
24138,0.014735980352026197
24139,0.014735980352026197
24140,0.014735980352026197
24141,0.8917748917748918
24142,0.10148514851485149
24143,0.6291739894551845
24144,0.6291739894551845
24145,0.014735980352026197
24146,0.10148514851485149
24147,0.15364583333333334
24148,0.15364583333333334
24149,0.014735980352026197
24150,0.15364583333333334
24151,0.15364583333333334
24152,0.6291739894551845
24153,0.07278481012658228
24154,0.10148514851485149
24155,0.5006002400960384
24156,0.15364583333333334
24157,0.014735980352026197
24158,0.10148514851485149
24159,0.07278481012658228
24160,0.15364583333333334
24161,0.8917748917748918
24162,0.07278481012658228
24163,0.07278481012658228
24164,0.15364583333333334
24165,0.014735980352026197
24166,0.15364583333333334
24167,0.8917748917748918
24168,0.07278481012658228
24169,0.014735980352026197
24170,0.014735980352026197
24171,0.15364583333333334
24172,0.014735980352026197
24173,0.014735980352026197
24174,0.8917748917748918
24175,0.15364583333333334
24176,0.014735980352026197
24177,0.15364583333333334
24178,0.8917748917748918
24179,0.15364583333333334
24180,0.15364583333333334
24181,0.15364583333333334
24182,0.014735980352026197
24183,0.014735980352026197
24184,0.5006002400960384
24185,0.8917748917748918
24186,0.014735980352026197
24187,0.014735980352026197
24188,0.014735980352026197
24189,0.15364583333333334
24190,0.15364583333333334
24191,0.014735980352026197
24192,0.8917748917748918
24193,0.014735980352026197
24194,0.014735980352026197
24195,0.014735980352026197
24196,0.014735980352026197
24197,0.5006002400960384
24198,0.014735980352026197
24199,0.8917748917748918
24200,0.15364583333333334
24201,0.014735980352026197
24202,0.15364583333333334
24203,0.07278481012658228
24204,0.014735980352026197
24205,0.15364583333333334
24206,0.15364583333333334
24207,0.37579617834394907
24208,0.014735980352026197
24209,0.15364583333333334
24210,0.014735980352026197
24211,0.15364583333333334
24212,0.014735980352026197
24213,0.15364583333333334
24214,0.014735980352026197
24215,0.15364583333333334
24216,0.15364583333333334
24217,0.014735980352026197
24218,0.014735980352026197
24219,0.5006002400960384
24220,0.014735980352026197
24221,0.5006002400960384
24222,0.15364583333333334
24223,0.15364583333333334
24224,0.15364583333333334
24225,0.15364583333333334
24226,0.15364583333333334
24227,0.014735980352026197
24228,0.014735980352026197
24229,0.10148514851485149
24230,0.5006002400960384
24231,0.014735980352026197
24232,0.014735980352026197
24233,0.014735980352026197
24234,0.014735980352026197
24235,0.15364583333333334
24236,0.6291739894551845
24237,0.15364583333333334
24238,0.15364583333333334
24239,0.15364583333333334
24240,0.014735980352026197
24241,0.10148514851485149
24242,0.014735980352026197
24243,0.15364583333333334
24244,0.07278481012658228
24245,0.014735980352026197
24246,0.15364583333333334
24247,0.15364583333333334
24248,0.07278481012658228
24249,0.014735980352026197
24250,0.014735980352026197
24251,0.014735980352026197
24252,0.014735980352026197
24253,0.15364583333333334
24254,0.8917748917748918
24255,0.014735980352026197
24256,0.014735980352026197
24257,0.014735980352026197
24258,0.15364583333333334
24259,0.07278481012658228
24260,0.15364583333333334
24261,0.10148514851485149
24262,0.15364583333333334
24263,0.5006002400960384
24264,0.014735980352026197
24265,0.014735980352026197
24266,0.014735980352026197
24267,0.07278481012658228
24268,0.014735980352026197
24269,0.15364583333333334
24270,0.8917748917748918
24271,0.014735980352026197
24272,0.014735980352026197
24273,0.014735980352026197
24274,0.15364583333333334
24275,0.5006002400960384
24276,0.10148514851485149
24277,0.15364583333333334
24278,0.07278481012658228
24279,0.014735980352026197
24280,0.10148514851485149
24281,0.014735980352026197
24282,0.15364583333333334
24283,0.15364583333333334
24284,0.014735980352026197
24285,0.014735980352026197
24286,0.5006002400960384
24287,0.6291739894551845
24288,0.5006002400960384
24289,0.014735980352026197
24290,0.15364583333333334
24291,0.014735980352026197
24292,0.014735980352026197
24293,0.014735980352026197
24294,0.15364583333333334
24295,0.07278481012658228
24296,0.014735980352026197
24297,0.014735980352026197
24298,0.5006002400960384
24299,0.15364583333333334
24300,0.014735980352026197
24301,0.5006002400960384
24302,0.014735980352026197
24303,0.014735980352026197
24304,0.014735980352026197
24305,0.014735980352026197
24306,0.014735980352026197
24307,0.8917748917748918
24308,0.6291739894551845
24309,0.15364583333333334
24310,0.014735980352026197
24311,0.15364583333333334
24312,0.014735980352026197
24313,0.014735980352026197
24314,0.014735980352026197
24315,0.014735980352026197
24316,0.014735980352026197
24317,0.5006002400960384
24318,0.5006002400960384
24319,0.6291739894551845
24320,0.014735980352026197
24321,0.15364583333333334
24322,0.15364583333333334
24323,0.15364583333333334
24324,0.014735980352026197
24325,0.8917748917748918
24326,0.8917748917748918
24327,0.15364583333333334
24328,0.014735980352026197
24329,0.014735980352026197
24330,0.5006002400960384
24331,0.014735980352026197
24332,0.014735980352026197
24333,0.014735980352026197
24334,0.15364583333333334
24335,0.15364583333333334
24336,0.8917748917748918
24337,0.15364583333333334
24338,0.5006002400960384
24339,0.5006002400960384
24340,0.014735980352026197
24341,0.15364583333333334
24342,0.07278481012658228
24343,0.014735980352026197
24344,0.014735980352026197
24345,0.15364583333333334
24346,0.014735980352026197
24347,0.15364583333333334
24348,0.014735980352026197
24349,0.8917748917748918
24350,0.07278481012658228
24351,0.014735980352026197
24352,0.37579617834394907
24353,0.014735980352026197
24354,0.15364583333333334
24355,0.15364583333333334
24356,0.014735980352026197
24357,0.014735980352026197
24358,0.014735980352026197
24359,0.15364583333333334
24360,0.014735980352026197
24361,0.15364583333333334
24362,0.014735980352026197
24363,0.8917748917748918
24364,0.15364583333333334
24365,0.014735980352026197
24366,0.014735980352026197
24367,0.15364583333333334
24368,0.5006002400960384
24369,0.014735980352026197
24370,0.014735980352026197
24371,0.15364583333333334
24372,0.014735980352026197
24373,0.8917748917748918
24374,0.15364583333333334
24375,0.8917748917748918
24376,0.15364583333333334
24377,0.014735980352026197
24378,0.014735980352026197
24379,0.5006002400960384
24380,0.8917748917748918
24381,0.15364583333333334
24382,0.014735980352026197
24383,0.15364583333333334
24384,0.6291739894551845
24385,0.014735980352026197
24386,0.15364583333333334
24387,0.6291739894551845
24388,0.014735980352026197
24389,0.014735980352026197
24390,0.15364583333333334
24391,0.5006002400960384
24392,0.15364583333333334
24393,0.15364583333333334
24394,0.15364583333333334
24395,0.014735980352026197
24396,0.8917748917748918
24397,0.014735980352026197
24398,0.014735980352026197
24399,0.014735980352026197
24400,0.07278481012658228
24401,0.014735980352026197
24402,0.014735980352026197
24403,0.6291739894551845
24404,0.014735980352026197
24405,0.07278481012658228
24406,0.014735980352026197
24407,0.6291739894551845
24408,0.5006002400960384
24409,0.07278481012658228
24410,0.6291739894551845
24411,0.014735980352026197
24412,0.15364583333333334
24413,0.014735980352026197
24414,0.014735980352026197
24415,0.014735980352026197
24416,0.014735980352026197
24417,0.014735980352026197
24418,0.8917748917748918
24419,0.07278481012658228
24420,0.014735980352026197
24421,0.014735980352026197
24422,0.5006002400960384
24423,0.014735980352026197
24424,0.014735980352026197
24425,0.10148514851485149
24426,0.6291739894551845
24427,0.014735980352026197
24428,0.15364583333333334
24429,0.5006002400960384
24430,0.10148514851485149
24431,0.07278481012658228
24432,0.014735980352026197
24433,0.014735980352026197
24434,0.014735980352026197
24435,0.15364583333333334
24436,0.15364583333333334
24437,0.5006002400960384
24438,0.014735980352026197
24439,0.014735980352026197
24440,0.014735980352026197
24441,0.014735980352026197
24442,0.15364583333333334
24443,0.6291739894551845
24444,0.15364583333333334
24445,0.8917748917748918
24446,0.15364583333333334
24447,0.5006002400960384
24448,0.014735980352026197
24449,0.15364583333333334
24450,0.014735980352026197
24451,0.10148514851485149
24452,0.8917748917748918
24453,0.15364583333333334
24454,0.014735980352026197
24455,0.014735980352026197
24456,0.15364583333333334
24457,0.15364583333333334
24458,0.014735980352026197
24459,0.15364583333333334
24460,0.014735980352026197
24461,0.014735980352026197
24462,0.6291739894551845
24463,0.014735980352026197
24464,0.5006002400960384
24465,0.5006002400960384
24466,0.8917748917748918
24467,0.15364583333333334
24468,0.014735980352026197
24469,0.014735980352026197
24470,0.014735980352026197
24471,0.5006002400960384
24472,0.37579617834394907
24473,0.6291739894551845
24474,0.15364583333333334
24475,0.014735980352026197
24476,0.014735980352026197
24477,0.10148514851485149
24478,0.15364583333333334
24479,0.014735980352026197
24480,0.014735980352026197
24481,0.014735980352026197
24482,0.6291739894551845
24483,0.07278481012658228
24484,0.014735980352026197
24485,0.014735980352026197
24486,0.014735980352026197
24487,0.15364583333333334
24488,0.15364583333333334
24489,0.07278481012658228
24490,0.014735980352026197
24491,0.5006002400960384
24492,0.15364583333333334
24493,0.014735980352026197
24494,0.15364583333333334
24495,0.014735980352026197
24496,0.014735980352026197
24497,0.07278481012658228
24498,0.15364583333333334
24499,0.014735980352026197
24500,0.014735980352026197
24501,0.15364583333333334
24502,0.014735980352026197
24503,0.014735980352026197
24504,0.014735980352026197
24505,0.014735980352026197
24506,0.014735980352026197
24507,0.014735980352026197
24508,0.014735980352026197
24509,0.37579617834394907
24510,0.5006002400960384
24511,0.5006002400960384
24512,0.5006002400960384
24513,0.014735980352026197
24514,0.6291739894551845
24515,0.15364583333333334
24516,0.07278481012658228
24517,0.014735980352026197
24518,0.8917748917748918
24519,0.8917748917748918
24520,0.014735980352026197
24521,0.15364583333333334
24522,0.014735980352026197
24523,0.6291739894551845
24524,0.014735980352026197
24525,0.15364583333333334
24526,0.014735980352026197
24527,0.014735980352026197
24528,0.15364583333333334
24529,0.014735980352026197
24530,0.014735980352026197
24531,0.014735980352026197
24532,0.8917748917748918
24533,0.5006002400960384
24534,0.5006002400960384
24535,0.15364583333333334
24536,0.5006002400960384
24537,0.15364583333333334
24538,0.37579617834394907
24539,0.37579617834394907
24540,0.8917748917748918
24541,0.07278481012658228
24542,0.15364583333333334
24543,0.014735980352026197
24544,0.37579617834394907
24545,0.014735980352026197
24546,0.15364583333333334
24547,0.07278481012658228
24548,0.8917748917748918
24549,0.15364583333333334
24550,0.014735980352026197
24551,0.014735980352026197
24552,0.014735980352026197
24553,0.014735980352026197
24554,0.014735980352026197
24555,0.014735980352026197
24556,0.014735980352026197
24557,0.07278481012658228
24558,0.8917748917748918
24559,0.15364583333333334
24560,0.8917748917748918
24561,0.15364583333333334
24562,0.8917748917748918
24563,0.014735980352026197
24564,0.014735980352026197
24565,0.07278481012658228
24566,0.07278481012658228
24567,0.014735980352026197
24568,0.6291739894551845
24569,0.014735980352026197
24570,0.37579617834394907
24571,0.014735980352026197
24572,0.15364583333333334
24573,0.014735980352026197
24574,0.014735980352026197
24575,0.07278481012658228
24576,0.8917748917748918
24577,0.014735980352026197
24578,0.014735980352026197
24579,0.8917748917748918
24580,0.014735980352026197
24581,0.8917748917748918
24582,0.5006002400960384
24583,0.8917748917748918
24584,0.8917748917748918
24585,0.014735980352026197
24586,0.014735980352026197
24587,0.5006002400960384
24588,0.07278481012658228
24589,0.15364583333333334
24590,0.15364583333333334
24591,0.014735980352026197
24592,0.5006002400960384
24593,0.10148514851485149
24594,0.6291739894551845
24595,0.014735980352026197
24596,0.8917748917748918
24597,0.014735980352026197
24598,0.014735980352026197
24599,0.014735980352026197
24600,0.37579617834394907
24601,0.07278481012658228
24602,0.014735980352026197
24603,0.014735980352026197
24604,0.014735980352026197
24605,0.014735980352026197
24606,0.8917748917748918
24607,0.014735980352026197
24608,0.07278481012658228
24609,0.15364583333333334
24610,0.014735980352026197
24611,0.014735980352026197
24612,0.6291739894551845
24613,0.15364583333333334
24614,0.014735980352026197
24615,0.15364583333333334
24616,0.8917748917748918
24617,0.15364583333333334
24618,0.8917748917748918
24619,0.15364583333333334
24620,0.37579617834394907
24621,0.6291739894551845
24622,0.014735980352026197
24623,0.15364583333333334
24624,0.014735980352026197
24625,0.15364583333333334
24626,0.15364583333333334
24627,0.014735980352026197
24628,0.15364583333333334
24629,0.15364583333333334
24630,0.07278481012658228
24631,0.014735980352026197
24632,0.014735980352026197
24633,0.014735980352026197
24634,0.5006002400960384
24635,0.15364583333333334
24636,0.15364583333333334
24637,0.37579617834394907
24638,0.014735980352026197
24639,0.15364583333333334
24640,0.014735980352026197
24641,0.8917748917748918
24642,0.15364583333333334
24643,0.014735980352026197
24644,0.15364583333333334
24645,0.5006002400960384
24646,0.5006002400960384
24647,0.15364583333333334
24648,0.6291739894551845
24649,0.014735980352026197
24650,0.014735980352026197
24651,0.15364583333333334
24652,0.37579617834394907
24653,0.15364583333333334
24654,0.8917748917748918
24655,0.07278481012658228
24656,0.014735980352026197
24657,0.8917748917748918
24658,0.5006002400960384
24659,0.014735980352026197
24660,0.014735980352026197
24661,0.37579617834394907
24662,0.6291739894551845
24663,0.014735980352026197
24664,0.15364583333333334
24665,0.07278481012658228
24666,0.014735980352026197
24667,0.15364583333333334
24668,0.6291739894551845
24669,0.5006002400960384
24670,0.5006002400960384
24671,0.8917748917748918
24672,0.15364583333333334
24673,0.014735980352026197
24674,0.10148514851485149
24675,0.014735980352026197
24676,0.014735980352026197
24677,0.8917748917748918
24678,0.8917748917748918
24679,0.10148514851485149
24680,0.8917748917748918
24681,0.014735980352026197
24682,0.014735980352026197
24683,0.014735980352026197
24684,0.8917748917748918
24685,0.014735980352026197
24686,0.10148514851485149
24687,0.15364583333333334
24688,0.6291739894551845
24689,0.6291739894551845
24690,0.014735980352026197
24691,0.014735980352026197
24692,0.8917748917748918
24693,0.5006002400960384
24694,0.014735980352026197
24695,0.15364583333333334
24696,0.5006002400960384
24697,0.014735980352026197
24698,0.014735980352026197
24699,0.8917748917748918
24700,0.15364583333333334
24701,0.014735980352026197
24702,0.15364583333333334
24703,0.014735980352026197
24704,0.014735980352026197
24705,0.15364583333333334
24706,0.15364583333333334
24707,0.6291739894551845
24708,0.014735980352026197
24709,0.15364583333333334
24710,0.014735980352026197
24711,0.014735980352026197
24712,0.37579617834394907
24713,0.15364583333333334
24714,0.15364583333333334
24715,0.014735980352026197
24716,0.6291739894551845
24717,0.014735980352026197
24718,0.014735980352026197
24719,0.15364583333333334
24720,0.15364583333333334
24721,0.15364583333333334
24722,0.014735980352026197
24723,0.014735980352026197
24724,0.15364583333333334
24725,0.6291739894551845
24726,0.15364583333333334
24727,0.014735980352026197
24728,0.6291739894551845
24729,0.014735980352026197
24730,0.014735980352026197
24731,0.15364583333333334
24732,0.15364583333333334
24733,0.15364583333333334
24734,0.37579617834394907
24735,0.014735980352026197
24736,0.15364583333333334
24737,0.014735980352026197
24738,0.15364583333333334
24739,0.014735980352026197
24740,0.15364583333333334
24741,0.07278481012658228
24742,0.6291739894551845
24743,0.014735980352026197
24744,0.15364583333333334
24745,0.15364583333333334
24746,0.07278481012658228
24747,0.10148514851485149
24748,0.5006002400960384
24749,0.014735980352026197
24750,0.15364583333333334
24751,0.15364583333333334
24752,0.014735980352026197
24753,0.014735980352026197
24754,0.014735980352026197
24755,0.014735980352026197
24756,0.014735980352026197
24757,0.37579617834394907
24758,0.014735980352026197
24759,0.014735980352026197
24760,0.014735980352026197
24761,0.014735980352026197
24762,0.15364583333333334
24763,0.10148514851485149
24764,0.014735980352026197
24765,0.014735980352026197
24766,0.014735980352026197
24767,0.15364583333333334
24768,0.07278481012658228
24769,0.014735980352026197
24770,0.014735980352026197
24771,0.014735980352026197
24772,0.15364583333333334
24773,0.15364583333333334
24774,0.15364583333333334
24775,0.014735980352026197
24776,0.15364583333333334
24777,0.07278481012658228
24778,0.5006002400960384
24779,0.014735980352026197
24780,0.014735980352026197
24781,0.014735980352026197
24782,0.8917748917748918
24783,0.15364583333333334
24784,0.15364583333333334
24785,0.37579617834394907
24786,0.15364583333333334
24787,0.014735980352026197
24788,0.6291739894551845
24789,0.07278481012658228
24790,0.014735980352026197
24791,0.15364583333333334
24792,0.014735980352026197
24793,0.37579617834394907
24794,0.014735980352026197
24795,0.014735980352026197
24796,0.8917748917748918
24797,0.014735980352026197
24798,0.014735980352026197
24799,0.014735980352026197
24800,0.07278481012658228
24801,0.014735980352026197
24802,0.5006002400960384
24803,0.014735980352026197
24804,0.014735980352026197
24805,0.15364583333333334
24806,0.014735980352026197
24807,0.07278481012658228
24808,0.014735980352026197
24809,0.15364583333333334
24810,0.014735980352026197
24811,0.014735980352026197
24812,0.014735980352026197
24813,0.15364583333333334
24814,0.15364583333333334
24815,0.014735980352026197
24816,0.014735980352026197
24817,0.014735980352026197
24818,0.07278481012658228
24819,0.6291739894551845
24820,0.8917748917748918
24821,0.014735980352026197
24822,0.10148514851485149
24823,0.15364583333333334
24824,0.15364583333333334
24825,0.014735980352026197
24826,0.5006002400960384
24827,0.014735980352026197
24828,0.07278481012658228
24829,0.014735980352026197
24830,0.15364583333333334
24831,0.014735980352026197
24832,0.014735980352026197
24833,0.15364583333333334
24834,0.15364583333333334
24835,0.10148514851485149
24836,0.15364583333333334
24837,0.014735980352026197
24838,0.6291739894551845
24839,0.15364583333333334
24840,0.8917748917748918
24841,0.8917748917748918
24842,0.014735980352026197
24843,0.15364583333333334
24844,0.014735980352026197
24845,0.014735980352026197
24846,0.014735980352026197
24847,0.6291739894551845
24848,0.014735980352026197
24849,0.014735980352026197
24850,0.014735980352026197
24851,0.5006002400960384
24852,0.15364583333333334
24853,0.014735980352026197
24854,0.014735980352026197
24855,0.8917748917748918
24856,0.014735980352026197
24857,0.014735980352026197
24858,0.15364583333333334
24859,0.15364583333333334
24860,0.15364583333333334
24861,0.5006002400960384
24862,0.014735980352026197
24863,0.5006002400960384
24864,0.014735980352026197
24865,0.15364583333333334
24866,0.8917748917748918
24867,0.6291739894551845
24868,0.15364583333333334
24869,0.10148514851485149
24870,0.6291739894551845
24871,0.15364583333333334
24872,0.014735980352026197
24873,0.014735980352026197
24874,0.15364583333333334
24875,0.10148514851485149
24876,0.15364583333333334
24877,0.37579617834394907
24878,0.014735980352026197
24879,0.15364583333333334
24880,0.10148514851485149
24881,0.07278481012658228
24882,0.07278481012658228
24883,0.5006002400960384
24884,0.15364583333333334
24885,0.15364583333333334
24886,0.15364583333333334
24887,0.014735980352026197
24888,0.014735980352026197
24889,0.6291739894551845
24890,0.014735980352026197
24891,0.07278481012658228
24892,0.014735980352026197
24893,0.15364583333333334
24894,0.15364583333333334
24895,0.8917748917748918
24896,0.8917748917748918
24897,0.014735980352026197
24898,0.8917748917748918
24899,0.014735980352026197
24900,0.014735980352026197
24901,0.15364583333333334
24902,0.6291739894551845
24903,0.014735980352026197
24904,0.15364583333333334
24905,0.6291739894551845
24906,0.15364583333333334
24907,0.6291739894551845
24908,0.6291739894551845
24909,0.014735980352026197
24910,0.014735980352026197
24911,0.014735980352026197
24912,0.15364583333333334
24913,0.014735980352026197
24914,0.014735980352026197
24915,0.10148514851485149
24916,0.6291739894551845
24917,0.014735980352026197
24918,0.6291739894551845
24919,0.014735980352026197
24920,0.15364583333333334
24921,0.6291739894551845
24922,0.014735980352026197
24923,0.15364583333333334
24924,0.014735980352026197
24925,0.014735980352026197
24926,0.014735980352026197
24927,0.5006002400960384
24928,0.10148514851485149
24929,0.15364583333333334
24930,0.5006002400960384
24931,0.8917748917748918
24932,0.014735980352026197
24933,0.014735980352026197
24934,0.014735980352026197
24935,0.014735980352026197
24936,0.15364583333333334
24937,0.8917748917748918
24938,0.8917748917748918
24939,0.15364583333333334
24940,0.014735980352026197
24941,0.014735980352026197
24942,0.014735980352026197
24943,0.014735980352026197
24944,0.014735980352026197
24945,0.014735980352026197
24946,0.014735980352026197
24947,0.15364583333333334
24948,0.014735980352026197
24949,0.014735980352026197
24950,0.10148514851485149
24951,0.014735980352026197
24952,0.15364583333333334
24953,0.014735980352026197
24954,0.15364583333333334
24955,0.10148514851485149
24956,0.15364583333333334
24957,0.014735980352026197
24958,0.014735980352026197
24959,0.15364583333333334
24960,0.15364583333333334
24961,0.15364583333333334
24962,0.014735980352026197
24963,0.014735980352026197
24964,0.014735980352026197
24965,0.014735980352026197
24966,0.5006002400960384
24967,0.014735980352026197
24968,0.15364583333333334
24969,0.5006002400960384
24970,0.5006002400960384
24971,0.07278481012658228
24972,0.014735980352026197
24973,0.014735980352026197
24974,0.014735980352026197
24975,0.5006002400960384
24976,0.15364583333333334
24977,0.014735980352026197
24978,0.014735980352026197
24979,0.15364583333333334
24980,0.014735980352026197
24981,0.5006002400960384
24982,0.014735980352026197
24983,0.014735980352026197
24984,0.014735980352026197
24985,0.8917748917748918
24986,0.8917748917748918
24987,0.15364583333333334
24988,0.014735980352026197
24989,0.5006002400960384
24990,0.8917748917748918
24991,0.15364583333333334
24992,0.014735980352026197
24993,0.10148514851485149
24994,0.8917748917748918
24995,0.014735980352026197
24996,0.014735980352026197
24997,0.014735980352026197
24998,0.15364583333333334
24999,0.15364583333333334
