id,Exited
15000,0.079817089141844
15001,0.027843392400972163
15002,0.019556845706324738
15003,0.8275488076441306
15004,0.02019986205144302
15005,0.6099622441229089
15006,0.004687508134065243
15007,0.030350583328209804
15008,0.009994461912613658
15009,0.011136395963662393
15010,0.019985635660846556
15011,0.9780072304005406
15012,0.024406518497633003
15013,0.11959556798978849
15014,0.03714677989835784
15015,0.007908212735433538
15016,0.01854540222438269
15017,0.005854411442728063
15018,0.5484201417962603
15019,0.01229429734507516
15020,0.004512579165538739
15021,0.0034327769041717633
15022,0.9928776394821609
15023,0.08355946684350658
15024,0.005641632158713049
15025,0.8884409603397703
15026,0.5772845774638029
15027,0.0694206000189923
15028,0.12367697607231311
15029,0.6511491662386137
15030,0.7609446190974414
15031,0.5236496555673206
15032,0.0656616591506789
15033,0.22298090008312862
15034,0.9349782607300209
15035,0.0362611204786585
15036,0.04444046254658503
15037,0.6730649789937261
15038,0.019924253533112408
15039,0.009687722172661822
15040,0.13990860113633524
15041,0.0005582896678690668
15042,0.003615342119395897
15043,0.01643696843008739
15044,0.0012388193854525283
15045,0.0497733462514589
15046,0.11058406914904811
15047,0.8594391269522342
15048,0.008772082897560237
15049,0.6075910981298716
15050,0.01651723867134424
15051,0.03608377738345915
15052,0.011638536394904296
15053,0.2179146754446593
15054,0.024984100472491493
15055,0.004514899407491363
15056,0.008011648935182247
15057,0.9644115436437277
15058,0.8262795810998206
15059,0.06396013133590324
15060,0.003890741927371001
15061,0.003404093084386191
15062,0.629160662021039
15063,0.8831912087615212
15064,0.01508097926607477
15065,0.00462610544653204
15066,0.03641358790176063
15067,0.9323514740399251
15068,0.9562907108280683
15069,0.01784321647405421
15070,0.9103177646406325
15071,0.0187811798259521
15072,0.9285236732942309
15073,0.828932969256394
15074,0.00440845644327777
15075,0.01072265752414749
15076,0.0021108896482198826
15077,0.03145734569591804
15078,0.0010156139291464888
15079,0.6397455750978012
15080,0.7866522013413852
15081,0.3273371298304897
15082,0.02558476929829802
15083,0.18976323362256958
15084,0.00700056476430858
15085,0.017429804568795546
15086,0.8461039904644029
15087,0.001233933806275574
15088,0.00517716282209362
15089,0.07593421860606844
15090,0.008682005842556932
15091,0.008515836419743347
15092,0.00382116943857428
15093,0.054517616391308844
15094,0.010798476970527398
15095,0.020779181538770054
15096,0.13020692062563594
15097,0.003892549867039649
15098,0.10708679555677093
15099,0.33332679601601406
15100,0.0031847237430934427
15101,0.8544953448081337
15102,0.7302046631109822
15103,0.455868554042861
15104,0.1883528757279673
15105,0.027588955744183796
15106,0.0930369951262877
15107,0.9860608679416121
15108,0.013292623310486478
15109,0.0009005958392764861
15110,0.12415566712288288
15111,0.023796377939814078
15112,0.43156161290689304
15113,0.019615974362536953
15114,0.01492652476416485
15115,0.014223135910784416
15116,0.0017252715811165525
15117,0.9715049636640777
15118,0.024114720707315195
15119,0.0091091091196243
15120,0.01219689162344315
15121,0.15594960300657743
15122,0.00393655038903032
15123,0.02332077248615412
15124,0.2179643315549535
15125,0.005649594539668223
15126,0.9582889872261596
15127,0.0011445860768988458
15128,0.03207879410022942
15129,0.0893499970213234
15130,0.0008975967464422553
15131,0.9369540367239777
15132,0.15673458545018681
15133,0.020705278185084094
15134,0.004414789448855659
15135,0.8714966753208837
15136,0.18668129499657424
15137,0.03395322518307456
15138,0.05489700962387778
15139,0.008251156119284333
15140,0.007673013865958226
15141,0.90227902701881
15142,0.008508672120863436
15143,0.9129908539820693
15144,0.1718706028614843
15145,0.009990783615617154
15146,0.04448698452866825
15147,0.5011457323533489
15148,0.020451079511772524
15149,0.9099534556407683
15150,0.036108143622370366
15151,0.28965221067186103
15152,0.989503134892313
15153,0.14065090882490872
15154,0.9122157751142604
15155,0.4219846523301073
15156,0.004072976295552984
15157,0.4234658927210926
15158,0.11203567005503694
15159,0.7535688879393271
15160,0.22336363454913266
15161,0.0016431301543504315
15162,0.002951651807826855
15163,0.004190311330870291
15164,0.002842145005564986
15165,0.04755495489544536
15166,0.9842978952634933
15167,0.1036421924687828
15168,0.05383683297159545
15169,0.030678425368093634
15170,0.2225912999226904
15171,0.011293798534278712
15172,0.02778417906732391
15173,0.9678557346054537
15174,0.5359775632832113
15175,0.06407352508458665
15176,0.0025817619773872646
15177,0.30511404625032584
15178,0.09954232856900434
15179,0.01500094558595226
15180,0.30945184122113106
15181,0.9936251923197631
15182,0.30926573377393063
15183,0.4965073860706984
15184,0.012463476518022843
15185,0.29984528601389665
15186,0.061266878773600694
15187,0.0035567445465023995
15188,0.053898624819475834
15189,0.01662891240533202
15190,0.14608207652997196
15191,0.002278578923110229
15192,0.14962874414940544
15193,0.04313042683149551
15194,0.6186408376803809
15195,0.09188335960792124
15196,0.31706337901545656
15197,0.0011356970025805668
15198,0.17500018333437042
15199,0.007384458453146484
15200,0.6694176223638247
15201,0.004857670105160297
15202,0.0007702202645225988
15203,0.003584423312170472
15204,0.0015215106556196586
15205,0.180637746019448
15206,0.06168092402038556
15207,0.07835103424714743
15208,0.028631308234714395
15209,0.05684312893242087
15210,0.009284777360466977
15211,0.06442432208816203
15212,0.9303091026266915
15213,0.007110069219926652
15214,0.008562209805628477
15215,0.026057374486375923
15216,0.9585368565255823
15217,0.024951612820539214
15218,0.028454160764080336
15219,0.005250689377453553
15220,0.041824904295609235
15221,0.03147205377029697
15222,0.15027995398776064
15223,0.017768719109474234
15224,0.005937750603105534
15225,0.3147732740960876
15226,0.5848138277338624
15227,0.008823912271612862
15228,0.4881828596190279
15229,0.19417360150256843
15230,0.9579812844005436
15231,0.42416018275046247
15232,0.022811748980636315
15233,0.01559338790929421
15234,0.9904063831054883
15235,0.004789044803378485
15236,0.07099523461245523
15237,0.010630977201220294
15238,0.0037823332391302054
15239,0.011321462273179999
15240,0.23398453920074833
15241,0.02248172880076712
15242,0.150742455125925
15243,0.6278591582022742
15244,0.014152882993956176
15245,0.8774093040280553
15246,0.12184575192888356
15247,0.035465240846997675
15248,0.16644908259491875
15249,0.030095102044698598
15250,0.01308017372305462
15251,0.0068175859086202955
15252,0.1129855288149472
15253,0.1551642361318619
15254,0.0054276442956562275
15255,0.0065573495719840925
15256,0.006145336320297924
15257,0.1248458902299937
15258,0.9295509724271693
15259,0.03317623775064694
15260,0.01516895074951547
15261,0.9966971329803511
15262,0.00733215297518699
15263,0.7900919926242403
15264,0.22348606509190483
15265,0.4443487808110775
15266,0.0809588225100631
15267,0.046413089964673575
15268,0.005566960248272884
15269,0.005681541250113793
15270,0.09936817009047512
15271,0.008183225704473213
15272,0.04258356902584824
15273,0.051696946989672275
15274,0.9860468865489533
15275,0.9480546478876628
15276,0.1053318645990932
15277,0.007108370532562574
15278,0.004752529591604864
15279,0.017557204097745367
15280,0.9758500719439462
15281,0.004891618852105189
15282,0.213910158378623
15283,0.411032258642917
15284,0.004762371695466109
15285,0.9298713197289327
15286,0.00036041867909067247
15287,0.006132870436999768
15288,0.00798519527672536
15289,0.01651184400278158
15290,0.0013237622654136377
15291,0.002916156947208904
15292,0.19837456017074406
15293,0.9848914888248802
15294,0.024555512825604225
15295,0.08113815740713681
15296,0.04569949329306199
15297,0.015456072227651595
15298,0.002787878569561963
15299,0.004686921738267451
15300,0.011365286659997592
15301,0.1445464059696307
15302,0.21284564329293235
15303,0.002121964851211664
15304,0.017210423127349654
15305,0.13317015524355783
15306,0.04233763863569793
15307,0.29381906625386156
15308,0.0008349820772047126
15309,0.9909689565814618
15310,0.503030095397739
15311,0.08571830606866943
15312,0.003713031742165126
15313,0.036475944599684444
15314,0.0025782591980903456
15315,0.0016119785965822008
15316,0.10528151695949782
15317,0.006798032016756201
15318,0.6101069808169436
15319,0.0011585703579103065
15320,0.027595607464543124
15321,0.003666028543287774
15322,0.056733620085343155
15323,0.008293110727208874
15324,0.9052957626393459
15325,0.0015283616064809722
15326,0.007978820423812582
15327,0.4991891757312335
15328,0.05056675187818737
15329,0.0025713638987719676
15330,0.035837233754837
15331,0.02117814179815405
15332,0.01148628929658594
15333,0.019917446359437405
15334,0.06559201211458666
15335,0.004508618258687827
15336,0.15289628058594487
15337,0.01925640706767654
15338,0.22110951454623728
15339,0.013316536592797013
15340,0.005326966909704456
15341,0.0009166494423294644
15342,0.9751229758792723
15343,0.03648785238625641
15344,0.013253205564103473
15345,0.3172663612957542
15346,0.8598152250603531
15347,0.05102238433158325
15348,0.054806868611735914
15349,0.01836689530364625
15350,0.020331922854775652
15351,0.014359555204698862
15352,0.025639141719044512
15353,0.7776976704014613
15354,0.008783501377161352
15355,0.09468994359571817
15356,0.8435430298711294
15357,0.003627971600915507
15358,0.013096736363166635
15359,0.0006285057206762265
15360,0.00570060758464504
15361,0.0031354205988301897
15362,0.016674614381707677
15363,0.009157411343441462
15364,0.03624858491031006
15365,0.6153035004049645
15366,0.17633557848728815
15367,0.8615366060124242
15368,0.03404577794540604
15369,0.055837536823874975
15370,0.634847633215621
15371,0.005592133981503062
15372,0.012723135993340096
15373,0.12397231460986914
15374,0.2621204580006216
15375,0.05988954332669815
15376,0.26799483857455053
15377,0.7840764596732489
15378,0.04370788891728448
15379,0.7331138800706944
15380,0.6623571620306165
15381,0.029423390085596062
15382,0.003259138771719348
15383,0.004514943789991352
15384,0.594850793173965
15385,0.45385974583100275
15386,0.08532670010093976
15387,0.024975070142989296
15388,0.010038659835771608
15389,0.040742453339515206
15390,0.38408063236369155
15391,0.0853644541005506
15392,0.0028554208987793027
15393,0.028928374251922972
15394,0.0037886441461799474
15395,0.0052637319858405505
15396,0.04339801431923206
15397,0.00597326325929278
15398,0.011491152723078636
15399,0.004835779022479447
15400,0.27795243373104783
15401,0.037353332451477726
15402,0.002868728928732467
15403,0.021239012757479022
15404,0.01553144325800683
15405,0.022920929147253136
15406,0.3051371555409832
15407,0.021113006540975202
15408,0.07995010784376606
15409,0.740821254805894
15410,0.26360980703368514
15411,0.005239223931564263
15412,0.024150988894348118
15413,0.885002102986411
15414,0.9804118946012648
15415,0.005294211796937817
15416,0.007772338583341616
15417,0.29798538232206195
15418,0.034329512503242704
15419,0.1475158069803639
15420,0.05600261467880202
15421,0.07308676655073994
15422,0.10434532090372826
15423,0.09230624785378475
15424,0.013166923680441395
15425,0.9651627775103062
15426,0.6822806436100171
15427,0.04135330885656763
15428,0.05557578911869956
15429,0.09455603399642198
15430,0.0012762525377344328
15431,0.004596612394985661
15432,0.020714130587271173
15433,0.002807358377597479
15434,0.003466278400688307
15435,0.002534629637881079
15436,0.01577498307405897
15437,0.00767819594897311
15438,0.021039089101971883
15439,0.024611916013338564
15440,0.021941586853570366
15441,0.9821231008231953
15442,0.7001173214533915
15443,0.8712441609393399
15444,0.0042704020052988225
15445,0.010873174727827428
15446,0.06475694874916559
15447,0.0080059660348521
15448,0.9309647855642291
15449,0.07774784418067061
15450,0.009084475951362608
15451,0.023989216970908278
15452,0.3443755467694683
15453,0.039520987311373115
15454,0.13746044316067502
15455,0.9093832216632226
15456,0.024668727444793682
15457,0.002033173740559626
15458,0.021392008397875608
15459,0.5709543744307297
15460,0.3430782901366594
15461,0.06854798818168717
15462,0.03512411943801446
15463,0.003184132518693366
15464,0.949498719273754
15465,0.15898669481960986
15466,0.005723022811051179
15467,0.9380015258802448
15468,0.002061315629365591
15469,0.03659431625712778
15470,0.001302929523575003
15471,0.02343142816166465
15472,0.06549229013779884
15473,0.03968483766941856
15474,0.15679884358781512
15475,0.31336692532052585
15476,0.23870101519745246
15477,0.023961292609960293
15478,0.006879092374726109
15479,0.034668323445399676
15480,0.896630847129662
15481,0.9762108074732748
15482,0.06029141205918259
15483,0.9925298944378262
15484,0.015357639563002746
15485,0.568909842186707
15486,0.015528760560479438
15487,0.9587117216719472
15488,0.007511135337047975
15489,0.20859379033849726
15490,0.9585958943601313
15491,0.4342421920049232
15492,0.9852561796041921
15493,0.10038715042312982
15494,0.056976765576027974
15495,0.4879007171177033
15496,0.025721671837033118
15497,0.0034644116053506833
15498,0.9672554678970816
15499,0.5770464929983885
15500,0.005233197549217661
15501,0.0015481946162895007
15502,0.021397573349143995
15503,0.9530540817426518
15504,0.015838691211153267
15505,0.01549378911126132
15506,0.0442834970114894
15507,0.004357236150205211
15508,0.07704097343617695
15509,0.00853807591231366
15510,0.12244960078153765
15511,0.03683856574530051
15512,0.005846868703236173
15513,0.007007274986833812
15514,0.05379911538935462
15515,0.0024090836957361026
15516,0.06598697642129547
15517,0.07317023336099457
15518,0.00936336571920687
15519,0.029705926069954654
15520,0.2568896049122752
15521,0.09323014638057932
15522,0.07460042445797456
15523,0.005802946382860697
15524,0.02635493031236714
15525,0.0033278264058716938
15526,0.012043276890711205
15527,0.016435430529273286
15528,0.001118874810465178
15529,0.029315863736670625
15530,0.003362278231044871
15531,0.04871046632836146
15532,0.010379058744289025
15533,0.11849635617242903
15534,0.007334230746880161
15535,0.013652640791315772
15536,0.2257908021692526
15537,0.00893159055345686
15538,0.021221265131172052
15539,0.010017713100455315
15540,0.049398979650420866
15541,0.03131123393490463
15542,0.0067281364410146476
15543,0.007747075054290266
15544,0.007937041538566251
15545,0.03434363665320507
15546,0.717569355917946
15547,0.053966198407759826
15548,0.007494427392913483
15549,0.7644765477405931
15550,0.002995455441161839
15551,0.004111203178055137
15552,0.006952356929533842
15553,0.0186863908764798
15554,0.8834998080082758
15555,0.010716443360382112
15556,0.004745508718330116
15557,0.01055088666938935
15558,0.03183713044386275
15559,0.08742384121587643
15560,0.01314609708235835
15561,0.013751154253818012
15562,0.005803436319607716
15563,0.010602382867141014
15564,0.02904024199862135
15565,0.06824175657791794
15566,0.009258955643738995
15567,0.008157366430930355
15568,0.0043129794143609
15569,0.006060756819611669
15570,0.10346233699476833
15571,0.23885291458824973
15572,0.9908817975345195
15573,0.013327776157965349
15574,0.004709911140126853
15575,0.017609577242314753
15576,0.03264983636851149
15577,0.777004510084886
15578,0.6888381572727945
15579,0.2600512145897266
15580,0.0026254010406723148
15581,0.09405589248860594
15582,0.012109953703993684
15583,0.006126727965019005
15584,0.0176072261765793
15585,0.6293548309241204
15586,0.005503675785766221
15587,0.0011598769645360324
15588,0.046848276607337744
15589,0.0027028192004037274
15590,0.02129542611870005
15591,0.027484487520605047
15592,0.037464560900834165
15593,0.9676567174527542
15594,0.9309274123797541
15595,0.0070639557171436945
15596,0.6804121691359178
15597,0.8856346637157954
15598,0.1658496184134197
15599,0.025058994866124715
15600,0.6675300358389376
15601,0.41969283555884923
15602,0.023117352678452507
15603,0.002908790909773179
15604,0.06139655766585499
15605,0.017413014034307138
15606,0.008629391955785678
15607,0.015362192002778502
15608,0.005903600400824276
15609,0.01626454676598558
15610,0.8983143403606635
15611,0.0012531826718363837
15612,0.36300458973464866
15613,0.3948460711785334
15614,0.13875206868974616
15615,0.46169947257262467
15616,0.004790041408779223
15617,0.9548105381601424
15618,0.4112900567255412
15619,0.0036514627998163276
15620,0.09440019417555409
15621,0.013506391600835993
15622,0.02853204408106085
15623,0.04416494977414005
15624,0.014227754479881909
15625,0.9847569102475238
15626,0.006538484602617711
15627,0.1620996754965268
15628,0.004116936509656647
15629,0.011118603582733316
15630,0.05894598144589946
15631,0.20504373573732243
15632,0.0016206409314186577
15633,0.0028043156811035697
15634,0.021408410799232593
15635,0.6803734038168237
15636,0.00738008901531013
15637,0.10728998325156915
15638,0.014901498935942645
15639,0.47149757981459695
15640,0.4258769052769784
15641,0.16379004357885452
15642,0.1834191243535448
15643,0.010073478156784632
15644,0.25545718367794834
15645,0.01605534425795467
15646,0.1372224913603422
15647,0.014395323853487635
15648,0.21731281966758345
15649,0.013260506302807519
15650,0.0028411530479467433
15651,0.01213525579291308
15652,0.0050866533630366416
15653,0.45189935745335064
15654,0.12204277216290285
15655,0.9324341291128091
15656,0.4940463493311298
15657,0.956378887510971
15658,0.006135922041246468
15659,0.02703144585346586
15660,0.031724890100240745
15661,0.10791098246249757
15662,0.18418718999976222
15663,0.012689025084365552
15664,0.12121365502105122
15665,0.08889621548423099
15666,0.002810180232490579
15667,0.026132929404277704
15668,0.0009911227659414694
15669,0.04716735384938594
15670,0.5572649972477932
15671,0.013933898646837114
15672,0.003481570711668866
15673,0.10201805464639994
15674,0.2740177864831846
15675,0.8230783066347207
15676,0.001952141505800977
15677,0.8095757288094878
15678,0.08662984006638194
15679,0.002834300680806506
15680,0.14626255018080053
15681,0.003277812621836272
15682,0.0067437509428431176
15683,0.03273673978263417
15684,0.008029547373941612
15685,0.008288788082092696
15686,0.7800054560050336
15687,0.0021369452717978628
15688,0.6059655379585775
15689,0.4175414726473338
15690,0.09363341132611558
15691,0.009268679580074489
15692,0.03515572907327436
15693,0.09231157927151368
15694,0.0015779153714202251
15695,0.02743549837437415
15696,0.01844808280878219
15697,0.007432999234342142
15698,0.06437441172873157
15699,0.00467652036119456
15700,0.0034773510852253793
15701,0.10387592939008264
15702,0.022096441325203314
15703,0.24949414850637233
15704,0.001450818912732248
15705,0.9795663717629101
15706,0.13245124604308264
15707,0.026759777413392888
15708,0.6312965722397419
15709,0.003781233291678909
15710,0.5440790438128297
15711,0.059438988076165995
15712,0.010527492071591468
15713,0.010496233572106127
15714,0.0015675642465110098
15715,0.9180881126980265
15716,0.10565207281606646
15717,0.017226013291137827
15718,0.011014278547290694
15719,0.8419181419595113
15720,0.6652392828081614
15721,0.05578424703420207
15722,0.00347946160281295
15723,0.005870289191125717
15724,0.09136364748293202
15725,0.019988479105825702
15726,0.009775866872849889
15727,0.02430959436835156
15728,0.0012038743829346906
15729,0.9306041907755455
15730,0.11658247315092082
15731,0.00404627715784618
15732,0.9750587708021256
15733,0.24734557018862469
15734,0.03919014210314956
15735,0.5567571062511102
15736,0.021637095637071255
15737,0.49687284060351705
15738,0.0025164450681624015
15739,0.0037687828867729394
15740,0.04688188673989304
15741,0.019764387148788202
15742,0.8825797719603736
15743,0.6426031051750687
15744,0.01105050730446658
15745,0.0036937063029598245
15746,0.004298326364958728
15747,0.26805117049723526
15748,0.23690807677088146
15749,0.004972425025832578
15750,0.030933847261292287
15751,0.0011986822813907021
15752,0.41223274439541757
15753,0.04718551130396441
15754,0.00783493170829534
15755,0.04549059087870765
15756,0.0023900262342519
15757,0.004333846612197048
15758,0.11489451307379575
15759,0.059531740900183795
15760,0.06241745951415646
15761,0.11009915583204001
15762,0.41185227108567835
15763,0.9534344075217255
15764,0.016061071041343074
15765,0.007848926707374956
15766,0.027506893431996436
15767,0.0014825641958023132
15768,0.001813987926009361
15769,0.011882821652715021
15770,0.3232545971773205
15771,0.07244261548627111
15772,0.012918869139032674
15773,0.020367077619484315
15774,0.032503803233844705
15775,0.011473490930717962
15776,0.04804658652512846
15777,0.7201604086965764
15778,0.9604100429739473
15779,0.08468915476490285
15780,0.2627264145430806
15781,0.011902768092910833
15782,0.06786269645670802
15783,0.00832484899341794
15784,0.010172502521215352
15785,0.030601507598048472
15786,0.030332573065257357
15787,0.005943767442812533
15788,0.46990915558270946
15789,0.9528508293441116
15790,0.037972343190678964
15791,0.004006285966910913
15792,0.9851442292975635
15793,0.006189965026398745
15794,0.007565469158459628
15795,0.45418662633480644
15796,0.004289682090064885
15797,0.1775825982915964
15798,0.9720997708279396
15799,0.011031555402392808
15800,0.12460915415323731
15801,0.7461091165575852
15802,0.38194947388885797
15803,0.0859716865842037
15804,0.03134766916102369
15805,0.05791137695535509
15806,0.010916483678758613
15807,0.7349635081318272
15808,0.40279191673628945
15809,0.023080158587092548
15810,0.9105673132111989
15811,0.07881680996883796
15812,0.5022603003867206
15813,0.002002362139166187
15814,0.01335202495749285
15815,0.01932505466215298
15816,0.17613348009322788
15817,0.01892312162841505
15818,0.18288469362106677
15819,0.0027123324887608213
15820,0.004876415838986905
15821,0.8333647962901106
15822,0.13461375857719624
15823,0.08810002045482486
15824,0.00463530436093031
15825,0.0027424061387819713
15826,0.002256973325357897
15827,0.02496348248323973
15828,0.010696431628096624
15829,0.46689505724986485
15830,0.9406170461305433
15831,0.0759738791980443
15832,0.04121483541800884
15833,0.5003105035973054
15834,0.024872220970805107
15835,0.0038304821686092165
15836,0.003001296049389362
15837,0.2771200895506367
15838,0.003893760601324991
15839,0.0005359360071589329
15840,0.0033645671989746486
15841,0.004448943464620991
15842,0.04606994316796377
15843,0.12313733861580985
15844,0.03647913145453871
15845,0.752851590902953
15846,0.8947267198445027
15847,0.013417562821306748
15848,0.01921013664647257
15849,0.11048443877816322
15850,0.0013905454134258244
15851,0.025914919123729743
15852,0.018787959728695902
15853,0.012587820367867276
15854,0.0013568116613493792
15855,0.03159361085648244
15856,0.21676286570966277
15857,0.04298949477731766
15858,0.00766761161303619
15859,0.5862205540400758
15860,0.004144239551799757
15861,0.6092953456137982
15862,0.014326303296337385
15863,0.04703190899336133
15864,0.9997061612962421
15865,0.0896010694608616
15866,0.010713134730969062
15867,0.10418518416372961
15868,0.012943110577061026
15869,0.005272066184126783
15870,0.0046600252593796115
15871,0.015791916178855107
15872,0.13437165759293798
15873,0.15419495918471568
15874,0.0024277116322728044
15875,0.050458645604988916
15876,0.0056883198284160665
15877,0.004743803895446419
15878,0.427573629189764
15879,0.658441500109337
15880,0.013709040425066779
15881,0.021605191589920785
15882,0.007483341576431555
15883,0.022526258803596384
15884,0.07736447334226734
15885,0.03220314701033333
15886,0.4220801043540981
15887,0.00450173326617996
15888,0.24592474471073494
15889,0.007043770198056532
15890,0.017535727954458142
15891,0.9751599679136385
15892,0.007791672550525294
15893,0.41053897121446103
15894,0.003436413936622386
15895,0.019104178578281592
15896,0.08894329319302209
15897,0.8900529000995118
15898,0.0201428800184356
15899,0.004962406643604699
15900,0.3899628013318984
15901,0.3272643052043358
15902,0.005521111648705915
15903,0.8901121536622912
15904,0.0033723004020857297
15905,0.006579975327525157
15906,0.025011925432377985
15907,0.15313483751990054
15908,0.026307510670118665
15909,0.05884413722859947
15910,0.04096461030140092
15911,0.11772003194964913
15912,0.009348499271021757
15913,0.002166853478758614
15914,0.2852484018545127
15915,0.10075737798313537
15916,0.019954884433059185
15917,0.004926123674293223
15918,0.01684547742197079
15919,0.19897828698921144
15920,0.4515746034501496
15921,0.1062910618765946
15922,0.008449142675030582
15923,0.00633875127574285
15924,0.8768060803805986
15925,0.0054875724366309055
15926,0.008774941221011714
15927,0.9498530125392414
15928,0.28775790455433675
15929,0.8001132506590719
15930,0.9295747811096883
15931,0.27665148201273837
15932,0.00408657877506152
15933,0.8520112833990674
15934,0.01130120082370847
15935,0.0017911481339952392
15936,0.0059706567449853976
15937,0.006260874263840936
15938,0.04832127350926012
15939,0.01241229468039171
15940,0.11273758479793723
15941,0.07100776784062217
15942,0.004679520304657576
15943,0.015257931644598
15944,0.005206299450941271
15945,0.0014255764466167614
15946,0.059822334646481144
15947,0.0008214982323435426
15948,0.634196370156746
15949,0.9035747188803519
15950,0.0013806714329532596
15951,0.025707472993063807
15952,0.9830412282246185
15953,0.744951106807866
15954,0.02852232875573987
15955,0.023897735623652626
15956,0.008598942705285152
15957,0.017203847971845924
15958,0.9877854753241982
15959,0.15727290313685696
15960,0.00398873196315627
15961,0.8211028147939172
15962,0.009798713440229246
15963,0.0007087105982551467
15964,0.12196643548664723
15965,0.10883377356636585
15966,0.9710984957759344
15967,0.020712464645936752
15968,0.5249659981734176
15969,0.014442338466522797
15970,0.06020920975246023
15971,0.03670490609092045
15972,0.9983966600363614
15973,0.007276250178628039
15974,0.32506934651745134
15975,0.06696522203471521
15976,0.0011979536627880671
15977,0.03189725714720334
15978,0.3529941851595831
15979,0.007628243167268165
15980,0.021210333975275584
15981,0.004432845662116634
15982,0.0023716429520151804
15983,0.03525429437818919
15984,0.00500270899810079
15985,0.05330335798795289
15986,0.28750828765059344
15987,0.08493692381515992
15988,0.011994301210681135
15989,0.06297661541251891
15990,0.531676878307885
15991,0.002342133668648352
15992,0.9867021481401204
15993,0.04848191683392139
15994,0.017213752489336268
15995,0.023058007809446845
15996,0.9337569148530874
15997,0.18252743329604854
15998,0.008946716361451786
15999,0.011758070073217556
16000,0.6624060270340693
16001,0.009647332131783039
16002,0.013668872159482046
16003,0.00047411639649459373
16004,0.038936200385151
16005,0.37493051954300066
16006,0.018411332142397322
16007,0.026384428962238277
16008,0.0013401936392149654
16009,0.5891065089273998
16010,0.0018215218337724417
16011,0.40047759497672186
16012,0.012050108773516808
16013,0.0014389147838558146
16014,0.02523517597100194
16015,0.1276965223430128
16016,0.7539840417886078
16017,0.09456251647277367
16018,0.03126351369998232
16019,0.10647468690655193
16020,0.012299212741803551
16021,0.0054161914714999345
16022,0.0030289328872502587
16023,0.0265838457549939
16024,0.011605575874494232
16025,0.0035294774556105676
16026,0.9540889663052575
16027,0.0016970292701347022
16028,0.04613250523960907
16029,0.02364985777543308
16030,0.013540014598613084
16031,0.03612216435124597
16032,0.3653734877187473
16033,0.06905848979077898
16034,0.8177643785301386
16035,0.02393259895816581
16036,0.11088273096737696
16037,0.031920585153940605
16038,0.04938452868285117
16039,0.028615065878266687
16040,0.020229494784356504
16041,0.9935234322921694
16042,0.05121603254160985
16043,0.01095739603123658
16044,0.008702780950072948
16045,0.9714360055627119
16046,0.2261805932798309
16047,0.05307779597723709
16048,0.03637123564310996
16049,0.02563238044081401
16050,0.013131949787368253
16051,0.011247868231181369
16052,0.0259088527689774
16053,0.007287110310767728
16054,0.25426631426182755
16055,0.1140364863695393
16056,0.08560753482714915
16057,0.6935212090053205
16058,0.5907131320943304
16059,0.030055923168408594
16060,0.9528826200376393
16061,0.023473954547397705
16062,0.008296703173254904
16063,0.004091012558155687
16064,0.012792708215919794
16065,0.009817218912038288
16066,0.005339978506108316
16067,0.005738235741914
16068,0.734751130810952
16069,0.011363927799939654
16070,0.8226539982896242
16071,0.002721128022764653
16072,0.010028627183561347
16073,0.5524650818373468
16074,0.01541030944860277
16075,0.0982794209915569
16076,0.5200385656254259
16077,0.7921653033330004
16078,0.8567588467699967
16079,0.39181879146963733
16080,0.014935096833205546
16081,0.009224042074484077
16082,0.27153639025456583
16083,0.17238135763703286
16084,0.006769420772448661
16085,0.005932512241991563
16086,0.49189263061492683
16087,0.0023190639267809507
16088,0.0037091381122576275
16089,0.003126323126749212
16090,0.9802915543081928
16091,0.03698355639565518
16092,0.029417283245438356
16093,0.14334064023336252
16094,0.3314450709341295
16095,0.1146792447403141
16096,0.04905331089043617
16097,0.3940313458164088
16098,0.0537119897873538
16099,0.21164259039018404
16100,0.0037015125982698266
16101,0.016531456918829394
16102,0.010255765944561821
16103,0.006154735777928046
16104,0.0015421604580839866
16105,0.9140408665251608
16106,0.016172755295299178
16107,0.006209107212749451
16108,0.9035509872889551
16109,0.0948834858351289
16110,0.005182045661841392
16111,0.483124971642754
16112,0.020924809065121713
16113,0.04674188822888103
16114,0.003487990314345244
16115,0.9937603217817482
16116,0.0030568155773564717
16117,0.003981011970936415
16118,0.0034272141339210136
16119,0.2806927544360579
16120,0.003568240001215958
16121,0.0015087580776014435
16122,0.02000342459626599
16123,0.0021264735925711777
16124,0.00848432278448088
16125,0.0036490510059528285
16126,0.06054479558785865
16127,0.034681801791818255
16128,0.024554799410377113
16129,0.05236428680833382
16130,0.9145813286627594
16131,0.007436547419851654
16132,0.6527618798841471
16133,0.9879983447859031
16134,0.5179656729291273
16135,0.028346554632999316
16136,0.003661257676521073
16137,0.030773785323139524
16138,0.0037334916989275792
16139,0.0012748939040573613
16140,0.0038119052896290707
16141,0.16744127753034105
16142,0.01488932551186847
16143,0.009121783144793644
16144,0.003107143497830904
16145,0.011140837652739106
16146,0.07286214541411495
16147,0.12222687924316004
16148,0.5122014600193106
16149,0.8521609833839142
16150,0.07396738626262973
16151,0.1604984045153506
16152,0.6214474188565495
16153,0.3737708106991103
16154,0.0041453111993379225
16155,0.3527854130079348
16156,0.004113667348329213
16157,0.2624632641995469
16158,0.3502521572153158
16159,0.29292997238364804
16160,0.21115964792955122
16161,0.9432625303279281
16162,0.005995848572016672
16163,0.0068721642968993185
16164,0.8320269169031043
16165,0.2960577532747996
16166,0.024827245872809753
16167,0.8428105126014628
16168,0.047002325373241546
16169,0.03920291991137306
16170,0.028076528046894283
16171,0.37092653351625243
16172,0.00571354009734375
16173,0.6843290657424823
16174,0.1046846315163904
16175,0.013507878918662924
16176,0.006410598745032592
16177,0.23659265050994283
16178,0.01458051201803771
16179,0.10600553323884344
16180,0.0036018388691339675
16181,0.0026979827046292866
16182,0.021271874729740087
16183,0.0039043906510603096
16184,0.010773995896828084
16185,0.03225811744774501
16186,0.8172701940247695
16187,0.0486720238077653
16188,0.04899580770909134
16189,0.11629114521044022
16190,0.001094329408246107
16191,0.8781403127389843
16192,0.9880215657102905
16193,0.5559065442489834
16194,0.9908152123654885
16195,0.2599651062434013
16196,0.09223813754288335
16197,0.053878990187493446
16198,0.031115495792989424
16199,0.03440590918511683
16200,0.018394914060660808
16201,0.15817315059604845
16202,0.13473398656402805
16203,0.7220781958413638
16204,0.01011848239421172
16205,0.584641646929568
16206,0.01187322417562496
16207,0.011472899428462122
16208,0.2970647853892587
16209,0.06662301089639944
16210,0.04260473553992465
16211,0.2081828875460553
16212,0.011551259844748725
16213,0.09625230747653662
16214,0.4979138096890301
16215,0.010684918892535013
16216,0.020635411517764154
16217,0.6664136465502055
16218,0.005764152134155817
16219,0.024005403918387194
16220,0.0042102025457282635
16221,0.03978406718915938
16222,0.393942709277021
16223,0.9254514595561253
16224,0.0015568451345242015
16225,0.02789611479076784
16226,0.04804612386614614
16227,0.0016697056049881423
16228,0.05885347839969465
16229,0.29550750039987717
16230,0.024616496865111297
16231,0.4842814573268868
16232,0.6539201121829498
16233,0.5675886746996699
16234,0.9594237327280954
16235,0.002440589306084061
16236,0.007455493030482257
16237,0.5280621480470186
16238,0.06964186031622233
16239,0.03999573688132021
16240,0.15550454376555478
16241,0.18248739642118003
16242,0.00937985141573201
16243,0.06663763554048067
16244,0.41867198687195323
16245,0.42254294020932487
16246,0.00513853981992668
16247,0.00042133539593703506
16248,0.985670038276364
16249,0.05074983924223997
16250,0.749410501613858
16251,0.9149048543019374
16252,0.0034397347456728415
16253,0.012717062170553056
16254,0.0024090720837796537
16255,0.010766116862889948
16256,0.017642365981336575
16257,0.0018920793473610853
16258,0.017137409138560447
16259,0.10123203659420318
16260,0.002808304655550146
16261,0.0692087476992096
16262,0.03892959179649064
16263,0.004894612040480576
16264,0.0140333850538773
16265,0.008154964082670033
16266,0.6428295882045907
16267,0.003128944292557746
16268,0.06139067793960646
16269,0.022393545774387794
16270,0.047970615674573294
16271,0.01020729103773104
16272,0.1920997750343841
16273,0.009330770548088852
16274,0.10521902226825301
16275,0.005475803232091669
16276,0.11968969445255159
16277,0.9829353226216363
16278,0.027995516623102564
16279,0.3623206588937397
16280,0.0021626386747664685
16281,0.4883553301495265
16282,0.02475080030809962
16283,0.008832322302192205
16284,0.033374520949938154
16285,0.10906293431357822
16286,0.005019153771536732
16287,0.015476683631187938
16288,0.4905590130830013
16289,0.029744070191605517
16290,0.0018836491815581553
16291,0.008416542120921336
16292,0.5178573750293755
16293,0.8137006037560724
16294,0.015527622560468836
16295,0.10696059913634046
16296,0.028597744831605057
16297,0.9224670115399028
16298,0.018112558820257807
16299,0.9847442235676896
16300,0.02173008068838246
16301,0.10596526480666917
16302,0.48507306303942693
16303,0.007511713833540531
16304,0.006108557577583955
16305,0.12241301662038218
16306,0.016051720518153848
16307,0.8683101296633277
16308,0.004356316098611519
16309,0.9968287973454067
16310,0.24198329202472585
16311,0.0138778717342427
16312,0.8963608416196421
16313,0.9903979246238255
16314,0.0006632583248532745
16315,0.9039603105168581
16316,0.9466928019430136
16317,0.012731281970472911
16318,0.0041359129944659205
16319,0.5960789743607228
16320,0.3436489233650444
16321,0.015857479156643893
16322,0.21316479175563757
16323,0.004984457421147479
16324,0.0026418618801973253
16325,0.03188915613252008
16326,0.04953079810009423
16327,0.056604536397979154
16328,0.939823417053515
16329,0.03125598610076794
16330,0.09377164036055599
16331,0.0030141132747181975
16332,0.057590492622203684
16333,0.003606154148730732
16334,0.04790822579723087
16335,0.02129924429280396
16336,0.08838271830767055
16337,0.0018570214247450125
16338,0.014820513575928973
16339,0.04328480927366538
16340,0.004861263876901357
16341,0.5287798546100747
16342,0.003943667004922169
16343,0.21428814884234676
16344,0.015250227251775734
16345,0.007168627865662694
16346,0.9750332053800975
16347,0.024275396465586737
16348,0.0036792151057992157
16349,0.15794427185197657
16350,0.041965451865462605
16351,0.019046056009588697
16352,0.0073334500915130125
16353,0.01217044187629728
16354,0.11729031635981808
16355,0.5164943170878803
16356,0.9946200474639584
16357,0.983484098537398
16358,0.020729602982983618
16359,0.28263455436186763
16360,0.005756360252199627
16361,0.9754620025187015
16362,0.058755790211025734
16363,0.006157045464250843
16364,0.01275136736045063
16365,0.6453897037339957
16366,0.6210423799981905
16367,0.013073427974857258
16368,0.929819268937906
16369,0.09042538025054508
16370,0.1442298807636308
16371,0.06725966829392549
16372,0.011215011194495812
16373,0.12390017587393405
16374,0.021253534087865195
16375,0.008057183852642256
16376,0.049747145773674284
16377,0.12685828823012948
16378,0.0018665093143624394
16379,0.8167990081025599
16380,0.29623440723636035
16381,0.13199460062200433
16382,0.005849977771320653
16383,0.0010807119008107112
16384,0.07016991546900313
16385,0.018131466841365875
16386,0.907929627887234
16387,0.0059278229408763535
16388,0.019666606719734754
16389,0.9565292988060918
16390,0.492253566424689
16391,0.07701644620294941
16392,0.023669390979231462
16393,0.0007513011143080231
16394,0.0025319971391740085
16395,0.018232250118340808
16396,0.5044370547724111
16397,0.10011205231615557
16398,0.7627447535084289
16399,0.003433110945774662
16400,0.20965917305627937
16401,0.013153957274416648
16402,0.4874993571528926
16403,0.000321347540049277
16404,0.0008835579566297967
16405,0.021620945126485488
16406,0.6351114154660289
16407,0.8568597462120915
16408,0.5461255942816939
16409,0.2983097024912756
16410,0.0753595861162137
16411,0.0011088677696069796
16412,0.9784936576402248
16413,0.9922025788288871
16414,0.06535183659054947
16415,0.005728033342563069
16416,0.0056678594788173425
16417,0.029959673909648148
16418,0.002771282350127775
16419,0.051067052381642074
16420,0.07384521316927489
16421,0.011255324173517302
16422,0.020072207342711763
16423,0.19148120714482023
16424,0.0041812405585749165
16425,0.07784129332806729
16426,0.02722936429741484
16427,0.0010195438806827194
16428,0.012027888021738521
16429,0.908000651421333
16430,0.0015771739636823985
16431,0.03404307023940787
16432,0.01958094926235524
16433,0.052630388517565685
16434,0.5200681072032252
16435,0.0026228304203176293
16436,0.002577812726162673
16437,0.0015937940849552596
16438,0.08821405495467824
16439,0.012015344874835505
16440,0.0017084471518388393
16441,0.013108136470721144
16442,0.05563530929895343
16443,0.10529320965941089
16444,0.28047511887276294
16445,0.11772163548689087
16446,0.06174617437180371
16447,0.048465318542635964
16448,0.03642714705773094
16449,0.006188658521350426
16450,0.009184704777385522
16451,0.008088237459918426
16452,0.4881789002137952
16453,0.09119725869521016
16454,0.26659257696280175
16455,0.029041121695132524
16456,0.006803786138287661
16457,0.07041573879402822
16458,0.015089538244791123
16459,0.005560665051027123
16460,0.010633865219071953
16461,0.011621902035466375
16462,0.0048898578101892595
16463,0.937718372115303
16464,0.0026591125575842296
16465,0.014076462404546635
16466,0.05128049086371803
16467,0.007315152091240119
16468,0.133999350555065
16469,0.007802739307485994
16470,0.011873408040837368
16471,0.8256791695231634
16472,0.004718515266339478
16473,0.03902099476562945
16474,0.005081335602681053
16475,0.8981331532070242
16476,0.9045581487125819
16477,0.03573745566437996
16478,0.008741441360920253
16479,0.00754610856179269
16480,0.0197600661421311
16481,0.005573410663951281
16482,0.0003332576742458228
16483,0.6961204004030574
16484,0.05314778276180523
16485,0.0037954739155773454
16486,0.026728524015584065
16487,0.015954397697252227
16488,0.01645721068640806
16489,0.9548021700824539
16490,0.03276579476569591
16491,0.011808004129530595
16492,0.5656738769715155
16493,0.013021527994527434
16494,0.6663648507160097
16495,0.056544400015332355
16496,0.005169522210402375
16497,0.03303441356385453
16498,0.027534182630939562
16499,0.034151361773081305
16500,0.02110581240501668
16501,0.011666401101558225
16502,0.42102284170834153
16503,0.0056180189753969574
16504,0.015408839083814015
16505,0.0061955097775560795
16506,0.007614200280344654
16507,0.006320356178680543
16508,0.09768318481325275
16509,0.025551844644780736
16510,0.9861956781609899
16511,0.03892832407687384
16512,0.0099680672734192
16513,0.012415871657474872
16514,0.2255588465044043
16515,0.02320452290702759
16516,0.002698011444384717
16517,0.1038542232001227
16518,0.0344992476043324
16519,0.0013776710880327894
16520,0.015162415732762677
16521,0.002198877077114327
16522,0.008780707477352722
16523,0.6801555497425584
16524,0.023914247669462037
16525,0.27807462733258403
16526,0.008720042498739455
16527,0.0011097005029145678
16528,0.9533898038342028
16529,0.3858261979177525
16530,0.003701411361372224
16531,0.018247438781385215
16532,0.8580826336086642
16533,0.005796575535843309
16534,0.04737139690757104
16535,0.047088290102528185
16536,0.026325287816685878
16537,0.0030834962334395097
16538,0.008169538013283463
16539,0.6113631160271392
16540,0.1079038265700529
16541,0.00842778067076343
16542,0.0055553944557858925
16543,0.3070713456107354
16544,0.23622456724974278
16545,0.20165033627114712
16546,0.00633596580473178
16547,0.24315550702138067
16548,0.80160719729896
16549,0.01840138599825963
16550,0.43869119740098794
16551,0.010265525079957604
16552,0.017944917522952984
16553,0.02302808221019387
16554,0.012153836547839037
16555,0.026922756876812923
16556,0.7149139738960146
16557,0.9258278444014569
16558,0.011907251882719775
16559,0.03222781631673306
16560,0.046332596373221575
16561,0.022235289790374823
16562,0.041898846056165735
16563,0.02407259825617275
16564,0.08548782045820692
16565,0.9799639766160407
16566,0.3924897391226971
16567,0.31947303132505683
16568,0.6070799556018198
16569,0.0061757618827888135
16570,0.1655874232188265
16571,0.07569680115789462
16572,0.002022849894631169
16573,0.0009508352654158152
16574,0.6430328209173735
16575,0.018617818734244833
16576,0.030559378134626558
16577,0.05227554534360768
16578,0.00562489395187187
16579,0.006514268816122784
16580,0.0021100361331421167
16581,0.01425139994184667
16582,0.5710809909256673
16583,0.019429269719655168
16584,0.003387063717082049
16585,0.005966042226210549
16586,0.8963716658926391
16587,0.1354406800216786
16588,0.9675325244611306
16589,0.0025096423920400648
16590,0.8145799100802866
16591,0.0017913667938881802
16592,0.9833691720724328
16593,0.1055065749748475
16594,0.8857997632380078
16595,0.012808013232733971
16596,0.009018192857573055
16597,0.6300476432575238
16598,0.598057114072731
16599,0.01874647317959848
16600,0.35519116478269364
16601,0.004105739595145865
16602,0.3613258102119095
16603,0.004199354769895534
16604,0.02006191723838294
16605,0.007916901742645303
16606,0.266427424087918
16607,0.11160801908838192
16608,0.9026350269606584
16609,0.9063350824132071
16610,0.6035077010923878
16611,0.012833788692201111
16612,0.004249990581333208
16613,0.00513901557900286
16614,0.45732632212154456
16615,0.016411668568540098
16616,0.08307597641871424
16617,0.13428664240870633
16618,0.002589490585995181
16619,0.03445711470845817
16620,0.010530851514858417
16621,0.7693369623924965
16622,0.6651431078431638
16623,0.008495093399894581
16624,0.23276206805356464
16625,0.006318766458817176
16626,0.0033347810412642175
16627,0.01637703887464912
16628,0.003171520388014439
16629,0.03742532105108786
16630,0.032436670670272096
16631,0.8723380438347106
16632,0.010264883233378473
16633,0.3153547586103091
16634,0.002707444347829336
16635,0.9620179750866288
16636,0.07528570465248983
16637,0.0036905502931310562
16638,0.16791498210447303
16639,0.014266882987344014
16640,0.6720854800085442
16641,0.00806453672157999
16642,0.011620037890180122
16643,0.03266580246119891
16644,0.025422029456395764
16645,0.03013696306288206
16646,0.0168071262861333
16647,0.14895540744434524
16648,0.010815269909992755
16649,0.037346845843532483
16650,0.001679063620826552
16651,0.0005372102879586505
16652,0.023307047688828304
16653,0.0037440224446272223
16654,0.001803049846026007
16655,0.00041740507326139996
16656,0.6426623383828979
16657,0.45480030204475824
16658,0.0028968038988931026
16659,0.004027687097811728
16660,0.8536893972203107
16661,0.5836294229307396
16662,0.014790319267968281
16663,0.028484354654537355
16664,0.0011367033691661271
16665,0.03610499945657076
16666,0.04452149483630403
16667,0.011962336765752098
16668,0.7391486645725026
16669,0.0028288482253470536
16670,0.005095670083216731
16671,0.0015516679046537005
16672,0.2761021758127359
16673,0.8616040779939147
16674,0.0014109787232662418
16675,0.09432231243242431
16676,0.005590566406746222
16677,0.0036167460667885106
16678,0.002494589139062608
16679,0.0065275806250884175
16680,0.0059550278312574265
16681,0.00908004656714936
16682,0.6599767505692377
16683,0.027890824248145735
16684,0.0013528040550695294
16685,0.054632911302881254
16686,0.7096903574425671
16687,0.002596166834591163
16688,0.7125245371011653
16689,0.2042516017649911
16690,0.9903981970694221
16691,0.1329307244363078
16692,0.014453940009460072
16693,0.7667786084887716
16694,0.0051717763973135765
16695,0.0010094843840570606
16696,0.001278478470018212
16697,0.004979339885941217
16698,0.010251555075039248
16699,0.01549330164835963
16700,0.009648178585025438
16701,0.9387766860036607
16702,0.0039032339473900573
16703,0.018283259492086125
16704,0.01570690936338432
16705,0.024826098830730985
16706,0.009829508692093597
16707,0.6202746331235082
16708,0.013341599528705204
16709,0.0052355480625586315
16710,0.01822205850457301
16711,0.8526200355687564
16712,0.011385221234088775
16713,0.4827091820791915
16714,0.03527928823777592
16715,0.17381970267976354
16716,0.011021582486771651
16717,0.04155173811687037
16718,0.9157741379242413
16719,0.6541819313857427
16720,0.002583636342135691
16721,0.1642884214518342
16722,0.07754395321305237
16723,0.007739231841149639
16724,0.017918554119536557
16725,0.0018239926726805445
16726,0.0050900706727635405
16727,0.8707947854067838
16728,0.3842779829168169
16729,0.0361037335338228
16730,0.001660866975519308
16731,0.00249825741885145
16732,0.9761948185621222
16733,0.024459732202948038
16734,0.020601972687874937
16735,0.21325271533088153
16736,0.9617223749216292
16737,0.012160193519875975
16738,0.005634891332750316
16739,0.9784508949421353
16740,0.0024665979242718384
16741,0.010674717412728973
16742,0.5344217476083486
16743,0.007589118580045386
16744,0.012830612713976328
16745,0.0016252224965148518
16746,0.003922198999196572
16747,0.0022668641777318288
16748,0.11852836899936249
16749,0.01039043105786371
16750,0.0029466979623621824
16751,0.01629308943082282
16752,0.010417376711959329
16753,0.0017894022551090262
16754,0.02395675546776864
16755,0.012052554068911583
16756,0.03539192687549477
16757,0.013405581846543268
16758,0.010761955852322275
16759,0.050342062438578236
16760,0.004387847289327932
16761,0.008600511182923876
16762,0.003131808055492136
16763,0.056132887803452935
16764,0.7949681992111423
16765,0.0029907110651536516
16766,0.033111654967343286
16767,0.05733931161284737
16768,0.42832573784882216
16769,0.05027204346368027
16770,0.3982581880084514
16771,0.0042562462022651066
16772,0.3466316021179128
16773,0.0013444968086365277
16774,0.00219545854762547
16775,0.002842169024320696
16776,0.01526639976205734
16777,0.33302087389583657
16778,0.12386109735239532
16779,0.007695858880528009
16780,0.18081524976624233
16781,0.12453523303652425
16782,0.7367880349657435
16783,0.004378368937096701
16784,0.01913199830889723
16785,0.006082893913547497
16786,0.020231713901030825
16787,0.0057453296949609494
16788,0.029525542817701703
16789,0.9837123396647719
16790,0.13326468584805046
16791,0.00157306971566779
16792,0.03698575049242978
16793,0.019461609447151383
16794,0.007518083678636657
16795,0.3394065446129858
16796,0.005166906821175418
16797,0.02812851681898532
16798,0.09362666135436375
16799,0.016746621658404206
16800,0.04718725299573578
16801,0.027374207434414297
16802,0.06146778865006487
16803,0.002887287144823444
16804,0.08929108524826863
16805,0.0009303711547025914
16806,0.001158208629472565
16807,0.14853908333667404
16808,0.0008138420277885668
16809,0.0016052355448979724
16810,0.009394663182018325
16811,0.0010191283977525783
16812,0.10239704432311988
16813,0.3020475994221663
16814,0.032310531533181884
16815,0.08797185430569913
16816,0.020705003811838877
16817,0.03515906608381792
16818,0.8976351003467157
16819,0.9986065204854877
16820,0.15857744216408223
16821,0.9823850391951324
16822,0.00195328043918443
16823,0.001688966493099561
16824,0.9529814392014134
16825,0.007661396826651901
16826,0.012438530647218183
16827,0.001087152579089664
16828,0.001537365732360123
16829,0.977158355044543
16830,0.15047903519938793
16831,0.9898163399183146
16832,0.9201671787276577
16833,0.817121735823582
16834,0.017987231699457425
16835,0.013678105527514103
16836,0.3505696800904287
16837,0.2555057371061969
16838,0.2095700317729435
16839,0.3499825714523702
16840,0.9918077377835542
16841,0.015463527153075531
16842,0.2195411389895673
16843,0.10818014832974104
16844,0.9311335627849822
16845,0.022070407387587566
16846,0.8021511655296657
16847,0.34541053280515077
16848,0.5164842305740268
16849,0.01836058629274824
16850,0.9801248854286762
16851,0.025099427192425767
16852,0.0007558384730022409
16853,0.7717549265309728
16854,0.34228591437411376
16855,0.040772474454955895
16856,0.3921965468716036
16857,0.25054652974155034
16858,0.5495145087237513
16859,0.0046451543182138445
16860,0.0763468347468716
16861,0.002530227154872456
16862,0.01746943507584167
16863,0.016420426947408383
16864,0.09299066052083005
16865,0.005977676484549192
16866,0.3488120455901291
16867,0.04885189073933506
16868,0.22773436586358903
16869,0.0044505811548220114
16870,0.046090388988824664
16871,0.4555662429154054
16872,0.03250267028527659
16873,0.013660754995026095
16874,0.009456698108438947
16875,0.9220704502236512
16876,0.011401351829001464
16877,0.008308840228348694
16878,0.0037158950367118405
16879,0.003911494209123081
16880,0.11995141152670936
16881,0.003981256166166685
16882,0.012891418489533589
16883,0.11609055436634814
16884,0.051516724891747946
16885,0.019623155404619407
16886,0.003997923164155497
16887,0.13462767466644535
16888,0.002614093775627924
16889,0.055865606572867314
16890,0.5474925579143033
16891,0.006118898718541654
16892,0.023106682804108714
16893,0.030334761910382584
16894,0.13649914039912125
16895,0.3290323445018217
16896,0.10961403676830313
16897,0.04269509680713571
16898,0.10020739156740403
16899,0.02040661419115264
16900,0.005103724656942007
16901,0.002683234944838945
16902,0.9692506637369405
16903,0.026908947619931286
16904,0.6663212490282949
16905,0.000924211114234043
16906,0.22352355149946057
16907,0.014383996023650522
16908,0.01060887764015541
16909,0.0014371808222764602
16910,0.004330328914483899
16911,0.01597630896973546
16912,0.0045671792985629185
16913,0.011044495314881058
16914,0.005279890531355851
16915,0.035942226817868926
16916,0.0015980797207521698
16917,0.005119584016133194
16918,0.8333254404579491
16919,0.012312116189830859
16920,0.011710228655511619
16921,0.3567959269958112
16922,0.07192376059429595
16923,0.35316784646724975
16924,0.03114603895951999
16925,0.14153668170223532
16926,0.011567897207794331
16927,0.01349035116038925
16928,0.6411227807100305
16929,0.583930625544137
16930,0.0031829305138906016
16931,0.870840682393604
16932,0.2590843130235399
16933,0.015923455065526223
16934,0.016855426633802455
16935,0.010057185534463933
16936,0.9022283860568614
16937,0.007857819746068194
16938,0.0015925244789742824
16939,0.01044414750779664
16940,0.4708507976667071
16941,0.36266591610143456
16942,0.1441709903821894
16943,0.991046681079671
16944,0.018581783728099804
16945,0.0025060421000944045
16946,0.04361527779506874
16947,0.02717503839655102
16948,0.028819013944035462
16949,0.9931636160646352
16950,0.17071696785481444
16951,0.9818349003986788
16952,0.006058824821022142
16953,0.020314664090696932
16954,0.00892823766075337
16955,0.022488237731061747
16956,0.028006231671748826
16957,0.3309920488927277
16958,0.010153066157762833
16959,0.0021877191786865086
16960,0.024640138319768058
16961,0.01026753513643517
16962,0.01560763346390481
16963,0.015904151495021283
16964,0.003935391490770023
16965,0.004422308849573963
16966,0.960109037953076
16967,0.2868671102858345
16968,0.9483340942319741
16969,0.003918931438658343
16970,0.0003709940066943543
16971,0.38610223242063807
16972,0.9363338691451006
16973,0.3853865400777266
16974,0.02664184738223729
16975,0.0013879314112649318
16976,0.018615439224158332
16977,0.07945997451592636
16978,0.26566438712562596
16979,0.0033612093078147893
16980,0.21417009502742201
16981,0.9649902101906324
16982,0.9775053234677481
16983,0.983942754370567
16984,0.019370187988706225
16985,0.013680398919598847
16986,0.000861772729086051
16987,0.005300893394883736
16988,0.0032288063808764106
16989,0.5689524457031926
16990,0.01674553715796947
16991,0.00849571474763883
16992,0.29638304755988687
16993,0.0028574111335896127
16994,0.02954118545685019
16995,0.009405523821996461
16996,0.005941882544202443
16997,0.08120363756397216
16998,0.9464190090605219
16999,0.015577595293302845
17000,0.008127007812018111
17001,0.0034114581420979133
17002,0.01796853005317006
17003,0.6879719709842068
17004,0.02442447177747386
17005,0.13614512327557754
17006,0.12007132761996082
17007,0.45749240757690895
17008,0.03927388487295209
17009,0.6308442149088928
17010,0.04624721971781471
17011,0.052742931001680614
17012,0.015596319511725106
17013,0.007219618299650151
17014,0.2977482858825377
17015,0.8493637943357132
17016,0.00587359868328633
17017,0.03990415700352747
17018,0.011504903998058813
17019,0.008345376427799494
17020,0.019492827321600036
17021,0.030768442686600696
17022,0.04472439410697959
17023,0.9469251207510777
17024,0.003468799144458772
17025,0.008934721791311506
17026,0.002384949778612527
17027,0.00388750212506815
17028,0.8018793967860085
17029,0.004237216779874228
17030,0.0019353044077137676
17031,0.002545743345068753
17032,0.9030854256476902
17033,0.04209505513469468
17034,0.010485399840404159
17035,0.01958446953463566
17036,0.006307941416954469
17037,0.00312038354561188
17038,0.03211028489246675
17039,0.010539587055804035
17040,0.01880719492803673
17041,0.009924646151472295
17042,0.9676551622393651
17043,0.028671590303455334
17044,0.014833866324018377
17045,0.05835071101925759
17046,0.8467465682637247
17047,0.004692786636793523
17048,0.08394423094828975
17049,0.058250213629895
17050,0.1104745448561602
17051,0.9504787531543619
17052,0.037846679341975845
17053,0.8994934919135326
17054,0.017296130317181645
17055,0.007326225059647505
17056,0.019566651590248025
17057,0.015100685385572401
17058,0.010430291260222834
17059,0.0072456005202154216
17060,0.4654323047556687
17061,0.9900979534692432
17062,0.007492383563227603
17063,0.041323175221909585
17064,0.6833775717204813
17065,0.022497064024815525
17066,0.8939104679131462
17067,0.5563147309546579
17068,0.6299865817520799
17069,0.485694248074548
17070,0.7179353527321006
17071,0.9479992607389816
17072,0.0053457474824382175
17073,0.007885754524919535
17074,0.10498656759696487
17075,0.03797227697036276
17076,0.006118660561380362
17077,0.5717644624322058
17078,0.28530848577592416
17079,0.8477035179547873
17080,0.23522721660155185
17081,0.020975770070234226
17082,0.03271243342027481
17083,0.0648505872358013
17084,0.353823674053115
17085,0.9884566533219066
17086,0.05605581171892593
17087,0.12956756402738034
17088,0.003501946016312976
17089,0.01916577542278922
17090,0.006917193440991465
17091,0.006017709229034533
17092,0.10335696092039441
17093,0.007128913358982921
17094,0.06632104831458986
17095,0.8209791562426519
17096,0.6145540675029976
17097,0.4548865405182595
17098,0.0025097366668547488
17099,0.008220339119376158
17100,0.8229739434557577
17101,0.04361201808744565
17102,0.661587229311767
17103,0.017866760580272804
17104,0.03507181213821994
17105,0.5731801029819142
17106,0.009983258212748038
17107,0.057625889480753104
17108,0.03971574546911997
17109,0.010842410814135062
17110,0.003702701949338418
17111,0.007683267066381316
17112,0.3307792136838631
17113,0.024647589349051008
17114,0.017744880899254026
17115,0.29575757404072606
17116,0.3238247700641222
17117,0.01318438587568356
17118,0.7745579897225354
17119,0.033429260866319886
17120,0.08388731737740111
17121,0.017812353315287112
17122,0.962579934795869
17123,0.12563489940218675
17124,0.9890468366084989
17125,0.0038797445471238394
17126,0.04467792203740583
17127,0.0076995584139294216
17128,0.9379144805302562
17129,0.004780799427225081
17130,0.1344927410899544
17131,0.03564475602421023
17132,0.22237894279174195
17133,0.05875798275015093
17134,0.022630718518810045
17135,0.10093210148412102
17136,0.028059085715409847
17137,0.014564650401403124
17138,0.9932801471289133
17139,0.0491262562856954
17140,0.0032477044488806012
17141,0.4275930840135641
17142,0.03740631741135601
17143,0.32940310828833175
17144,0.0018746166887099612
17145,0.014771046285931864
17146,0.11244630327131769
17147,0.006553872285773016
17148,0.03311147094759979
17149,0.03374700955515055
17150,0.18509955141915174
17151,0.03101566023954229
17152,0.04428461404951596
17153,0.01106401272727901
17154,0.035211952037585155
17155,0.017636777356333136
17156,0.2763388681594237
17157,0.043670551046519866
17158,0.0702634154770103
17159,0.2512965818200149
17160,0.025753771087586703
17161,0.6598294890806534
17162,0.004802042108772798
17163,0.8090194033409418
17164,0.007834460603685658
17165,0.0010885709635736374
17166,0.1475237324141079
17167,0.013929264753629659
17168,0.024519250518746982
17169,0.38435759296127686
17170,0.0019575321188542096
17171,0.012866282553068736
17172,0.028827423164562164
17173,0.027303447713610294
17174,0.08622459044574582
17175,0.5351430997658702
17176,0.1962500158678568
17177,0.4350565892839239
17178,0.07861228629948094
17179,0.4732516615971674
17180,0.007087660040683382
17181,0.20408471946398996
17182,0.06201243642297855
17183,0.19710565218533183
17184,0.16103474001044898
17185,0.005474264037971231
17186,0.0046156734270362725
17187,0.01477701176777037
17188,0.4169810257792568
17189,0.01755723221568005
17190,0.016502341312802624
17191,0.04143041855171178
17192,0.005969263470096941
17193,0.004796727034879159
17194,0.009948260866894949
17195,0.010509693458041085
17196,0.004390414852008987
17197,0.00863826277608384
17198,0.3459168253646789
17199,0.990747543537799
17200,0.12835856338774929
17201,0.2050303773179495
17202,0.532774672963121
17203,0.03176014752001901
17204,0.9668054352686518
17205,0.00976989740364934
17206,0.00809241379452228
17207,0.2115752082331634
17208,0.008400716622907974
17209,0.008381084664574483
17210,0.00451088282326295
17211,0.00154057700323985
17212,0.02179168600235645
17213,0.151580214825047
17214,0.13174866553680858
17215,0.9928471143514964
17216,0.003679384951517948
17217,0.8682218565350811
17218,0.12608400059067418
17219,0.09051342132497368
17220,0.0014675222224869754
17221,0.019347656348053233
17222,0.7138193993766023
17223,0.023577064585845967
17224,0.17012891580635747
17225,0.8748989492118656
17226,0.01274223858657231
17227,0.0035757111191710494
17228,0.03266690948645819
17229,0.8218540373355381
17230,0.01408561815114763
17231,0.0028792420961035047
17232,0.007656107818081638
17233,0.029729332766219998
17234,0.00608867030979653
17235,0.03477850676015896
17236,0.0022509367181155235
17237,0.008201171168404341
17238,0.13625656533434158
17239,0.02440812453201049
17240,0.0009218160020409001
17241,0.003739674210003636
17242,0.007688764092524493
17243,0.04712691161526043
17244,0.5199745263214247
17245,0.04625523452692719
17246,0.008766180949559318
17247,0.004665416162343075
17248,0.010971437381564362
17249,0.02401320736096551
17250,0.8109962158418377
17251,0.5546440144862602
17252,0.10361109989152624
17253,0.06520160418155785
17254,0.13084147171131635
17255,0.007810139924884584
17256,0.011381008691579717
17257,0.967587180592092
17258,0.4857769330139282
17259,0.9580562796811262
17260,0.12042009751563262
17261,0.046513108883634455
17262,0.04710768874958873
17263,0.019107818543158312
17264,0.3822355170052288
17265,0.004293121471209355
17266,0.0037838067627206
17267,0.07107709293169183
17268,0.08188538403950246
17269,0.3495571829321703
17270,0.0033998632408798806
17271,0.028561011137251704
17272,0.6354361936022405
17273,0.9335889789731519
17274,0.01079543053748532
17275,0.006498649741739557
17276,0.06902354367729825
17277,0.014203788753689394
17278,0.041201673641452934
17279,0.960993836012655
17280,0.008050628648843825
17281,0.014510669493910179
17282,0.022314311294218167
17283,0.7086172265347149
17284,0.053354490055959304
17285,0.023529055656506304
17286,0.08730416199385385
17287,0.762261880210888
17288,0.0031255312546636274
17289,0.5821352200994214
17290,0.0011517022186947569
17291,0.0014620269219566447
17292,0.09085133537905232
17293,0.6905425217391492
17294,0.6197522675135839
17295,0.03692582959131971
17296,0.0011353751708444424
17297,0.09802216631925634
17298,0.012745112290878383
17299,0.18334659060947633
17300,0.019698245092332055
17301,0.6575941016106904
17302,0.0089051539560123
17303,0.17834003016842756
17304,0.06700637735271839
17305,0.007592496445218599
17306,0.10293278192672327
17307,0.05173744539893642
17308,0.006837688408371381
17309,0.9810167566593228
17310,0.10625562934155015
17311,0.038705841366401046
17312,0.9017045088835083
17313,0.987583320070685
17314,0.0040621780471464305
17315,0.37442687279881665
17316,0.1967948538194417
17317,0.0024060402216035215
17318,0.007072464019987084
17319,0.005195090636275024
17320,0.9913969475481639
17321,0.13619548305884918
17322,0.11499672942811386
17323,0.985201497675037
17324,0.004044533672121764
17325,0.0030246268046262167
17326,0.1381571995228699
17327,0.0044187017013940415
17328,0.14264308419526195
17329,0.0029385034191289736
17330,0.014061891745705194
17331,0.014671385971777726
17332,0.30493384164912574
17333,0.11434818721240639
17334,0.07398725690617307
17335,0.04434893510532326
17336,0.04246641445219812
17337,0.040922691423396815
17338,0.013832424933685502
17339,0.03183828299589929
17340,0.12231266165454119
17341,0.06185602813424471
17342,0.11973801584367144
17343,0.011184555056485771
17344,0.9480118064038436
17345,0.10705830830441644
17346,0.2800662718371883
17347,0.9809346600625236
17348,0.7209455306922821
17349,0.002983572646869895
17350,0.014391373109337805
17351,0.019877626219155016
17352,0.03587596998425246
17353,0.00966535702318321
17354,0.05300100064526614
17355,0.2012348698950319
17356,0.9089683073430652
17357,0.037306777124607816
17358,0.007538005781968113
17359,0.09297095475413947
17360,0.06817629163923121
17361,0.06510892130710097
17362,0.1540940707198687
17363,0.9577384492010186
17364,0.012401823857973534
17365,0.007600468776606626
17366,0.006580970918444856
17367,0.06449743182483146
17368,0.03162222897469409
17369,0.0076959142921914575
17370,0.000645557415619625
17371,0.9926769097548739
17372,0.0034699348814367114
17373,0.0033070912169262177
17374,0.004249855443357239
17375,0.007989680952384991
17376,0.49220588856983327
17377,0.9539160741230448
17378,0.04100898188612264
17379,0.979616912754418
17380,0.014254276656058081
17381,0.0023732048872839875
17382,0.0027212746454563144
17383,0.057588480230643946
17384,0.005513641487940801
17385,0.39818813630267025
17386,0.0017823077857675236
17387,0.293358274193971
17388,0.10541639319968067
17389,0.003468324148978954
17390,0.808596521452109
17391,0.8311799187700756
17392,0.052248084655718875
17393,0.3188097716033847
17394,0.8650902684119974
17395,0.0790882756763257
17396,0.2604418961070797
17397,0.0893605504202768
17398,0.9635624829117312
17399,0.0149025871381715
17400,0.0271462188530608
17401,0.0009272144638809134
17402,0.016243721077041487
17403,0.6772921225459253
17404,0.17065697356499218
17405,0.779683620968863
17406,0.021691994521055025
17407,0.005687479706781915
17408,0.3184823323345118
17409,0.010312028085864018
17410,0.03430254605424648
17411,0.004457573515178317
17412,0.30210125697600704
17413,0.03344892949415954
17414,0.06715420692851028
17415,0.08534225662452223
17416,0.0033863725091327138
17417,0.02908025693987994
17418,0.79445417220029
17419,0.3325796298270657
17420,0.008897394169022646
17421,0.7766402549051973
17422,0.029937470892483515
17423,0.02057427910455533
17424,0.42535487862282545
17425,0.0124175744032561
17426,0.2581461565255973
17427,0.003327595059690815
17428,0.029493139511951847
17429,0.09643774550461605
17430,0.015220968040551964
17431,0.025241212074600148
17432,0.036938875241631405
17433,0.9854306137983481
17434,0.008457268465507496
17435,0.02836755448373362
17436,0.9217805695561287
17437,0.8461329195942449
17438,0.02259786333699017
17439,0.0025923754862269043
17440,0.02050251338843445
17441,0.0009764568834183305
17442,0.002656506001328378
17443,0.13636407274168913
17444,0.003510081713565677
17445,0.004805973535929407
17446,0.9819985504592615
17447,0.0026866202118665107
17448,0.002609199764938484
17449,0.9069460817770605
17450,0.008486439855155277
17451,0.012279498120031403
17452,0.04146874300777695
17453,0.018919620154928634
17454,0.7513515598832857
17455,0.1201559103580208
17456,0.01686752660650238
17457,0.02970975615008387
17458,0.009645520038008618
17459,0.10900801040984451
17460,0.20525633921222766
17461,0.05201218830035402
17462,0.776739020089112
17463,0.00895500113277599
17464,0.5732235506595761
17465,0.0030222312125675723
17466,0.005309626968128816
17467,0.030753684010002672
17468,0.013069330261951674
17469,0.007115251659356684
17470,0.17887862590414375
17471,0.7281988436557331
17472,0.009150812306307128
17473,0.017928290390005278
17474,0.004086350746311289
17475,0.3271268485263652
17476,0.0026675483939148244
17477,0.04392225702331163
17478,0.022796955420850588
17479,0.09845070753168776
17480,0.0025785767464927326
17481,0.004161049150868329
17482,0.041783569247545733
17483,0.5751547747910472
17484,0.04904060072542191
17485,0.00327621378963516
17486,0.10519026782860023
17487,0.0030452733855913638
17488,0.0015165699377941762
17489,0.9941258166396058
17490,0.2984684686048279
17491,0.026068631007631484
17492,0.009793969650431823
17493,0.004662311364485145
17494,0.003271069727208217
17495,0.0205869655578823
17496,0.0041124427873815055
17497,0.035876474846912
17498,0.02006050417157268
17499,0.3604093202334222
17500,0.003228612577933943
17501,0.005198834735541253
17502,0.6352678501879988
17503,0.03978682280018119
17504,0.00416905452289692
17505,0.9761452445845906
17506,0.0048014473470942304
17507,0.24380654270942992
17508,0.767767756975827
17509,0.010887574234796785
17510,0.7061086846364972
17511,0.04782680862846639
17512,0.015817231036367903
17513,0.03567960273143624
17514,0.8604300148325302
17515,0.013632746843170887
17516,0.1460233968057054
17517,0.4999481683068965
17518,0.11076416856458807
17519,0.29955830970314895
17520,0.13127087139356455
17521,0.6067174880976897
17522,0.004493142102627888
17523,0.09372145373602407
17524,0.0053331881021104425
17525,0.05076298143518868
17526,0.0013344714701087512
17527,0.04295912311202252
17528,0.008639910304599848
17529,0.9811852399612897
17530,0.06587132913231789
17531,0.001984869440784452
17532,0.9819789367369997
17533,0.05627259332849194
17534,0.03096309971542115
17535,0.008261495240583025
17536,0.008373442475418928
17537,0.005774651546699849
17538,0.0027230562192119404
17539,0.009345446775609704
17540,0.7571333023342904
17541,0.4781438447402017
17542,0.011239904126123693
17543,0.022490048648981915
17544,0.0005694683106496497
17545,0.9850442334040598
17546,0.19491742372191376
17547,0.7216592655435187
17548,0.28329426460552315
17549,0.5542287404208458
17550,0.9500353108685674
17551,0.15882297954651936
17552,0.009067988965213734
17553,0.31493177392360905
17554,0.878640674723474
17555,0.04594284128404482
17556,0.001455477929479878
17557,0.030406924282948077
17558,0.03563857554666773
17559,0.022792881822102925
17560,0.06455650474339242
17561,0.005738093241771655
17562,0.10572181725753807
17563,0.42086893031078465
17564,0.0028241588653314317
17565,0.013293183008615131
17566,0.029313252463928033
17567,0.20048367453401972
17568,0.01880238674797235
17569,0.013485506890396418
17570,0.005505537394173654
17571,0.0016792510141561774
17572,0.006034687145686361
17573,0.0193565421110005
17574,0.04222004441719692
17575,0.47736327901946934
17576,0.04531195612972999
17577,0.22510261885348629
17578,0.9579566765747218
17579,0.0022006340804784272
17580,0.664356286968819
17581,0.683395829390467
17582,0.006145491101851487
17583,0.009172900296124161
17584,0.017171217165139387
17585,0.006000010160791175
17586,0.026069472646218037
17587,0.004608309215644542
17588,0.005011394111316591
17589,0.016679985475681156
17590,0.14371449480919962
17591,0.10171484084454734
17592,0.004113485955012039
17593,0.4010715064749326
17594,0.007472976194148386
17595,0.09723515626608277
17596,0.010733791032975892
17597,0.20262874880001766
17598,0.2831326703493071
17599,0.3687805474790911
17600,0.008657681072785417
17601,0.05128816809050497
17602,0.8484554007954233
17603,0.02826252031696916
17604,0.007235287964251684
17605,0.014148772677816647
17606,0.002035025887408534
17607,0.009223741423875467
17608,0.06192670584220945
17609,0.9718338348918107
17610,0.03963230584611232
17611,0.12719364657009652
17612,0.005360105024365651
17613,0.12784015926513226
17614,0.014668749531906299
17615,0.23320854688299575
17616,0.13152797785347747
17617,0.12259091432744063
17618,0.017459560432490154
17619,0.9884012222708687
17620,0.004269905836550888
17621,0.011906971085581503
17622,0.010945207731584245
17623,0.00048161238218925417
17624,0.01336657895819821
17625,0.95798272687064
17626,0.06052861435284287
17627,0.9824095046642366
17628,0.02273099812851869
17629,0.05708563840206094
17630,0.7235364722293572
17631,0.001982215667839074
17632,0.9310250434366782
17633,0.0061876284984830505
17634,0.5978724107780972
17635,0.014494991392912843
17636,0.0289203884766341
17637,0.9911508730078895
17638,0.23669054531332795
17639,0.015323643502982057
17640,0.04909581617801311
17641,0.013068052782163093
17642,0.13110315492604516
17643,0.004562857181718027
17644,0.01456221436028601
17645,0.0027634819919369648
17646,0.08284001946930135
17647,0.4591592884747829
17648,0.6704564913548213
17649,0.013132551662640563
17650,0.0034796262706576265
17651,0.05859869461061233
17652,0.9901166621321548
17653,0.01062941717838241
17654,0.027892153659997726
17655,0.022632539415431724
17656,0.06648962702655041
17657,0.044186266869287866
17658,0.05658145915184147
17659,0.9606173721362578
17660,0.02520887290822081
17661,0.03295672031354525
17662,0.036019106523879095
17663,0.022245685638790397
17664,0.19194959162568098
17665,0.030597772662671975
17666,0.022563107666562804
17667,0.12473175867164751
17668,0.014711327599325823
17669,0.03678283051590704
17670,0.002118187000554784
17671,0.0008712061623519078
17672,0.013442791163934854
17673,0.014147787505826185
17674,0.0020112158852113515
17675,0.30189112269715657
17676,0.8215687866165404
17677,0.009469807561480435
17678,0.01829799082697739
17679,0.0026845016564639975
17680,0.02550109149337091
17681,0.05335475499770493
17682,0.5469877552084599
17683,0.025873738048252395
17684,0.9720750322687994
17685,0.0219863424155891
17686,0.06059721548791512
17687,0.016486573626593518
17688,0.003421215367969031
17689,0.004106832428953784
17690,0.00206110812237066
17691,0.005299169511619888
17692,0.03022441302996273
17693,0.13131562269889963
17694,0.008116818291505071
17695,0.9326207873077469
17696,0.3286834109232957
17697,0.0039033170279471723
17698,0.3954592207907372
17699,0.0029173299552671095
17700,0.012747271090785807
17701,0.03373319122766152
17702,0.07223743230812753
17703,0.8142302628829317
17704,0.0011294437224246574
17705,0.003141129655519263
17706,0.9741720900868197
17707,0.009979970789532118
17708,0.00758808701093455
17709,0.0035602810481656184
17710,0.007314691131828969
17711,0.04439902931991593
17712,0.029600893461975437
17713,0.006265225316909146
17714,0.010949422861724921
17715,0.0136406313309364
17716,0.003498185271599729
17717,0.18788118439408213
17718,0.042169730755118845
17719,0.04106748916573345
17720,0.8941006675491948
17721,0.191189862418406
17722,0.0003943108308108572
17723,0.0077097728408278615
17724,0.032851914146781076
17725,0.9298723229010187
17726,0.7505007969558206
17727,0.4439677103738611
17728,0.03948713186896885
17729,0.02278664166565025
17730,0.15118666754127896
17731,0.7931616334906273
17732,0.006045915988957507
17733,0.010616118576681268
17734,0.09383072612855095
17735,0.36205714598446964
17736,0.008131370588233528
17737,0.018943492582331925
17738,0.9442319726531342
17739,0.0017699640917892593
17740,0.044380866932623
17741,0.0374203015947657
17742,0.11935566667791751
17743,0.017083049083770997
17744,0.07076209854483906
17745,0.003281493490406934
17746,0.016479061172857114
17747,0.7499124287270197
17748,0.37906908270540873
17749,0.006043475892790446
17750,0.010722909369496672
17751,0.002156219284938746
17752,0.040455788109870064
17753,0.6216637887027113
17754,0.05093557570497935
17755,0.0030155200309092455
17756,0.24262832441164994
17757,0.2717828108967468
17758,0.009852190312191002
17759,0.15879983502426873
17760,0.3565342159782602
17761,0.04415407445187041
17762,0.014863817985586216
17763,0.016966837125896028
17764,0.030624398406549375
17765,0.8605135322308378
17766,0.38781417092695564
17767,0.9420846854440472
17768,0.5257322816887439
17769,0.9853914573028579
17770,0.0036659717157751497
17771,0.023900456940125776
17772,0.016381949119189013
17773,0.0017505925376497312
17774,0.14872783555437893
17775,0.7376134321893715
17776,0.3772286141217586
17777,0.015191330851954022
17778,0.0016210962404701397
17779,0.743305158093968
17780,0.004936571653442821
17781,0.5833354803668984
17782,0.016763856728897648
17783,0.005980935698238811
17784,0.13646236863970976
17785,0.006791454100000541
17786,0.10995831878872722
17787,0.7527015629907561
17788,0.004742619151101213
17789,0.04749679707232503
17790,0.007830092263791385
17791,0.001394720567813237
17792,0.012893679339468438
17793,0.5831912897114347
17794,0.005379468741616149
17795,0.008293529460591337
17796,0.019534175922284357
17797,0.9440735615571699
17798,0.4792813773110305
17799,0.003403460869119446
17800,0.06371856097932596
17801,0.03114721785247352
17802,0.007911578636557727
17803,0.03208302638650297
17804,0.003133013492822128
17805,0.04703863024602304
17806,0.7519500300582677
17807,0.022518043885489853
17808,0.005088252896018211
17809,0.501122421756309
17810,0.00200865640031114
17811,0.9966005835705138
17812,0.008482587761879731
17813,0.015111948878362402
17814,0.010794890175738448
17815,0.017946800833144077
17816,0.12693693486615037
17817,0.005982007860410786
17818,0.001492650911613113
17819,0.19771266580461574
17820,0.04121349544891015
17821,0.3479688182106233
17822,0.0010342051155057287
17823,0.7860835140715446
17824,0.0013153018598444832
17825,0.054489399550830465
17826,0.01944847064368186
17827,0.055210544693074744
17828,0.008759675373778286
17829,0.0029142129175965484
17830,0.4875725716063396
17831,0.04432934004189671
17832,0.0008026716563265645
17833,0.6204296172232555
17834,0.0037697448403141536
17835,0.8506199181924494
17836,0.0072962957139847675
17837,0.3553252228890516
17838,0.877395125912291
17839,0.05484615524276272
17840,0.011995128264517856
17841,0.15516746177435237
17842,0.007729897112413204
17843,0.057175384823390255
17844,0.0536461964008496
17845,0.7266424171534994
17846,0.006596368845062794
17847,0.02351984661885406
17848,0.02017387678297543
17849,0.9868436773149563
17850,0.33895414359172443
17851,0.04923455293458954
17852,0.002717755256420321
17853,0.006913963474625096
17854,0.00923051427671742
17855,0.004857984720844825
17856,0.49387359009199217
17857,0.10455708182046541
17858,0.030183724275491798
17859,0.010253758606295715
17860,0.7747352069711578
17861,0.0805216498842485
17862,0.9605871134023479
17863,0.0441791760487688
17864,0.017182662812209558
17865,0.9638012287780161
17866,0.012948279805516919
17867,0.8961887066118351
17868,0.010328438494694416
17869,0.0038300062954755958
17870,0.02806521765331124
17871,0.01005264773601717
17872,0.0056300731616506314
17873,0.011926163577605283
17874,0.058464389830920345
17875,0.019714226031452075
17876,0.1356117079369034
17877,0.671696009879886
17878,0.016574782288327074
17879,0.015543225503064983
17880,0.0008091403544843133
17881,0.0018345815888801337
17882,0.03838664804487994
17883,0.06050299760008762
17884,0.027698612389586454
17885,0.36728259542942265
17886,0.062277825637104565
17887,0.01614172433759328
17888,0.8672606758765778
17889,0.9802769374592533
17890,0.011228209959794967
17891,0.002457664893962479
17892,0.7033079008464815
17893,0.8934089497940039
17894,0.1557268985850442
17895,0.24708261962283432
17896,0.20595006983944103
17897,0.31598584930678464
17898,0.5113592044631013
17899,0.0026398652761716957
17900,0.015016460958193938
17901,0.033362648050563444
17902,0.029092235462468925
17903,0.0064629080853901245
17904,0.23875664600152513
17905,0.9542645611917002
17906,0.0024140811825750876
17907,0.0031599501856621366
17908,0.9479634295939429
17909,0.011877015989988157
17910,0.05531126250850304
17911,0.5244007694648221
17912,0.7082550198621634
17913,0.0060773495217357155
17914,0.6375301098001952
17915,0.02356743198898283
17916,0.014476544945932089
17917,0.014882373278044234
17918,0.011496341586251286
17919,0.004947507707663376
17920,0.00942679752512855
17921,0.0790913487702316
17922,0.5085817591031858
17923,0.0018202580168403338
17924,0.2510074162971746
17925,0.01365059381299845
17926,0.008805468288706039
17927,0.001809895815224297
17928,0.07499901099623783
17929,0.03865745515482955
17930,0.9573361554597729
17931,0.5094054811492752
17932,0.8805003954610126
17933,0.02091851936763377
17934,0.004226536907868776
17935,0.3882156380055926
17936,0.0017697004217586817
17937,0.5717696257545509
17938,0.034731185557823535
17939,0.10360231372781106
17940,0.052661171785886494
17941,0.02609443842511948
17942,0.003999151881159642
17943,0.0079997419838831
17944,0.9527238856854892
17945,0.46366837998557237
17946,0.0030846365045717108
17947,0.19418517208895794
17948,0.3074842861675409
17949,0.002266820205162177
17950,0.012251118770195453
17951,0.10088249824540342
17952,0.003242210539544979
17953,0.8438074867440984
17954,0.06732216794535553
17955,0.008516925124547266
17956,0.0034343531997676076
17957,0.012294206420081649
17958,0.27062739829114535
17959,0.7722046527122359
17960,0.993434584323565
17961,0.0037110576168497187
17962,0.042273950473777154
17963,0.70673053802548
17964,0.01803082328810786
17965,0.0021976276972056658
17966,0.06324542730323095
17967,0.00852686754639349
17968,0.08575168873421946
17969,0.012763537053846632
17970,0.24667686534482508
17971,0.0026876199689380878
17972,0.17732909257956825
17973,0.03233791778556982
17974,0.015737427781147027
17975,0.029664054392728054
17976,0.01796239675263619
17977,0.023637441770449148
17978,0.004741507300192001
17979,0.007440278527518013
17980,0.005133370212609874
17981,0.7634087522401646
17982,0.0028853965509277823
17983,0.018885837334887953
17984,0.013582920557175056
17985,0.23847624362281625
17986,0.01793904009618918
17987,0.018286208726812234
17988,0.021891518684444156
17989,0.0266015814770726
17990,0.002270858279571327
17991,0.0012257039397771542
17992,0.027666065477015087
17993,0.27956401589441604
17994,0.002457686751700154
17995,0.020625471086447678
17996,0.060604850087924295
17997,0.11227781986630073
17998,0.002097848531404704
17999,0.8829073965190876
18000,0.001388908763820716
18001,0.9254413819555602
18002,0.14639124629588882
18003,0.016595647306378424
18004,0.0044612469822384706
18005,0.14417624954940647
18006,0.020978122345364912
18007,0.003986295218300191
18008,0.13132100755657614
18009,0.003593597677969869
18010,0.09944002393663583
18011,0.01015527839724505
18012,0.0048922260271420485
18013,0.20773593597406523
18014,0.017216503466971015
18015,0.015154307689094306
18016,0.012425802124264152
18017,0.005344730465811453
18018,0.07705656802249428
18019,0.1742882733770735
18020,0.0012675905612791187
18021,0.6066880841805116
18022,0.11565539321386778
18023,0.12835525764693703
18024,0.8858461015973085
18025,0.005237950390752277
18026,0.3216010921497828
18027,0.03303777446857475
18028,0.02612926213132545
18029,0.9261856031729383
18030,0.00848636291667807
18031,0.023698714237949652
18032,0.008997345881882697
18033,0.041119021509800985
18034,0.0295757936470707
18035,0.10886034864407772
18036,0.07363545381750868
18037,0.005937358646255144
18038,0.003284081643194544
18039,0.3539287848091574
18040,0.08591994458107276
18041,0.1431376265770233
18042,0.9351622508808219
18043,0.014791749683919189
18044,0.019788792896948338
18045,0.007328390760929769
18046,0.02049472948805842
18047,0.012474821155375827
18048,0.0059737079368285175
18049,0.012185791056319433
18050,0.2892034713855427
18051,0.05577490929496703
18052,0.011281632047314602
18053,0.8861766515654579
18054,0.024475691779014767
18055,0.32285986106513703
18056,0.005194494445080044
18057,0.013622042684217942
18058,0.01298085748455911
18059,0.17288575605192544
18060,0.49498722155163605
18061,0.00857371418712921
18062,0.04645561334969328
18063,0.026449135465432847
18064,0.013306186291183601
18065,0.9155951183551404
18066,0.02202927283297241
18067,0.6121937722602617
18068,0.0029737675548255757
18069,0.008015776393888846
18070,0.10716278767887363
18071,0.027149925321552363
18072,0.8550933652676959
18073,0.9540681487749867
18074,0.11364562773963494
18075,0.008620891155244982
18076,0.0037509038510852447
18077,0.012617710288262626
18078,0.011233921228239725
18079,0.01582723738550214
18080,0.0007340559278425762
18081,0.06492267327730374
18082,0.05669258289151727
18083,0.0037137965476310686
18084,0.11765372747511667
18085,0.01727452209577286
18086,0.9914443437227731
18087,0.3943842834719986
18088,0.3223739825047236
18089,0.0138424857650521
18090,0.006010390725637332
18091,0.9378294596800713
18092,0.8100099373641119
18093,0.3644135014370929
18094,0.4927482429218765
18095,0.03488630517608616
18096,0.023892308505499147
18097,0.0015517352260566856
18098,0.004050584236813585
18099,0.013313488149334182
18100,0.6326938573022217
18101,0.9859953709645007
18102,0.005022562161313036
18103,0.05666683552422764
18104,0.017228248489607544
18105,0.0031801533480192174
18106,0.7037893929725225
18107,0.004403977091632439
18108,0.007551526011342283
18109,0.7748329569591437
18110,0.016369916258886095
18111,0.03855616274731099
18112,0.19082268538679284
18113,0.0013575057915605224
18114,0.013030669741505406
18115,0.010082786268989275
18116,0.0024069311358072627
18117,0.00883596374576205
18118,0.011861694765374091
18119,0.009257693895599698
18120,0.0018390837513665376
18121,0.012823508045354265
18122,0.013359382490848391
18123,0.009758666364147999
18124,0.10846198145794556
18125,0.01819478905018443
18126,0.053202555118843135
18127,0.5861661991030817
18128,0.003227041726699412
18129,0.0007776000740618988
18130,0.45947645074653337
18131,0.0014065361694479037
18132,0.015596252615945513
18133,0.007614626305363156
18134,0.0014479572416476207
18135,0.015974911110981132
18136,0.9168026068441769
18137,0.8624290527055313
18138,0.038900615452204974
18139,0.036534631036214835
18140,0.07554898133156444
18141,0.00387397996118856
18142,0.001723082782595007
18143,0.985039948012767
18144,0.010039194756309416
18145,0.007796133330625477
18146,0.15597810161782538
18147,0.021132227821634618
18148,0.906071884341677
18149,0.005076393713552673
18150,0.006685649171044383
18151,0.013149526548268214
18152,0.007269429899020307
18153,0.004102557209378177
18154,0.010043089590232252
18155,0.806616335483331
18156,0.0007324585732612656
18157,0.28251368697230184
18158,0.9421532928136521
18159,0.06801317451944157
18160,0.7084609756814987
18161,0.021143269369108205
18162,0.039441611088383496
18163,0.005717938722078396
18164,0.21197617950613615
18165,0.06502493590669252
18166,0.009968800220535678
18167,0.9279143620542611
18168,0.6295373563717489
18169,0.021972351804028244
18170,0.9649488380378286
18171,0.9890446384863596
18172,0.011977657286639852
18173,0.012145544955792512
18174,0.04989159694397668
18175,0.03382772494149153
18176,0.9689916856052203
18177,0.37541383450373955
18178,0.19389093246693864
18179,0.08587208211780964
18180,0.9976388633907363
18181,0.5502486205354854
18182,0.0006062381027484494
18183,0.011769688791852287
18184,0.014002115705541626
18185,0.1853436481075549
18186,0.003442169358930957
18187,0.012418338822949865
18188,0.9732062690876886
18189,0.1255036550709942
18190,0.9917612253773549
18191,0.02380946418788862
18192,0.97722110661188
18193,0.006257257227612837
18194,0.0034245309616472894
18195,0.9959314930516816
18196,0.0030374264304696003
18197,0.002364344184483884
18198,0.8185565844788111
18199,0.010993351752838611
18200,0.24628814359664478
18201,0.6926901786814801
18202,0.25553678603606095
18203,0.514040989735127
18204,0.021681176520026095
18205,0.01188828133537029
18206,0.10719368615039893
18207,0.02929337328087634
18208,0.008867335017254731
18209,0.010148590271390484
18210,0.01717272148742283
18211,0.17588798650335039
18212,0.016728172168139602
18213,0.2481916090816842
18214,0.9790950046076232
18215,0.01557980572838167
18216,0.25597575974663556
18217,0.613761462310414
18218,0.03993672485281459
18219,0.00400358514496257
18220,0.7684599869373395
18221,0.5735890461657199
18222,0.0028324867187690217
18223,0.06433144321881477
18224,0.7701246232153146
18225,0.011302358995983391
18226,0.5466972141319919
18227,0.010702288249744438
18228,0.0017786179976892014
18229,0.3886428489724953
18230,0.0026109900158685006
18231,0.7962067889411333
18232,0.9398828722312172
18233,0.32444096497089187
18234,0.9240930457919977
18235,0.8875280039115533
18236,0.011154883021538648
18237,0.3486414952181808
18238,0.006597509618161699
18239,0.06891846776620152
18240,0.0834306055027196
18241,0.8140298572670057
18242,0.01106733062498101
18243,0.07954598850144602
18244,0.8542955157735096
18245,0.047317235278821826
18246,0.038291558973008365
18247,0.04817936927896505
18248,0.23713033739638675
18249,0.03667297767056419
18250,0.006846440901952522
18251,0.009025072486595995
18252,0.012587675466334223
18253,0.580413086446607
18254,0.15913398961426897
18255,0.8840647691015496
18256,0.005956513345252175
18257,0.0017568535906782605
18258,0.3461153508036648
18259,0.007522586950392302
18260,0.004336439656260971
18261,0.0038920219383836415
18262,0.031092439918531087
18263,0.11946018912428298
18264,0.0026476363510304197
18265,0.40466495451345763
18266,0.29514689653433046
18267,0.6365373924511833
18268,0.003446057188616469
18269,0.9935307251688961
18270,0.0778154652130153
18271,0.006620861860015712
18272,0.5529705669441578
18273,0.01272364537357497
18274,0.011664191585059089
18275,0.006765099667111585
18276,0.6707575613227464
18277,0.016269386857595585
18278,0.010056044863520417
18279,0.015353966093571755
18280,0.01191501082911212
18281,0.0191602516020321
18282,0.009427246724608507
18283,0.06249142189716796
18284,0.03329301692351044
18285,0.006780369357984794
18286,0.0729829341758552
18287,0.009100361845777038
18288,0.0031851804823896436
18289,0.5122589831878883
18290,0.008900368899150217
18291,0.0015745747693346787
18292,0.06754620980538124
18293,0.05000553496017229
18294,0.008233959631607196
18295,0.2654011902009604
18296,0.9281467416999002
18297,0.004577672028486809
18298,0.03261822071477565
18299,0.03880908889110781
18300,0.030587671656773376
18301,0.002100965391724327
18302,0.7663076903293168
18303,0.06901814204190511
18304,0.00812224989941401
18305,0.29144669970003234
18306,0.03287478068338495
18307,0.012344481445495579
18308,0.962946365187007
18309,0.005851123542887258
18310,0.06370821001064128
18311,0.02883923637028052
18312,0.0029016827510052402
18313,0.020801529095121882
18314,0.02490967648619964
18315,0.02612425607648483
18316,0.011816024405428375
18317,0.05909131350959686
18318,0.0077942492540798965
18319,0.006670805973309285
18320,0.061400047149712915
18321,0.4215749151113407
18322,0.6670453696233015
18323,0.015032217073125027
18324,0.7774426388980282
18325,0.9720824949018618
18326,0.0753410167561515
18327,0.024250324174150573
18328,0.00920157952643904
18329,0.08534356832917517
18330,0.016290171683923486
18331,0.07414047368047123
18332,0.008914651290023464
18333,0.05626367808315561
18334,0.0019041512975289919
18335,0.011238877935840674
18336,0.02216134161478156
18337,0.7281144193427733
18338,0.019015694236079093
18339,0.0064534725404094264
18340,0.053960031180865994
18341,0.04076072739438289
18342,0.047472351423573755
18343,0.014990367861230808
18344,0.9644867763786329
18345,0.9413786890157061
18346,0.02382632490539489
18347,0.01736569426792184
18348,0.0036387674883668667
18349,0.02765097606702964
18350,0.8933619859036723
18351,0.003969908938638437
18352,0.010974994281071342
18353,0.040988332723671375
18354,0.004383425091141161
18355,0.0022655768204504125
18356,0.03149920669646878
18357,0.6177193736986971
18358,0.11775728704322559
18359,0.018237348834031844
18360,0.014624336409384583
18361,0.9527183784621882
18362,0.02670439117930105
18363,0.0030691738839993933
18364,0.6568294279134955
18365,0.9142063556559072
18366,0.47985998932256585
18367,0.006914633240121316
18368,0.0013748771913623303
18369,0.04685054529083149
18370,0.12362828862580684
18371,0.8775751432398214
18372,0.008541325897937144
18373,0.14100112616705981
18374,0.016671504204813753
18375,0.04905273770693842
18376,0.2137772399813018
18377,0.0031790764627337926
18378,0.20080575236235812
18379,0.008404056674248192
18380,0.5431369049743869
18381,0.9818442063851686
18382,0.398101167705581
18383,0.04947825449496899
18384,0.026948586022168933
18385,0.0031161403889366644
18386,0.9062179970991996
18387,0.838338882164269
18388,0.1669640620266632
18389,0.017794110236131498
18390,0.3228073067567466
18391,0.45386696172848096
18392,0.03939297537103768
18393,0.5464242040052378
18394,0.014417667802514845
18395,0.1665562263902585
18396,0.9288383267672444
18397,0.0031741385334323555
18398,0.9657999333570911
18399,0.29126293674574194
18400,0.03801141623036359
18401,0.0011611836554383797
18402,0.27663475772732016
18403,0.10682458113017759
18404,0.006770230138991053
18405,0.23711745401985088
18406,0.8150390679519319
18407,0.039686160958080655
18408,0.9192049337498747
18409,0.019456751393105334
18410,0.028874525588276877
18411,0.028779573224567007
18412,0.006172504427407866
18413,0.9656323257837998
18414,0.08043421714409975
18415,0.004788518965988968
18416,0.022987503987684087
18417,0.009563839292849487
18418,0.9399580810616655
18419,0.038332445222770364
18420,0.0031429367803124083
18421,0.8128754956746674
18422,0.006371222880315379
18423,0.07007922369239401
18424,0.2551701455935248
18425,0.9830587866175424
18426,0.026606707971996567
18427,0.8032785059102397
18428,0.001738518058852133
18429,0.07700353417484128
18430,0.9097000057718913
18431,0.005668572623457648
18432,0.004299911655973347
18433,0.010331225288943669
18434,0.00837428518996597
18435,0.050831889043989865
18436,0.1834108307212691
18437,0.017457493741432656
18438,0.052405935892703724
18439,0.03857677015466339
18440,0.15657388360576288
18441,0.17499091904382533
18442,0.0440527641647728
18443,0.009920909925281768
18444,0.10509929139918188
18445,0.7102290883576627
18446,0.8799901822763246
18447,0.0016015469792004893
18448,0.9136244419985241
18449,0.011393877861987613
18450,0.025910303465443183
18451,0.0025862853483234224
18452,0.8968167213452248
18453,0.019585923607690046
18454,0.9854623638076839
18455,0.5025817572757215
18456,0.010080333030748585
18457,0.005505187146357086
18458,0.9252706177176871
18459,0.7225908596529171
18460,0.026093334550507295
18461,0.31857682476545723
18462,0.08750297409301597
18463,0.011272928745682179
18464,0.003865988915975976
18465,0.0035940230231416704
18466,0.01199926241199655
18467,0.023605157025837757
18468,0.1412127329673508
18469,0.006928307249765704
18470,0.5255238004822189
18471,0.9563627949182549
18472,0.00561546664580124
18473,0.010981764810172498
18474,0.0030044046815328705
18475,0.032936175419421634
18476,0.03927791894834211
18477,0.002570225414339652
18478,0.9004286889072015
18479,0.01082083638983559
18480,0.9599540178754694
18481,0.0031770543073545254
18482,0.8549989653194998
18483,0.01016371076186033
18484,0.040802679211485116
18485,0.9814384200942837
18486,0.01446391419392974
18487,0.00938014578598271
18488,0.9619911242093182
18489,0.003398388233655909
18490,0.0012198246220339055
18491,0.0015915338554675618
18492,0.8337558039942689
18493,0.20293425832017511
18494,0.22375900677520844
18495,0.9297941675657123
18496,0.1104552159503618
18497,0.037346945031831065
18498,0.9094351165397417
18499,0.0010186387910206798
18500,0.2830948223756673
18501,0.8047991174833414
18502,0.01707003018115126
18503,0.006964073889696167
18504,0.006113412099488016
18505,0.015167460465207411
18506,0.010341851879623675
18507,0.0074310373653906575
18508,0.0014277757403707994
18509,0.0049292124285086865
18510,0.14987660191847302
18511,0.004401145600553273
18512,0.025358090401861922
18513,0.7123760242191615
18514,0.0034729456657046874
18515,0.023951330774776795
18516,0.03235300701273708
18517,0.00041543631121477404
18518,0.00759488031989134
18519,0.026650419060785854
18520,0.0036662975189257333
18521,0.014357558391727776
18522,0.004039535890001252
18523,0.001186732795888381
18524,0.02866398946692921
18525,0.023854501677795636
18526,0.07926352640506187
18527,0.9893247359781526
18528,0.014674440153721909
18529,0.0029593177987225537
18530,0.0027919158555911546
18531,0.01546542444885849
18532,0.03897924271063719
18533,0.0025877292528552246
18534,0.38250623252895827
18535,0.014228903368463235
18536,0.002764745651640912
18537,0.8595094406004264
18538,0.14060510500397919
18539,0.014524475302921619
18540,0.11817314744587334
18541,0.010982144969797629
18542,0.13044958846536947
18543,0.007148554212676097
18544,0.2831619104143375
18545,0.019758044086453475
18546,0.04815045205005188
18547,0.09176578632728402
18548,0.8408246564992076
18549,0.9664990135458071
18550,0.9839574861878455
18551,0.07403684042233423
18552,0.7698891677817884
18553,0.6530889479065151
18554,0.06902034816635545
18555,0.04857299419280231
18556,0.0007568991853380765
18557,0.005416233594505031
18558,0.04518802762668182
18559,0.8932984725369403
18560,0.397835964914584
18561,0.029953291494660146
18562,0.6644470548439558
18563,0.007555644066634681
18564,0.8998049630653967
18565,0.002724142180143911
18566,0.004669668290486662
18567,0.0164583443421386
18568,0.004045562960164831
18569,0.006900973733595159
18570,0.5330060016717779
18571,0.009956862823559842
18572,0.002647201749057992
18573,0.017689602831401145
18574,0.06458738200797388
18575,0.20562773575921608
18576,0.011689617982302333
18577,0.024121000910288824
18578,0.007019323121275848
18579,0.0506619107510619
18580,0.018936217205296053
18581,0.011159982946711583
18582,0.3604784375193558
18583,0.020038192724699914
18584,0.24947405289455513
18585,0.008588706109019701
18586,0.04505659205238399
18587,0.015714232304946254
18588,0.7524430047514489
18589,0.016606821339271084
18590,0.0023921187554200533
18591,0.5592890830440046
18592,0.8768763060678367
18593,0.031362421182272546
18594,0.014032267671038727
18595,0.9736405888060884
18596,0.055355899051169666
18597,0.25491060994086784
18598,0.2867005871614203
18599,0.21533489303083614
18600,0.8507618543198088
18601,0.003053969909094174
18602,0.0014014164996102364
18603,0.007405720878600604
18604,0.8729217717587566
18605,0.021176048023289314
18606,0.12015908108157412
18607,0.03287300034885143
18608,0.4621339387673008
18609,0.17375334781918794
18610,0.0928570407314701
18611,0.003532408896622112
18612,0.025695725909513537
18613,0.9795625648191583
18614,0.003952008554728424
18615,0.7638033779860367
18616,0.003691169460252039
18617,0.8514473568028356
18618,0.08779879332676219
18619,0.002015924614606327
18620,0.07023399598760555
18621,0.0023584661311807607
18622,0.05612299974577793
18623,0.03973038139593324
18624,0.18506425008966018
18625,0.01068657855179606
18626,0.0006811103541571079
18627,0.2507492632772222
18628,0.0014183996587433542
18629,0.042105059705744026
18630,0.01913635907644412
18631,0.4616309071805985
18632,0.012187439622508237
18633,0.014047262276870467
18634,0.6875969239606201
18635,0.005478181153336551
18636,0.29417251171928244
18637,0.3014213333452137
18638,0.0119174211724495
18639,0.105705582971956
18640,0.09342127318545189
18641,0.005375369006057303
18642,0.34689074318065877
18643,0.017456127728801108
18644,0.004120098937577656
18645,0.01156606528589331
18646,0.08507350951042852
18647,0.015948696888270383
18648,0.03145348914519311
18649,0.005983560359670087
18650,0.01805645451808653
18651,0.028737654943330065
18652,0.004580128056702643
18653,0.004041654900670676
18654,0.026465351880581484
18655,0.02022253136103723
18656,0.04215627030134661
18657,0.0036870767769988095
18658,0.026834478301485516
18659,0.1378867656406899
18660,0.005439238412890251
18661,0.01682666932677965
18662,0.007184367417943266
18663,0.02735358335365557
18664,0.007209934786462122
18665,0.14153960029334992
18666,0.29000133545769124
18667,0.020852609451468898
18668,0.005409406011881281
18669,0.0179516421418524
18670,0.18687385427979059
18671,0.005960586135234823
18672,0.9834519572145651
18673,0.6614364264276604
18674,0.0029953331780853587
18675,0.49344678973088973
18676,0.005747088733998481
18677,0.0037678839712051585
18678,0.0121460671924458
18679,0.036353212071954875
18680,0.49931200090748873
18681,0.10109531644825559
18682,0.10453355986275213
18683,0.02492951676738565
18684,0.9829854697265226
18685,0.0028066915689583744
18686,0.25671275721970105
18687,0.9694467488570923
18688,0.012036112737044937
18689,0.07607576009669727
18690,0.003387353939378517
18691,0.05178930392911709
18692,0.03087029963228725
18693,0.214310747765161
18694,0.03218933893041614
18695,0.9989272245655921
18696,0.19766809155793705
18697,0.5505038043994352
18698,0.7207431659152427
18699,0.0054507504080699085
18700,0.0029460261471184273
18701,0.023276751769579544
18702,0.2896990603455914
18703,0.0007707922365496714
18704,0.6278811921032611
18705,0.10179572728427917
18706,0.02753940373274801
18707,0.06408110560178937
18708,0.015797949910226417
18709,0.8835972252968619
18710,0.026957405082875734
18711,0.017068949972135587
18712,0.06775702898577021
18713,0.004711665847138295
18714,0.14889034571175705
18715,0.005854830159421989
18716,0.14195136582737689
18717,0.007651795747009384
18718,0.004159069886073673
18719,0.0014888258533384828
18720,0.04877415750441322
18721,0.020343008113230254
18722,0.0038955005335455633
18723,0.1490356450282436
18724,0.7703859423980973
18725,0.9576089104458783
18726,0.12957677818571417
18727,0.013146382664004273
18728,0.4814525792890724
18729,0.5056592152882118
18730,0.005516334445293465
18731,0.9545945391109703
18732,0.0014011957905397654
18733,0.8999534013008482
18734,0.005699638008231644
18735,0.16394213835863053
18736,0.03787329975671621
18737,0.12348787478216038
18738,0.02371477546534868
18739,0.006395451744485227
18740,0.00786255651469623
18741,0.0021655404615116393
18742,0.2569670280296604
18743,0.32883952642843006
18744,0.0008659457898956654
18745,0.01407077807229919
18746,0.1761097544367173
18747,0.46956274765270206
18748,0.985009097378386
18749,0.13097160282458115
18750,0.001923834664329307
18751,0.06283371521927468
18752,0.0008260862745168441
18753,0.09661310973150178
18754,0.017688733179075603
18755,0.001046052569790665
18756,0.17567612834983148
18757,0.010897773250288905
18758,0.021531650051289413
18759,0.6621768625307393
18760,0.004476367870034738
18761,0.016277735067272467
18762,0.16006358973388046
18763,0.6259060289520025
18764,0.0032786968801233477
18765,0.05894327512946508
18766,0.0664335837946975
18767,0.0618474702222674
18768,0.03907090292409893
18769,0.008447629340085234
18770,0.00229820759001284
18771,0.008456736465547739
18772,0.024433574432181405
18773,0.02104768549165582
18774,0.056715595915374936
18775,0.002844893885557688
18776,0.0005435598388034906
18777,0.018206616144859026
18778,0.009161539952099609
18779,0.00211581976643744
18780,0.04384546782240862
18781,0.04766167016323038
18782,0.007247968299192406
18783,0.6804264551841241
18784,0.8041089564025106
18785,0.009140759414380641
18786,0.024819903323049664
18787,0.0196224451229232
18788,0.2283193464711962
18789,0.3378812496140389
18790,0.8001901638310482
18791,0.0034935834590686652
18792,0.007373445990916123
18793,0.009182540604501986
18794,0.006508876681335894
18795,0.11512515774618694
18796,0.022600006956475977
18797,0.004990870471763189
18798,0.06003507559174671
18799,0.004132798116306459
18800,0.01413052181004314
18801,0.005872189903693232
18802,0.7985812661500699
18803,0.017468987947740346
18804,0.00462211286534715
18805,0.21815910030263805
18806,0.019652037581174557
18807,0.05768643953504387
18808,0.7117841782701134
18809,0.012465357460128014
18810,0.24616167440788164
18811,0.030246243597230698
18812,0.002037019549906707
18813,0.01679680896493122
18814,0.01066780959843111
18815,0.013238104646054861
18816,0.02094144763534151
18817,0.0053395232002225405
18818,0.070038486674356
18819,0.009463797009497402
18820,0.20310381736628308
18821,0.6720850660919134
18822,0.009139231987186745
18823,0.32971564367256634
18824,0.9514047758436813
18825,0.037324030525698666
18826,0.6321204405258124
18827,0.8394608742309826
18828,0.015848580369442585
18829,0.005052792381602651
18830,0.18561106055869625
18831,0.9710485591532823
18832,0.9121033072398721
18833,0.004926161705106766
18834,0.9016058489307122
18835,0.2959755831654804
18836,0.8201837580229304
18837,0.30524750639375314
18838,0.0453439213445149
18839,0.17678862506259174
18840,0.007625430005148007
18841,0.0034098423914310423
18842,0.02476309078573663
18843,0.005534286389095198
18844,0.1014853366927415
18845,0.048779257109596776
18846,0.011151561215589984
18847,0.5150810117791068
18848,0.017190701284588356
18849,0.006176652633291835
18850,0.7616437816869919
18851,0.0069864383385788
18852,0.13381851043283158
18853,0.9970628379873452
18854,0.06648369673868468
18855,0.015474525476892346
18856,0.011325481949118575
18857,0.0788423466604984
18858,0.0023455502371295565
18859,0.02305673829288018
18860,0.9026436612381529
18861,0.005780486603552074
18862,0.014595513972358205
18863,0.06726326590044093
18864,0.11521956576754863
18865,0.001379193606259503
18866,0.04058595256234517
18867,0.005186898982475102
18868,0.0323676980786281
18869,0.01026805896090231
18870,0.018464602616843857
18871,0.0025369305154287584
18872,0.953177583177777
18873,0.21445262495476286
18874,0.018497093233683263
18875,0.022078969752789963
18876,0.9942779806847651
18877,0.005939319322498891
18878,0.21109297407796085
18879,0.13963884276451646
18880,0.8233826054159602
18881,0.0564146643907907
18882,0.28879777311554194
18883,0.24284132650604318
18884,0.9496762625959071
18885,0.9775723869490033
18886,0.9765757254417492
18887,0.003783539030734272
18888,0.026914524102296104
18889,0.003352333898251852
18890,0.2301901189147241
18891,0.0016903176267170762
18892,0.0028595182909417717
18893,0.012562491513526878
18894,0.03704530878352813
18895,0.5448631603542964
18896,0.9068458660342247
18897,0.01687963390244633
18898,0.007663938969117303
18899,0.0628836076099292
18900,0.031432553381399206
18901,0.14903162826893993
18902,0.0073358702925673085
18903,0.005798090545276831
18904,0.01686527276065945
18905,0.004107562801571015
18906,0.043048829864532456
18907,0.006663423659084509
18908,0.004349779783631944
18909,0.8559260888163558
18910,0.20501347341968956
18911,0.03484645640549452
18912,0.8189886880506504
18913,0.03323168300839806
18914,0.34463406968073507
18915,0.08836674393414666
18916,0.8605876920089123
18917,0.0013762128918536867
18918,0.9904225562580283
18919,0.48480850335708536
18920,0.18177707449999467
18921,0.13758190678623758
18922,0.11801260502174579
18923,0.9469097371976691
18924,0.007979703712032434
18925,0.8374542092890432
18926,0.08529543757909366
18927,0.009059099988903278
18928,0.1633284668370181
18929,0.0035783947510538696
18930,0.07591167690803403
18931,0.9382708599855394
18932,0.12121748911333699
18933,0.8337512443371357
18934,0.032204720973075876
18935,0.12523538887810032
18936,0.005022115462266744
18937,0.0018512013623198157
18938,0.050027703042139944
18939,0.8919245661163877
18940,0.010834442588558759
18941,0.0062809126933985
18942,0.024696939385064988
18943,0.0004104874119068915
18944,0.8148896003119951
18945,0.14832265728837332
18946,0.00473676695455388
18947,0.0027823137430708572
18948,0.0021514997194362214
18949,0.008024562074199257
18950,0.6137173706171432
18951,0.884767098976501
18952,0.46238323595250985
18953,0.0016282549375353998
18954,0.00035829544719870587
18955,0.16803780010793676
18956,0.9903928956069323
18957,0.00929402266594037
18958,0.009906492183397609
18959,0.002929271567170605
18960,0.009248447880949954
18961,0.009998932582487966
18962,0.009582948428111224
18963,0.19408217586703835
18964,0.0035132632290655512
18965,0.7566241866630701
18966,0.09816798705603781
18967,0.8871655235969226
18968,0.9759544520083941
18969,0.21274926690412077
18970,0.46098141457152375
18971,0.01742774625147461
18972,0.04066268901530405
18973,0.01297294704413169
18974,0.0644375875498948
18975,0.010603432520253836
18976,0.0026087438482854048
18977,0.054222149705966255
18978,0.4647105703952488
18979,0.01190835755715973
18980,0.5254478360957752
18981,0.038711435276535595
18982,0.6771135006849942
18983,0.04294125075283325
18984,0.006168829149142744
18985,0.007228428359798665
18986,0.9794881854957886
18987,0.0014534185879099043
18988,0.0012609451566211367
18989,0.0455639279468623
18990,0.21228977317289693
18991,0.006180483020583606
18992,0.9595658082786106
18993,0.012674900754510075
18994,0.034739230492955846
18995,0.1379990736391247
18996,0.45586285302165547
18997,0.49279591321954835
18998,0.36665098038220884
18999,0.037768230632527953
19000,0.027652326382526314
19001,0.007091552104742734
19002,0.013657478836609846
19003,0.000720361746092444
19004,0.919836537060122
19005,0.042467923237569295
19006,0.10928558747169648
19007,0.002008904267368516
19008,0.9591175294991645
19009,0.2789466848728654
19010,0.013217740171815895
19011,0.016346807348882594
19012,0.003915306531022659
19013,0.0015401460917449689
19014,0.7836336627714761
19015,0.026181475387390428
19016,0.23579534344186429
19017,0.04752278207418772
19018,0.009067390044014365
19019,0.016717612562617876
19020,0.03362459683205073
19021,0.017891971735186387
19022,0.012350923241014073
19023,0.04427556388755326
19024,0.740697347243759
19025,0.010403134444723211
19026,0.021921384757830637
19027,0.044717102662584336
19028,0.40756427659584454
19029,0.003883594694793224
19030,0.11280929119516263
19031,0.017423379865526098
19032,0.02320488330638504
19033,0.01052638620441843
19034,0.0017194869707537167
19035,0.004074702561266846
19036,0.028217106807886
19037,0.015189991368721149
19038,0.02906506387770278
19039,0.004029370727847245
19040,0.2708571831967117
19041,0.03523932875694073
19042,0.0018763834842742272
19043,0.004870429338816707
19044,0.053774957983270574
19045,0.9634736922150492
19046,0.005280500117208547
19047,0.7847578370411747
19048,0.006251073216419967
19049,0.1427305451058669
19050,0.008938182048284534
19051,0.11461558263658596
19052,0.9958723215952132
19053,0.010245629267842974
19054,0.036415858567854675
19055,0.07476252328304019
19056,0.11528883504108976
19057,0.03402412496931568
19058,0.17145676708351676
19059,0.019727416219796026
19060,0.08033077694737989
19061,0.0017317219765428922
19062,0.008055533328023454
19063,0.002391013857214071
19064,0.1893214849257812
19065,0.024518811642393515
19066,0.8633375893040811
19067,0.012242927770311496
19068,0.016777197365722352
19069,0.020061600981709934
19070,0.09660751881861927
19071,0.7542918821320254
19072,0.37917230354821596
19073,0.42187004058170186
19074,0.0006638018436929771
19075,0.459499354583909
19076,0.11686500797772983
19077,0.6764823223869411
19078,0.0037636448190882304
19079,0.21846311481565805
19080,0.0009323415760982432
19081,0.015906760813739474
19082,0.008375140320633297
19083,0.8502255787821836
19084,0.009301420577497194
19085,0.0067954009580737575
19086,0.9385719557645682
19087,0.43848764571361454
19088,0.09124484103437869
19089,0.019509782646624497
19090,0.2601649353751844
19091,0.7034367437645136
19092,0.8517283705115756
19093,0.05071692187460167
19094,0.008865313388881078
19095,0.22525490966209713
19096,0.003270597092192972
19097,0.017517344052269783
19098,0.8286162226714223
19099,0.013750335325433207
19100,0.8713886804469109
19101,0.5513697988118935
19102,0.007908757005686076
19103,0.01054418899952741
19104,0.005589163530117692
19105,0.008063880610887432
19106,0.018468995935890596
19107,0.1840050261149409
19108,0.012386870752739825
19109,0.033693442404650796
19110,0.08604198548057859
19111,0.2027754730642469
19112,0.002064314723948589
19113,0.026215512594300504
19114,0.02214775423132552
19115,0.011063573220009015
19116,0.0787893386722335
19117,0.47495359950126287
19118,0.012477396070818294
19119,0.0739688462258496
19120,0.004321159731081315
19121,0.011646672162532363
19122,0.0030239043112853773
19123,0.02171590564378593
19124,0.0061808748600211474
19125,0.008955591644812444
19126,0.10275663594645808
19127,0.0023902991830519016
19128,0.012087536535329412
19129,0.005889648542158837
19130,0.8902671395216528
19131,0.041926896463139685
19132,0.3734687019570925
19133,0.002712820953491956
19134,0.000431422944306335
19135,0.9332846487091816
19136,0.6559901723611173
19137,0.021489320863225084
19138,0.011185356145898022
19139,0.003843017174634068
19140,0.017753850897745317
19141,0.1766039115813849
19142,0.8096022114352324
19143,0.15408858324310748
19144,0.11177188037798635
19145,0.001165854823469366
19146,0.0020630925850984756
19147,0.0036625952815365994
19148,0.4596844754544892
19149,0.06647664298872916
19150,0.05489142141575506
19151,0.006005033803786245
19152,0.8672260048193607
19153,0.9909988142367353
19154,0.24684299150117547
19155,0.06524322913907186
19156,0.24009632315062565
19157,0.07152781606334276
19158,0.010229394623694607
19159,0.14637709946166805
19160,0.980182985169921
19161,0.15843009847867462
19162,0.0240561132678147
19163,0.018991277940067174
19164,0.07043879292559056
19165,0.008096087098224515
19166,0.0005697351842450161
19167,0.041190236863621846
19168,0.4319271663792439
19169,0.067496422552546
19170,0.8812347803762911
19171,0.02461659158523221
19172,0.14033903572799622
19173,0.04844265125844448
19174,0.009974779584057908
19175,0.0061033712652177954
19176,0.02012277391937103
19177,0.01896075718790901
19178,0.006126709630471407
19179,0.02018823244744118
19180,0.045196390286431555
19181,0.12633069437115205
19182,0.7360554443177242
19183,0.028200862810357982
19184,0.15845218909529363
19185,0.0012667948046759198
19186,0.00827725110306628
19187,0.11950463822808244
19188,0.33330742881556424
19189,0.004789788908335037
19190,0.03469513138101688
19191,0.23281640902022413
19192,0.7671758845257051
19193,0.010120929279062552
19194,0.23347166800234834
19195,0.011270569566752875
19196,0.9850211858972474
19197,0.005630997150972962
19198,0.11830337566081342
19199,0.9804700228662322
19200,0.8505303879137456
19201,0.0848126683969568
19202,0.8527242123227904
19203,0.006041780886229038
19204,0.0027040387995838524
19205,0.03234949080788588
19206,0.009418914478934852
19207,0.9741594353302682
19208,0.00372186926580539
19209,0.8950442114010286
19210,0.9615693508279528
19211,0.7720366698003125
19212,0.993686560034375
19213,0.0059314415753065185
19214,0.039492003052433576
19215,0.44655974958066286
19216,0.011656977553897807
19217,0.005370714262992057
19218,0.13952358957210045
19219,0.002811870337411768
19220,0.3993841495075498
19221,0.037070073360986416
19222,0.05296129674437528
19223,0.004509177565149984
19224,0.3730434605570327
19225,0.6209914373391245
19226,0.5934670760440469
19227,0.21448941900865398
19228,0.007759252070857324
19229,0.012700779558437077
19230,0.26012848921484755
19231,0.022033445337538357
19232,0.00958437473627582
19233,0.0034373115609604753
19234,0.011272768486119768
19235,0.0017856028682293008
19236,0.013805272641738963
19237,0.11039727836389164
19238,0.024807766442987593
19239,0.003731650125170301
19240,0.0028419033530078693
19241,0.025061200103226013
19242,0.004860393970266912
19243,0.9542679649300109
19244,0.009227306296983396
19245,0.27914709889129313
19246,0.0004979593707104769
19247,0.751243425433803
19248,0.004668884503487014
19249,0.0023763550911563157
19250,0.035202091631943586
19251,0.008875255089431572
19252,0.00731463631481267
19253,0.0005804052695294302
19254,0.012395940235155944
19255,0.017149292045734208
19256,0.013655500305334467
19257,0.0063153142857842
19258,0.9615653084865898
19259,0.9486338389882487
19260,0.9878985627756633
19261,0.012218937504245535
19262,0.009019731694540596
19263,0.0028534734004262837
19264,0.4207806587185925
19265,0.022388970198383873
19266,0.06772582537687782
19267,0.00382210639870556
19268,0.6668206772714165
19269,0.04147951515705983
19270,0.020090688001129526
19271,0.03844605541153781
19272,0.6575911611165547
19273,0.002557291666689909
19274,0.0008802330133398999
19275,0.2562333094128824
19276,0.18080277136410927
19277,0.0020897703903517
19278,0.19315049652577226
19279,0.010628232311970333
19280,0.006621358642619941
19281,0.007980556762067851
19282,0.0005912009124406381
19283,0.003981698359107616
19284,0.0045014450114066575
19285,0.6887251146126563
19286,0.0037520760523533786
19287,0.035486395974349744
19288,0.022889391894381703
19289,0.0299205163733196
19290,0.09017427734817335
19291,0.03857827887437471
19292,0.24633767887518726
19293,0.8699047627700581
19294,0.0014874778762360374
19295,0.002411932040497406
19296,0.008464859392383922
19297,0.04441816272964753
19298,0.9333869304801243
19299,0.01281149999551711
19300,0.006556608319327006
19301,0.07533340018923099
19302,0.3544999104101878
19303,0.031994814596409425
19304,0.8111537387918022
19305,0.2948089561916819
19306,0.02736788156545646
19307,0.013125396840560065
19308,0.3655696444702055
19309,0.472107100543423
19310,0.0017947010792386858
19311,0.06334633928519982
19312,0.22263502695828805
19313,0.033528893637630314
19314,0.7385704702161161
19315,0.016113299506003407
19316,0.20545451954260507
19317,0.16192885292863798
19318,0.35740482424957004
19319,0.3337479353757161
19320,0.0028306661123437974
19321,0.24218629390052115
19322,0.08486322871435525
19323,0.7021369320974914
19324,0.001697741079018206
19325,0.117003381390167
19326,0.6512384902688166
19327,0.005803219695621147
19328,0.007879632560575498
19329,0.006188980126224467
19330,0.001671751541862789
19331,0.9721174361804634
19332,0.008581265980524158
19333,0.025322071888390814
19334,0.02290357805388722
19335,0.02810662878966485
19336,0.17684665126145993
19337,0.9574630943854835
19338,0.5292005834259044
19339,0.004260761638229639
19340,0.10690457223662382
19341,0.09193063364712742
19342,0.0035601067461888364
19343,0.012558409794504974
19344,0.03389054312052041
19345,0.01772388783358063
19346,0.0003695638493736889
19347,0.02227628390139184
19348,0.03766401836724316
19349,0.8986576765609202
19350,0.004242067940945029
19351,0.029694230206509777
19352,0.4570221109289184
19353,0.10393257547377778
19354,0.024569418506462284
19355,0.03387447259490923
19356,0.02519182418230923
19357,0.006564469909750614
19358,0.07120776695863629
19359,0.2609077920936818
19360,0.20505780536550205
19361,0.012664683089556863
19362,0.7307622037123431
19363,0.030833810884480038
19364,0.09402892794980332
19365,0.4449810251338425
19366,0.009713998128871245
19367,0.8179062624053223
19368,0.7301325107839767
19369,0.009141901310673339
19370,0.0005426434257929048
19371,0.5267513098354967
19372,0.005278582943639918
19373,0.011129650341100073
19374,0.009530675759636792
19375,0.013897669103848797
19376,0.0018309692279734637
19377,0.7824298840728384
19378,0.18345440780015854
19379,0.0020685332905414234
19380,0.0015921654234206763
19381,0.006682780805478176
19382,0.11900231345699776
19383,0.008620711193142967
19384,0.0018698841519977133
19385,0.006642304612407476
19386,0.123672866327132
19387,0.007762930365186584
19388,0.4333721938462374
19389,0.9968515889184121
19390,0.6845118058057377
19391,0.8108549693217145
19392,0.005848672024488731
19393,0.011378103603554821
19394,0.024900478002254384
19395,0.02356444358947677
19396,0.010285838054912325
19397,0.8494594463580356
19398,0.1437671893125157
19399,0.0033636788498296833
19400,0.7903333314242545
19401,0.49562296569062164
19402,0.02057150064851226
19403,0.2592947819058637
19404,0.011068975586662762
19405,0.0009424270040289885
19406,0.28958174802314707
19407,0.26862584644097304
19408,0.04075446676468382
19409,0.039075004021822554
19410,0.004570612472187153
19411,0.0008862010366079173
19412,0.014390587222481379
19413,0.0016649774892028002
19414,0.5010295259588207
19415,0.005354278722851329
19416,0.2809304023148689
19417,0.9933636277143768
19418,0.014715615563308885
19419,0.10145602771523447
19420,0.021456032256267965
19421,0.8305218306787943
19422,0.0640752679772512
19423,0.049020606393335005
19424,0.7561223727852419
19425,0.0018741640934352816
19426,0.004814665103309373
19427,0.026988220650490596
19428,0.006277209324125708
19429,0.03971096763237152
19430,0.00255670779035189
19431,0.022081311433053932
19432,0.003047707189541781
19433,0.05800994451354755
19434,0.746580588250346
19435,0.04429884398969295
19436,0.002880381006661069
19437,0.9666756018016716
19438,0.0009413291534124461
19439,0.6788907426475749
19440,0.055896955699306895
19441,0.025361755970849602
19442,0.09336319309772292
19443,0.020547801510720602
19444,0.0020399589860909317
19445,0.020445201167157836
19446,0.0034681966946706988
19447,0.003631616234043292
19448,0.08146465771076976
19449,0.0014675522259733737
19450,0.012293995874948319
19451,0.3721203206940522
19452,0.006534541905088373
19453,0.04521600641778241
19454,0.7146483031111021
19455,0.15601435380156714
19456,0.8655478426622647
19457,0.01212505888417154
19458,0.05944484281669333
19459,0.008004116753506879
19460,0.9833643362663607
19461,0.023233721040767683
19462,0.002258687906723481
19463,0.00801185236842878
19464,0.1410453501853733
19465,0.19833432314185015
19466,0.025582432376355702
19467,0.024330020335808663
19468,0.9497226585653918
19469,0.0027670862476464795
19470,0.0025791927293279506
19471,0.39236875974543534
19472,0.7150333540747322
19473,0.012745018243227981
19474,0.03254027681686971
19475,0.12718923117188305
19476,0.006275100144651795
19477,0.9544799001929857
19478,0.3796864116015509
19479,0.002843068528372385
19480,0.14371761005517927
19481,0.482764787292353
19482,0.38171099992461627
19483,0.002526984689529715
19484,0.0014311782637435144
19485,0.0019182784092548642
19486,0.9476138789895985
19487,0.19658933738622156
19488,0.2851756507003829
19489,0.3054014898004863
19490,0.003514556446945249
19491,0.09099137490211105
19492,0.06775449587399131
19493,0.22648491615240762
19494,0.47760252447256607
19495,0.024109280223680977
19496,0.2687214030135371
19497,0.03760542731991655
19498,0.041673605961536776
19499,0.06623072178803033
19500,0.7805344621935488
19501,0.012579684213451348
19502,0.9647070431294053
19503,0.8432374704404431
19504,0.9710572351317651
19505,0.019278896668261984
19506,0.09377758753366702
19507,0.7914703517536363
19508,0.054015175290122265
19509,0.006011016452128665
19510,0.004764472259804032
19511,0.04237420318995204
19512,0.06128975971132032
19513,0.02665309347337864
19514,0.005014446188444169
19515,0.42891047899648604
19516,0.470910263724897
19517,0.1490403733378868
19518,0.036471129790598175
19519,0.0014086405820646095
19520,0.0003891924355041821
19521,0.028201528635221566
19522,0.923355881128449
19523,0.1898441515835875
19524,0.3870401745843865
19525,0.023765443702851066
19526,0.005997844815421403
19527,0.19889611224826556
19528,0.7996816658267134
19529,0.009720754657562256
19530,0.8459830315824406
19531,0.009545150196696797
19532,0.11234626045887697
19533,0.013819538615541678
19534,0.05983401436186973
19535,0.03745598154121702
19536,0.07724993451937144
19537,0.012515958638858602
19538,0.062165682649711694
19539,0.9482114548379175
19540,0.8439721961077424
19541,0.01455569609771633
19542,0.018673335982726795
19543,0.007601360279764072
19544,0.7565596176400642
19545,0.8847745152737798
19546,0.5478284595996867
19547,0.0078035800071055645
19548,0.0026967957337936843
19549,0.004061618039197466
19550,0.20601418178527992
19551,0.042509053676280155
19552,0.01105223334854697
19553,0.0027610212152144706
19554,0.030807182075512213
19555,0.008596755990890239
19556,0.01079339808035566
19557,0.9782169950935294
19558,0.0034605557305089104
19559,0.03512651209279681
19560,0.004709021651081803
19561,0.9775657597300487
19562,0.11976130391530687
19563,0.014579148402525685
19564,0.018157562095916353
19565,0.05551965848876128
19566,0.45193005606250447
19567,0.9532868804450401
19568,0.023672852299967434
19569,0.04712556776990977
19570,0.06115740883185878
19571,0.006574782980593966
19572,0.013166389045981969
19573,0.012941341445113878
19574,0.0022830832817912795
19575,0.2679876394380494
19576,0.9175354090066075
19577,0.008464554766892727
19578,0.0030505265568437157
19579,0.06067560665635541
19580,0.009517521938289015
19581,0.27018639641883013
19582,0.041294927789252325
19583,0.0017111731476521779
19584,0.025119510808942376
19585,0.004281789919129186
19586,0.10889865745296692
19587,0.029046019557094037
19588,0.016802059098315336
19589,0.03320909539301754
19590,0.18100243302003302
19591,0.11687242331821357
19592,0.018510612689487647
19593,0.981084136536011
19594,0.02770345434921981
19595,0.06603500620501253
19596,0.04620516808429743
19597,0.01759855030157819
19598,0.0013607812329276968
19599,0.015330287329912066
19600,0.019651778896039186
19601,0.9349752470520922
19602,0.9064293451666541
19603,0.9409283000869051
19604,0.02055605486854339
19605,0.3007814279977671
19606,0.0920323711471441
19607,0.0315105660095627
19608,0.011794622535064393
19609,0.01354562154907405
19610,0.6455369746240112
19611,0.7184794561496306
19612,0.07002865311538521
19613,0.0052607875748242085
19614,0.0687897373417455
19615,0.015035216274719976
19616,0.06922823487719489
19617,0.002292571342135968
19618,0.5406442110114594
19619,0.03332277522854919
19620,0.02820765085525468
19621,0.004455204899541118
19622,0.9112422239854101
19623,0.002856554298673613
19624,0.5820912894264861
19625,0.12783227395506236
19626,0.787865293975071
19627,0.009568906530012238
19628,0.5564186008662324
19629,0.0037361427937489915
19630,0.2155113052891751
19631,0.9001728572965602
19632,0.4002221735109728
19633,0.03606375695173251
19634,0.03767070382251088
19635,0.012195544915414991
19636,0.14471486275409862
19637,0.9310357087755146
19638,0.01074180167395225
19639,0.0028866091554713594
19640,0.017937400716016207
19641,0.0014230557893983467
19642,0.016994625319715212
19643,0.001398314811058786
19644,0.012569183303348852
19645,0.1604415697729592
19646,0.1030442881974997
19647,0.02073962049182927
19648,0.022751312255594076
19649,0.06806626352287272
19650,0.004837827906923425
19651,0.002678633162607618
19652,0.11980385221969882
19653,0.006033483359180285
19654,0.9522776444222243
19655,0.010009380403387134
19656,0.09076583270419315
19657,0.02078608069442691
19658,0.9622237883721259
19659,0.0008511453991210426
19660,0.16169520505927168
19661,0.17696716190718567
19662,0.43561849560908844
19663,0.014756529118039003
19664,0.919290762116036
19665,0.004789282513966457
19666,0.017753119867783107
19667,0.017519404807188735
19668,0.0051758102853707005
19669,0.002981637748840555
19670,0.13465314392359387
19671,0.3620149721338549
19672,0.01302252363873809
19673,0.02590092432664166
19674,0.35854867039261573
19675,0.26211955813458077
19676,0.08269805011037697
19677,0.00094930555467206
19678,0.0007643180334249817
19679,0.0533653249230456
19680,0.0067712030097027785
19681,0.8193917636098876
19682,0.9948179469652917
19683,0.02083277524940923
19684,0.05717535240690018
19685,0.7596065326670173
19686,0.004246308668378453
19687,0.04203687923838258
19688,0.0047450059988491744
19689,0.11157701071929198
19690,0.24875470679114955
19691,0.011272562522673708
19692,0.9790878238985525
19693,0.008733414525623387
19694,0.01416231298398268
19695,0.020710691641429343
19696,0.009594580004908346
19697,0.28224093106212383
19698,0.012592953397728156
19699,0.3316002089068663
19700,0.0013562153658477434
19701,0.002321084009644032
19702,0.8282837723899635
19703,0.006867807803728124
19704,0.06401020217535247
19705,0.07720750084011785
19706,0.5914754522555156
19707,0.0026926434404761
19708,0.024915864602820418
19709,0.0028514289068531764
19710,0.00200137894144375
19711,0.9823498960432517
19712,0.03397626240528202
19713,0.010582715872357288
19714,0.6107935897253242
19715,0.01771173311725382
19716,0.006726855525539281
19717,0.06949004994282641
19718,0.007806984072535203
19719,0.006769288758402764
19720,0.11077778839126476
19721,0.004236714371769468
19722,0.6792966185032971
19723,0.9803954566036799
19724,0.0011425542255904238
19725,0.2981782291644074
19726,0.002477616384722476
19727,0.019497413031284664
19728,0.06840423281596086
19729,0.03625334347359298
19730,0.025660761975227007
19731,0.11142301706543994
19732,0.22623814686783336
19733,0.00873760274119572
19734,0.06417997306228251
19735,0.026001427861591014
19736,0.030713821861699273
19737,0.9955216079702872
19738,0.9124740429860018
19739,0.49082587918811904
19740,0.0024540868682711115
19741,0.017625017078535567
19742,0.06129331754301955
19743,0.8405085058991228
19744,0.001317911903648831
19745,0.020091524623969615
19746,0.04001108977674355
19747,0.18649324235385223
19748,0.043480568282147206
19749,0.001020874419654663
19750,0.020545135959123162
19751,0.7894009404682801
19752,0.03691684793548066
19753,0.002301410599960044
19754,0.13713745490983514
19755,0.0015491671866561423
19756,0.0012505479971787257
19757,0.04831936449029641
19758,0.5739611720116445
19759,0.4567245383447523
19760,0.032129127554972235
19761,0.0014686406145951111
19762,0.003913421564651233
19763,0.007256632428068106
19764,0.9079508780971638
19765,0.0222614151942822
19766,0.7833529012911121
19767,0.1960043072475308
19768,0.9995867746533491
19769,0.024602560668060675
19770,0.008847922531928983
19771,0.008971980076129838
19772,0.004331238609219181
19773,0.17210629335102265
19774,0.990311193141926
19775,0.007099466452057182
19776,0.00032047771613504905
19777,0.0948189187544182
19778,0.11240195108255743
19779,0.19549443155162977
19780,0.018128010541329013
19781,0.15329944323470937
19782,0.0020578900060303994
19783,0.007201002838667292
19784,0.10233359166712809
19785,0.02172701747561081
19786,0.003356849966149146
19787,0.004833609511135898
19788,0.01949091057409539
19789,0.005632649750394288
19790,0.8654202038274099
19791,0.7557942662123653
19792,0.007374751155639586
19793,0.22897530794367094
19794,0.9202177624969249
19795,0.0028658017672096173
19796,0.031211633951231717
19797,0.13378360895843025
19798,0.001939169114186202
19799,0.9775013139905038
19800,0.0027414085769937747
19801,0.0467317534934128
19802,0.008850842590269418
19803,0.28098830334701264
19804,0.9691790995295438
19805,0.058241938188001385
19806,0.0025448235463709505
19807,0.06095065903573503
19808,0.016256158386937294
19809,0.010384990036657313
19810,0.03005882760164202
19811,0.0016880048166071984
19812,0.012156126503108095
19813,0.0031479125015925367
19814,0.054877622401050895
19815,0.048329197426614776
19816,0.041408235874154375
19817,0.013700916727605898
19818,0.0392124561590325
19819,0.002953329945081909
19820,0.021776304541230224
19821,0.001924330739488832
19822,0.00332651414958478
19823,0.02372916593949509
19824,0.019063263130984262
19825,0.09544518384986743
19826,0.12015957369585552
19827,0.1849879427623316
19828,0.30137602535136543
19829,0.7827026427060625
19830,0.010152989956197142
19831,0.006804416438983507
19832,0.10994606764894392
19833,0.640125101562949
19834,0.011828391522340156
19835,0.7672386943748966
19836,0.0030365887664163763
19837,0.006428934912746041
19838,0.02030099296127552
19839,0.03418948178619504
19840,0.04014159318620855
19841,0.4264198397318774
19842,0.006606844920465262
19843,0.5540862148925736
19844,0.10295592120913084
19845,0.2134217404169895
19846,0.009633305670526034
19847,0.015495383281715932
19848,0.13100795602366488
19849,0.035598412647093125
19850,0.004506175372418197
19851,0.006601646811686925
19852,0.09284661881220914
19853,0.03301364174689605
19854,0.9795787307670365
19855,0.1971916680621664
19856,0.058664957718148274
19857,0.4723690466264209
19858,0.2988522145975953
19859,0.8838785494779502
19860,0.8557947320310471
19861,0.9984232271912095
19862,0.05410092565315311
19863,0.2768369745645567
19864,0.028330522875748755
19865,0.09260382201230266
19866,0.14744384023050885
19867,0.017134591112002048
19868,0.017454464510846104
19869,0.022007340869846886
19870,0.113748246768677
19871,0.08861955138643056
19872,0.042437655878175246
19873,0.32744652175977845
19874,0.004803556417946788
19875,0.05101370975709976
19876,0.0008323893347429985
19877,0.05392235572384148
19878,0.0035877072297085025
19879,0.006244220089378524
19880,0.03320893064267847
19881,0.03389739418649254
19882,0.00319350367316017
19883,0.1531726791526631
19884,0.1385500884452194
19885,0.9861982314333166
19886,0.07147084687069065
19887,0.010293892871664484
19888,0.9523876967604683
19889,0.1873178748785298
19890,0.040109656236825914
19891,0.28664033996042254
19892,0.049808835717712205
19893,0.028178757709497456
19894,0.005926040689954387
19895,0.6844775147617268
19896,0.00448963555656027
19897,0.7025801530399035
19898,0.033622317600299094
19899,0.07423761967609876
19900,0.09738921813237832
19901,0.3998685845829984
19902,0.005005299393296425
19903,0.042991984590608046
19904,0.007435571847780347
19905,0.004998861545674957
19906,0.1347614375882331
19907,0.049770941371768435
19908,0.006138037627041228
19909,0.08672395045384768
19910,0.889522010082295
19911,0.45315862014878683
19912,0.014701114832950397
19913,0.023202137781970902
19914,0.01775234966814077
19915,0.3748889412669155
19916,0.004590058264812993
19917,0.009135190859947972
19918,0.00205271794361468
19919,0.021773302398939386
19920,0.009121781065245006
19921,0.07209914368235779
19922,0.5178775966076408
19923,0.010011677936069214
19924,0.17814808007011668
19925,0.05792858623406485
19926,0.7734036093192426
19927,0.27314116636049646
19928,0.024328186162793673
19929,0.06160100942419114
19930,0.021690246773566693
19931,0.008558244384467742
19932,0.10312170602615682
19933,0.002059512952465774
19934,0.037980860495168425
19935,0.013304930288159541
19936,0.0025870482206310544
19937,0.16235995752607965
19938,0.01691508282761997
19939,0.011409928124235837
19940,0.007939898680719364
19941,0.014642786087825687
19942,0.01704545125784423
19943,0.002370269639849324
19944,0.00425597491457896
19945,0.052958780187491956
19946,0.021193662324652442
19947,0.006410411177268802
19948,0.2505039341184489
19949,0.0063100033927232565
19950,0.020032183564529675
19951,0.20532995153249248
19952,0.025944937858873068
19953,0.6857487255561888
19954,0.012429012307966265
19955,0.008738195676522507
19956,0.6064485777294019
19957,0.0038775527360139102
19958,0.0276769175155668
19959,0.052327350167208894
19960,0.03670589108144556
19961,0.010241920142112454
19962,0.011456028874957407
19963,0.008092826594522094
19964,0.006957669930929054
19965,0.009289031934461841
19966,0.3267914320956731
19967,0.2034611310788194
19968,0.8428161504543153
19969,0.3837801222750889
19970,0.420722883342813
19971,0.005691451319237323
19972,0.010427687668440853
19973,0.9305011941478726
19974,0.0028291655726587687
19975,0.9915859265944521
19976,0.04822084618194917
19977,0.013354224191967558
19978,0.008904539651962076
19979,0.8930418186430622
19980,0.36790937240261656
19981,0.01702730550749943
19982,0.006550758790240702
19983,0.5581818103277313
19984,0.5216618839167213
19985,0.19977351136304006
19986,0.00677608159197834
19987,0.9927240301577132
19988,0.005463843599580341
19989,0.016080648099025912
19990,0.03561575752356961
19991,0.010308101525431702
19992,0.9558627233182662
19993,0.011042323113042091
19994,0.10866010588289679
19995,0.11586082138789171
19996,0.017797734262052278
19997,0.004162449873514644
19998,0.00839789807258133
19999,0.0021312530970809505
20000,0.03264340964974983
20001,0.004501257157223189
20002,0.02029013152909237
20003,0.0628918282410207
20004,0.1230929491191792
20005,0.28540812465031834
20006,0.9783611619308032
20007,0.25470105716629754
20008,0.5566403315108176
20009,0.011137481745537275
20010,0.005031677217930202
20011,0.03731565808357445
20012,0.009441529582160288
20013,0.023670425475632913
20014,0.11203639780771149
20015,0.023563683680732226
20016,0.04094281488738722
20017,0.011209122028470237
20018,0.006190548592356483
20019,0.013368981656796371
20020,0.016565287611015108
20021,0.01681100123417325
20022,0.3382671065185637
20023,0.02933172329897971
20024,0.01752402605784136
20025,0.004396508511733876
20026,0.056908431026010745
20027,0.9700147350158346
20028,0.004083957030520269
20029,0.45994640225016775
20030,0.03474974952196612
20031,0.002248418386241416
20032,0.1808045064245371
20033,0.2979812894956102
20034,0.008004282239152808
20035,0.1531953265785937
20036,0.00643097426970451
20037,0.34714837583925395
20038,0.9945603830857842
20039,0.4872473946311157
20040,0.0038114920316927184
20041,0.004606577503138327
20042,0.01659018346264082
20043,0.015301795521219111
20044,0.002280828611776785
20045,0.2878522819246416
20046,0.9532016948833257
20047,0.9982285992934655
20048,0.0017890207291047892
20049,0.9240442381753107
20050,0.04370250626401756
20051,0.03666291516069712
20052,0.013538222496955299
20053,0.9502990531317269
20054,0.012016312135668205
20055,0.25628087345106415
20056,0.0026667797456978266
20057,0.03739734791596989
20058,0.16176203133371575
20059,0.14887838481768967
20060,0.055845344467682106
20061,0.006749927680252258
20062,0.06449591375477218
20063,0.0008591803772059216
20064,0.013098112687506441
20065,0.5339197508965412
20066,0.6042967383936815
20067,0.028352107600023865
20068,0.09106735162782827
20069,0.5707907778378762
20070,0.01366007070130205
20071,0.02196687050747471
20072,0.37120647614011004
20073,0.01613653253281533
20074,0.008389461429295147
20075,0.06222944305361157
20076,0.2936479211720049
20077,0.06982518175474002
20078,0.29529336869672956
20079,0.002514649055278528
20080,0.1851945193713155
20081,0.7587396091166171
20082,0.05975760045755478
20083,0.16582277630925013
20084,0.9742571829191562
20085,0.008903417177885932
20086,0.002538078354363881
20087,0.03908976120638462
20088,0.20750371919600277
20089,0.012342659335613368
20090,0.21860278581708129
20091,0.12066753066285996
20092,0.012110017277178644
20093,0.40581973419869516
20094,0.07349806887085433
20095,0.7354397153908486
20096,0.8439500854902832
20097,0.1047220322526353
20098,0.004109645541329922
20099,0.0038513142293188276
20100,0.9145062850545641
20101,0.27260417743976034
20102,0.0494241787492861
20103,0.012250881372785809
20104,0.870118296985878
20105,0.007582280682123734
20106,0.4552666940573626
20107,0.5827184220556103
20108,0.00677685205902519
20109,0.9578204088721057
20110,0.5798856415348067
20111,0.01480674833746742
20112,0.01217044852600301
20113,0.018477864489111494
20114,0.983471400915823
20115,0.9664664420112566
20116,0.2997793711762805
20117,0.0003365004259840973
20118,0.0003955773015191106
20119,0.06807368217920247
20120,0.009232819922656175
20121,0.0027287873935205394
20122,0.24125341935621272
20123,0.07168526177785617
20124,0.058709402863392116
20125,0.02608461802026742
20126,0.038051763581697706
20127,0.028682555740684856
20128,0.9951460430528665
20129,0.08326044146175646
20130,0.6214132072148417
20131,0.004357613380259253
20132,0.06341854226730953
20133,0.0007545618679849337
20134,0.011648112941194087
20135,0.9538070783257844
20136,0.004052723882159368
20137,0.00354838141300356
20138,0.993035181871078
20139,0.009067550141984078
20140,0.146008722836629
20141,0.0005658941769365607
20142,0.04356176832045179
20143,0.0018337616122850748
20144,0.021850263451983824
20145,0.004983252837407462
20146,0.007049002241009776
20147,0.08868759534836504
20148,0.002330769755052917
20149,0.5231820196547124
20150,0.03312636885946489
20151,0.9928752614946909
20152,0.004010736686823005
20153,0.1397799204435537
20154,0.0037402221330606264
20155,0.0340945299804521
20156,0.000725660327458406
20157,0.15964679089779285
20158,0.0009349835547933865
20159,0.12007629678918318
20160,0.9884974193807722
20161,0.006203918356934474
20162,0.007740316361226912
20163,0.03695887917327084
20164,0.17358801791734724
20165,0.030198444058344574
20166,0.008197746895585766
20167,0.6437940237028098
20168,0.0014997050054012093
20169,0.0005150423361726767
20170,0.01242699966154036
20171,0.875971286952753
20172,0.30163794167638847
20173,0.9860327435485164
20174,0.024947969509082096
20175,0.611163441116256
20176,0.027758025642558054
20177,0.004158254633964244
20178,0.012302493604147272
20179,0.019452846859963586
20180,0.009264997751494808
20181,0.026800729006101795
20182,0.11482713507105
20183,0.0021237220742668685
20184,0.9559913266876852
20185,0.32814202565162853
20186,0.017366180784314456
20187,0.0007993630465328624
20188,0.2985552157517834
20189,0.11886640979396546
20190,0.8193701246052272
20191,0.00907309609331603
20192,0.9474609228147363
20193,0.010375866461874533
20194,0.011542126884672538
20195,0.7981699909970702
20196,0.003094786963214215
20197,0.027356992517858246
20198,0.0100711689948191
20199,0.01751283137624135
20200,0.0024020511353245854
20201,0.21676470531240416
20202,0.0017588623826793328
20203,0.10999524822051572
20204,0.03657247208299613
20205,0.0018613174493792987
20206,0.016411281627061482
20207,0.9777966099034169
20208,0.008793687989455758
20209,0.014727788326122421
20210,0.00630211892824103
20211,0.021800246477528224
20212,0.9693734353859427
20213,0.010325891628031166
20214,0.43850260706525795
20215,0.2074594403834186
20216,0.008881316632163516
20217,0.007129688685031792
20218,0.053867787379252276
20219,0.9798993738585416
20220,0.042671016083293475
20221,0.8060755413856242
20222,0.005809876931398491
20223,0.022737821959097394
20224,0.025154159403954355
20225,0.06821505143975301
20226,0.004631495292333792
20227,0.8342654575963983
20228,0.9145460301171175
20229,0.3556664759003871
20230,0.003968292923913512
20231,0.6782464906444404
20232,0.2755750894583535
20233,0.004728742452984663
20234,0.0064776052765424625
20235,0.005465651676679969
20236,0.5857437087986669
20237,0.6705708761319972
20238,0.03344556468497136
20239,0.000540035241892758
20240,0.0009256419972629327
20241,0.0033160133450596207
20242,0.001359824508118439
20243,0.00473205460044365
20244,0.00866546372265722
20245,0.20190688685275132
20246,0.9575435936398424
20247,0.06047346183631224
20248,0.0055091664226307084
20249,0.7179574938115529
20250,0.02705410080421491
20251,0.022354963506020047
20252,0.007318086707359273
20253,0.0010760946258202687
20254,0.06714146117374187
20255,0.16233876438727152
20256,0.8825496120184242
20257,0.9601172173152266
20258,0.29292083531011054
20259,0.16182684215057302
20260,0.0016209426843023533
20261,0.7098729372765197
20262,0.04196565281052124
20263,0.9460151821364572
20264,0.1507848769162467
20265,0.31008314596495656
20266,0.9652641471431499
20267,0.4243975741016126
20268,0.07302660315218082
20269,0.10184569637321315
20270,0.015252185929310502
20271,0.1268159611404158
20272,0.011321856454305241
20273,0.04899410089742205
20274,0.02047405803156002
20275,0.0010715821416807663
20276,0.7281784159189387
20277,0.8655327846870252
20278,0.046128797879397866
20279,0.5256020139649082
20280,0.0036427278302909607
20281,0.012892046357770975
20282,0.009733242243124928
20283,0.748515172892362
20284,0.011235376425167318
20285,0.5884074709493634
20286,0.019201083576800736
20287,0.0027033407368025537
20288,0.004035359349753192
20289,0.9536099979252046
20290,0.0010330238959478408
20291,0.0012805589267500651
20292,0.9014250849123299
20293,0.9078443721793621
20294,0.0052814470458473995
20295,0.066388955965673
20296,0.23785809532221325
20297,0.009228610968439313
20298,0.011506806493611202
20299,0.9439475729169874
20300,0.16665569649228126
20301,0.002445866333611571
20302,0.9925281646239094
20303,0.002333871246769804
20304,0.050131761704984026
20305,0.0029981803387138105
20306,0.0013096365099741173
20307,0.05173238708938272
20308,0.04655049538689318
20309,0.04426044780146801
20310,0.03352327034269735
20311,0.016175991850678827
20312,0.005762031856276532
20313,0.004569518478309695
20314,0.8884068273154949
20315,0.981496951371115
20316,0.046743137108018376
20317,0.001350684061003249
20318,0.10261575089792188
20319,0.934953005072224
20320,0.967257534063213
20321,0.058356592417318026
20322,0.11417961600700864
20323,0.002731033843966185
20324,0.852465620864255
20325,0.004028231354837829
20326,0.06003810614528923
20327,0.07716626731793155
20328,0.02826995226979709
20329,0.26263493272424226
20330,0.9119311727724854
20331,0.3872289116313041
20332,0.4749353915283907
20333,0.21085940611395254
20334,0.9491853815342962
20335,0.8773107124359293
20336,0.0151542897207702
20337,0.001997459097620402
20338,0.28199467381612914
20339,0.9170914859819111
20340,0.007725990114243852
20341,0.048232867017880564
20342,0.021817881148544105
20343,0.845198250407971
20344,0.0035518976296903034
20345,0.8382207756331425
20346,0.15331485213995327
20347,0.02052549139916633
20348,0.7286500382764709
20349,0.0031239234506189994
20350,0.0036615706493359807
20351,0.12968959309062925
20352,0.05043133357412731
20353,0.00498993109976583
20354,0.38710856601070504
20355,0.008486941311431469
20356,0.007543449798308128
20357,0.5676418488149463
20358,0.01275333435692674
20359,0.018639583103280868
20360,0.11880099914301652
20361,0.020370593385844692
20362,0.008171532631281966
20363,0.004093983715266859
20364,0.9471389691030057
20365,0.0026320970491952485
20366,0.00787037311384251
20367,0.04208279241072836
20368,0.016622611426309476
20369,0.004197852400791596
20370,0.07077746632221622
20371,0.04356930227960262
20372,0.01879240746970757
20373,0.026235255415399842
20374,0.003635898350815622
20375,0.014114743651167322
20376,0.0322650480071345
20377,0.5631348648198433
20378,0.0022442509421644976
20379,0.1506254585916572
20380,0.016999737733999598
20381,0.6328505947597897
20382,0.005416353697110746
20383,0.9612034298206743
20384,0.011178601341198522
20385,0.003718149865480917
20386,0.004296357294746714
20387,0.12814438032647998
20388,0.04454028173252876
20389,0.05346115663736675
20390,0.4296997357721153
20391,0.8232923168266464
20392,0.057283322612567786
20393,0.10439453197677422
20394,0.9919653276719201
20395,0.007418126524092874
20396,0.09086063138415519
20397,0.0026707379089876498
20398,0.976293359638641
20399,0.006229890862032955
20400,0.027763586852760293
20401,0.676627101301101
20402,0.8036375478968698
20403,0.004933447903802067
20404,0.0016807418414668378
20405,0.004153508878582507
20406,0.004277481438925955
20407,0.3988394908449655
20408,0.639387311870027
20409,0.768756970658284
20410,0.9096435509701742
20411,0.056731481738627715
20412,0.007137041039008031
20413,0.09655709758013552
20414,0.9615064485691258
20415,0.9199990098351934
20416,0.014254333314791558
20417,0.02220352882741088
20418,0.009367068757926865
20419,0.022336950135630102
20420,0.005201000651314834
20421,0.6248224438621175
20422,0.0015406140045496344
20423,0.02953332248097826
20424,0.18407331534200053
20425,0.005804326324378403
20426,0.9518892330394846
20427,0.0016344837225418362
20428,0.9898593893000286
20429,0.04147647299946675
20430,0.002638238583435011
20431,0.006489687199069575
20432,0.016469739416514428
20433,0.014737861101879999
20434,0.0375486878144564
20435,0.001880231257363353
20436,0.006184667090484728
20437,0.962527494803105
20438,0.9411495808992788
20439,0.07653776611522382
20440,0.013765023214909331
20441,0.016789652346305247
20442,0.002298677456397818
20443,0.26410913295090677
20444,0.24535043774463708
20445,0.09830064860166865
20446,0.005963322877685525
20447,0.5639003649872624
20448,0.23489184859483497
20449,0.9490729760550151
20450,0.7493854052141242
20451,0.9939473085240964
20452,0.07663152592196583
20453,0.010540756670454092
20454,0.05901025452740524
20455,0.011374851333576763
20456,0.006790968977499895
20457,0.006558549411008082
20458,0.24074254618937774
20459,0.8621136458503644
20460,0.24076357275103558
20461,0.015475536615491137
20462,0.0023332984665587106
20463,0.06919565375042848
20464,0.0013672685931161103
20465,0.005802296382830493
20466,0.012430388102834412
20467,0.8560776297074272
20468,0.007135302059471443
20469,0.29349636132412255
20470,0.0020553183826015034
20471,0.3073822331825697
20472,0.017518428807268612
20473,0.0036696908033426604
20474,0.0021190172145174025
20475,0.006856664294141056
20476,0.062373672963171575
20477,0.994335628527719
20478,0.039978615634589036
20479,0.08077158276348773
20480,0.18387887899623756
20481,0.037680233087122504
20482,0.06513291195710516
20483,0.0045949693615890295
20484,0.0073311711622927
20485,0.008329073315172133
20486,0.028770996828466792
20487,0.6028332280301282
20488,0.0018638628787466833
20489,0.8062365444065244
20490,0.996605297601177
20491,0.1044697620055195
20492,0.020416585414495817
20493,0.003552828787063221
20494,0.061995299003249404
20495,0.00500988785936705
20496,0.005021743366060128
20497,0.0018113204713227434
20498,0.11106040044163237
20499,0.45427808945007186
20500,0.007413679310600127
20501,0.002081000890563216
20502,0.4596803817995868
20503,0.41248933323977144
20504,0.020801285145615214
20505,0.849619685104099
20506,0.004598986376453318
20507,0.24831151665481901
20508,0.5515384079542045
20509,0.952471784550693
20510,0.14853847648233287
20511,0.0014869628366049365
20512,0.9771041443456473
20513,0.6827267224872409
20514,0.008899284663351636
20515,0.7794812234348978
20516,0.010529066796462995
20517,0.03730270111843914
20518,0.02020002929607286
20519,0.026306083753792803
20520,0.009817952677523584
20521,0.7648116132251508
20522,0.0072567174098912834
20523,0.0748509372330644
20524,0.008144298431177685
20525,0.0190800019906459
20526,0.004058605164054723
20527,0.061351464650526696
20528,0.011421316996434802
20529,0.16474134464817994
20530,0.01479593230246877
20531,0.11426752681502034
20532,0.22929835788636382
20533,0.011608231176812298
20534,0.0014186081171162037
20535,0.01588547105571644
20536,0.0017573267363766645
20537,0.9730665003392751
20538,0.06149095750860134
20539,0.023404879058595195
20540,0.5214527307138306
20541,0.005579268146214643
20542,0.033885416415520876
20543,0.74406170811351
20544,0.9262306174902254
20545,0.11860036489786155
20546,0.002290420078340737
20547,0.04572334378757847
20548,0.857931102161536
20549,0.04985740108121564
20550,0.020909638258241967
20551,0.004265740254777587
20552,0.4587782289252978
20553,0.007847148549336531
20554,0.016721865341639636
20555,0.029177583828109702
20556,0.02032965995143098
20557,0.19559379088054382
20558,0.001566531264763534
20559,0.004381033021077141
20560,0.018706954976822704
20561,0.0015691241711627418
20562,0.004450189219859917
20563,0.003561532127969749
20564,0.01522228873226953
20565,0.0224686728407843
20566,0.02376752084046036
20567,0.0575783490227081
20568,0.007086383293244485
20569,0.0105105699782771
20570,0.0317943517948653
20571,0.0008476381881604806
20572,0.02063591302440749
20573,0.003135208945897443
20574,0.06238106964113958
20575,0.017459769369095737
20576,0.22021360670391382
20577,0.6033585507107339
20578,0.809708182332659
20579,0.012751866908153716
20580,0.0012086882570039664
20581,0.028382405415518015
20582,0.17130892265679445
20583,0.8910467001779463
20584,0.004450477783002955
20585,0.007088417924497762
20586,0.003915115342813774
20587,0.010841237700328049
20588,0.04360748772697845
20589,0.9663868704078321
20590,0.7660716573467928
20591,0.06917195734254634
20592,0.7589444759971103
20593,0.08182979964116764
20594,0.025888168850793
20595,0.011381062252865892
20596,0.21688259640820493
20597,0.07857512046569787
20598,0.6069771591065077
20599,0.07345887238177054
20600,0.5645780825664489
20601,0.0022080614812398968
20602,0.35291279874077547
20603,0.09676984560091942
20604,0.01011826221615956
20605,0.006129184988706515
20606,0.15139824663787144
20607,0.012314068098048518
20608,0.9850656447061087
20609,0.904312345685797
20610,0.4990191269365154
20611,0.058694283004247304
20612,0.00800389884472715
20613,0.09595840746338136
20614,0.940430423972383
20615,0.8249041158739003
20616,0.22703476131415626
20617,0.01710942085700304
20618,0.03128165505663966
20619,0.0028759023678832114
20620,0.8290943618993909
20621,0.012094916074610024
20622,0.008051789379683932
20623,0.01770229880954842
20624,0.13608738645156485
20625,0.034913667212816475
20626,0.0017164489034829122
20627,0.011861960127382146
20628,0.2880025730211136
20629,0.8789800678988045
20630,0.09912325349412832
20631,0.030287329208059845
20632,0.015588766471830204
20633,0.00046553781774244556
20634,0.8876349371529075
20635,0.006678583458192702
20636,0.0026654145580114015
20637,0.1337755451052307
20638,0.1704388725025785
20639,0.03326255817828038
20640,0.4821650544965609
20641,0.02245656215400034
20642,0.005938679618447697
20643,0.031395216387161605
20644,0.34050740513645583
20645,0.1407033333169153
20646,0.011494946908922297
20647,0.06767135449364658
20648,0.048217460572794246
20649,0.026580167999125506
20650,0.06623727027800638
20651,0.029531985211481548
20652,0.08539601716662239
20653,0.13590834514167807
20654,0.47079787663930506
20655,0.018436819854874793
20656,0.6148897289880147
20657,0.15466426534043895
20658,0.012676243623815104
20659,0.906801260482278
20660,0.06250583905820417
20661,0.009445266053155803
20662,0.003240462185999946
20663,0.0650105495408848
20664,0.004201618112474118
20665,0.01793505037109911
20666,0.006217191983803739
20667,0.0068224980609054055
20668,0.007643098073710377
20669,0.2508502115160388
20670,0.9925800442747926
20671,0.015377948706619111
20672,0.9373318192060506
20673,0.0778778409384586
20674,0.00882606242177496
20675,0.0009211653703128859
20676,0.06419757133803357
20677,0.03319308996265432
20678,0.009449923161282826
20679,0.023508151132090333
20680,0.24099879285180692
20681,0.009562529633710412
20682,0.27778957252693004
20683,0.826788644363833
20684,0.0058163754607191325
20685,0.08161810545677167
20686,0.02872611192323624
20687,0.0124484664269325
20688,0.9175611144544087
20689,0.673606016183528
20690,0.005471494213611862
20691,0.000489428764345924
20692,0.6423286858344602
20693,0.018965971627529412
20694,0.0029318868484135515
20695,0.0016616476195126042
20696,0.002828197074654112
20697,0.9929355757467277
20698,0.006183395874617034
20699,0.007592767535346892
20700,0.0037860706380602165
20701,0.5836148856027911
20702,0.013714844307112973
20703,0.8543993343642267
20704,0.0062515838816395415
20705,0.10946585244694677
20706,0.015042059833126951
20707,0.01986277403564835
20708,0.049955686890424546
20709,0.0037887362785014927
20710,0.016707641396529836
20711,0.019110546120443356
20712,0.37828408600528857
20713,0.9631233760076027
20714,0.8378665264155862
20715,0.004530121849551446
20716,0.06653852244751043
20717,0.13772215052230427
20718,0.3503546462007357
20719,0.0013936972545910036
20720,0.2875722287880877
20721,0.025313546192641014
20722,0.09838772612346497
20723,0.006529307991478608
20724,0.02036827214365308
20725,0.0015181396083508599
20726,0.011270853550555323
20727,0.8891437561683112
20728,0.00825260096459216
20729,0.009035139762449688
20730,0.032712866470514905
20731,0.16958503136944963
20732,0.015357551941040501
20733,0.9417861712891579
20734,0.0760347058780333
20735,0.23576417291240473
20736,0.00791475563244678
20737,0.7095736138579949
20738,0.9263030626005858
20739,0.016332768553527256
20740,0.02673974071937179
20741,0.9044349793115946
20742,0.0015484541832043823
20743,0.06225196858579914
20744,0.5148626273266765
20745,0.9364350763153265
20746,0.019785498987509656
20747,0.013162199165170233
20748,0.008483572230070457
20749,0.008240614069510526
20750,0.20607209491890138
20751,0.9841265363624595
20752,0.02402842731144864
20753,0.129253234587689
20754,0.09922729961969286
20755,0.2413506921380951
20756,0.05292774056815042
20757,0.11243289827576676
20758,0.01978288692855984
20759,0.3046382471234835
20760,0.0032034554177858944
20761,0.023641184096304103
20762,0.418639835881959
20763,0.004236317683765901
20764,0.7546699576252766
20765,0.05590233489924729
20766,0.03414460451928992
20767,0.5832396166458741
20768,0.01217773060375228
20769,0.0157942170169167
20770,0.006341994734018263
20771,0.01027094875947997
20772,0.011629446280093277
20773,0.0025001463204116113
20774,0.026930149151290588
20775,0.029378630201894518
20776,0.02409485056363167
20777,0.003562100845453952
20778,0.07064289350036876
20779,0.602297948160761
20780,0.9719390741522445
20781,0.018018039683473826
20782,0.023083880431544815
20783,0.8197709062740312
20784,0.01714804197932913
20785,0.0044224382231362975
20786,0.9919822055036482
20787,0.01953277594988412
20788,0.6287087407565735
20789,0.6122906368687183
20790,0.021094438562723656
20791,0.9263187007167152
20792,0.008904852420330046
20793,0.02604007137198216
20794,0.0007802674104071135
20795,0.020265277596403616
20796,0.582336734853766
20797,0.2731618231331549
20798,0.004613962213740882
20799,0.03673223617731256
20800,0.8776887464611666
20801,0.16459801138035665
20802,0.0942566382950851
20803,0.9795772176126178
20804,0.040407178440675616
20805,0.053411695868290365
20806,0.5262517284744184
20807,0.016923826881693988
20808,0.008654134316980384
20809,0.2058738097506775
20810,0.06762387014506092
20811,0.01970155651232988
20812,0.13562625067976283
20813,0.02577451839158244
20814,0.06295498563279563
20815,0.7329855737905917
20816,0.029645551414460174
20817,0.0004079848505725245
20818,0.0006758871673505505
20819,0.01861593872086508
20820,0.5918741798139774
20821,0.5451944485005146
20822,0.09913910743006057
20823,0.0015830566631476336
20824,0.019012819521854893
20825,0.1483516636921737
20826,0.02009218402610939
20827,0.0820990635994475
20828,0.5349885619721132
20829,0.18740825129116623
20830,0.4548342356299648
20831,0.16035040358233413
20832,0.024383609443049004
20833,0.9093815079147077
20834,0.08644448193337086
20835,0.004871256255943425
20836,0.8025494859775975
20837,0.006912538877084321
20838,0.011061748181554084
20839,0.017627325468615677
20840,0.01247229694108464
20841,0.04376073593656042
20842,0.020274756292538172
20843,0.03549725910976462
20844,0.024725724080525854
20845,0.4316381244911271
20846,0.0017377367714940344
20847,0.013795330841879493
20848,0.0028909276969897174
20849,0.006622608220989475
20850,0.029316869096491043
20851,0.024010948620969395
20852,0.9780769385295704
20853,0.041754152817930254
20854,0.006185326690109215
20855,0.32934967650324476
20856,0.13878909363946884
20857,0.797980871268472
20858,0.8930058187911445
20859,0.015078510721544187
20860,0.09670022223347809
20861,0.023842571114771775
20862,0.21746932904903996
20863,0.30335857481397077
20864,0.03598210835165981
20865,0.10518391853797938
20866,0.006099680779289902
20867,0.005560548670017878
20868,0.9400160558344899
20869,0.0026538788520142063
20870,0.0037347085950842416
20871,0.0033279529818392934
20872,0.011095311944030737
20873,0.007865052198914667
20874,0.8904170089579765
20875,0.5718000906675733
20876,0.11020006470312725
20877,0.12077499221242999
20878,0.07699770456657004
20879,0.0009368742766580037
20880,0.015592612598181085
20881,0.05316254917312484
20882,0.2972777382151365
20883,0.009340636827715902
20884,0.011350530089124115
20885,0.043614981184235006
20886,0.05012156749852223
20887,0.004396112317825752
20888,0.05069565730902218
20889,0.06603062210500048
20890,0.16324255139134958
20891,0.026735569993795113
20892,0.09880711273794725
20893,0.2801272952641001
20894,0.19586576810929987
20895,0.3917302758695009
20896,0.9038086401810178
20897,0.0006725045497947138
20898,0.07447794180337056
20899,0.09584013274633311
20900,0.010462838256723186
20901,0.007394864858271889
20902,0.05214447148028326
20903,0.8349560627374477
20904,0.014707787996376554
20905,0.011590752383178447
20906,0.024544352666693425
20907,0.024849273431142037
20908,0.004002051232458576
20909,0.004185006380586095
20910,0.1313037340585176
20911,0.6298939714052065
20912,0.005197500763804551
20913,0.8058703973358885
20914,0.12403993983867834
20915,0.014583756610386375
20916,0.0025337514817927033
20917,0.05753914933433506
20918,0.017119102767211205
20919,0.0073539000911895264
20920,0.016743166128764937
20921,0.0015421470194203234
20922,0.958164204096326
20923,0.003804755007999811
20924,0.9177168315794136
20925,0.1679224302244983
20926,0.9976768246808002
20927,0.036614950030717505
20928,0.0773285308522795
20929,0.40074007801738026
20930,0.008373363241672423
20931,0.013200526458304083
20932,0.006087152759759474
20933,0.020777557618105496
20934,0.04384216577018972
20935,0.021338744554964865
20936,0.9691605185915532
20937,0.008523664776347075
20938,0.042052730082201784
20939,0.0019490597233310645
20940,0.2075662968709901
20941,0.008961352483490193
20942,0.2818850042805353
20943,0.28338634196901363
20944,0.9217795455511938
20945,0.00891813329747175
20946,0.9662302208186884
20947,0.012436001093272041
20948,0.015690472500669336
20949,0.2484693194277388
20950,0.02561480460747175
20951,0.04003502100840288
20952,0.5709176058962501
20953,0.013598678176277215
20954,0.006036389047658509
20955,0.0231714069522705
20956,0.004369393977185276
20957,0.022387723251339524
20958,0.030151687919033016
20959,0.9419532280218057
20960,0.12137795631800373
20961,0.03711652204333236
20962,0.004824108721087936
20963,0.0029716152751557527
20964,0.05923027786866997
20965,0.004865587335134894
20966,0.016282448500217976
20967,0.0431162495343627
20968,0.0384937120038139
20969,0.002395869160750514
20970,0.0026151638981770356
20971,0.018212626898465062
20972,0.006788279888603603
20973,0.020264695445414493
20974,0.0025047826145762945
20975,0.25223280877063337
20976,0.0023151698299660175
20977,0.10219533829633232
20978,0.09380588635496355
20979,0.025991609690758217
20980,0.16693911737607767
20981,0.05479531969790711
20982,0.01613247676786271
20983,0.017769316287536543
20984,0.01161074429742902
20985,0.008765986011347
20986,0.08502017109168229
20987,0.9819140430571539
20988,0.7850998420740029
20989,0.06709959121788019
20990,0.6536874500136434
20991,0.9905018147680326
20992,0.30339904549394864
20993,0.0010260865446594825
20994,0.04724787265962349
20995,0.03852207340190315
20996,0.010106597318130118
20997,0.09202671007020374
20998,0.20984403096675217
20999,0.005705822745958462
21000,0.9852089498313755
21001,0.004101280174316229
21002,0.8980678807304581
21003,0.007516291231240517
21004,0.6752389127389706
21005,0.013022282433715223
21006,0.9632221500988559
21007,0.006773327512702956
21008,0.045045662126049886
21009,0.019593764284494854
21010,0.9377176436009004
21011,0.032692576687027484
21012,0.01477250293538665
21013,0.02095782008408144
21014,0.12344280134156606
21015,0.23232565407744374
21016,0.1877359892821087
21017,0.004456755906153396
21018,0.003353759411580875
21019,0.030674702458578836
21020,0.0986740642198211
21021,0.01876667701824011
21022,0.8558797662961725
21023,0.0185650046834365
21024,0.8163228694915644
21025,0.10837733146256077
21026,0.02678217340059203
21027,0.9826936943410126
21028,0.9050427916489824
21029,0.021475039363962
21030,0.12134602054647776
21031,0.8188355902165583
21032,0.049303510623817944
21033,0.7518200785145348
21034,0.5867273987551302
21035,0.023864734523554386
21036,0.9894098385852191
21037,0.763207198518724
21038,0.016498126572165216
21039,0.9637964921748257
21040,0.017268903621120667
21041,0.020880536086329147
21042,0.10687584131868505
21043,0.003589016917157254
21044,0.8701724265239681
21045,0.030714087304095163
21046,0.2923843145944589
21047,0.9535359606352863
21048,0.007101421129221227
21049,0.9846026195358422
21050,0.010481905894546999
21051,0.3551095983592325
21052,0.024103926741527202
21053,0.032113696552805604
21054,0.6721001904614805
21055,0.007230923824138686
21056,0.024771619403465128
21057,0.9956068672793191
21058,0.005936012753257803
21059,0.9176923573677381
21060,0.9113519913903861
21061,0.054643624983323175
21062,0.0028107214263928745
21063,0.025030019135185592
21064,0.6405109387032051
21065,0.20951775394269667
21066,0.0032306259594436938
21067,0.0026214558440006766
21068,0.08173458106041802
21069,0.04927945997982323
21070,0.04829794285441631
21071,0.7295904894875139
21072,0.002212237474935759
21073,0.2250831359407077
21074,0.019435341893895754
21075,0.014637287576506931
21076,0.008625313491359015
21077,0.0610332895762637
21078,0.9354275176451049
21079,0.9393043475822076
21080,0.01475823157757824
21081,0.9901397767912099
21082,0.035281762287411214
21083,0.01737722574258259
21084,0.3984640989966319
21085,0.0019466349421895187
21086,0.041693828433124316
21087,0.03158320469638021
21088,0.21719788403248444
21089,0.09002245609942337
21090,0.28011536646020574
21091,0.00902721013464175
21092,0.8451064074686251
21093,0.0023645784596069107
21094,0.021073047761711226
21095,0.012004024494125356
21096,0.001962440964882764
21097,0.031610798769355755
21098,0.019123990125586066
21099,0.06268552922266434
21100,0.009319585362554218
21101,0.005600280972105242
21102,0.002983360751615758
21103,0.08540177891097321
21104,0.06102933060060479
21105,0.0042485951117324635
21106,0.7556520811667045
21107,0.037084404704063545
21108,0.042510645784004875
21109,0.8899420921455751
21110,0.8587575038293528
21111,0.9987662716881089
21112,0.0023934767770147285
21113,0.014160041070716684
21114,0.8453121226057052
21115,0.2061451108259048
21116,0.9646706262255809
21117,0.1158477972548743
21118,0.0037830544216177872
21119,0.993405354805173
21120,0.0004900843197779673
21121,0.5193928529328415
21122,0.022701155271208306
21123,0.02732479742075348
21124,0.010686870919916294
21125,0.08400872919361385
21126,0.001297363819906292
21127,0.007894305942126641
21128,0.003294428143130107
21129,0.008371368465618655
21130,0.9160093727394149
21131,0.6207331723731122
21132,0.11440068640104
21133,0.014238509097116563
21134,0.0074224682797621976
21135,0.8598404273768809
21136,0.010692982058266128
21137,0.004463946465894146
21138,0.0030453694360491994
21139,0.06168806002266141
21140,0.4050708727146225
21141,0.013265691928773993
21142,0.005863938607649318
21143,0.019600099295143118
21144,0.0031169318429368448
21145,0.020859777663741415
21146,0.02702257422934176
21147,0.5478671709302331
21148,0.32881279494940535
21149,0.021208130920852622
21150,0.008483278249621903
21151,0.79940853881412
21152,0.023816690503836935
21153,0.7250591375930922
21154,0.03996856765229429
21155,0.03460739503909139
21156,0.7258091884681032
21157,0.02849214531276607
21158,0.14632630836973556
21159,0.026770137515149537
21160,0.016472808479778417
21161,0.003354010617470215
21162,0.04781338332563836
21163,0.7794233046836899
21164,0.009774360639681496
21165,0.07441951415978415
21166,0.9643567931732524
21167,0.014766797192054893
21168,0.015861355042218743
21169,0.43007171456656423
21170,0.08117729015598707
21171,0.058477092320490344
21172,0.14223899229169643
21173,0.00640506348393985
21174,0.9874738695496447
21175,0.24782220176553846
21176,0.005286968437370758
21177,0.814585564786675
21178,0.554820103669235
21179,0.005302356811139628
21180,0.8801925601144744
21181,0.03004392861847673
21182,0.0015931262241265281
21183,0.02886269375657834
21184,0.8376334720142363
21185,0.014778992029220804
21186,0.010094803980723903
21187,0.0018340954940217374
21188,0.004012324127404207
21189,0.0019034623678726291
21190,0.009510503492806183
21191,0.9359446933724126
21192,0.3637199446925654
21193,0.2849405629545123
21194,0.9888102375089936
21195,0.04888073142547627
21196,0.015387134460675642
21197,0.0023454953834168295
21198,0.006426229422778395
21199,0.5645517402869954
21200,0.013627497460567265
21201,0.009477554057322084
21202,0.004125768470384893
21203,0.1493652740557086
21204,0.014345533386668491
21205,0.0015249182333737232
21206,0.9179909351616463
21207,0.003170733066797818
21208,0.011764958981709173
21209,0.925694025395245
21210,0.2178378472915856
21211,0.9152876762634555
21212,0.008800660645028222
21213,0.8383997656014435
21214,0.02934823748428765
21215,0.026245048124323548
21216,0.3313435795761793
21217,0.058344475105061626
21218,0.003082991781646674
21219,0.012403747071974985
21220,0.31549164806429125
21221,0.013571235026969388
21222,0.005318638679449629
21223,0.03311020875694016
21224,0.4499445992491546
21225,0.002767265823362651
21226,0.26553394057252055
21227,0.012281454561670698
21228,0.9533373527114015
21229,0.8931049573587115
21230,0.14243997819553214
21231,0.847033729493733
21232,0.03610675440430566
21233,0.2493061244500285
21234,0.05216348310026043
21235,0.6128147220787535
21236,0.835614741339758
21237,0.003455654494650546
21238,0.008446529727936464
21239,0.02060814706999058
21240,0.007677238446334622
21241,0.2753134113178807
21242,0.9612322399496548
21243,0.09244078911784263
21244,0.03489657422307013
21245,0.9777941081521675
21246,0.001337087342535202
21247,0.005237867987066601
21248,0.02074653380458792
21249,0.9857592880772179
21250,0.002335916452481249
21251,0.006660537833185908
21252,0.05779753657872235
21253,0.021397653196675363
21254,0.017569498202356107
21255,0.08496969459232695
21256,0.0333567565221544
21257,0.8974802754869758
21258,0.11238396366025094
21259,0.01169571929761605
21260,0.031441093922015544
21261,0.018050040528830486
21262,0.026732670058931346
21263,0.09437870692066361
21264,0.0027721110704302383
21265,0.010138048883906788
21266,0.005514372457436494
21267,0.01916127835037351
21268,0.9841375680345761
21269,0.16668940462861556
21270,0.033324984323803354
21271,0.17130149401571146
21272,0.1244562099043964
21273,0.012514851873637248
21274,0.005848291917384909
21275,0.1761217014198541
21276,0.002958751298097656
21277,0.005751861616349932
21278,0.8437035932885815
21279,0.08254776140694585
21280,0.0970662633675238
21281,0.0070324293209334384
21282,0.13578635096996083
21283,0.06055462810507486
21284,0.9598169740974503
21285,0.1495838245478657
21286,0.28518477192465586
21287,0.0013022073191716725
21288,0.008762054105007527
21289,0.0027334437721993504
21290,0.6472019102134203
21291,0.0004733508865491937
21292,0.734939780249289
21293,0.009744192141178245
21294,0.05734050075254625
21295,0.7450646694656294
21296,0.0032304736708212807
21297,0.9771377377200625
21298,0.24564347562245162
21299,0.8314801781586154
21300,0.08201613037611019
21301,0.9955186522507545
21302,0.9725136885121091
21303,0.002939519192913996
21304,0.0009748208167138067
21305,0.008588104892062009
21306,0.018253296135830547
21307,0.0018017911403802084
21308,0.03553214821760451
21309,0.07721529623125335
21310,0.00790273645936828
21311,0.046401797121754344
21312,0.6766853735779828
21313,0.0060974637782342505
21314,0.1517375663523677
21315,0.08891485061988437
21316,0.37735117806492213
21317,0.1308283956297336
21318,0.9024977205582548
21319,0.008204378436059537
21320,0.025558266511539456
21321,0.0046786394722864635
21322,0.03687457229692361
21323,0.9876273841029489
21324,0.005359222154296232
21325,0.007106614326843328
21326,0.8011182619893943
21327,0.0005582992301754998
21328,0.019165833138256545
21329,0.03768024629725653
21330,0.00045938301887772344
21331,0.0017827584189924154
21332,0.46542750767811175
21333,0.0015719502367377237
21334,0.8222982185680376
21335,0.29125773937138555
21336,0.024153736818052895
21337,0.43368794917671216
21338,0.8976966595847784
21339,0.08511873777584725
21340,0.0039365493968803395
21341,0.00681705268331556
21342,0.1515028835271822
21343,0.015477114209952523
21344,0.0007423649228144862
21345,0.021260013009520105
21346,0.004158394903455274
21347,0.018442364336384874
21348,0.9916822047129695
21349,0.0013432478538491824
21350,0.015982163285417423
21351,0.9557138871465408
21352,0.006119974939170627
21353,0.9041969291126883
21354,0.0005189854935637844
21355,0.029717519001789778
21356,0.00548129692208658
21357,0.011029049760918794
21358,0.14055823848754465
21359,0.9107954739079739
21360,0.46100254765343673
21361,0.9993056477919797
21362,0.013074455973382176
21363,0.033558181910928464
21364,0.005049146055989041
21365,0.010516285903767351
21366,0.01505598574908088
21367,0.6182182042107929
21368,0.9927301652303322
21369,0.009175748259158869
21370,0.9735050483692108
21371,0.9864587283548139
21372,0.004904679245632863
21373,0.002135615718826232
21374,0.01015704689283067
21375,0.012760514704764492
21376,0.5112771742811872
21377,0.09574239355462145
21378,0.9397878239780679
21379,0.049663330740613756
21380,0.7117525769343008
21381,0.009616770530310435
21382,0.026362379807727248
21383,0.0031288303016589088
21384,0.0011136273371638316
21385,0.018644553993515483
21386,0.9723655461732875
21387,0.7335038488444069
21388,0.39534865188394924
21389,0.013637616775588479
21390,0.002706595355180799
21391,0.012948143089312135
21392,0.015145113661397414
21393,0.007725288589752557
21394,0.09426305606589525
21395,0.66784319487402
21396,0.10416515632564148
21397,0.9805906661317604
21398,0.0031358886399189627
21399,0.09425054360783935
21400,0.6692667998452482
21401,0.0022348018739910412
21402,0.01596591760197915
21403,0.3826178148382255
21404,0.02023832629557545
21405,0.0056179826949629
21406,0.0014145460737567412
21407,0.0371656240453413
21408,0.034458629167729474
21409,0.01351310033298459
21410,0.13058482662827067
21411,0.4458644176320251
21412,0.010918621465831802
21413,0.0030291349321999238
21414,0.010695221076828552
21415,0.015528240611406187
21416,0.021917514251254974
21417,0.059118812946871706
21418,0.01210126826468323
21419,0.007999176256772789
21420,0.006439652174612683
21421,0.2761096062532868
21422,0.04525768019979496
21423,0.008937680416725291
21424,0.21660228461336187
21425,0.28536137110696974
21426,0.12241924878007772
21427,0.04041087840209795
21428,0.07478628187758743
21429,0.24046750028973263
21430,0.002786113280717604
21431,0.05342621230839709
21432,0.09713301833968074
21433,0.013570529769270446
21434,0.0011473292657734199
21435,0.00519751292251048
21436,0.12348012140417744
21437,0.06673377507515112
21438,0.0016235506040141543
21439,0.2953298888006773
21440,0.00609817746987618
21441,0.008961628193269752
21442,0.005596393415382552
21443,0.011132904608636194
21444,0.004282852879212882
21445,0.31372559293471286
21446,0.013169899822326695
21447,0.010815824354268552
21448,0.020263932300143752
21449,0.014677724236504259
21450,0.07298621053618543
21451,0.7425802921436205
21452,0.8161066830176491
21453,0.02046253984076384
21454,0.0270934316578428
21455,0.6208438777147405
21456,0.02093108730799799
21457,0.002555709022177321
21458,0.4866383242990908
21459,0.2036317912029787
21460,0.005311207625605174
21461,0.005487904926856612
21462,0.8413126822848832
21463,0.004380857855630877
21464,0.10338029604014794
21465,0.19375251187301284
21466,0.05323932280407887
21467,0.7561960633844071
21468,0.0004743979149924946
21469,0.044090481490624826
21470,0.35669489115968006
21471,0.05971426718229361
21472,0.6639447252521122
21473,0.017761457689207383
21474,0.6922001131295754
21475,0.006178725485716805
21476,0.0008773703524444049
21477,0.004787066885879292
21478,0.0012334154717394607
21479,0.8719969807951617
21480,0.44264113495579505
21481,0.004181159962699153
21482,0.02706144190781478
21483,0.9164297639599457
21484,0.025816675266490466
21485,0.010753267583941479
21486,0.02214246218049678
21487,0.40915083741103575
21488,0.20608166605542058
21489,0.04791991211938871
21490,0.006297961149877195
21491,0.005605669373644695
21492,0.043533626145496336
21493,0.23571598404801675
21494,0.048215027223275406
21495,0.11189441491871041
21496,0.01812199986606559
21497,0.0013245461149598103
21498,0.0030258536382949514
21499,0.2643680236110821
21500,0.1916200841800902
21501,0.013669230081578802
21502,0.07832359096975018
21503,0.09203393179197904
21504,0.44432122738897534
21505,0.2031878049228924
21506,0.005301060468307273
21507,0.0020262904850432014
21508,0.8030280376397647
21509,0.0016211490139504013
21510,0.8459069482694898
21511,0.6277418176197784
21512,0.012625277005129254
21513,0.04570973131197153
21514,0.021161880399916996
21515,0.027610508606184615
21516,0.7641521117792669
21517,0.03905912487247699
21518,0.010734618354032348
21519,0.003729038814263171
21520,0.05800989759609571
21521,0.02884004035712814
21522,0.01162552934604543
21523,0.021727400217847706
21524,0.004760353300136278
21525,0.15277513948953436
21526,0.8816800574543122
21527,0.0030210037592728616
21528,0.0012332947800390518
21529,0.023658507490383878
21530,0.3774257961519688
21531,0.43143851512759746
21532,0.7317988231295895
21533,0.004971768787036861
21534,0.05285516907083505
21535,0.7700943476539154
21536,0.8944946071484975
21537,0.281226736308555
21538,0.0015577689160186324
21539,0.6233052619803476
21540,0.006971012324954522
21541,0.07683162732336407
21542,0.06961964128462027
21543,0.10264321184207173
21544,0.041811171461155
21545,0.9497240415060415
21546,0.2318883835050262
21547,0.0010917770049004886
21548,0.014646374985853913
21549,0.043642212910768766
21550,0.8217905734794406
21551,0.1377933075700569
21552,0.04124355663562861
21553,0.0034796642130883564
21554,0.014161316191782122
21555,0.32604622087313806
21556,0.09730337641537323
21557,0.01357644758226511
21558,0.1202836720198038
21559,0.9737733521966387
21560,0.0017815412838988935
21561,0.014782693842408838
21562,0.01773175460352379
21563,0.019889872136931375
21564,0.00301960773418603
21565,0.005654304418862494
21566,0.3224505774459035
21567,0.0038204287052903533
21568,0.051091855348160374
21569,0.02656371793402349
21570,0.615207878563577
21571,0.00895998644816408
21572,0.6935252009094706
21573,0.021773926396212968
21574,0.007398435317437687
21575,0.8494848698675227
21576,0.526798062809126
21577,0.25422845981456466
21578,0.04179630900366364
21579,0.033990079816485254
21580,0.011443002049382282
21581,0.2606234852385071
21582,0.04103213529077743
21583,0.30794027965935183
21584,0.025695133109397885
21585,0.3309946057919829
21586,0.8575098434903302
21587,0.005778059533638215
21588,0.6677911516801951
21589,0.0572921435967961
21590,0.049065263633668886
21591,0.13591739067337189
21592,0.01196831816412758
21593,0.9718313680717814
21594,0.005119850292015419
21595,0.016224664424997568
21596,0.05423209031968266
21597,0.0922401206481102
21598,0.8135037814652871
21599,0.0022790879874317166
21600,0.8163349215954482
21601,0.043474527039551195
21602,0.06977120159859902
21603,0.9441187448732752
21604,0.0075546957915945965
21605,0.05536702131725689
21606,0.005315041898653143
21607,0.01445017448812581
21608,0.06500515874909073
21609,0.6864355116368481
21610,0.011801214729569008
21611,0.052642271577443535
21612,0.01898473738526383
21613,0.0045684618661577005
21614,0.27754737192448503
21615,0.023758619370717955
21616,0.12006385130272583
21617,0.8570341714233154
21618,0.005003554996547465
21619,0.5512157635076096
21620,0.010258760703166494
21621,0.025868847377417105
21622,0.8871372780107779
21623,0.008202920638449431
21624,0.2761260344152156
21625,0.25442847591823525
21626,0.1337690967745113
21627,0.1944512771784542
21628,0.08035663660613773
21629,0.06330282319539023
21630,0.004384104439181131
21631,0.004550695786215389
21632,0.9496512975088646
21633,0.013884385011085272
21634,0.32140147256680857
21635,0.0011527603655947214
21636,0.07930786650474522
21637,0.22700192572263714
21638,0.07094505977405759
21639,0.9793995611606581
21640,0.8955328551360834
21641,0.27589877845962446
21642,0.016319148245204595
21643,0.12433048175567676
21644,0.0205234774229062
21645,0.010951216130704464
21646,0.20199854891808067
21647,0.018630313054980835
21648,0.9984647705679063
21649,0.09649258525646312
21650,0.0334584575381801
21651,0.23876118445476707
21652,0.012887253939932746
21653,0.13993482245767894
21654,0.0022746541166412323
21655,0.02111025215140111
21656,0.021938604379866982
21657,0.07079147331394811
21658,0.009870678013170396
21659,0.008838460732582888
21660,0.05655685378722884
21661,0.023835368567870437
21662,0.32779431023681577
21663,0.07292526753523602
21664,0.3647743927686288
21665,0.006260198817925781
21666,0.205075704987208
21667,0.008083472290515223
21668,0.010151509162472863
21669,0.04691694885275694
21670,0.6901338589572572
21671,0.001018946091355802
21672,0.0923184734926113
21673,0.5858847864018402
21674,0.019910780228047868
21675,0.916491120831909
21676,0.03451239514033471
21677,0.014314936179284107
21678,0.1730567729482843
21679,0.0009456617599890168
21680,0.2962288383385818
21681,0.012986149246183356
21682,0.006956342737814581
21683,0.03585698697858706
21684,0.5737639485077948
21685,0.45182321316241736
21686,0.0037972366702472182
21687,0.0012102709527073367
21688,0.03847240036053609
21689,0.6735032767893786
21690,0.8390695714045923
21691,0.008672049943691158
21692,0.27271234766910624
21693,0.00769982211713616
21694,0.3616784847870022
21695,0.01462146724739731
21696,0.00854538683591653
21697,0.01167783821131976
21698,0.014594674213803331
21699,0.011963078139948525
21700,0.914140350414708
21701,0.12488473887381352
21702,0.3292943740288005
21703,0.009643026915651092
21704,0.06651181581231827
21705,0.04525038175584547
21706,0.3536563957407873
21707,0.007656429106786694
21708,0.0038932666642607816
21709,0.033656349853847405
21710,0.02664155288298377
21711,0.07963723739514106
21712,0.02006608234217138
21713,0.31477810298332265
21714,0.06178863625602494
21715,0.008891779078311483
21716,0.9680262867849371
21717,0.006788687468707484
21718,0.5616912647494001
21719,0.9824612316637851
21720,0.08217596838426824
21721,0.011320777829303429
21722,0.020751899031592108
21723,0.045174969051538616
21724,0.5112416966889295
21725,0.010750532989687719
21726,0.22547254357398006
21727,0.005300270037500214
21728,0.02920560382746531
21729,0.0073894898691908815
21730,0.0049616961706387755
21731,0.7196358009972813
21732,0.01244164453620768
21733,0.034026548547361056
21734,0.19161581912813785
21735,0.06531168448199154
21736,0.11189415680320759
21737,0.008583154164897251
21738,0.05664027070496054
21739,0.13967987933631076
21740,0.8778747791483106
21741,0.0009455469714238902
21742,0.0026051139179725583
21743,0.7923284827869755
21744,0.7313118018968708
21745,0.03040849840513114
21746,0.026466415076508387
21747,0.6975887567518194
21748,0.006942903631021973
21749,0.00041427664046535175
21750,0.02861932516451452
21751,0.0358753038257261
21752,0.3407015389282567
21753,0.02246726278618072
21754,0.9368369323381094
21755,0.004779068396507073
21756,0.08270408489533201
21757,0.0036206448614133557
21758,0.826489256049504
21759,0.0145841979205067
21760,0.038758337401173085
21761,0.9948198390534587
21762,0.013002000743012694
21763,0.0030046754320967343
21764,0.9812303273443326
21765,0.04123266914525868
21766,0.9079437044795483
21767,0.024908557179909113
21768,0.984131468246365
21769,0.25257526060702473
21770,0.04916462975372236
21771,0.06500895597889535
21772,0.0096250284067873
21773,0.005768808668365825
21774,0.0044419950845762
21775,0.967164968471081
21776,0.02019002610003334
21777,0.006541901104033164
21778,0.019023346191312306
21779,0.010260342477137443
21780,0.5774490604282386
21781,0.00269611981367613
21782,0.8068830799683843
21783,0.011540652857849769
21784,0.0034631564933197624
21785,0.013089609222676756
21786,0.2652090991624045
21787,0.003202072618718785
21788,0.0011789721367988166
21789,0.02361538622386075
21790,0.0058587651970758575
21791,0.002738723153443489
21792,0.3342359049446473
21793,0.65785768905952
21794,0.9252753413495074
21795,0.0045488629448839305
21796,0.09652063946484382
21797,0.91554019415862
21798,0.012595752803426837
21799,0.9909277402119547
21800,0.8199348119955479
21801,0.09612031155305654
21802,0.01000751510624106
21803,0.04457419647861647
21804,0.11313571397947549
21805,0.9198134580023337
21806,0.0553274316408648
21807,0.0054512530609091905
21808,0.9274598672610272
21809,0.7273792128863885
21810,0.005153443750741644
21811,0.7026154802342623
21812,0.00026971672055602666
21813,0.008401950148483545
21814,0.9426057595164685
21815,0.6580766813008437
21816,0.9707710455003461
21817,0.5443619574646495
21818,0.3617363205720829
21819,0.0017500688435920708
21820,0.01575575005099478
21821,0.12394166649058694
21822,0.007729963384235142
21823,0.006332675649801401
21824,0.0019448481064436272
21825,0.027768002912381625
21826,0.008800931099421063
21827,0.4948052602411586
21828,0.9940600826882753
21829,0.002664344658670753
21830,0.005416895305049654
21831,0.01741123396303215
21832,0.007700130162298221
21833,0.4393826056590039
21834,0.8343354191538701
21835,0.22467822568252757
21836,0.8302946604668904
21837,0.030111262039879506
21838,0.0014379412490397926
21839,0.14215524885135808
21840,0.004477388282890281
21841,0.08390052509069545
21842,0.5948133868290818
21843,0.35655012344336406
21844,0.7681538358980795
21845,0.005679653636140551
21846,0.0015760946008982243
21847,0.03156892548584861
21848,0.006475857211683291
21849,0.9184814207134926
21850,0.008003356551073587
21851,0.25813345358057943
21852,0.9757300487714738
21853,0.07821470958746826
21854,0.040822245879648625
21855,0.015193979742369915
21856,0.023887818990818238
21857,0.0031936290092934353
21858,0.006559368961909322
21859,0.010630056681136873
21860,0.47106607077421725
21861,0.0023844321252551644
21862,0.0015655295999854645
21863,0.002614286615262231
21864,0.0029213859808674358
21865,0.0007477596125409494
21866,0.7809223865329641
21867,0.013160015007835866
21868,0.0011998117473315628
21869,0.18257244759610086
21870,0.0003010998026988186
21871,0.02758648942106982
21872,0.0030244417820167904
21873,0.16935070666195892
21874,0.021817764846321985
21875,0.006459285176822728
21876,0.5623784024316705
21877,0.05550841587595777
21878,0.7634448431751757
21879,0.7874015865136986
21880,0.0029742289905907472
21881,0.06583725024861634
21882,0.006288663320564486
21883,0.012086640059036665
21884,0.9781578898528732
21885,0.009039891441411076
21886,0.021597498506638942
21887,0.4919358691217415
21888,0.7319933172975934
21889,0.002554061427209197
21890,0.9234434063030019
21891,0.013560290169323341
21892,0.6868728340878644
21893,0.03336896840508333
21894,0.9785495618849633
21895,0.016423518477276765
21896,0.006146248063802893
21897,0.002397960106217105
21898,0.6760477566257088
21899,0.9676384400268029
21900,0.021224794851666045
21901,0.009775360462259935
21902,0.07573251012542094
21903,0.017657178393982488
21904,0.031189218417293944
21905,0.0017699024674644836
21906,0.05572208839816579
21907,0.07221506642631585
21908,0.031770006356895385
21909,0.8301149550892823
21910,0.019449879941397876
21911,0.0239403419013795
21912,0.002320713924393852
21913,0.013385897663990473
21914,0.011375358418145952
21915,0.01803566151936578
21916,0.08014578484833712
21917,0.03191128871180741
21918,0.07743724935968908
21919,0.010333453685965631
21920,0.21986046464946848
21921,0.032649068877422985
21922,0.02335161591391059
21923,0.0351326479791459
21924,0.006632346101563882
21925,0.527448575089452
21926,0.006017984403539685
21927,0.023578286906948544
21928,0.05408289409334232
21929,0.28887512087544504
21930,0.003158960890822044
21931,0.009219252296610315
21932,0.9617334358295984
21933,0.001112445997393217
21934,0.004713548334532412
21935,0.021345962776602893
21936,0.8722150225437438
21937,0.009414834543706792
21938,0.0013849462997719644
21939,0.04178299170280666
21940,0.015399821457994617
21941,0.0049497181499153844
21942,0.429231270732699
21943,0.0008930953994403001
21944,0.0007916232157201984
21945,0.0008295238612364707
21946,0.017768943923813386
21947,0.0027867747782281136
21948,0.009949694074352507
21949,0.005285630900193534
21950,0.07745157269123452
21951,0.0023732754604799166
21952,0.011326540331171114
21953,0.5795116764550877
21954,0.3172883876813067
21955,0.7568973855990171
21956,0.48341997679287435
21957,0.016359875868412664
21958,0.00919631394724655
21959,0.9792337954786083
21960,0.02282003656744855
21961,0.010011278842309426
21962,0.000993746066126434
21963,0.06859340485467852
21964,0.02448150020150296
21965,0.002968650122223445
21966,0.039577318369743875
21967,0.033046792257321156
21968,0.8676372629776808
21969,0.013332956212997009
21970,0.9751871120380988
21971,0.5558999494549994
21972,0.32803753813970815
21973,0.0468385955002733
21974,0.5080975280464728
21975,0.034134358212364206
21976,0.0009622485488861963
21977,0.04468144362442992
21978,0.04073614563739106
21979,0.005464700337845522
21980,0.020341920954452006
21981,0.03829331611065865
21982,0.4767237200028913
21983,0.01988472975488256
21984,0.08180214837634149
21985,0.9737319974203725
21986,0.969909014597299
21987,0.9614473167984535
21988,0.0033573318146870837
21989,0.035194643825538025
21990,0.05963840921982272
21991,0.0018072325748466835
21992,0.0037869136800333684
21993,0.002922435969559981
21994,0.07287316051038584
21995,0.05640806469579662
21996,0.015933760450112532
21997,0.016015288855314374
21998,0.3820574707959363
21999,0.7402440923016603
22000,0.0010805373417040929
22001,0.34864831904748994
22002,0.6604934403485198
22003,0.0017290418484765602
22004,0.00926844096220327
22005,0.11840688103618704
22006,0.9678631085696255
22007,0.39613376993918564
22008,0.1982722618658405
22009,0.005053029125880469
22010,0.17343579600318101
22011,0.9784986415066061
22012,0.0060178374222437025
22013,0.42342566917765906
22014,0.004468474928119952
22015,0.02396976784738925
22016,0.008595884080709843
22017,0.013859333353037568
22018,0.041279694035760546
22019,0.02776857900398466
22020,0.17882454799951297
22021,0.0756094767592711
22022,0.8334791990457671
22023,0.08717401902081731
22024,0.02786073126460659
22025,0.02718633377697466
22026,0.32239607880315463
22027,0.29189951853370344
22028,0.021291341819761406
22029,0.004594174890450229
22030,0.07157833549296573
22031,0.001993905526608743
22032,0.10580872634886955
22033,0.017198722689627376
22034,0.6513016388952024
22035,0.2291364509474912
22036,0.37536680585743637
22037,0.10012918299340832
22038,0.295393268151322
22039,0.10258156622918661
22040,0.007101607630597935
22041,0.10891896431901198
22042,0.004611876039591065
22043,0.03389098228800466
22044,0.018920334737439065
22045,0.21071644216656493
22046,0.012376349072029067
22047,0.3315917721761851
22048,0.0817733647159065
22049,0.011970982137940974
22050,0.012079130160678344
22051,0.006959608695253614
22052,0.01788831879025503
22053,0.005423518566928848
22054,0.029512928517071577
22055,0.12050069654138704
22056,0.41114126407716833
22057,0.42978692577780625
22058,0.01495791531188123
22059,0.43084243691161017
22060,0.0044198899868047314
22061,0.21369656198510667
22062,0.08557845454298946
22063,0.15961509117972272
22064,0.051399524744877516
22065,0.011818042417461691
22066,0.09578685819919724
22067,0.025637171547032787
22068,0.056389992034576425
22069,0.0015472386954504815
22070,0.04283812106562416
22071,0.009312943320874338
22072,0.021612559721858726
22073,0.007791049281134012
22074,0.746421894826307
22075,0.9596525475534768
22076,0.012394444612461907
22077,0.010821103041018411
22078,0.01126945427681445
22079,0.00130818141516071
22080,0.12371766239998311
22081,0.004402084079860995
22082,0.9815440244723665
22083,0.7558641301098463
22084,0.0010909513505287472
22085,0.6636242525347513
22086,0.005257437325637278
22087,0.003913057117843792
22088,0.0017889965512546129
22089,0.003246279483467521
22090,0.006922382286043623
22091,0.010564420343572502
22092,0.0026538739458836524
22093,0.04271010797328663
22094,0.03408358392011336
22095,0.005668551236938041
22096,0.003487450916322105
22097,0.6066369214336187
22098,0.5114650796758928
22099,0.007942115074922079
22100,0.027514402895733384
22101,0.00471307117952511
22102,0.005135695321121024
22103,0.4530930866107296
22104,0.002583972936432667
22105,0.0031451108000024918
22106,0.007570280333093932
22107,0.459612370867322
22108,0.42516433132796727
22109,0.40202199138944844
22110,0.03472847791322651
22111,0.18282600657486886
22112,0.0159564889087583
22113,0.9538787646545023
22114,0.03510996856038028
22115,0.3555429464831004
22116,0.01707444271450356
22117,0.2032491439103115
22118,0.012733599833145143
22119,0.001576914436545148
22120,0.005224066224876425
22121,0.1621867169822888
22122,0.14993142123733363
22123,0.8175629161967288
22124,0.01662889341217467
22125,0.012200915467964424
22126,0.9402508307794156
22127,0.9120299562606436
22128,0.004310922938085318
22129,0.06581927484108553
22130,0.004426920843959135
22131,0.12268576056992334
22132,0.024671651258025364
22133,0.028955544120406164
22134,0.5067722248198604
22135,0.2674337724154122
22136,0.0010988424560959599
22137,0.963756752479907
22138,0.18704237317698702
22139,0.610512535254463
22140,0.03675433704758321
22141,0.012322778295265293
22142,0.17990734706958733
22143,0.026476516225541608
22144,0.21242430765537895
22145,0.9653328560029815
22146,0.006399474173471253
22147,0.0391398064195111
22148,0.00368469740900538
22149,0.0038766078781345306
22150,0.009303179229108298
22151,0.2561505327961065
22152,0.0034736273488518714
22153,0.024871281036022035
22154,0.01568805981958277
22155,0.007042150414847494
22156,0.19307037316021647
22157,0.0033615728397364047
22158,0.5857921033183967
22159,0.9021923871142776
22160,0.031943712954390094
22161,0.004116157814516225
22162,0.0190005219146137
22163,0.022261001481933433
22164,0.06651765158448045
22165,0.016992956886388067
22166,0.07576466842527604
22167,0.34418957549825363
22168,0.14587922089895686
22169,0.031953449808429034
22170,0.019989421669568113
22171,0.3848203127637492
22172,0.00527033184267178
22173,0.007161676476451954
22174,0.9803860836926377
22175,0.004545678463488635
22176,0.006277406243155878
22177,0.4998958820374999
22178,0.0065741640473698255
22179,0.00828780239927462
22180,0.008065213009161116
22181,0.0012877467933482805
22182,0.026303186124648652
22183,0.8488606295649028
22184,0.009859612142602383
22185,0.009951312195311325
22186,0.9623522935216855
22187,0.47611417801499434
22188,0.015427217368791213
22189,0.3908359993503777
22190,0.0005469040340335976
22191,0.7314761944609854
22192,0.236792826905018
22193,0.3403406278572208
22194,0.06285252134027836
22195,0.013637010386493315
22196,0.019359673900832024
22197,0.7031094524727622
22198,0.1317052240968873
22199,0.02075834183188388
22200,0.7601324041053735
22201,0.17432528384275064
22202,0.0010387492357606864
22203,0.012338253140996458
22204,0.01144383994651598
22205,0.08001454996652668
22206,0.023360621190257516
22207,0.8126864666836353
22208,0.010719762678230858
22209,0.350951970081038
22210,0.01668275280673935
22211,0.6533598935204095
22212,0.01274401192726483
22213,0.007182871526329095
22214,0.04811501570358841
22215,0.02289128234492639
22216,0.7985564200349069
22217,0.000418972489129711
22218,0.13579163324300242
22219,0.003509804121037636
22220,0.7696908014734349
22221,0.0007701932904411116
22222,0.036072406666364076
22223,0.46503789669151996
22224,0.013324577684738513
22225,0.034062139376870935
22226,0.001454621350148281
22227,0.005152036753526811
22228,0.8030921658323062
22229,0.008679925093640937
22230,0.7598349562368691
22231,0.7351731408631602
22232,0.12879079406851635
22233,0.006647641864594105
22234,0.05280457673405531
22235,0.012057629920267782
22236,0.011519264228123105
22237,0.01751013816113497
22238,0.9536634046667732
22239,0.03228064929367452
22240,0.001391474010378361
22241,0.07753381529813307
22242,0.052599454984906084
22243,0.005459714620969557
22244,0.0036739398957222015
22245,0.0913451770531424
22246,0.13682911551037572
22247,0.028635268998101513
22248,0.027687663125752195
22249,0.026949838080584487
22250,0.017718126028499735
22251,0.0053297924488449385
22252,0.9729945304290386
22253,0.0151959583154959
22254,0.07092484832722148
22255,0.004416655113174244
22256,0.050523765018562906
22257,0.14313947015153658
22258,0.04221680514170508
22259,0.007242027209563917
22260,0.014476511141167409
22261,0.004427032198652768
22262,0.7125440045848523
22263,0.9918850212602831
22264,0.0011561085290842962
22265,0.0005229735086162759
22266,0.00894446304352738
22267,0.01986591559182462
22268,0.22131533332801814
22269,0.004009798531214624
22270,0.001400854178249653
22271,0.0045973577424577704
22272,0.028296729397674535
22273,0.14895675064867706
22274,0.014188591066914663
22275,0.5293862386739405
22276,0.30418986556672717
22277,0.8810570227106261
22278,0.0777155949294699
22279,0.009160389543161281
22280,0.9719861857419986
22281,0.5844881055148213
22282,0.5558780795445444
22283,0.7171255026818059
22284,0.06915363248900344
22285,0.008923099478428582
22286,0.01609169195695042
22287,0.05809063552892995
22288,0.10883602652890265
22289,0.016241506044313042
22290,0.0026524174246055484
22291,0.018987553654370014
22292,0.02114130852064819
22293,0.9919141607188678
22294,0.017128711694252126
22295,0.03196711719293439
22296,0.9105723065878482
22297,0.9321602781280142
22298,0.9882184451585955
22299,0.04570110757214262
22300,0.012971061026705434
22301,0.008350054297767895
22302,0.019402537194484905
22303,0.1580154715331639
22304,0.006673825155805199
22305,0.639586085712495
22306,0.03247946168723854
22307,0.0004640821139494485
22308,0.7999549954225353
22309,0.06726493537776748
22310,0.9725537065055091
22311,0.010987186832226112
22312,0.913492538591445
22313,0.0016325249198628428
22314,0.0036958110182734897
22315,0.023160659152510893
22316,0.017531376342972162
22317,0.15669507119531753
22318,0.9508093089944774
22319,0.5893705071689026
22320,0.7757039542063646
22321,0.0167449845743851
22322,0.0036207379086379984
22323,0.007849017751776127
22324,0.00674743948939992
22325,0.051464286038735645
22326,0.41191857932124687
22327,0.20657398418954862
22328,0.011196855995901638
22329,0.15507772606237663
22330,0.7760146391735754
22331,0.1832023307915802
22332,0.024931309113641754
22333,0.026178747085909518
22334,0.0750753706294284
22335,0.1340584954107376
22336,0.11168519957844274
22337,0.005950240499600813
22338,0.07751971217028461
22339,0.1681857692492873
22340,0.047621401314684425
22341,0.003323774076168889
22342,0.005412423492924204
22343,0.008816366181271374
22344,0.009402470626024315
22345,0.014497188204926069
22346,0.15939856544194841
22347,0.8098110155133245
22348,0.9244488026037645
22349,0.9840307783036566
22350,0.018637823717612613
22351,0.02620605785231576
22352,0.030505871290393664
22353,0.00453506184140287
22354,0.02827630749075263
22355,0.21604081036211448
22356,0.40982929433996146
22357,0.0025724687945895414
22358,0.018481378406707608
22359,0.008736736201279072
22360,0.4120776299950949
22361,0.02790127906575793
22362,0.01905157500731697
22363,0.46754419801851127
22364,0.005216191505271874
22365,0.02013017328146742
22366,0.07142656461985565
22367,0.012933425432916831
22368,0.10133666132473218
22369,0.008822600736536373
22370,0.017449250500353116
22371,0.9821459096261951
22372,0.9824067392440489
22373,0.09650444281361421
22374,0.9715138453720373
22375,0.04884991515682877
22376,0.691264450545092
22377,0.018798784574159098
22378,0.1880945051316316
22379,0.9268283949330104
22380,0.024020400468111987
22381,0.9175996347189403
22382,0.022756155168667535
22383,0.9872962119606973
22384,0.0296608309329215
22385,0.8656851326156852
22386,0.013086544749132773
22387,0.9877766714677222
22388,0.023667850921292137
22389,0.12611129194376935
22390,0.0032326893825081835
22391,0.003708907538357977
22392,0.027658610048426305
22393,0.21368411599603662
22394,0.9966637650933564
22395,0.04113191652179901
22396,0.025701601223019004
22397,0.6642847823407598
22398,0.0046884090876988345
22399,0.7262635286277512
22400,0.22680269452954502
22401,0.21372909099054285
22402,0.041315923709929495
22403,0.17488042868439677
22404,0.02403864067096016
22405,0.19171275427783688
22406,0.012529053192218725
22407,0.011735293418503701
22408,0.007192289084052066
22409,0.024048469246812715
22410,0.1099985133402627
22411,0.7466146625552947
22412,0.8560996606306145
22413,0.00854890742295248
22414,0.007408308990361965
22415,0.09754270564715445
22416,0.0031992307348820857
22417,0.048983876866590316
22418,0.35938855407081105
22419,0.12901713938039902
22420,0.8604887524675177
22421,0.9800186830076124
22422,0.17508664703205823
22423,0.0038427039510976245
22424,0.00563104726022938
22425,0.9255647464225902
22426,0.1671356991515674
22427,0.0059781928423835425
22428,0.3017131401671762
22429,0.05657463351134094
22430,0.9971609949913571
22431,0.03304279930085983
22432,0.45998592262329224
22433,0.038223584086207026
22434,0.013131880131844803
22435,0.10484674651081172
22436,0.16644788758722506
22437,0.004132762449454573
22438,0.04796449015771747
22439,0.0038439788403361323
22440,0.0022303037596421
22441,0.005629687002786212
22442,0.025113998311464495
22443,0.006424404245786407
22444,0.0006450107595191804
22445,0.005658055298145563
22446,0.0653866328486173
22447,0.006279915290641916
22448,0.9181757097452701
22449,0.006859127574154586
22450,0.05877836945201011
22451,0.046503633787416884
22452,0.4497430330474679
22453,0.010306722929462206
22454,0.017415790857190857
22455,0.0030961950549904757
22456,0.9883768315806677
22457,0.3971803049202236
22458,0.00798828279867043
22459,0.030549956090257444
22460,0.013240973637912703
22461,0.000525321418463412
22462,0.10426772664371978
22463,0.0180214828582643
22464,0.6684109933999484
22465,0.7949063015074201
22466,0.2912752114851552
22467,0.004007389914381624
22468,0.007520304650553053
22469,0.0032348465692961215
22470,0.31810137462437615
22471,0.41531891920403113
22472,0.9345705835683474
22473,0.008428588695625672
22474,0.029886747838423308
22475,0.05668813578697815
22476,0.0016852477731039094
22477,0.0030563799043288567
22478,0.4507865190993881
22479,0.03748198140193473
22480,0.0375234790205244
22481,0.09900440102029776
22482,0.053093461683599213
22483,0.0061208768076013225
22484,0.5573349494919492
22485,0.004507166607703723
22486,0.7598268117805881
22487,0.8997738964104772
22488,0.9812790691039242
22489,0.994924121443578
22490,0.015970985218705266
22491,0.001231975383942685
22492,0.0712457166690777
22493,0.03433130661527645
22494,0.043847337415512576
22495,0.39156988962998934
22496,0.01596703837430003
22497,0.005567526105295726
22498,0.14130520449453685
22499,0.004980125938830391
22500,0.0033041684212763932
22501,0.0026291797419842325
22502,0.012522080250110224
22503,0.00946356694578208
22504,0.14559797773374725
22505,0.01380380613852293
22506,0.9864821145201864
22507,0.3304941977518682
22508,0.007603168720075675
22509,0.9237955429694078
22510,0.008865100662391984
22511,0.817751741817403
22512,0.02726493113880319
22513,0.0016038202831977876
22514,0.0479817002044477
22515,0.7141259589840584
22516,0.011222407030086735
22517,0.5630900343718276
22518,0.015014252023191479
22519,0.005866081714637443
22520,0.9865843320051847
22521,0.3043682901429577
22522,0.00620171579721884
22523,0.3454238449722338
22524,0.03449714446773339
22525,0.009373929150127417
22526,0.00892817032340682
22527,0.9870570614736712
22528,0.005014260868148089
22529,0.9378237620242105
22530,0.09353796089968879
22531,0.11503021639069996
22532,0.07986068600887608
22533,0.019533316655781764
22534,0.0359933506634252
22535,0.4354246049290959
22536,0.2571224876748514
22537,0.011450165838721042
22538,0.08324716545605258
22539,0.137460651480276
22540,0.002904877348696935
22541,0.0128426295556615
22542,0.011676085541300108
22543,0.015867901657097738
22544,0.08533352729041936
22545,0.005829966460368337
22546,0.93797144155951
22547,0.010631951673542367
22548,0.9232947816519277
22549,0.010993866979506313
22550,0.16656451996831498
22551,0.8596858319939861
22552,0.022476325277351692
22553,0.014538846158395765
22554,0.8928827212481183
22555,0.8074356915596752
22556,0.00806568954822146
22557,0.04933713813287086
22558,0.2898333076842813
22559,0.1084328613416406
22560,0.22918013751027402
22561,0.03140614159541367
22562,0.0018177153430274727
22563,0.06418488653369979
22564,0.9763207866176351
22565,0.8668103722230664
22566,0.3556690297926185
22567,0.001262221162835164
22568,0.07169424876183293
22569,0.040272681934302564
22570,0.0017861733716619786
22571,0.12914444720383458
22572,0.04322511460254754
22573,0.09490521038317916
22574,0.004371908560586462
22575,0.3403002394902761
22576,0.8000755909067093
22577,0.1619021561447104
22578,0.30158102285393446
22579,0.0013693823075699788
22580,0.4508713262624943
22581,0.0013881836975588075
22582,0.27985962043380225
22583,0.391253068309864
22584,0.9812120902996199
22585,0.02180421617826473
22586,0.0027364603009777506
22587,0.018143999134010994
22588,0.03276704410102224
22589,0.05986061062673272
22590,0.9862444182365177
22591,0.10562922692791457
22592,0.004784279889973254
22593,0.005875100965460351
22594,0.0824799216887159
22595,0.27976121588719655
22596,0.05343485485772177
22597,0.25151298489199797
22598,0.2576809183194485
22599,0.06319761204540156
22600,0.006537287742484279
22601,0.028379492086768956
22602,0.006554630548911595
22603,0.9979793231921945
22604,0.0015104159283591608
22605,0.006954751317708982
22606,0.06142467652267116
22607,0.04947540905029801
22608,0.8887658933122058
22609,0.006704905517470941
22610,0.03521913088487401
22611,0.009826588389757812
22612,0.8456721884677548
22613,0.012921863601392887
22614,0.9574434981738771
22615,0.015995577774490677
22616,0.044827105710804185
22617,0.03618030628235629
22618,0.023614149950324476
22619,0.9788601628631753
22620,0.9447231279473567
22621,0.00748068731059023
22622,0.002414331571673053
22623,0.014406857177258172
22624,0.20064290488933642
22625,0.0011772809140798376
22626,0.03695417373411837
22627,0.9573764439478389
22628,0.011966054517180495
22629,0.01828166672205862
22630,0.9390371238057931
22631,0.01501055893701901
22632,0.9506592080036544
22633,0.2329289860096417
22634,0.554287542540653
22635,0.11243250918980617
22636,0.21596076837906245
22637,0.7339136889978889
22638,0.06153823603067661
22639,0.23628118950690033
22640,0.33083134444991363
22641,0.3578243813550811
22642,0.0011471313059098383
22643,0.003872839520316222
22644,0.005114049476229802
22645,0.008084952658200736
22646,0.0018003556409726161
22647,0.10067400640009208
22648,0.008109199323962488
22649,0.9118562101893193
22650,0.001248227892989638
22651,0.016057906115302906
22652,0.004485660135476736
22653,0.3107046693546636
22654,0.8274579740139436
22655,0.023822025838418016
22656,0.33996223820074306
22657,0.01129471900899542
22658,0.0065871860866712146
22659,0.8773946985155513
22660,0.004358781702656954
22661,0.038194100509477885
22662,0.7185705566107627
22663,0.08341410272885165
22664,0.00269282294568977
22665,0.008025836697453957
22666,0.003598292297531628
22667,0.019845575108333045
22668,0.08231977593601189
22669,0.014516398510660597
22670,0.0038049979870683247
22671,0.002612340147945948
22672,0.019843384068203244
22673,0.008001624714518808
22674,0.00916658050746557
22675,0.2704763563284723
22676,0.015286059529972529
22677,0.9017475667193584
22678,0.002430795884354183
22679,0.05131544793409411
22680,0.17238706563084477
22681,0.0007201372674469816
22682,0.06418527113463601
22683,0.007824416366148066
22684,0.0055693220766760716
22685,0.7786906470004895
22686,0.7339780841073054
22687,0.03330982997485495
22688,0.009769643878474175
22689,0.05533606848067109
22690,0.04149982062719146
22691,0.004108939641130291
22692,0.9874129366874901
22693,0.12985923754007692
22694,0.904266154371108
22695,0.4794696896794312
22696,0.6023836944323748
22697,0.07884954778884581
22698,0.008017295828655615
22699,0.008994062963759368
22700,0.0022153438855199606
22701,0.3216001825375575
22702,0.0027706572592848043
22703,0.03208141656178968
22704,0.009740014111257455
22705,0.009756567437915222
22706,0.1227225010741269
22707,0.06511658405787925
22708,0.011344231383082479
22709,0.018383995129827257
22710,0.7795296091714681
22711,0.1028442691565555
22712,0.0014970897325414488
22713,0.7230312143852391
22714,0.037021385125397516
22715,0.1420644338284466
22716,0.003457255794862541
22717,0.047543369438386725
22718,0.03840546442528918
22719,0.09556184483198892
22720,0.033183550830200456
22721,0.0344002712963973
22722,0.03724602009746821
22723,0.012513298190530354
22724,0.5214778379865365
22725,0.010234526873071213
22726,0.19164901441634694
22727,0.02582260666032601
22728,0.04360221219853222
22729,0.004002939742317831
22730,0.008511617630282802
22731,0.28632515564066424
22732,0.043988516623532724
22733,0.7294238501748097
22734,0.01127699500264855
22735,0.0007274616759347196
22736,0.16094236862791944
22737,0.047883026112518046
22738,0.003631206538220344
22739,0.0025805113069401085
22740,0.0023855729385286704
22741,0.007180826713597282
22742,0.004218558443026264
22743,0.0033113418270275994
22744,0.02629305794486393
22745,0.04080336484478672
22746,0.005171876128442515
22747,0.013177656202074353
22748,0.519371187850225
22749,0.9398615896463782
22750,0.015383005593376894
22751,0.0037427844255882073
22752,0.007052144971314841
22753,0.294416071966995
22754,0.10179753879174588
22755,0.04951171154649345
22756,0.0003396388849448942
22757,0.006900560882928158
22758,0.9075811524668113
22759,0.06521670432239328
22760,0.0032868261276387976
22761,0.006699381540586174
22762,0.007501183858016716
22763,0.7316228589998692
22764,0.012292283801814928
22765,0.9215900636536192
22766,0.027771662502800627
22767,0.007304672545553983
22768,0.014315907123870271
22769,0.0010317378840891303
22770,0.10960432173459692
22771,0.119727604745062
22772,0.008698770329568716
22773,0.8311030528244336
22774,0.5142952163520521
22775,0.035571097254548344
22776,0.5249600181561369
22777,0.0028488428214780634
22778,0.03430347607325165
22779,0.0077296079886971045
22780,0.10407978619757093
22781,0.37002449595166786
22782,0.03613891798939751
22783,0.016700133320276107
22784,0.05634129048769496
22785,0.0033637609380576415
22786,0.03152381949793045
22787,0.7249395884114577
22788,0.004888360413915707
22789,0.6815417040730027
22790,0.1480952683462234
22791,0.0015581786414937526
22792,0.056555089186578596
22793,0.00578564508069701
22794,0.0031460290036058893
22795,0.341510309650541
22796,0.8239095125360867
22797,0.0029937003012684917
22798,0.007256325180953127
22799,0.027222357423669817
22800,0.12470739323573149
22801,0.0008842930481947362
22802,0.006754733415466492
22803,0.0193540378416431
22804,0.010543616270188204
22805,0.008825775189722914
22806,0.00891567554063234
22807,0.014071151432955254
22808,0.03989092574656735
22809,0.04208924566014135
22810,0.07698311140590283
22811,0.011800530265197425
22812,0.0037232850003511707
22813,0.003441569805078731
22814,0.9528214192240403
22815,0.8264196422073219
22816,0.03517820827669529
22817,0.02664037527500139
22818,0.05572224819252991
22819,0.06696076500618804
22820,0.06739142194080718
22821,0.002887687147531916
22822,0.3586945227668743
22823,0.0026742058994184002
22824,0.004076041220915691
22825,0.007547034875517324
22826,0.15221954756657644
22827,0.031190267947272386
22828,0.01555342311560182
22829,0.0446101686229599
22830,0.0038981746667901933
22831,0.008676420715354162
22832,0.012208940873381525
22833,0.08935248149467787
22834,0.8479718976888685
22835,0.9609175535642445
22836,0.04122892958078455
22837,0.1570277798095096
22838,0.5125321853161101
22839,0.8697582502364368
22840,0.46055909734801287
22841,0.0041496025649910935
22842,0.002503788555533965
22843,0.01198331693822186
22844,0.06641290111330769
22845,0.7440827529298676
22846,0.9177741462350509
22847,0.001943474653675328
22848,0.8279553810124006
22849,0.005960509799913498
22850,0.03783889861071704
22851,0.1211445619309912
22852,0.002177509804912977
22853,0.9697512032791381
22854,0.03197740116301869
22855,0.08573645213544862
22856,0.015134347932667106
22857,0.6282751364051989
22858,0.9430358550631229
22859,0.006917781520688899
22860,0.03442007543803158
22861,0.007420260107095082
22862,0.9711388992139843
22863,0.0032334673770428903
22864,0.13891299954229416
22865,0.16021560555454964
22866,0.07651900512808765
22867,0.0016073790972934415
22868,0.028429011666192036
22869,0.8392743054944867
22870,0.002173012541048315
22871,0.017189480168522567
22872,0.009409508901955873
22873,0.02264510015008027
22874,0.03612451512269838
22875,0.8386721672708682
22876,0.4824174456374364
22877,0.9880968410866195
22878,0.011144937377345976
22879,0.048932551648669886
22880,0.9645236666183541
22881,0.06450688034706523
22882,0.30023312495224713
22883,0.050920952151484615
22884,0.02393050570434634
22885,0.8044419790698015
22886,0.12265625672800934
22887,0.45029078866288086
22888,0.049358101826459964
22889,0.0007607581021913852
22890,0.08160607211130579
22891,0.005156212560080164
22892,0.18321193634182206
22893,0.6957613846031246
22894,0.19754649367058777
22895,0.014123253982962299
22896,0.6328014340914498
22897,0.004712710503935195
22898,0.3493692431742947
22899,0.9326550041405014
22900,0.014726183405680536
22901,0.11828952938341311
22902,0.005101509026994881
22903,0.9777580932426985
22904,0.010459111258733077
22905,0.10199080171910666
22906,0.05705719514045091
22907,0.06762656717571038
22908,0.003715930881209657
22909,0.020203869057601048
22910,0.3480116528229924
22911,0.09239413233897645
22912,0.06633378251767925
22913,0.006760165036313624
22914,0.015064936881475333
22915,0.02880781459252137
22916,0.041050241149122965
22917,0.004177994623152415
22918,0.007159179987165008
22919,0.8005356403678159
22920,0.008319901245926572
22921,0.8763189821255386
22922,0.55551990520125
22923,0.01430400540317461
22924,0.004383328180556924
22925,0.01415392682038718
22926,0.012574871131213304
22927,0.011774996635639492
22928,0.005476545514508047
22929,0.024108971574865894
22930,0.027110403308969012
22931,0.012611689855075776
22932,0.04342073504597187
22933,0.9409402402220709
22934,0.005100184921402245
22935,0.0024916669023283575
22936,0.668042458385944
22937,0.020563965609777943
22938,0.03506041071936509
22939,0.18775422513326862
22940,0.016413514444185557
22941,0.9714179982002136
22942,0.0015727853959881318
22943,0.003746007197896617
22944,0.008607947349113632
22945,0.020621895936599192
22946,0.003839153005450011
22947,0.11142959675157892
22948,0.007428854327986854
22949,0.09856456387909239
22950,0.025840941366815723
22951,0.010279205537459842
22952,0.07772035832514881
22953,0.9719018232351294
22954,0.0211895164167751
22955,0.01212465599017426
22956,0.048231106239140356
22957,0.0010743544468053694
22958,0.08215634955310636
22959,0.0009353763973480191
22960,0.5786329628901627
22961,0.003610150432259373
22962,0.25449004215738324
22963,0.18965192830501384
22964,0.004949758968451524
22965,0.00439645700352817
22966,0.14581855704999633
22967,0.0019350777061878197
22968,0.9548318117091305
22969,0.005816813397102243
22970,0.4320287548686731
22971,0.006048248068367321
22972,0.019710809887018385
22973,0.02377674201549106
22974,0.266043256872092
22975,0.1759049827173181
22976,0.005120993608747699
22977,0.003625030540207312
22978,0.0036067875929510847
22979,0.21425078013658871
22980,0.13869630101781902
22981,0.004544485879029338
22982,0.09348770652294211
22983,0.024317817354005854
22984,0.11191280191147422
22985,0.007980082839341329
22986,0.006444697118742476
22987,0.004929185727658729
22988,0.31082566423338664
22989,0.31629903810390575
22990,0.005183493544729481
22991,0.017558468478115014
22992,0.011558660487563082
22993,0.007070518212009824
22994,0.0070912933334039965
22995,0.0028364300878230466
22996,0.017684289156305162
22997,0.010006179546970322
22998,0.018018005257410003
22999,0.012499610894477002
23000,0.034067622951002886
23001,0.3709350143796562
23002,0.6773349696981961
23003,0.12096839560111718
23004,0.15244551718351618
23005,0.007313955034179706
23006,0.0026496332408689786
23007,0.09009985852584514
23008,0.1249497808594284
23009,0.996671105530326
23010,0.00557254346833481
23011,0.00792165065607277
23012,0.2404292843480883
23013,0.9713611379817131
23014,0.0036786612199483245
23015,0.6945014019211029
23016,0.03992415801951643
23017,0.8679952331786889
23018,0.12954662644080966
23019,0.0009598881264933629
23020,0.0018740594482474662
23021,0.9914535445892116
23022,0.00390670882036742
23023,0.09615730233926695
23024,0.9573861697277427
23025,0.02617489231485287
23026,0.7189194420936563
23027,0.41116865436950045
23028,0.04868845555427574
23029,0.17264640996597239
23030,0.036864293311890665
23031,0.35803820048095636
23032,0.19923446661177013
23033,0.016600534156136926
23034,0.008262503766125416
23035,0.003386940220349938
23036,0.20035019688495376
23037,0.014928020370438118
23038,0.004055928418865886
23039,0.3929871059482387
23040,0.9878070257995334
23041,0.028853864976326752
23042,0.1511439428477499
23043,0.055163242548191015
23044,0.0038411913821710148
23045,0.995540814058185
23046,0.02826607822024395
23047,0.010134865498946318
23048,0.011867059533740846
23049,0.07899916314856362
23050,0.9592633726024906
23051,0.21361704484816108
23052,0.021726957860217385
23053,0.003916053024673021
23054,0.001511090495967545
23055,0.9074421924455416
23056,0.012278340284056576
23057,0.2718587452777152
23058,0.1910370120543279
23059,0.004619475015269954
23060,0.02967118037762053
23061,0.01576820809311112
23062,0.027154607084487064
23063,0.15939228910345696
23064,0.9069325618601095
23065,0.050841482172586716
23066,0.3732232917921471
23067,0.1095154102285313
23068,0.9621298187444901
23069,0.004774438179293936
23070,0.0013800962886466824
23071,0.8821067347938263
23072,0.31509350534220243
23073,0.623835627620448
23074,0.03036851311176301
23075,0.0016819259417807095
23076,0.04607999306056519
23077,0.01013424221670722
23078,0.012458170285715817
23079,0.03833069249361652
23080,0.012766957414426724
23081,0.042092691160243716
23082,0.0025456109081254197
23083,0.013359518960748582
23084,0.7571007033375426
23085,0.0055565063097348846
23086,0.0032966803414952693
23087,0.8330102871606336
23088,0.06605254836551723
23089,0.10184885411010963
23090,0.0017519108394420603
23091,0.027964638176145678
23092,0.0021614916478949046
23093,0.2516528924067875
23094,0.11448145787691252
23095,0.001533788351293109
23096,0.008724573260698443
23097,0.018901621016529438
23098,0.400692744434083
23099,0.0037683998731290512
23100,0.02807603570747692
23101,0.9126616640660952
23102,0.010379205622001089
23103,0.012125493529269228
23104,0.00766355650715505
23105,0.6822843033795207
23106,0.0024312607591732032
23107,0.0049618336852255834
23108,0.006449495032817827
23109,0.8047238798338322
23110,0.05753600160164694
23111,0.0024846472157236863
23112,0.03852723544565722
23113,0.05860338567929764
23114,0.002572342759149448
23115,0.5843624196376495
23116,0.05813394222728188
23117,0.9565501625340651
23118,0.008022481922601316
23119,0.01422622468479489
23120,0.008128007981148244
23121,0.013787849084281933
23122,0.0021733489329861366
23123,0.1466629475403195
23124,0.9835222041562802
23125,0.09880943672715178
23126,0.02243239832833366
23127,0.017353603987383694
23128,0.023583810219740958
23129,0.9319447857387587
23130,0.0007010740029000833
23131,0.04712100586478752
23132,0.007716739629220379
23133,0.44406164420900335
23134,0.7624404215165433
23135,0.579116273251287
23136,0.06546720909613905
23137,0.14079468159575462
23138,0.47110128020770725
23139,0.0027484707879637674
23140,0.9207981047157608
23141,0.03622536294790524
23142,0.5095191593696012
23143,0.015108878223820222
23144,0.934644201854289
23145,0.07968102260519093
23146,0.8975333590481489
23147,0.03516019462961131
23148,0.0030905599998703095
23149,0.001298059724575489
23150,0.017454629722134293
23151,0.002809811236928871
23152,0.004509071192373042
23153,0.1463153729150745
23154,0.7480657528591965
23155,0.0780826575692978
23156,0.005998140532820721
23157,0.054403600241070556
23158,0.023991230699613363
23159,0.010955480682574882
23160,0.1277198490899949
23161,0.11778820290900942
23162,0.9575657836234307
23163,0.10514420556653306
23164,0.0018087480654086978
23165,0.006883140412731949
23166,0.984766000046969
23167,0.023544874451798228
23168,0.2870902905789158
23169,0.10663579380550722
23170,0.0478275090588854
23171,0.6689304260449932
23172,0.40083957097605816
23173,0.01699198999832592
23174,0.007742578398019218
23175,0.0009544371761568697
23176,0.33155747167197386
23177,0.018837204271254602
23178,0.9556793138399073
23179,0.0026194803303922474
23180,0.009525802486650642
23181,0.7791715774152667
23182,0.10207460235690294
23183,0.9188181188213258
23184,0.10833831893407236
23185,0.023856189772697267
23186,0.017172704687095332
23187,0.9732480201253504
23188,0.005959411634851279
23189,0.01902983011773331
23190,0.0043012028907600175
23191,0.02518457481291199
23192,0.04114932414962551
23193,0.004657462930867136
23194,0.0005360072190923669
23195,0.09082451245035307
23196,0.007667406517300971
23197,0.46562994130390684
23198,0.03670206416708631
23199,0.15134571816891884
23200,0.9796739388398887
23201,0.009991583449403764
23202,0.5578327059143496
23203,0.1687966827728047
23204,0.01861712831877372
23205,0.002250361239759453
23206,0.9749977088390105
23207,0.049725280631325405
23208,0.8470002208068477
23209,0.0013164607488403341
23210,0.21474013997023847
23211,0.08423408253607546
23212,0.23174490311891777
23213,0.01566089618042053
23214,0.017711983985966784
23215,0.005809618915338872
23216,0.07658460302033854
23217,0.11162299807505303
23218,0.44836669405838003
23219,0.004272722404761196
23220,0.020985310133315768
23221,0.01312351169586216
23222,0.010244810648695403
23223,0.03327355427939284
23224,0.5131756840827276
23225,0.008159180754397914
23226,0.02438390302001175
23227,0.0023944731412381148
23228,0.006416690985540671
23229,0.011290810474893715
23230,0.01708923437434875
23231,0.005673586693209005
23232,0.015229296483216413
23233,0.008741105841671629
23234,0.035723378151072474
23235,0.2689459781881332
23236,0.043762264782051315
23237,0.020262974971542044
23238,0.019299227641693843
23239,0.057904609199768226
23240,0.9046673170326569
23241,0.0011232595287973867
23242,0.019826217248760523
23243,0.1697338205198789
23244,0.11118471602821281
23245,0.9106455478616738
23246,0.7218535662025418
23247,0.10697249677983357
23248,0.007764849525841477
23249,0.6890775711165605
23250,0.7063331325680732
23251,0.02538829835664163
23252,0.01739391015972073
23253,0.07430570406534874
23254,0.04066615881264401
23255,0.007815525272712929
23256,0.01702877226742626
23257,0.009296639279314345
23258,0.13778560934127912
23259,0.10517473558045834
23260,0.9912482880262682
23261,0.936058525837817
23262,0.03767717562975375
23263,0.03673749930162947
23264,0.0035527135435396854
23265,0.005532373439686825
23266,0.6811478380849441
23267,0.1404511586578277
23268,0.9324309482611224
23269,0.01660644099584142
23270,0.7758579539475791
23271,0.1964971483570246
23272,0.006597606355667755
23273,0.09278607996506658
23274,0.06381115968454641
23275,0.02335785992648467
23276,0.9870161040876891
23277,0.038758613542013466
23278,0.16684674969005198
23279,0.7577326481769172
23280,0.7747278345665435
23281,0.2882036851326345
23282,0.9699740740962058
23283,0.013956163587842619
23284,0.7309924463522297
23285,0.0032887603832438567
23286,0.012337105613538952
23287,0.01707697837356445
23288,0.007103664212699393
23289,0.038396769023671486
23290,0.009771207480677804
23291,0.1967517730958444
23292,0.07920742801360023
23293,0.0029377388388444193
23294,0.008141935485493993
23295,0.02248551167804511
23296,0.8131435705197341
23297,0.04734644066318379
23298,0.2843642211060823
23299,0.004823240348540786
23300,0.013978895174478992
23301,0.8699331084292407
23302,0.8002301914829755
23303,0.33755398605686876
23304,0.7641530933819622
23305,0.2649970065307226
23306,0.52931811629904
23307,0.0009975635905873593
23308,0.8734739112821848
23309,0.13998313454715594
23310,0.0006617138351857162
23311,0.3055392819156172
23312,0.16523497972746892
23313,0.006433384385839165
23314,0.1857496004535763
23315,0.012305710326324468
23316,0.4548538374754478
23317,0.6800405673703166
23318,0.00597460280452167
23319,0.6407207980021026
23320,0.9634397346409276
23321,0.22667969722548217
23322,0.7013850833303574
23323,0.007589877074417434
23324,0.05812092386360468
23325,0.0027697420092719673
23326,0.014854562477399835
23327,0.0038072162044604308
23328,0.8579305668664698
23329,0.08532182614999312
23330,0.026442343945879198
23331,0.003264492805075315
23332,0.0641301393793935
23333,0.23968712317183108
23334,0.05117072224637614
23335,0.046878742809225146
23336,0.0017202962854379307
23337,0.03930528777212659
23338,0.7614875801799389
23339,0.6327125674015427
23340,0.3554236643412003
23341,0.34179063270730736
23342,0.0068313284444620325
23343,0.009787480168707154
23344,0.015392473853210395
23345,0.20230146454259598
23346,0.028390493284013
23347,0.045568166895596965
23348,0.02427678052636669
23349,0.01225120973520056
23350,0.1497213688803354
23351,0.9749111028362941
23352,0.020240104839156486
23353,0.05110233963750386
23354,0.2053954052627793
23355,0.7257910138204755
23356,0.023365682838237922
23357,0.15981772245490994
23358,0.9575774905942435
23359,0.03424880502187467
23360,0.016755858472088943
23361,0.023892121920947463
23362,0.08789384586645727
23363,0.07224075246668141
23364,0.36825944384716097
23365,0.5348587851011362
23366,0.0034937635756898794
23367,0.023991452014630772
23368,0.08559337334424483
23369,0.08731650579172809
23370,0.028044944440030462
23371,0.1116462549787913
23372,0.2935181296776918
23373,0.047356546459589643
23374,0.03786916951961452
23375,0.06343739861992485
23376,0.98564852611397
23377,0.0037150619207426305
23378,0.9941688427614661
23379,0.34692876934710515
23380,0.0031187681701815777
23381,0.11554977135279892
23382,0.008111410872248105
23383,0.6983305247089275
23384,0.003806761055248464
23385,0.09232632499432922
23386,0.011235662233966801
23387,0.677591474185871
23388,0.7291118541824272
23389,0.39884408147635575
23390,0.9874294612214513
23391,0.015832238730350875
23392,0.004572115072500908
23393,0.05675389896716025
23394,0.5659189796165951
23395,0.0017590552291114488
23396,0.0345220186214325
23397,0.7849267507062211
23398,0.011346983680349445
23399,0.781586396074963
23400,0.09465164373584124
23401,0.01262137477048984
23402,0.06437058565061111
23403,0.4310119013561873
23404,0.016362299870481267
23405,0.6899318009849529
23406,0.9921157467458136
23407,0.012391692117012087
23408,0.0420395638408841
23409,0.1392426110439294
23410,0.022111123061383506
23411,0.05686919111179408
23412,0.026591980194358107
23413,0.007646205019731215
23414,0.014824976632628955
23415,0.004705924008010392
23416,0.032791729987182446
23417,0.010962006350505153
23418,0.0032782284766120144
23419,0.002093623831007201
23420,0.003207791543238659
23421,0.4050460629271597
23422,0.199671376521551
23423,0.008822137975350294
23424,0.003988529118968017
23425,0.16965171497363615
23426,0.028388582580079924
23427,0.01806774707610844
23428,0.021465175465903465
23429,0.004210196849090425
23430,0.0435632143021619
23431,0.8042720110144274
23432,0.0075528246213622564
23433,0.6874051890282203
23434,0.06113942348251628
23435,0.006022540927521312
23436,0.7582909543031771
23437,0.004132407395927064
23438,0.07287813262522728
23439,0.21605971688786474
23440,0.07427145700740717
23441,0.0031591994102358116
23442,0.5670080098467231
23443,0.02935961295445656
23444,0.2203464764121669
23445,0.01727061776493883
23446,0.030051379533222046
23447,0.007608340211442686
23448,0.3430661925832805
23449,0.42576399596579756
23450,0.01519625894339271
23451,0.00481733322113523
23452,0.0031614125112644285
23453,0.7240925902902061
23454,0.988205760354416
23455,0.0072117949404008124
23456,0.004817084581631942
23457,0.9711286762009681
23458,0.2795732197564495
23459,0.05635743069559909
23460,0.01576640109705443
23461,0.03676890573554969
23462,0.013053549230947115
23463,0.5311318539036514
23464,0.0076231595979667915
23465,0.3559840933107698
23466,0.2827887130118993
23467,0.006091253030681973
23468,0.02528841930299862
23469,0.031138381960670623
23470,0.01686860890553543
23471,0.009353982023794515
23472,0.7109141064202972
23473,0.8780964499680658
23474,0.05107224916877744
23475,0.0012704375346769697
23476,0.352868834437479
23477,0.46586031209014644
23478,0.11480716982109082
23479,0.061919729937963915
23480,0.012519090753001765
23481,0.08501516752665282
23482,0.0163338037647992
23483,0.0006926917911974979
23484,0.9574772858581765
23485,0.003372951109963315
23486,0.0015756162986005676
23487,0.002712499151874307
23488,0.0015449715663096203
23489,0.018851591330891617
23490,0.0337306545198588
23491,0.001515340791245438
23492,0.39781821728953154
23493,0.002441325892587452
23494,0.288431933350815
23495,0.007190302255908943
23496,0.023996277307150336
23497,0.5745502192561306
23498,0.017743135815042478
23499,0.015122716444410903
23500,0.016616332463925628
23501,0.01734293425884479
23502,0.015047801262613653
23503,0.022730783970588676
23504,0.7483769328977836
23505,0.014312888102932252
23506,0.02417459415502957
23507,0.014095726912378191
23508,0.014215511205796585
23509,0.13074609826128605
23510,0.0060085425767431614
23511,0.8445209844206045
23512,0.8843755089850648
23513,0.004082916787190502
23514,0.9709379506855003
23515,0.04584338566938711
23516,0.003385588930587007
23517,0.01040658827643616
23518,0.0026038007566872487
23519,0.01361407560278402
23520,0.05859961413290659
23521,0.9127227392324941
23522,0.016086196397562695
23523,0.06011687403914908
23524,0.002894168116777078
23525,0.6429696957937407
23526,0.8712088094337449
23527,0.14255954362400527
23528,0.02939699358913439
23529,0.02509136184062202
23530,0.6126591335826952
23531,0.15371327720639
23532,0.005576538782775972
23533,0.07519164930429544
23534,0.002758069367938233
23535,0.008007464183959014
23536,0.008336974088053057
23537,0.004073948349979965
23538,0.20825611696605048
23539,0.006476426805408268
23540,0.21328889464646938
23541,0.0012788572651736886
23542,0.0059452529602703865
23543,0.007568091454860174
23544,0.0037021569279936674
23545,0.12565083944215225
23546,0.4225820073545303
23547,0.007369103299415909
23548,0.043279257118555625
23549,0.013399103000448779
23550,0.23636241162045224
23551,0.0034589963177160126
23552,0.007504833376522859
23553,0.4189251073734324
23554,0.0054942173157435815
23555,0.9839414682278287
23556,0.2317925546015873
23557,0.018452151590011928
23558,0.00344493678540688
23559,0.01722464755903139
23560,0.004439255023010226
23561,0.9725176710769599
23562,0.001444374967754346
23563,0.12593578159927785
23564,0.018903755478914062
23565,0.3587977287891068
23566,0.01070196410651649
23567,0.16628357702415886
23568,0.03542212110621087
23569,0.7453986058131085
23570,0.9787691390846331
23571,0.9198671186200359
23572,0.010016087726908637
23573,0.003333125239360718
23574,0.002569135047501342
23575,0.009204835151037287
23576,0.01378788197587713
23577,0.008508478082889194
23578,0.0025975094406215675
23579,0.9062497874784294
23580,0.7978162596235653
23581,0.029499568484810976
23582,0.004246432103587048
23583,0.0023107389662555436
23584,0.0027454637601379275
23585,0.002208344558647034
23586,0.010444870189342596
23587,0.001154690789995764
23588,0.019785249767861154
23589,0.0951775300039229
23590,0.0034960530705654192
23591,0.09588153498857367
23592,0.02026584926612875
23593,0.015609969094452622
23594,0.04998828402548228
23595,0.973144284886123
23596,0.16921262401500778
23597,0.99018360338096
23598,0.2694937201357585
23599,0.0018528309387160794
23600,0.010680836084339194
23601,0.06359286569066264
23602,0.0645240659705633
23603,0.02468893825096996
23604,0.013625473374117774
23605,0.0036899494757098392
23606,0.9335605604655768
23607,0.9547517835071122
23608,0.0038296573728010793
23609,0.017280748194623018
23610,0.07083019190778712
23611,0.012497718751670163
23612,0.004821018753714825
23613,0.0977149026591105
23614,0.0002890495597227277
23615,0.8979075317137785
23616,0.03207988369283223
23617,0.0027948601585354627
23618,0.9035098506058064
23619,0.018581753014839112
23620,0.044422436066505804
23621,0.2130221881518226
23622,0.020334097223263726
23623,0.024694919282251607
23624,0.1247380497016298
23625,0.9738243418548527
23626,0.00283007440639401
23627,0.02427185780296709
23628,0.021922166281513382
23629,0.010332446803255622
23630,0.03594960669686623
23631,0.9598598298962929
23632,0.02171524654113838
23633,0.8985131839218358
23634,0.03208893722765553
23635,0.036185392287980706
23636,0.01402782762003867
23637,0.0007352699619709817
23638,0.07784856690696905
23639,0.008874233425120844
23640,0.0006494069529209248
23641,0.0008729195004973706
23642,0.023128650655053557
23643,0.09247966028626933
23644,0.06295911823878289
23645,0.0010400538440070808
23646,0.5410154854170783
23647,0.000750428040972593
23648,0.0729317931422728
23649,0.14850314301507125
23650,0.9365662254862697
23651,0.030692654228211234
23652,0.0463023289172627
23653,0.9827392783550523
23654,0.015035706039913738
23655,0.23775013635738
23656,0.020885895532272675
23657,0.07462339966487758
23658,0.8661279569076301
23659,0.062458523354145874
23660,0.08564863600761279
23661,0.04620465207517884
23662,0.18656187747770914
23663,0.009273342308011186
23664,0.9352482286076503
23665,0.012709726220883883
23666,0.019032181846259794
23667,0.06230824088845162
23668,0.0031736335046385366
23669,0.9489885284770299
23670,0.0023661823023286618
23671,0.027264937911438067
23672,0.0101849789909009
23673,0.006341486496546179
23674,0.9501748629479556
23675,0.05028457013557254
23676,0.004672242231380422
23677,0.15491890749621307
23678,0.9386566108990703
23679,0.0516185483670004
23680,0.28334361181080575
23681,0.07981643865027968
23682,0.0020003431879950786
23683,0.10022743686559864
23684,0.0016456836601495542
23685,0.2539059490740303
23686,0.19553788100409433
23687,0.9689896844875796
23688,0.0017544191319216107
23689,0.02704601806854597
23690,0.11974866652882274
23691,0.41323482428486313
23692,0.001089168897908681
23693,0.9954217413565766
23694,0.9871098428250588
23695,0.008737375465813725
23696,0.4196788626766355
23697,0.06047752277149101
23698,0.8376773299722924
23699,0.04103141213905857
23700,0.008954811674009648
23701,0.01232004819147013
23702,0.5725494880662289
23703,0.00904139844143553
23704,0.10871967207426472
23705,0.008932238076669988
23706,0.010653664848031496
23707,0.012870553976796172
23708,0.17567167816909007
23709,0.07380657673133074
23710,0.006040866131104946
23711,0.04562532179406686
23712,0.0008476271855768547
23713,0.14475657280826357
23714,0.766074756290975
23715,0.9840636520377164
23716,0.04401182222246751
23717,0.1101731294358922
23718,0.0033877282459436548
23719,0.09873109439981273
23720,0.13870752471095912
23721,0.0048569534975994744
23722,0.009464772938750775
23723,0.9969331612810023
23724,0.016603094745494793
23725,0.0023149061223100014
23726,0.01339506634917135
23727,0.09371379882630734
23728,0.1698297753654248
23729,0.002748584369015799
23730,0.9004088393878232
23731,0.0070868864421036295
23732,0.004279231739134413
23733,0.23050810689950377
23734,0.9460283995178698
23735,0.05861336873498531
23736,0.007707073642331736
23737,0.012049099464154991
23738,0.047744624549520207
23739,0.10247329952566361
23740,0.06442350715925345
23741,0.49529445817693696
23742,0.23507746458295808
23743,0.023262670262399737
23744,0.10887019114600292
23745,0.986927875107586
23746,0.01973247442434819
23747,0.04491928590100367
23748,0.9381743001633072
23749,0.3249773363717533
23750,0.33940396170046394
23751,0.037299271600006456
23752,0.9918329552977007
23753,0.009590739790538844
23754,0.016355848451048375
23755,0.08800068091557953
23756,0.02325405293278149
23757,0.3628577914748229
23758,0.004950065463155316
23759,0.5579002309399809
23760,0.030003571910149275
23761,0.001974054736323358
23762,0.009252010079810262
23763,0.9464243484250852
23764,0.001728102910454083
23765,0.00816000533037227
23766,0.007897283432514814
23767,0.029344134871902145
23768,0.9229968282489974
23769,0.07113027609368519
23770,0.5592415626850836
23771,0.005713412731292309
23772,0.09684297070423538
23773,0.02260908723970972
23774,0.2949088813106678
23775,0.34447164666906593
23776,0.0027975202236490615
23777,0.15821400015887294
23778,0.9610530947953326
23779,0.1210262698041833
23780,0.774088356983877
23781,0.008839964817672075
23782,0.057782408673605214
23783,0.00570445817173462
23784,0.00200814981837663
23785,0.0003814181017412086
23786,0.6443136624194846
23787,0.6167925481275127
23788,0.021676087707195275
23789,0.2883952266428596
23790,0.7550322306830485
23791,0.02831695601341492
23792,0.008888892007716009
23793,0.004457097010938663
23794,0.0015083699597872205
23795,0.0015664559136733664
23796,0.004064178123349506
23797,0.8586103088670236
23798,0.013650508663357305
23799,0.7403341900760656
23800,0.144897371863722
23801,0.11481209324071004
23802,0.11424931134792406
23803,0.30771444146136434
23804,0.01330665635642141
23805,0.8643209702510073
23806,0.3642153730714171
23807,0.06294997246068536
23808,0.012509154776627826
23809,0.7627985228101863
23810,0.005328524636802425
23811,0.42727156267886374
23812,0.967479043807435
23813,0.052287879576258134
23814,0.004322364314692139
23815,0.014795547390494572
23816,0.019156903988097496
23817,0.8987405256919727
23818,0.0029221704445783485
23819,0.6420634193882708
23820,0.003672497326063394
23821,0.010450204183486519
23822,0.00789779152865231
23823,0.09786530760230087
23824,0.024563152223188427
23825,0.023610376905113827
23826,0.2155497569190257
23827,0.24632583828971594
23828,0.008197204533786586
23829,0.1833677453840497
23830,0.050150200006091265
23831,0.0223723534449061
23832,0.5081098829542053
23833,0.015253527758502673
23834,0.011975078119073146
23835,0.02340546775201379
23836,0.0415329182989629
23837,0.07302727264836525
23838,0.00835492391463644
23839,0.01353891966934044
23840,0.49559538587429824
23841,0.7636409789768355
23842,0.12687376814169155
23843,0.01985863031177271
23844,0.03105478505511726
23845,0.1369446207947359
23846,0.007487437964510559
23847,0.016781734175720993
23848,0.0021089893999367594
23849,0.9437510005155041
23850,0.00983877861761643
23851,0.36907039411035575
23852,0.003059987901727624
23853,0.0032072622535289194
23854,0.7211317355365452
23855,0.024859740685880028
23856,0.1390774304646488
23857,0.016615312771364577
23858,0.38993502307750405
23859,0.005128652055417667
23860,0.028295628737520048
23861,0.16873877724499017
23862,0.005832863297471362
23863,0.011898127463122816
23864,0.008291742768324506
23865,0.05079910526448948
23866,0.006508555503386973
23867,0.9415697767490736
23868,0.5339898958127797
23869,0.024949422278391538
23870,0.014183920755235273
23871,0.7701033485459621
23872,0.055447090491980655
23873,0.028322937534964197
23874,0.49813413349495167
23875,0.002963820993325578
23876,0.029887965070397596
23877,0.0709356580325206
23878,0.9488208192183417
23879,0.0029050807503603364
23880,0.004239142323082419
23881,0.96065199094019
23882,0.6821345696977864
23883,0.01962780946210584
23884,0.01412089309741398
23885,0.9862471297252916
23886,0.0026513069405358987
23887,0.004572277719657167
23888,0.2268855029320705
23889,0.393515485563358
23890,0.009328660096728666
23891,0.027508408618944366
23892,0.35602159146464246
23893,0.014828416636202714
23894,0.08603345797921179
23895,0.002771995044194815
23896,0.14915713806896547
23897,0.1447358135109917
23898,0.0076561857430190484
23899,0.01607712913005264
23900,0.029615897149152956
23901,0.026947388486790333
23902,0.003546526811300001
23903,0.0210292714409777
23904,0.017620401330880813
23905,0.008096492957409947
23906,0.011061724892738394
23907,0.12311732608092302
23908,0.008574646512707966
23909,0.01134057727332513
23910,0.012137957999256278
23911,0.008408957512866487
23912,0.051961981973519665
23913,0.0057165868974865105
23914,0.005061071737763576
23915,0.003419909502192457
23916,0.5234138182000765
23917,0.004389304885713697
23918,0.8920911680089435
23919,0.010772883615974818
23920,0.7763009452937673
23921,0.0007460723878235859
23922,0.009395774333859084
23923,0.7955303287588944
23924,0.009206799180308353
23925,0.9954010251332545
23926,0.001974586912370282
23927,0.2824778543891989
23928,0.1248624263287644
23929,0.4533662736903037
23930,0.0076968899413432474
23931,0.005688747350841322
23932,0.1753352121552601
23933,0.046142731985408934
23934,0.03900882273883503
23935,0.009549376589666545
23936,0.020965512759395694
23937,0.05429070833103823
23938,0.02827789290570632
23939,0.20424004636220164
23940,0.1843197409695099
23941,0.7823801521107159
23942,0.13271974481627874
23943,0.03465875515199515
23944,0.2056699892334903
23945,0.025604276845103035
23946,0.009807160793840405
23947,0.051075182896307664
23948,0.30314825300874854
23949,0.02377049211133327
23950,0.004962581477816249
23951,0.0038785993001625965
23952,0.028682963593111763
23953,0.006525109839553543
23954,0.05505550746524942
23955,0.013496299310310088
23956,0.12301948985022398
23957,0.007641073366593917
23958,0.6509593973831846
23959,0.018619474197366113
23960,0.10891426109588459
23961,0.08501013332142826
23962,0.000623291160129903
23963,0.24559421821700758
23964,0.02001837400860133
23965,0.010836774467539636
23966,0.004023060063515255
23967,0.002102993084632004
23968,0.026602192741457177
23969,0.18240849198895132
23970,0.823420998892892
23971,0.005128105373904975
23972,0.0051296549578708885
23973,0.014552861706750258
23974,0.2801679650106052
23975,0.9572544573678046
23976,0.0013413330992147778
23977,0.9810127556238958
23978,0.0056183475765308796
23979,0.10397184790811537
23980,0.8056350774096767
23981,0.003468079814163463
23982,0.04872133783617259
23983,0.9624711985759286
23984,0.022067296702043847
23985,0.004827385439897362
23986,0.10933619087492434
23987,0.334305788310649
23988,0.010458203544848743
23989,0.12851135661018293
23990,0.034494057447314985
23991,0.737278318639326
23992,0.49835175967916673
23993,0.004202196255873308
23994,0.7698538540789326
23995,0.0675501964834508
23996,0.05053056424884759
23997,0.018446704680371694
23998,0.9764525572826781
23999,0.689425585327821
24000,0.015807607110552853
24001,0.01581545876013457
24002,0.012922882893146888
24003,0.028272327258420406
24004,0.08213635992408598
24005,0.891967973244843
24006,0.5917821800306916
24007,0.0006904704231941567
24008,0.07166347130110085
24009,0.004657208627318143
24010,0.0065019717257667285
24011,0.00327378407615435
24012,0.005812536685844082
24013,0.0271929531675417
24014,0.8696583970370405
24015,0.9105468481741267
24016,0.003985805353063658
24017,0.8025672875298291
24018,0.007017817695010639
24019,0.0125446236148326
24020,0.009273477689835925
24021,0.05162210620073434
24022,0.018397356962889782
24023,0.9889633873620448
24024,0.9084873935164535
24025,0.015013194494672658
24026,0.005824658112112255
24027,0.019348717514770276
24028,0.005682437791187986
24029,0.33980619935125356
24030,0.002660974693085266
24031,0.0021872492641664193
24032,0.07204488421936435
24033,0.011461494381167232
24034,0.005443677779884745
24035,0.0034828201909704614
24036,0.12875791780509846
24037,0.011798286236988611
24038,0.07064194745001251
24039,0.9221527359869118
24040,0.0016357205772225278
24041,0.9794214475386078
24042,0.8929786160782769
24043,0.03265474421535038
24044,0.5961646178069752
24045,0.9162367391195884
24046,0.3980769574273232
24047,0.02674381275375588
24048,0.23580245685995346
24049,0.03130486593488444
24050,0.01205904003049675
24051,0.008276013985670055
24052,0.02699482169208813
24053,0.07272177391613117
24054,0.01590095453448017
24055,0.42573338137785627
24056,0.034077523968474334
24057,0.02475006502961695
24058,0.08804656722192497
24059,0.7482196597197569
24060,0.9172184002634962
24061,0.004669993645537985
24062,0.01015267146148143
24063,0.07486694887045517
24064,0.013953107849329124
24065,0.014337039110836442
24066,0.007461773843813039
24067,0.0034306153037544614
24068,0.11235359832336939
24069,0.0022250995652854516
24070,0.23668607075524523
24071,0.014950376174070034
24072,0.1801489384372039
24073,0.8872011636274915
24074,0.02480601469852276
24075,0.9564431961587554
24076,0.019625916949110637
24077,0.1317859915813865
24078,0.006367579580032839
24079,0.7628731876574288
24080,0.06264548659485178
24081,0.0007995197666155423
24082,0.18640942213645353
24083,0.9537128117145909
24084,0.008529376491909062
24085,0.4389123071161168
24086,0.0014963158499535691
24087,0.03949779225234637
24088,0.6441733070695661
24089,0.7709507056199433
24090,0.03715986643306311
24091,0.040559129344075184
24092,0.0019616816716838694
24093,0.017602017985592737
24094,0.032607225428800755
24095,0.0014736987401079513
24096,0.13619672806688146
24097,0.15042330977789567
24098,0.5830493970454955
24099,0.09100274808634098
24100,0.00616809380089723
24101,0.0395195773260816
24102,0.018428834050483425
24103,0.993157930896147
24104,0.06928154656719888
24105,0.04467256930714441
24106,0.008136360336808006
24107,0.002999474229197684
24108,0.007421693449965015
24109,0.9620128725749423
24110,0.8739162802641004
24111,0.8756603708954447
24112,0.15601448581789878
24113,0.009596858951990403
24114,0.034380407939886184
24115,0.005531214996834423
24116,0.9855491698710459
24117,0.1012809141868828
24118,0.022123996528507234
24119,0.04447393212795509
24120,0.025704822755550347
24121,0.15427043246339772
24122,0.004544638570713217
24123,0.010655637717453667
24124,0.2776375816901989
24125,0.011656439431961258
24126,0.019885319511583822
24127,0.018206848739422573
24128,0.005627669513181436
24129,0.006459787850711867
24130,0.016604329141036867
24131,0.0578077432868034
24132,0.0012696668530732054
24133,0.03146621873794905
24134,0.9527065029198577
24135,0.7992587777901903
24136,0.06433542550580577
24137,0.01937487279509801
24138,0.016604726455204978
24139,0.0016513655478900676
24140,0.008093402303730766
24141,0.865792131920162
24142,0.04101396973368987
24143,0.9525556635986843
24144,0.3773739727978629
24145,0.021197800867330224
24146,0.07469436711405308
24147,0.11154665311184928
24148,0.022169549940613945
24149,0.041328390086433346
24150,0.06706013774162944
24151,0.5481311768899366
24152,0.979778606038293
24153,0.10728208449263374
24154,0.692928785206191
24155,0.05573369568526897
24156,0.12625259215048584
24157,0.009379577365505841
24158,0.35335885086323515
24159,0.051653690327885096
24160,0.07451677458061055
24161,0.9481715682497697
24162,0.0016540022970281654
24163,0.07838885564388844
24164,0.053005961788171164
24165,0.009050708165302906
24166,0.07471049324078806
24167,0.8084300095123371
24168,0.01231366588530124
24169,0.002179590256693994
24170,0.012655185164393727
24171,0.12730394470404843
24172,0.014099996273493487
24173,0.0010932951601710292
24174,0.9686013395180945
24175,0.04459527885670155
24176,0.025310085028874343
24177,0.08583717628377462
24178,0.980409321734342
24179,0.04780571887298842
24180,0.20522040510051123
24181,0.4176379968695362
24182,0.004125808071717525
24183,0.013035233127359087
24184,0.1475944064642763
24185,0.7449251446615811
24186,0.009865833221949406
24187,0.016542350925265084
24188,0.004930142093534828
24189,0.028768233483922108
24190,0.19696835854337733
24191,0.008654892385481809
24192,0.9755158427877029
24193,0.006598561257906321
24194,0.011220979370628385
24195,0.006708350752077629
24196,0.08488114740888054
24197,0.43319189082759735
24198,0.001965205375239851
24199,0.8384356470645623
24200,0.06941826613829248
24201,0.00423775828761606
24202,0.522829049225755
24203,0.860457022945428
24204,0.00938391535702103
24205,0.03780961466919312
24206,0.04227218631441685
24207,0.10380413436021312
24208,0.014478612107830535
24209,0.04703240605511236
24210,0.020060502792881546
24211,0.04807106936794336
24212,0.002117065587892654
24213,0.1668595653271919
24214,0.016416629493198606
24215,0.826800058435505
24216,0.18899796019941173
24217,0.02008737056089926
24218,0.018855680694633097
24219,0.1282827603333998
24220,0.0011121317220497654
24221,0.21377279205564806
24222,0.01188496366047
24223,0.046897733003612115
24224,0.43782629069452655
24225,0.17900424468977238
24226,0.019194805402197576
24227,0.0028302730425362878
24228,0.010753532404473496
24229,0.11018946045843094
24230,0.6304125328128368
24231,0.010170426517762177
24232,0.002126662908491829
24233,0.00843595990836718
24234,0.0128282141288014
24235,0.040337314180003574
24236,0.8015741999650852
24237,0.12052301775960529
24238,0.02690055955672794
24239,0.4969839694538769
24240,0.04101237390589099
24241,0.34126869248323094
24242,0.0002914085284526776
24243,0.07576642680698759
24244,0.014360371382532254
24245,0.02459700944858213
24246,0.06863364549572167
24247,0.007186202635565703
24248,0.006244984101989276
24249,0.0009437023438995482
24250,0.007611454618085906
24251,0.003042403341907901
24252,0.0009748460608081834
24253,0.11443485533462888
24254,0.5603614322635451
24255,0.0064154884620192
24256,0.025200116254260548
24257,0.026182324103290643
24258,0.17696590700128834
24259,0.31707911350769374
24260,0.03699095598974568
24261,0.12899736975335552
24262,0.011571427492406864
24263,0.08940336560824656
24264,0.005358800886280792
24265,0.07010853368617302
24266,0.0035950974523511685
24267,0.10171461581885147
24268,0.030214208245770875
24269,0.025286908492169368
24270,0.9327274737186187
24271,0.004702714810323535
24272,0.009273313525383048
24273,0.008421492171084477
24274,0.042948292479192456
24275,0.9445097083519135
24276,0.010490468553535914
24277,0.07137081871775473
24278,0.044099931704202205
24279,0.0017300818820700635
24280,0.011157287273203597
24281,0.027948272293015147
24282,0.817247496014881
24283,0.0015102941998423782
24284,0.018083645014381235
24285,0.02033688452283302
24286,0.10380195745918538
24287,0.17628192660996583
24288,0.6701593152805225
24289,0.029303740841881105
24290,0.09467658017880873
24291,0.016248700069442654
24292,0.01500901234414569
24293,0.012849837593225425
24294,0.0650646704678271
24295,0.025074273642463844
24296,0.0062717934169235915
24297,0.01647409420298486
24298,0.281736847420497
24299,0.1981601871043449
24300,0.01616605937299747
24301,0.08333155813285507
24302,0.010489538510990144
24303,0.005681023366609547
24304,0.002824751422834056
24305,0.03180730240968486
24306,0.0027185896657085686
24307,0.9461121252346131
24308,0.8908654699083085
24309,0.008987807686041207
24310,0.04890727884774252
24311,0.08345736122560986
24312,0.00872045979185587
24313,0.0024136595610185284
24314,0.005702575144012133
24315,0.01808312594315061
24316,0.012643964280522293
24317,0.15624819493614087
24318,0.9359069783567421
24319,0.8780961743295423
24320,0.0024214988345219422
24321,0.011846833434266313
24322,0.010052270878812147
24323,0.025646764510367702
24324,0.004108613146408669
24325,0.9808485834361679
24326,0.9939207074667642
24327,0.0214468110812717
24328,0.002209630922751918
24329,0.005986120676596206
24330,0.4771021447221809
24331,0.0066288199514944884
24332,0.005257633364134075
24333,0.014860264051499822
24334,0.0738805746120504
24335,0.28988149865999707
24336,0.9992715974042842
24337,0.2091879840899613
24338,0.052217345541586246
24339,0.8197380507622951
24340,0.03528936544553527
24341,0.09542750446721146
24342,0.035879671670612276
24343,0.0038583990333806687
24344,0.0014860988317474733
24345,0.12740582083293625
24346,0.014134092904094564
24347,0.36374761533525385
24348,0.012015089512221501
24349,0.9213341543778655
24350,0.05039208765585674
24351,0.011982195569420337
24352,0.45117089952142514
24353,0.003668916417482058
24354,0.02450567210121576
24355,0.018647068370900983
24356,0.00753553987721696
24357,0.033805057651727664
24358,0.01349124823527974
24359,0.01443991215189954
24360,0.007394349372502841
24361,0.060623256875859774
24362,0.002772178896127521
24363,0.9390477167780443
24364,0.03676054401904018
24365,0.03608512607290872
24366,0.004997673215160237
24367,0.21191406291085996
24368,0.056354474204381125
24369,0.004793842683380387
24370,0.0016608321740558807
24371,0.13529884995314234
24372,0.0019978900317338126
24373,0.9726002242191367
24374,0.05384088762151218
24375,0.8649345468427433
24376,0.20603520959338878
24377,0.026795623362622856
24378,0.0008868991064683242
24379,0.7622130384837296
24380,0.940277541291502
24381,0.8690574613220599
24382,0.0031356508388420364
24383,0.21432807846089022
24384,0.29857249885889764
24385,0.01738429150686684
24386,0.22347857890301964
24387,0.5330031705359962
24388,0.003062975124153897
24389,0.012786493196444619
24390,0.018588270771333144
24391,0.6695287838208788
24392,0.2179048810655531
24393,0.020046035386440914
24394,0.01567113491786299
24395,0.04168327178103166
24396,0.9212191827313363
24397,0.018942879247853386
24398,0.0027412970572090628
24399,0.002504175674856307
24400,0.01516170888233144
24401,0.008953631538096458
24402,0.006221811507675521
24403,0.9434549378164165
24404,0.009514352752311137
24405,0.10403361420890084
24406,0.0009140527808112727
24407,0.22681025286160889
24408,0.8819407190572834
24409,0.006155730322829594
24410,0.8753773954351518
24411,0.01958827062353548
24412,0.2387131752419517
24413,0.012440786767598388
24414,0.039345668565600365
24415,0.0021817047442730755
24416,0.001616608975821436
24417,0.0037161550015894986
24418,0.9006514039627057
24419,0.011037822930034689
24420,0.006450767591411267
24421,0.004089536175575267
24422,0.721553545056174
24423,0.0006550162873840044
24424,0.010594865555778482
24425,0.07220853665179842
24426,0.2181337648058917
24427,0.0038252330405981654
24428,0.08416304117264378
24429,0.6299955806173829
24430,0.07939791573142836
24431,0.019669340189443513
24432,0.0036922921434665145
24433,0.017748482428741538
24434,0.0014069061931569968
24435,0.2328087203312385
24436,0.07587042220766875
24437,0.3883253450486658
24438,0.0006615951342905003
24439,0.013503212902137204
24440,0.030557640838551746
24441,0.019574290094685087
24442,0.03950700951140236
24443,0.6036890650889839
24444,0.028831747109968213
24445,0.9616099844899997
24446,0.1039712958728255
24447,0.23550770735257417
24448,0.0014387437241752453
24449,0.31025945899458174
24450,0.006121205912089519
24451,0.26977755220458677
24452,0.32311160412275924
24453,0.4378455123250308
24454,0.035681741992803016
24455,0.03220320825842208
24456,0.041191612051018046
24457,0.0383718079425352
24458,0.009167449626137622
24459,0.1706885726277601
24460,0.0032436779437100887
24461,0.009026700047870647
24462,0.8758292271550547
24463,0.00526406985310803
24464,0.3758606352059413
24465,0.3449650834588239
24466,0.7395382884315114
24467,0.11143498654213849
24468,0.001163357122594336
24469,0.00358755072600958
24470,0.015379349804667833
24471,0.9923046288862698
24472,0.03938678269544356
24473,0.6984728708649782
24474,0.14960363688256123
24475,0.005951221192071806
24476,0.01430770541694022
24477,0.047214479223394085
24478,0.31757502607985477
24479,0.017766186527300422
24480,0.020135765067066894
24481,0.00381540974325199
24482,0.8077942428299467
24483,0.018151279508836972
24484,0.008574482770348791
24485,0.003550173436790579
24486,0.016095329743335135
24487,0.11928570325626467
24488,0.2778697283832328
24489,0.01587528926519261
24490,0.026760294054538253
24491,0.4134389422512165
24492,0.11640268738440283
24493,0.0057859772506804906
24494,0.06234303384477993
24495,0.015007069727693577
24496,0.0024962341585197828
24497,0.04048928920018787
24498,0.15351403018108398
24499,0.008808674593223651
24500,0.0015131327471156746
24501,0.6455249112186039
24502,0.014425625803866134
24503,0.0012533839065611467
24504,0.0021844638783037594
24505,0.002169624049726735
24506,0.014009317627187667
24507,0.0005357249665506475
24508,0.002033377797078342
24509,0.0288209557389064
24510,0.07530779327218998
24511,0.4071240522694844
24512,0.06053240417141287
24513,0.006352081444937285
24514,0.8744532501115583
24515,0.17993151632631343
24516,0.010602516133739423
24517,0.003041991956603752
24518,0.9820713353318361
24519,0.9835614489038665
24520,0.003012869568095275
24521,0.12641366906590507
24522,0.008253925262931037
24523,0.9784999280129009
24524,0.014814181361136084
24525,0.22216436497746817
24526,0.0016927847276717502
24527,0.0028892977941603424
24528,0.1760336411066505
24529,0.007133376046442138
24530,0.003932349051094439
24531,0.005165053927193066
24532,0.9648869076099186
24533,0.3509413932930844
24534,0.22497092652691258
24535,0.10389444438094018
24536,0.8377931186786111
24537,0.08615712048918682
24538,0.018976937620100512
24539,0.21743493853892074
24540,0.6572832031885022
24541,0.011590070079253759
24542,0.16974200227067054
24543,0.03485766942696894
24544,0.16069514863309986
24545,0.013813515569178156
24546,0.23370860054237658
24547,0.04483622444722191
24548,0.9801757237854933
24549,0.041449642921274656
24550,0.012019747998294484
24551,0.0019147232648858894
24552,0.002113846119806077
24553,0.0030104592555582365
24554,0.00843992464232895
24555,0.019621377132649352
24556,0.0008009688434674001
24557,0.07672534558951587
24558,0.9930403733791581
24559,0.0472484077697369
24560,0.9721143694218801
24561,0.14837085995365676
24562,0.9758736250428844
24563,0.011846050904171514
24564,0.009019916432260475
24565,0.04376506271739207
24566,0.0452478632221224
24567,0.030922919457450997
24568,0.4589814850929988
24569,0.011897930083342091
24570,0.38668342351604706
24571,0.002692834922569017
24572,0.05838962412764768
24573,0.000706763763906024
24574,0.020254450785100332
24575,0.009216909703236192
24576,0.9788400837113159
24577,0.00770667835509026
24578,0.0010808971589242938
24579,0.9169532442748536
24580,0.010977037640990507
24581,0.9855614156949187
24582,0.4177341339121112
24583,0.9640398319277466
24584,0.9343277224225831
24585,0.007025515854924117
24586,0.01078665684895658
24587,0.10076760286357483
24588,0.019228343326146802
24589,0.046595659780250424
24590,0.10251251434954456
24591,0.0015164529198395127
24592,0.1308010910473497
24593,0.0618210627907979
24594,0.5871431662424355
24595,0.0036573605492935483
24596,0.9412826632451929
24597,0.05695502472803736
24598,0.0019584702652781
24599,0.00997814407392522
24600,0.08525442722074283
24601,0.2977936098607357
24602,0.010413326282247651
24603,0.001329510044277701
24604,0.0031920240502724562
24605,0.035618241473034974
24606,0.9302819725578941
24607,0.0030827765567545727
24608,0.02695627083088419
24609,0.47772000771911516
24610,0.003042761655015095
24611,0.012393448250628257
24612,0.759551102403762
24613,0.011587743522159893
24614,0.003592782202972592
24615,0.10078594443473805
24616,0.9637620409861494
24617,0.022765289104655542
24618,0.9643920371311614
24619,0.007372014969738518
24620,0.1879507457927873
24621,0.40990774939002395
24622,0.01747244151604484
24623,0.16010080813069644
24624,0.0018144139902088725
24625,0.9393495633287962
24626,0.19771267826806513
24627,0.013642160435017361
24628,0.1472096461503438
24629,0.04023639051137126
24630,0.33261748784634804
24631,0.014840846164727441
24632,0.0031938614597342508
24633,0.0028130058148887653
24634,0.1275579828576575
24635,0.022241978183558577
24636,0.09694399512992977
24637,0.6223448667730775
24638,0.0030307347744314536
24639,0.07757811285450154
24640,0.002371681085908316
24641,0.6575885981194413
24642,0.95021028880809
24643,0.004401636592146508
24644,0.02265239730094698
24645,0.44455403723503023
24646,0.34410649629190515
24647,0.3082395672617013
24648,0.41419966435805966
24649,0.00911462345515097
24650,0.02190881364125259
24651,0.05560131157973738
24652,0.2015733956467699
24653,0.4804290853534113
24654,0.9823718242088375
24655,0.020290845586473163
24656,0.0027894037780180456
24657,0.824523783401842
24658,0.5175697059067462
24659,0.0023544146090503427
24660,0.004646528419376854
24661,0.04272863047025001
24662,0.9088005758226878
24663,0.005870522413762304
24664,0.017603438367195537
24665,0.00784358414847554
24666,0.009401084075828195
24667,0.13001315957733706
24668,0.47410821701628963
24669,0.8963612739739452
24670,0.3411203227609002
24671,0.9831505236038498
24672,0.023183636829436593
24673,0.003825639657053054
24674,0.025849111912679027
24675,0.0035123345113016033
24676,0.002937980413350173
24677,0.8634027803305253
24678,0.9789675528602098
24679,0.042898900268408195
24680,0.7036010463477795
24681,0.006164049468920068
24682,0.002818265935552922
24683,0.028483307476652023
24684,0.9535946917863803
24685,0.02225064016939354
24686,0.24835685301853477
24687,0.07215493208774842
24688,0.7345987370580286
24689,0.6030167353336469
24690,0.004529807307998378
24691,0.00864643821929092
24692,0.9418102657355111
24693,0.015261214380072774
24694,0.024308327683279052
24695,0.017459923456824126
24696,0.09936893949827891
24697,0.0012437616934045073
24698,0.007390430391675616
24699,0.6309282918867223
24700,0.026319012948990837
24701,0.003987473072561569
24702,0.0276226778981623
24703,0.013758054665496414
24704,0.055343603328442514
24705,0.3760406199942023
24706,0.09938839558200674
24707,0.3396718304860328
24708,0.004969536495585581
24709,0.018487946695018628
24710,0.023872262213891302
24711,0.021503854188625177
24712,0.6940465214875997
24713,0.034953494470736216
24714,0.14630086582023705
24715,0.005368977433165564
24716,0.507137820502536
24717,0.011292134596484843
24718,0.0015477808010413933
24719,0.21190348481963842
24720,0.22240700603916044
24721,0.6861859551787102
24722,0.006635649123746845
24723,0.014663203585016943
24724,0.04398382587179658
24725,0.21436790469116007
24726,0.09182482504695492
24727,0.0047020346834207045
24728,0.8981471003650346
24729,0.04883797832857802
24730,0.0033915906941294582
24731,0.017042131208381116
24732,0.1065289331858341
24733,0.36686948047984447
24734,0.060562135506316714
24735,0.002395626420955216
24736,0.06742703057366264
24737,0.0008901619577643747
24738,0.09246145407573682
24739,0.003182494088593777
24740,0.08827119160382255
24741,0.025109490601549718
24742,0.2725670801271221
24743,0.0021553201299351855
24744,0.13600215809618252
24745,0.15390475022840552
24746,0.004224773116004691
24747,0.06434307682779004
24748,0.6404728109172914
24749,0.004903137713571914
24750,0.020247978835376063
24751,0.01464196192074035
24752,0.004376460973675154
24753,0.06007894703773196
24754,0.17808401484365113
24755,0.017274202436334474
24756,0.0010321161747143953
24757,0.3236289760796782
24758,0.023056392371388693
24759,0.0042383338674926675
24760,0.002677997001439793
24761,0.008554544764927167
24762,0.5142482509743476
24763,0.01979923049803342
24764,0.005715165759270074
24765,0.004345557222029438
24766,0.018029386017588116
24767,0.0591302994908561
24768,0.007083479878704893
24769,0.03436988030651554
24770,0.004719255100253
24771,0.0006993527589754171
24772,0.15365920411127787
24773,0.035610024417120696
24774,0.17205509366793312
24775,0.005662647551628507
24776,0.16790173319134383
24777,0.007532044392472061
24778,0.8387214219842981
24779,0.0067830301798512335
24780,0.006082418967749494
24781,0.004112156597850456
24782,0.913325155187562
24783,0.04687015914139888
24784,0.3119391082512188
24785,0.3651302078523757
24786,0.14412382178897679
24787,0.0007508250472849131
24788,0.8041389840268286
24789,0.01702909222928464
24790,0.005353108801497659
24791,0.26295695052271045
24792,0.005299691000122648
24793,0.5739597720838967
24794,0.010830241397421534
24795,0.02037594756335367
24796,0.9663727128850453
24797,0.003907893248198467
24798,0.0033587310967401105
24799,0.03597472607839927
24800,0.03310941310826634
24801,0.004326253359451806
24802,0.8144994834683962
24803,0.0022064131290092004
24804,0.0024905145437793897
24805,0.01338359847423178
24806,0.005675323455727996
24807,0.024635551999308506
24808,0.0015900520502463715
24809,0.2780692462059852
24810,0.007825835019920097
24811,0.07308416848576661
24812,0.002023400803389499
24813,0.10346141036463073
24814,0.13591388075506564
24815,0.006322137315521025
24816,0.007548120082968955
24817,0.010550676302775648
24818,0.004400291561039803
24819,0.7038662305553349
24820,0.7348013138979318
24821,0.01461963937979065
24822,0.004533474177017967
24823,0.07786756580614018
24824,0.052873293332601046
24825,0.0012717073685879036
24826,0.8371428345711983
24827,0.003412378049138478
24828,0.019400562069095302
24829,0.006476426070694366
24830,0.37879644437734594
24831,0.009375579845823972
24832,0.007220262735042932
24833,0.01997778878018335
24834,0.02782112810099853
24835,0.040283442656354085
24836,0.043553611167372
24837,0.008010534363350265
24838,0.2828777926439123
24839,0.22187214363351815
24840,0.9617180599526649
24841,0.9545728388293673
24842,0.003498714642364366
24843,0.07381094152219189
24844,0.010223759632505328
24845,0.0011490180273176303
24846,0.0024936802213207324
24847,0.7176544470816933
24848,0.020225429116945713
24849,0.020751786195328203
24850,0.04990866011692271
24851,0.3180449495584469
24852,0.3667520220859229
24853,0.021214650217267525
24854,0.0076547432909060175
24855,0.9757904451211395
24856,0.0030406174265380013
24857,0.005085931494540399
24858,0.013315584164605
24859,0.03984478600045766
24860,0.116248975707552
24861,0.3583866942581264
24862,0.0066567022275742455
24863,0.4829271630659152
24864,0.006906795513428283
24865,0.05961505264031098
24866,0.9978853270016753
24867,0.741998993261418
24868,0.041372959143400945
24869,0.08946758806134303
24870,0.2539960559905484
24871,0.08983481610599041
24872,0.01916108403794813
24873,0.011169752492497978
24874,0.07382578344814827
24875,0.039532684279088265
24876,0.07997056256053238
24877,0.4072007847288243
24878,0.008209416995698092
24879,0.17319607492776307
24880,0.1207294686859424
24881,0.3484118754986193
24882,0.007554132728966395
24883,0.7318713079930825
24884,0.20023036722566795
24885,0.046493329790880375
24886,0.14546247852035427
24887,0.014563202155674713
24888,0.0726043898879344
24889,0.8114547140405522
24890,0.06811543786917328
24891,0.016813808630228112
24892,0.0351833389487326
24893,0.2720083382595731
24894,0.04066445294123648
24895,0.9787574071559061
24896,0.9726851531617815
24897,0.07477535238936535
24898,0.9571371367795422
24899,0.01629084763173826
24900,0.030048382230381594
24901,0.03151051470793488
24902,0.6048016246662762
24903,0.012875660283935891
24904,0.02731630400325051
24905,0.5365784828984549
24906,0.03066714689029574
24907,0.688014484542751
24908,0.09013184105069262
24909,0.009244118649750397
24910,0.002056350224832545
24911,0.006799779157092212
24912,0.07968715208506394
24913,0.023693465783203613
24914,0.02001626004782548
24915,0.009492387401982662
24916,0.9001882668151695
24917,0.016145691019551194
24918,0.35360402569010413
24919,0.004399813287581491
24920,0.10705409404512549
24921,0.866933340443804
24922,0.00849147754604655
24923,0.01686972783327089
24924,0.04212213360472282
24925,0.018761134144693378
24926,0.004557214133548331
24927,0.04866924010811189
24928,0.1324255728436203
24929,0.08349512856206276
24930,0.17252734675548098
24931,0.8336851917777173
24932,0.05303702109729325
24933,0.07761389644559347
24934,0.015480533560360443
24935,0.009649246500260418
24936,0.3785817692156581
24937,0.9209448338127022
24938,0.972921174320223
24939,0.014051723649931675
24940,0.009041576900473056
24941,0.005966739601358881
24942,0.0027055307171523486
24943,0.007049003998675714
24944,0.001337304464991248
24945,0.0026993380586634434
24946,0.0033459656903590314
24947,0.05598951179154574
24948,0.01429415178118294
24949,0.008283179911000749
24950,0.05179835761321605
24951,0.02044255707219891
24952,0.08974557041190008
24953,0.01318718517206108
24954,0.04361670958443818
24955,0.3159157269082951
24956,0.11836345243056091
24957,0.0018953836516376412
24958,0.016901398061449815
24959,0.19569346497160436
24960,0.9683011634068016
24961,0.01858904221683026
24962,0.0014652853797555096
24963,0.00427621074480274
24964,0.007557610698248237
24965,0.009439128712017365
24966,0.8533138367256649
24967,0.0011741820498569673
24968,0.015054025058997047
24969,0.923924012304679
24970,0.9195825149522948
24971,0.07663162908545419
24972,0.01618381821048337
24973,0.005471750215075265
24974,0.01316311895307201
24975,0.11843906775104875
24976,0.08740570343313465
24977,0.0015091389568373998
24978,0.009657272693628358
24979,0.06517158133340147
24980,0.0029625019790849795
24981,0.4331513283681919
24982,0.017901563456811473
24983,0.008843678667721696
24984,0.023112063242919364
24985,0.5212078414181335
24986,0.9556099442045164
24987,0.018080920636681014
24988,0.010322510436062986
24989,0.776880385718954
24990,0.9659279718482898
24991,0.17005782404627565
24992,0.001585074310291187
24993,0.022376772995438037
24994,0.8766630351622936
24995,0.015970410516079322
24996,0.00918209509450519
24997,0.0003221385763956
24998,0.055127794758602244
24999,0.3160300835404196
