id,Exited
15000,0.08659956288790534
15001,0.029948769785568912
15002,0.046531864709564684
15003,0.7794064553725076
15004,0.04362147604059619
15005,0.5132281104388684
15006,0.017981496339899195
15007,0.03241772941588304
15008,0.029947175380155122
15009,0.024017672592729664
15010,0.048006159292839634
15011,0.9346024737734966
15012,0.12889933037760554
15013,0.14270350239996785
15014,0.062021118224595814
15015,0.019171878663671024
15016,0.03098720315366758
15017,0.015673102044676618
15018,0.4271931135786603
15019,0.013509854503548191
15020,0.009128419443470372
15021,0.018635007298368415
15022,0.9608686822070592
15023,0.1844926493567299
15024,0.018250091598472563
15025,0.7884876959897482
15026,0.6115815445310957
15027,0.027841701520683337
15028,0.15627979361878472
15029,0.612982953266545
15030,0.6494610672966342
15031,0.5005098819926861
15032,0.05528933634746711
15033,0.12864331826999692
15034,0.8263175400523302
15035,0.02796016104379319
15036,0.03101838637512767
15037,0.7519457803911488
15038,0.05518117168489407
15039,0.02519458848715481
15040,0.1319493321422595
15041,0.009792541410934278
15042,0.009584217287019909
15043,0.014170730741749004
15044,0.0038520753149830743
15045,0.07570795631363261
15046,0.1856493005597467
15047,0.8275840570082399
15048,0.012351770873251245
15049,0.4010606060102706
15050,0.036658794676287645
15051,0.045019486534668016
15052,0.022117799627198922
15053,0.29238499091649595
15054,0.17452719112963083
15055,0.011470898918635933
15056,0.011114922730940087
15057,0.9049796119566372
15058,0.7528540545370576
15059,0.1108171472734736
15060,0.006951413446399099
15061,0.005711509189692206
15062,0.639513064084049
15063,0.7944610583099003
15064,0.0385602011307041
15065,0.021502365357869056
15066,0.06468957717283734
15067,0.8955549079846669
15068,0.9231331063273281
15069,0.021344615750781438
15070,0.7722811512869021
15071,0.02669188949761617
15072,0.788310098956022
15073,0.7202966610437641
15074,0.010679541007556158
15075,0.009930221683026577
15076,0.003958188711182435
15077,0.07434406604331566
15078,0.004179182491184399
15079,0.36177748865565124
15080,0.748795510539444
15081,0.1823044210458476
15082,0.038859168847709506
15083,0.06741491917767617
15084,0.011762206941766227
15085,0.03126476188735993
15086,0.7606487879759829
15087,0.0038008968296069866
15088,0.012567520418588591
15089,0.11885632919005559
15090,0.009654084791808215
15091,0.013709711771254851
15092,0.006755707160028085
15093,0.1324836392269034
15094,0.02351587337639473
15095,0.021272248891359213
15096,0.31904771450183816
15097,0.005989939558242565
15098,0.06483156296908436
15099,0.21687280267378065
15100,0.02163579743945095
15101,0.7674860212716431
15102,0.48950810069778805
15103,0.4229643522349952
15104,0.23268600345541993
15105,0.08452333352539819
15106,0.11942473482903146
15107,0.9692324162593876
15108,0.019350352968719828
15109,0.006806868937911968
15110,0.16313587361234982
15111,0.047236331252882735
15112,0.3673233796343729
15113,0.014971893912193782
15114,0.013338205143506934
15115,0.021567423039016157
15116,0.0062452243187366896
15117,0.8842803705462986
15118,0.08715125865529368
15119,0.07594450204603828
15120,0.0183505289136442
15121,0.20912769231858688
15122,0.009847118775096995
15123,0.058291710804147114
15124,0.22967166628712918
15125,0.017760228606972916
15126,0.8925702937115931
15127,0.005315191999345514
15128,0.0956939844604418
15129,0.11127302790949056
15130,0.003613595671734725
15131,0.8307627038787608
15132,0.1310373613806525
15133,0.0508695244487476
15134,0.010577370962375947
15135,0.833311885215299
15136,0.3413511110244482
15137,0.0800176184463481
15138,0.04842675188939884
15139,0.012327904195966508
15140,0.011104411972872916
15141,0.8586555397225396
15142,0.007526231439924381
15143,0.7616029658246557
15144,0.1460521273172
15145,0.019574123328412945
15146,0.044994897164466995
15147,0.3270387404655988
15148,0.022129117601278572
15149,0.9534963009069859
15150,0.09449423028895364
15151,0.38127751204578386
15152,0.8556789281637224
15153,0.13393594832460903
15154,0.7401906415902382
15155,0.3060715798746926
15156,0.008175122957137276
15157,0.14343187725895842
15158,0.1995476045875385
15159,0.6059747873377718
15160,0.3881771318317432
15161,0.006459779394664828
15162,0.005833034124730207
15163,0.010193790251105984
15164,0.006927798712810634
15165,0.1159914750203238
15166,0.8838392368741261
15167,0.24088173981036928
15168,0.1152710425535485
15169,0.015443687083604754
15170,0.32752354417386204
15171,0.011018411525197162
15172,0.07428454286076937
15173,0.9415164921920617
15174,0.6121059688944127
15175,0.06511022266709175
15176,0.008373416305204148
15177,0.15504732659926937
15178,0.08999132357308265
15179,0.018944969266911266
15180,0.32739267824940665
15181,0.9646222504520701
15182,0.33025051420125956
15183,0.6292199804238516
15184,0.012072422792287396
15185,0.42402392039005515
15186,0.1491590115071572
15187,0.010075855303374029
15188,0.04658197042608011
15189,0.02041519634535882
15190,0.21288440717260484
15191,0.009660825823893085
15192,0.18064722385747944
15193,0.11722673410592069
15194,0.5722545001530017
15195,0.3302373879866041
15196,0.414604328282419
15197,0.007302428899497563
15198,0.34722476808451486
15199,0.03040260184822441
15200,0.40674969590080523
15201,0.02467693348569811
15202,0.004479184650597149
15203,0.006408012626241906
15204,0.004622295329261921
15205,0.24480588655003713
15206,0.21685667739874245
15207,0.09965757641396153
15208,0.017891000325035974
15209,0.21336254274846433
15210,0.010557199388070008
15211,0.043830631211313774
15212,0.8019003373320819
15213,0.012047503317326331
15214,0.04146793136498527
15215,0.023958879161004462
15216,0.8506454180566676
15217,0.04091181398178971
15218,0.06664376784122315
15219,0.011522121590151197
15220,0.05581748739190598
15221,0.04931852996582281
15222,0.17638186631524752
15223,0.017167826222110973
15224,0.013731244835009858
15225,0.40017611513478524
15226,0.5971960264697649
15227,0.021098244288363776
15228,0.4574246505554248
15229,0.13251815526515295
15230,0.9235364049876659
15231,0.6409984514727743
15232,0.06308230518618878
15233,0.06971394922617723
15234,0.9843122677591355
15235,0.008044234525428252
15236,0.19354991756380552
15237,0.08189751831599133
15238,0.007221352335768919
15239,0.01312069263818925
15240,0.3130323615564265
15241,0.06354655101324626
15242,0.339826455734861
15243,0.5848013183962858
15244,0.044541117115399174
15245,0.8026707099919247
15246,0.1293505976794222
15247,0.13936319095720925
15248,0.22094776370976887
15249,0.039121644508665704
15250,0.008300038074984363
15251,0.013882796742078986
15252,0.3910937797397319
15253,0.20793577857622755
15254,0.011532574626163623
15255,0.013469140112044498
15256,0.008207991462199124
15257,0.17203069439793647
15258,0.8697674916802545
15259,0.07845884171035332
15260,0.01655110265548112
15261,0.9740699605606348
15262,0.014673292139231171
15263,0.7597812336422484
15264,0.28102403494852857
15265,0.4697402470520632
15266,0.08935093159612904
15267,0.1381771152137648
15268,0.010319502069327977
15269,0.011458253113743254
15270,0.1619718520479248
15271,0.035916030868639065
15272,0.1096179828550758
15273,0.064476753353309
15274,0.9539843348615074
15275,0.8395783224131844
15276,0.27508959065986477
15277,0.02548296530686859
15278,0.009761485271562696
15279,0.04623159691627106
15280,0.9307821504933885
15281,0.013951492856404428
15282,0.16095488160471494
15283,0.45283646027412516
15284,0.010116888047708904
15285,0.9221832279755743
15286,0.003422854090270899
15287,0.013554035813608133
15288,0.010993860469632473
15289,0.02775626676658259
15290,0.005477354651912172
15291,0.007393930975791202
15292,0.18196545378016368
15293,0.9635224549039677
15294,0.01666343315935259
15295,0.12430179246869538
15296,0.07959193008428456
15297,0.017638218207904736
15298,0.005745485474423906
15299,0.007084159040240547
15300,0.04204209595498776
15301,0.24949087603807374
15302,0.26268185128527527
15303,0.0063779098324450246
15304,0.062090067335113505
15305,0.1145732720070791
15306,0.025432168229933962
15307,0.6220455481703859
15308,0.0037953577337668065
15309,0.9332401157118457
15310,0.4372827460782529
15311,0.20877095274692975
15312,0.013667531958973623
15313,0.015893159644903256
15314,0.005871223482038947
15315,0.006767776356254797
15316,0.1864082045690833
15317,0.02984034933319205
15318,0.5619258844212447
15319,0.0038794481774714357
15320,0.06580987182613884
15321,0.010245817675256097
15322,0.08047528655605432
15323,0.005449993735560312
15324,0.7632179933101785
15325,0.004636819075793252
15326,0.028783825738211317
15327,0.508224683381215
15328,0.08827364128653255
15329,0.008851839276851887
15330,0.04433656908518177
15331,0.04346594639088149
15332,0.012856799327027314
15333,0.047366532914072675
15334,0.13520289295526627
15335,0.011368384535645912
15336,0.19494412393153698
15337,0.029691410446419014
15338,0.1467428305566952
15339,0.031635738848306956
15340,0.012818249115596482
15341,0.003691136529038936
15342,0.889609116219458
15343,0.07016780516509616
15344,0.05878226000051685
15345,0.17870302539535562
15346,0.7747588088471316
15347,0.18967550280507825
15348,0.08557051685981605
15349,0.029026750907471345
15350,0.050815204848988264
15351,0.021932327071269412
15352,0.04392793192442126
15353,0.6075512753144924
15354,0.0359213358952013
15355,0.09465430735971661
15356,0.63278771946298
15357,0.007064993846858443
15358,0.02959513759896991
15359,0.00368532211434602
15360,0.022209935224885523
15361,0.008647998637728908
15362,0.021128733407830076
15363,0.014612200143490045
15364,0.13927587016602536
15365,0.5913066589647419
15366,0.3678415788603757
15367,0.8590690619272222
15368,0.052869578118922095
15369,0.041318035311013766
15370,0.6237458595892665
15371,0.04237136126392985
15372,0.02820748704514296
15373,0.14167230998607508
15374,0.311785325780684
15375,0.12343508712864673
15376,0.2361135556079723
15377,0.7532848508404734
15378,0.06229846795918899
15379,0.8135281500146552
15380,0.6765078202955085
15381,0.04510806701601996
15382,0.006772077392751463
15383,0.006342030080838464
15384,0.640332982265474
15385,0.34894917435962264
15386,0.20033845262154606
15387,0.06413387424383886
15388,0.01213381926276574
15389,0.10916569768202372
15390,0.3727455177675811
15391,0.12743269397233173
15392,0.005263506512336605
15393,0.018995716029216684
15394,0.009501990864749626
15395,0.013342650455321892
15396,0.10775831977611235
15397,0.011886286684074713
15398,0.02623018919631541
15399,0.01697046659702059
15400,0.5960272398061046
15401,0.08948585088884978
15402,0.009752587978487229
15403,0.04327319705043749
15404,0.05176761764817705
15405,0.06570885069283218
15406,0.2926039320819091
15407,0.037204480089649605
15408,0.11521058433641708
15409,0.5638109341934885
15410,0.37917125847284583
15411,0.009442248143738792
15412,0.08640055170404888
15413,0.8051903300750433
15414,0.927213180471762
15415,0.013117186580136678
15416,0.008363362484952916
15417,0.33825041851339777
15418,0.09186190646115062
15419,0.24933337561742733
15420,0.11776614351543523
15421,0.07317531880789711
15422,0.20432629981861686
15423,0.2100357813125723
15424,0.02950585983159429
15425,0.8832628549684651
15426,0.6894530422182041
15427,0.09585520197352412
15428,0.10626659736670051
15429,0.16286085280085366
15430,0.005293722730815954
15431,0.015038803032104128
15432,0.055830272227404096
15433,0.004223924818359084
15434,0.006889361913181231
15435,0.013883406503372327
15436,0.04640407037636956
15437,0.09171928592576187
15438,0.020626359793409533
15439,0.07964974829831158
15440,0.054263253581745274
15441,0.8531057534956983
15442,0.6715245327245194
15443,0.48697180851942024
15444,0.012822746905229415
15445,0.01386662590708731
15446,0.13210450090184384
15447,0.00983417175859679
15448,0.9083638606945333
15449,0.05874247329529459
15450,0.026515005455137925
15451,0.02506100222662223
15452,0.43221501545365415
15453,0.09912384406724603
15454,0.2118561964534388
15455,0.8107046571836097
15456,0.05273160667796781
15457,0.005882632449785441
15458,0.09889692865965703
15459,0.5133614079577004
15460,0.5545294051410342
15461,0.11050915520922074
15462,0.06515831599318962
15463,0.008435923996458688
15464,0.8416143720625581
15465,0.3150244782789325
15466,0.009469564995359885
15467,0.9231197966514291
15468,0.0055931070417026656
15469,0.0555959857865522
15470,0.004952193696590774
15471,0.03406119384999137
15472,0.10319107130512446
15473,0.10441193233354683
15474,0.1984355155086631
15475,0.3031425317160592
15476,0.26362111672577776
15477,0.03073264764736174
15478,0.018109379787419683
15479,0.048925110557929356
15480,0.558807582414486
15481,0.9641061817204996
15482,0.07440208207356773
15483,0.9683011634003478
15484,0.03985195123104145
15485,0.3791708266534957
15486,0.016614206219095283
15487,0.9250097522079914
15488,0.01309515842048816
15489,0.19252971539769834
15490,0.9342403442379748
15491,0.45027323468106933
15492,0.9484019249630034
15493,0.14119317461813657
15494,0.11533787193834553
15495,0.5290254547501165
15496,0.035848973507321164
15497,0.005425607418882396
15498,0.9406290316560753
15499,0.4481791713704709
15500,0.01075378748411347
15501,0.005625474066202251
15502,0.06322758906694187
15503,0.9415297433978551
15504,0.05048829363171503
15505,0.04277409428965013
15506,0.20039008097538175
15507,0.0060275233309364865
15508,0.2002196377427589
15509,0.007925767906136603
15510,0.14245033968115903
15511,0.027241876998950598
15512,0.008789945649759805
15513,0.019019651625355845
15514,0.07674131332603738
15515,0.004854183179505549
15516,0.12270548982324832
15517,0.1637729301651812
15518,0.01132444390977921
15519,0.04432875549247013
15520,0.2938164877140621
15521,0.1380844002589981
15522,0.058322660033587596
15523,0.020559186220416137
15524,0.07308269069056586
15525,0.005663988720716018
15526,0.03145766834836781
15527,0.015058844960074988
15528,0.013870791861416312
15529,0.06369923143261828
15530,0.006480549388815163
15531,0.05952810768343125
15532,0.02261341027398265
15533,0.21460859824781706
15534,0.012840753366662435
15535,0.15434699690160333
15536,0.32118456870805784
15537,0.024626819076929377
15538,0.03903780294222833
15539,0.02138608262717743
15540,0.07829955926173571
15541,0.02039657037891715
15542,0.00730655271131137
15543,0.021428648894035656
15544,0.01614309675430585
15545,0.0919720067673472
15546,0.6038246213533546
15547,0.07659203140347962
15548,0.013691876958536834
15549,0.7603495412357053
15550,0.008056430522846311
15551,0.016404501296618853
15552,0.07137124494194907
15553,0.08891718943351945
15554,0.41690146280880114
15555,0.013413637104494454
15556,0.011547490691252587
15557,0.03127220803891385
15558,0.09107458630826985
15559,0.1205293645895191
15560,0.01809386574716376
15561,0.019767979979893203
15562,0.01305653722620722
15563,0.017986691967904575
15564,0.06008498410147237
15565,0.09697415545342869
15566,0.022270568958911854
15567,0.015575878433402983
15568,0.00847726500959335
15569,0.009668074457036734
15570,0.2947107109229743
15571,0.3018166143701624
15572,0.9773446233749182
15573,0.07980338936383244
15574,0.008588495259277348
15575,0.029932825342638317
15576,0.06413427771031545
15577,0.6981521625002837
15578,0.7361799203623893
15579,0.33258437307167865
15580,0.0116730516645506
15581,0.11470489758399166
15582,0.04812991365164856
15583,0.011875809282385318
15584,0.033521487622520024
15585,0.7400634589678171
15586,0.005249745917430035
15587,0.009136793096756109
15588,0.07735014905572891
15589,0.007682795606122564
15590,0.028277506871873477
15591,0.03882091728816084
15592,0.04542078427182504
15593,0.9204224036399804
15594,0.7535354896858699
15595,0.021552019031457748
15596,0.7771260111594368
15597,0.6870421361329142
15598,0.2297083027896287
15599,0.1046078796648985
15600,0.7062041695250451
15601,0.4974019340913324
15602,0.017667058249670912
15603,0.014694145476344943
15604,0.17105435206106764
15605,0.26013338277913145
15606,0.007095437860307054
15607,0.04574228840705468
15608,0.010524727458616377
15609,0.017392130256706946
15610,0.7558714445496869
15611,0.005394087626834257
15612,0.3573720311174388
15613,0.30242207669616944
15614,0.039451249840550304
15615,0.3889551575691563
15616,0.009136610332577406
15617,0.9425901220599234
15618,0.45796559625104527
15619,0.006406110319337604
15620,0.17929178391500605
15621,0.025575284938551296
15622,0.025663323613424834
15623,0.07879395873345339
15624,0.019469718491647102
15625,0.960785612164524
15626,0.011646095375166806
15627,0.2722906410146921
15628,0.012625855050608259
15629,0.060769516741775796
15630,0.0558117577334532
15631,0.2689500386242699
15632,0.006640519211575402
15633,0.006572140551109986
15634,0.04949661046073171
15635,0.3842483119393483
15636,0.02615987410784509
15637,0.1552893334760202
15638,0.02706876227216834
15639,0.3150316726718806
15640,0.6011456416603668
15641,0.5249410352812923
15642,0.24763021397317458
15643,0.029858906700380498
15644,0.230847641705325
15645,0.014698389015630385
15646,0.13904287495248188
15647,0.01275581543564394
15648,0.1464119152004189
15649,0.059712118645600804
15650,0.02472987202946012
15651,0.018438344855434694
15652,0.020815388500424636
15653,0.6422907777172066
15654,0.14352728980765836
15655,0.8302570573588159
15656,0.3960251048549925
15657,0.9169685102623515
15658,0.03217683912090857
15659,0.029227114510806958
15660,0.0249385706021186
15661,0.166117090105586
15662,0.023687593658208047
15663,0.021275838243459695
15664,0.07780553018750219
15665,0.2821599218572327
15666,0.006700848527574916
15667,0.017036707663579058
15668,0.008581811508166722
15669,0.19908577604604077
15670,0.7438314779712801
15671,0.04268503585466278
15672,0.0053140291961115615
15673,0.1336165164257102
15674,0.2654692113580658
15675,0.6616835079685539
15676,0.015528043308255414
15677,0.6658552152438939
15678,0.11392370291888998
15679,0.011011188523604581
15680,0.1571861095966754
15681,0.005883892337670203
15682,0.01124144161555875
15683,0.045054335272451444
15684,0.014272371073485633
15685,0.037498592211257835
15686,0.6763004363085731
15687,0.006957052173032848
15688,0.5013458067384078
15689,0.20860464397061856
15690,0.15586167326841746
15691,0.011492846043939187
15692,0.11032986742940899
15693,0.05889456525116341
15694,0.006994522410892249
15695,0.022532933112189436
15696,0.015531792689334767
15697,0.011048545053626223
15698,0.16758871781683957
15699,0.00984937716789735
15700,0.006551820135031221
15701,0.29192933679870237
15702,0.03092725199261227
15703,0.2473037641149414
15704,0.0038509563170153857
15705,0.9481709041396735
15706,0.2091495470985955
15707,0.07262388228901495
15708,0.7233351274545756
15709,0.007756989950468662
15710,0.7901472630307343
15711,0.16678063868672627
15712,0.016829768521602537
15713,0.010234440144763596
15714,0.006806612754433621
15715,0.7977028540966665
15716,0.07220212468360568
15717,0.037465484485467444
15718,0.03932951455135627
15719,0.8042877940192663
15720,0.4915770148564111
15721,0.06230885327507317
15722,0.006706692784624435
15723,0.011191297665393195
15724,0.12330504874490489
15725,0.015013976724635369
15726,0.018834125889210285
15727,0.028938427756163013
15728,0.011736509148539194
15729,0.8765785254221139
15730,0.09989518516177301
15731,0.00674629240257973
15732,0.9575769429227917
15733,0.32169091527017923
15734,0.05869144211912722
15735,0.4015617584436221
15736,0.02238456775375139
15737,0.4476979267952937
15738,0.0065476688264637555
15739,0.007872564862212673
15740,0.06546190417172755
15741,0.054489012809798905
15742,0.7786072099389105
15743,0.4093512496587729
15744,0.014375196970682506
15745,0.007211248244584864
15746,0.054110103637161074
15747,0.3482975684088491
15748,0.20472934657582215
15749,0.009799897781315714
15750,0.09338709052019643
15751,0.004800948651081325
15752,0.33421058724930763
15753,0.04364517758886634
15754,0.009282361195939396
15755,0.097890715541878
15756,0.004710870314547665
15757,0.011730438438919195
15758,0.20418447938527784
15759,0.12834793353827956
15760,0.06403943704220415
15761,0.1579070838268137
15762,0.44402558101597717
15763,0.8277262413171319
15764,0.03095545317646126
15765,0.03240927034651722
15766,0.027802026151955032
15767,0.0067314277025109556
15768,0.011307923934212712
15769,0.014273339404086084
15770,0.223245355615686
15771,0.0669710436690707
15772,0.015184182130001516
15773,0.05589688857743185
15774,0.05366384110445667
15775,0.03244396215495462
15776,0.11983112922737917
15777,0.8113001452212378
15778,0.9402125498078128
15779,0.08646074235471263
15780,0.44857050774591745
15781,0.011345165045851233
15782,0.06384236211169218
15783,0.021667733464472008
15784,0.048192522075747354
15785,0.048533543227212525
15786,0.02591784121074539
15787,0.00789552334464018
15788,0.5473479070679972
15789,0.8793264172162726
15790,0.0908944447840999
15791,0.01188155674728109
15792,0.9352118200610353
15793,0.009900818834626648
15794,0.023036599835526993
15795,0.27706958756121886
15796,0.007828228848226598
15797,0.14588621097476862
15798,0.9191973189861732
15799,0.013705146924667922
15800,0.25143150607807313
15801,0.6737235408594849
15802,0.32712454338012936
15803,0.13611744440790474
15804,0.035026605882004194
15805,0.10427209949816581
15806,0.027192101962538597
15807,0.5434523209367604
15808,0.2979736836847375
15809,0.037181246062017725
15810,0.8685805184342161
15811,0.288887388992556
15812,0.0870096429626249
15813,0.0057146326976852384
15814,0.04485146952033923
15815,0.02903800945276226
15816,0.17278574217619866
15817,0.03968819366362009
15818,0.16813051880393953
15819,0.04725095017358985
15820,0.02558740138304139
15821,0.6922844929337835
15822,0.1637552061097399
15823,0.2597189460092149
15824,0.007353000694087018
15825,0.004807472569906889
15826,0.01280890810368975
15827,0.0445792936360517
15828,0.018365894314322853
15829,0.3093967177462536
15830,0.8807182849730373
15831,0.041979137001108606
15832,0.048819387747793506
15833,0.5143914218649756
15834,0.10181977125682524
15835,0.012648676165949425
15836,0.006204518201305579
15837,0.36876138267003666
15838,0.006344712969052725
15839,0.004146272582452145
15840,0.005935207072184976
15841,0.0058400562616979824
15842,0.15562116964948275
15843,0.1548512148717722
15844,0.15747790178213206
15845,0.5950560241131938
15846,0.7657520695463523
15847,0.01961516824072534
15848,0.047149463992195814
15849,0.14165492911775823
15850,0.0037961480617142826
15851,0.045200335334271244
15852,0.02038432223743477
15853,0.03351784584752876
15854,0.005048309261322593
15855,0.09841784196292343
15856,0.24184507051528423
15857,0.09639275569881625
15858,0.0323027136368246
15859,0.5158098594800467
15860,0.010709418018350375
15861,0.44095220783735684
15862,0.02625297696368809
15863,0.06211376998443249
15864,0.9898465253814733
15865,0.24041184038156418
15866,0.03416025006258686
15867,0.17498621378427223
15868,0.011427001209731804
15869,0.014760720667635722
15870,0.00936226177832822
15871,0.03073436722474698
15872,0.10855581201835177
15873,0.25826995138486736
15874,0.005153253870446557
15875,0.056010808919462925
15876,0.007949590110142077
15877,0.013539697372662932
15878,0.3850417613966212
15879,0.6827227476612635
15880,0.013418213645978295
15881,0.04035328248296935
15882,0.04828662685468961
15883,0.0413815944234825
15884,0.05082671096207108
15885,0.039304297371582884
15886,0.4590154879267154
15887,0.017212211488153772
15888,0.34820199602466745
15889,0.03216460057897492
15890,0.02643383757526005
15891,0.8979493277787436
15892,0.034313622045277666
15893,0.29805654498440254
15894,0.01079809565480034
15895,0.03155836090645114
15896,0.14480505164804977
15897,0.672441844381337
15898,0.03693664261276717
15899,0.011041252927597306
15900,0.3362687625762796
15901,0.28526637285977563
15902,0.012290834226100533
15903,0.6283379214460991
15904,0.006317665053840274
15905,0.056050806399077904
15906,0.061349856628731374
15907,0.16310348078203518
15908,0.07006172047754948
15909,0.1045400907584399
15910,0.04548469198098378
15911,0.19983840300200958
15912,0.013693210155243178
15913,0.010726994255792393
15914,0.2003469607814282
15915,0.10396361206918173
15916,0.02461326950016498
15917,0.00976147847013908
15918,0.013046295639957906
15919,0.22992700169322078
15920,0.27474307727471514
15921,0.18352222997813497
15922,0.017221804617117326
15923,0.010162535633725881
15924,0.6992953572935895
15925,0.009301951199516744
15926,0.019876937178045048
15927,0.9009870813676916
15928,0.1507492570085213
15929,0.6730902494874831
15930,0.8752115655596753
15931,0.3579296606015415
15932,0.06458268568507078
15933,0.7668111081419562
15934,0.0162549437073348
15935,0.0044982480280119815
15936,0.01617421026392031
15937,0.008494924687917531
15938,0.10070673533869558
15939,0.0306448213232617
15940,0.12114903267104203
15941,0.113911602993064
15942,0.008897344541755515
15943,0.06773908192284396
15944,0.007552439364170079
15945,0.005784900378691244
15946,0.10295780929251155
15947,0.0054893481551007905
15948,0.7041501872998845
15949,0.801496005685377
15950,0.007952854975531765
15951,0.032653045919360114
15952,0.9181957698444914
15953,0.5080707870274443
15954,0.03897408588059323
15955,0.04770846358977994
15956,0.02195305588322399
15957,0.07372279247445282
15958,0.9030742497193617
15959,0.13623806817063708
15960,0.008648852902378764
15961,0.5933821604112176
15962,0.01178620130424005
15963,0.005766052576926225
15964,0.2482124414913373
15965,0.14331171404264093
15966,0.9617515386409847
15967,0.03542585283219309
15968,0.44041377283230454
15969,0.030699889551979227
15970,0.12127745109846089
15971,0.07681743106002265
15972,0.983504484503155
15973,0.009041073733094205
15974,0.2606769683758202
15975,0.08835341146475961
15976,0.00574800075571793
15977,0.018526173451896708
15978,0.2178966118451546
15979,0.010732595497195897
15980,0.024714992293599115
15981,0.006778794881404893
15982,0.006873690973322956
15983,0.040421679545036816
15984,0.010479694070925923
15985,0.11527222546806039
15986,0.2580763225201316
15987,0.01881009190077143
15988,0.031685944549008756
15989,0.1676470885543501
15990,0.4865171391478625
15991,0.007693763127426116
15992,0.948218274411405
15993,0.10616086023486718
15994,0.009103036590084828
15995,0.02802986165200393
15996,0.8672453722400146
15997,0.2917463385334357
15998,0.016995747503728845
15999,0.017475941015597293
16000,0.48793219045968145
16001,0.015414990578710387
16002,0.02674182565064869
16003,0.005718704249954977
16004,0.05076605351357789
16005,0.4964005233722506
16006,0.03862353591898194
16007,0.07872606831865459
16008,0.006691077226325994
16009,0.6847080935970085
16010,0.007347505077456887
16011,0.4736151282714444
16012,0.02838959935256075
16013,0.005997409205976462
16014,0.013091691380131994
16015,0.2113248321858082
16016,0.5957022521173443
16017,0.23538430415442152
16018,0.07447226769856116
16019,0.1263818360668944
16020,0.01710615235277781
16021,0.0072221561848836505
16022,0.006148570551128367
16023,0.06588368479370246
16024,0.029163040239605916
16025,0.025273574897644417
16026,0.9093442511032271
16027,0.008007280401848975
16028,0.0759130798484723
16029,0.016474912784382414
16030,0.024401407048354747
16031,0.13757228322058304
16032,0.42291390213742686
16033,0.06826327488312352
16034,0.6634993798733123
16035,0.05638392928474648
16036,0.11942694231950392
16037,0.09896218014106774
16038,0.16273007965331723
16039,0.06915392821046133
16040,0.07821616217962517
16041,0.9656893454901337
16042,0.06893628215629231
16043,0.013416799048352664
16044,0.006405327405666853
16045,0.9645097957414597
16046,0.42935695782912303
16047,0.2501633705234497
16048,0.13071588022586517
16049,0.030031678227116915
16050,0.018845704579319427
16051,0.02413324009446656
16052,0.023589004030516225
16053,0.008722016389010042
16054,0.37731217622813124
16055,0.1260237932077554
16056,0.22189609806072164
16057,0.7570575518774176
16058,0.599709165433287
16059,0.08770815212201111
16060,0.7631963337168879
16061,0.029086040566647365
16062,0.02288075338853864
16063,0.008313924343505757
16064,0.014476281070366465
16065,0.01594571782937052
16066,0.013455628771782599
16067,0.008984610315518076
16068,0.5044991929412256
16069,0.021696937113882167
16070,0.7820915424862472
16071,0.007588803504677086
16072,0.042722858268925634
16073,0.6387294154371312
16074,0.020476998621727804
16075,0.2669983743756758
16076,0.4789503881802945
16077,0.46622867110609567
16078,0.7364142797005292
16079,0.4890471930440379
16080,0.022694881870894974
16081,0.028807720699160107
16082,0.24438011635398266
16083,0.29724810029070314
16084,0.010719319938005612
16085,0.008858592915993245
16086,0.6317727606286716
16087,0.013841353890530383
16088,0.008987753883153803
16089,0.006507545240824045
16090,0.9306845140634872
16091,0.1157438532578615
16092,0.07355599742088821
16093,0.18408808023349188
16094,0.42965387091106133
16095,0.22328090888675742
16096,0.07245814630947059
16097,0.35954677973582344
16098,0.1630098572295574
16099,0.38130642571984197
16100,0.006528257705258849
16101,0.03750459162751781
16102,0.06945619890725423
16103,0.013462578924319877
16104,0.005351091292894072
16105,0.872855894354603
16106,0.0547188138837891
16107,0.024319561886963242
16108,0.8385233458048981
16109,0.22613416747214482
16110,0.009563440339496227
16111,0.3068685580639444
16112,0.03442393515143794
16113,0.137061401751563
16114,0.01584658912517591
16115,0.9552310664209046
16116,0.006445740130406546
16117,0.012065332535573303
16118,0.005984581401813819
16119,0.39287019169803944
16120,0.006440725479654343
16121,0.0065796976551123765
16122,0.046948892529226564
16123,0.005951252048200087
16124,0.01617063804040065
16125,0.004925678238357916
16126,0.07912841765995414
16127,0.016585733520522325
16128,0.07567594646627317
16129,0.07859527748732781
16130,0.8763935551607609
16131,0.021290682846551147
16132,0.5282738145869317
16133,0.9674221837093524
16134,0.4002030265569827
16135,0.02237062696017935
16136,0.022120009316178788
16137,0.04675941784188162
16138,0.006377078525176917
16139,0.005657964655528479
16140,0.007182038969092307
16141,0.27055829730655406
16142,0.01856678261273884
16143,0.016727631535839393
16144,0.005695388543196105
16145,0.02491717993246549
16146,0.10390337777507562
16147,0.14602129254378043
16148,0.5078999761088094
16149,0.8889850177762156
16150,0.06353090341803924
16151,0.35865959651881746
16152,0.38048678023726845
16153,0.5046642552213193
16154,0.006039539081091486
16155,0.28579298497601374
16156,0.0100271761623621
16157,0.28398380780313803
16158,0.31952312347178335
16159,0.289606706578236
16160,0.21821438721677971
16161,0.69051824126337
16162,0.01614511706217391
16163,0.013487142180766987
16164,0.7335903433987103
16165,0.10622639778724116
16166,0.018683387164372813
16167,0.7196487659456009
16168,0.07170268311663298
16169,0.03148037999712904
16170,0.02590173437612997
16171,0.3971789953686149
16172,0.03263970093900713
16173,0.5582517623023725
16174,0.1643890896404709
16175,0.021226466503694152
16176,0.010825190050523306
16177,0.42023568727206456
16178,0.012822475619731032
16179,0.12977471798375698
16180,0.006391621267266568
16181,0.008345029499651723
16182,0.08374454534799125
16183,0.005304850097549964
16184,0.02088307310964899
16185,0.10908677702791769
16186,0.851983780296205
16187,0.1150477286252584
16188,0.03869667339892555
16189,0.052146225391544176
16190,0.007084528997711622
16191,0.841183787399855
16192,0.9060629949275472
16193,0.46700086077293934
16194,0.9455901293087633
16195,0.2828905324544613
16196,0.2745711444191813
16197,0.07739205174183564
16198,0.05034679854472577
16199,0.05244386802351497
16200,0.019899929527742374
16201,0.15071569521607894
16202,0.19616723013741702
16203,0.633367544318237
16204,0.02355554857306343
16205,0.3959221140529084
16206,0.021930192960680224
16207,0.0496205120328221
16208,0.252572090552362
16209,0.150181485135586
16210,0.16431342888799352
16211,0.2553352675891099
16212,0.11499320341800323
16213,0.09417813125223275
16214,0.36419565350436095
16215,0.022547470877639267
16216,0.04611560221477107
16217,0.7188616146667048
16218,0.048284109371995905
16219,0.04954015075426006
16220,0.014322405194087772
16221,0.10516989686681122
16222,0.4996877822303877
16223,0.8844815849759748
16224,0.004021337237997969
16225,0.05747312705684869
16226,0.12170977734044723
16227,0.005775794659067472
16228,0.08676134238108668
16229,0.22445978932120392
16230,0.043389942537267225
16231,0.5055573613509533
16232,0.48316423591848773
16233,0.4359944992145082
16234,0.9031475360968064
16235,0.0059302816868484825
16236,0.023066091819579457
16237,0.5358293640183791
16238,0.2246196476571574
16239,0.05503371231882058
16240,0.24606556888047032
16241,0.0823520246713268
16242,0.015756661740344225
16243,0.10606846476470536
16244,0.38798931257871483
16245,0.30170343722788157
16246,0.015803428044181746
16247,0.005353125687849603
16248,0.945056859543307
16249,0.14903947077801327
16250,0.6608416181757504
16251,0.7455420104565701
16252,0.008629792454272174
16253,0.01902816511158785
16254,0.006562983490603511
16255,0.08051415071303918
16256,0.04362476269661492
16257,0.015961465513414617
16258,0.05135800800633312
16259,0.17303599134052222
16260,0.011520044932870168
16261,0.0976752795846894
16262,0.042376018652654356
16263,0.047248719378234015
16264,0.013628479751441975
16265,0.01244787355538438
16266,0.6733824917402242
16267,0.01073752313851428
16268,0.11871401501889771
16269,0.020011975746726952
16270,0.0931022035654411
16271,0.013278103398184088
16272,0.19622490042514273
16273,0.059563997075684
16274,0.16285515556756858
16275,0.024793477294252186
16276,0.1920313705556325
16277,0.9364865003055521
16278,0.036186987150799654
16279,0.33727055343714707
16280,0.005297903144872514
16281,0.508974761119929
16282,0.023279310328988036
16283,0.010321651405558036
16284,0.11514233442781452
16285,0.1116731052019369
16286,0.015678168047882475
16287,0.021823646185882915
16288,0.3880737327753497
16289,0.0441638957904525
16290,0.004592468501114529
16291,0.013836122884284017
16292,0.5888348969370593
16293,0.7584559440756753
16294,0.043671098796124685
16295,0.14636611500117333
16296,0.055381476582836035
16297,0.8785698825308834
16298,0.018800298261149432
16299,0.8968204894606195
16300,0.057700247707661384
16301,0.18924885069479547
16302,0.4023250720514012
16303,0.02542388766386567
16304,0.008764923237865369
16305,0.14851231457422548
16306,0.037322619977297425
16307,0.8029589061352168
16308,0.008664094234739168
16309,0.9538343802138788
16310,0.32617600314285183
16311,0.047884112313328606
16312,0.7716560598289346
16313,0.9651480366548206
16314,0.0038169108072929163
16315,0.6335985269977451
16316,0.8934646128452651
16317,0.01623613746234232
16318,0.010172049160391416
16319,0.4592514788643917
16320,0.3323738223766094
16321,0.013244281571613236
16322,0.18230051973238198
16323,0.006307447466892277
16324,0.007928926698152875
16325,0.08856006210365233
16326,0.10675318340474653
16327,0.048672891013529944
16328,0.7278573840120757
16329,0.04580536759012978
16330,0.14987226733481965
16331,0.007281164860378668
16332,0.06848775177454364
16333,0.005737110638482597
16334,0.03709509783989529
16335,0.0382070770643351
16336,0.17018605548183963
16337,0.014110446792406821
16338,0.03401756523760162
16339,0.026293532531642246
16340,0.005799785722295954
16341,0.5231304924219509
16342,0.013928946866495859
16343,0.23771046518245767
16344,0.04142652212690204
16345,0.008585728561581974
16346,0.766521166953129
16347,0.027772811114101046
16348,0.008860316887080761
16349,0.267889090946809
16350,0.056932095812061455
16351,0.023564782309994124
16352,0.008519777887655487
16353,0.016208743940612735
16354,0.12191618233321352
16355,0.5632226580591992
16356,0.9594887403533511
16357,0.9579371166582081
16358,0.013162234785079238
16359,0.25211170024877966
16360,0.018234800544312008
16361,0.8924757784175872
16362,0.08874254691639365
16363,0.006833458802603842
16364,0.010729056355525667
16365,0.3334800094655111
16366,0.4686925463396583
16367,0.0359511418521995
16368,0.8203834504110057
16369,0.18545078559338765
16370,0.33411792002036583
16371,0.04403212922318882
16372,0.015016125575840547
16373,0.1477112067789571
16374,0.08017552604958032
16375,0.006449460214114069
16376,0.11286848222849766
16377,0.20645086530715076
16378,0.010217001545703949
16379,0.6933095730998333
16380,0.35761351607789355
16381,0.15205134410133758
16382,0.022456239701674423
16383,0.0052076584581167654
16384,0.09246381317093556
16385,0.060475962379587564
16386,0.8166260972807842
16387,0.01343506790870414
16388,0.025662169364919628
16389,0.8933085581172784
16390,0.39468213538959296
16391,0.1693065233029551
16392,0.018201235253764242
16393,0.003585221548638786
16394,0.0073539916572006245
16395,0.07083852880037357
16396,0.4085813430518226
16397,0.10909650702108448
16398,0.5639402931003619
16399,0.009279081917065843
16400,0.246687961804295
16401,0.026046348480121922
16402,0.7989173664014573
16403,0.005741265141797987
16404,0.0061798136925490235
16405,0.04455977335086571
16406,0.616834550506777
16407,0.7600444631439656
16408,0.49374547352183523
16409,0.36672568291243623
16410,0.08269983918620748
16411,0.006392333956977501
16412,0.9128331521688494
16413,0.9677283690467658
16414,0.0881884055573889
16415,0.011083397985620323
16416,0.010745023269719784
16417,0.051562062575585085
16418,0.0071719311509630245
16419,0.06512568245874056
16420,0.16960016775276163
16421,0.04081780087527357
16422,0.016821923818541435
16423,0.3375110369497454
16424,0.01386374562221896
16425,0.12227215325029812
16426,0.02325723003997168
16427,0.005611320774862634
16428,0.027420437364525842
16429,0.8898422384129521
16430,0.0039000195237029805
16431,0.059327691305717564
16432,0.15616448304839844
16433,0.09528561512724851
16434,0.5148645732884577
16435,0.004554346558319258
16436,0.005944201405631922
16437,0.003962941420215489
16438,0.0493189834384055
16439,0.03934890274751462
16440,0.006496252842225038
16441,0.010443819115965272
16442,0.10767587461371872
16443,0.07336356794101671
16444,0.1800727908389527
16445,0.2139302557683751
16446,0.06369127321467345
16447,0.08713141404619516
16448,0.049442982061658244
16449,0.008987740505829898
16450,0.028200019031034185
16451,0.017139219160329122
16452,0.766709312106365
16453,0.08799471054427056
16454,0.24456828929563876
16455,0.08166896024437591
16456,0.034028912910086126
16457,0.2413364983491683
16458,0.028530828728017023
16459,0.0072192358123618645
16460,0.008278645932707142
16461,0.02795929607768808
16462,0.006189258163805015
16463,0.8707804994873232
16464,0.0061292111157609
16465,0.012255487296747646
16466,0.14115978390332526
16467,0.010589876083841973
16468,0.20360559759422686
16469,0.011299385247441989
16470,0.015096907247924334
16471,0.5541800200028898
16472,0.020360377414864614
16473,0.018879478828872736
16474,0.007895779853965383
16475,0.8766723660292504
16476,0.9117165399402664
16477,0.014618813593805704
16478,0.017285697874836373
16479,0.014243769644771274
16480,0.0510045992062726
16481,0.03927243968482057
16482,0.003909596477864813
16483,0.6953167291683913
16484,0.10824990015577111
16485,0.006570047012466068
16486,0.028064248989508524
16487,0.019972974205348642
16488,0.014480936134870004
16489,0.9000195599982879
16490,0.07066143447722137
16491,0.01467090897797194
16492,0.44622736125836077
16493,0.026131719555163403
16494,0.5467756853546573
16495,0.037037539307146115
16496,0.01729040269475876
16497,0.058999459272556856
16498,0.12148763453370118
16499,0.04956098354743814
16500,0.06770178256930845
16501,0.02068896610314528
16502,0.3545436137248594
16503,0.017705586784955343
16504,0.05267733660024993
16505,0.012765754826511651
16506,0.03935268276484563
16507,0.021286083847825682
16508,0.12010646407465232
16509,0.049743021681442595
16510,0.8781286717416416
16511,0.09972863839161931
16512,0.007928397098115585
16513,0.014437220048410967
16514,0.24637363481216018
16515,0.04746945323133279
16516,0.005857942232489252
16517,0.15730160707479876
16518,0.09011116923763904
16519,0.005955918865122627
16520,0.0360830748378192
16521,0.02317325672123613
16522,0.02044002214323865
16523,0.5847519225374571
16524,0.040810014069556075
16525,0.4143652178117544
16526,0.08479398877872964
16527,0.0037038861147559417
16528,0.850284672459186
16529,0.4299007585403991
16530,0.005770079773882873
16531,0.00586182543877988
16532,0.8373792958913339
16533,0.006339073017671464
16534,0.08915266235066503
16535,0.04648432991755875
16536,0.09324946070027416
16537,0.0040340953034935486
16538,0.026125057129057192
16539,0.3729811132188669
16540,0.21436947979388946
16541,0.007558255782640892
16542,0.02713353330228751
16543,0.4568580048138392
16544,0.3264919974312943
16545,0.19351817441865687
16546,0.008010169256394714
16547,0.29258603457967663
16548,0.5723576157655582
16549,0.02767012991617088
16550,0.1619433477372768
16551,0.014121944789767957
16552,0.018736971015495516
16553,0.03684651673721089
16554,0.02416586810930356
16555,0.03569442548413026
16556,0.5651546595653409
16557,0.920437363488736
16558,0.01945221150869481
16559,0.11172105443049984
16560,0.08619190322500628
16561,0.050322809241485564
16562,0.05714144168418916
16563,0.0285501884524924
16564,0.1200425235648765
16565,0.9707398821119464
16566,0.4419396189922396
16567,0.35337079835484453
16568,0.4613981024762114
16569,0.012351925749000623
16570,0.1910263109489593
16571,0.1988909645822563
16572,0.007800017681520064
16573,0.004619450722030141
16574,0.6783107138226835
16575,0.012421618563674335
16576,0.05722605496686904
16577,0.09541337050362915
16578,0.009070788366562225
16579,0.043602215779195895
16580,0.00907708284598661
16581,0.029680528565409776
16582,0.5035806314837112
16583,0.017342718389221454
16584,0.006933289606029831
16585,0.013318147874845074
16586,0.8146004452006315
16587,0.21034092279920724
16588,0.9523252506489046
16589,0.006832959923043098
16590,0.7604609571341715
16591,0.0037181260312140934
16592,0.9545083018903456
16593,0.15586426796508662
16594,0.8037994546863529
16595,0.017400561170840125
16596,0.012447749396898404
16597,0.6061228701103514
16598,0.6034350104693283
16599,0.031062750640130633
16600,0.48957610056644935
16601,0.0079617726876355
16602,0.36671286416763665
16603,0.005679876967140996
16604,0.05655367776272242
16605,0.027036607661304102
16606,0.28014885977349757
16607,0.09946779475334282
16608,0.8808452196583056
16609,0.8800692742970732
16610,0.33477769948942715
16611,0.017106615687592055
16612,0.00787944404241
16613,0.010908738290060182
16614,0.4322447146824972
16615,0.033556569283032356
16616,0.1516462717573089
16617,0.061295800765928124
16618,0.005248773383314477
16619,0.12282573231781471
16620,0.020622772175368922
16621,0.6642014028539541
16622,0.5471387556933601
16623,0.0334275936086772
16624,0.4103234127333322
16625,0.013631464074386288
16626,0.006074692754864358
16627,0.03384078982114604
16628,0.007923245522221026
16629,0.05144005109132116
16630,0.08373611847035412
16631,0.8137897856476369
16632,0.04036939475413574
16633,0.2654782373209217
16634,0.006250012645163288
16635,0.8446683776991044
16636,0.05722555988501941
16637,0.014214048189743568
16638,0.16049648164296146
16639,0.016428940360236812
16640,0.5138432070860455
16641,0.02078831025760777
16642,0.012434284528914617
16643,0.042382308996648965
16644,0.03213634994085962
16645,0.0706242599993262
16646,0.06656899476132115
16647,0.033851796402109405
16648,0.04973071340562064
16649,0.16309676819317828
16650,0.003936250817429132
16651,0.006331854779239836
16652,0.06354474020734366
16653,0.0066791839543623045
16654,0.006777393134911812
16655,0.005646925996020083
16656,0.7021263169041565
16657,0.3370513698508861
16658,0.006645382847291392
16659,0.03363042490156383
16660,0.7595898498079531
16661,0.32271467991925484
16662,0.04578134557233303
16663,0.04196218589012276
16664,0.003714971736467395
16665,0.05686581857666937
16666,0.021891077051164515
16667,0.019177913997875023
16668,0.403366852214764
16669,0.007514831630322418
16670,0.010305552000647405
16671,0.005922188080164876
16672,0.32479442941181824
16673,0.7720996960898583
16674,0.006250568512374769
16675,0.1220458845080243
16676,0.011469204755552378
16677,0.009289098318673736
16678,0.009374459334598451
16679,0.006317803964852482
16680,0.008715012038131248
16681,0.027732668818059022
16682,0.41337406393448595
16683,0.04218441155331165
16684,0.006975040269773183
16685,0.08732783992569387
16686,0.6384727327963231
16687,0.011100049320548352
16688,0.5638901308622586
16689,0.19527870957727142
16690,0.967740519271219
16691,0.2126855201896253
16692,0.006530858729743911
16693,0.4639801246964037
16694,0.011689504355559783
16695,0.005970239030331669
16696,0.0046092862661421255
16697,0.02006056795076287
16698,0.011124694560199338
16699,0.019068599344032704
16700,0.039007117400884174
16701,0.9204971929843382
16702,0.007618184488304603
16703,0.021799837316936584
16704,0.01910645500710922
16705,0.09900341176956971
16706,0.017406095192303718
16707,0.4825903884928613
16708,0.022044649062637332
16709,0.010745656631555432
16710,0.043318180748082566
16711,0.6254886627417945
16712,0.0357095468026699
16713,0.6316187597607694
16714,0.06309429672921858
16715,0.2882697431240836
16716,0.03295349932420107
16717,0.08625142529810026
16718,0.6323759859380149
16719,0.7437947409116422
16720,0.006931650005536171
16721,0.2996196948604315
16722,0.14284884135679404
16723,0.009446618976576213
16724,0.05921499192142055
16725,0.0070784370702265875
16726,0.010814290920287632
16727,0.7256850455418741
16728,0.43444839938854213
16729,0.04805035867626974
16730,0.008318421923361827
16731,0.008761613710271017
16732,0.8608658797234137
16733,0.04805559616789209
16734,0.05517254151917797
16735,0.06997484369725603
16736,0.8176273403513096
16737,0.023826254127552043
16738,0.016162119741379443
16739,0.8458073932365956
16740,0.006118178870219378
16741,0.009959623320099293
16742,0.49298863555525974
16743,0.015190952054190623
16744,0.09536039493516868
16745,0.008014177156977872
16746,0.005860426026463344
16747,0.005616184896745329
16748,0.20650584918280612
16749,0.011239488775812764
16750,0.005921849064173084
16751,0.05682862903853071
16752,0.06251957227582035
16753,0.005472212698547188
16754,0.051626855082943755
16755,0.030870963662779274
16756,0.08166336966368003
16757,0.013690635685826413
16758,0.0074911315508123626
16759,0.07537660694216905
16760,0.008752829223681575
16761,0.0125327315371917
16762,0.015480024195631206
16763,0.07844767875825455
16764,0.721157502468684
16765,0.00606188673955468
16766,0.08475603200518228
16767,0.056222934119235325
16768,0.2819012294221173
16769,0.11009179457851655
16770,0.49048970647635337
16771,0.008296676716305728
16772,0.30092261367967416
16773,0.004793660450536322
16774,0.005937331341343531
16775,0.00949886920405313
16776,0.04062406056418767
16777,0.3774968781157486
16778,0.2024994869639428
16779,0.012810180930270807
16780,0.2301560954398631
16781,0.13533707726701155
16782,0.6717935170546021
16783,0.008570187347390776
16784,0.07477677361140467
16785,0.009775035379790308
16786,0.04530587225007958
16787,0.00877860755490617
16788,0.03335014853920513
16789,0.8791825355058205
16790,0.15311798958436804
16791,0.010545255162647673
16792,0.04950275979882608
16793,0.033561148049082945
16794,0.054684183296701265
16795,0.41919293627055826
16796,0.021480843170385056
16797,0.030894542896922523
16798,0.10409711602314646
16799,0.019791253494833745
16800,0.06537974725149656
16801,0.07064721218219167
16802,0.07530900029504252
16803,0.005595873248347488
16804,0.11489425219434934
16805,0.004490099331420071
16806,0.006800186376431058
16807,0.3140717233116256
16808,0.007091910884931646
16809,0.005426390642717913
16810,0.016595492277800952
16811,0.005901950645432254
16812,0.1646533004303379
16813,0.13124636799450082
16814,0.037388203104848916
16815,0.12694876113681894
16816,0.038604758756242016
16817,0.04532825504813713
16818,0.8022830158277366
16819,0.9886779888155273
16820,0.19807928292379265
16821,0.9195820259624554
16822,0.010247665723035312
16823,0.007555555925135579
16824,0.9119372863886445
16825,0.019048809914860278
16826,0.017037721748169542
16827,0.004745343589664974
16828,0.00750600887795364
16829,0.816886778860191
16830,0.23934335231542062
16831,0.9458885459856167
16832,0.7952070130216907
16833,0.8043383314712705
16834,0.018835685656107267
16835,0.03977032428583101
16836,0.14692598614865746
16837,0.2704799840254726
16838,0.2855903323393005
16839,0.49062847508508034
16840,0.9734481829827821
16841,0.015030099176702368
16842,0.39642382131912857
16843,0.12581532746184348
16844,0.856768021463239
16845,0.03773486384021809
16846,0.8165531417674085
16847,0.5457880011203939
16848,0.551705023120633
16849,0.05956558277682338
16850,0.9657371040175641
16851,0.04057025677232226
16852,0.005677901673398418
16853,0.48261819322752364
16854,0.33894626683230894
16855,0.01774506708232518
16856,0.40558398873491286
16857,0.44947805181429484
16858,0.6766966272068933
16859,0.011374621166532753
16860,0.11878869444737619
16861,0.005212683689147128
16862,0.03211657628987885
16863,0.017829121202519553
16864,0.13658171574886738
16865,0.020679958357828924
16866,0.15939378827605588
16867,0.030030700594797264
16868,0.2725672203426549
16869,0.008345256177302193
16870,0.13200070673108802
16871,0.3855801557106209
16872,0.041124426782695275
16873,0.04754689824605669
16874,0.01650747838758347
16875,0.8938391928247938
16876,0.008809395754271334
16877,0.010935078539817423
16878,0.006338697555167258
16879,0.008065599073075145
16880,0.07925339243944356
16881,0.01506275031620592
16882,0.017503189740078102
16883,0.15821878860570945
16884,0.10713696479268237
16885,0.03332387848736814
16886,0.01714113308410258
16887,0.16332040245845458
16888,0.005287510291396182
16889,0.05740048677868433
16890,0.3558497438883085
16891,0.0062709665195632164
16892,0.02962721630852802
16893,0.0718570320932043
16894,0.05193782850927445
16895,0.40666253096352184
16896,0.2159557460647814
16897,0.042977402977051236
16898,0.2092026368773253
16899,0.07760871788144152
16900,0.015458614547252298
16901,0.02422701168214602
16902,0.9638030210407946
16903,0.02681937838996355
16904,0.5605132039931255
16905,0.005385518172846847
16906,0.14861757480991322
16907,0.012029645241717757
16908,0.015901886409515238
16909,0.004647375309653619
16910,0.007949625157862388
16911,0.02540958026372692
16912,0.011479951843581056
16913,0.016480566050227304
16914,0.010206876423181785
16915,0.15796720030629816
16916,0.006531856324284628
16917,0.08154680799109104
16918,0.7121051282492837
16919,0.0162833032951671
16920,0.025367020261339124
16921,0.0420403005513756
16922,0.04066440199535149
16923,0.24934103849833028
16924,0.05734419587566442
16925,0.16437933057697593
16926,0.04598607994953589
16927,0.023635268230953306
16928,0.42384287170594076
16929,0.7337929254424409
16930,0.006187189425064534
16931,0.818362139123552
16932,0.25715901723724816
16933,0.028957461212359155
16934,0.024952964856376426
16935,0.01667569910904513
16936,0.780057927578067
16937,0.02628415803217195
16938,0.006408401991775878
16939,0.03582475895786578
16940,0.38681411056500264
16941,0.06036610216776053
16942,0.18489455980478844
16943,0.9685659758331376
16944,0.02919802363683051
16945,0.006484958517076926
16946,0.08869069972067768
16947,0.04793371530926937
16948,0.04316572585332659
16949,0.976577228641273
16950,0.2183808200733571
16951,0.9329921471826087
16952,0.02300150504092339
16953,0.03978292394553833
16954,0.09604778682684294
16955,0.011110287214009786
16956,0.08788635631636117
16957,0.34922002682838743
16958,0.04080471214888146
16959,0.004345791105565076
16960,0.12321817181371152
16961,0.00922572270772085
16962,0.026066052047080446
16963,0.030663075655618346
16964,0.013050856469258345
16965,0.009727462475224545
16966,0.9416210585488501
16967,0.2794695976167074
16968,0.9551681584307734
16969,0.009207747685258876
16970,0.008378024458799203
16971,0.5588758630234538
16972,0.915128891507227
16973,0.6999627274481999
16974,0.09426131597835667
16975,0.006665695072536346
16976,0.04580346457637662
16977,0.0911668278797217
16978,0.26561313984274837
16979,0.013230043269022738
16980,0.5849582593272705
16981,0.8633160857778976
16982,0.8357584991972236
16983,0.9506459321357446
16984,0.04313069184181918
16985,0.013100437119088194
16986,0.0036554290608971566
16987,0.006932609280290554
16988,0.0065952988987854335
16989,0.3694873452127965
16990,0.015148038630639278
16991,0.02896319529211337
16992,0.24778904823347972
16993,0.005752081196002387
16994,0.08191310192709521
16995,0.013759234835881403
16996,0.00699895016135346
16997,0.0898450340945496
16998,0.8587053177278666
16999,0.03277567810643294
17000,0.016409632579340333
17001,0.013637609224242231
17002,0.03085172485636245
17003,0.6583721445707454
17004,0.06135209734749087
17005,0.2978779086368929
17006,0.10371061610067138
17007,0.37251981451906835
17008,0.0387258510650692
17009,0.6253211793655065
17010,0.03917239740101604
17011,0.057542818920370734
17012,0.025108472730124513
17013,0.01369686111113017
17014,0.47143468842463343
17015,0.6129500451739336
17016,0.01673133906823431
17017,0.09990196269801033
17018,0.01069809429525287
17019,0.011000297689278727
17020,0.04855052349101157
17021,0.039627137997272174
17022,0.08713572755258288
17023,0.895941488785115
17024,0.008533325712828103
17025,0.015202917697482799
17026,0.00547240729702328
17027,0.015667716054034116
17028,0.7630291888279275
17029,0.011408954363412462
17030,0.004296365584981312
17031,0.007615603728838265
17032,0.7386322607878258
17033,0.07016349670617358
17034,0.02220008456044159
17035,0.04395862535096137
17036,0.010563611043940208
17037,0.009505972146014357
17038,0.060408228354975446
17039,0.01732801594801671
17040,0.017939594430864327
17041,0.011401283604289715
17042,0.9307101864660077
17043,0.08167863652566852
17044,0.03047822421138162
17045,0.15828255560244175
17046,0.736398963456474
17047,0.015379118788261904
17048,0.11846754383584984
17049,0.03719446191717537
17050,0.05463988402719601
17051,0.8579139818509296
17052,0.0862318796775216
17053,0.809075565364811
17054,0.020598832827318714
17055,0.02000783246508258
17056,0.047979695265664896
17057,0.025724092428773274
17058,0.014792277844636676
17059,0.018993086326597953
17060,0.4254234690325561
17061,0.9009113129420212
17062,0.006956317164983512
17063,0.05338411923059149
17064,0.4078365479989653
17065,0.03556760012831554
17066,0.8676180328467068
17067,0.41376425502513653
17068,0.5470778696265997
17069,0.2704539564089985
17070,0.38035805849876897
17071,0.921157818821686
17072,0.015173920561791508
17073,0.02005539199784699
17074,0.15112708809852318
17075,0.07853226038183674
17076,0.021963172191662515
17077,0.5661300706853707
17078,0.3766932242228287
17079,0.6007942390023081
17080,0.24638014098049027
17081,0.02243628964197589
17082,0.05250415216453837
17083,0.1020104416043863
17084,0.37023764185281577
17085,0.9473260761366948
17086,0.08329201791062456
17087,0.12035351073496571
17088,0.006687233987031835
17089,0.022033484852231274
17090,0.011515905143483936
17091,0.012307550849996747
17092,0.19545321836368632
17093,0.01681932321759182
17094,0.08432526348564377
17095,0.7819038730576924
17096,0.48361686378603186
17097,0.371226529066298
17098,0.01262192786073204
17099,0.010749615759031637
17100,0.6084520618142659
17101,0.07132225112980771
17102,0.6775577791981642
17103,0.015243960161050278
17104,0.05797027625964295
17105,0.4660987987421897
17106,0.023739001306937072
17107,0.17968372290193343
17108,0.13016805417242197
17109,0.017608077220925486
17110,0.006315633118460497
17111,0.012071923241639347
17112,0.2286923848760702
17113,0.0683873692198097
17114,0.011146347279340097
17115,0.3549795244057967
17116,0.33695911075088464
17117,0.013374053700645375
17118,0.6389304770808716
17119,0.05852727039312297
17120,0.12719804612420318
17121,0.028115449272099795
17122,0.7494899414329133
17123,0.23120768674551342
17124,0.9504294402474334
17125,0.01223685890202554
17126,0.10458644846265235
17127,0.038658952903600115
17128,0.9088113849699757
17129,0.021707248955129987
17130,0.23200167093663435
17131,0.0857730521150697
17132,0.33282525561108495
17133,0.08197377814556295
17134,0.10513369644252345
17135,0.22933055141910344
17136,0.03404141785029375
17137,0.04898870923483089
17138,0.9687210882025027
17139,0.208492884979589
17140,0.010407531278339908
17141,0.3392635196480329
17142,0.06620556933264142
17143,0.3090847697319435
17144,0.0065580849664061205
17145,0.015395313799123253
17146,0.2350765366909856
17147,0.0579405211802964
17148,0.05043584651689579
17149,0.10012834390820165
17150,0.1005151213550657
17151,0.1266979150079035
17152,0.08915355168761838
17153,0.024616119439877113
17154,0.02617396616722746
17155,0.012449899408008976
17156,0.31924965107606257
17157,0.03954238058062018
17158,0.1542610693968817
17159,0.351741996948531
17160,0.02766894643927132
17161,0.45356602352154435
17162,0.014026742127033913
17163,0.6894309829026842
17164,0.011763393851049226
17165,0.005404095412636594
17166,0.1555660783863425
17167,0.018179618931141697
17168,0.045303386795616414
17169,0.46840132164506176
17170,0.011742234891908145
17171,0.0198480870657321
17172,0.06098862532513017
17173,0.05320355832778414
17174,0.04603285155552724
17175,0.43934881116298874
17176,0.16998408754341945
17177,0.33409456512524077
17178,0.10115146265452862
17179,0.5124832492180761
17180,0.0202641206563692
17181,0.27676659409064674
17182,0.09959096032511
17183,0.0794069120744692
17184,0.1760554588058383
17185,0.00871993923369366
17186,0.010962901583700113
17187,0.026103678177165857
17188,0.5016843487992805
17189,0.02834679845279898
17190,0.1443427288459624
17191,0.07006621512865743
17192,0.0150249970962267
17193,0.007830927064686605
17194,0.013881554681335182
17195,0.020496658430704924
17196,0.014862586682316204
17197,0.012467583606877185
17198,0.2987849987260755
17199,0.9642186252095932
17200,0.1459416075044721
17201,0.2819238024603886
17202,0.3972124156063956
17203,0.05756267260928624
17204,0.897487234322369
17205,0.026770345596281827
17206,0.010921875488499521
17207,0.3407999464333357
17208,0.018819829043507975
17209,0.01576523121770325
17210,0.010610579829612898
17211,0.01117452261233881
17212,0.09357372969308372
17213,0.18142038965898835
17214,0.17752879215446535
17215,0.9364031934897922
17216,0.0074383809510539965
17217,0.7407199725178552
17218,0.18151698095446228
17219,0.08371002131081264
17220,0.004585042290478238
17221,0.034444998047194406
17222,0.2153131655827714
17223,0.04436344481455644
17224,0.1923702255974275
17225,0.6574370154972003
17226,0.02022080061791471
17227,0.007588092698839465
17228,0.03186408190390124
17229,0.5159063851417447
17230,0.020589298782096793
17231,0.016080700027021902
17232,0.015472691390691266
17233,0.04957501761251369
17234,0.016524774315256785
17235,0.06379926689172298
17236,0.010827477030178943
17237,0.013625787832364344
17238,0.39227118466790845
17239,0.10978367733809025
17240,0.0044323698004768985
17241,0.008363968436892574
17242,0.01089268707243763
17243,0.08552058669039707
17244,0.38835967576784514
17245,0.064509602098131
17246,0.023177783952738586
17247,0.010105404688606878
17248,0.016077068170784345
17249,0.04325798093494736
17250,0.6643567385568745
17251,0.5927937811846755
17252,0.10571310138931125
17253,0.12413892195151136
17254,0.15217027250903847
17255,0.012685125538739165
17256,0.02806568665267393
17257,0.9335512622592662
17258,0.43306765308130557
17259,0.9071442833068976
17260,0.22581768617517517
17261,0.1002517039750637
17262,0.1033105422168068
17263,0.020747659875556743
17264,0.3565879488269826
17265,0.011020828862465297
17266,0.005951341415172432
17267,0.056721840806843525
17268,0.09887941520553571
17269,0.34930440942775
17270,0.011172034685663482
17271,0.055800205952661636
17272,0.4493525279159319
17273,0.9282681979454698
17274,0.014281872730963312
17275,0.10345515231383404
17276,0.08056238094606459
17277,0.03455453190601093
17278,0.030497255396511404
17279,0.8584762328214488
17280,0.01943299331350079
17281,0.01956123361960233
17282,0.09284742247295694
17283,0.6091346198982833
17284,0.0650018001083535
17285,0.020125574271018333
17286,0.034605616760308815
17287,0.6969157048595004
17288,0.0062551985592669964
17289,0.4547296066957799
17290,0.004353311920026518
17291,0.006923041206742794
17292,0.17564236270681685
17293,0.5737370497951236
17294,0.5636043068214169
17295,0.0883784388242519
17296,0.0037573539563992278
17297,0.0472871211277755
17298,0.03939671618370887
17299,0.2243167233219125
17300,0.041557154717894756
17301,0.7945762054675316
17302,0.025415452192252535
17303,0.21127383365900967
17304,0.08590299637534547
17305,0.01053280598603005
17306,0.17079208692345169
17307,0.13710679667918652
17308,0.011781431748922386
17309,0.961322447407422
17310,0.3667001294858231
17311,0.10361263720499582
17312,0.8616456958247093
17313,0.9028563458290704
17314,0.019521414715121747
17315,0.46710375146903804
17316,0.228672482911323
17317,0.006739592420025366
17318,0.016960499827581813
17319,0.016539344617790497
17320,0.9393762614333058
17321,0.14863521090684104
17322,0.05135407914594854
17323,0.9227940675127588
17324,0.018347699486777145
17325,0.006041729428775055
17326,0.16911792577149531
17327,0.006699988256889255
17328,0.3534227351504555
17329,0.006685606381241445
17330,0.015645439946211617
17331,0.059347792930273716
17332,0.2124168527376797
17333,0.1968411758786441
17334,0.2154500495104193
17335,0.08734798438650661
17336,0.05412817947452775
17337,0.1254249602193572
17338,0.017735205552529998
17339,0.040574438632547144
17340,0.1120177346076788
17341,0.07342225386452648
17342,0.35434692251905886
17343,0.01690065314286851
17344,0.8985581518142405
17345,0.12413053751737174
17346,0.19529378737034045
17347,0.9170204466733699
17348,0.5943008543788464
17349,0.008847038676495068
17350,0.025985655390793352
17351,0.053643196599331026
17352,0.08800207304837551
17353,0.016112401512893736
17354,0.08890841872276296
17355,0.2739847703751426
17356,0.8537154077861131
17357,0.03747892753778788
17358,0.01200951210029286
17359,0.14179547991169916
17360,0.11352213941029482
17361,0.10814815906798793
17362,0.12021737659790051
17363,0.9623237275263784
17364,0.02086607882210716
17365,0.00918473915354957
17366,0.022422107570651852
17367,0.05359249017050015
17368,0.02243603267056589
17369,0.01477319134363692
17370,0.0035351289607996345
17371,0.982187388810154
17372,0.032541255458358814
17373,0.010809903061451383
17374,0.005531665949688277
17375,0.0206018378704196
17376,0.6240348036492013
17377,0.8234622494267709
17378,0.07124039048389984
17379,0.9481928477955173
17380,0.027561571240580424
17381,0.004380024089288945
17382,0.011523414330034175
17383,0.08285824749604846
17384,0.007207911797294958
17385,0.5267857025695976
17386,0.00432064620384185
17387,0.2296408365748369
17388,0.2110021251079824
17389,0.006908725398017919
17390,0.7003561725704807
17391,0.8291691725775044
17392,0.11153143651551685
17393,0.3275025216992901
17394,0.7621040886428183
17395,0.12844137769526387
17396,0.19024490163251603
17397,0.07402762448918011
17398,0.8658946423488613
17399,0.04110918987781171
17400,0.09009487283248042
17401,0.006274463367572903
17402,0.024130673674405207
17403,0.5987847873629435
17404,0.07577363728763868
17405,0.578998951722904
17406,0.01596465429858122
17407,0.007507314779945494
17408,0.281047926501244
17409,0.06485940549168176
17410,0.0499896354090385
17411,0.007987356534173576
17412,0.3487393084306082
17413,0.04546898312666051
17414,0.09677403979941057
17415,0.22369007653676815
17416,0.006630128039496865
17417,0.09284640430122408
17418,0.8199889195515685
17419,0.25667741331313215
17420,0.009867795178632054
17421,0.8057986620106036
17422,0.05485537715056324
17423,0.02536426717866105
17424,0.3770322930805487
17425,0.013748182122405762
17426,0.15989182258877016
17427,0.0100255686305093
17428,0.041867180551077327
17429,0.1408965199259388
17430,0.01957681394724163
17431,0.07339716745778363
17432,0.053268548001462815
17433,0.9514607402929478
17434,0.012611168227564565
17435,0.04174885248748778
17436,0.859676794394218
17437,0.7816958296429161
17438,0.028931402802686242
17439,0.005919184208107134
17440,0.05621935194656444
17441,0.005529639746650619
17442,0.005973427937506502
17443,0.1373782426916702
17444,0.00808260848904147
17445,0.008867581292836239
17446,0.9631177526581362
17447,0.009490185121107813
17448,0.013513405025950529
17449,0.8002942442788119
17450,0.019167274069496688
17451,0.011890349120204882
17452,0.06665709489211054
17453,0.03870712919171824
17454,0.6835322705781962
17455,0.18510789771695477
17456,0.020726531216391827
17457,0.03107550927314346
17458,0.011568050668231472
17459,0.17974783993766105
17460,0.06188860718115032
17461,0.161978445143246
17462,0.6691940749302273
17463,0.026591408381050525
17464,0.7450972015900856
17465,0.005712278366838067
17466,0.019435894691588976
17467,0.08851388856965807
17468,0.015004616902941866
17469,0.011161629663028307
17470,0.1979695860223851
17471,0.7442860695895065
17472,0.011308541547133271
17473,0.02699772955359258
17474,0.01665383718528876
17475,0.44653725742768846
17476,0.0288198299777682
17477,0.023866730712384387
17478,0.026902254286646384
17479,0.10643823493925395
17480,0.006234771197778546
17481,0.006346580590644112
17482,0.033650323533905596
17483,0.39368569964014694
17484,0.1520624897394943
17485,0.012325432446266068
17486,0.24372716069597858
17487,0.006915769044680504
17488,0.005071233437287109
17489,0.9790320048103752
17490,0.6388136505661207
17491,0.054139025551094226
17492,0.02619962202845735
17493,0.007791744120817939
17494,0.006869349714774794
17495,0.08592108382206297
17496,0.012597797594079125
17497,0.15205131014037834
17498,0.029843715181514817
17499,0.4077913596167311
17500,0.0102067954755211
17501,0.010806418371372676
17502,0.4272943535894618
17503,0.01909703321004772
17504,0.008894951514035923
17505,0.9598063225459855
17506,0.016836054058533483
17507,0.3996983229115705
17508,0.7061005213112943
17509,0.011199206252344503
17510,0.6323291985741094
17511,0.08902579587116513
17512,0.10774515964675066
17513,0.03871665822229982
17514,0.6884292650765563
17515,0.011094664629477767
17516,0.14445802651188172
17517,0.6524800456139813
17518,0.0430155982250845
17519,0.4575352365583621
17520,0.19567832891197579
17521,0.7494295473078189
17522,0.010124417156806759
17523,0.08184406591584456
17524,0.009001094816124421
17525,0.06908019441425067
17526,0.006822013541674841
17527,0.02449242462307224
17528,0.009653291636247065
17529,0.9398819645823544
17530,0.07356756895170982
17531,0.007553338039930614
17532,0.9789535092539011
17533,0.10734563778829391
17534,0.09247576052634171
17535,0.014773061226731065
17536,0.012786617832856919
17537,0.011588009792649637
17538,0.006543929239787682
17539,0.07944486243338532
17540,0.6818246672790805
17541,0.5312095753174005
17542,0.04093417832333632
17543,0.0512921041436397
17544,0.00416844257315848
17545,0.9373039178715443
17546,0.17008183531530602
17547,0.49026506193279984
17548,0.30133117629402884
17549,0.4099469654611559
17550,0.9709665219561048
17551,0.1975562959054756
17552,0.01798059195626961
17553,0.21936968656938338
17554,0.9519057776844846
17555,0.06948585326155111
17556,0.020013988099841132
17557,0.055196384759393306
17558,0.08351981380763834
17559,0.11300492105732014
17560,0.12147695015883124
17561,0.006640285675383328
17562,0.23013783395538576
17563,0.5164386022147408
17564,0.006232555575131479
17565,0.013609340075541465
17566,0.04536644046937519
17567,0.23676803325123102
17568,0.04470134836577152
17569,0.09660614981924485
17570,0.009718106233195248
17571,0.006416249783393489
17572,0.03533835890205516
17573,0.03394790635283281
17574,0.12219245904741931
17575,0.4541980296556882
17576,0.06541980142991231
17577,0.2486509916618117
17578,0.8678196608777734
17579,0.006823550440819111
17580,0.6555253059939047
17581,0.3709346293382328
17582,0.0176596306179724
17583,0.006062638542929255
17584,0.01791816297350206
17585,0.019978859759151934
17586,0.0428835434318786
17587,0.020274716762483727
17588,0.019085789255678148
17589,0.031859740716080304
17590,0.10371782268600507
17591,0.3709466355258067
17592,0.012165017207446586
17593,0.5056313844398472
17594,0.01555108329889834
17595,0.23332348943532935
17596,0.017285543922306423
17597,0.16299920724449504
17598,0.2897334011108216
17599,0.2336732595165832
17600,0.022063713369073076
17601,0.21895908255073804
17602,0.5841038104680628
17603,0.06467341280575578
17604,0.012703879646598124
17605,0.016267555384494755
17606,0.004559896953981646
17607,0.010302091091420681
17608,0.11097741540137751
17609,0.9283152820427931
17610,0.02156270606569093
17611,0.23554619309523045
17612,0.011398653063423714
17613,0.18782328885766844
17614,0.015457108368966223
17615,0.31799868108461754
17616,0.15947560307003736
17617,0.12600743906512735
17618,0.028754501728297955
17619,0.9639224976029069
17620,0.009193637748672713
17621,0.012291967006815258
17622,0.0155213853360219
17623,0.004502194444358458
17624,0.01956593435063142
17625,0.9027110652436132
17626,0.11648741534684202
17627,0.9309500352622142
17628,0.033477874533068414
17629,0.11640284170272555
17630,0.5722483579813755
17631,0.00929045021170546
17632,0.872094702669812
17633,0.019456544302634948
17634,0.5469223836994437
17635,0.02268623505797513
17636,0.04332112112992606
17637,0.9371870604859125
17638,0.3800241637641014
17639,0.02944370164339091
17640,0.17540425634288698
17641,0.011433334092182133
17642,0.15109917635280445
17643,0.010412442311632197
17644,0.055432972814575564
17645,0.007479744797583109
17646,0.2738379477490921
17647,0.42740354947046966
17648,0.7517898377732586
17649,0.01870336962950603
17650,0.007642930276921281
17651,0.21834866259486244
17652,0.9706150919971066
17653,0.019577091916326457
17654,0.09805517361819847
17655,0.0893288550117737
17656,0.03528472892758529
17657,0.08524903243938955
17658,0.05245065772629524
17659,0.8735177961593826
17660,0.028541203008381855
17661,0.13788332649674287
17662,0.0824761285207677
17663,0.0917473684487535
17664,0.2349295161471401
17665,0.03960955613087363
17666,0.04901150723469684
17667,0.08834800993405852
17668,0.029485863447090525
17669,0.10454861643242253
17670,0.00645961442442049
17671,0.007641394331411837
17672,0.03094972458744485
17673,0.017248663721511816
17674,0.004571769850137153
17675,0.3189895410500872
17676,0.9125351632001785
17677,0.027617002984687052
17678,0.020258399643040968
17679,0.005732424033717706
17680,0.0313879405471275
17681,0.27461309957023894
17682,0.5164971792537214
17683,0.062304501461381216
17684,0.9255531674331383
17685,0.040770310126559406
17686,0.11830163329103933
17687,0.04376466510959647
17688,0.01030470657853986
17689,0.01463127255235743
17690,0.005236304685493902
17691,0.014146617769182863
17692,0.06623971371841676
17693,0.17378496826847323
17694,0.013624453257526214
17695,0.8335939405321382
17696,0.18162959991520577
17697,0.00933816889564117
17698,0.3816691579015542
17699,0.006017139957512662
17700,0.015692165419351586
17701,0.03326277437624978
17702,0.0947539190647825
17703,0.7371080503698569
17704,0.005259827749768504
17705,0.008483949200480602
17706,0.9593477151115328
17707,0.017525168678513087
17708,0.026275232802502786
17709,0.00844347701519962
17710,0.010872292786842763
17711,0.09981840247880507
17712,0.05168154969139392
17713,0.0072795358416804365
17714,0.020355157407864807
17715,0.020910585809328735
17716,0.006289718226949881
17717,0.17678963931722944
17718,0.10441009652075472
17719,0.1608979134978824
17720,0.7549556328927497
17721,0.2141191757241413
17722,0.0048171486015095985
17723,0.011247330028103776
17724,0.06323209072399932
17725,0.8904172771584055
17726,0.6728631718633991
17727,0.3368484375267831
17728,0.05067153090427148
17729,0.045437299004620214
17730,0.3416527640029688
17731,0.651217796558074
17732,0.00577054622827266
17733,0.04011353958925432
17734,0.1709398851336332
17735,0.3334552243792815
17736,0.00693427433118604
17737,0.033807885878638436
17738,0.766773533046716
17739,0.003822363714172202
17740,0.10140572252982907
17741,0.035234734713622796
17742,0.14368176253185982
17743,0.02690482914243192
17744,0.08662331179845699
17745,0.00540549577125092
17746,0.11547977793406372
17747,0.31305631451677707
17748,0.18713696410702566
17749,0.009035184840396154
17750,0.01830604919343171
17751,0.01331645776513236
17752,0.10876489881690987
17753,0.5391717124353159
17754,0.07455677683437266
17755,0.0064446899010309295
17756,0.24936574146777013
17757,0.40023971165845296
17758,0.02821418558617796
17759,0.145227708619055
17760,0.40220724959316834
17761,0.07851260631429968
17762,0.015987678085997718
17763,0.013676248129105386
17764,0.0838593193135457
17765,0.8694911266461798
17766,0.2508334591159178
17767,0.9650841074514664
17768,0.5625590684118297
17769,0.9807960074380884
17770,0.029062321989170976
17771,0.0489237030217372
17772,0.09403074587461784
17773,0.009348673568399576
17774,0.22319614747052693
17775,0.6212407902406699
17776,0.37115772800913455
17777,0.010047582916564886
17778,0.007349945094665939
17779,0.6513248145737274
17780,0.0075580567166681455
17781,0.5323545779224741
17782,0.02879582884397442
17783,0.010788494651052506
17784,0.20727341623413875
17785,0.011701928215438794
17786,0.05480509444761141
17787,0.911944809063279
17788,0.025281863245146873
17789,0.04673010021301703
17790,0.04893731784092644
17791,0.034874900679264284
17792,0.054792057393080205
17793,0.6063103174901436
17794,0.033525679637135486
17795,0.014151863876241733
17796,0.025294177917012557
17797,0.8619681273497881
17798,0.5703197261395136
17799,0.009618198541193489
17800,0.0752763538841276
17801,0.10849483816569998
17802,0.03526837283882532
17803,0.07580858912953022
17804,0.006753645629062674
17805,0.06003745876435281
17806,0.6386968273288041
17807,0.022520463631551066
17808,0.00643020023227917
17809,0.7271109776908357
17810,0.006944014641169086
17811,0.9741809284751665
17812,0.013175369839907526
17813,0.023195163969727983
17814,0.015683195510378528
17815,0.15408510717421106
17816,0.1760497481684216
17817,0.009080049228258844
17818,0.006480085380824252
17819,0.3033880975493471
17820,0.09110476544837678
17821,0.40807122324813355
17822,0.004870985180176163
17823,0.7298560495100755
17824,0.00545773311985777
17825,0.16257071898392764
17826,0.04189302722959834
17827,0.060677785521789034
17828,0.008597267312126828
17829,0.011988892198063528
17830,0.3473998617218258
17831,0.09288133856173822
17832,0.0055031300738825365
17833,0.6733119327913212
17834,0.005710665521884651
17835,0.8041408852660736
17836,0.031768200275994314
17837,0.2778816271859899
17838,0.8240734413094514
17839,0.14500832603929167
17840,0.012612842800256657
17841,0.3415676905299532
17842,0.020286707076852456
17843,0.09216502491721608
17844,0.09576213544966979
17845,0.6284264768068054
17846,0.006899798992084401
17847,0.034020640027124786
17848,0.017311277830240033
17849,0.9676833286882732
17850,0.2843502683590397
17851,0.07919629456376298
17852,0.005725653957172677
17853,0.029388682422754882
17854,0.04274196346563145
17855,0.01686410550953372
17856,0.5742470926965605
17857,0.15622087086467035
17858,0.028216101483035275
17859,0.015321922739108786
17860,0.6323372323694882
17861,0.10918305526880498
17862,0.9025729983816284
17863,0.05842431881264781
17864,0.03629903027739255
17865,0.9370534861774129
17866,0.040016225699528334
17867,0.8504110742238857
17868,0.011824342267203237
17869,0.006854158417501666
17870,0.019916451778813037
17871,0.02142377254499618
17872,0.007624191480142031
17873,0.01975422798824695
17874,0.13258786671053305
17875,0.06289060621990478
17876,0.21047014699745864
17877,0.4761732650359878
17878,0.02457315196910644
17879,0.023585139363609463
17880,0.00429217048778528
17881,0.012236954237460955
17882,0.06752270547526115
17883,0.09351315306880838
17884,0.07706796592397899
17885,0.355064284683874
17886,0.03379562099800394
17887,0.024423876036678158
17888,0.7588959975113521
17889,0.965254406589152
17890,0.03149628653412696
17891,0.005609411625037638
17892,0.628199802885175
17893,0.9474088709203448
17894,0.3515571081818527
17895,0.34590714837317793
17896,0.29725959817751313
17897,0.2594386883217761
17898,0.4209159269014181
17899,0.006471437127509482
17900,0.015080951177449481
17901,0.027560089452191308
17902,0.07912760637334001
17903,0.009097148453548075
17904,0.3016227188033118
17905,0.9454747665636491
17906,0.005518375267010773
17907,0.007310432890993794
17908,0.9156767375467414
17909,0.01996460341154151
17910,0.09132115638529646
17911,0.33824001885517857
17912,0.5859884976989723
17913,0.006706745984810498
17914,0.7243966040767017
17915,0.02737357271481518
17916,0.024067857004902295
17917,0.03576274204915546
17918,0.00830091285642346
17919,0.008437100473539618
17920,0.01143732757363526
17921,0.09657442771019631
17922,0.40271919199391065
17923,0.009041151501132553
17924,0.2718055687258615
17925,0.02657587125132205
17926,0.009178768125545687
17927,0.006977477060864159
17928,0.12623399622471831
17929,0.04901861369626667
17930,0.7678427218986443
17931,0.411711505428541
17932,0.7540596107656949
17933,0.0278537517125911
17934,0.005730533897634487
17935,0.4448976972553896
17936,0.00736321530370145
17937,0.5392680458480957
17938,0.03725193069876299
17939,0.09450508857025024
17940,0.08004429509449164
17941,0.10375097732241728
17942,0.011500975780674374
17943,0.09057780348846407
17944,0.935571273266542
17945,0.4142119848920333
17946,0.008255553639307339
17947,0.16942832526436255
17948,0.37930051281728616
17949,0.005612223620058504
17950,0.05387199525939823
17951,0.1469415407890766
17952,0.005589918986275426
17953,0.7394462971818392
17954,0.12494465900567796
17955,0.021385586317920792
17956,0.004456523390069835
17957,0.0351194001116797
17958,0.22949034664200085
17959,0.6982446014855226
17960,0.9762196177883582
17961,0.010527994205523479
17962,0.009879890546740818
17963,0.684600229030072
17964,0.024872902406223422
17965,0.008321089996690411
17966,0.1403649989803929
17967,0.04716315843757857
17968,0.10919571767650964
17969,0.020276798465444945
17970,0.22266588848278368
17971,0.01515767664091303
17972,0.20498790836552974
17973,0.06135812207952935
17974,0.0208397712183401
17975,0.050930784144135995
17976,0.03143211351261938
17977,0.032069900709684566
17978,0.012437834044742892
17979,0.030850564007344483
17980,0.00845689369889561
17981,0.6998853195233761
17982,0.006255615118401985
17983,0.013653029956641307
17984,0.02629432500885626
17985,0.3056229452922002
17986,0.023139466370473514
17987,0.03227751850675396
17988,0.054500966329552154
17989,0.02282341385798467
17990,0.005555120550782594
17991,0.003709934239926157
17992,0.04267549621094676
17993,0.25087274063675047
17994,0.006437422499395507
17995,0.030779147253031075
17996,0.09408687145478029
17997,0.11333293352364061
17998,0.004809217594075533
17999,0.8393287469502296
18000,0.006727375742594176
18001,0.852908222699858
18002,0.21148270889147644
18003,0.027552230967321987
18004,0.010973599590578092
18005,0.16941450937163616
18006,0.13081060368902364
18007,0.006616522775722249
18008,0.14432989965994514
18009,0.009450831125575689
18010,0.09170240796192428
18011,0.012687013141685128
18012,0.01966369067204482
18013,0.21214473481997748
18014,0.041753727667050905
18015,0.030875325556215975
18016,0.030798321967294134
18017,0.008326851080942681
18018,0.12021202317992181
18019,0.199781125316911
18020,0.004725303134889518
18021,0.6996520493077674
18022,0.220269827284402
18023,0.1731011197912094
18024,0.8380674368897899
18025,0.018065126873840414
18026,0.31250646966641926
18027,0.07477607636583528
18028,0.08186303796262433
18029,0.8447928429731829
18030,0.01829102475201789
18031,0.03495227499264469
18032,0.017964934757676985
18033,0.12663833055860946
18034,0.04124590073620918
18035,0.14389393037436682
18036,0.057731834651917655
18037,0.02098250400705205
18038,0.0069301798684519855
18039,0.23654516011632992
18040,0.1427524983585188
18041,0.15777978349544708
18042,0.8696284592805388
18043,0.020075329560605475
18044,0.039538496829186205
18045,0.011009671986681725
18046,0.04346926035834159
18047,0.03631512907551106
18048,0.009248281143380251
18049,0.023004041112410913
18050,0.342263747571948
18051,0.0986592233740654
18052,0.01338984660471709
18053,0.8752727716415316
18054,0.03292095333337722
18055,0.4182866239686901
18056,0.00762466679770799
18057,0.03414053823238163
18058,0.018455314075807132
18059,0.14965952779352035
18060,0.4152984503091061
18061,0.016139560461105998
18062,0.0759085545072803
18063,0.06387762295076278
18064,0.04006046712508587
18065,0.837835053066867
18066,0.04117169219253048
18067,0.4805505049941174
18068,0.00523324028201642
18069,0.019229287892351163
18070,0.14654364201525688
18071,0.05453716203326352
18072,0.8158612849966975
18073,0.9266523891082794
18074,0.017159139030265624
18075,0.010421612556532638
18076,0.005813965017556583
18077,0.02628439049170655
18078,0.014978019965815841
18079,0.030756488546017806
18080,0.005873561099487482
18081,0.11542229684060977
18082,0.032919092280177135
18083,0.004053719628004632
18084,0.1840262792007841
18085,0.0366447378013935
18086,0.9634448479842154
18087,0.42957383802957366
18088,0.3236911553828078
18089,0.013014840954268943
18090,0.00786374758696005
18091,0.8539240317339252
18092,0.5460789970798495
18093,0.1571569960540509
18094,0.5645459660500374
18095,0.04053438941177498
18096,0.058170380510074726
18097,0.003951385632280896
18098,0.014162937551385726
18099,0.038770431113628046
18100,0.6010564254780697
18101,0.8492607948224301
18102,0.009995192261674129
18103,0.12769055180266542
18104,0.024551484201728768
18105,0.005740957848264885
18106,0.6596677989058372
18107,0.009558348108208934
18108,0.01827880661916095
18109,0.5592191892037087
18110,0.06998398409257037
18111,0.07803786116549624
18112,0.2416025824551278
18113,0.003986264190968494
18114,0.03133841754983952
18115,0.06449746870298352
18116,0.00593692047086356
18117,0.014175371920766346
18118,0.01497496949077131
18119,0.017582035148749762
18120,0.009183052668306848
18121,0.012517553647438852
18122,0.015717531710730908
18123,0.012846755553941411
18124,0.12349582998255891
18125,0.06809790844080318
18126,0.16104625438635697
18127,0.5045896698788181
18128,0.006646598595408288
18129,0.003991660073081205
18130,0.33694914250702307
18131,0.005828209186475558
18132,0.015225842249656972
18133,0.008642084258167307
18134,0.003966241356820383
18135,0.018216715391887784
18136,0.8675390285429282
18137,0.8639975749796016
18138,0.09597441053665133
18139,0.03349990309955089
18140,0.17841778690538052
18141,0.007993318530564474
18142,0.011128892121179366
18143,0.9530603123537915
18144,0.025884514142626193
18145,0.026630384979217433
18146,0.23426044562275158
18147,0.017391469972078407
18148,0.5918101656320257
18149,0.007525345969449641
18150,0.007643967475727696
18151,0.07354314901128295
18152,0.015053865455624876
18153,0.006375423089290909
18154,0.018671177480255374
18155,0.6316818456960036
18156,0.006542228283871052
18157,0.251587255302353
18158,0.9283709285961453
18159,0.052645028233147484
18160,0.6202162382673739
18161,0.06286824648898179
18162,0.047516241670356195
18163,0.00881215388459999
18164,0.3668030626135079
18165,0.11928645794697038
18166,0.10059465533112563
18167,0.8702336431717206
18168,0.5778712808214437
18169,0.031743857898371204
18170,0.9280818696287495
18171,0.9370831125170251
18172,0.060600644075537946
18173,0.009709726420249268
18174,0.12405357150670979
18175,0.01988024198403307
18176,0.940220373723
18177,0.5627444853877861
18178,0.1464524882783565
18179,0.12917475811581372
18180,0.9877173347135564
18181,0.4600522389271318
18182,0.005679774836345181
18183,0.13076283838359354
18184,0.013261117492096295
18185,0.23428418797755546
18186,0.006017987471480762
18187,0.020807815949200125
18188,0.8578727112782301
18189,0.1774711108832329
18190,0.973804752625873
18191,0.01593060121305402
18192,0.893481695000893
18193,0.008446862899340296
18194,0.009043685117742516
18195,0.9630422597444539
18196,0.010242052668461713
18197,0.011602436121628626
18198,0.5002764665058015
18199,0.029473585009643626
18200,0.21062544821367304
18201,0.5689108957067928
18202,0.2797598828065963
18203,0.424082434394958
18204,0.0750798249693923
18205,0.024791059486829622
18206,0.11830720382707782
18207,0.0630003205428107
18208,0.01839244918681048
18209,0.014186698257933138
18210,0.029189835713811826
18211,0.22644806895583616
18212,0.03911402825987351
18213,0.2975666025853368
18214,0.8967569907683527
18215,0.020701864048869017
18216,0.22787460164990556
18217,0.7304244740416299
18218,0.0922161102976097
18219,0.013904525794848766
18220,0.5930821750714386
18221,0.4482756900649064
18222,0.011212286070291523
18223,0.2010176842772525
18224,0.8550536812967087
18225,0.027987279472437593
18226,0.5532450667410793
18227,0.016674992813200607
18228,0.011811164144315786
18229,0.4244565842875783
18230,0.007542188152395604
18231,0.7328676663824524
18232,0.9190840048090347
18233,0.3223212801431323
18234,0.8908757714204448
18235,0.7859640906360263
18236,0.03152520147923031
18237,0.5010485202124841
18238,0.014764793075532833
18239,0.09808866997819422
18240,0.13645877092803288
18241,0.6749795424093613
18242,0.01040240981273107
18243,0.12330859071616936
18244,0.8108142744436259
18245,0.11639001889554786
18246,0.06282327592179296
18247,0.14948049670503474
18248,0.2670401780129596
18249,0.09669515027517052
18250,0.01184683638642047
18251,0.01684004841802903
18252,0.008759594454175297
18253,0.5916289779057844
18254,0.20081939777388003
18255,0.8270057296065401
18256,0.007448136209193625
18257,0.003889739644229594
18258,0.33672853954981957
18259,0.011546458757352418
18260,0.009148811948140047
18261,0.007296707114540551
18262,0.03859512336433565
18263,0.14725769555153292
18264,0.011281200842966386
18265,0.4093993790786257
18266,0.357206687295415
18267,0.5120786615742864
18268,0.009191741041644514
18269,0.9716317983271947
18270,0.14455061901332858
18271,0.03352389227138636
18272,0.49856635092248636
18273,0.011416440536426086
18274,0.013328351825163622
18275,0.008117146858738112
18276,0.6022034559667457
18277,0.022995686504087846
18278,0.009703455595166707
18279,0.012348872848433893
18280,0.03379563169681391
18281,0.08018584937064581
18282,0.018991695183376917
18283,0.09362220690277367
18284,0.040398055753189555
18285,0.011910478137196076
18286,0.1060905773857692
18287,0.029450902693362813
18288,0.021271574368591343
18289,0.46575143318563705
18290,0.017385914695577227
18291,0.004386778299178973
18292,0.07255206388011597
18293,0.08411536115378636
18294,0.01766723658341354
18295,0.2264655284983572
18296,0.8557309219926252
18297,0.013116027678792204
18298,0.042482626631694144
18299,0.07906353346123424
18300,0.10185862744149062
18301,0.005623149269659019
18302,0.6405576280477796
18303,0.07583097765155922
18304,0.010086262538634153
18305,0.4317830522937105
18306,0.07288523324382373
18307,0.03010503812696156
18308,0.9199125213794712
18309,0.030076371985893
18310,0.08359095508382774
18311,0.12140408207872619
18312,0.007174572401235574
18313,0.04343807788580095
18314,0.034995493434724315
18315,0.04542280214572949
18316,0.026888503519598195
18317,0.09605838275704737
18318,0.0077270393717344035
18319,0.007718072526756776
18320,0.05312461497444482
18321,0.3163655208142365
18322,0.5609474327925482
18323,0.02228988235528711
18324,0.6503886805638742
18325,0.9532016567700501
18326,0.08436838338717556
18327,0.03166851825923264
18328,0.018705290343552075
18329,0.09548992010740973
18330,0.0347098210856428
18331,0.2169715855666103
18332,0.011587026720885017
18333,0.08469263907514597
18334,0.005012127086316555
18335,0.06316115421991171
18336,0.09585082249194783
18337,0.7155006166975215
18338,0.026100233937266463
18339,0.015881478179258446
18340,0.10449592084988567
18341,0.0413963672181462
18342,0.1108633564718555
18343,0.02025063603339387
18344,0.9706279792750138
18345,0.7543866138156493
18346,0.025736612588368478
18347,0.011618269256463165
18348,0.010692414755299274
18349,0.039813762021924715
18350,0.7546628971973556
18351,0.006374325142766166
18352,0.06260051005502541
18353,0.06347849417822643
18354,0.012037275871897122
18355,0.015175607115586675
18356,0.07551688074849085
18357,0.6660437295738378
18358,0.20230088284847356
18359,0.03415261343815704
18360,0.022565078853403617
18361,0.8192322995130046
18362,0.023752857388852234
18363,0.007269216553088708
18364,0.6825625013967822
18365,0.8838299017373971
18366,0.4847538056824068
18367,0.009648425709402894
18368,0.007558834579560381
18369,0.09569963978336603
18370,0.17127052592104916
18371,0.8279384567673612
18372,0.012975234738143627
18373,0.05626076140204246
18374,0.023709898312416933
18375,0.15216091785262495
18376,0.21960731625819946
18377,0.00634888469575667
18378,0.22472939972234407
18379,0.01658743683670946
18380,0.5522902180068341
18381,0.9755674244623103
18382,0.298747645515843
18383,0.13648772904012652
18384,0.01597925817188441
18385,0.005632882014809288
18386,0.8628387000192199
18387,0.7729767058920999
18388,0.2876047642444736
18389,0.0159123683347822
18390,0.3196311346683911
18391,0.4133728420919927
18392,0.05334651967170059
18393,0.3962954625248948
18394,0.043434684166580244
18395,0.22527899075882116
18396,0.7896825871248007
18397,0.007106994321721633
18398,0.8576667977078307
18399,0.23217414321643198
18400,0.05423983743089492
18401,0.003900720869027187
18402,0.29835220574278865
18403,0.36876164634618125
18404,0.014371042604822363
18405,0.18925181302038757
18406,0.38723514560712713
18407,0.0800070261538897
18408,0.7834696991505762
18409,0.016922031062061582
18410,0.022977705109765968
18411,0.0316285270460974
18412,0.012071688226204195
18413,0.863885463337108
18414,0.16373178048192105
18415,0.015006163198885633
18416,0.10479441542586959
18417,0.030799761461779908
18418,0.8856670234176411
18419,0.2364317319757247
18420,0.0056136234612536974
18421,0.8096563742747953
18422,0.007336959604910067
18423,0.11391585819411765
18424,0.26819544488998015
18425,0.9472883082389428
18426,0.055976613351361094
18427,0.7826704824344375
18428,0.0045484543050500325
18429,0.14870632351760013
18430,0.8893233586462609
18431,0.02742071127280326
18432,0.007856688813972225
18433,0.021135045612249985
18434,0.013482424817656343
18435,0.1511024085471702
18436,0.26037544807351926
18437,0.009087555287818
18438,0.12377712001864931
18439,0.039111432158811035
18440,0.1369813212458168
18441,0.21458673899475963
18442,0.10239835643847225
18443,0.021657100068241248
18444,0.19771657932563547
18445,0.7420581449535762
18446,0.7940194892779691
18447,0.006485406688822207
18448,0.7358986017368835
18449,0.02721268652362075
18450,0.08148480408995375
18451,0.029058157294347423
18452,0.7852000355667594
18453,0.01642212419195659
18454,0.9355280495239802
18455,0.42796288154322226
18456,0.08320147048134986
18457,0.03778604040180067
18458,0.9048926404684404
18459,0.6368632390745216
18460,0.0993819740497734
18461,0.27350996396076743
18462,0.1038272124543074
18463,0.03087565479302853
18464,0.006292328098262639
18465,0.009054561490338942
18466,0.02389580285951282
18467,0.04693113653379011
18468,0.2530066730573426
18469,0.012100554596971099
18470,0.4722125118052289
18471,0.9005192989915619
18472,0.007128020659548256
18473,0.025486551939369016
18474,0.006598187819488222
18475,0.027411794174473213
18476,0.07904114776820491
18477,0.005477515548053666
18478,0.9046426199664336
18479,0.018601414933624966
18480,0.9358693527334584
18481,0.03373781307992371
18482,0.8540482763782915
18483,0.03675322121404165
18484,0.10390993670659136
18485,0.9502275773731164
18486,0.06081571560490706
18487,0.02556378234493873
18488,0.9335746453952531
18489,0.013150618906171587
18490,0.012159394794304508
18491,0.005411543427933832
18492,0.8010075421051542
18493,0.3058052594324716
18494,0.2726889809697423
18495,0.8384187397952809
18496,0.12852274245328532
18497,0.05797280968290461
18498,0.6934378487116492
18499,0.006956429839299596
18500,0.4470974312242585
18501,0.6928055704941389
18502,0.07031186366407029
18503,0.010805791818943035
18504,0.019338081662828358
18505,0.04596329783456532
18506,0.03304726781337835
18507,0.054118330156865825
18508,0.011310481102012753
18509,0.008577649994707703
18510,0.16730272543470984
18511,0.007280400571554832
18512,0.0776097501047259
18513,0.812350960825875
18514,0.005765862984692233
18515,0.041940201169303075
18516,0.07201570035831148
18517,0.0035395333221445915
18518,0.02243028402938448
18519,0.02095084153996446
18520,0.007110942373620768
18521,0.027307521879743942
18522,0.011768603619324384
18523,0.007030025414386648
18524,0.056760608859099906
18525,0.017199005990034176
18526,0.1348535680358543
18527,0.9345296261953474
18528,0.014369487133971043
18529,0.005568320691047453
18530,0.007083618917100975
18531,0.010325616789610324
18532,0.08870806996612597
18533,0.009530432076628396
18534,0.36574295642360666
18535,0.024701901502576937
18536,0.006226371746628304
18537,0.5054594133250472
18538,0.23154178890132712
18539,0.018135573639012303
18540,0.1845219149252837
18541,0.026072793161076118
18542,0.15803055302789817
18543,0.015599655981236799
18544,0.1291531614856818
18545,0.015350602909876103
18546,0.07050146565210737
18547,0.16863324544408323
18548,0.7590946070726463
18549,0.9167374363914521
18550,0.9623891174344962
18551,0.10915318026778757
18552,0.6442447590722752
18553,0.5609680267733977
18554,0.08824211249808704
18555,0.12872743383127871
18556,0.003671081114005289
18557,0.014805195682076552
18558,0.04114605538742631
18559,0.8217964460400522
18560,0.3141239197696324
18561,0.0741576160522191
18562,0.5266568934948672
18563,0.037935381130730576
18564,0.8811307386119044
18565,0.006569684809566273
18566,0.017506562788054986
18567,0.03174630486920968
18568,0.025891908020484355
18569,0.011799794475890645
18570,0.37656361904565416
18571,0.02747991036847133
18572,0.005263083341027041
18573,0.03008095358661035
18574,0.11989723215409827
18575,0.1499061322531136
18576,0.025179725277416673
18577,0.06066542557683287
18578,0.00961740385502113
18579,0.0705010760957486
18580,0.04075391951115863
18581,0.02697480820414588
18582,0.31838006858865064
18583,0.041524229835477475
18584,0.3632345525012555
18585,0.03168869005891568
18586,0.051307850846313466
18587,0.024612259054181726
18588,0.4968816391733816
18589,0.022593645600989146
18590,0.011647600137327558
18591,0.4896973619879633
18592,0.6362132213068062
18593,0.09802684101548703
18594,0.0196299976740712
18595,0.9349691782616241
18596,0.10876245184075599
18597,0.349075752500698
18598,0.5398148707386017
18599,0.3438405275639635
18600,0.6934673018995551
18601,0.0069525741727911525
18602,0.005522556259291829
18603,0.01019989946546495
18604,0.8060944964638952
18605,0.023590027317020864
18606,0.14172110160337426
18607,0.03911677933579957
18608,0.5650983616482387
18609,0.24815600754704564
18610,0.1567899277243059
18611,0.0077350342318853234
18612,0.025598429063067325
18613,0.9215460193519021
18614,0.009723759143416647
18615,0.6671442281208803
18616,0.00776227207507615
18617,0.9423623484840558
18618,0.06758234415667373
18619,0.004668687080411834
18620,0.03723014907060667
18621,0.005778874181254983
18622,0.051343476889345756
18623,0.08247738134864992
18624,0.13609057906471533
18625,0.02228120219464694
18626,0.00407146329935376
18627,0.25422328127632976
18628,0.004489352601606006
18629,0.08661599943399861
18630,0.0617954851720744
18631,0.4680317004372031
18632,0.035263178882758595
18633,0.019414806532282797
18634,0.6595552201558412
18635,0.007907794207065543
18636,0.26581260607887175
18637,0.356399288910059
18638,0.023853170827496398
18639,0.08381422649631953
18640,0.24427365967350934
18641,0.012098274586152306
18642,0.5776143261355704
18643,0.017570108532556857
18644,0.012329102253442257
18645,0.013536072734650085
18646,0.2067924757193445
18647,0.009520345895247357
18648,0.03148390696600612
18649,0.008982563219865172
18650,0.050285332349061934
18651,0.055222295501279835
18652,0.009173209634161406
18653,0.006390859343887681
18654,0.19700956331123162
18655,0.020382792415972916
18656,0.05271779674041785
18657,0.009093686136233167
18658,0.05211643820057316
18659,0.168069610256796
18660,0.006893022674904422
18661,0.008260699668579643
18662,0.009174062478858366
18663,0.0897153573771327
18664,0.04731295378668067
18665,0.14753427449795448
18666,0.17459998355761178
18667,0.020131511648068933
18668,0.011202386492275234
18669,0.011182639962625694
18670,0.23271590447053858
18671,0.012161977148605839
18672,0.9190314687762055
18673,0.4342753012983818
18674,0.010088326898817786
18675,0.6006362371407987
18676,0.014928290256764001
18677,0.008181465452941393
18678,0.017943977123139523
18679,0.07077652871392191
18680,0.4439050636942921
18681,0.162077377639466
18682,0.15833467049530403
18683,0.03664526236534541
18684,0.8968730474697448
18685,0.006615728071667589
18686,0.24756976989199447
18687,0.8487138767504668
18688,0.019898606688929822
18689,0.14688693771759037
18690,0.0062973108936158675
18691,0.07994437255178376
18692,0.05385864284670062
18693,0.2482736659831401
18694,0.05383427547662251
18695,0.9798860160545736
18696,0.2794553917524695
18697,0.32861624851250687
18698,0.7919756348235711
18699,0.01892515731035048
18700,0.005491381488954499
18701,0.037989082947838364
18702,0.2627718035566284
18703,0.005627770365310343
18704,0.636672288326789
18705,0.1459531714136973
18706,0.04630550851806613
18707,0.20799107430871808
18708,0.03181582147040942
18709,0.719570052011066
18710,0.04724570066162729
18711,0.025719387197002324
18712,0.050963129590591655
18713,0.011317494320077004
18714,0.17813404305630673
18715,0.0076463322704989085
18716,0.4038268232808685
18717,0.04399656360173071
18718,0.014213025488772653
18719,0.006838862093306268
18720,0.09455764412036333
18721,0.05627908397522176
18722,0.005650750378498295
18723,0.6397562559482777
18724,0.7472776316517754
18725,0.9077122274345732
18726,0.2106122267526524
18727,0.019275805984587127
18728,0.29807218333183066
18729,0.4074999640655346
18730,0.015578231564925361
18731,0.850985913027351
18732,0.018984337152974425
18733,0.8899831065899729
18734,0.010202858954687335
18735,0.2670259543554242
18736,0.07690302373773876
18737,0.18286675458188484
18738,0.0545745913341001
18739,0.010804896779953532
18740,0.019199666508895142
18741,0.0065856182394260325
18742,0.38276705631162083
18743,0.09480142516569745
18744,0.0038114019783472377
18745,0.027270946883718047
18746,0.1865639350005272
18747,0.22280822694052016
18748,0.9494764854288174
18749,0.3771730067976093
18750,0.016086153809018032
18751,0.09447098597736865
18752,0.005338895925425092
18753,0.19414755237404202
18754,0.03418724144352632
18755,0.004413445345295367
18756,0.17767833126935303
18757,0.01677761265234136
18758,0.09275900116736076
18759,0.6778443327066943
18760,0.012078367959093853
18761,0.0271678837578159
18762,0.15537910680665723
18763,0.6559313594756846
18764,0.01681438050166073
18765,0.06730888571845849
18766,0.11328075207177978
18767,0.11663785212705761
18768,0.0954628421717159
18769,0.008826069768019251
18770,0.005789074738404248
18771,0.010354360796705946
18772,0.061692294192222115
18773,0.03794251501049006
18774,0.12741375745913636
18775,0.004807155436793811
18776,0.004315361333211484
18777,0.024228507694846527
18778,0.015246853120147631
18779,0.0074141689243327185
18780,0.09461997744072376
18781,0.03357069608257172
18782,0.011372602667727197
18783,0.5732455492922365
18784,0.8707425268800566
18785,0.03612028420593456
18786,0.013109227724730528
18787,0.03571273775721859
18788,0.39833155058491043
18789,0.33403197032749865
18790,0.7903321481292969
18791,0.007679967471189529
18792,0.019350957981296362
18793,0.024822713135772573
18794,0.009980243517179677
18795,0.21509408090756413
18796,0.048021733057237795
18797,0.011801006350443424
18798,0.02070254160065284
18799,0.009630240667330647
18800,0.01343230940049249
18801,0.016368783976867793
18802,0.7639440787979244
18803,0.022641230521027254
18804,0.021361352265560175
18805,0.22014799819092906
18806,0.02842163768114682
18807,0.07292976332550542
18808,0.45737891262842617
18809,0.018110919777525984
18810,0.3070910321052694
18811,0.02511524326385031
18812,0.009320365462668507
18813,0.015547387873406164
18814,0.019092770449335713
18815,0.02003924498908115
18816,0.03005716686368052
18817,0.010316159731982272
18818,0.11978610073170157
18819,0.01980297824214383
18820,0.41514915857459306
18821,0.26462362844727194
18822,0.0361211820227235
18823,0.25719736833761503
18824,0.9259394657781045
18825,0.037797021638359116
18826,0.5519738237908158
18827,0.7114265692036892
18828,0.01597431514787701
18829,0.006396623320449891
18830,0.14428529158627754
18831,0.9403001071135954
18832,0.8726475201928692
18833,0.011178310142741765
18834,0.659764405752732
18835,0.3366717446002396
18836,0.7218372690048505
18837,0.32413802093433375
18838,0.09507138134515407
18839,0.21164738192078106
18840,0.013046291082687298
18841,0.009066248691030943
18842,0.03579678457576174
18843,0.011363089992522982
18844,0.14447342824860562
18845,0.1560800509917621
18846,0.02508982808142208
18847,0.5372029675034984
18848,0.042175112227290944
18849,0.03193230261880501
18850,0.7586812945935311
18851,0.03145259169279625
18852,0.1429519500648876
18853,0.9830041466382209
18854,0.09477178191293285
18855,0.057164543085863544
18856,0.0898983696540395
18857,0.1374606860094476
18858,0.0074386206766864
18859,0.022687253901462732
18860,0.765134714967562
18861,0.012464337266553672
18862,0.013437095492186088
18863,0.18280800479829404
18864,0.19215717694735596
18865,0.006880406854867366
18866,0.043751701306001124
18867,0.01858132764314323
18868,0.09792901076913035
18869,0.031738425902998024
18870,0.06839012217951532
18871,0.010855232997289951
18872,0.9114818601916683
18873,0.47987323723918224
18874,0.03328140624536563
18875,0.023638593278801818
18876,0.9774399350089066
18877,0.006900932355336235
18878,0.443979451505057
18879,0.11776925355373566
18880,0.8089937877743651
18881,0.1524649529428297
18882,0.3440995172384462
18883,0.30984285999185956
18884,0.9548863094780614
18885,0.8353191554846969
18886,0.9456014677884763
18887,0.011753993740823313
18888,0.03317185190764908
18889,0.019541712362479553
18890,0.3065372727826538
18891,0.004315812218315282
18892,0.006145046038480137
18893,0.023114971229744107
18894,0.06580659238169329
18895,0.3846793493916902
18896,0.6205909407525612
18897,0.04676829549555496
18898,0.009295634935609351
18899,0.08712110171257587
18900,0.06322893933965547
18901,0.2156034729734838
18902,0.007178912306903204
18903,0.025639849243857416
18904,0.030673329708138266
18905,0.041820669865234486
18906,0.060597198360769655
18907,0.026457038390467147
18908,0.007139168240422594
18909,0.8747880817795637
18910,0.19536815833478677
18911,0.10632650682003637
18912,0.6557219020739613
18913,0.05022008505868364
18914,0.3275841525119006
18915,0.13868868193864822
18916,0.8479830105570326
18917,0.005792457753733421
18918,0.9702569851370981
18919,0.4156262390775368
18920,0.19279587803931542
18921,0.24537319326382212
18922,0.5176791136802453
18923,0.8302163806027094
18924,0.021808123920992448
18925,0.5001136986096812
18926,0.036538496054325874
18927,0.0449101414633544
18928,0.1819907217168375
18929,0.009994410194281414
18930,0.2172239139584308
18931,0.8297230748264902
18932,0.05861560477884642
18933,0.7758523520915452
18934,0.10169852066151108
18935,0.27917005946072254
18936,0.009880412003941593
18937,0.006712568696996485
18938,0.1665554481196021
18939,0.6795228853215664
18940,0.02186588826918237
18941,0.017427084138565353
18942,0.02982147615471799
18943,0.0037234554901304714
18944,0.8433340069054509
18945,0.1989936640755718
18946,0.008969949367417627
18947,0.007225828889062586
18948,0.011714209638454888
18949,0.01311912651975303
18950,0.43355936624239505
18951,0.7494437190328921
18952,0.4422123964420145
18953,0.00596243622182484
18954,0.003847460531283481
18955,0.12452882901281902
18956,0.9261438860571244
18957,0.013823181675964387
18958,0.023408730584983477
18959,0.006658714132697472
18960,0.021469627819680443
18961,0.015836587237286634
18962,0.018509520353552387
18963,0.22643490863945107
18964,0.006614801140529007
18965,0.38197321511882565
18966,0.12417655643490262
18967,0.7026271712791603
18968,0.9527899460976502
18969,0.21739955976592815
18970,0.611369094163432
18971,0.014453672306046897
18972,0.0706083963498068
18973,0.02208000775288126
18974,0.06757830524086318
18975,0.01809545165846957
18976,0.011707791202675762
18977,0.07369894540573148
18978,0.28384944601163425
18979,0.017899136910986536
18980,0.20674623763223254
18981,0.15056569068599127
18982,0.49811391556925544
18983,0.07961950382495094
18984,0.011976310182928234
18985,0.020529498477364527
18986,0.894882977208681
18987,0.004409607695200861
18988,0.007465079522909574
18989,0.10817182816865141
18990,0.2912528372778951
18991,0.016312870014185063
18992,0.9154337214215543
18993,0.012952891148975833
18994,0.09302352698119512
18995,0.0997213210901387
18996,0.6394934958674162
18997,0.5091422167276224
18998,0.2658870867493828
18999,0.0859543560654698
19000,0.06220262810281041
19001,0.0331469388704268
19002,0.02378240501541576
19003,0.005702717835177372
19004,0.8812753219015561
19005,0.2215998039882079
19006,0.23674075343773499
19007,0.0047399283243358325
19008,0.9432127872215698
19009,0.2784400254767949
19010,0.01422157381467731
19011,0.03944591132866363
19012,0.006446486407815422
19013,0.005993448936154002
19014,0.6842706834459711
19015,0.04878045756073744
19016,0.18727929913568334
19017,0.04984278901480521
19018,0.02278202308578226
19019,0.026642668306599105
19020,0.08354044975475158
19021,0.05378583380470095
19022,0.008174149199397795
19023,0.043084632804925325
19024,0.5462837579871211
19025,0.031567280355623076
19026,0.1468542151061006
19027,0.10183229057970833
19028,0.3725457853375768
19029,0.023539500728048262
19030,0.2262299691469979
19031,0.03568855492550073
19032,0.031672915900412574
19033,0.03652452567125075
19034,0.019656004105864447
19035,0.010472894785726893
19036,0.04006969534094685
19037,0.014598295862758593
19038,0.040536470590776856
19039,0.009833687339472789
19040,0.37684346211815195
19041,0.11385807169202648
19042,0.005654965525383915
19043,0.01011972688208865
19044,0.059025141712422804
19045,0.936048102126164
19046,0.011495480677203756
19047,0.6557398891784227
19048,0.01867182599776458
19049,0.26931570814970984
19050,0.022400373143283404
19051,0.1832937978946054
19052,0.958242257387889
19053,0.011187745202117702
19054,0.06779939127099319
19055,0.22329645827239325
19056,0.25463361010814956
19057,0.043813340650128506
19058,0.26417535093780964
19059,0.05189846595748415
19060,0.07307965035543058
19061,0.00449659573934516
19062,0.010892067586796539
19063,0.006351135310896683
19064,0.12866439979883465
19065,0.04978518938069253
19066,0.5979323332584242
19067,0.01738376747404025
19068,0.02776704307173634
19069,0.04455955047695497
19070,0.06455689841727452
19071,0.7462611659390852
19072,0.37667909954118833
19073,0.7785996177395443
19074,0.003949019259255035
19075,0.391407656372217
19076,0.12759256080340006
19077,0.39194842630615495
19078,0.012666742843532313
19079,0.3292396367289113
19080,0.006369126783732614
19081,0.05923968239794835
19082,0.008218444468972793
19083,0.8179412426128008
19084,0.025908166521113368
19085,0.01667387207276472
19086,0.9084776438666227
19087,0.3589079014498836
19088,0.1263948806520425
19089,0.045635573448612216
19090,0.3042571967710338
19091,0.4203558084715491
19092,0.9072588355252613
19093,0.08586050149748818
19094,0.011122927256766462
19095,0.20231716412138648
19096,0.013868613747451589
19097,0.04672565418807146
19098,0.8752451303425447
19099,0.018777993817740427
19100,0.779465423057454
19101,0.4915085715650913
19102,0.00944450506356021
19103,0.01757078803550539
19104,0.010511247281796792
19105,0.026096310293567328
19106,0.03286400652028034
19107,0.2404409372486323
19108,0.03125276818754901
19109,0.07477992364176111
19110,0.12862633995647516
19111,0.2799316117040157
19112,0.004827000853776565
19113,0.04670383535160835
19114,0.04860666852810732
19115,0.06720647487484765
19116,0.10863410967966142
19117,0.38319267855290945
19118,0.01075198068926231
19119,0.13428609319690468
19120,0.008701941048695058
19121,0.04047942092080137
19122,0.011126532815468548
19123,0.035268139379188254
19124,0.023279824856300493
19125,0.03368128663416386
19126,0.11090009392560352
19127,0.006451101031020571
19128,0.012257548649413988
19129,0.014660318615120533
19130,0.9258831865447047
19131,0.09685498416425456
19132,0.3125506575786808
19133,0.023944605134760568
19134,0.0041705410171077135
19135,0.9185594992968484
19136,0.43276852491468115
19137,0.01924282738717536
19138,0.020165831232214836
19139,0.0056315298869288495
19140,0.03314237275425616
19141,0.21198624216293938
19142,0.8058246571249668
19143,0.16203338269837014
19144,0.17533916640242886
19145,0.006356496438705457
19146,0.006479460197158113
19147,0.005564953039328987
19148,0.2966454815334173
19149,0.07440638964568692
19150,0.03362170691486922
19151,0.007494189119080511
19152,0.8439956540899162
19153,0.9814765036352817
19154,0.1882628097398558
19155,0.058988420024758854
19156,0.23768216823442367
19157,0.1641544178352952
19158,0.014767616667149685
19159,0.15713959677973893
19160,0.92565705621961
19161,0.24377224971190073
19162,0.052404606504616265
19163,0.02405779239410399
19164,0.14150342706243588
19165,0.01020792318072429
19166,0.003824698278020808
19167,0.09711784512438741
19168,0.6606317203648793
19169,0.12780707691216017
19170,0.6978518681403774
19171,0.053554712034982875
19172,0.22936064173914128
19173,0.11191187012184177
19174,0.014654347421425079
19175,0.01906080623905337
19176,0.01403972598420319
19177,0.044592269174961674
19178,0.016969409468845245
19179,0.045870038852558456
19180,0.0384238094558109
19181,0.18228691839970335
19182,0.4942664848606181
19183,0.06976166510803015
19184,0.06928324430036906
19185,0.008123973250399862
19186,0.04309867596193714
19187,0.2883560197719274
19188,0.3555309282288597
19189,0.011483579100203613
19190,0.046846141954917125
19191,0.28479498763860434
19192,0.7532556442808728
19193,0.036061125330571604
19194,0.21650338907217218
19195,0.03863432618297305
19196,0.8885887903029369
19197,0.0552334913847955
19198,0.1487214194924675
19199,0.9478802095723657
19200,0.7589560400757309
19201,0.1412620626928941
19202,0.7642319441883135
19203,0.01855509761085508
19204,0.013757132838087983
19205,0.1633479529073533
19206,0.012178551282679823
19207,0.9226437345599149
19208,0.007973177002250436
19209,0.8669566923295196
19210,0.903816941846158
19211,0.5404357356193105
19212,0.9818891947639203
19213,0.015730449057662174
19214,0.1009592625605026
19215,0.42379343776746875
19216,0.030630678049478183
19217,0.02568276785063975
19218,0.23753394327392746
19219,0.008473776664930294
19220,0.4109970673306494
19221,0.06173538742537973
19222,0.07699423137697808
19223,0.007700839728636136
19224,0.3152994259321837
19225,0.46279856178780965
19226,0.48923372536132087
19227,0.16075021201220294
19228,0.022923808210587964
19229,0.03404113896973046
19230,0.2376984380704771
19231,0.020545923843145658
19232,0.04913553779029837
19233,0.006981496986968931
19234,0.03128991411705587
19235,0.005564549061268089
19236,0.030679200070881363
19237,0.14873522584602258
19238,0.029446383874886073
19239,0.006915714002804655
19240,0.0057761997694951335
19241,0.03979791079573141
19242,0.0072176553626208005
19243,0.916511366922229
19244,0.017345235102218977
19245,0.199042193716112
19246,0.008488374116375118
19247,0.6024638101980686
19248,0.007981967451854014
19249,0.004397768917012619
19250,0.1439142339128833
19251,0.014669949865178484
19252,0.014323548078844372
19253,0.003696466142237591
19254,0.01648265513905009
19255,0.04298348912756654
19256,0.031008334335227872
19257,0.04777230348605102
19258,0.9379707675002386
19259,0.9217662386597945
19260,0.8982556420069661
19261,0.05447686472227224
19262,0.013825713322156983
19263,0.008876978330937722
19264,0.35130936639338906
19265,0.041364273465090966
19266,0.14321005187849334
19267,0.010130574599624353
19268,0.4687644544162572
19269,0.05962239960951465
19270,0.051603760567223614
19271,0.14064864833334068
19272,0.541748271370058
19273,0.0054282888677866
19274,0.0034163653976749847
19275,0.2854624646798024
19276,0.10772402359382893
19277,0.007317834253188661
19278,0.34554104060295177
19279,0.0123328814818557
19280,0.03526498721068133
19281,0.012095945615856106
19282,0.005490874573505729
19283,0.010075274609040353
19284,0.010274946666498648
19285,0.6503287774511878
19286,0.008143595212254412
19287,0.06117647440160797
19288,0.04947312616125379
19289,0.07374307518047489
19290,0.18419011069716706
19291,0.07072726705226808
19292,0.5173380009091069
19293,0.8444339687987368
19294,0.004409659393302209
19295,0.005411917840411154
19296,0.041625359769177965
19297,0.05273559590603397
19298,0.9164323608089392
19299,0.024202095430930718
19300,0.02425540173016239
19301,0.11564178863417694
19302,0.365965531230546
19303,0.10999937428670437
19304,0.8199987494855272
19305,0.25520448237872845
19306,0.04858351193828426
19307,0.04024658137633268
19308,0.26506379625803445
19309,0.39633494251932966
19310,0.0065279018865600285
19311,0.12913607529575125
19312,0.22108533863744276
19313,0.043869534704221946
19314,0.6015861829240982
19315,0.04165210778462297
19316,0.2552151413984523
19317,0.27949318967163583
19318,0.25882522121524154
19319,0.39456601245284834
19320,0.006321739512855543
19321,0.2095059716132593
19322,0.18414196894822443
19323,0.5911227163050524
19324,0.005543175623706015
19325,0.27179601476956383
19326,0.6073302514067195
19327,0.010545259227280066
19328,0.013913895362224163
19329,0.009978703782658324
19330,0.005296436772419392
19331,0.9300175321415155
19332,0.028918352719441123
19333,0.04536779665692668
19334,0.018476648372297455
19335,0.010805282411518437
19336,0.1366410830487892
19337,0.8867981381117924
19338,0.42116422838716755
19339,0.005812830955664822
19340,0.16436379108903335
19341,0.16419104391229045
19342,0.01472416830385031
19343,0.04467634743575491
19344,0.04889645687574529
19345,0.059199205919013564
19346,0.0043155376049047725
19347,0.026084424048886598
19348,0.05278330694115652
19349,0.7752466584138584
19350,0.022653231426061876
19351,0.042949531450717414
19352,0.575335778994428
19353,0.13992007307480994
19354,0.08407686897969961
19355,0.053511331664612284
19356,0.03965745125456604
19357,0.032838522103190625
19358,0.15012760125711933
19359,0.41488336005886295
19360,0.18109971006731676
19361,0.018185854477132713
19362,0.5351826032118907
19363,0.053994838327713436
19364,0.23051371132301254
19365,0.4089776284806118
19366,0.011628875621588843
19367,0.6567084605083908
19368,0.5409474452171891
19369,0.03380546502065458
19370,0.004672488714553604
19371,0.80798580639867
19372,0.015663978080554638
19373,0.014428547826936986
19374,0.019531189769869443
19375,0.014402322882264404
19376,0.006405024970216353
19377,0.8777627711946204
19378,0.20633101959615457
19379,0.004549148779789479
19380,0.004202023113402061
19381,0.014385407298709721
19382,0.06963054630019068
19383,0.014064293395325509
19384,0.005686145010423504
19385,0.03381396393482515
19386,0.0492344040994332
19387,0.007035918203202098
19388,0.2647068766090162
19389,0.971057252045965
19390,0.5830389841560641
19391,0.8367777324693946
19392,0.016214197081050243
19393,0.016054655033725475
19394,0.1317014745816221
19395,0.05241358637396596
19396,0.010553599883684515
19397,0.7071676279693795
19398,0.3030998001630107
19399,0.006740904949011348
19400,0.5338413320090502
19401,0.20701355335700716
19402,0.01182295752324685
19403,0.3182375593272562
19404,0.01988219785535954
19405,0.004054996948758557
19406,0.3407920844396229
19407,0.30150265859436715
19408,0.04979663819430476
19409,0.017599221694828665
19410,0.007639762247724252
19411,0.005348175459571492
19412,0.023264762508142533
19413,0.00534181537176084
19414,0.6613020760456539
19415,0.022083048712678365
19416,0.31990745715775476
19417,0.9783001404996332
19418,0.027527561392620768
19419,0.07803340210314069
19420,0.0675389052156504
19421,0.5827283029573342
19422,0.10368959370408973
19423,0.10363371677168251
19424,0.7028199690761764
19425,0.007175074154114465
19426,0.006943426146779238
19427,0.07168412961478172
19428,0.0164913115001691
19429,0.09621212654416252
19430,0.0074401311565996464
19431,0.04459872323028267
19432,0.010811389928552788
19433,0.03935028121848503
19434,0.6124193100278285
19435,0.07580560425597387
19436,0.00521931311965285
19437,0.9356860356301834
19438,0.010941441699177986
19439,0.3981377946515594
19440,0.21245600737019546
19441,0.05883345134977275
19442,0.20373696180902906
19443,0.01970256395188782
19444,0.007996318265478237
19445,0.056094070711057785
19446,0.007843479100202125
19447,0.015667197170420588
19448,0.21756391312716752
19449,0.0039712083532800245
19450,0.019631301187963662
19451,0.3110840542272332
19452,0.013211187411728607
19453,0.03213914877562922
19454,0.7620470666998073
19455,0.22351780815694997
19456,0.5182095344319474
19457,0.08833554450161123
19458,0.10718978427201899
19459,0.009151094218851397
19460,0.9587516672496715
19461,0.018110979219490963
19462,0.01289668812838366
19463,0.04023294242769193
19464,0.17917243873889388
19465,0.20494352998868634
19466,0.03156383493606872
19467,0.03317780476733128
19468,0.9071899811555555
19469,0.006841597215645633
19470,0.04467022383708127
19471,0.4345076870794812
19472,0.7182990584162507
19473,0.02318983452870363
19474,0.0481755587725512
19475,0.23085314160200782
19476,0.006139125996539093
19477,0.8933696284241749
19478,0.26165759821770523
19479,0.005056592256877248
19480,0.1453986279392689
19481,0.43636623512241995
19482,0.19237588754274051
19483,0.0059336544164480315
19484,0.02799465457904109
19485,0.004791185927339791
19486,0.89841405524578
19487,0.2878193772980048
19488,0.11618840567882811
19489,0.27834647002457885
19490,0.006724447702958212
19491,0.15216745029447243
19492,0.09934644327139433
19493,0.35500251284556505
19494,0.2097471943991529
19495,0.04102524586012721
19496,0.4370322000022701
19497,0.06655437692481204
19498,0.07440618477712108
19499,0.05113639378612133
19500,0.8231733874201433
19501,0.016974134648723493
19502,0.8947716322949752
19503,0.5450915058496225
19504,0.9414799069154879
19505,0.08124704448750866
19506,0.1193299085093683
19507,0.7650607979380716
19508,0.09048512468287234
19509,0.00944181602744144
19510,0.010740310450713992
19511,0.07051798118654128
19512,0.13470250767532108
19513,0.019119893383068506
19514,0.007505206516958357
19515,0.5968440148038311
19516,0.48937354276048556
19517,0.11872445707063342
19518,0.05981679114728075
19519,0.010867612321620623
19520,0.005456099465240482
19521,0.06164600589883995
19522,0.775848690489516
19523,0.3242815913890275
19524,0.3619774435290664
19525,0.0493099297677793
19526,0.008035056847295394
19527,0.27922774688715996
19528,0.6950751196213372
19529,0.020316383153137028
19530,0.7504465085448092
19531,0.016798721177611508
19532,0.20406239928446834
19533,0.045686786533628274
19534,0.13803927020027867
19535,0.06188345673919712
19536,0.07806410593263186
19537,0.022955112421260346
19538,0.1450227990546656
19539,0.841967527093239
19540,0.7390039812474659
19541,0.017404207147105503
19542,0.017859459355377326
19543,0.009246168491082073
19544,0.6672851939175692
19545,0.7461083947583184
19546,0.6072804974710059
19547,0.011062333406971369
19548,0.00806142181701321
19549,0.014257539115492109
19550,0.2601800064189618
19551,0.05010521880977446
19552,0.019030151186232754
19553,0.011361733109272153
19554,0.04819819255682909
19555,0.01446324132680365
19556,0.009926044417636917
19557,0.9724520603124925
19558,0.00815467666497262
19559,0.04246483098378096
19560,0.010147612788475703
19561,0.9237280252371554
19562,0.14638280537456427
19563,0.0663153023196868
19564,0.03044400055869214
19565,0.10759177877758756
19566,0.49014724595207687
19567,0.8793544410223292
19568,0.014107400357826188
19569,0.14659945106172304
19570,0.022807510512028173
19571,0.04019446123231974
19572,0.037220581217585515
19573,0.016688742781041533
19574,0.005229923435864527
19575,0.26138959607259876
19576,0.8220822706316963
19577,0.010843318029271192
19578,0.007004489982252225
19579,0.2010400408232532
19580,0.014279559205002249
19581,0.3294552124974147
19582,0.08955348263092248
19583,0.0061275784712957965
19584,0.032726344507083636
19585,0.006355249478345471
19586,0.24191896376533337
19587,0.09236611491391129
19588,0.06456015086242112
19589,0.04837742641257415
19590,0.23169180562695926
19591,0.13556885267828148
19592,0.04919214221516446
19593,0.9409320364996808
19594,0.057667806126850726
19595,0.09726975158693754
19596,0.1870233808439831
19597,0.08585291783490044
19598,0.011917286396301748
19599,0.022397309872206075
19600,0.030804693616807776
19601,0.8233862711476361
19602,0.8723120054892969
19603,0.914748753910422
19604,0.024120482234121957
19605,0.36480360624161257
19606,0.2197082067090008
19607,0.053101259228105935
19608,0.02776424935721294
19609,0.025474934419999297
19610,0.4241288076406687
19611,0.6004305710982512
19612,0.1435176599506777
19613,0.013596348947570377
19614,0.11161344197521175
19615,0.020274140716928655
19616,0.03835622698680506
19617,0.00661592570089715
19618,0.2796992119570423
19619,0.08641764616877479
19620,0.055750232996877966
19621,0.03818533810467968
19622,0.8867372387426158
19623,0.006585870710265624
19624,0.36300198640145714
19625,0.042319831095825995
19626,0.6601332091842806
19627,0.02128732216480236
19628,0.5028754174058564
19629,0.013358600988178225
19630,0.1295790046013406
19631,0.803459677281396
19632,0.41677382708093363
19633,0.06038640145642665
19634,0.0614640999063463
19635,0.06096917342008371
19636,0.11391863771711956
19637,0.822880813963407
19638,0.016735960899965853
19639,0.015927480377924113
19640,0.10065070679316732
19641,0.008362075777318824
19642,0.04087125053854515
19643,0.0070042680658459625
19644,0.01238487425657332
19645,0.24788511228486942
19646,0.158528461259527
19647,0.017871768838599287
19648,0.04549853259800605
19649,0.14850561207598428
19650,0.0076026485616644155
19651,0.006700232690641873
19652,0.11313699202322244
19653,0.03501649037672519
19654,0.9020337131318399
19655,0.027387575405088734
19656,0.06920501086328189
19657,0.047882413381756264
19658,0.8987217764161228
19659,0.0064511885523362905
19660,0.21049698027033475
19661,0.24136563330385952
19662,0.25309763395693485
19663,0.014821885198709445
19664,0.8756314060041679
19665,0.014868469698425967
19666,0.05108777763070479
19667,0.053747356865794835
19668,0.009618838576894946
19669,0.004542824801040517
19670,0.24485057321420828
19671,0.3709576907058778
19672,0.04769479396480286
19673,0.030142188732679848
19674,0.21423078657543476
19675,0.3428322898265931
19676,0.04594872877610566
19677,0.004623995627356705
19678,0.006223612336244742
19679,0.10462066067865936
19680,0.010348429788466966
19681,0.8326608829933148
19682,0.9834670348049307
19683,0.0720168332603031
19684,0.07239664395814198
19685,0.6990164293224918
19686,0.006635924844771094
19687,0.10674550207628851
19688,0.004744902210646977
19689,0.16704009707522188
19690,0.5474755589099173
19691,0.03660477065907464
19692,0.8809912563601533
19693,0.009728257680003046
19694,0.02173446172365105
19695,0.06758561304709469
19696,0.008552561138379008
19697,0.572670204926207
19698,0.031183512295413048
19699,0.2927947860983403
19700,0.005305360327094554
19701,0.0055069660521656775
19702,0.852216144546177
19703,0.02152993581954286
19704,0.05222727189967659
19705,0.15143403839881203
19706,0.5313287797779073
19707,0.006258364039378774
19708,0.015515656513888986
19709,0.005757573983030921
19710,0.012710774825713532
19711,0.9527836033625366
19712,0.12152692033551714
19713,0.013424723481734964
19714,0.37979887106676596
19715,0.07005379989415275
19716,0.0094112318382736
19717,0.1335896613909215
19718,0.009775539740526359
19719,0.01810929943154828
19720,0.17546951977193181
19721,0.006669770056193926
19722,0.7056244543694898
19723,0.9349776993899341
19724,0.004062875590780344
19725,0.2598066418262302
19726,0.005727587437191695
19727,0.06612952597148143
19728,0.0857503345132609
19729,0.06771126182270755
19730,0.03849194446984423
19731,0.2956674580347125
19732,0.17259755430485726
19733,0.014407965656443691
19734,0.12864954302247034
19735,0.037908192255939735
19736,0.04353156302785202
19737,0.9741037414545968
19738,0.8123166117083401
19739,0.47936767305244027
19740,0.0077448349095767125
19741,0.02419051407395396
19742,0.08092529834689927
19743,0.5684470008927119
19744,0.00847088900297476
19745,0.038065813499205736
19746,0.06534210529741338
19747,0.08884403183434308
19748,0.03929337571118996
19749,0.004152640286098753
19750,0.0530336246614063
19751,0.4673703456643497
19752,0.08804473208137753
19753,0.00443075310683925
19754,0.1528672890528155
19755,0.011357344892175235
19756,0.021611106970868262
19757,0.07432353083796762
19758,0.5681108141859956
19759,0.44288611015902607
19760,0.05200273240477885
19761,0.003955548408740624
19762,0.005983355354186948
19763,0.010418203673323814
19764,0.8375778184734901
19765,0.03790282208786731
19766,0.6877929744174702
19767,0.2643531012891577
19768,0.9784294757335555
19769,0.019745097689095943
19770,0.0222768652845283
19771,0.008470903147820777
19772,0.006555219449610815
19773,0.18241638786347078
19774,0.9691632980616666
19775,0.02620030719268256
19776,0.0036495016378268884
19777,0.24096807684916993
19778,0.1316469784016202
19779,0.16338884737753426
19780,0.022617414627442746
19781,0.3079372909834277
19782,0.036372067038193255
19783,0.01808639475434668
19784,0.14624719571869887
19785,0.0337759903688073
19786,0.006124876353552682
19787,0.008171127240422791
19788,0.0413554424643964
19789,0.010798857748321695
19790,0.8347714512800951
19791,0.5232393191915333
19792,0.014819469283690304
19793,0.2774110401147095
19794,0.8721542475543814
19795,0.006100714382249888
19796,0.0720206359715857
19797,0.14081109289663207
19798,0.006386780066730512
19799,0.9601208166684846
19800,0.008591907007908968
19801,0.09214645491651721
19802,0.02185516578223832
19803,0.26112961568346366
19804,0.6988868355489978
19805,0.09505634101627697
19806,0.005733818359713307
19807,0.13444404453778067
19808,0.04157572197232954
19809,0.013713543799434832
19810,0.0452902455380484
19811,0.01021922611222586
19812,0.02679165145215713
19813,0.012490752012958496
19814,0.1076954679942513
19815,0.05000953177237256
19816,0.07622849178891267
19817,0.01599916676121629
19818,0.065288842716891
19819,0.0062321094225453585
19820,0.049619157334341905
19821,0.011881024994796437
19822,0.005855832251397833
19823,0.07100088229868197
19824,0.03298986443480433
19825,0.15953998802877817
19826,0.11285336197083957
19827,0.2741632608866857
19828,0.20931841969640494
19829,0.6518174650957113
19830,0.024340608927961478
19831,0.02310024952704732
19832,0.17117623870552023
19833,0.5297304198249934
19834,0.017548587737160243
19835,0.5628537480414767
19836,0.014682027365616256
19837,0.008133646417586692
19838,0.03512608374616241
19839,0.06430476795943865
19840,0.13442920228915958
19841,0.31407466617290564
19842,0.023625479660431888
19843,0.4478166396854442
19844,0.09459498282562633
19845,0.34342926276623587
19846,0.010795482514223723
19847,0.03627471440769269
19848,0.10224557139010772
19849,0.06962723921319643
19850,0.01033984856345474
19851,0.012635531530381819
19852,0.13865844027287785
19853,0.05145362754445168
19854,0.9288981160697197
19855,0.09371758582515195
19856,0.2672025510245647
19857,0.6414092029568883
19858,0.2517530126203033
19859,0.7920867784121038
19860,0.7267045877684633
19861,0.9871904140726553
19862,0.07000510414314577
19863,0.40567074659035746
19864,0.04129532944359294
19865,0.07485964759794977
19866,0.11280347886392064
19867,0.027948065627604195
19868,0.02743588499338102
19869,0.025712123568712924
19870,0.10359889773632885
19871,0.1567904416564113
19872,0.026678660350341537
19873,0.2507587470203961
19874,0.006796089498823125
19875,0.14635330554387047
19876,0.005205609132493873
19877,0.1078437084684789
19878,0.005162816480905287
19879,0.011846474161896705
19880,0.05877611279557544
19881,0.08549380045001592
19882,0.008225267448534345
19883,0.12750977735452834
19884,0.17742517608156627
19885,0.9520841064639503
19886,0.08906537187854863
19887,0.014400205165397867
19888,0.9239225701332695
19889,0.32353002368624173
19890,0.06877381832382412
19891,0.24471797180375016
19892,0.11038491122332428
19893,0.08621059202954556
19894,0.013457442979120918
19895,0.6896622211507656
19896,0.010120353221932788
19897,0.6504038870282336
19898,0.0558430212220888
19899,0.07649674462385642
19900,0.12195941803466143
19901,0.3244798328764449
19902,0.010985082093399347
19903,0.0963881559475768
19904,0.010441682270631988
19905,0.00983567513478118
19906,0.17212429711076663
19907,0.03435539508720569
19908,0.008839022888059489
19909,0.07633184098548548
19910,0.7760838112976661
19911,0.4379173786653898
19912,0.011453773006680964
19913,0.016882939346461828
19914,0.03818098108597236
19915,0.4006690383126421
19916,0.007243466789587967
19917,0.01954455495782496
19918,0.004373392807985956
19919,0.03053921286138168
19920,0.03590489878061097
19921,0.086935445703639
19922,0.5657771080477958
19923,0.07063331746742421
19924,0.38338760137437783
19925,0.13309735289823718
19926,0.38414131133753204
19927,0.41311307851283197
19928,0.04036577024511955
19929,0.11268841984902907
19930,0.04610533087782871
19931,0.028589039515687975
19932,0.14986011930890594
19933,0.0046154843196192
19934,0.03309739753063417
19935,0.02943968903802649
19936,0.005776147815142266
19937,0.1797388431899276
19938,0.025926224803155165
19939,0.015984121608007842
19940,0.0065306957236825475
19941,0.02736669107098184
19942,0.01804484520846355
19943,0.005162417971056144
19944,0.015282649279074566
19945,0.059102293152406386
19946,0.03841848099579247
19947,0.012202934109348246
19948,0.16876107632906523
19949,0.012182708501185552
19950,0.08784178628990648
19951,0.33425120987386037
19952,0.04193536085392018
19953,0.5525895031990957
19954,0.03290293992461162
19955,0.04572794422917653
19956,0.3290855814851318
19957,0.008702972414157776
19958,0.011567837516268376
19959,0.10032489278101256
19960,0.09495813385680965
19961,0.035013278853035595
19962,0.03541650279422971
19963,0.010379568209565058
19964,0.009923896950076404
19965,0.008808735822935058
19966,0.34050507165243926
19967,0.28384823376890383
19968,0.7681526080210846
19969,0.658333470244888
19970,0.2984819492259815
19971,0.008226243358318359
19972,0.01577871721979776
19973,0.9242368749246092
19974,0.006992395001277672
19975,0.9587758887160828
19976,0.11542854705421046
19977,0.026420280714303253
19978,0.010476602231748098
19979,0.7153191659829208
19980,0.33774847769427957
19981,0.031237700786190543
19982,0.04730467080518498
19983,0.6498247058921861
19984,0.45418583452236544
19985,0.2509579202146366
19986,0.012777274317019197
19987,0.9452430040758037
19988,0.006892436365409203
19989,0.019051824844512778
19990,0.14091706513003266
19991,0.016174272158666295
19992,0.9296447490210306
19993,0.06013981420356998
19994,0.20566023623464302
19995,0.10956204704587874
19996,0.057294170413455164
19997,0.0092266126795213
19998,0.007523604283788582
19999,0.011160245303327038
20000,0.03977995823327535
20001,0.012622955166380605
20002,0.047640819354238244
20003,0.10932327124031284
20004,0.19967443521953024
20005,0.32588638160664235
20006,0.957133572267739
20007,0.2997813098426029
20008,0.4801695519423574
20009,0.013526877526981937
20010,0.007562497186405463
20011,0.041904301687084235
20012,0.010422235100413681
20013,0.058330944052945116
20014,0.20491123151524016
20015,0.03531041226381382
20016,0.024546347809930657
20017,0.01945922058511642
20018,0.008389993283514894
20019,0.02246236853977371
20020,0.03931500846450107
20021,0.02829087492223698
20022,0.3015902681568503
20023,0.1240375005148634
20024,0.05541039696802928
20025,0.011066356958466896
20026,0.04373261046161956
20027,0.9495106392061547
20028,0.008418944757329355
20029,0.5728946706536313
20030,0.0631905769904899
20031,0.005548779818073753
20032,0.18240644577993273
20033,0.33113610722622394
20034,0.01957875032358415
20035,0.22907927612442042
20036,0.010258332919400313
20037,0.30178032505969343
20038,0.975341510945728
20039,0.44547631103106095
20040,0.012667036507984212
20041,0.008385256256364895
20042,0.025642562884714403
20043,0.04069740493666654
20044,0.007499538196962483
20045,0.3156788405857898
20046,0.8850013233460731
20047,0.9828252104218348
20048,0.005156934364155874
20049,0.8378795159172497
20050,0.17358884271851355
20051,0.05555709308575072
20052,0.02177296412861541
20053,0.9580197098462181
20054,0.00877864157164748
20055,0.19011291292268467
20056,0.005960203831123404
20057,0.0913113277501416
20058,0.2952844599704589
20059,0.1398912540136926
20060,0.06281877650051687
20061,0.013124046315162879
20062,0.10885345653181956
20063,0.003697539790790581
20064,0.019917387715981748
20065,0.47372179309691775
20066,0.3022917494683857
20067,0.08592958085098262
20068,0.18681043049299242
20069,0.6665430902312318
20070,0.02466048452627251
20071,0.03104476933690865
20072,0.3741342943757216
20073,0.10652330820579049
20074,0.013201227938801704
20075,0.036386473394788184
20076,0.43266118144527316
20077,0.055408803594878896
20078,0.058962812071089395
20079,0.015589605793320698
20080,0.24122663434424393
20081,0.7231451682798391
20082,0.13958230186434
20083,0.1552572241467616
20084,0.916039334663886
20085,0.026404245798183113
20086,0.008529043441274371
20087,0.04683979084260174
20088,0.17337614948266936
20089,0.02886218032122564
20090,0.28902611675372636
20091,0.20514700251357348
20092,0.018501476666571114
20093,0.36634776925975127
20094,0.13042316301446918
20095,0.5666136398783584
20096,0.7017405909721353
20097,0.2700487125229985
20098,0.005448322148439639
20099,0.01093568962282234
20100,0.854535015595682
20101,0.3020059469987854
20102,0.10153262988470206
20103,0.040670284328659954
20104,0.7033651832272331
20105,0.015418694265578958
20106,0.10711585520939883
20107,0.6456321178167268
20108,0.019400629613120453
20109,0.9471632950359548
20110,0.5535157282168149
20111,0.03980332229058906
20112,0.0483200076614355
20113,0.013450775853083727
20114,0.938674856213736
20115,0.948393698471526
20116,0.3057307574904372
20117,0.004714377879617412
20118,0.00401118960117154
20119,0.11665191887036708
20120,0.01907980071937138
20121,0.005983682404386437
20122,0.3547694039192679
20123,0.20344493042678685
20124,0.11923647015144645
20125,0.070154833132977
20126,0.06716243018621804
20127,0.04733353097808644
20128,0.9751510356700032
20129,0.1313311949556914
20130,0.40574383078732174
20131,0.010632775490524557
20132,0.09620201288034108
20133,0.0042398923749632535
20134,0.061699231488596934
20135,0.6867539335268219
20136,0.0064030675300524404
20137,0.006148600739251945
20138,0.9780599782720228
20139,0.011843272859951567
20140,0.27233501317076253
20141,0.005633545137642357
20142,0.08569168946229859
20143,0.025397715087175483
20144,0.10448356027557384
20145,0.009888857174230763
20146,0.02407660727212696
20147,0.09663478902948461
20148,0.004549730316110939
20149,0.4714993656658244
20150,0.07608973202320395
20151,0.9792382134810113
20152,0.012234733062832055
20153,0.2710127803867501
20154,0.00900826538571184
20155,0.040731287037806235
20156,0.003498514895420886
20157,0.20973587886041276
20158,0.015857863084389613
20159,0.25191014114184096
20160,0.9636385656338251
20161,0.041808934916323086
20162,0.008405828493665696
20163,0.05285015903070834
20164,0.21394489146134998
20165,0.035284496014870215
20166,0.0103020302785382
20167,0.5609641130385133
20168,0.0037278704425289994
20169,0.006622331524550157
20170,0.01943246969653445
20171,0.786941797893032
20172,0.6780799338580945
20173,0.9519412788983143
20174,0.05147758388035095
20175,0.5716831805908478
20176,0.08041390039193695
20177,0.010564493612503398
20178,0.013170593944631883
20179,0.034501332608277216
20180,0.01094044579070664
20181,0.027715434552416797
20182,0.13614207971028147
20183,0.006276897037373938
20184,0.9279735029829972
20185,0.35769806503260526
20186,0.027625340465836402
20187,0.00596400062396498
20188,0.24654165907106146
20189,0.18164789485107838
20190,0.7527379869398259
20191,0.010845965306007609
20192,0.8679435443958203
20193,0.041996957041244454
20194,0.015013709232581156
20195,0.8093610757977587
20196,0.007375366619777827
20197,0.02929357226983944
20198,0.0077043785395686775
20199,0.020290028855435835
20200,0.005989307437832979
20201,0.23779297661652313
20202,0.009964922528055288
20203,0.24815936165540062
20204,0.10164423259920984
20205,0.00497738489973033
20206,0.07569001479492518
20207,0.882450010928058
20208,0.025001970511269216
20209,0.00825929698264395
20210,0.008976741477090022
20211,0.020739278807966128
20212,0.8818311810360291
20213,0.01677849530067656
20214,0.2774313914759401
20215,0.33838757187828583
20216,0.019997417103144077
20217,0.021120690698212635
20218,0.13615578431032108
20219,0.9207506959353479
20220,0.1042834014789173
20221,0.6883032812334403
20222,0.009783673741593554
20223,0.04816749945423078
20224,0.09028482644323682
20225,0.1080544136488282
20226,0.0068990736288188186
20227,0.7135815924830801
20228,0.7879018343070342
20229,0.1612356981995156
20230,0.009067876320726795
20231,0.6730397065257007
20232,0.4157214246619408
20233,0.01767494578561984
20234,0.00840153393134854
20235,0.02391715059102165
20236,0.6961725712133238
20237,0.7711248238607258
20238,0.06387541245149095
20239,0.0072247681906890075
20240,0.004650507057555553
20241,0.013422322991023052
20242,0.013208596160000315
20243,0.006959306028202699
20244,0.010423838586057284
20245,0.41954895029334116
20246,0.919633213677012
20247,0.018620323497707945
20248,0.015592592461401048
20249,0.61151721681454
20250,0.04419230609851332
20251,0.027547211353316604
20252,0.016983285892607242
20253,0.005544245617526737
20254,0.05804040632181521
20255,0.17793508073580674
20256,0.8438513578753494
20257,0.9219743916204586
20258,0.22155078833692227
20259,0.289750522315531
20260,0.006722419096205518
20261,0.403321113962135
20262,0.06223828444436589
20263,0.8698322106058775
20264,0.1796686396055622
20265,0.39054613207381683
20266,0.9055318236971515
20267,0.6513487813706641
20268,0.09413029078107665
20269,0.09190914557386415
20270,0.04509877997651416
20271,0.1531170057069226
20272,0.015759130738553985
20273,0.05781550539156711
20274,0.059404632343676135
20275,0.004259182340621042
20276,0.5385440129402669
20277,0.7755092992590259
20278,0.10263753315326486
20279,0.47286373801508547
20280,0.00969675677323765
20281,0.06262834206170856
20282,0.03843232795216137
20283,0.7034483448061586
20284,0.011060744863979378
20285,0.5463395394360117
20286,0.01025033115015662
20287,0.011398966570003582
20288,0.023626859932491848
20289,0.9120915207721395
20290,0.003930461199515759
20291,0.010018284892397018
20292,0.8935345989688921
20293,0.8989635266374036
20294,0.0106819392516787
20295,0.061862695260441504
20296,0.2267788498450891
20297,0.028424100848509708
20298,0.014959573742928004
20299,0.8585019213354204
20300,0.2578556933483656
20301,0.010272400164241975
20302,0.9277196097197293
20303,0.006676100395605922
20304,0.11535605771315936
20305,0.00570700167402534
20306,0.0037419880319387623
20307,0.07000317525908915
20308,0.22292298726793405
20309,0.11057724097390191
20310,0.05678631871611031
20311,0.02100217804533338
20312,0.017043328957686
20313,0.010370967433677533
20314,0.7414738035393937
20315,0.9561730416028099
20316,0.04984357068357585
20317,0.003861490015737649
20318,0.14992067435804157
20319,0.911949205430887
20320,0.9492034713551362
20321,0.09458523355279533
20322,0.1943259693977634
20323,0.008951967216396581
20324,0.9108623616776154
20325,0.007336126231201615
20326,0.09340846312289165
20327,0.08329768481766708
20328,0.03529900222394577
20329,0.19520064498676606
20330,0.6597308186444066
20331,0.25734217098500317
20332,0.5459229436063573
20333,0.29751576239058336
20334,0.8833823964426375
20335,0.8728468001576557
20336,0.04618636307711165
20337,0.006457646052517336
20338,0.33155463392983786
20339,0.7900800994911339
20340,0.014609756391628039
20341,0.09283394861847859
20342,0.02321239296761998
20343,0.4807208391024686
20344,0.009707692870384378
20345,0.6185380559271844
20346,0.13767377358353583
20347,0.05252595243832061
20348,0.5475692142251877
20349,0.01938345430965902
20350,0.020778022984687887
20351,0.19442073741377758
20352,0.07530375773922006
20353,0.010474422072650902
20354,0.2826865001473939
20355,0.02180486679010115
20356,0.01101425368619865
20357,0.6051633695869918
20358,0.02764247173292815
20359,0.10180367009687423
20360,0.1905243948887952
20361,0.04333872257060498
20362,0.018233577550860015
20363,0.00855002997352267
20364,0.8888560695043439
20365,0.007016568422574439
20366,0.01623079152418266
20367,0.030299560171489777
20368,0.016328220908183082
20369,0.01746890568266302
20370,0.12462447405702781
20371,0.09148977479264576
20372,0.03357776775791383
20373,0.08274842407403278
20374,0.0064874371869957795
20375,0.01881795848325597
20376,0.046401517470517524
20377,0.2702992387769038
20378,0.0047738718455170226
20379,0.17714636682951518
20380,0.012422319995026515
20381,0.7989052627323749
20382,0.013032599134307581
20383,0.944547182440849
20384,0.019587177609081845
20385,0.007531313265211655
20386,0.008963580017542648
20387,0.05583996302908683
20388,0.03674065714410893
20389,0.10108312495889633
20390,0.5603985434486515
20391,0.5470114456951336
20392,0.08000154021650126
20393,0.1135354705164347
20394,0.9123163834509441
20395,0.01784379784937583
20396,0.10133780262436178
20397,0.005307713295339197
20398,0.8976672709771597
20399,0.01968251248431495
20400,0.09737377963444838
20401,0.6655100102658149
20402,0.8009985250580713
20403,0.012568461275602754
20404,0.004841515862684272
20405,0.009036712047139997
20406,0.031322126614015025
20407,0.392806225987689
20408,0.612729697956797
20409,0.6176459331367041
20410,0.8494478173444705
20411,0.1296820213486845
20412,0.009230892174500223
20413,0.15560028306874027
20414,0.935394185192112
20415,0.9149809696798163
20416,0.014992548996894516
20417,0.020777170506943297
20418,0.012912631080142246
20419,0.022807690994406826
20420,0.020148085542130954
20421,0.4741902120075225
20422,0.008559304092490831
20423,0.07437533422331402
20424,0.18073497855354373
20425,0.00951073067080917
20426,0.9249965970538923
20427,0.006527191983300256
20428,0.9637980664468416
20429,0.07398636726654431
20430,0.005451836575578367
20431,0.01005113351732276
20432,0.05400555680740104
20433,0.026260799891091507
20434,0.0787383911223162
20435,0.008888304575769501
20436,0.006477288576452616
20437,0.9260726502601839
20438,0.9002586110336439
20439,0.08685217167511348
20440,0.024515779247382633
20441,0.05945004553888339
20442,0.012880379888011498
20443,0.27867660086409873
20444,0.23820458280061757
20445,0.09891736106436957
20446,0.01253379094849766
20447,0.5659184538587458
20448,0.23088422750442036
20449,0.7683113601494416
20450,0.6871638144912621
20451,0.95797406441798
20452,0.09994479581668309
20453,0.013885734670065517
20454,0.15980008377562394
20455,0.02361604209821989
20456,0.005160956469774059
20457,0.0063819614870382155
20458,0.27158501517879235
20459,0.6981030154429777
20460,0.4308435963119429
20461,0.018430987132797956
20462,0.00739108482486956
20463,0.14944013812604837
20464,0.006284306971842028
20465,0.008827504501126163
20466,0.018823182043595774
20467,0.9377736154724224
20468,0.022043363808931318
20469,0.4304383625868228
20470,0.00875766179378286
20471,0.2483146218216994
20472,0.09634606982966777
20473,0.012984291999657645
20474,0.005757042211416809
20475,0.009858580712484365
20476,0.1571205919381103
20477,0.9058514799768896
20478,0.10770840234128969
20479,0.28017834205464875
20480,0.19652206892282284
20481,0.08451994722758577
20482,0.1588182155666806
20483,0.016994391094788966
20484,0.017148478769945144
20485,0.008275210819877586
20486,0.04527797421973857
20487,0.5385557915094965
20488,0.009627639546726786
20489,0.5030618094118244
20490,0.9870192975688687
20491,0.12129053842181252
20492,0.03842399408048875
20493,0.019289510383191613
20494,0.09918371948123626
20495,0.015080389022492256
20496,0.00900035746596574
20497,0.009042848610623714
20498,0.17036718167029388
20499,0.6090046201822232
20500,0.009731565579037456
20501,0.005846176643461071
20502,0.5208390613564533
20503,0.4238190639015798
20504,0.017674214336078336
20505,0.883040802425922
20506,0.013120514273595748
20507,0.14533858273521397
20508,0.6189008016595594
20509,0.9063108965024252
20510,0.1740371287703049
20511,0.00783262609912248
20512,0.9433675581945424
20513,0.5780272111546152
20514,0.02599769537598944
20515,0.6936720762872655
20516,0.02631498337814614
20517,0.07714433366640594
20518,0.0068886024955910515
20519,0.02886505650002145
20520,0.018579308507041998
20521,0.8278483190574107
20522,0.008771938709796895
20523,0.06207655184602131
20524,0.051733740597243866
20525,0.04801189999604051
20526,0.03381077241513378
20527,0.10973151364876105
20528,0.026479618049410007
20529,0.14485236979444396
20530,0.05272707391753902
20531,0.10503767428982805
20532,0.2870925236088465
20533,0.06112197410546526
20534,0.0046675188998384284
20535,0.044586164200799805
20536,0.005350640990408835
20537,0.8832422122792263
20538,0.11433396130587635
20539,0.02562853729354554
20540,0.4389371849083492
20541,0.007292519671228451
20542,0.08011781414477434
20543,0.3719152263112975
20544,0.771566146295572
20545,0.1130838159737009
20546,0.016358958765191275
20547,0.10465057720106345
20548,0.8663087775609966
20549,0.09490352507596657
20550,0.08954495077222535
20551,0.007497670216710019
20552,0.4096311248154255
20553,0.0072202528823538895
20554,0.03338212435543224
20555,0.03906839573119646
20556,0.036318216956689235
20557,0.2704906812033998
20558,0.005772214744941272
20559,0.004966370181320944
20560,0.02565383186697667
20561,0.004189615185838318
20562,0.021886139046937564
20563,0.007924754264111773
20564,0.050215569032913396
20565,0.08105167686937219
20566,0.10711742367436314
20567,0.13106112984822763
20568,0.012487594657023073
20569,0.07279316035401147
20570,0.057698505170909374
20571,0.003904038187828497
20572,0.044079836238978994
20573,0.013239157651912067
20574,0.11795655382441077
20575,0.02302010016827574
20576,0.28493336900320115
20577,0.4468407381631448
20578,0.7849110320881283
20579,0.014752186303934644
20580,0.00578402283317006
20581,0.16227867820508193
20582,0.17368115465790118
20583,0.7544890178307946
20584,0.008576679097546617
20585,0.01357150860580646
20586,0.015878891591026408
20587,0.024809496107020244
20588,0.04037943639419749
20589,0.6479044275459865
20590,0.5502337602326363
20591,0.02068973997518144
20592,0.7365183388537484
20593,0.10394437065182152
20594,0.05844446992958934
20595,0.01112217702067488
20596,0.08980601819794717
20597,0.1067371408624289
20598,0.638101222185019
20599,0.12722126357965335
20600,0.5708139536158079
20601,0.010623373489191713
20602,0.45314889840795247
20603,0.09742215537966753
20604,0.0182868985931516
20605,0.014440998719174066
20606,0.2085584820436369
20607,0.029567608982183975
20608,0.9525447802089458
20609,0.8584043149557038
20610,0.503286424089864
20611,0.08130521218494928
20612,0.012052024929182628
20613,0.1244629078842242
20614,0.8925979674479289
20615,0.7286272342288114
20616,0.29657280557538396
20617,0.021117306920892427
20618,0.08330474742440201
20619,0.005339438943331907
20620,0.47851070430014775
20621,0.011511656044902967
20622,0.007235961524652621
20623,0.04311685273675855
20624,0.34602781621898476
20625,0.09476115261160135
20626,0.010944414920231191
20627,0.02109250636274083
20628,0.29512445906268703
20629,0.8162444180932582
20630,0.08530318030923968
20631,0.053931894545332745
20632,0.024780219463359038
20633,0.0057707824653316616
20634,0.7569479318277903
20635,0.012631090747839014
20636,0.00994039851893165
20637,0.18618884288316317
20638,0.24988838482286263
20639,0.10133502651838766
20640,0.43417285987595333
20641,0.04541542599891698
20642,0.013998062331863896
20643,0.10127310124422065
20644,0.3866436121604505
20645,0.1944833556371368
20646,0.013743445432085413
20647,0.08051685429925282
20648,0.04474533438407359
20649,0.029172109513011097
20650,0.13445577125178212
20651,0.06739438709599484
20652,0.15676054381362714
20653,0.13271971056038043
20654,0.5103602163526595
20655,0.01891399689859652
20656,0.5887846626375672
20657,0.16047988471073685
20658,0.03765491782136981
20659,0.8096543661775155
20660,0.1795855271746486
20661,0.011525653514942351
20662,0.010051513657817224
20663,0.09230457971857539
20664,0.013758875204957081
20665,0.014801138142813936
20666,0.05320215158969432
20667,0.014144786936688953
20668,0.015509136058440759
20669,0.23020414029804068
20670,0.9581369120266896
20671,0.022226762752805725
20672,0.939418469725128
20673,0.12670857766039018
20674,0.006606784391704973
20675,0.005353392532659656
20676,0.0829872004302999
20677,0.09137107519377932
20678,0.015041842100177496
20679,0.035361518274820335
20680,0.36597128545605856
20681,0.0068918436624122075
20682,0.41595342935078294
20683,0.46933547856321917
20684,0.02488407117141708
20685,0.15380257696611527
20686,0.030739080849379784
20687,0.02724393825021231
20688,0.8512285887587804
20689,0.4219958044974992
20690,0.013161678778105316
20691,0.0038303929052434633
20692,0.4127519845075559
20693,0.046090031227941856
20694,0.005650660682398822
20695,0.011863560003777474
20696,0.006119924038803084
20697,0.9599291580600047
20698,0.025038861072462587
20699,0.012689732569237508
20700,0.006532798193398411
20701,0.5505149404749798
20702,0.01664550324258922
20703,0.8121030325342723
20704,0.0098109862265592
20705,0.15483488566944928
20706,0.028219671270968576
20707,0.017198635219089393
20708,0.07164081339117274
20709,0.030194432967100927
20710,0.13879356298710668
20711,0.04039143218381863
20712,0.22952827261474823
20713,0.8732530102676781
20714,0.719595902199929
20715,0.014330696441004619
20716,0.11982878004166193
20717,0.19392706004469368
20718,0.3053059797945206
20719,0.003983304543637233
20720,0.2169926796983143
20721,0.05601934773794512
20722,0.2371052253656996
20723,0.02326168724904877
20724,0.039225033910183976
20725,0.006439799773159183
20726,0.02743633693745123
20727,0.8001272036677601
20728,0.06890880399105793
20729,0.014266741618984868
20730,0.03306022234515064
20731,0.099809961966651
20732,0.0427596869960983
20733,0.8715094184048412
20734,0.154614748965147
20735,0.2906377902843515
20736,0.01389030285682302
20737,0.650676000626923
20738,0.7835970550509688
20739,0.0501906157965449
20740,0.033605102317851916
20741,0.8416394512609189
20742,0.013388975440310907
20743,0.04122358878493547
20744,0.5345299724333168
20745,0.8925598032194694
20746,0.02877832783625501
20747,0.04648859649556808
20748,0.03370633178318401
20749,0.010929847320086212
20750,0.2759661911343543
20751,0.9358510473565055
20752,0.013477556105020624
20753,0.23370592422061193
20754,0.08372885926990302
20755,0.06090834784015529
20756,0.0641333488992
20757,0.10885113826210108
20758,0.10458135432014459
20759,0.37991097108258215
20760,0.011527830195736078
20761,0.06869125377432743
20762,0.35475270600021597
20763,0.010346338101854882
20764,0.6314532533927174
20765,0.1839721837575976
20766,0.0709549163635083
20767,0.6734318731517341
20768,0.014714188270244932
20769,0.01932792393250438
20770,0.00878629398405652
20771,0.04981714539916968
20772,0.01598360704239473
20773,0.005504921880158378
20774,0.048765684080962685
20775,0.020997919771037047
20776,0.0724647477274722
20777,0.007785622773457376
20778,0.0644666207988578
20779,0.6149987449134832
20780,0.9390776007969323
20781,0.03463684128258794
20782,0.06279387729036279
20783,0.6517764200101739
20784,0.018640393750961822
20785,0.004788919471335335
20786,0.9626174381132606
20787,0.07826074124412295
20788,0.5691630635009159
20789,0.6021804037699655
20790,0.08014438254874863
20791,0.8049102416447428
20792,0.018430462972026763
20793,0.012522595608595807
20794,0.0054735308765902135
20795,0.04554829484108895
20796,0.6306579477166022
20797,0.4500085816528978
20798,0.010904262656901833
20799,0.1355716476246976
20800,0.6823957546072608
20801,0.4079111487148581
20802,0.12430269328496059
20803,0.8673808495401324
20804,0.09959305707449412
20805,0.12184323917201326
20806,0.5465351820842603
20807,0.030604922507421372
20808,0.02874527862790432
20809,0.1852570636421303
20810,0.09593908045810993
20811,0.07682295948877897
20812,0.1334131335367378
20813,0.009977533924452192
20814,0.0864114201923192
20815,0.5935689975758206
20816,0.09901637890399441
20817,0.0037158030035452675
20818,0.006039276144802616
20819,0.03015652691200218
20820,0.5096744143942741
20821,0.5456862047200065
20822,0.19866877610539854
20823,0.0037905961734864694
20824,0.03454391887690817
20825,0.24531241782136834
20826,0.02322170446464357
20827,0.21265393989874234
20828,0.2123683668691173
20829,0.22523009070136546
20830,0.4995557275374565
20831,0.21072668765468966
20832,0.040622949369980815
20833,0.8216353087535004
20834,0.5203327526018205
20835,0.007864867587790267
20836,0.8313850909348208
20837,0.014189137654165525
20838,0.015269839514049834
20839,0.047109507615254294
20840,0.019004099685664
20841,0.09342561568668489
20842,0.18865538889569966
20843,0.016911961207407813
20844,0.04014501677804406
20845,0.6874548859069566
20846,0.006724685926038439
20847,0.05318094687774437
20848,0.009303908772973024
20849,0.013097548604120603
20850,0.05011079722288014
20851,0.0478487074915693
20852,0.9540982457470475
20853,0.07771569712324516
20854,0.009760950053772798
20855,0.4699449160201725
20856,0.1794732793877185
20857,0.7225628061662455
20858,0.9011513027124393
20859,0.040786136993775333
20860,0.08039507725996872
20861,0.03733176035814755
20862,0.22937006042786962
20863,0.30815283052351117
20864,0.01262435086343528
20865,0.13328506861558295
20866,0.016930356914073196
20867,0.016287761397497706
20868,0.8631983944944626
20869,0.006608538712520417
20870,0.007577674201496962
20871,0.006637838314771427
20872,0.020010470035465897
20873,0.01776577356006867
20874,0.5543357984769216
20875,0.2405045739505725
20876,0.1967563397998529
20877,0.14171678760630924
20878,0.08226005087145312
20879,0.0062572936538218315
20880,0.02993948518796784
20881,0.11719127802132016
20882,0.4939129312794701
20883,0.022097761564029955
20884,0.018697805342141195
20885,0.054008455737568906
20886,0.22251746885177534
20887,0.005710171834309451
20888,0.08300833160634168
20889,0.02683492945420036
20890,0.17342746237914916
20891,0.08084345571377502
20892,0.15369407433099383
20893,0.4442524489916179
20894,0.1044433498122586
20895,0.19967632142357936
20896,0.8090682389629511
20897,0.0055824670992782365
20898,0.1705638920486911
20899,0.10782098069721958
20900,0.036708659237141394
20901,0.028614286059971412
20902,0.196592844412119
20903,0.7729004467209746
20904,0.014588268980343539
20905,0.022440773581614927
20906,0.060843056655739504
20907,0.0319269761179945
20908,0.00616854508161742
20909,0.011665275025633318
20910,0.20920660524725357
20911,0.5333576814941764
20912,0.006046234397663355
20913,0.6625196650135743
20914,0.1524714791469468
20915,0.029959277904775965
20916,0.007438758110668397
20917,0.11767246217907629
20918,0.04143939984069381
20919,0.00901160582080314
20920,0.0630675194840023
20921,0.004273386238113337
20922,0.9186243523349028
20923,0.008488896055047846
20924,0.8363685405673688
20925,0.23401520489366467
20926,0.9867348466691483
20927,0.05835645834930882
20928,0.21555966203936822
20929,0.4152881953175356
20930,0.027679934783781873
20931,0.031709356668928
20932,0.015455811953059654
20933,0.010837952534680912
20934,0.06839365674967539
20935,0.054987798336899485
20936,0.9515103376932202
20937,0.006068914048446435
20938,0.03949746936859673
20939,0.008403485024360226
20940,0.2503179734561119
20941,0.019414429422520845
20942,0.13413427039743503
20943,0.2858093603484585
20944,0.7084996123892334
20945,0.037027357916812276
20946,0.8619189857041324
20947,0.0295800905814687
20948,0.043996035379027694
20949,0.22771122578638428
20950,0.027989737569447403
20951,0.0800026375018776
20952,0.5943899887399666
20953,0.0706581569638028
20954,0.045407041222746594
20955,0.10823348948147338
20956,0.013409541707030698
20957,0.09755823396314989
20958,0.039686813467610306
20959,0.8861390702766231
20960,0.12257380426693058
20961,0.06271657761695101
20962,0.07745170394738618
20963,0.018351134331781482
20964,0.09810934615344133
20965,0.01186946747113332
20966,0.19498313175388587
20967,0.13418202069362206
20968,0.13156894000538266
20969,0.01646269329080855
20970,0.005866116788079651
20971,0.03559406762368338
20972,0.00816273448779415
20973,0.02910635026014856
20974,0.008554151012675032
20975,0.24649002902688852
20976,0.005881133979570948
20977,0.16682687617169703
20978,0.20558108150313176
20979,0.04453411483852461
20980,0.32050572999408533
20981,0.10373924128153433
20982,0.014960065072060685
20983,0.03347005400054464
20984,0.014747554261701034
20985,0.012328115423647404
20986,0.09981206534669489
20987,0.9077093244641764
20988,0.7564210569299714
20989,0.19246599345870286
20990,0.6343277922421329
20991,0.9015715878372609
20992,0.24312552503113516
20993,0.005550501371950497
20994,0.05497865402892564
20995,0.04937667467612933
20996,0.04144801113488356
20997,0.10952036415679253
20998,0.1901652800579276
20999,0.016181945171285284
21000,0.9649556380500937
21001,0.007353949153340888
21002,0.8205488730852983
21003,0.008423413622694009
21004,0.39813524899870467
21005,0.041219696447351115
21006,0.8713852141547072
21007,0.009547258976995493
21008,0.04403655799358698
21009,0.04690650091347291
21010,0.8715508881211425
21011,0.05311215981885985
21012,0.029340344220197753
21013,0.007129409680603514
21014,0.17179249912352268
21015,0.34097160057607384
21016,0.2006743943788454
21017,0.008971791369454939
21018,0.009168115399185777
21019,0.039173307253469764
21020,0.0734013419559005
21021,0.04263314027167215
21022,0.7660762921049317
21023,0.0548226621489564
21024,0.6889894355933148
21025,0.2995967897808891
21026,0.10924795265335555
21027,0.9242109484018708
21028,0.7438827927118842
21029,0.023735856333954298
21030,0.21059937113571053
21031,0.7462704661314834
21032,0.07324909720556316
21033,0.702138690987531
21034,0.7495513106025073
21035,0.018192024974494004
21036,0.971244565630033
21037,0.650831259989434
21038,0.02763314494525555
21039,0.9070803822830555
21040,0.02154721126391726
21041,0.06789035619930792
21042,0.11010530333274168
21043,0.015121272662273096
21044,0.7806806451392874
21045,0.047144827055462295
21046,0.2448747390254372
21047,0.879379256082944
21048,0.02161388739192797
21049,0.9567835844202801
21050,0.011514237556364125
21051,0.4157625386101753
21052,0.01975599821861688
21053,0.14526027738006453
21054,0.52602392031318
21055,0.015390216761677887
21056,0.07026363623253618
21057,0.985316699498521
21058,0.00913938852725868
21059,0.7268995878836751
21060,0.9223153149058684
21061,0.12738793937925014
21062,0.006977790859670987
21063,0.063006922004295
21064,0.6786936564917558
21065,0.2990219791970999
21066,0.00922035924613054
21067,0.010677337105713437
21068,0.12271671611037216
21069,0.08834629385174715
21070,0.028872576048996092
21071,0.491272706970517
21072,0.006191046852928982
21073,0.3421285451772676
21074,0.021598946196650773
21075,0.025656487229816255
21076,0.012839493966424675
21077,0.14199903194710323
21078,0.6286207439510332
21079,0.9000917629665673
21080,0.03630566171082804
21081,0.9666926533103226
21082,0.038747650757900064
21083,0.02717070897496418
21084,0.45489413501599574
21085,0.007829395268996835
21086,0.07687790073498103
21087,0.16651313689092578
21088,0.2480532820559129
21089,0.15938077323055225
21090,0.14773788739423824
21091,0.01871671812781566
21092,0.6101579163963112
21093,0.005471849112426287
21094,0.04713849351397876
21095,0.034468168962500545
21096,0.01608630923030134
21097,0.042292628754757
21098,0.03130512268333988
21099,0.12601043466334289
21100,0.06350262636859508
21101,0.008692869167429246
21102,0.006914916955986808
21103,0.27600128198638474
21104,0.11333088965097056
21105,0.010150432951884697
21106,0.7813524015551097
21107,0.060240735220520654
21108,0.16077185352368667
21109,0.9015922038678622
21110,0.6963358823719893
21111,0.9807881337553366
21112,0.0058712237520492745
21113,0.015740618401363777
21114,0.9011798400879396
21115,0.31345989294329246
21116,0.9043005528587498
21117,0.09882919045476382
21118,0.009020086931865954
21119,0.9800435085974689
21120,0.004561481307667952
21121,0.28533975969057357
21122,0.07650501185420037
21123,0.04718944617176843
21124,0.018920105029120313
21125,0.13925087732201313
21126,0.006467285341038369
21127,0.012179789330639249
21128,0.0039821984344931526
21129,0.02010613846041431
21130,0.909760348597669
21131,0.5255204267824561
21132,0.07741264010196187
21133,0.027631833151446173
21134,0.012882618591054966
21135,0.8583286869705011
21136,0.036624407842343124
21137,0.00798838536646153
21138,0.011435124243304541
21139,0.058222095096045694
21140,0.5529869368447625
21141,0.014003702209616
21142,0.019022999563674328
21143,0.06850491185039861
21144,0.007965775935413305
21145,0.03081938103381764
21146,0.04812152160710699
21147,0.29947673760173005
21148,0.2701874288638809
21149,0.015246434915855634
21150,0.022752214789909818
21151,0.7487433068305
21152,0.04007383740704832
21153,0.4978699205781288
21154,0.01957239549038398
21155,0.038563867235599555
21156,0.5650556311111078
21157,0.07799914508257341
21158,0.13672698285452295
21159,0.013853722674231279
21160,0.011111032035005632
21161,0.007041077729595986
21162,0.04377387438788878
21163,0.6124238731454751
21164,0.014351881743301443
21165,0.12830290799369817
21166,0.899195206826549
21167,0.05392303118033358
21168,0.023549823194969264
21169,0.49973962240522546
21170,0.3110150786379027
21171,0.17837452341006316
21172,0.18943000045426667
21173,0.014483979355672718
21174,0.9312004604221521
21175,0.2787091542027295
21176,0.006974840205512157
21177,0.7278787190380827
21178,0.5275431156608573
21179,0.006399601352151435
21180,0.7922375410810472
21181,0.07560371058484558
21182,0.006149014423710652
21183,0.044295104460597916
21184,0.670150413230945
21185,0.09085124377694531
21186,0.013568917860006531
21187,0.004506664204505692
21188,0.015746465355760707
21189,0.00515835162468429
21190,0.015258224750626331
21191,0.7281945795495217
21192,0.2365451384007149
21193,0.24043305481845428
21194,0.9221822004977117
21195,0.025644600967217525
21196,0.1259041915284647
21197,0.004429043079603767
21198,0.010700463586814809
21199,0.5244294716262733
21200,0.019499185890998406
21201,0.032559029546035866
21202,0.00810110320181671
21203,0.2285170437369571
21204,0.01916197868108656
21205,0.00391643621158447
21206,0.911705296261053
21207,0.005920977994207852
21208,0.04269384402245788
21209,0.8890618838465594
21210,0.17060983975581284
21211,0.9045637623401711
21212,0.013542076791526053
21213,0.7550249978607659
21214,0.08968141432173433
21215,0.09052914512937668
21216,0.4426104733136466
21217,0.14859235208448532
21218,0.008691903857992156
21219,0.01254186919992936
21220,0.3769571113212083
21221,0.020296691223176705
21222,0.008987194340943085
21223,0.06402866964286368
21224,0.4529929488740662
21225,0.007423931867743076
21226,0.3835530062939989
21227,0.01997832800408042
21228,0.9378260001364205
21229,0.8921394594557657
21230,0.254506573429163
21231,0.8284966190744679
21232,0.11803245155794993
21233,0.29596814762456586
21234,0.07261880094785032
21235,0.4751715450916466
21236,0.689263718546326
21237,0.006515983309281927
21238,0.00945940819000649
21239,0.02974647009108237
21240,0.027022045247796545
21241,0.25912365677628396
21242,0.8924255863350847
21243,0.20009123135718926
21244,0.05964140580802424
21245,0.971034258882426
21246,0.004226855467574528
21247,0.011256125572071113
21248,0.0609298628118896
21249,0.9478749197377058
21250,0.0067261700360460456
21251,0.01146649589271041
21252,0.12101730818698421
21253,0.022224261719170458
21254,0.03301301046920939
21255,0.1246866326593846
21256,0.0596562584330291
21257,0.7801039275025515
21258,0.20697306221215395
21259,0.041835532175556626
21260,0.09527678002124737
21261,0.014727147713778404
21262,0.037707050103027204
21263,0.06993291552808144
21264,0.0055822773850181555
21265,0.01149795163531513
21266,0.005955616240961836
21267,0.028704468463041862
21268,0.9479290631791751
21269,0.23607191690992826
21270,0.15307190107181692
21271,0.30698501008132684
21272,0.0968518674596419
21273,0.017732020733745642
21274,0.007605132096168554
21275,0.17284061992722258
21276,0.005897460719162855
21277,0.02386258489989233
21278,0.7454178447017127
21279,0.19948466169487017
21280,0.13884581334314433
21281,0.029846797892676854
21282,0.18670845430789798
21283,0.16295711359140289
21284,0.921166130628418
21285,0.11321613039575684
21286,0.3081489951596954
21287,0.003860781130496619
21288,0.010925566595047653
21289,0.010645306203671738
21290,0.5375442334026385
21291,0.005117416996189574
21292,0.7763915011381072
21293,0.015710237511779104
21294,0.07355445147895012
21295,0.6903741637591227
21296,0.009022072557538556
21297,0.9215469458850468
21298,0.1957089571649501
21299,0.760623690531252
21300,0.0781754923522772
21301,0.9779655254170232
21302,0.914917878757981
21303,0.0070950733502447684
21304,0.005448926528251997
21305,0.030718373276975727
21306,0.04026857515531445
21307,0.006147606928509475
21308,0.1279614298558693
21309,0.11849612841814859
21310,0.009306068692097297
21311,0.07523552928746531
21312,0.49538800599464966
21313,0.01275003835605804
21314,0.19801182031340134
21315,0.12464637202508588
21316,0.2732232715484435
21317,0.44648330822261545
21318,0.7713132385291963
21319,0.016914319344875795
21320,0.02551041457634437
21321,0.015108930390391014
21322,0.031224451642560474
21323,0.9242658648075724
21324,0.012328439043595955
21325,0.01410040010617924
21326,0.6477826013876855
21327,0.003845665916036157
21328,0.05895744854319076
21329,0.05931267781566577
21330,0.0048661677660084505
21331,0.005801900937976972
21332,0.23160984151612685
21333,0.003891977648513285
21334,0.7537768763789006
21335,0.261882170884855
21336,0.009867978574978805
21337,0.36027759162160927
21338,0.7440567227523323
21339,0.1499841806159163
21340,0.0104402928872854
21341,0.007079678624212554
21342,0.2225291075329831
21343,0.02518138646079689
21344,0.011716660762901768
21345,0.04704185341955536
21346,0.007180965712528716
21347,0.05933754028488797
21348,0.954797061050575
21349,0.006164901015110923
21350,0.11991595205148392
21351,0.8736518662709043
21352,0.008003522362931182
21353,0.8672206499014522
21354,0.005344177339703971
21355,0.04089768571922
21356,0.011169712952265919
21357,0.014107670422412991
21358,0.4233500280178777
21359,0.5825733659694079
21360,0.43580533040918146
21361,0.9816141124831974
21362,0.021667867294459665
21363,0.0627915690962908
21364,0.008181359929085282
21365,0.025087870774460133
21366,0.0300196962519054
21367,0.4064002787127744
21368,0.9233368752951092
21369,0.007497319626019827
21370,0.8648407838212299
21371,0.8741689228876511
21372,0.010072694474829487
21373,0.006541395297176049
21374,0.02161816178077655
21375,0.013204253679760716
21376,0.5166809624057981
21377,0.1279024799960921
21378,0.8383260371838471
21379,0.1900632388019036
21380,0.5994974298657451
21381,0.011904036472143211
21382,0.08711987500254445
21383,0.005603106906170353
21384,0.007363892996982127
21385,0.16077204760738953
21386,0.913585437722873
21387,0.42195898343923177
21388,0.32786146337260275
21389,0.047577138700321514
21390,0.01472604437122083
21391,0.026998923603076794
21392,0.021236037409386586
21393,0.015129451203581728
21394,0.12416082415901214
21395,0.6604322943730375
21396,0.19696015872770514
21397,0.9426067753193224
21398,0.02034032415467552
21399,0.12349533885852149
21400,0.8052250916575429
21401,0.004296396899034025
21402,0.02339583479264281
21403,0.2705336821357583
21404,0.028109632884849217
21405,0.0065404763467489194
21406,0.004475957539044601
21407,0.0413377537461127
21408,0.04150270289508572
21409,0.0741490849794536
21410,0.16351395776811917
21411,0.4229517966770927
21412,0.03364009883958373
21413,0.006640362363271602
21414,0.009481269041532221
21415,0.028529038765870682
21416,0.04241287342057893
21417,0.11439130367442045
21418,0.02003037957373076
21419,0.016880989597971335
21420,0.013527972322272765
21421,0.2822372914833449
21422,0.08702968520487524
21423,0.009814882137041557
21424,0.22730939795547403
21425,0.372204294125075
21426,0.20596178764696332
21427,0.07945471455132823
21428,0.11659513053199208
21429,0.37583300640684847
21430,0.006114050801666631
21431,0.08300423242160081
21432,0.31142672268513766
21433,0.012654368718389104
21434,0.007589048655994755
21435,0.007879228920755998
21436,0.13462804457128702
21437,0.1365430381490596
21438,0.004433217602090071
21439,0.2870425083408961
21440,0.011452207296600472
21441,0.04150698037131638
21442,0.009714852784660454
21443,0.03659458837500878
21444,0.009740430715536076
21445,0.28056639398379074
21446,0.014857842606899863
21447,0.015267695794980355
21448,0.05492942851593641
21449,0.042985157280366365
21450,0.1714883875165215
21451,0.5804651584630703
21452,0.6553020835197703
21453,0.04597458565815259
21454,0.027432419107794224
21455,0.5879682602093212
21456,0.03498965133890978
21457,0.007153221521989929
21458,0.4622460029905842
21459,0.1621626408687711
21460,0.017423187049596205
21461,0.02039635057463687
21462,0.8685094636625162
21463,0.010124377115874276
21464,0.07199672427070265
21465,0.18152850832521306
21466,0.06017105450368197
21467,0.5824802436063874
21468,0.012683877705727167
21469,0.0616320599252794
21470,0.31588123844583943
21471,0.0504184039410115
21472,0.6299904468495516
21473,0.033695091522173856
21474,0.46968324727580485
21475,0.008771130931399933
21476,0.004370892717741949
21477,0.007087660036239003
21478,0.015520094083310136
21479,0.8259112216870688
21480,0.11226154720054814
21481,0.009631610048066714
21482,0.0320822303057631
21483,0.6352152629818012
21484,0.053246054760811116
21485,0.028031258324688654
21486,0.034543273125231276
21487,0.2647428965518539
21488,0.5108919537046844
21489,0.054588443085341894
21490,0.007837290300334846
21491,0.009147474616752515
21492,0.07028497317316197
21493,0.32034105938648844
21494,0.10773094700523629
21495,0.15643104972825583
21496,0.024607779509202874
21497,0.006580839747632709
21498,0.025721301944254427
21499,0.4188511071057104
21500,0.3752522845408454
21501,0.04699467447050297
21502,0.06625869277956613
21503,0.21761806008595475
21504,0.3179594153738717
21505,0.3720284298993365
21506,0.03204746086862915
21507,0.009743150308180244
21508,0.4442665145692639
21509,0.004220233255837746
21510,0.7186169234146949
21511,0.4492846421657554
21512,0.014692292584520766
21513,0.0670165837878435
21514,0.03695178148495113
21515,0.04711139778629316
21516,0.611271924749909
21517,0.07344670648071368
21518,0.014328571292166812
21519,0.022743564346744533
21520,0.022629376084332117
21521,0.02859521404207311
21522,0.010016881367375727
21523,0.1416079694752286
21524,0.009839659012514271
21525,0.17214938034546595
21526,0.7870406450236547
21527,0.005826282275609504
21528,0.007225828402564326
21529,0.048176129745629175
21530,0.281845408580439
21531,0.2538330157146056
21532,0.5988935190175134
21533,0.01111399826864228
21534,0.13912129935250392
21535,0.5347315986270906
21536,0.8735739608557349
21537,0.2465636290012831
21538,0.0038179382169418008
21539,0.5698969482218886
21540,0.031309756058462854
21541,0.07658826873037668
21542,0.11537773120484986
21543,0.3608207881934769
21544,0.07747651337650624
21545,0.8834169768506333
21546,0.3148985329294496
21547,0.0057938858962691955
21548,0.01920425929535356
21549,0.11101824944077701
21550,0.8062019849015257
21551,0.13127365954138917
21552,0.06477315317670461
21553,0.011821160653899702
21554,0.020168996755710145
21555,0.2191036138919876
21556,0.1300573900284168
21557,0.019263397289409376
21558,0.16715661044205438
21559,0.7603378420518936
21560,0.0055569666253354215
21561,0.022625565093524227
21562,0.04327987916777775
21563,0.0337561253671731
21564,0.007951896013120205
21565,0.0065284736933621645
21566,0.2323039406458124
21567,0.016083655010509824
21568,0.17254979419513183
21569,0.02822735859035731
21570,0.6278377162109495
21571,0.018294813748000665
21572,0.7704453620667179
21573,0.09943288703979991
21574,0.013434433694224559
21575,0.8961976052309346
21576,0.44333807248237916
21577,0.3579625177033708
21578,0.1376013096929242
21579,0.04019648323856526
21580,0.013532342924343174
21581,0.2815355605012786
21582,0.17586037980769373
21583,0.19743423689210743
21584,0.03425106886968003
21585,0.31898649476537505
21586,0.8087182197111704
21587,0.013804341905941642
21588,0.45734195644911085
21589,0.07709232243938907
21590,0.10784763541895512
21591,0.15222207693280262
21592,0.031237364227455648
21593,0.9360255423386626
21594,0.011604288530112318
21595,0.031106378591152107
21596,0.10611047398333623
21597,0.12675745432255645
21598,0.8133318689968361
21599,0.010217552771525572
21600,0.628056371281021
21601,0.0502895357104788
21602,0.13382659016816112
21603,0.7945161432928342
21604,0.020202538491443663
21605,0.10552279589496363
21606,0.00946269645822585
21607,0.024058357874602462
21608,0.1012740568094589
21609,0.3989376626301431
21610,0.04577621856355836
21611,0.11477884342704996
21612,0.03994047035404996
21613,0.016655774747342075
21614,0.31527550470314397
21615,0.04622206005182673
21616,0.15894140434994583
21617,0.6344412986137776
21618,0.013949114906590886
21619,0.5485770743798185
21620,0.014148619419349643
21621,0.019127484694371463
21622,0.6636374711912978
21623,0.04953642015640912
21624,0.3080438946240371
21625,0.39100708553267916
21626,0.16665780388529908
21627,0.24427233844237733
21628,0.07311725176652097
21629,0.08213052731601156
21630,0.0089107321926812
21631,0.0137517780525207
21632,0.688982149023026
21633,0.029770331386203094
21634,0.19108038279655196
21635,0.004112098475469514
21636,0.13002590904989825
21637,0.09858270840671463
21638,0.024920493282311686
21639,0.9567974912276321
21640,0.8434192063614195
21641,0.25175375518774357
21642,0.026008808026199412
21643,0.1238950416087785
21644,0.037769888157010434
21645,0.017174215601122974
21646,0.22419454863297072
21647,0.01963205952125672
21648,0.9553694942868045
21649,0.14846744773264917
21650,0.12733591009650008
21651,0.23009585621803735
21652,0.021033467139890075
21653,0.22699950319108078
21654,0.007717672027021927
21655,0.05105234547745523
21656,0.08029798231561408
21657,0.07322642670546015
21658,0.03462851488577337
21659,0.016190975295245234
21660,0.23734729231207002
21661,0.03807798845405017
21662,0.31729444692781694
21663,0.10755312530224599
21664,0.4118855486192616
21665,0.014944371904047972
21666,0.23597911973418256
21667,0.01458072204383432
21668,0.008587157758725705
21669,0.025915191281781647
21670,0.5759151667042334
21671,0.012700668634698856
21672,0.13806878265009115
21673,0.48190693438150334
21674,0.04239573479671571
21675,0.7572426050323993
21676,0.0758374703748728
21677,0.021752088904314716
21678,0.14396833237645848
21679,0.005457437303771785
21680,0.3018339263301419
21681,0.019006963794428886
21682,0.006308152886743492
21683,0.14346710732345674
21684,0.5393675590380433
21685,0.44792125637955793
21686,0.012379520219934327
21687,0.003920442257702173
21688,0.01896928409645045
21689,0.46163181413516335
21690,0.65629237857353
21691,0.0390701734165771
21692,0.3202357582252894
21693,0.00840476748924653
21694,0.34740252235602503
21695,0.02010826592817626
21696,0.012346250144763532
21697,0.024170655038578355
21698,0.027528791316205344
21699,0.04548031044877753
21700,0.8214182011279103
21701,0.1256377084911496
21702,0.13054831134241238
21703,0.01606956912430075
21704,0.12210651687152135
21705,0.06467937756268759
21706,0.2970772338057915
21707,0.014171662771865833
21708,0.007554007871011656
21709,0.08605268660492232
21710,0.039602080463364886
21711,0.11164093141332684
21712,0.04863450124799789
21713,0.3214366909591142
21714,0.14803654192807703
21715,0.01010897590086607
21716,0.9443065279379564
21717,0.011555345101426808
21718,0.2528652238702167
21719,0.9614562492343146
21720,0.18969671500915664
21721,0.022551322269894387
21722,0.021741162447020564
21723,0.06877403432263782
21724,0.2653469056863683
21725,0.01571337648295349
21726,0.44739297120196375
21727,0.010917282186688918
21728,0.016967450251747333
21729,0.037346174499476255
21730,0.006636396154773728
21731,0.6224117080681664
21732,0.00840500252468022
21733,0.08187342374119579
21734,0.3016221067545032
21735,0.14006939265074783
21736,0.511373776117316
21737,0.01349070841316734
21738,0.10458770013556831
21739,0.09901628452291247
21740,0.8470694796156436
21741,0.00360483177172022
21742,0.008366456344412432
21743,0.7249807630163921
21744,0.5695097022564254
21745,0.053096217216867775
21746,0.08159687996854384
21747,0.5712532540388294
21748,0.024041249452800464
21749,0.0036080046790020396
21750,0.0202543376808208
21751,0.006776094859719268
21752,0.41596682764497567
21753,0.036445249046900934
21754,0.863413700179771
21755,0.016414704897070573
21756,0.1926404881841782
21757,0.010668648695033556
21758,0.8084070216864301
21759,0.02507550522418775
21760,0.10933381699574642
21761,0.9767923537572832
21762,0.04061834527476026
21763,0.006008875745723177
21764,0.9410357859047997
21765,0.08173006808011996
21766,0.7846777674719619
21767,0.1054377940007817
21768,0.963675388311577
21769,0.24459806299589892
21770,0.13719178816244856
21771,0.0522311821585534
21772,0.010727261793246528
21773,0.011472182976682215
21774,0.006824766337718337
21775,0.7704909134121688
21776,0.05769190983337271
21777,0.025204218647902503
21778,0.03808084189915398
21779,0.021905483519087464
21780,0.5840535300440968
21781,0.0043541363892452495
21782,0.7029942182347306
21783,0.017385871356970832
21784,0.020893090217672567
21785,0.026715285414754594
21786,0.25169414304374854
21787,0.005320057733974576
21788,0.0052570273392364706
21789,0.08423884137971928
21790,0.008183032127476146
21791,0.006638753623543816
21792,0.4553248563154313
21793,0.6658848457544666
21794,0.6563312294011193
21795,0.012744235780945658
21796,0.27642475588786397
21797,0.8532914447355916
21798,0.05981081210880807
21799,0.8918120325813658
21800,0.5732002458438387
21801,0.07406621301904148
21802,0.008191052625275646
21803,0.06425505807039328
21804,0.31269186422030987
21805,0.813053571105438
21806,0.29879526701857106
21807,0.0073970286052077805
21808,0.872442522836182
21809,0.5697663545591579
21810,0.011642697825800241
21811,0.6725207782945613
21812,0.004953041988605755
21813,0.012372850992557376
21814,0.8676416903746923
21815,0.5676206729779778
21816,0.8352002481068517
21817,0.4141404427957836
21818,0.4700802457493269
21819,0.004678923282870522
21820,0.016598844860494615
21821,0.1643343986690794
21822,0.028623233347340876
21823,0.01978234878024899
21824,0.004196418819195916
21825,0.03184651883381518
21826,0.010979263991008027
21827,0.6238932623983844
21828,0.9217726287064877
21829,0.004965908444078457
21830,0.01757104198192549
21831,0.02526896201169539
21832,0.022285894844903543
21833,0.41005467361154746
21834,0.7761662705577143
21835,0.1615540944307036
21836,0.6668096422684116
21837,0.101669723918
21838,0.00401768852021128
21839,0.1276713073592826
21840,0.011316086727061645
21841,0.18141530109143697
21842,0.502699290589816
21843,0.44808029019860385
21844,0.44528353197098997
21845,0.027457949247286697
21846,0.008006792668536345
21847,0.06493569801766007
21848,0.01239303368253214
21849,0.8372914097730927
21850,0.007107144142168331
21851,0.3101347238378891
21852,0.9181519217245061
21853,0.0829627571305951
21854,0.07624538789295242
21855,0.022014264970831414
21856,0.04238173792129162
21857,0.013496908152471338
21858,0.02844647341727139
21859,0.016587713917072252
21860,0.3523732058938371
21861,0.006586769177751629
21862,0.006636209949927902
21863,0.004432188358032384
21864,0.005599413116118796
21865,0.007653832785871195
21866,0.709782453063358
21867,0.01723482128571418
21868,0.0045926929298547615
21869,0.18644271514673041
21870,0.004316173776538314
21871,0.048368710444684555
21872,0.0045014639774545165
21873,0.4120049099135925
21874,0.02178868571338419
21875,0.01465241712804867
21876,0.6011833607808805
21877,0.0657128576812342
21878,0.6109328449216631
21879,0.6252102779422078
21880,0.00993803428719993
21881,0.0838047529038258
21882,0.018532943326101982
21883,0.02991957559655902
21884,0.9679889111240154
21885,0.009130190520249251
21886,0.042786189140292356
21887,0.504868632112496
21888,0.6233420174468932
21889,0.009081363217765287
21890,0.8952464005723829
21891,0.033266442724386384
21892,0.5787691127762107
21893,0.06434268010347129
21894,0.9301646036166071
21895,0.020133789165641333
21896,0.030040268790274764
21897,0.006736676755875611
21898,0.5729348706776258
21899,0.913823256479623
21900,0.011377815341424116
21901,0.01136059317302028
21902,0.08775817783195969
21903,0.039610611814629056
21904,0.07610996724174857
21905,0.00795586034237004
21906,0.08776164918018992
21907,0.18226881478138152
21908,0.08734098577803223
21909,0.7686193136975692
21910,0.054949697700113216
21911,0.050094363208894585
21912,0.006734758116890714
21913,0.028776975749393096
21914,0.017453236139751804
21915,0.044159867100317794
21916,0.11779426247809573
21917,0.04037023719009324
21918,0.12668043069768772
21919,0.08208442445540025
21920,0.2543161760128693
21921,0.12242776042432181
21922,0.08588081214686148
21923,0.1484670805331344
21924,0.007475651307508925
21925,0.34909010771682036
21926,0.014587186500645314
21927,0.025610882609340718
21928,0.06377391326957314
21929,0.21986341538100956
21930,0.01072370513588073
21931,0.05370304775650419
21932,0.9010014919752591
21933,0.006345002060688774
21934,0.021528660413435326
21935,0.02555455554206368
21936,0.9106148900168218
21937,0.011193258832441613
21938,0.004488665155766065
21939,0.0497773403096221
21940,0.05195661857787955
21941,0.010911885981934608
21942,0.40816307207233987
21943,0.005644554066313926
21944,0.0039424309221020365
21945,0.00665747793205525
21946,0.026859086795345894
21947,0.012831882029529023
21948,0.012240540621152901
21949,0.005272141633575943
21950,0.14111163832173987
21951,0.005292822063609077
21952,0.013594226328173083
21953,0.619698408289042
21954,0.43857868271919975
21955,0.5831391812138653
21956,0.515625936235479
21957,0.03912374072968609
21958,0.01721926136152218
21959,0.9696946588149853
21960,0.049325857354974925
21961,0.03724753722620625
21962,0.006033650751541029
21963,0.0990659032635218
21964,0.04925416834977447
21965,0.008110279783938251
21966,0.12418470479061017
21967,0.10608327828792642
21968,0.6193231313465284
21969,0.010818350037821991
21970,0.9567852611063327
21971,0.526635355615302
21972,0.30558113056287206
21973,0.09601211091738021
21974,0.4986386892098793
21975,0.10162871175977853
21976,0.005395262790424268
21977,0.07146953702773992
21978,0.0748704249374027
21979,0.009954205554183507
21980,0.027370987219524644
21981,0.07330439002719194
21982,0.5949947291869105
21983,0.02888241138557289
21984,0.19419188753423566
21985,0.9487779232446926
21986,0.9579888691045759
21987,0.9439333981044389
21988,0.005509606841031311
21989,0.041428060324450185
21990,0.08635750702622394
21991,0.004476567199966623
21992,0.006361348229651444
21993,0.005844088848177713
21994,0.08506153498160969
21995,0.1482497802740976
21996,0.08437181161066513
21997,0.00857377891253373
21998,0.35647006592930913
21999,0.5826991946597555
22000,0.0036340160916476204
22001,0.45972797758716444
22002,0.6209414785173972
22003,0.012196493065213344
22004,0.02105660758338366
22005,0.16219898547730288
22006,0.9050089150017867
22007,0.3124359127083932
22008,0.2883296995840611
22009,0.010316573022928566
22010,0.19287627598967
22011,0.9056051609641159
22012,0.02721615516661621
22013,0.3549092379049442
22014,0.015444560437724998
22015,0.039646752785563566
22016,0.018251586448515145
22017,0.07625761852247595
22018,0.05810191491319982
22019,0.0665070322684478
22020,0.22507688211989493
22021,0.12427708103827029
22022,0.6329941263645753
22023,0.08963577222269992
22024,0.035974684213152065
22025,0.015705432300185108
22026,0.5296974991134596
22027,0.2841031329051277
22028,0.09473831876177574
22029,0.010017112915968528
22030,0.08731156964084098
22031,0.01419384182296308
22032,0.16820235074035483
22033,0.10843895193371507
22034,0.5682049684105995
22035,0.26544888730258015
22036,0.2868419515548682
22037,0.2795008236826655
22038,0.1466376428988395
22039,0.05924155657152803
22040,0.021455310794117083
22041,0.1559073470144431
22042,0.007909745251717781
22043,0.04041825784865717
22044,0.036924715088063914
22045,0.05469664966140683
22046,0.041085770771040135
22047,0.2754138803670536
22048,0.11421597531901699
22049,0.025492074316832584
22050,0.014318240773220496
22051,0.019257599660585215
22052,0.02414490332251145
22053,0.009612733436772988
22054,0.06476590385029454
22055,0.105963590602325
22056,0.4442465849964789
22057,0.37777663039160336
22058,0.015639731523270462
22059,0.5241075668250791
22060,0.007034160285228865
22061,0.30973241099869225
22062,0.12079454146521748
22063,0.25901027789310305
22064,0.04605520264408112
22065,0.01479382787193519
22066,0.20574875832526415
22067,0.040405735753519675
22068,0.05789622625502293
22069,0.009313356906056362
22070,0.14619647455405788
22071,0.015191901598902558
22072,0.11755772878275611
22073,0.010082397665970277
22074,0.5803044627536839
22075,0.9424145449487603
22076,0.020695855369463053
22077,0.03396471025546187
22078,0.055107844725933844
22079,0.0038100270801268666
22080,0.16202073377707335
22081,0.005764599171086756
22082,0.8776013727963097
22083,0.7518039623956941
22084,0.0040855136469806486
22085,0.5359616016674382
22086,0.009579508489488167
22087,0.007309811376595804
22088,0.004404736620350299
22089,0.004545331993091623
22090,0.016107661838688513
22091,0.013050417787493525
22092,0.00595593002229618
22093,0.07600061473272904
22094,0.07518727909131234
22095,0.007303633354409604
22096,0.005505329729450056
22097,0.742508867106965
22098,0.44699192965732554
22099,0.012194521617446531
22100,0.0431223942920584
22101,0.011512779697425401
22102,0.030337304243915297
22103,0.5155505883158403
22104,0.006040953076107497
22105,0.006451919069318827
22106,0.01535967052516889
22107,0.30529539306423686
22108,0.5575098043691104
22109,0.420401165200044
22110,0.017608308366335864
22111,0.2484215773604658
22112,0.07174343554245613
22113,0.8221899707355577
22114,0.06648093183754147
22115,0.3660984041433345
22116,0.029994436910553476
22117,0.28725882821870824
22118,0.03781261342487161
22119,0.007553800039820813
22120,0.01219037500675944
22121,0.23079691661741653
22122,0.2204051559455338
22123,0.8625407343049986
22124,0.03458009260271373
22125,0.05507890053117471
22126,0.7227134087554307
22127,0.7670339970442258
22128,0.024111592276336493
22129,0.0747493511233758
22130,0.014772839165724512
22131,0.14406248084827267
22132,0.13863720039961705
22133,0.052000839828341285
22134,0.34174674648439984
22135,0.3191430440817719
22136,0.005429859783933295
22137,0.9280151446972544
22138,0.20488807232583464
22139,0.5367478466607217
22140,0.11250904592024963
22141,0.021030641024657487
22142,0.22101455841631917
22143,0.04770737480775308
22144,0.3066234215379492
22145,0.870542581182096
22146,0.020776953134717956
22147,0.0737923085826389
22148,0.005686173882267367
22149,0.007672178825829166
22150,0.008265326474290064
22151,0.31710439172485877
22152,0.007788011715658394
22153,0.02071956635267431
22154,0.026992027824370123
22155,0.012523637112577637
22156,0.1647139943139244
22157,0.021859802930110226
22158,0.4848898654610188
22159,0.6950618959087406
22160,0.01195276822132232
22161,0.007610755692959244
22162,0.04826073954126315
22163,0.04854193360233747
22164,0.05253231680976984
22165,0.01952094853659059
22166,0.13198907051924744
22167,0.29688326262535325
22168,0.15860121906218014
22169,0.10436475751876464
22170,0.03815210274112943
22171,0.39220750546745403
22172,0.0666168608726191
22173,0.009115540742470106
22174,0.9153050875628141
22175,0.007677888635606858
22176,0.00856282795626024
22177,0.6022630604997974
22178,0.015724859271331656
22179,0.013729903128178674
22180,0.01771556214615521
22181,0.00855960043020055
22182,0.08026121095851264
22183,0.8420700172962071
22184,0.05777163423123983
22185,0.03210808026238677
22186,0.8517215926338956
22187,0.7829356384361492
22188,0.053629630368237605
22189,0.43862419398568764
22190,0.004221206251728052
22191,0.5401071083731596
22192,0.31188073649537346
22193,0.41907911227694794
22194,0.1385395502919298
22195,0.017625573470458195
22196,0.025563210284441924
22197,0.4686972617453562
22198,0.17087872309001498
22199,0.032074541644088135
22200,0.7778103527659003
22201,0.20949935588510582
22202,0.0036336982774496126
22203,0.04340978347992501
22204,0.0202136649617369
22205,0.15188843568810897
22206,0.05899479415070025
22207,0.7827170474112051
22208,0.015347099776072189
22209,0.3959860671605618
22210,0.029020642023010957
22211,0.6059039890792621
22212,0.04080085156651522
22213,0.028708562529638746
22214,0.04461543241154794
22215,0.009917632311322535
22216,0.6714871111017251
22217,0.008209002895140665
22218,0.1131105723743885
22219,0.011114527652688217
22220,0.8624503710037619
22221,0.004455922006984315
22222,0.05155080910067937
22223,0.4583574163294528
22224,0.0426890659134742
22225,0.09053946868513853
22226,0.004313811013864439
22227,0.010214563971023195
22228,0.7461593239135335
22229,0.05572017980461612
22230,0.6084982315657852
22231,0.5877033164374043
22232,0.22853971434988773
22233,0.017559749255643697
22234,0.08597380085598592
22235,0.016457524603671995
22236,0.08678592963095748
22237,0.02804082479734947
22238,0.8477137371064344
22239,0.08019395425098337
22240,0.006645910670888027
22241,0.08662990174993877
22242,0.026484166603038165
22243,0.0076238640985576145
22244,0.01066651787143965
22245,0.04340445436313872
22246,0.19466901595558017
22247,0.028525385112844893
22248,0.044679021848313655
22249,0.03797489815931283
22250,0.025352796625795086
22251,0.01283263899860241
22252,0.8766751111562031
22253,0.03519980195223603
22254,0.04289866517528361
22255,0.008603116004991682
22256,0.08700317188113113
22257,0.11172939650964019
22258,0.11656895562055929
22259,0.00875185258545115
22260,0.033373081349145545
22261,0.009565180825801683
22262,0.3840817045581349
22263,0.9535665892596874
22264,0.010366586798514335
22265,0.00613354372107254
22266,0.01119499694774591
22267,0.028129324901928997
22268,0.173886610971381
22269,0.007932863594970438
22270,0.01610016016116212
22271,0.006085570148447369
22272,0.07505099679204744
22273,0.36693804575686356
22274,0.018272419460211277
22275,0.46736304306041754
22276,0.41259873371084355
22277,0.8927935214267105
22278,0.37252567643378537
22279,0.02694728970426147
22280,0.8553784511896989
22281,0.4366004126061793
22282,0.416705042147995
22283,0.804569404777777
22284,0.11469278006727862
22285,0.016518885000462637
22286,0.019330130993297882
22287,0.06897879802409211
22288,0.25165615408979725
22289,0.016023818480280966
22290,0.0048393548843779655
22291,0.02845807106513848
22292,0.049652252404185554
22293,0.9657514846354772
22294,0.035006903241145394
22295,0.06171917182446129
22296,0.8601759983120296
22297,0.8929781777405595
22298,0.9206696843018904
22299,0.07747669755974693
22300,0.02147295050145026
22301,0.019629263130350415
22302,0.04379077392888092
22303,0.7357459243083702
22304,0.017664215044247537
22305,0.2284538245770232
22306,0.06062437423522022
22307,0.004184331432499726
22308,0.7709884891666284
22309,0.08903137595257382
22310,0.9380874860998369
22311,0.020619690263052836
22312,0.7795480534587773
22313,0.008839892702668356
22314,0.010599505372876104
22315,0.03440213774253434
22316,0.060430109885397376
22317,0.1973828515448664
22318,0.949362584978366
22319,0.34129436760649307
22320,0.577721541302234
22321,0.013729917064604549
22322,0.039977977391552656
22323,0.0061844458493825446
22324,0.018332280675237924
22325,0.07057156482143077
22326,0.6085956463592072
22327,0.28792093364134363
22328,0.014866056140158086
22329,0.19872473198768542
22330,0.6862828484837212
22331,0.23600534255442152
22332,0.06972781467429394
22333,0.06536563048918996
22334,0.1137753603124502
22335,0.15738976457913334
22336,0.18126570396952768
22337,0.01483315186688505
22338,0.12835665495547038
22339,0.14111684602407162
22340,0.04764688777968474
22341,0.024645706194310397
22342,0.021119211722612344
22343,0.013855381187354148
22344,0.06170414662160701
22345,0.025515066289188225
22346,0.34010337934978246
22347,0.7443265431941386
22348,0.8980469547092736
22349,0.9178659878412563
22350,0.06033852476215972
22351,0.06699263012228476
22352,0.07493380566625
22353,0.009939444509679225
22354,0.06682829588219905
22355,0.27369242859586457
22356,0.2828897460401117
22357,0.025013143978932745
22358,0.03891600085307665
22359,0.01610048823860697
22360,0.42857473735053064
22361,0.04588918564995919
22362,0.02766519859077636
22363,0.39555003303563024
22364,0.011646677333495272
22365,0.06022061070893167
22366,0.05800286765373845
22367,0.0527940725168844
22368,0.1620771159060743
22369,0.01708103190916063
22370,0.03107592449464719
22371,0.9630435348395314
22372,0.8972007062889079
22373,0.27159901443528933
22374,0.7615218920101358
22375,0.19447323559262297
22376,0.706578906347525
22377,0.040381285000555704
22378,0.3282441353818823
22379,0.8232996769534726
22380,0.023291888803741476
22381,0.8176595602204934
22382,0.03264356736260303
22383,0.9663917598494748
22384,0.06912590293683928
22385,0.6728310207611174
22386,0.07303808246054892
22387,0.9771562914897441
22388,0.042795105128101994
22389,0.24175819747592436
22390,0.006361747089710262
22391,0.030447515352669607
22392,0.05784707038157006
22393,0.24065600455097344
22394,0.982840297931196
22395,0.03293921200997027
22396,0.10145875615286613
22397,0.7043933742640671
22398,0.01884394649122715
22399,0.7543558511222483
22400,0.2758651654546162
22401,0.22987235337551135
22402,0.07480350200315386
22403,0.29462534282927666
22404,0.021179516543222553
22405,0.246502919508773
22406,0.05531163489450349
22407,0.013019501983538401
22408,0.009307381415875594
22409,0.07335135105654425
22410,0.2784133795648608
22411,0.692557654542189
22412,0.6222752838685994
22413,0.014751568822540154
22414,0.06465829516391804
22415,0.11414782918902953
22416,0.0076218030211785935
22417,0.10966645978611729
22418,0.5287487371089523
22419,0.06150319965895987
22420,0.6704372551566313
22421,0.9636724947283017
22422,0.2307845442853888
22423,0.010426336542526941
22424,0.011189072100004393
22425,0.9034718705157446
22426,0.23925956191451755
22427,0.015021006246124935
22428,0.42486536215328763
22429,0.1106148763517365
22430,0.9789597946531964
22431,0.04142163965389312
22432,0.506515719801151
22433,0.09812180501200399
22434,0.028609698656815893
22435,0.10057282089865956
22436,0.2977081102796575
22437,0.010447170171270212
22438,0.0953920394799259
22439,0.0057370564194601376
22440,0.007050524923997336
22441,0.009920893120861028
22442,0.11038460851955381
22443,0.01571491028892497
22444,0.0057329650333805245
22445,0.013294979749820567
22446,0.07821179678550648
22447,0.019746377754132818
22448,0.8275881740386128
22449,0.029862122367931673
22450,0.23153998520644858
22451,0.07765199319506477
22452,0.5029009804330214
22453,0.012188756276226913
22454,0.05213209313799819
22455,0.006505286098719544
22456,0.9625421262519601
22457,0.42524562322400034
22458,0.01452359980647149
22459,0.043200462324788566
22460,0.010484013181845758
22461,0.008815942726316625
22462,0.10103687410133984
22463,0.027938403052296057
22464,0.5487510926217556
22465,0.6212561805062592
22466,0.2832170332842435
22467,0.00867848457999123
22468,0.01198092923133197
22469,0.021570937028973974
22470,0.3782531109040627
22471,0.5503373097705775
22472,0.8594071786555
22473,0.014442007790490248
22474,0.06915058132217326
22475,0.14150300085472442
22476,0.006330082426356621
22477,0.005854122994548988
22478,0.48120838952337786
22479,0.03928596584210472
22480,0.10487706037840858
22481,0.13807203485666858
22482,0.09576372004724219
22483,0.011847564467376673
22484,0.34931805519362424
22485,0.013307962845854473
22486,0.7545162109607723
22487,0.89188889805731
22488,0.9376746357139687
22489,0.9828264206814211
22490,0.06867344681983788
22491,0.005415772651306992
22492,0.09962904425900342
22493,0.06702067986653683
22494,0.13093374840634975
22495,0.5807978799884822
22496,0.026426344781747838
22497,0.008628486623410944
22498,0.1987777376717649
22499,0.00846532947681459
22500,0.022454717167168535
22501,0.007711247460852131
22502,0.03294139144715074
22503,0.013996875095072548
22504,0.15228838560899316
22505,0.014957687086904464
22506,0.9031177635521166
22507,0.44076749120324477
22508,0.00937110930603207
22509,0.913788849840609
22510,0.040068140499902094
22511,0.7789468938931924
22512,0.057436474253361784
22513,0.0076292065615076576
22514,0.08047866576035413
22515,0.5955973054627078
22516,0.009775728218026417
22517,0.5547022103186532
22518,0.02473923902199095
22519,0.015861839738169292
22520,0.9515457459889707
22521,0.07523527606840526
22522,0.04326697566939827
22523,0.2685707474216704
22524,0.07079946863461868
22525,0.041895060390903426
22526,0.0246121859877166
22527,0.9756336495935668
22528,0.029314875443379435
22529,0.934369208428884
22530,0.17943889324960022
22531,0.13547300747275218
22532,0.1203844966597904
22533,0.09054504377733671
22534,0.09577868054260417
22535,0.39006469513023917
22536,0.2688937915837554
22537,0.012537623464465538
22538,0.12624779282232843
22539,0.21502953802419558
22540,0.005212605890216104
22541,0.027562334242118056
22542,0.027585286643500927
22543,0.01826132532542424
22544,0.11385892943167797
22545,0.007551580566711978
22546,0.8360788330446968
22547,0.008513607045523784
22548,0.7646148150806384
22549,0.015553416547329588
22550,0.2563472242845657
22551,0.7023922185722711
22552,0.07391541284806695
22553,0.013389505221295275
22554,0.7476468478369038
22555,0.5236839865219053
22556,0.0096738516775381
22557,0.055416081191304735
22558,0.292866566868063
22559,0.12639554809007034
22560,0.27160352591947234
22561,0.076160440241612
22562,0.004362947576450752
22563,0.1288108955095356
22564,0.9347697081743711
22565,0.6118667538103707
22566,0.38218224145966717
22567,0.004556294870364701
22568,0.14744101201391913
22569,0.05001947132962282
22570,0.0058823006292280395
22571,0.17644867694547328
22572,0.05834772730555831
22573,0.10429661465149344
22574,0.006284884048164998
22575,0.2001427529269835
22576,0.8032189293810226
22577,0.223555418402643
22578,0.3159757427436481
22579,0.005947949097591963
22580,0.4614605175468594
22581,0.00501012283016351
22582,0.3026060809259434
22583,0.41490931656261015
22584,0.9554701978072377
22585,0.014833661683346148
22586,0.007584244001620911
22587,0.027817433306810385
22588,0.07862163327444176
22589,0.13667835507644702
22590,0.9193308828296503
22591,0.07922008344839353
22592,0.011334086745183715
22593,0.01576974099498029
22594,0.12816739697754342
22595,0.4964439462381525
22596,0.07753030679883492
22597,0.25140499898067775
22598,0.39306807240263864
22599,0.03245489278946839
22600,0.012599403464746396
22601,0.10011810271499971
22602,0.021497562687683443
22603,0.984706685558859
22604,0.004028043832353726
22605,0.015161981606199247
22606,0.1099066056416816
22607,0.07491545158643978
22608,0.8697944125374095
22609,0.015232470340536389
22610,0.06303651385031987
22611,0.01303452090523737
22612,0.8561060780032697
22613,0.040201306046273366
22614,0.8901122685959496
22615,0.018143758826111005
22616,0.14492995708328768
22617,0.020370316892725535
22618,0.03101395801656305
22619,0.9598684767601373
22620,0.9353869985631186
22621,0.01329667720205223
22622,0.03787775661027533
22623,0.026407866724883336
22624,0.2900397585061231
22625,0.005910170633893441
22626,0.04748683298542195
22627,0.9199145635967352
22628,0.135203598017757
22629,0.06069833924782211
22630,0.8979005477837674
22631,0.018163119196570623
22632,0.8889028319522314
22633,0.11560720252835979
22634,0.5774654030015255
22635,0.19128199520684272
22636,0.2910175921524093
22637,0.8312566136438455
22638,0.09830610813418743
22639,0.14459705257875807
22640,0.4228330129405867
22641,0.1865590099936124
22642,0.0059567611092845585
22643,0.015412072560112665
22644,0.010476943615185344
22645,0.02937130880483687
22646,0.005411606107198836
22647,0.16149354807862215
22648,0.018285623555675822
22649,0.8864325155193616
22650,0.004315201145783737
22651,0.012599831917103376
22652,0.023344657970547595
22653,0.17913985462276255
22654,0.7691773639420286
22655,0.03320576966120586
22656,0.3853033741547647
22657,0.012781818808647675
22658,0.03679351360471951
22659,0.6403563706870602
22660,0.010197588096058342
22661,0.056699346967365165
22662,0.8470042585340833
22663,0.21088283958311912
22664,0.004744194149843402
22665,0.019263157584800534
22666,0.005573143692298136
22667,0.04343084317144096
22668,0.0355900480065183
22669,0.018365720302080578
22670,0.00913589284908859
22671,0.014163592993652325
22672,0.07404402678444291
22673,0.015644638319472166
22674,0.016779627974297405
22675,0.17840548336861445
22676,0.012513811548881308
22677,0.7472042414018996
22678,0.007139682478129332
22679,0.03654332442985327
22680,0.15697160934018622
22681,0.006668170533619365
22682,0.08884168928270678
22683,0.020152231162088072
22684,0.00875376211435623
22685,0.27491918531346193
22686,0.5265956116400183
22687,0.07326089960039653
22688,0.020975332374494886
22689,0.08662995429724506
22690,0.058507283052480166
22691,0.04442020663710165
22692,0.9303387519397545
22693,0.26307243207211695
22694,0.8567742303523503
22695,0.4061187810522767
22696,0.4842493274685997
22697,0.11475345683825879
22698,0.010124863671284788
22699,0.012042082856258143
22700,0.007236649451796274
22701,0.3487275058707808
22702,0.006014316377122108
22703,0.07293469541017923
22704,0.010859088204346055
22705,0.018246182183054148
22706,0.17726739395543917
22707,0.06811593725845239
22708,0.01631971477118663
22709,0.014936791065381483
22710,0.6163346533888413
22711,0.18153037688802198
22712,0.008570871338011331
22713,0.6228777038608891
22714,0.09203128019088976
22715,0.19889487501122027
22716,0.006230380223781838
22717,0.10539661091412805
22718,0.0554336541570253
22719,0.09434892032417765
22720,0.05018868613387983
22721,0.04600294350574647
22722,0.11189797375104914
22723,0.06823913960424748
22724,0.42379908401809396
22725,0.020378202010757095
22726,0.14728806936535913
22727,0.028445617578041923
22728,0.060597233226461
22729,0.005718722247910069
22730,0.015485022460979497
22731,0.24524935536475118
22732,0.09012733243672234
22733,0.5110758881286295
22734,0.02634906718729481
22735,0.0037075374085329916
22736,0.18112023391544874
22737,0.029852513790054647
22738,0.008421701443863767
22739,0.005787397977998659
22740,0.005489390614876414
22741,0.03166111000667042
22742,0.010078613661730674
22743,0.006116054078627502
22744,0.024237440097814405
22745,0.04452923634721699
22746,0.022557381303898113
22747,0.0347172645615769
22748,0.6478187759281103
22749,0.7075344086344226
22750,0.015310054874205815
22751,0.009808371385379445
22752,0.012825919863671318
22753,0.4306760018297066
22754,0.11736170971899666
22755,0.13735263719389768
22756,0.003752563040528555
22757,0.012984693472675503
22758,0.7839113481602358
22759,0.09322487712299447
22760,0.008633049128357382
22761,0.024934131582777772
22762,0.03361729724344837
22763,0.5965735153189072
22764,0.02084685952964171
22765,0.9050907762545694
22766,0.11423609012030204
22767,0.05338575094978816
22768,0.04338480313583417
22769,0.003741319665543109
22770,0.2853753803803739
22771,0.1430227140253633
22772,0.029487442816539974
22773,0.6934417131745017
22774,0.46981902625180444
22775,0.05325708050192384
22776,0.6633640233175835
22777,0.006632611766834949
22778,0.1256634243017154
22779,0.010726409829792134
22780,0.1124702548847696
22781,0.44853340975100103
22782,0.00738215815476149
22783,0.018618429431992333
22784,0.06121420528303814
22785,0.015427895859956235
22786,0.07978652195535699
22787,0.7562576195888339
22788,0.011030661447029057
22789,0.6737800976593596
22790,0.3259851819070751
22791,0.0063952097465566965
22792,0.04469763757815031
22793,0.01372654650904072
22794,0.011215891678845583
22795,0.300507453071734
22796,0.6391366135438332
22797,0.013736821917623135
22798,0.015008975296430135
22799,0.0912795561876377
22800,0.04759353470168341
22801,0.008283572963453915
22802,0.04193720378757294
22803,0.03598515133984475
22804,0.08735630521619143
22805,0.013955357531338785
22806,0.014544388396872632
22807,0.023722927963096548
22808,0.11879046736117814
22809,0.08953492001434271
22810,0.13982244720509035
22811,0.015845188188285893
22812,0.00666714758783862
22813,0.006646595599956774
22814,0.8933240323862639
22815,0.6209238396676754
22816,0.04470719701671144
22817,0.03230412371914705
22818,0.10880921772679963
22819,0.1195995933884064
22820,0.0631621971303211
22821,0.013417144609050644
22822,0.4538093248310303
22823,0.0062307434946254564
22824,0.03411037331744363
22825,0.01184656777368324
22826,0.35686966824745436
22827,0.08642609734568317
22828,0.04310979645812594
22829,0.05585368616611635
22830,0.007077698880077457
22831,0.01643626931015369
22832,0.03020011767711662
22833,0.1770357108519724
22834,0.8188542544754821
22835,0.9235488314051418
22836,0.07931739233267353
22837,0.05870057420272482
22838,0.40636265232535096
22839,0.664496454147746
22840,0.5672099635760797
22841,0.010380621972468997
22842,0.007253250847593702
22843,0.012545736715579018
22844,0.06406252416776555
22845,0.6793266779726753
22846,0.8234631367062972
22847,0.004412682351853053
22848,0.7765014608193026
22849,0.01477278867232675
22850,0.04844901147133568
22851,0.15293965399769757
22852,0.005278748861091785
22853,0.8077183387714034
22854,0.17207434152298853
22855,0.16769527043590643
22856,0.028155080931052817
22857,0.5878096710033485
22858,0.8391462472163898
22859,0.014193784139852086
22860,0.043971079624201125
22861,0.01600483022101764
22862,0.9595827183129086
22863,0.010728407794957755
22864,0.2275902512646514
22865,0.16945916264824207
22866,0.12566238907915742
22867,0.010456769043314313
22868,0.06235461804980675
22869,0.7821418852418206
22870,0.007726406055451441
22871,0.03313433469082391
22872,0.02074632392407699
22873,0.01900307756232784
22874,0.07420261982409852
22875,0.638211646879243
22876,0.3980442508866738
22877,0.9698217778278603
22878,0.01511818564291065
22879,0.07314045167051422
22880,0.9087608376485684
22881,0.08625741974043541
22882,0.1759943194042418
22883,0.13384301958940945
22884,0.11563759319777298
22885,0.68582458923961
22886,0.1425755768645344
22887,0.27144259849866165
22888,0.09047217059391537
22889,0.004389510948639369
22890,0.13854536288901434
22891,0.021792482702211215
22892,0.1890635591283935
22893,0.611113230919551
22894,0.336701465218573
22895,0.025444889473830053
22896,0.4830833267637903
22897,0.014691641314187874
22898,0.32474789685994393
22899,0.9212930162424464
22900,0.034648471546789954
22901,0.10535309584959238
22902,0.012896502630963013
22903,0.9414828873485145
22904,0.12274216324840169
22905,0.12441507331567896
22906,0.13369488651238065
22907,0.10496401302179016
22908,0.010963770711887253
22909,0.0525300345639993
22910,0.35105907547360954
22911,0.11152728789652706
22912,0.13202761255919285
22913,0.014547662682702895
22914,0.017996361494235454
22915,0.09328516456112505
22916,0.0474081505040315
22917,0.010567857016645926
22918,0.011978608718875934
22919,0.8557272175944455
22920,0.01238857600949239
22921,0.8657435660091828
22922,0.4832958348869381
22923,0.06958037398469286
22924,0.010751396277583175
22925,0.015580516339544642
22926,0.014917931387779484
22927,0.01809482632845703
22928,0.018464173525812408
22929,0.04955471666714112
22930,0.05494935597239072
22931,0.024476154762759328
22932,0.06603544946634163
22933,0.9086918191714558
22934,0.012813934613360679
22935,0.01127468878766417
22936,0.7271430968138979
22937,0.03726019578539281
22938,0.07069310196858765
22939,0.3053055784970734
22940,0.03677497823893929
22941,0.9392421233718232
22942,0.004111096064424169
22943,0.008700944552405528
22944,0.014136381386684134
22945,0.031490062206301316
22946,0.01207905176033206
22947,0.1006504909572639
22948,0.011444449801003054
22949,0.1789855373062828
22950,0.036979605334928986
22951,0.019510950239536754
22952,0.09343108941616202
22953,0.8926988995250384
22954,0.014335988943163933
22955,0.016269759686942196
22956,0.12060537482534765
22957,0.005538459977809093
22958,0.044115965145016936
22959,0.011931138391021234
22960,0.42015227524469606
22961,0.00725881345044086
22962,0.35112721284093223
22963,0.13007362574333034
22964,0.006662857369094687
22965,0.017166064974676643
22966,0.10270298616451891
22967,0.010870621930323912
22968,0.910987107394785
22969,0.007545068426475516
22970,0.3651507178979166
22971,0.023125220056889818
22972,0.031394175910518206
22973,0.03134760200835542
22974,0.28130171680289406
22975,0.15041364825780465
22976,0.010539342292620926
22977,0.005552041942965913
22978,0.014342687592821885
22979,0.34797620449068206
22980,0.29105127074096526
22981,0.006903090017007552
22982,0.2422034625155367
22983,0.0729179228440124
22984,0.1343025985040769
22985,0.010248478670066624
22986,0.007547407087081773
22987,0.007646003511542354
22988,0.18595673144057898
22989,0.6097874286517776
22990,0.007899655015976193
22991,0.04379810325223597
22992,0.04650073910748121
22993,0.012372634717144608
22994,0.011576379781062539
22995,0.006190488213127542
22996,0.016184972945470427
22997,0.016731929638313464
22998,0.01763590973039954
22999,0.08303818649241054
23000,0.019648201396823686
23001,0.4126034230453943
23002,0.46292076151933825
23003,0.15107051950128061
23004,0.2019826593844215
23005,0.012914825856477331
23006,0.008750861979889123
23007,0.15769832878823614
23008,0.11502480413739019
23009,0.9810328060826651
23010,0.006267877131022299
23011,0.011448736756044563
23012,0.2934324907042712
23013,0.8923840338524127
23014,0.009205930906232888
23015,0.5360571251083261
23016,0.19803648172369834
23017,0.8863814282735363
23018,0.14299080814183798
23019,0.003808694438513832
23020,0.008577712120015854
23021,0.9513509395524631
23022,0.00834675647748381
23023,0.24664602890126647
23024,0.9076188347336279
23025,0.0832581955004339
23026,0.5077248740370286
23027,0.24294313220417973
23028,0.07022959972318359
23029,0.27139090288891315
23030,0.09331024808390001
23031,0.14130073651239658
23032,0.19981814355785618
23033,0.054253128082371004
23034,0.015970550013187014
23035,0.010514079044116668
23036,0.34162334393003746
23037,0.08892551965910375
23038,0.00604932655024225
23039,0.18087085885407905
23040,0.9723021844310105
23041,0.01621439241431966
23042,0.15036718402959062
23043,0.17490881755809595
23044,0.005689477824634959
23045,0.931500973678137
23046,0.04132586423344374
23047,0.025700964020835857
23048,0.012794270525974248
23049,0.03401433255166226
23050,0.933407277757245
23051,0.21081202088259707
23052,0.10166512270357606
23053,0.006542083492984545
23054,0.005860259995249426
23055,0.8570462084159677
23056,0.01933685041923762
23057,0.3906612349117318
23058,0.19320191204499926
23059,0.006015191685519697
23060,0.019311080754297213
23061,0.038375130221623324
23062,0.05908888045490934
23063,0.15428079281167717
23064,0.8366140188905179
23065,0.09463907810436728
23066,0.5057392722050249
23067,0.1433524998913276
23068,0.8751803857287604
23069,0.007487904135142926
23070,0.007644251209875292
23071,0.8552431753487535
23072,0.28841149007450617
23073,0.5320080761686845
23074,0.037712464125091466
23075,0.015612253425305566
23076,0.06770969374761034
23077,0.022210017600031034
23078,0.026111097664961187
23079,0.07553436544390939
23080,0.01262697901607322
23081,0.10051638307224446
23082,0.004431568417214934
23083,0.01772925584810586
23084,0.6397123781549736
23085,0.01834106946447621
23086,0.006932134269086122
23087,0.752956997557614
23088,0.1002397833550338
23089,0.13058013037244792
23090,0.006503515127369337
23091,0.12885671439969515
23092,0.006390764320378336
23093,0.2875930069150154
23094,0.20133249696614317
23095,0.006160151177316805
23096,0.04022620817443202
23097,0.04173057307140794
23098,0.34682186957142974
23099,0.017360564543926628
23100,0.023497612637988143
23101,0.8710060720196573
23102,0.04493481309816935
23103,0.020652324572478724
23104,0.011554600337925287
23105,0.37970938264650966
23106,0.006014033781353935
23107,0.00918062154508946
23108,0.005587085304679989
23109,0.7600351309066564
23110,0.13235007778095975
23111,0.008818231671428289
23112,0.08655152154120685
23113,0.0851408759964778
23114,0.0056631001615425405
23115,0.5542815501290493
23116,0.10782259439022979
23117,0.8765188118556214
23118,0.009580816381803511
23119,0.007032258683063626
23120,0.0173289416600406
23121,0.012674267087841067
23122,0.004047014081568452
23123,0.2816283437333781
23124,0.9745726782735724
23125,0.2294966097934276
23126,0.06531233825363902
23127,0.010395288050550903
23128,0.063201756922947
23129,0.8931560785577102
23130,0.006144947991041442
23131,0.05681670306415901
23132,0.021396686542388257
23133,0.30916213272297133
23134,0.6736106134995954
23135,0.3984629042045328
23136,0.1760574028563217
23137,0.23559123906052257
23138,0.30218087203585037
23139,0.003978579420832963
23140,0.7305509842264001
23141,0.03998772052611864
23142,0.5275261714040635
23143,0.017112563137141257
23144,0.9088007883555028
23145,0.0337362195713086
23146,0.7486063799721607
23147,0.05734447997985602
23148,0.011681156370079163
23149,0.005219851201460148
23150,0.04566254410561983
23151,0.0058485313437083835
23152,0.012063960010553596
23153,0.17162833876509742
23154,0.6225717801209725
23155,0.14978337796238012
23156,0.008483499081284747
23157,0.07696440186237934
23158,0.0921918866971988
23159,0.06320683140221105
23160,0.14596265421301213
23161,0.09305220694116763
23162,0.9248101413644471
23163,0.23352703164196556
23164,0.0061617376183383385
23165,0.009893438252696837
23166,0.9376187566976347
23167,0.08147363860091135
23168,0.5203188471939342
23169,0.1302270538019989
23170,0.03089012139549054
23171,0.5719423274409495
23172,0.38575799420217066
23173,0.04170543957051003
23174,0.03615657723556988
23175,0.004125425421415684
23176,0.3726298762674865
23177,0.05709689105593327
23178,0.8624732805231861
23179,0.005371703587452167
23180,0.020944457151281442
23181,0.5784822372641792
23182,0.16296002051865907
23183,0.868158057840609
23184,0.09759580165075003
23185,0.033438893480247096
23186,0.012138943419725075
23187,0.8914863797136778
23188,0.01266978121459272
23189,0.06516239201851116
23190,0.03135680392782308
23191,0.025937130804649152
23192,0.12458284013755085
23193,0.006604550608285298
23194,0.004427280666730583
23195,0.13754620890335734
23196,0.021338399107980455
23197,0.46279218139458567
23198,0.05927728385325579
23199,0.19752795043999213
23200,0.9501501630699681
23201,0.016264368557636386
23202,0.49680866847194427
23203,0.2015222507452882
23204,0.03653794102905363
23205,0.020326625260979777
23206,0.9415771365695332
23207,0.11957795203712206
23208,0.3844734758325773
23209,0.006119460163061469
23210,0.2605119178466896
23211,0.08388256538825686
23212,0.22101279789181155
23213,0.08411154408858247
23214,0.03490844996746048
23215,0.012067326668971444
23216,0.11090499862633071
23217,0.2003223409714541
23218,0.4826334212052207
23219,0.008297282802595144
23220,0.049114512631429165
23221,0.023399018642073267
23222,0.013658831408802015
23223,0.12195440913805762
23224,0.5023020309198348
23225,0.021613062162692605
23226,0.07061242831925268
23227,0.005248166179543198
23228,0.0104261895245201
23229,0.029801405435605804
23230,0.06006676565725538
23231,0.04434295473062112
23232,0.016114415438366326
23233,0.016693796114269736
23234,0.06488742612067319
23235,0.40974599908613596
23236,0.07941241834760296
23237,0.028802649746798144
23238,0.03576482792648896
23239,0.07271022677044275
23240,0.9073398136935249
23241,0.0057574624829432
23242,0.035484499931864845
23243,0.31129117593806527
23244,0.13270916758047926
23245,0.7582750003599098
23246,0.7208910300493265
23247,0.16158681621727117
23248,0.012673676054655261
23249,0.5456411095948446
23250,0.4712025377909136
23251,0.02653050362617885
23252,0.05524164680366268
23253,0.11985284445561675
23254,0.03811800560917393
23255,0.012549456622504796
23256,0.03213379922619397
23257,0.015303381179908206
23258,0.14870972100053925
23259,0.17789662003909273
23260,0.9804435405233255
23261,0.9026400453760098
23262,0.02221519256770699
23263,0.08067741778190124
23264,0.016335024457154724
23265,0.012003144536513034
23266,0.4140993942643495
23267,0.21569605165349987
23268,0.8409691910709611
23269,0.022387068948907917
23270,0.6798960244058975
23271,0.2851076435886852
23272,0.013061177854440862
23273,0.15517622015277635
23274,0.13944524647372947
23275,0.013001518758807222
23276,0.9722873259087361
23277,0.09694009028465589
23278,0.18564771363887686
23279,0.5475484970204767
23280,0.6952636758318828
23281,0.37368451730053276
23282,0.9803729308263871
23283,0.02713876916695971
23284,0.6647825795067797
23285,0.018737361421324903
23286,0.007589275789115549
23287,0.053131303619404366
23288,0.019076584883558966
23289,0.06293615842528767
23290,0.060285712410835475
23291,0.13842865060945567
23292,0.10707345410024773
23293,0.005499133042316478
23294,0.051979800670434555
23295,0.04649549470690507
23296,0.5323673718354184
23297,0.15316928145197897
23298,0.24326912811241666
23299,0.009869325536069257
23300,0.018196939443736203
23301,0.6813017805881164
23302,0.7998181669971619
23303,0.43915362094565114
23304,0.8171506633317992
23305,0.37319153026191804
23306,0.47238837556391927
23307,0.005127180794997857
23308,0.8687410713763594
23309,0.1217089208973859
23310,0.0033946599116742382
23311,0.46839031134486014
23312,0.17219218909079756
23313,0.013854366129784275
23314,0.20741400632548662
23315,0.014722430010624791
23316,0.43070814154645576
23317,0.6619436794551096
23318,0.039049620260461916
23319,0.4406157832209976
23320,0.7693763829900382
23321,0.19958290070409948
23322,0.5103809580785573
23323,0.010736847879664816
23324,0.1141687713341291
23325,0.00710483553136099
23326,0.01862681582521911
23327,0.006114312423656665
23328,0.8234917625172316
23329,0.1485290626681657
23330,0.02715398841757067
23331,0.005790242140578953
23332,0.10308143058333602
23333,0.25930873179444425
23334,0.05725303529659188
23335,0.10389190371894334
23336,0.007602428487132265
23337,0.08835790892613186
23338,0.7739443710728502
23339,0.7172900701688452
23340,0.34146461427435615
23341,0.42851885701865894
23342,0.015630923114715336
23343,0.04164864070272467
23344,0.059272223736413304
23345,0.24395292010804587
23346,0.23639658473708866
23347,0.07140758813603759
23348,0.05034895592195202
23349,0.011603326903522213
23350,0.09928109737818255
23351,0.8869173731910711
23352,0.014348054959205927
23353,0.07350320785819704
23354,0.27983590864796865
23355,0.607960466413515
23356,0.03561000652508251
23357,0.19549550802816798
23358,0.908635508332467
23359,0.05536075392327102
23360,0.036775910694721435
23361,0.05595877700542603
23362,0.07884126023825855
23363,0.15673003533311786
23364,0.3288917319100565
23365,0.5494357359619166
23366,0.010282251143707209
23367,0.02187410710175439
23368,0.1566589257825174
23369,0.14773592491447587
23370,0.0439893826902236
23371,0.19031620062413868
23372,0.30586410237021294
23373,0.02332643203759929
23374,0.07986703337296423
23375,0.04100444088302924
23376,0.9712675253771564
23377,0.007764548651377222
23378,0.9331167473714621
23379,0.420742464306187
23380,0.00583790276670237
23381,0.1316256956475648
23382,0.015460934276859793
23383,0.5721347606855203
23384,0.005503702180646191
23385,0.11915839790995815
23386,0.04658491997399522
23387,0.6384346133136491
23388,0.6792184523995235
23389,0.31880843669235337
23390,0.9344382917256612
23391,0.01862496201870511
23392,0.010955443239017622
23393,0.10071918027092196
23394,0.2802457669254568
23395,0.008683042950434932
23396,0.10424191061093248
23397,0.6776240955228563
23398,0.022746817355037696
23399,0.3141886406828132
23400,0.10828289604380491
23401,0.007466707431823466
23402,0.10770905182308722
23403,0.4517035595765411
23404,0.07540860261022081
23405,0.6033932270108976
23406,0.9780657541065456
23407,0.02109406354202407
23408,0.09797241754178918
23409,0.29597539330760586
23410,0.02334477815357414
23411,0.11088202602358552
23412,0.08957188020772969
23413,0.025145355813591938
23414,0.019594042668414604
23415,0.010584267357714887
23416,0.03597741220240715
23417,0.02288513610398154
23418,0.019874167459977204
23419,0.003996202321029472
23420,0.0068983477880557925
23421,0.6552786758492892
23422,0.25901440865851955
23423,0.014750244479030249
23424,0.01954976388372402
23425,0.25421522222278803
23426,0.02244890132983939
23427,0.011249006015393926
23428,0.035353236415794506
23429,0.01372405173356117
23430,0.06651256529514073
23431,0.5659155093924332
23432,0.014284302143245957
23433,0.5008933436992761
23434,0.12460290964385139
23435,0.01982225915596727
23436,0.5677088435756479
23437,0.0532337995938299
23438,0.09571796308158544
23439,0.2545360244766682
23440,0.20131698265457865
23441,0.0063560342124470825
23442,0.40896089150175213
23443,0.042715872201969034
23444,0.23718908545577322
23445,0.015071526660653367
23446,0.08080457512492038
23447,0.010796144994787139
23448,0.3301675308891773
23449,0.3568750579632258
23450,0.013222157487604426
23451,0.010743030873970457
23452,0.013619745146235837
23453,0.7497177809141579
23454,0.9546176676831101
23455,0.007655281945307168
23456,0.008259291794743662
23457,0.930239440839734
23458,0.2600130099064126
23459,0.13906091372055715
23460,0.020695420478419678
23461,0.05206676253503123
23462,0.01903419598989202
23463,0.23840226093931646
23464,0.013908852963640672
23465,0.3659956231457597
23466,0.2168035857386328
23467,0.018127785907114963
23468,0.06473424740623145
23469,0.03660295716960742
23470,0.04530772618330062
23471,0.02019645785438089
23472,0.5742785071847075
23473,0.7468207167761413
23474,0.08320435681431217
23475,0.0041169816110586946
23476,0.6717890520568173
23477,0.4033912964873132
23478,0.12722595475110954
23479,0.08774445803922705
23480,0.012492701267692112
23481,0.12299873813868716
23482,0.0380203413896836
23483,0.004288926030105544
23484,0.9013184692941059
23485,0.01019092670954571
23486,0.006848225799029932
23487,0.010227423926815386
23488,0.004452969676543868
23489,0.021067055748409846
23490,0.14707825018663725
23491,0.004174709036703993
23492,0.514134676585388
23493,0.00592678388186519
23494,0.21842328577518055
23495,0.09700584772086938
23496,0.024529345776399872
23497,0.6552564164080904
23498,0.08138017912802906
23499,0.0571570664180083
23500,0.01635735264994574
23501,0.024531768749424747
23502,0.017125194607148543
23503,0.08648226106459116
23504,0.6612712153025936
23505,0.021628173588525146
23506,0.020813711351409737
23507,0.030860512378794915
23508,0.05458839097655583
23509,0.1549803072126405
23510,0.010410244060080724
23511,0.6858921210125343
23512,0.8549115730986752
23513,0.013701731490890524
23514,0.8570479278615675
23515,0.1382139744098226
23516,0.01252805617348291
23517,0.010934940513309826
23518,0.006911422138178123
23519,0.018894084593444122
23520,0.1217805580906933
23521,0.8541853321865263
23522,0.0353067757092564
23523,0.0554767817393598
23524,0.00765177559144081
23525,0.5958915173053927
23526,0.8751079744524219
23527,0.21252519170284828
23528,0.08407617145380557
23529,0.07086023076281969
23530,0.7657935449781268
23531,0.2786753568167455
23532,0.061170137910112214
23533,0.1599408640905547
23534,0.008026564406544198
23535,0.049427376091114895
23536,0.016737115563062316
23537,0.004612257934880142
23538,0.5441845376591692
23539,0.00904082686870395
23540,0.1852217488030214
23541,0.008255114896390022
23542,0.04058134507617295
23543,0.011702104105632508
23544,0.009498564935010145
23545,0.12315682431780603
23546,0.22187936488755114
23547,0.013749543999784937
23548,0.05069599177543635
23549,0.03545823955703465
23550,0.254665463549304
23551,0.0070776336383503065
23552,0.008152515923761147
23553,0.6098335499034898
23554,0.01174815225221649
23555,0.940222907481676
23556,0.08687114175988742
23557,0.07061318657854918
23558,0.012130076994224663
23559,0.050603204527273016
23560,0.021471670076932698
23561,0.9038182987212101
23562,0.00415217774865372
23563,0.1283491756514287
23564,0.01824669825100402
23565,0.33864781766058166
23566,0.0533527992692498
23567,0.26215125113664894
23568,0.07343388455410395
23569,0.6808911677143789
23570,0.9505153386931208
23571,0.8941587373291527
23572,0.01211542362774405
23573,0.005843608808524214
23574,0.006292987997789265
23575,0.014403162326492759
23576,0.0319754381814492
23577,0.011815992841085374
23578,0.010941895973096345
23579,0.7700647777085433
23580,0.6744402233113004
23581,0.05711420673173311
23582,0.007653881279982587
23583,0.004039992572843788
23584,0.007159290885433771
23585,0.01642466203668068
23586,0.028240750964015234
23587,0.00421763185511406
23588,0.038497669019907164
23589,0.18158745553548414
23590,0.006119558414268871
23591,0.04985286949296199
23592,0.016631716307732317
23593,0.010244720908438282
23594,0.0710781063505691
23595,0.9438326421077484
23596,0.31641615457901484
23597,0.8243577716958016
23598,0.26246228701483504
23599,0.020409028134336978
23600,0.05584794698387062
23601,0.07241839153870945
23602,0.11931593025323632
23603,0.01768348786627233
23604,0.04589500961988732
23605,0.008078597983408617
23606,0.7828329521700823
23607,0.8984616965147728
23608,0.019485891990983828
23609,0.048320894318357906
23610,0.12163013391009632
23611,0.01533979111566361
23612,0.09079660375132649
23613,0.14505380874940885
23614,0.0054730496569165565
23615,0.7886419092101146
23616,0.07706449759441887
23617,0.004925743817830392
23618,0.8587335801804066
23619,0.018906646485558058
23620,0.03545126749123523
23621,0.19382708585446348
23622,0.07531002047394933
23623,0.02051837812809556
23624,0.17369782968863748
23625,0.9561418941407341
23626,0.010734635385379443
23627,0.023277359523647793
23628,0.024359152181780017
23629,0.01369192406824326
23630,0.0262013271513615
23631,0.9522395124198313
23632,0.02293059140347307
23633,0.7702402991744862
23634,0.023786280568163003
23635,0.05994799861665976
23636,0.032799819471070225
23637,0.004182681468798975
23638,0.17778106816370617
23639,0.015928893884712778
23640,0.003978698417920604
23641,0.013187099140332526
23642,0.04101564426112877
23643,0.11157700054247612
23644,0.22430169385200066
23645,0.005985022811510039
23646,0.47206681329292954
23647,0.00554309496693944
23648,0.16499464302930725
23649,0.15885191996661016
23650,0.9040400517365597
23651,0.04107001518544616
23652,0.06441363181845289
23653,0.9637955835841855
23654,0.017874892375316205
23655,0.4014933260114978
23656,0.054897144951271716
23657,0.19623605591606835
23658,0.6876074194275784
23659,0.07103094067953734
23660,0.07185529445399325
23661,0.10800595019947708
23662,0.19664779438093802
23663,0.011858152689296346
23664,0.8875695067322115
23665,0.009142568653579765
23666,0.0599308821479041
23667,0.15960929920655567
23668,0.005467665646311996
23669,0.9145059573883864
23670,0.015942748378795807
23671,0.06918882616534686
23672,0.023248819700854694
23673,0.009098115244142266
23674,0.6948655355432236
23675,0.10080033134963817
23676,0.007863933895345399
23677,0.1827049194106944
23678,0.8961139620974199
23679,0.10652217819919636
23680,0.1874972661158593
23681,0.17538234716792717
23682,0.005104185693964818
23683,0.16738494340228957
23684,0.004211718707400629
23685,0.4151366343183847
23686,0.05107230669870484
23687,0.9487093089711565
23688,0.004517829080704405
23689,0.052728446153994114
23690,0.1529355181407488
23691,0.5858164031889803
23692,0.0043654146370133975
23693,0.9142921295100364
23694,0.9200050526659578
23695,0.004360583304455278
23696,0.32584408339943227
23697,0.07752487891750802
23698,0.7032161764570483
23699,0.034458426757741446
23700,0.03712111004284711
23701,0.01910463601739566
23702,0.5627953307876952
23703,0.012904645034896226
23704,0.35520182973770287
23705,0.021271194459784818
23706,0.02181742418562537
23707,0.03419541801552362
23708,0.20469498118194596
23709,0.1076102527593584
23710,0.023941879518537965
23711,0.06341887765074666
23712,0.0069395601458001055
23713,0.20988510958736276
23714,0.7074119221501425
23715,0.9184287083673079
23716,0.06145506373812471
23717,0.19444564777199763
23718,0.007114209784899036
23719,0.05819685672204273
23720,0.18781376942907116
23721,0.010896759721467112
23722,0.00891971552257299
23723,0.9875873407452364
23724,0.061416049751599
23725,0.013560425304451083
23726,0.01951993163033357
23727,0.1895028865517113
23728,0.2977229272073338
23729,0.005801266405263278
23730,0.9048192876338448
23731,0.021972250627807912
23732,0.014968198401193003
23733,0.08736852421544404
23734,0.91738779096164
23735,0.02943302820741439
23736,0.01501325316608655
23737,0.01593282549833803
23738,0.07942330486807438
23739,0.06776075419998953
23740,0.10293014899722588
23741,0.4752605774689007
23742,0.27517186188577347
23743,0.03171852755619035
23744,0.07898670109071329
23745,0.9441680630075397
23746,0.058122388615851395
23747,0.04528401619203814
23748,0.846887818576958
23749,0.32691470342068707
23750,0.3460623659524213
23751,0.06491264299373596
23752,0.9600928228989559
23753,0.013312241444257423
23754,0.01984596259899221
23755,0.11673364904118963
23756,0.06421426353361537
23757,0.32042704282598705
23758,0.0077314234116903
23759,0.3503535484466083
23760,0.03372922748659262
23761,0.011420905534657603
23762,0.011770180055148355
23763,0.8942022875612142
23764,0.005885752696324668
23765,0.029773404049309504
23766,0.013610856813786288
23767,0.04809369466997348
23768,0.8223993478828766
23769,0.12815467835855754
23770,0.470509150651796
23771,0.012537908413079946
23772,0.10682498879457925
23773,0.029168377467730836
23774,0.2433802940243205
23775,0.4591854280424184
23776,0.01601010232404651
23777,0.1490327322212529
23778,0.9191082913892117
23779,0.23947437467500035
23780,0.8593169978389146
23781,0.018210571641797506
23782,0.0890098847472257
23783,0.014670245127847033
23784,0.0046877400814160424
23785,0.006541748503039633
23786,0.583944709792827
23787,0.3713294505604645
23788,0.04244844432173901
23789,0.40848402849009763
23790,0.634094196236452
23791,0.03536861529946448
23792,0.016679108234032035
23793,0.006545249195917375
23794,0.004340200849958888
23795,0.015263484447522898
23796,0.008101052401596665
23797,0.8104249689645177
23798,0.026162284158485347
23799,0.6263265148342694
23800,0.1063493827352608
23801,0.09668515707513542
23802,0.15644565049296974
23803,0.45296438044733345
23804,0.0220844784743031
23805,0.8452802952283511
23806,0.4819601463613604
23807,0.10301051388975184
23808,0.021242378604400723
23809,0.75191382598171
23810,0.009369256541277031
23811,0.4356805507461579
23812,0.9262258502757517
23813,0.060558243017134125
23814,0.0069030702408481885
23815,0.031063020542182723
23816,0.02954993389892544
23817,0.835021000893001
23818,0.007155773855731018
23819,0.3465136314103868
23820,0.006146046950070842
23821,0.007518857358232128
23822,0.018895997763691788
23823,0.11200682927984874
23824,0.017673829421100417
23825,0.053640340253403605
23826,0.27285791988677066
23827,0.2393654266869758
23828,0.012623235682739405
23829,0.1616103550825984
23830,0.14041525183905432
23831,0.07589106975352304
23832,0.593454944999055
23833,0.017078655079096446
23834,0.008000691087100864
23835,0.01983100345340897
23836,0.05822992958747301
23837,0.1637441468425936
23838,0.026083297024224853
23839,0.024293459959102183
23840,0.47674530040047286
23841,0.7487288004195909
23842,0.2165131915151351
23843,0.02761152671162096
23844,0.10226612597006027
23845,0.18742863827132
23846,0.015064881861305297
23847,0.011588014455465428
23848,0.012092931990000711
23849,0.9229794949435847
23850,0.009961928596420592
23851,0.44593254541836025
23852,0.0062292010745608195
23853,0.006278164345966059
23854,0.7021712087188076
23855,0.05894503850161335
23856,0.25260421780682407
23857,0.12356886742899457
23858,0.3218838869792762
23859,0.006447087476773339
23860,0.018479555623861093
23861,0.0693896246726011
23862,0.013163971161499024
23863,0.015488733472743953
23864,0.008125999431771749
23865,0.08269037684531781
23866,0.022627464407583356
23867,0.8692676387652807
23868,0.5139854320811903
23869,0.06258394056403188
23870,0.028675357953646907
23871,0.6229218264646315
23872,0.11657883782878078
23873,0.07641830152691093
23874,0.5885602184660201
23875,0.005275973974260806
23876,0.06658062788881494
23877,0.15211368430334266
23878,0.9231769982607805
23879,0.015679710018634194
23880,0.00632906906106194
23881,0.927527630588215
23882,0.8711644508541624
23883,0.08791885446631102
23884,0.01575080617954669
23885,0.9668739918815281
23886,0.009519585588680919
23887,0.007752494745391698
23888,0.2300450725133985
23889,0.3047072602767431
23890,0.011375541508924848
23891,0.046972242853377685
23892,0.4337263843388595
23893,0.0432232109360472
23894,0.17938398639206005
23895,0.005378776989836441
23896,0.21942616508217141
23897,0.2332649628079747
23898,0.012709020970913887
23899,0.04802553764071056
23900,0.04276268008451918
23901,0.05510062795685538
23902,0.011211693815568656
23903,0.022202648654024316
23904,0.10595079901149831
23905,0.017748627102946675
23906,0.029236326917101475
23907,0.051820440236618054
23908,0.007492292094765689
23909,0.017139051783199365
23910,0.029856962309211258
23911,0.01551571348896565
23912,0.12972486535921446
23913,0.012216405633400125
23914,0.01171068950483005
23915,0.005511935443343921
23916,0.4585210392519679
23917,0.007052377673749798
23918,0.7984917284223354
23919,0.016083023139776643
23920,0.5622789469100841
23921,0.014075199730737887
23922,0.02915167222813194
23923,0.7435846362709128
23924,0.012109816197027385
23925,0.9752228770024187
23926,0.004383512969132828
23927,0.2534217095989823
23928,0.08561963435691354
23929,0.5127255575352655
23930,0.03376971616568008
23931,0.00999572718356199
23932,0.21423709867222457
23933,0.10477813353684215
23934,0.1051649152154691
23935,0.03830728971688945
23936,0.04902576895787089
23937,0.12296061654102565
23938,0.04071407097353657
23939,0.2159818759996486
23940,0.1896860192252659
23941,0.8498405827686346
23942,0.16120850735827666
23943,0.010646331681453566
23944,0.21414641251078365
23945,0.07707434156289375
23946,0.011377573969963584
23947,0.07508256453443576
23948,0.3838392838445687
23949,0.03660069128703843
23950,0.012938940526070173
23951,0.006001187675905075
23952,0.06607393719021833
23953,0.021877675560267772
23954,0.09454204152867275
23955,0.020504453477294876
23956,0.1232920738065577
23957,0.009362713639307952
23958,0.6092019433928908
23959,0.013241493052289069
23960,0.11338263492727949
23961,0.17233537223466108
23962,0.003728283880424513
23963,0.25861621292837805
23964,0.056176685939989236
23965,0.018108024408718486
23966,0.008190454529846422
23967,0.00988141699324299
23968,0.047472861481009355
23969,0.08231019272350347
23970,0.7897661598783889
23971,0.006681408944558681
23972,0.008979459840164293
23973,0.027237140698868605
23974,0.37383412203642846
23975,0.9052729456737535
23976,0.011236342925769817
23977,0.9475162038260777
23978,0.016809933497712082
23979,0.2467480898875158
23980,0.5311779240582982
23981,0.01162601069210154
23982,0.09487233040075725
23983,0.9468710780906688
23984,0.08201217371672907
23985,0.010048015861317195
23986,0.12129649296891375
23987,0.3422391115822021
23988,0.014804700805843089
23989,0.11840787773549448
23990,0.12167880036657334
23991,0.6970090755377848
23992,0.35371305958269733
23993,0.011374737856365186
23994,0.5581507109577025
23995,0.10131029896593893
23996,0.0792829505012448
23997,0.03903985608309507
23998,0.8972135052184319
23999,0.5099973043936437
24000,0.016571179497784274
24001,0.01599954347271141
24002,0.06082268737911794
24003,0.06270802660043731
24004,0.13676771958729161
24005,0.6341888746087325
24006,0.4945194985341314
24007,0.004389901599322749
24008,0.05240003216485517
24009,0.011257578888446815
24010,0.012577047320477359
24011,0.008884141901930999
24012,0.02746193242044862
24013,0.27472050337741744
24014,0.6462835098075573
24015,0.7086031299506248
24016,0.00884616258727479
24017,0.6382936839809091
24018,0.00925024567336937
24019,0.014587353876824432
24020,0.02307020551056453
24021,0.06024822149457733
24022,0.06255208811489475
24023,0.9808826793453255
24024,0.8078096841375806
24025,0.04207036448451812
24026,0.016113001088827
24027,0.04907707964406443
24028,0.021739933740319302
24029,0.3080835126641107
24030,0.013577013000149194
24031,0.006520615650154552
24032,0.17771145982939518
24033,0.02997421839834855
24034,0.04280035425575031
24035,0.006155162655803063
24036,0.21407790690612066
24037,0.01461277066851303
24038,0.10545096068723714
24039,0.895723176003056
24040,0.0045846545235469485
24041,0.9565596934332206
24042,0.8306167921514463
24043,0.07215452810093267
24044,0.4756945173369118
24045,0.920481090117094
24046,0.409451278776053
24047,0.08450492315698156
24048,0.19804608456908881
24049,0.059207407049394686
24050,0.06182517315662467
24051,0.014714234090523274
24052,0.05636189444408973
24053,0.15525665609837724
24054,0.018795292168109917
24055,0.37463653231985755
24056,0.020462283023016215
24057,0.0615791637983227
24058,0.17119862665644678
24059,0.8650360850928033
24060,0.7656089374385787
24061,0.0062914128721810155
24062,0.02191658460101048
24063,0.05891014192379272
24064,0.03911883811325534
24065,0.009843595466210947
24066,0.05877100452362583
24067,0.011417841574313083
24068,0.15515091795304523
24069,0.013259038542284501
24070,0.3010175253996375
24071,0.060405041754955216
24072,0.1846424777694227
24073,0.8065574286429317
24074,0.06321456654254619
24075,0.9196813418925468
24076,0.0493397064095734
24077,0.16279569240194627
24078,0.008475937602078685
24079,0.7252360438092121
24080,0.17628257958630755
24081,0.004808022483955066
24082,0.32627609370061295
24083,0.9019378926733912
24084,0.017445217232082585
24085,0.454664898527828
24086,0.005566916258339307
24087,0.0801292612200702
24088,0.31769016558495256
24089,0.6243526825801738
24090,0.13958299959245662
24091,0.0802164091352963
24092,0.00995273854442365
24093,0.05040345306728692
24094,0.09000724788724332
24095,0.0040208895263312274
24096,0.2012409422334669
24097,0.122058870572985
24098,0.491363088664644
24099,0.12268281087634049
24100,0.024964167137938826
24101,0.07697378157582704
24102,0.019615683616944973
24103,0.9283492444776501
24104,0.1079964966842861
24105,0.09509446891249437
24106,0.01671197858319751
24107,0.005628684736047203
24108,0.006042374057874386
24109,0.9321178526921481
24110,0.8924928995963021
24111,0.5758908088892368
24112,0.2437669120257189
24113,0.028000976217841887
24114,0.045754747313595884
24115,0.01303667306746611
24116,0.9419226762200072
24117,0.14811876879857275
24118,0.029305939347411616
24119,0.05873660383559634
24120,0.04353500819410654
24121,0.15017499988301636
24122,0.01053319280998352
24123,0.01348952509231552
24124,0.26409986420875997
24125,0.025353807859263524
24126,0.04060336854362502
24127,0.01651701504177713
24128,0.007103934414853305
24129,0.008414424779335312
24130,0.07733454984642167
24131,0.145266767834281
24132,0.0049889367664845705
24133,0.08263198920513017
24134,0.9245175394260265
24135,0.5574088387093636
24136,0.057098247041782166
24137,0.02249113832551829
24138,0.01788162695548674
24139,0.005414926848518684
24140,0.011833659357499521
24141,0.8897259666508192
24142,0.09377383957222765
24143,0.84348669381163
24144,0.4639687111503625
24145,0.0354394288079193
24146,0.1393495151899187
24147,0.17638810066635285
24148,0.06750938672074978
24149,0.05257409215290818
24150,0.12588455603591828
24151,0.4242030990153674
24152,0.9205445295923689
24153,0.07033106339771313
24154,0.6106893698199343
24155,0.10768974019032873
24156,0.1590216798631779
24157,0.0491395143842265
24158,0.3410151175064692
24159,0.05781990932856585
24160,0.09774250258472948
24161,0.9204878918639648
24162,0.020981339450269674
24163,0.0633964826976276
24164,0.0774242678802933
24165,0.05352215914937513
24166,0.04610597838388967
24167,0.7998071179502347
24168,0.05635836091722886
24169,0.003902136130028664
24170,0.014536477680884407
24171,0.3163458734721877
24172,0.01996773553057782
24173,0.004024239935867787
24174,0.8653844327036276
24175,0.0632120130247273
24176,0.034257617013663796
24177,0.12632507227854714
24178,0.9078627311926031
24179,0.06857385162972908
24180,0.19290810279008314
24181,0.4242864299770771
24182,0.010754856187372819
24183,0.01884460821507732
24184,0.2251275050873779
24185,0.7534954628152812
24186,0.044982385443384273
24187,0.013386398499403302
24188,0.016812214163283233
24189,0.08306297655323379
24190,0.2535375270778781
24191,0.014450427433524088
24192,0.8954425351955523
24193,0.008200251291213538
24194,0.012867795127330226
24195,0.023768285723059387
24196,0.09269035985209392
24197,0.5003392818046445
24198,0.006230419281177997
24199,0.8075761410553167
24200,0.12168940204649652
24201,0.011555156641879094
24202,0.29098452052375556
24203,0.5802122903929239
24204,0.04170861133239871
24205,0.09699242049418183
24206,0.1153665373037067
24207,0.14942062895726196
24208,0.021474139885399278
24209,0.10666502451111722
24210,0.04151760215044981
24211,0.09046203683168551
24212,0.006476927401482093
24213,0.16645097292474112
24214,0.04293762234684202
24215,0.46619899621742106
24216,0.2145765168598781
24217,0.039308446622293804
24218,0.06014663536533119
24219,0.2589941751978135
24220,0.007561675276630765
24221,0.24345248389469062
24222,0.06456740447217982
24223,0.06682706108613967
24224,0.31951379506658323
24225,0.2908368437574806
24226,0.058352072579428184
24227,0.012212441950307061
24228,0.01381397513589341
24229,0.16397524835193672
24230,0.4825814689472673
24231,0.021121294512958213
24232,0.009810709949503556
24233,0.00822562682233636
24234,0.03328005840913182
24235,0.08400088029263074
24236,0.7258424859519472
24237,0.1630493605813899
24238,0.05486705608409553
24239,0.41784340505622714
24240,0.06611676003740347
24241,0.20432530567676174
24242,0.004169802712446829
24243,0.1313599106865858
24244,0.022213717383585168
24245,0.03445974160660835
24246,0.10730198898663137
24247,0.048008328408901804
24248,0.01959696978023659
24249,0.005174329596806994
24250,0.015770321375244603
24251,0.024163314766451
24252,0.0054366544783492066
24253,0.14554102718091497
24254,0.7544098251781703
24255,0.011731288656772865
24256,0.01679886328117303
24257,0.06532173000100566
24258,0.2538099799087514
24259,0.09846075053036976
24260,0.07618548468255971
24261,0.16529465590300996
24262,0.019426501078284555
24263,0.21938277168178377
24264,0.006799571064689482
24265,0.08772960088889542
24266,0.008335362705828304
24267,0.13217296790928648
24268,0.01611888346208073
24269,0.05553844471942466
24270,0.8803807869170333
24271,0.010055736218215898
24272,0.017706994510979346
24273,0.013691334454468664
24274,0.07525219962610703
24275,0.788836270748138
24276,0.04733874706064531
24277,0.1631663377161476
24278,0.053390769128983884
24279,0.007713142149133742
24280,0.06195381070742912
24281,0.06707414261438632
24282,0.5627119496508476
24283,0.018314354114080302
24284,0.015010911939386053
24285,0.023298831734339852
24286,0.2247502537869787
24287,0.3613530969304661
24288,0.5421138732966502
24289,0.04706608208118653
24290,0.11125218878841323
24291,0.041348228280532646
24292,0.04234509847290134
24293,0.0321688977754657
24294,0.111127922527305
24295,0.015825762763075867
24296,0.013113761295068001
24297,0.01558757898373467
24298,0.30942025776661136
24299,0.22760832282306273
24300,0.016666592663539186
24301,0.1306571942752609
24302,0.011780605528252126
24303,0.010679690392183748
24304,0.0064777421718503715
24305,0.0382391433307087
24306,0.005378986357382009
24307,0.8824840168838738
24308,0.8202177721884586
24309,0.02208877938199009
24310,0.045119267819849145
24311,0.14719205822036086
24312,0.010441644461188511
24313,0.00701932949997471
24314,0.013973089645184882
24315,0.021636711119320463
24316,0.022300336993711225
24317,0.17098158964170837
24318,0.7359249745575654
24319,0.8184610198994302
24320,0.008772581794538674
24321,0.01733824514476085
24322,0.06729350855220854
24323,0.06659434008428469
24324,0.011210875834634851
24325,0.9431601316767632
24326,0.9847857697328791
24327,0.050270906644985985
24328,0.006716021880224981
24329,0.010247510338407262
24330,0.5143191170862442
24331,0.013104060991511129
24332,0.00929545625618485
24333,0.032256530637234354
24334,0.12403695458798424
24335,0.41789139474099113
24336,0.9889206031809493
24337,0.23447449175212376
24338,0.11230571699751245
24339,0.6667580778013557
24340,0.07425891526903368
24341,0.1453749354173781
24342,0.0674376499418731
24343,0.009781284807804876
24344,0.005417026792632839
24345,0.18598382936240254
24346,0.020878623193822176
24347,0.2736486357235918
24348,0.015138408138629302
24349,0.9199894023653189
24350,0.06453493693646618
24351,0.012537450866982497
24352,0.41556740919802626
24353,0.006370055957095669
24354,0.04194506602841722
24355,0.08786663954364075
24356,0.010689621559992911
24357,0.06535381772614304
24358,0.018180839006093633
24359,0.027115002679990195
24360,0.014295458763428696
24361,0.14409882317943465
24362,0.00660529473277617
24363,0.9107684780374645
24364,0.06323080556957102
24365,0.04985703745359978
24366,0.007368636651693037
24367,0.27175922863882135
24368,0.11386031700141276
24369,0.005687460731209096
24370,0.004340580620121506
24371,0.09292997458753413
24372,0.006479836447617473
24373,0.919808124745126
24374,0.10680686240712214
24375,0.8232999875159327
24376,0.2111599075297466
24377,0.05566232684074623
24378,0.008500055049690546
24379,0.6266066695799527
24380,0.9219109604448649
24381,0.3950126453633678
24382,0.005363234004331468
24383,0.3016176744350493
24384,0.42475984986491555
24385,0.018650744366690793
24386,0.21948553022039494
24387,0.5171449680616651
24388,0.01138226677851224
24389,0.016909646108645995
24390,0.04903577866017432
24391,0.548745720578828
24392,0.23131406065770788
24393,0.042150274899160005
24394,0.04594448624590794
24395,0.044296546087154796
24396,0.8963670444906957
24397,0.02780635863935526
24398,0.0071534153914298544
24399,0.006864812829390909
24400,0.026406754994160928
24401,0.013310187145564855
24402,0.010871685456509479
24403,0.870035486549467
24404,0.027045971468839518
24405,0.1363364402207836
24406,0.02326578592499625
24407,0.3674173577946556
24408,0.7655667127061917
24409,0.019906532204293784
24410,0.7556032529786159
24411,0.031253897684757226
24412,0.23980200065806972
24413,0.03229135048612503
24414,0.03393525786478993
24415,0.004409738235895675
24416,0.007234955578099184
24417,0.007600674610931572
24418,0.8506534853736651
24419,0.02929453122958649
24420,0.01366617513311696
24421,0.016882117340924964
24422,0.7101074219479737
24423,0.0066593892142665576
24424,0.01240259671862349
24425,0.12820841253331558
24426,0.3199172575770372
24427,0.01271429449144978
24428,0.13909900824204832
24429,0.5262258220601147
24430,0.16542937293577856
24431,0.04079292078967261
24432,0.008436765204643358
24433,0.029418386761765614
24434,0.012823381676063113
24435,0.24881773482322256
24436,0.23262703311651414
24437,0.4249800188435051
24438,0.003943733860986264
24439,0.027537398366945104
24440,0.011423031950028747
24441,0.017065116185644217
24442,0.055261353949542034
24443,0.5716896021940074
24444,0.13012825523435034
24445,0.8954631195889489
24446,0.18683957467694456
24447,0.2857593131539915
24448,0.005531716714204516
24449,0.3474349064971473
24450,0.011437864550487696
24451,0.12002656559003741
24452,0.6405116772644783
24453,0.23504731694053443
24454,0.0470663700935276
24455,0.04984376900155555
24456,0.11516121734655178
24457,0.12340778762787132
24458,0.010405535266895133
24459,0.14011254934342277
24460,0.006430624654260417
24461,0.02770246886637175
24462,0.7801413716580926
24463,0.013182512472388623
24464,0.3120272555110725
24465,0.42906924845940186
24466,0.723590352402517
24467,0.12720220493591877
24468,0.006807370641527452
24469,0.008862559215932651
24470,0.02019866349422556
24471,0.9320471212104646
24472,0.09695337881197905
24473,0.7173034167180756
24474,0.296157899362316
24475,0.00861814791769666
24476,0.01990262603833268
24477,0.08599087213459711
24478,0.24077292405975775
24479,0.01864258297728618
24480,0.04082666614309515
24481,0.006552997911338996
24482,0.7211731608451913
24483,0.06342768418523131
24484,0.03613854827949327
24485,0.00774334030697921
24486,0.012452149366649509
24487,0.11857552940412477
24488,0.30860815695945204
24489,0.033814599296477586
24490,0.03525521121029417
24491,0.5638395465020792
24492,0.17524204759189693
24493,0.008882112130793403
24494,0.09907648060118017
24495,0.02170450467896089
24496,0.009721209512531253
24497,0.07051337158791468
24498,0.13075548135307316
24499,0.020209824657186726
24500,0.007268476940306569
24501,0.3734907969216521
24502,0.030925147076304754
24503,0.0061634590984350375
24504,0.006053286987353707
24505,0.008436690061006183
24506,0.03567203014108783
24507,0.005774939792261689
24508,0.004241460968814792
24509,0.0938984402445985
24510,0.12907215941319247
24511,0.3282210731874339
24512,0.14366799478034606
24513,0.010503784919503562
24514,0.7105295096504253
24515,0.23011460248688062
24516,0.0301883131586058
24517,0.007303701922906336
24518,0.950486479727889
24519,0.9578665073555964
24520,0.01258732150995636
24521,0.1591960726649323
24522,0.011236897151153252
24523,0.8893594281191475
24524,0.03949053173184821
24525,0.20123165152874742
24526,0.005724973267621575
24527,0.006888296664966324
24528,0.16599409075566218
24529,0.010408066565713447
24530,0.012653388944425125
24531,0.00794131449534791
24532,0.9376737138162164
24533,0.4340444859184744
24534,0.13208638120939745
24535,0.14828105036472336
24536,0.5693184024273101
24537,0.148271781310931
24538,0.060229273529749355
24539,0.2793073582610301
24540,0.7682748116342916
24541,0.03556128554442394
24542,0.16649647467526102
24543,0.034332823981599335
24544,0.263493568418551
24545,0.015604632468942985
24546,0.3288921391419475
24547,0.05673653388484515
24548,0.9596497794150507
24549,0.05914505085674115
24550,0.01551562980400868
24551,0.00633544730375352
24552,0.006248261836851447
24553,0.009546453617966053
24554,0.023465773218053487
24555,0.03020009421589832
24556,0.005373585235874293
24557,0.10342610882577086
24558,0.9677526624247733
24559,0.04510305219266664
24560,0.9219200993819079
24561,0.3200273234408636
24562,0.9282558753881034
24563,0.020241455519200376
24564,0.01200638495898545
24565,0.12460939055826606
24566,0.05347183786599789
24567,0.03163864934668194
24568,0.595961052771661
24569,0.012466370765175885
24570,0.307365543840761
24571,0.006205685268787489
24572,0.14016717875577775
24573,0.0036487974099032
24574,0.019937928277307653
24575,0.024734263858842653
24576,0.9537016408919067
24577,0.013846824469987612
24578,0.0059194221622007725
24579,0.86618900157495
24580,0.023707470869734338
24581,0.9467330056405461
24582,0.4887001597816979
24583,0.9538869082791211
24584,0.9118896530660654
24585,0.011319742043442747
24586,0.0374247213647868
24587,0.15512177203119115
24588,0.03609295626022956
24589,0.06888673607241182
24590,0.22988356027883566
24591,0.00396832665101103
24592,0.22077102468164977
24593,0.10270186927968243
24594,0.47042863531011786
24595,0.007935704423366581
24596,0.8972715671830904
24597,0.0756471503879148
24598,0.006396401224330818
24599,0.013176680162857802
24600,0.16404656921849917
24601,0.3295811153311166
24602,0.01643754213983187
24603,0.005749254917681522
24604,0.006740415248049287
24605,0.011925316326056055
24606,0.863112849153434
24607,0.006417072071183952
24608,0.042923537835890965
24609,0.440493997294441
24610,0.005502832652348034
24611,0.013742047624984313
24612,0.7175277192832845
24613,0.0219242822428143
24614,0.018498039843844342
24615,0.09440406853957439
24616,0.9329435127883321
24617,0.061529163725828465
24618,0.9101890598675529
24619,0.04503570968476389
24620,0.14810602908948045
24621,0.39896719963293176
24622,0.010775418103742938
24623,0.17275310869821742
24624,0.005790223156648686
24625,0.609919452952146
24626,0.37585152559527074
24627,0.018634058007722047
24628,0.12616113393269315
24629,0.040593393519371405
24630,0.24251576827996474
24631,0.02903682872923833
24632,0.007554828434891178
24633,0.005686243343904473
24634,0.19003212570824793
24635,0.07228604995535061
24636,0.14889414301085246
24637,0.3364749235662682
24638,0.011858722318707547
24639,0.1148098999115488
24640,0.005106750990432023
24641,0.5691437300232965
24642,0.6144391359412624
24643,0.00987514780721817
24644,0.07193614646846531
24645,0.2937732369881005
24646,0.38081797684981056
24647,0.24388701724615783
24648,0.3781453335254754
24649,0.013637644793444594
24650,0.04198350142267541
24651,0.046065009342476884
24652,0.21310659812350816
24653,0.37269424803413553
24654,0.9160770860820204
24655,0.03772813962043848
24656,0.009069586795151623
24657,0.7949201544674794
24658,0.6511374381916835
24659,0.00544808562276338
24660,0.011056257736733228
24661,0.07974053370025994
24662,0.8464403544355917
24663,0.009190378485164429
24664,0.16964660777001836
24665,0.023738329734191137
24666,0.022281746177208992
24667,0.16449164309582764
24668,0.5782525672366213
24669,0.7415057963924141
24670,0.4307865117173498
24671,0.958327422537671
24672,0.055465725545956746
24673,0.009673843078402973
24674,0.13375977986590856
24675,0.009629613258671406
24676,0.0060940921001709746
24677,0.9026311160132698
24678,0.9392769641134316
24679,0.06869155217584945
24680,0.8489197273823227
24681,0.01229252134581147
24682,0.005970756134380225
24683,0.06412160673609338
24684,0.9468901509709499
24685,0.06196060690325058
24686,0.22706395748769048
24687,0.0753019368694958
24688,0.5823297966664926
24689,0.4805000752386449
24690,0.01057888296689798
24691,0.01058378019863853
24692,0.7642981331733788
24693,0.07495423974797666
24694,0.052001059907044345
24695,0.07197779140672095
24696,0.22018082011225906
24697,0.00550875938618054
24698,0.018811585476838123
24699,0.6103028430755811
24700,0.07118710793472333
24701,0.0061766518452216245
24702,0.05278674345387358
24703,0.015462565992953944
24704,0.07849545425131613
24705,0.23698171027556847
24706,0.1734562586091692
24707,0.5912146117196764
24708,0.014441278126047499
24709,0.12699013505152099
24710,0.04137644245144702
24711,0.04889848752587082
24712,0.6294158110228091
24713,0.13767566014576052
24714,0.19909784635956215
24715,0.035153553589736035
24716,0.46702034390049
24717,0.02644452037870106
24718,0.008735181522101352
24719,0.2353889069656138
24720,0.17869242468017202
24721,0.31452085207889957
24722,0.011473220751873155
24723,0.006846440358816186
24724,0.09072908323567422
24725,0.416584567219424
24726,0.16393087026873437
24727,0.01175117405640886
24728,0.8271255607982768
24729,0.044314736851690295
24730,0.006365647721096925
24731,0.057708280007057314
24732,0.08793204360238135
24733,0.2261386378419083
24734,0.18106815264664988
24735,0.011564043161193704
24736,0.1703935757785058
24737,0.007013590970186825
24738,0.13863202698170868
24739,0.005736419317260622
24740,0.18069047483980888
24741,0.05414571573763985
24742,0.44657083074651743
24743,0.006893792624662962
24744,0.15688411790636952
24745,0.18904342061245383
24746,0.023879676038248716
24747,0.12887504420115137
24748,0.5954026976602297
24749,0.010293231764323698
24750,0.11231780677900555
24751,0.05117233335773507
24752,0.009687699434911616
24753,0.10307438422484384
24754,0.17564175955545738
24755,0.013992134814973238
24756,0.005403049054351563
24757,0.49122569519700354
24758,0.037816487126660345
24759,0.006539506842959693
24760,0.008167906156345156
24761,0.01073867531273021
24762,0.4458830816708981
24763,0.0585712612617561
24764,0.012564730421670682
24765,0.01752318552538602
24766,0.03211811252547116
24767,0.13298863694150076
24768,0.04471201156110156
24769,0.027996798759177103
24770,0.013463313602132272
24771,0.006031959772889509
24772,0.17053744541758215
24773,0.0718854993508349
24774,0.22543233585342312
24775,0.009790269090750493
24776,0.25549502958832915
24777,0.029198730820997214
24778,0.8106299914614231
24779,0.019830394627863256
24780,0.01247199280927506
24781,0.011180318906066149
24782,0.8423896968418985
24783,0.10179516276547723
24784,0.4138020290040896
24785,0.37248328157594357
24786,0.24164085151912165
24787,0.0063310825664458495
24788,0.7272357393954793
24789,0.053826297343004585
24790,0.00906824827372768
24791,0.32404766034099675
24792,0.010430085692237712
24793,0.6511518808811568
24794,0.01228083158647015
24795,0.014901874868964254
24796,0.9568437530774597
24797,0.006705963893434732
24798,0.011763517628560998
24799,0.06501233964567285
24800,0.04881009773436454
24801,0.006826012611477104
24802,0.7206413750318722
24803,0.004566842271514003
24804,0.009586002543123211
24805,0.03676558722552576
24806,0.012516895873421884
24807,0.03975326225053014
24808,0.004573676649928328
24809,0.24459915201164498
24810,0.01642819851510767
24811,0.07372527621373395
24812,0.0060721710005281464
24813,0.19384264475328805
24814,0.1607215442393695
24815,0.007459933597298449
24816,0.007197372455918112
24817,0.06267083506360988
24818,0.0187120164722884
24819,0.6566984845313368
24820,0.8430292692982333
24821,0.009930486292487226
24822,0.03799619718865001
24823,0.1072793344978887
24824,0.08885196604993298
24825,0.006645891831696128
24826,0.6084213104472455
24827,0.006080487312117822
24828,0.045912565805053325
24829,0.01632687295619656
24830,0.3732382370496205
24831,0.013803228680459429
24832,0.011810076117513455
24833,0.05112366838843508
24834,0.0752933967782298
24835,0.0711917615616154
24836,0.08332767032898734
24837,0.01270581838221057
24838,0.4035842251467017
24839,0.2668065219899237
24840,0.8944645795795327
24841,0.9241669017687454
24842,0.005847124773424545
24843,0.2004405615403046
24844,0.015828208726273166
24845,0.005384692385216361
24846,0.006452414838578094
24847,0.5863025238849312
24848,0.015815889937011628
24849,0.021938871803436923
24850,0.04881437062681504
24851,0.3114848631784948
24852,0.4072411791465036
24853,0.03520037768147629
24854,0.008070772952695883
24855,0.9389061238134949
24856,0.005627528966297755
24857,0.013231043098397647
24858,0.04462902251695153
24859,0.06937188804101663
24860,0.11713600605006999
24861,0.4154496803175646
24862,0.006974531454737264
24863,0.6179272519472258
24864,0.010734412257755708
24865,0.16841224208281044
24866,0.9832766936260007
24867,0.6198832589988298
24868,0.056607986431277846
24869,0.07252823732023772
24870,0.5040088756123234
24871,0.12841905814266782
24872,0.033488742835818895
24873,0.018691619775182987
24874,0.1223360932324529
24875,0.07968162705912574
24876,0.1549715596077751
24877,0.3066672092661162
24878,0.025831207825473584
24879,0.3352375746894248
24880,0.22481561511046216
24881,0.15237934646368692
24882,0.027596800244944604
24883,0.578545935874149
24884,0.16964099102782315
24885,0.11492113580530781
24886,0.2828566755076855
24887,0.04510867996167384
24888,0.10008826751194796
24889,0.7935095223064312
24890,0.13149185517892698
24891,0.04200650274925961
24892,0.020570324547447335
24893,0.28892479474700583
24894,0.06867555099336481
24895,0.952311213963427
24896,0.9430965598476043
24897,0.10109745716248143
24898,0.9508759566332001
24899,0.02966000731598194
24900,0.10646554416649551
24901,0.04327783177179801
24902,0.5454862504402683
24903,0.013257105028244918
24904,0.036295351601753637
24905,0.5653991340813442
24906,0.06780210966700616
24907,0.5898354715119536
24908,0.25734677357272445
24909,0.01917146956740715
24910,0.010543343850289747
24911,0.00866908618561011
24912,0.12376955059124868
24913,0.03490616557250107
24914,0.011137994622671135
24915,0.07574320612751215
24916,0.795807017904458
24917,0.039923823579048286
24918,0.4787764952948023
24919,0.007446341184758144
24920,0.22824043874154756
24921,0.7065488515996814
24922,0.011695663481234238
24923,0.04718667962150539
24924,0.017483424973271846
24925,0.04784828921394083
24926,0.0068323735049466
24927,0.11353671410146775
24928,0.0964620642996619
24929,0.14614732503742253
24930,0.2960813790162268
24931,0.8783175300737105
24932,0.07106704388422633
24933,0.029985233531371728
24934,0.023311205150086545
24935,0.011852200807501052
24936,0.31156217826084426
24937,0.912386175339321
24938,0.9654831404494543
24939,0.0488988619231814
24940,0.02533336851135598
24941,0.03158992782012141
24942,0.005430985319896664
24943,0.011604740203407418
24944,0.005998015395804236
24945,0.005943360694761348
24946,0.009673979367705561
24947,0.06461978231662394
24948,0.021091707214307802
24949,0.015583866359284729
24950,0.09282938851246204
24951,0.09264404146312992
24952,0.09235173038872084
24953,0.01787317921545378
24954,0.11168454092379676
24955,0.19953443699827098
24956,0.1019429447346863
24957,0.006333055825033435
24958,0.023781056763240487
24959,0.2294273709349586
24960,0.7851786927296767
24961,0.04368696314813241
24962,0.004309620220291659
24963,0.0068231306893082625
24964,0.009502987989192252
24965,0.011231613773759462
24966,0.7061132781865747
24967,0.00665442763140118
24968,0.0390023327789863
24969,0.7938878387309565
24970,0.6998216173935655
24971,0.06987404278567208
24972,0.0389974022869266
24973,0.011871117026761918
24974,0.022236312249691238
24975,0.16025467151458786
24976,0.161026091549251
24977,0.0042719835126403365
24978,0.02065400338998263
24979,0.1766546594224849
24980,0.009909051004459633
24981,0.407372968983305
24982,0.034893596138323754
24983,0.01415609417487454
24984,0.027008842821885228
24985,0.5631702290166125
24986,0.9299396167932833
24987,0.06539300058486686
24988,0.008514062889821409
24989,0.724805330433318
24990,0.8464900338565581
24991,0.27324129555933085
24992,0.00515317178248254
24993,0.055749395519744886
24994,0.9581522108709397
24995,0.008009125299618954
24996,0.011243229623338473
24997,0.005529569120425196
24998,0.13732702810700914
24999,0.18457301536274043
