id,Exited
15000,0.0704976623688475
15001,0.026955889118754933
15002,0.017010708428408548
15003,0.757826725006844
15004,0.01693195242131323
15005,0.6138463636041723
15006,0.006445828565020802
15007,0.028533106201061045
15008,0.009572329991174968
15009,0.01072229510281205
15010,0.01768682494104086
15011,0.9841175502794051
15012,0.025715446152494246
15013,0.10461043188386093
15014,0.051543865608150205
15015,0.0075134489318833
15016,0.016042380463175486
15017,0.00506867325013875
15018,0.5788942385631617
15019,0.010350935805082352
15020,0.004544426390357099
15021,0.0075870161749500425
15022,0.990912870948683
15023,0.07776015162499925
15024,0.004720167226773949
15025,0.8772292942989659
15026,0.6163065683454455
15027,0.0810688777885087
15028,0.11933633977175055
15029,0.6364534476475577
15030,0.7926648136227898
15031,0.5338438602292761
15032,0.04445907090716574
15033,0.1916708734081487
15034,0.9210294067577683
15035,0.04542221703752408
15036,0.0565954525968918
15037,0.6201765867827396
15038,0.0198439847970238
15039,0.009496971992108796
15040,0.08594221955174113
15041,0.0009249199210326545
15042,0.0032282696498294734
15043,0.02315103674428711
15044,0.0007086598296271034
15045,0.04029843545977791
15046,0.12214007822841284
15047,0.9139674670305162
15048,0.008973031635726832
15049,0.5500771817679375
15050,0.015040263109564056
15051,0.036783865233722186
15052,0.00926885574144744
15053,0.19692278744162064
15054,0.024798087532949296
15055,0.005858806213599664
15056,0.008131721634517093
15057,0.9731856499704422
15058,0.7594974641687755
15059,0.07330151025356056
15060,0.00244153069371285
15061,0.002745823353485308
15062,0.6847539792739887
15063,0.9017677249725385
15064,0.015035730985333973
15065,0.0037344582429511396
15066,0.02267530675408356
15067,0.9364649899346693
15068,0.9560688725102396
15069,0.017473942790413324
15070,0.8669517739675674
15071,0.02954423532179977
15072,0.9459462661288826
15073,0.8779710672976667
15074,0.0033377111726586237
15075,0.007495668579105194
15076,0.0013849136066821817
15077,0.04347576466018538
15078,0.0008456641738632632
15079,0.8094787084915577
15080,0.8663019872387112
15081,0.2791065841968609
15082,0.02410681497763168
15083,0.12199910063039242
15084,0.005989665625103699
15085,0.0105142972209473
15086,0.8417418245748158
15087,0.0013851408964538846
15088,0.004690866184381459
15089,0.05621287619851031
15090,0.007881689126312132
15091,0.0067201934752119
15092,0.0023843282409420456
15093,0.050199732516170575
15094,0.011115290856919792
15095,0.02245376729441179
15096,0.10228369932519117
15097,0.003507712801947738
15098,0.09131456520913006
15099,0.42981714278725913
15100,0.005551464702830332
15101,0.8712439889153449
15102,0.713339317168153
15103,0.47381898878930634
15104,0.1397992548935799
15105,0.02502427730817857
15106,0.07843544471908462
15107,0.9879933919739811
15108,0.024584642470627725
15109,0.0010661109342532328
15110,0.1118904485245902
15111,0.024307817585866646
15112,0.4377498364933048
15113,0.012201206844961938
15114,0.018679352803374474
15115,0.013218475043126636
15116,0.0010286900742280457
15117,0.9695429442853485
15118,0.03910162160445344
15119,0.017874110118425424
15120,0.012328425021057882
15121,0.13694942991617853
15122,0.004823560461800332
15123,0.03172521709966698
15124,0.2487322358310125
15125,0.005832481600504052
15126,0.9623924725052254
15127,0.0007443856117941846
15128,0.026606227632421004
15129,0.0846571068655923
15130,0.001620465524007475
15131,0.9281770840608633
15132,0.1513099475395277
15133,0.018215604892432288
15134,0.005985930232740447
15135,0.8425481601350617
15136,0.34778852094525947
15137,0.039195172573591446
15138,0.05807222454765408
15139,0.008816700375300577
15140,0.009039620837479612
15141,0.886802786557415
15142,0.005117734597036601
15143,0.9291292528603398
15144,0.20509379041490855
15145,0.00930138540049758
15146,0.033518304783230674
15147,0.5425237320955162
15148,0.019097822600840694
15149,0.9327433257345156
15150,0.03618350341119234
15151,0.31180733089091345
15152,0.992990236863117
15153,0.11443015253820714
15154,0.9323011197515798
15155,0.4413033235805425
15156,0.0036585787736490996
15157,0.3295158701171247
15158,0.09932487064472781
15159,0.718268871642558
15160,0.30530425750209866
15161,0.0014210264912589534
15162,0.0020316115723393
15163,0.004509187817167512
15164,0.00304294609740234
15165,0.040623033003074044
15166,0.9895645176209205
15167,0.17024284056784522
15168,0.04328181852629397
15169,0.03377557587635994
15170,0.20290934719492604
15171,0.009886655692014456
15172,0.024166135400979647
15173,0.9853849774085238
15174,0.5119747826450614
15175,0.05526419103424328
15176,0.002156503850489415
15177,0.35104204213756107
15178,0.07760837789558919
15179,0.014121977063237702
15180,0.24888542881528206
15181,0.9944785308011308
15182,0.32662066408828594
15183,0.4427157982795436
15184,0.012893710050989077
15185,0.20513624581716952
15186,0.07308672493324368
15187,0.0018228930276430414
15188,0.04854152228655147
15189,0.01251131796147154
15190,0.10614893730534662
15191,0.0019275856340502122
15192,0.1828172957880125
15193,0.044658607512172536
15194,0.5607458612085017
15195,0.07644368115095773
15196,0.3131258679808666
15197,0.0012107681251499085
15198,0.22632845604445548
15199,0.004534018978063121
15200,0.6667034803771061
15201,0.0054570605670365676
15202,0.0006660476572490404
15203,0.0018564892794114736
15204,0.0018957277499512914
15205,0.1577927953598825
15206,0.05105302528396314
15207,0.0776284072572454
15208,0.04533317818566208
15209,0.05637492855989353
15210,0.0187243395794155
15211,0.06388635283711513
15212,0.9012125132998213
15213,0.006416916135997099
15214,0.0085136736315453
15215,0.037466490896763585
15216,0.9675985740814951
15217,0.03566031882722064
15218,0.028320368546953228
15219,0.0031225728110422435
15220,0.04424324055284449
15221,0.01428660966609999
15222,0.1644909371320123
15223,0.021931147347358026
15224,0.005411262261711004
15225,0.28353697251695026
15226,0.5907889253586022
15227,0.00718982575556288
15228,0.4938854833432211
15229,0.10962914024260834
15230,0.9463465056892771
15231,0.4908831304430887
15232,0.025395814091664352
15233,0.021892244219322433
15234,0.9962622008251798
15235,0.004087212820191632
15236,0.06349388142853983
15237,0.016014668366301783
15238,0.0023606164321453424
15239,0.010386165622839352
15240,0.33510860895184574
15241,0.024600892622807277
15242,0.1762074858408858
15243,0.6536029924079232
15244,0.016635381188986744
15245,0.8698681677467643
15246,0.12355324941470866
15247,0.02551593553903287
15248,0.12635253260666696
15249,0.018929521820378253
15250,0.011603775306015592
15251,0.006458229532288722
15252,0.11225029722228085
15253,0.1771430967633324
15254,0.004863783298124023
15255,0.006085123516965161
15256,0.004449837650687871
15257,0.1812874385808455
15258,0.9157015609967081
15259,0.040595308954329605
15260,0.01468282223952714
15261,0.9912071462822885
15262,0.006707521903532889
15263,0.8039241984086488
15264,0.2073440282284825
15265,0.3281035042481751
15266,0.07218036190570008
15267,0.05195332213405576
15268,0.004824580167269088
15269,0.005315347128451345
15270,0.08820551182859458
15271,0.004873644419424384
15272,0.04374039735395782
15273,0.07284753501233167
15274,0.9839914065734268
15275,0.9362116377144017
15276,0.10916641176670057
15277,0.00635511729729427
15278,0.0043644292439530405
15279,0.011881500447312409
15280,0.9722947927901917
15281,0.0057552442832276415
15282,0.18378447030154194
15283,0.4094864498494762
15284,0.004373136240703721
15285,0.9425552165429189
15286,0.0002892230940914228
15287,0.009081474996599764
15288,0.007324814396164155
15289,0.020699957692957956
15290,0.0011049976631708287
15291,0.002961538466093906
15292,0.23761721654566667
15293,0.982222765945779
15294,0.030712860347604985
15295,0.09393090942660201
15296,0.04946001552853053
15297,0.015492315538634489
15298,0.0023079036611522246
15299,0.003837121074433687
15300,0.009432599906616324
15301,0.1563994815413779
15302,0.1500736440263391
15303,0.0027136338366487416
15304,0.014548046923849419
15305,0.18105804732650269
15306,0.03645302488007555
15307,0.20606922141762832
15308,0.0009274479693078479
15309,0.9866255133203266
15310,0.4556037252478099
15311,0.08249264074125
15312,0.0020375527739015017
15313,0.054263378383949325
15314,0.0024664096058731925
15315,0.0017814996984082219
15316,0.11044495870138217
15317,0.008222850984128569
15318,0.6175520158425517
15319,0.0008464044862631542
15320,0.024278631677563983
15321,0.0032294825896042015
15322,0.08124818116753349
15323,0.006133583179030416
15324,0.8878008151629689
15325,0.001359186541155864
15326,0.0072213361758040025
15327,0.4560642830225312
15328,0.0507327428483577
15329,0.0024691360321821643
15330,0.0814603516955642
15331,0.01645124599506617
15332,0.014618876315305123
15333,0.016003934725216176
15334,0.07462581665490343
15335,0.004489573819732811
15336,0.0862288420187618
15337,0.017321104870263653
15338,0.36053849355560447
15339,0.013480389722767522
15340,0.005323367125972084
15341,0.0009872065299907395
15342,0.9776366960115489
15343,0.03120544181467026
15344,0.008961765751705824
15345,0.2704595333295136
15346,0.8684224998756963
15347,0.039322565681612756
15348,0.055945117031470294
15349,0.015576415725949146
15350,0.016478191112520375
15351,0.014616740293255544
15352,0.016340010967060465
15353,0.6885681198366003
15354,0.008117464259909824
15355,0.054918874661871106
15356,0.8313465814572201
15357,0.002990558170467574
15358,0.0077161511413798975
15359,0.000483001974728911
15360,0.00519871529251076
15361,0.003002738395640392
15362,0.016584611864810177
15363,0.01776364542371573
15364,0.03735667137282571
15365,0.5992431421280492
15366,0.24228867840813129
15367,0.9437556522692625
15368,0.03987572082219253
15369,0.06794233023287129
15370,0.5318107223715957
15371,0.007853225849433357
15372,0.013603036642279806
15373,0.13559800314059658
15374,0.2694935623224946
15375,0.0671803851496555
15376,0.22872955401904177
15377,0.7846105143505282
15378,0.038155273032171505
15379,0.7222387133869966
15380,0.6155877628023453
15381,0.02446049256360316
15382,0.0017855399106772281
15383,0.007490472357147572
15384,0.5905965165631432
15385,0.47331224956323653
15386,0.09761872713569486
15387,0.03811350094484655
15388,0.015562153560251556
15389,0.02708163454593778
15390,0.39178948301908695
15391,0.0858363731553114
15392,0.00244885294985378
15393,0.019448781409158046
15394,0.0032628908692556853
15395,0.0052657650339645225
15396,0.04085750247830317
15397,0.002121001992420673
15398,0.011563406515823388
15399,0.0034805443104583954
15400,0.41849628185757465
15401,0.032533622899224166
15402,0.003369701614499622
15403,0.013406898159835852
15404,0.008428991530993234
15405,0.02342197536571206
15406,0.329374010504658
15407,0.00875957737761435
15408,0.09121655804208306
15409,0.7848935152013036
15410,0.29439916462429705
15411,0.005775065684227556
15412,0.026853629038552915
15413,0.871657181978631
15414,0.9849346656499285
15415,0.0027152661953066893
15416,0.007149502934638176
15417,0.35175766837382755
15418,0.035481426095570645
15419,0.16684136642847572
15420,0.05426367577555894
15421,0.06035032238504674
15422,0.10513501555398741
15423,0.09498565782324611
15424,0.009419046717878599
15425,0.9724340845450643
15426,0.692424413463692
15427,0.03452688703259295
15428,0.05254035924001744
15429,0.08018198663039341
15430,0.0010565574573253565
15431,0.0041934721151602634
15432,0.04649077679046394
15433,0.0021079775406542323
15434,0.0034328527324452075
15435,0.0024369867482270206
15436,0.012884037069554667
15437,0.011974574844801841
15438,0.027915921200403936
15439,0.024001911608637943
15440,0.016631498996317343
15441,0.9804019515444471
15442,0.8132071750416339
15443,0.8153000443772702
15444,0.004234423805316935
15445,0.013312805956873251
15446,0.060354937734548315
15447,0.007402099708968977
15448,0.9323117033442585
15449,0.07761033781666854
15450,0.011374385225268558
15451,0.022899107185123023
15452,0.36644404869096575
15453,0.03557954075119208
15454,0.08819525096683757
15455,0.8941624777576457
15456,0.018448801514817433
15457,0.0013213370123843719
15458,0.02378053551095718
15459,0.5089950202756658
15460,0.37155258778958594
15461,0.07549023477539207
15462,0.02775867434406284
15463,0.0024549674847724415
15464,0.9257633497159921
15465,0.1511466736210006
15466,0.004894797271177093
15467,0.9303554443309944
15468,0.002112212068844415
15469,0.03375152764954893
15470,0.0013566616420834859
15471,0.030215682865222006
15472,0.07244772691375198
15473,0.05550604595987293
15474,0.14914784899512698
15475,0.35544009936324333
15476,0.2923646859258282
15477,0.02458204038744488
15478,0.005526963237920689
15479,0.03100449315971726
15480,0.8424263909744494
15481,0.962646771857015
15482,0.06025354377703218
15483,0.9941845087004003
15484,0.015958524596256473
15485,0.46650726113942237
15486,0.013987388936343947
15487,0.955096556683642
15488,0.00782211275142683
15489,0.19932947437325732
15490,0.9598451018105929
15491,0.3703210336052572
15492,0.9722757314103079
15493,0.08816798181138288
15494,0.03887413475551259
15495,0.4787774490898861
15496,0.02174681840872248
15497,0.0030510985725418906
15498,0.9704713031871023
15499,0.6728139873020534
15500,0.004558937407078914
15501,0.0022967224371099274
15502,0.019150587392916883
15503,0.9541354855851373
15504,0.016323624982129647
15505,0.012171933888265494
15506,0.06466926110420489
15507,0.0019493901916611187
15508,0.09760192638279608
15509,0.006744442054339924
15510,0.07501997235599857
15511,0.03635256139519102
15512,0.006922035388058858
15513,0.007202340208797924
15514,0.026953837603142138
15515,0.002372299094678949
15516,0.03989669163162619
15517,0.06676571948035694
15518,0.008654223347644764
15519,0.02776959531201473
15520,0.26903360702517465
15521,0.09390481448572181
15522,0.09537392042727251
15523,0.0073608621859876005
15524,0.02548414812859708
15525,0.004566076057246789
15526,0.004292564922321019
15527,0.012751781977483355
15528,0.0013478770650723099
15529,0.028892050977938122
15530,0.0031361175879625193
15531,0.04091193542675119
15532,0.022181882832735453
15533,0.0937180027857685
15534,0.01244973673519959
15535,0.015547860768098184
15536,0.18559118841758895
15537,0.005859644588222657
15538,0.018031082050184128
15539,0.010065938890004573
15540,0.05133776941772661
15541,0.026437525282369662
15542,0.006882900017658359
15543,0.008287701377876457
15544,0.010537842862262663
15545,0.03478598705848426
15546,0.6925220072656995
15547,0.042080459176120015
15548,0.009148131893350826
15549,0.8248259722716217
15550,0.0033766789156291573
15551,0.0027827419474687853
15552,0.011247282394454446
15553,0.022115137963296394
15554,0.9065695937783907
15555,0.011560114143495169
15556,0.0063961525437525694
15557,0.011502479688983784
15558,0.03771355309951121
15559,0.06604584446101526
15560,0.013543486822153733
15561,0.018159079717960748
15562,0.013777382704280567
15563,0.009558917799144499
15564,0.034644421749200696
15565,0.07097583076947614
15566,0.014733264117526295
15567,0.008668573860179425
15568,0.0032131937346502044
15569,0.003982957866557622
15570,0.13510066541231108
15571,0.4742501887257706
15572,0.9883021462727177
15573,0.012239803487194037
15574,0.004130475191477806
15575,0.014170631706176806
15576,0.030394283206301304
15577,0.7345262728063873
15578,0.7093492289492557
15579,0.33089426168096026
15580,0.00451989481212196
15581,0.10713085699125091
15582,0.013914470941826646
15583,0.006446081557170423
15584,0.016137913812296466
15585,0.7760925615010804
15586,0.0020447267370592923
15587,0.0006817088657412877
15588,0.04647525962034107
15589,0.006315295446761682
15590,0.018181687514988353
15591,0.028233362901330387
15592,0.050692231779793505
15593,0.9659692198932789
15594,0.886712124546956
15595,0.013641470234073461
15596,0.7605927226198281
15597,0.8879585329568819
15598,0.15893560338224963
15599,0.030624303814598665
15600,0.7057768967829733
15601,0.3819970761562289
15602,0.01978720723077345
15603,0.0033705754695511677
15604,0.05289039723780701
15605,0.022197876510521262
15606,0.004132678878913261
15607,0.01576121373558803
15608,0.0035726067986568393
15609,0.014684926583054632
15610,0.8755920939905224
15611,0.0009755144125255374
15612,0.34409974743704813
15613,0.47878756070504025
15614,0.16842923502681384
15615,0.422197385100877
15616,0.0051455622753827585
15617,0.9617132611828182
15618,0.44973160504089826
15619,0.0029886279931916502
15620,0.07133388588415158
15621,0.011915127411785619
15622,0.019403797533965598
15623,0.046799892481548214
15624,0.011540099959061943
15625,0.9838251692428972
15626,0.004594872652870535
15627,0.16058570658852545
15628,0.0059336843189930575
15629,0.013387167429955415
15630,0.06845789981843159
15631,0.24246737834055407
15632,0.0013206138476141173
15633,0.002396572095487948
15634,0.023228994468756686
15635,0.7093140501303216
15636,0.009451926922115016
15637,0.11388731081520159
15638,0.015955572355144235
15639,0.5050028149973884
15640,0.4110439513352733
15641,0.10953243149546049
15642,0.15903962087708806
15643,0.006872595298415812
15644,0.2092625401761943
15645,0.018197971204537967
15646,0.1429432451649308
15647,0.013150591812913599
15648,0.17237012978048696
15649,0.015258637984864959
15650,0.006429608016146945
15651,0.012537816111527822
15652,0.005902085575743563
15653,0.446936450318607
15654,0.11175587454968494
15655,0.9308588153048281
15656,0.45924321927033657
15657,0.9552335406611366
15658,0.005942846334712921
15659,0.03656720039182408
15660,0.036567372528455086
15661,0.09197056135210234
15662,0.14030808392697558
15663,0.012540094213699103
15664,0.11032393865430103
15665,0.07117299367708348
15666,0.001094829011298911
15667,0.034921030124462106
15668,0.0009985762814298073
15669,0.05396613987349687
15670,0.7183937667746871
15671,0.016835007134837553
15672,0.002817446995188181
15673,0.09925102589978775
15674,0.28813517872954597
15675,0.8471779327142268
15676,0.0024179007652433953
15677,0.7667998672755707
15678,0.1157353604804609
15679,0.002623395324733396
15680,0.1412705745950686
15681,0.002852547529384049
15682,0.006290373402965663
15683,0.034751319106099014
15684,0.013604617986436474
15685,0.01229172056771218
15686,0.7691606756454739
15687,0.0025710430796509554
15688,0.5886282572013909
15689,0.43326785846660226
15690,0.09676018964512596
15691,0.009386491608647693
15692,0.03861377628658239
15693,0.09142823766439477
15694,0.0017067540660441688
15695,0.02804514649635343
15696,0.009948011200182346
15697,0.006852133620530891
15698,0.05750835815355374
15699,0.006299078445132074
15700,0.003335821351700208
15701,0.1361595932197046
15702,0.021000125580073286
15703,0.2234713711755824
15704,0.0009002942083441165
15705,0.969851921031208
15706,0.20306153065966004
15707,0.028293755993062445
15708,0.5590600274823069
15709,0.0034147470091345743
15710,0.7113975804564272
15711,0.06595473233699535
15712,0.004375705601481647
15713,0.008464764768928351
15714,0.0022574733203700836
15715,0.9091535512149622
15716,0.10341956440598445
15717,0.012745006552102039
15718,0.016916967129274735
15719,0.9390473412691476
15720,0.6504385306624411
15721,0.05913005358827395
15722,0.004528625850289787
15723,0.007441924804478276
15724,0.08461363044063168
15725,0.004935387074423162
15726,0.00926669588952422
15727,0.022104885206556537
15728,0.0011731088711941908
15729,0.9414302046157199
15730,0.08057339035117012
15731,0.0032205379998086364
15732,0.9648815522624418
15733,0.28371842727428903
15734,0.04530224119956058
15735,0.6246771699421249
15736,0.020070972939122956
15737,0.4627679712273176
15738,0.002405926820482983
15739,0.006598493159279407
15740,0.05224305405552447
15741,0.022769610702439616
15742,0.9094466890467283
15743,0.5940073121782072
15744,0.008770141984853938
15745,0.003676903518369341
15746,0.00572546310439167
15747,0.2733725584965506
15748,0.125327684438787
15749,0.0033719431623124856
15750,0.04465964675514779
15751,0.001187872801420709
15752,0.3273586245618659
15753,0.040677231971445335
15754,0.00801071742273759
15755,0.056173538952762364
15756,0.0021225098428306996
15757,0.0037130939804807576
15758,0.06481682876198806
15759,0.053201060472983105
15760,0.06461147529085623
15761,0.10387322445046465
15762,0.48507227424088956
15763,0.956819684692265
15764,0.017988825479835095
15765,0.004170067085656824
15766,0.031267277359476785
15767,0.0019758951580392016
15768,0.0011120773616199219
15769,0.011898616257603585
15770,0.3241253833818338
15771,0.08064198830378319
15772,0.012661053166094118
15773,0.024020663460270274
15774,0.015105909998906063
15775,0.01227104025605576
15776,0.09161054397410216
15777,0.8300634918106348
15778,0.9604377711725912
15779,0.05740140928535845
15780,0.3305553263081206
15781,0.020144548756206422
15782,0.05867714320680294
15783,0.008545896917978227
15784,0.016251763513087252
15785,0.03562749612433514
15786,0.01555623256580893
15787,0.005040812364320227
15788,0.5038167798397261
15789,0.9452709053714401
15790,0.035759301831562944
15791,0.003497619194301504
15792,0.9798032691643699
15793,0.006065628095243366
15794,0.005839649486222705
15795,0.4185868085714583
15796,0.003191795740097142
15797,0.17479024272902208
15798,0.9311556910267244
15799,0.01732854598952475
15800,0.12241448895922313
15801,0.753249216143256
15802,0.40385893738709
15803,0.07914506528589922
15804,0.024587537044696652
15805,0.04313868392619907
15806,0.006500946815688888
15807,0.7046236756312076
15808,0.447854946233736
15809,0.0180261422453614
15810,0.861125833639295
15811,0.08840529405924993
15812,0.4874407723798839
15813,0.0025217867757579056
15814,0.023610420453934734
15815,0.022973359819947095
15816,0.13877082964593418
15817,0.019605059412730767
15818,0.23291088161334392
15819,0.007442673988295317
15820,0.004486063360834553
15821,0.8297025798951827
15822,0.1860811446329888
15823,0.0660309219819337
15824,0.004536660222379719
15825,0.0023393545240410984
15826,0.0033071020501464045
15827,0.016441274495512817
15828,0.01115414346962084
15829,0.45177077565471097
15830,0.9488194610899767
15831,0.05923522747782427
15832,0.03776609610556312
15833,0.4937081257896844
15834,0.041019831375094074
15835,0.007405280310657699
15836,0.002898753666602316
15837,0.2626278515897487
15838,0.003368813947403418
15839,0.0004108147090654781
15840,0.0023693620559643008
15841,0.0031325371665357126
15842,0.047132817848973926
15843,0.08801569426063267
15844,0.03442026383222096
15845,0.6301068454195548
15846,0.908963692909284
15847,0.012938838478339567
15848,0.034944599633008805
15849,0.07324812576150962
15850,0.0010436972734468406
15851,0.025707049920020663
15852,0.03146850885420526
15853,0.0117433324219248
15854,0.0016240845842687536
15855,0.048439473758424716
15856,0.24010737617486388
15857,0.044550626072128376
15858,0.005357138520910015
15859,0.49725212289149084
15860,0.004220035346281256
15861,0.6136865727437293
15862,0.013616677585523936
15863,0.06819756489502006
15864,0.9993073655070416
15865,0.1093806936664769
15866,0.008359252058208384
15867,0.10145582130389946
15868,0.011784986901885562
15869,0.009004101261154631
15870,0.004892124143179847
15871,0.015741789496497967
15872,0.1812197819093903
15873,0.13388809966876944
15874,0.003643991228229401
15875,0.040198602735270414
15876,0.0063834675956774434
15877,0.0060012308232230745
15878,0.4714889822622546
15879,0.7040657786797413
15880,0.010940133774876291
15881,0.018991166303869735
15882,0.006064960965630669
15883,0.01650911004628393
15884,0.07164070775393533
15885,0.029468797660762592
15886,0.4115543279009186
15887,0.0030204817990274035
15888,0.25524568805240044
15889,0.005135153343945009
15890,0.017601977323080577
15891,0.9828362286643724
15892,0.005291024535062845
15893,0.5375388793849917
15894,0.0033981781769700393
15895,0.021932096170888923
15896,0.08925911188792959
15897,0.8354818599910169
15898,0.022236323186820128
15899,0.004994803918234143
15900,0.36854930797224456
15901,0.49726309297166016
15902,0.006796821811439842
15903,0.937428798712813
15904,0.003537647053250876
15905,0.004022813372454975
15906,0.02794043764281928
15907,0.15225776990826773
15908,0.023996045264910594
15909,0.05840748493747955
15910,0.049352623829028074
15911,0.10541315724580566
15912,0.009287421051947584
15913,0.002192045023138185
15914,0.3616338651570504
15915,0.06436282853533112
15916,0.020289775349635195
15917,0.005732700509635417
15918,0.02077456636665308
15919,0.18947270860763724
15920,0.39308554055239636
15921,0.14248277685570132
15922,0.010243757505609035
15923,0.006147678405908656
15924,0.8812201806349006
15925,0.0036364840007841164
15926,0.010272960906158474
15927,0.9572808962538771
15928,0.13433194957151284
15929,0.768305122542526
15930,0.9345660729691715
15931,0.39797004220060694
15932,0.005458398437905476
15933,0.8334625388244989
15934,0.011548572872791684
15935,0.0016965592054344171
15936,0.005047593912274369
15937,0.005966664947124599
15938,0.03603139887667622
15939,0.008268705397828417
15940,0.08835666134307531
15941,0.09407399594678244
15942,0.006561949963789169
15943,0.022231180663524284
15944,0.004681338730221256
15945,0.0006820921481487685
15946,0.04596289477344536
15947,0.000897470837517573
15948,0.6201221594642917
15949,0.8574352757770769
15950,0.003070576930244948
15951,0.026141356522931578
15952,0.9917352252007771
15953,0.8174065199019985
15954,0.022323044187144054
15955,0.02184001803757211
15956,0.004829490457834858
15957,0.015746776098116585
15958,0.983805825715793
15959,0.1431638984168244
15960,0.0035009938779835235
15961,0.8218740452510813
15962,0.01041413138253603
15963,0.0007707054661698636
15964,0.12388628394739401
15965,0.10645194848792199
15966,0.9721815435484881
15967,0.02165200914201644
15968,0.4689155953943754
15969,0.0143670664189198
15970,0.05837748849825134
15971,0.023761840173512568
15972,0.9985834228768116
15973,0.010656734183194062
15974,0.4089004454579478
15975,0.06318630295279416
15976,0.0010569445171199775
15977,0.03984476300831949
15978,0.281298767688188
15979,0.006889811596118701
15980,0.02066240456775828
15981,0.0033294439545445407
15982,0.002222426504999734
15983,0.03542079910869898
15984,0.0026956249657525922
15985,0.04117711992925153
15986,0.20258657884616615
15987,0.08949785039189406
15988,0.01254340185244165
15989,0.05903113547024085
15990,0.5155615017369417
15991,0.0024458943827679147
15992,0.991205066649688
15993,0.061751363659482625
15994,0.015922099962056773
15995,0.023523747947669395
15996,0.9321916464595124
15997,0.17486956562979006
15998,0.008345475755367005
15999,0.010395218474417092
16000,0.6838340826630849
16001,0.01188432273048748
16002,0.01461274512358807
16003,0.0008304330355202152
16004,0.04162953762842089
16005,0.318613784732873
16006,0.027778410954560434
16007,0.026119291379563266
16008,0.0011625818472840725
16009,0.6240035275345057
16010,0.0034429253885130532
16011,0.3819948901518068
16012,0.0072752225034454455
16013,0.0014642482916677967
16014,0.029669365955732382
16015,0.11691457426902398
16016,0.6960492061239707
16017,0.09766866100740519
16018,0.020058541031669392
16019,0.10210007743574215
16020,0.012295996700817758
16021,0.006136436952144748
16022,0.001991570311391614
16023,0.020404736543714913
16024,0.010431766195139148
16025,0.0044047509440706895
16026,0.942023151380843
16027,0.0016053993102375184
16028,0.054815386268812064
16029,0.026730999390736847
16030,0.011575901350534499
16031,0.03968227610502478
16032,0.19886055832039548
16033,0.06596350875438983
16034,0.8122926464122077
16035,0.024524458832426294
16036,0.09084623308931822
16037,0.03073454816989065
16038,0.05433520665813308
16039,0.031310129477691837
16040,0.024098839097288563
16041,0.9953902541196851
16042,0.0625162151426653
16043,0.01028088851594638
16044,0.0075491082072168935
16045,0.9838665512734484
16046,0.35433620944107835
16047,0.07092129251562446
16048,0.03601406752198659
16049,0.02628553529379261
16050,0.014040145343597873
16051,0.009991838937300334
16052,0.030663328393152958
16053,0.006794246995330686
16054,0.27586232415779677
16055,0.10765221386406917
16056,0.08769051665436498
16057,0.7696036919396076
16058,0.5821846538270147
16059,0.028725092379487036
16060,0.9648821602332485
16061,0.03416245389295232
16062,0.0060844110984413745
16063,0.005049713000920037
16064,0.012107728226973723
16065,0.007925979257421707
16066,0.005707169245533731
16067,0.00517427111363594
16068,0.654312252694586
16069,0.010239291642904456
16070,0.818475510558003
16071,0.0032339124147268534
16072,0.01438196597299072
16073,0.6086938942382725
16074,0.013588569478412025
16075,0.10259211947624287
16076,0.6510855640128779
16077,0.8852976900995108
16078,0.8937126138780391
16079,0.36628615407636816
16080,0.014596618433131243
16081,0.012938344952891048
16082,0.313369729000858
16083,0.17429819232998817
16084,0.006387594026103995
16085,0.005680485312536245
16086,0.6999004959098154
16087,0.0019476437165686499
16088,0.003089926460926247
16089,0.003037234336687199
16090,0.973982966875941
16091,0.027033588275143683
16092,0.033512273171703126
16093,0.13227368026747427
16094,0.2915184484583994
16095,0.17537293175918942
16096,0.0765815805921113
16097,0.4245948324974101
16098,0.07871241864258897
16099,0.258906297033457
16100,0.0034257691582916627
16101,0.015286498774004481
16102,0.017937948972559434
16103,0.006580197059221667
16104,0.0022571703615940964
16105,0.9173433078359192
16106,0.010940805742228193
16107,0.0068071088336370085
16108,0.9153908378898542
16109,0.09842866392264213
16110,0.0056004220465235245
16111,0.5294015398771821
16112,0.02050637065871377
16113,0.04785626647905722
16114,0.00331228281675141
16115,0.9846984333157969
16116,0.002558097374816144
16117,0.003491963695491223
16118,0.003725005257590619
16119,0.32263156858173475
16120,0.003529816113248101
16121,0.0011892510972154869
16122,0.02034127758553723
16123,0.0022407274253357545
16124,0.010677551837426202
16125,0.0029876520924175796
16126,0.07663439145159688
16127,0.030261228622339983
16128,0.01946303754760004
16129,0.05335896464814293
16130,0.9083309846950185
16131,0.006707510019527755
16132,0.6697450028084031
16133,0.9865055578513159
16134,0.36802077846643483
16135,0.022316338433295304
16136,0.003365656595951625
16137,0.022003504536954575
16138,0.0028122851322865735
16139,0.0024156294258935148
16140,0.003200723390796956
16141,0.17392481177014046
16142,0.015109293243345565
16143,0.009819028181834045
16144,0.003207710691296441
16145,0.012542251001610993
16146,0.05683359331946714
16147,0.12177949581803171
16148,0.47310018813786825
16149,0.8979199619250208
16150,0.05714376730273392
16151,0.09433092309259747
16152,0.5252423576407511
16153,0.3809551454675163
16154,0.003708139134829734
16155,0.38775644930249076
16156,0.0033222707217233052
16157,0.2087822604682694
16158,0.336068380921334
16159,0.2972987563320065
16160,0.1771754595095777
16161,0.9387340468560625
16162,0.006045427294832497
16163,0.0069360913828781
16164,0.7916295382891647
16165,0.2107017262748521
16166,0.02792971629023219
16167,0.8331956970339173
16168,0.024680954092631345
16169,0.032434107015698904
16170,0.022331645748284473
16171,0.3459613732865063
16172,0.005801139112959724
16173,0.660321835084786
16174,0.11124850751711461
16175,0.014163384887658363
16176,0.005780671537872986
16177,0.23697819877514567
16178,0.00800290016146661
16179,0.10617932209390828
16180,0.004091635086390011
16181,0.004696329979620668
16182,0.024478232511915773
16183,0.0039006794183949565
16184,0.009254366982418256
16185,0.043297755090958914
16186,0.8604886215529383
16187,0.037388925784019984
16188,0.036698099817150075
16189,0.038833046329326035
16190,0.0021804507215411042
16191,0.8626938976144096
16192,0.9941247212235845
16193,0.5316644846478877
16194,0.9915986304841049
16195,0.25621496211623845
16196,0.10609506708015791
16197,0.03775259714800246
16198,0.026027525490610492
16199,0.03166873305490846
16200,0.018488535673468455
16201,0.06936368049732797
16202,0.1355439766500822
16203,0.6876114747986511
16204,0.008763948135076518
16205,0.5973692135470553
16206,0.012152596400141475
16207,0.009163034774248197
16208,0.2508153556437543
16209,0.11141066334797131
16210,0.0475618427997512
16211,0.13595645308796156
16212,0.006459536048207879
16213,0.092291019761862
16214,0.48149197957937667
16215,0.01215495109963985
16216,0.02144564022706122
16217,0.6831035949530418
16218,0.004492527043469513
16219,0.02289920364309694
16220,0.005077018707704555
16221,0.02767281176564212
16222,0.4492920487955871
16223,0.9263536475897043
16224,0.0012844010817573924
16225,0.027176353766354223
16226,0.04384549299900899
16227,0.001223803156168594
16228,0.06259819561075818
16229,0.31139164325054147
16230,0.024490163702800483
16231,0.4521762277959258
16232,0.5854751623999235
16233,0.35124778334498047
16234,0.9580901350691998
16235,0.0025537688454663836
16236,0.01045495172343335
16237,0.6261267441611829
16238,0.05885401468335517
16239,0.04508977151679801
16240,0.13267722886980518
16241,0.1996913872288161
16242,0.007666471015517445
16243,0.04000939872136655
16244,0.46075716218529617
16245,0.38954891054395424
16246,0.007502622617331379
16247,0.0004509746045737906
16248,0.9795773566322377
16249,0.037374863395185164
16250,0.7494666917070073
16251,0.9232748369528074
16252,0.003498067973116424
16253,0.01550884069515018
16254,0.00389681903330113
16255,0.02072544630316177
16256,0.015391282987934064
16257,0.0019217994481481571
16258,0.011930037218248648
16259,0.08455614825737981
16260,0.003066775051166831
16261,0.09882689775360207
16262,0.035715968031630234
16263,0.007498677493163766
16264,0.015374678271323817
16265,0.009667512738633444
16266,0.6131481131777312
16267,0.002249665821559623
16268,0.058879723913139906
16269,0.014888315539993755
16270,0.043195427137046084
16271,0.009733573658617737
16272,0.2233918693345637
16273,0.01549419230373318
16274,0.10327051365212137
16275,0.005744397910803269
16276,0.12793054835854187
16277,0.9852318615355067
16278,0.02610737064857381
16279,0.37454034678177767
16280,0.0028107134657119914
16281,0.4702666803717883
16282,0.02048147108806453
16283,0.007997335158533448
16284,0.039217699118164986
16285,0.1384693492310746
16286,0.008726003961919363
16287,0.01777321095807398
16288,0.4441835677975111
16289,0.02454236862058243
16290,0.001973977532517164
16291,0.008637594373477617
16292,0.5788222425978385
16293,0.7967424126147566
16294,0.01888280677388535
16295,0.09955651341086552
16296,0.027539712055706173
16297,0.9297398410062636
16298,0.027407327178264062
16299,0.9890097744174711
16300,0.02037694366871845
16301,0.12406386175767534
16302,0.6298642124661511
16303,0.008542629083444993
16304,0.005510411652098607
16305,0.11396006113837012
16306,0.01660172264988277
16307,0.8671859199854295
16308,0.0037520652496258727
16309,0.9971549576261718
16310,0.23645907218790327
16311,0.012419560756683507
16312,0.9474309755812292
16313,0.9882179472732008
16314,0.000550496336456282
16315,0.8453712736864484
16316,0.932037046914927
16317,0.017122142015331587
16318,0.003580744276886524
16319,0.5823225430226341
16320,0.335719403591617
16321,0.015990370422180104
16322,0.2314425861134304
16323,0.0060565231755196815
16324,0.002027522444394396
16325,0.03442907881454304
16326,0.038452286496385345
16327,0.024375416451358507
16328,0.9473525695696381
16329,0.035069990291172824
16330,0.07020032462006785
16331,0.003592561847109405
16332,0.031009212856817892
16333,0.0030082971556541884
16334,0.04121259709112155
16335,0.018483296808287197
16336,0.09351534874557606
16337,0.0018224201859208292
16338,0.013722320905902315
16339,0.024530014093670265
16340,0.004290120532835903
16341,0.5151386972843292
16342,0.003558866108622428
16343,0.203331160415311
16344,0.013115764389196349
16345,0.011371289364605608
16346,0.9939249831463759
16347,0.01834939213593008
16348,0.0057753884693151365
16349,0.19137985197960744
16350,0.07892225155407046
16351,0.021567632877432047
16352,0.0054516783475838885
16353,0.009864780056635351
16354,0.1205193631511481
16355,0.5830231826430471
16356,0.9941675309910795
16357,0.9837627910931639
16358,0.0242851595215473
16359,0.25083058358938004
16360,0.006018091639305133
16361,0.9641659056183796
16362,0.06048425100961692
16363,0.005175816768296187
16364,0.016472344805425504
16365,0.6251331972814564
16366,0.6705767844831245
16367,0.01516980031830565
16368,0.914766090167287
16369,0.08377843397822876
16370,0.13429939486789927
16371,0.059643757762892706
16372,0.010195386865978123
16373,0.12170834059410313
16374,0.01999594690000785
16375,0.004939388020942157
16376,0.03737136741302991
16377,0.11830849513198673
16378,0.0018278710897383236
16379,0.8323203732690169
16380,0.263905295210129
16381,0.09216182605097546
16382,0.005034622701779408
16383,0.001327972876743662
16384,0.07858095893464721
16385,0.019183447128931913
16386,0.8869672794174535
16387,0.005476677987258594
16388,0.027999597562791054
16389,0.9509836315063356
16390,0.48381596547463745
16391,0.15613051172629022
16392,0.029837924001462377
16393,0.0006649148210307732
16394,0.0016238783830109323
16395,0.01739230233313467
16396,0.6659485675876032
16397,0.07597324444007934
16398,0.8081527087058707
16399,0.0026123830102387615
16400,0.2212272521344008
16401,0.01260826799841294
16402,0.6929317885667777
16403,0.000819258495225174
16404,0.000825722580790774
16405,0.025323259953864502
16406,0.5864092346202882
16407,0.838326625951209
16408,0.5710089038890076
16409,0.38103442688512684
16410,0.058052421148346134
16411,0.0013040884791282593
16412,0.973556592982914
16413,0.9889476670546844
16414,0.06440575305687937
16415,0.0060906471782356305
16416,0.004526820593076828
16417,0.028813805774720584
16418,0.0024884367528208787
16419,0.04638892280118174
16420,0.08617044500587905
16421,0.008269569847739381
16422,0.019571925017339127
16423,0.18169889516702958
16424,0.003719841842989425
16425,0.0839729707160279
16426,0.02772319290451347
16427,0.0008165071791561907
16428,0.012857554373324882
16429,0.8874582291842131
16430,0.0014495785413304527
16431,0.035400192927609195
16432,0.02421350300354757
16433,0.0732447883559934
16434,0.5050601954376034
16435,0.0022523947315650746
16436,0.0026050878035074492
16437,0.0011598088976421809
16438,0.07053622652111999
16439,0.012278284936667407
16440,0.001674140964743346
16441,0.01258595634274039
16442,0.05398173810958231
16443,0.11387303221524478
16444,0.2600887985129935
16445,0.12615511885965305
16446,0.06374845608641332
16447,0.05357827639127766
16448,0.03314083094091848
16449,0.005287164503275093
16450,0.01952998610949432
16451,0.004550139858329562
16452,0.4774070846587479
16453,0.08779992992450898
16454,0.2574842979300422
16455,0.031025414597557192
16456,0.009760582322703795
16457,0.06011439447772609
16458,0.014394704962848176
16459,0.007553315136164683
16460,0.010997818219160746
16461,0.011761230781446587
16462,0.002412499586995114
16463,0.9062407500370686
16464,0.002287257788472233
16465,0.016158984944107137
16466,0.07537598183350978
16467,0.004744445283845687
16468,0.12879270517123986
16469,0.006919240233582347
16470,0.012617408343216232
16471,0.8193397422967881
16472,0.0051925952064152125
16473,0.03581736893653668
16474,0.004094733805361279
16475,0.9002168940047067
16476,0.9093433471683194
16477,0.05329559799718025
16478,0.011761630055129486
16479,0.008140335968825992
16480,0.039412603127142176
16481,0.004190608284512844
16482,0.00026307963850980633
16483,0.6463490017090473
16484,0.0646433028838802
16485,0.003856390147348746
16486,0.03249845054087159
16487,0.020026837460125655
16488,0.01550522604866815
16489,0.9544767412919412
16490,0.027854775248929018
16491,0.005542716826326577
16492,0.5584713230806135
16493,0.013099863490516468
16494,0.6888799910021136
16495,0.04406611288689604
16496,0.005805697941542295
16497,0.03450765299708257
16498,0.03163270528179409
16499,0.03314907061093484
16500,0.012028039667448113
16501,0.011306389311984251
16502,0.41707412968573687
16503,0.007603651855952839
16504,0.0323078465975218
16505,0.0072562712036724755
16506,0.008789219396900926
16507,0.005495316450621545
16508,0.07168860320252557
16509,0.02858951546552222
16510,0.9847704811154445
16511,0.038568627490588744
16512,0.009357881151162687
16513,0.009523287703672789
16514,0.19318564232688654
16515,0.026266224414548213
16516,0.0022235157641748
16517,0.1025853043958977
16518,0.04606774212463847
16519,0.0015450795424572488
16520,0.018640993894092656
16521,0.002247485510931208
16522,0.010436396092484132
16523,0.6621665339235877
16524,0.02416173468392993
16525,0.21522870507614475
16526,0.008082787250532901
16527,0.0009843856146676212
16528,0.9690972118808049
16529,0.43738366529719813
16530,0.0037957058160989253
16531,0.01689027836406415
16532,0.8675331209770017
16533,0.0064079354753130684
16534,0.04615676402695882
16535,0.046266827593767684
16536,0.02536694562585497
16537,0.0026988212722290125
16538,0.010953447949268228
16539,0.584324798773007
16540,0.1276192802896433
16541,0.005308923850724347
16542,0.0070133573051682895
16543,0.33861040438704215
16544,0.25778892434454825
16545,0.22082603830946504
16546,0.00703548070615553
16547,0.22307540259602457
16548,0.7648820776152433
16549,0.021422767443435197
16550,0.42578934650063793
16551,0.011569279528408173
16552,0.019817477032365916
16553,0.02589612170816213
16554,0.015188355039209065
16555,0.026307281337400876
16556,0.6237599706653939
16557,0.9266543074315012
16558,0.011562118608651176
16559,0.03640319653593269
16560,0.052004899672495414
16561,0.02051074072909144
16562,0.046479615387770915
16563,0.03262400259365058
16564,0.1082747442850616
16565,0.9759916982457172
16566,0.4086839415482323
16567,0.4220619334883084
16568,0.5752553235351118
16569,0.004395931225460328
16570,0.132913323881598
16571,0.06503404330300346
16572,0.0029872556608479045
16573,0.001197501451562486
16574,0.6087226705147457
16575,0.009707536078151842
16576,0.03249208159481792
16577,0.06396765599973118
16578,0.005163797605455418
16579,0.005328158311933673
16580,0.0028301996785637393
16581,0.011347312036936225
16582,0.6399422951870345
16583,0.01965129690675317
16584,0.0031010115189983325
16585,0.00727033168545846
16586,0.8939784710026188
16587,0.12516943897256022
16588,0.9666904328257016
16589,0.0044964919664244535
16590,0.8043180513274911
16591,0.0016242114568185647
16592,0.9760069542005257
16593,0.08308087919571717
16594,0.9014836640330532
16595,0.012135517448418317
16596,0.008036018256834414
16597,0.682625425117051
16598,0.6997782327182044
16599,0.018464997600272662
16600,0.3867625475855592
16601,0.0037704014814295443
16602,0.39498582303248697
16603,0.0035629716700608244
16604,0.034907446762516045
16605,0.007910541422805234
16606,0.4299186210020146
16607,0.12010288887111899
16608,0.9097956805077677
16609,0.9050149134863876
16610,0.6235739439139085
16611,0.012665870453793832
16612,0.0030130598079305647
16613,0.003934898625209418
16614,0.4758917962307542
16615,0.015839358606507533
16616,0.08009370635063363
16617,0.14779485466677866
16618,0.0021878955170627416
16619,0.10249332591895229
16620,0.011961581256690319
16621,0.7364276374020007
16622,0.659779536338618
16623,0.006317874797359437
16624,0.390100985207479
16625,0.0057818327419025305
16626,0.0031816299869762985
16627,0.01463374408410974
16628,0.0032323936861625552
16629,0.038297412392104054
16630,0.04210746947368834
16631,0.8514493150636523
16632,0.011483713785718741
16633,0.26618467426370024
16634,0.0022744269135393487
16635,0.9631631348619718
16636,0.0650227112871147
16637,0.0038794642150006484
16638,0.14784332853530102
16639,0.015388283614316139
16640,0.6668130542584068
16641,0.008861557265191184
16642,0.011750591546568018
16643,0.040924908791386806
16644,0.025096280192235032
16645,0.021164340673359646
16646,0.016297301349796175
16647,0.12772609225265916
16648,0.01980145603365833
16649,0.04848615774779212
16650,0.001371555672225464
16651,0.00056606416821876
16652,0.01924070615635924
16653,0.0032751707208834107
16654,0.001431363798010153
16655,0.00036879045065622954
16656,0.6468028476453889
16657,0.25979706143491704
16658,0.0028559995736040732
16659,0.0034263770362467608
16660,0.8178855440967459
16661,0.6840020810541534
16662,0.01362669548741542
16663,0.025544033684707
16664,0.0020161268194690035
16665,0.03282217359973008
16666,0.035629514367813676
16667,0.012443057556990291
16668,0.6869508299388823
16669,0.0026168253771038153
16670,0.004788539424532928
16671,0.0010454410930207138
16672,0.20731911402509723
16673,0.8576347195450441
16674,0.0013991047014673412
16675,0.08606550679583264
16676,0.0060414995569653815
16677,0.0021575717802045746
16678,0.002792301138155056
16679,0.004499820943018913
16680,0.006259902827103524
16681,0.007181541883625294
16682,0.6117780610374124
16683,0.02209027425458382
16684,0.001313674627044795
16685,0.053650865682085894
16686,0.7366537218954514
16687,0.0015922875690648755
16688,0.843242210117563
16689,0.2905894000645637
16690,0.9913674471032966
16691,0.10297873809237787
16692,0.005852473974417534
16693,0.7809236068572353
16694,0.00858109672965048
16695,0.0017805684088772094
16696,0.0013073821161981882
16697,0.0025230464250625808
16698,0.008922530810648466
16699,0.016711084312807673
16700,0.023210998345071825
16701,0.9393661133463523
16702,0.003069349919210599
16703,0.016211375995565477
16704,0.018415363112337383
16705,0.026580998981721733
16706,0.009476671004425816
16707,0.5538698250589352
16708,0.00868339668985284
16709,0.00453265958907782
16710,0.01917654340087113
16711,0.8221192254079189
16712,0.01073495321943479
16713,0.5033682021602417
16714,0.03560387649962474
16715,0.19701663650486673
16716,0.01161762600867962
16717,0.029716827064848895
16718,0.8769955706630598
16719,0.6326767079759563
16720,0.0021442569043951896
16721,0.1758724638342319
16722,0.07873144567456183
16723,0.00728665164362752
16724,0.02946117427490487
16725,0.003113309418426753
16726,0.0042954068728401915
16727,0.8470945180129273
16728,0.4019650622285885
16729,0.03670329393830826
16730,0.0015416768102362946
16731,0.0019330513752511954
16732,0.9670826437543344
16733,0.022139740726773514
16734,0.0338986829729723
16735,0.26796363913496707
16736,0.9402520604343191
16737,0.014402503442721325
16738,0.011534753268941414
16739,0.9693133224992235
16740,0.002334158344795921
16741,0.009687429613078053
16742,0.5022836768040676
16743,0.006141743629106022
16744,0.018195866139466856
16745,0.0011583747957721645
16746,0.002992849628959744
16747,0.0022492704736073467
16748,0.10232836251354402
16749,0.010494261272400895
16750,0.0037434434767454347
16751,0.015435521294686722
16752,0.008976160683721314
16753,0.00187822105695975
16754,0.02761809688021362
16755,0.013141265440747039
16756,0.029333697419912777
16757,0.010477620905555549
16758,0.008139227519767667
16759,0.07201920740386156
16760,0.004433105972098464
16761,0.0031120446855415363
16762,0.003307816364290855
16763,0.055155430900607844
16764,0.7555590322502156
16765,0.0024954636095248766
16766,0.03657927653565917
16767,0.021304665655121322
16768,0.3544321802185159
16769,0.04420975660536746
16770,0.3354754377910592
16771,0.003150353249073011
16772,0.3147728579915005
16773,0.0014449095917542737
16774,0.002162970969832702
16775,0.0025444697987400474
16776,0.012304952345528789
16777,0.33765949118613303
16778,0.12423211232896506
16779,0.00395169982073512
16780,0.22220410153226458
16781,0.12812890523750495
16782,0.7371998206858896
16783,0.003909155493956477
16784,0.01501932576976255
16785,0.005938711666653115
16786,0.017199921327334746
16787,0.005699245286216041
16788,0.026922071837392942
16789,0.9843161235333874
16790,0.12305091195939524
16791,0.003087040459127586
16792,0.03381772045485644
16793,0.022428164761455455
16794,0.0060830683502209465
16795,0.33740499964413107
16796,0.005138348461579682
16797,0.030282575869212285
16798,0.10881491917773037
16799,0.02441811258017762
16800,0.11253086724354686
16801,0.021575626770244785
16802,0.04429481065897041
16803,0.004994260755123675
16804,0.09963032244818468
16805,0.0008867425886375854
16806,0.0008404657304949708
16807,0.25519073318654223
16808,0.0008602311902579835
16809,0.002284489819150293
16810,0.010583301172828337
16811,0.0021942355959953235
16812,0.0878910485200874
16813,0.20656283806706527
16814,0.046370171989197746
16815,0.07901045137041862
16816,0.014308772709765879
16817,0.029132703506095425
16818,0.9133681545538304
16819,0.9987107772204804
16820,0.09224433684043909
16821,0.972985419798219
16822,0.001646358310149661
16823,0.002019162824114264
16824,0.9443303841822446
16825,0.015702528587366187
16826,0.014929614633059854
16827,0.004707063312245861
16828,0.0015850169204800067
16829,0.9768260902030906
16830,0.16030934235294544
16831,0.9912468709561512
16832,0.9113190935147457
16833,0.9189798389919853
16834,0.0167729025409722
16835,0.014129952130602013
16836,0.2234294783619724
16837,0.4451212711358256
16838,0.25381167411958844
16839,0.4436933263898598
16840,0.9951238315623985
16841,0.013284495760836882
16842,0.2964914735916244
16843,0.08429553630424376
16844,0.9174682425243115
16845,0.020064158410398516
16846,0.8435776005127319
16847,0.4263517222402224
16848,0.49034444385965475
16849,0.016015357227114252
16850,0.9850103872871082
16851,0.02509648860430331
16852,0.0006878272490896654
16853,0.7221154675153624
16854,0.32963193254278267
16855,0.026134836131376255
16856,0.37804047670403357
16857,0.26934007524154696
16858,0.4897115818908223
16859,0.003919775439241088
16860,0.0722618528478316
16861,0.002922487839723422
16862,0.028281305041810957
16863,0.016669006055795146
16864,0.08269850517419522
16865,0.007384554018008377
16866,0.26028430233487354
16867,0.06862641988108947
16868,0.2600873560283665
16869,0.003553062692561821
16870,0.03774180996480555
16871,0.43259819466139615
16872,0.042290787157822037
16873,0.010080722069296697
16874,0.007481894998003411
16875,0.9481121285972981
16876,0.007645867860530019
16877,0.008613660014657824
16878,0.003603412688842831
16879,0.0033093247603162633
16880,0.12056190497253565
16881,0.002847285433385921
16882,0.015031681255458808
16883,0.12251194371440366
16884,0.05499186551718614
16885,0.017136755554755745
16886,0.004201700789254994
16887,0.1918473399790827
16888,0.0017743754660102114
16889,0.05530332556759582
16890,0.4706981857969138
16891,0.006546600788770855
16892,0.03995411539615181
16893,0.030580350284994822
16894,0.2214322883675339
16895,0.3260202223640839
16896,0.11904048998504087
16897,0.04171809541585432
16898,0.0856834262904728
16899,0.01937569782315736
16900,0.006500284184556632
16901,0.0021692137883817337
16902,0.9806344475792993
16903,0.02670631216279216
16904,0.6647581163467193
16905,0.0008621062030810889
16906,0.2305030054690348
16907,0.012707815817284283
16908,0.010155387648249052
16909,0.0010728533331805506
16910,0.0040678518737829236
16911,0.016173317072038684
16912,0.0038273910178772894
16913,0.01084442563943004
16914,0.004912257767937625
16915,0.04943714080931377
16916,0.002026936517811839
16917,0.005310436639492244
16918,0.8077834420786578
16919,0.012354121599154054
16920,0.010554070711702898
16921,0.4425017730536095
16922,0.06058324609149057
16923,0.3656527167006906
16924,0.033311357684778505
16925,0.1286256446660413
16926,0.005543701373358983
16927,0.006586444999676227
16928,0.7373454549745562
16929,0.6323763374162535
16930,0.002727547526345162
16931,0.8648427824585465
16932,0.2327415555181184
16933,0.01815453838337591
16934,0.017313343493672778
16935,0.010464242301005188
16936,0.8911140108080327
16937,0.005963344151423034
16938,0.0010046206608886367
16939,0.01829518136558402
16940,0.5584229721977358
16941,0.38057327246482925
16942,0.14406614678695961
16943,0.9870900401982265
16944,0.017714057671717687
16945,0.002751595652014001
16946,0.03786212349002464
16947,0.028236499725734554
16948,0.04087820660680575
16949,0.9927493227203814
16950,0.18356038072954264
16951,0.9825413423926342
16952,0.006007243178765038
16953,0.01730466613206917
16954,0.013379691550650904
16955,0.015258250831282068
16956,0.02809990802822246
16957,0.34520628883883525
16958,0.009831710687770374
16959,0.001804706015224869
16960,0.03121739358405544
16961,0.0065217181429962105
16962,0.02062125271288791
16963,0.014581597095579856
16964,0.006731048334741167
16965,0.005453855299158429
16966,0.9607038834692389
16967,0.32582281918238387
16968,0.9529555443285022
16969,0.004971633843863988
16970,0.0005779049436348715
16971,0.37582337493328677
16972,0.9580841191589383
16973,0.29721059762597474
16974,0.016302807508747436
16975,0.0013901318702002061
16976,0.0333126406578539
16977,0.07175856995036752
16978,0.2799780780429776
16979,0.004530714583461127
16980,0.17634142469118025
16981,0.9535471982328946
16982,0.9751900819618043
16983,0.985947829300835
16984,0.026204844728748795
16985,0.02065026780789263
16986,0.0005908235513835465
16987,0.004315290406935618
16988,0.0031625700327312435
16989,0.4338610684131462
16990,0.016350618915495403
16991,0.01702262092720291
16992,0.29717535051331356
16993,0.0027450076684280757
16994,0.022055896081845328
16995,0.00954548370469456
16996,0.005703222862654267
16997,0.11104627105539981
16998,0.9372776689202403
16999,0.04666951680741443
17000,0.011807550720894892
17001,0.003254141600179479
17002,0.017455404797157088
17003,0.6441342886511218
17004,0.0225024563714625
17005,0.10555822741626458
17006,0.08952826818654915
17007,0.4599182179265978
17008,0.043996142779191436
17009,0.604821629549894
17010,0.06072823155819371
17011,0.03774194585227959
17012,0.012865039361095969
17013,0.007044241264285568
17014,0.2868810730663416
17015,0.8208076505054225
17016,0.0022312754022999664
17017,0.06702003714106018
17018,0.011462280454773094
17019,0.008443525102763957
17020,0.031132741992504823
17021,0.038953072814114
17022,0.0550913400259696
17023,0.9356968134574142
17024,0.00273003637281792
17025,0.012065777915301872
17026,0.0026541782398041094
17027,0.004629758288735172
17028,0.7897276870340715
17029,0.004682002614544451
17030,0.0022628557666809807
17031,0.003115367755098235
17032,0.932507242307771
17033,0.04319025544386789
17034,0.012106039946402792
17035,0.02436642743189602
17036,0.005331776852724184
17037,0.0022919613246680016
17038,0.0344452742971443
17039,0.01240566545561051
17040,0.017278565409697105
17041,0.009609848315650723
17042,0.9533033411387294
17043,0.01803341168991826
17044,0.017691585802856683
17045,0.03898196023906635
17046,0.8521072164556778
17047,0.0027155496117934573
17048,0.0935717102064886
17049,0.04204030222013878
17050,0.19341023643356203
17051,0.9646370169071601
17052,0.02586266339500948
17053,0.9482028929932019
17054,0.015770206387436123
17055,0.01729655995286072
17056,0.020219570787252093
17057,0.012342081855204638
17058,0.010806551810448827
17059,0.006479147704680859
17060,0.4283582447481046
17061,0.9903357701794038
17062,0.007932035248100449
17063,0.03118277830881458
17064,0.7295997346448895
17065,0.04001842492433346
17066,0.8660607992451635
17067,0.49797116125939417
17068,0.4771238807223647
17069,0.39086530748174797
17070,0.6241174400821469
17071,0.9694793204110498
17072,0.005948119718428001
17073,0.007762614767434925
17074,0.1001991550030872
17075,0.04425683755100214
17076,0.013175170958996257
17077,0.5437465763442393
17078,0.2509579287557351
17079,0.8412650813971594
17080,0.21611375248217415
17081,0.0219004840774492
17082,0.030884097542172202
17083,0.0614460482615211
17084,0.38116195256854707
17085,0.9840190298350554
17086,0.04750374592919014
17087,0.12522602180343825
17088,0.00277076270035807
17089,0.019107999749816116
17090,0.0068339945700735235
17091,0.005679191279260983
17092,0.09293395055673877
17093,0.006513029529110451
17094,0.05112406658910748
17095,0.7935965822945547
17096,0.5948911902884195
17097,0.4371207379250383
17098,0.0016397703240591769
17099,0.008030774514791122
17100,0.7117520309747942
17101,0.07137166423466743
17102,0.6864654429980179
17103,0.015617876647927366
17104,0.04174965032063885
17105,0.6069587071711343
17106,0.01079664411950682
17107,0.05667895333907762
17108,0.05073343838710699
17109,0.010396299844294608
17110,0.0024858008719384405
17111,0.01247189786129698
17112,0.3030449131914499
17113,0.02256740729640921
17114,0.01492926682531084
17115,0.3652441260970752
17116,0.3130489675902013
17117,0.01273324749490316
17118,0.7804779872475176
17119,0.03804556095442514
17120,0.07530922020024129
17121,0.023827584848993447
17122,0.9475872386377684
17123,0.14612443776073752
17124,0.9889172109879817
17125,0.005949479199589374
17126,0.040966842545805994
17127,0.013096928573373986
17128,0.9104012531138519
17129,0.0024621230073416864
17130,0.14781282812212382
17131,0.032327184290659866
17132,0.17908949675070002
17133,0.06798235282224661
17134,0.034693886663851564
17135,0.13180815810909435
17136,0.02262945854202211
17137,0.015688228088304067
17138,0.9912005473940966
17139,0.07758422109362977
17140,0.003602594151351987
17141,0.36995029697115467
17142,0.032191644754418706
17143,0.33258452522163895
17144,0.0015169476857253817
17145,0.013281467914701592
17146,0.11101209619820326
17147,0.007080671794492664
17148,0.0495240577148344
17149,0.02963692014123283
17150,0.27319968229193325
17151,0.03640702426946822
17152,0.04882873461097492
17153,0.015418823684814198
17154,0.03288815421678884
17155,0.01782638908288322
17156,0.27515281319906737
17157,0.05038603595706911
17158,0.07011933301574233
17159,0.2811120532185222
17160,0.02337987962802232
17161,0.6586583730644563
17162,0.003573513561414902
17163,0.8622485672743527
17164,0.007147958952308683
17165,0.000694714242007279
17166,0.15382755121655198
17167,0.03400440696156156
17168,0.04752534595405296
17169,0.4110305481727937
17170,0.0019010945207894436
17171,0.014481341387639795
17172,0.033807590019174674
17173,0.027229139620097896
17174,0.06468353509431077
17175,0.516159044927935
17176,0.19501776942819452
17177,0.42047210416333536
17178,0.07183242345141948
17179,0.5374733358311738
17180,0.006359387748539728
17181,0.18645252149338354
17182,0.06591729426817573
17183,0.18841218984868793
17184,0.23818528904510783
17185,0.005585030416106719
17186,0.005054730799588156
17187,0.015021653099271256
17188,0.41260641679466875
17189,0.016650959444735353
17190,0.019572797589456858
17191,0.026496616907768538
17192,0.011240808156631818
17193,0.007424981161366956
17194,0.00969387179176619
17195,0.01036447225790581
17196,0.00356398982873494
17197,0.009100555350561888
17198,0.42414535124102504
17199,0.9942303906703557
17200,0.1293695780534435
17201,0.20522179001087312
17202,0.5868217149194841
17203,0.03753819769276131
17204,0.9601346278763581
17205,0.012579050552938937
17206,0.008707324928375055
17207,0.21490146387886847
17208,0.009254046242889991
17209,0.009392878013420453
17210,0.005391896853401949
17211,0.0012609000763806476
17212,0.02204575534299811
17213,0.15801448826853956
17214,0.0657827381754036
17215,0.9904720664128758
17216,0.0075057382516483745
17217,0.8777534726050367
17218,0.1339027108811447
17219,0.11806766858758179
17220,0.0017199417927411006
17221,0.01803697706561774
17222,0.7375582875295514
17223,0.0248465693828761
17224,0.19744242213383498
17225,0.8160545096260341
17226,0.013259464192791446
17227,0.0031695377189087997
17228,0.02707485711012659
17229,0.8564408854281882
17230,0.015408798998574119
17231,0.003302153820682051
17232,0.0069599198643933834
17233,0.030600491529892308
17234,0.010197472981682625
17235,0.032573795663723204
17236,0.005947815054685911
17237,0.008607494581158975
17238,0.10146091483045812
17239,0.01920714907496975
17240,0.0012875624177764076
17241,0.0038896837709380856
17242,0.007470132028343034
17243,0.04108949981383541
17244,0.4936275028391376
17245,0.07253362739730292
17246,0.011747894869700529
17247,0.004327727129004236
17248,0.010549748712423658
17249,0.030655877567490015
17250,0.8007890995320904
17251,0.4896311057587247
17252,0.0903326149064026
17253,0.057250177364495905
17254,0.1361962882337768
17255,0.007281395650686325
17256,0.009570910494109092
17257,0.9601129142453397
17258,0.49375912475114675
17259,0.9481842979626653
17260,0.1073355835166092
17261,0.04174361642433987
17262,0.037817152556369325
17263,0.018049357525971726
17264,0.29731631606171993
17265,0.0039052864894747277
17266,0.003349827691647343
17267,0.07629193340862715
17268,0.1073270669196308
17269,0.352471696465223
17270,0.0036931656264038194
17271,0.027285118945480448
17272,0.5983198614992118
17273,0.9318152085595197
17274,0.009485503848609363
17275,0.008608703241183771
17276,0.06998666697833383
17277,0.01392948487264286
17278,0.0549546268813628
17279,0.9643063375383274
17280,0.004801855083091758
17281,0.014695805709665473
17282,0.02109624241174439
17283,0.7066067783748602
17284,0.04131358649191777
17285,0.01779493457053026
17286,0.050077489940679086
17287,0.7487736620512453
17288,0.0019119346856668583
17289,0.4988550658457872
17290,0.0012296053203218486
17291,0.0016797550369951819
17292,0.09516405110332553
17293,0.631508818778217
17294,0.5879565315441952
17295,0.026490748741249723
17296,0.0010605504667839532
17297,0.061841057620035035
17298,0.012096546863721375
17299,0.1481296438325988
17300,0.020547189871991698
17301,0.7953864582411987
17302,0.008450091684891031
17303,0.249128940806267
17304,0.06789980104505002
17305,0.006338574565545048
17306,0.11623030064581079
17307,0.05022885141230227
17308,0.005523637937891346
17309,0.989550524979729
17310,0.09093248804073835
17311,0.041808076964436544
17312,0.9200541041133152
17313,0.9871606952280899
17314,0.0031502347793542817
17315,0.3619395112164288
17316,0.21211266460784364
17317,0.002184521677575195
17318,0.005945714143812951
17319,0.0023463324022493922
17320,0.9914114223009923
17321,0.13797438766580344
17322,0.13088625696717718
17323,0.981939051100338
17324,0.004478330543013571
17325,0.002926606490345231
17326,0.10495457548978761
17327,0.0035321425921670865
17328,0.22168878086396218
17329,0.0035162858817738073
17330,0.015821146188774594
17331,0.012492702249644464
17332,0.31409535367989355
17333,0.14784143401511896
17334,0.10172226169632913
17335,0.04462487637404894
17336,0.050562917768998024
17337,0.045695941139709303
17338,0.015639203351103984
17339,0.03999111884145836
17340,0.10108184373396459
17341,0.036569143556803844
17342,0.22101435090092245
17343,0.012457627876387512
17344,0.9470818627971084
17345,0.09423154177355829
17346,0.2170676281549316
17347,0.9832643693808403
17348,0.6793024023755553
17349,0.006236708638162382
17350,0.017178225134532987
17351,0.015734153139728455
17352,0.02525003567396399
17353,0.007171212484818542
17354,0.06287761047305693
17355,0.21162877930363733
17356,0.8900980518564353
17357,0.0435154790214826
17358,0.006463288142863974
17359,0.07939559869655899
17360,0.07123740663810822
17361,0.0598449268373771
17362,0.16075985608481114
17363,0.9665149510590857
17364,0.012743149099194237
17365,0.006854410348654301
17366,0.005779636498862673
17367,0.07315251385690623
17368,0.03492204994175279
17369,0.009669110273923224
17370,0.0006726987446629177
17371,0.9888403996949126
17372,0.0061867950915986515
17373,0.004358999248801843
17374,0.0031126125795119283
17375,0.004756360573505617
17376,0.6062902514035099
17377,0.9658331178961783
17378,0.04641840862861518
17379,0.9760613321089054
17380,0.01909575781334451
17381,0.0019409971256491398
17382,0.0026738925356227933
17383,0.0604221875264098
17384,0.003565902626505987
17385,0.36295003469384546
17386,0.001281496925537012
17387,0.35131686726192907
17388,0.11429230488087465
17389,0.002644555639300908
17390,0.8455083024504805
17391,0.8367194494439189
17392,0.046656459513348195
17393,0.36187562909789706
17394,0.8482826939772236
17395,0.10087877083454429
17396,0.18013905516159498
17397,0.08351600714648921
17398,0.9552972728641108
17399,0.01721728779702214
17400,0.020478385593473328
17401,0.0011372545817533186
17402,0.023085118884268695
17403,0.6287898466769682
17404,0.20068781591985113
17405,0.7467647487492122
17406,0.006046469152944776
17407,0.005883633375013511
17408,0.24288826136071712
17409,0.033350849596448344
17410,0.0263058121626643
17411,0.003731234579768438
17412,0.3489486013292845
17413,0.03602444952678896
17414,0.08558221456677212
17415,0.11235734184982767
17416,0.003458733064804302
17417,0.02807623295809943
17418,0.8327322178895364
17419,0.34963847533620374
17420,0.007745927111471851
17421,0.7475869624884636
17422,0.026015862840290643
17423,0.017643749663350836
17424,0.36199579541945787
17425,0.009768589734617817
17426,0.24765956323325874
17427,0.005870402115024417
17428,0.02122103339621154
17429,0.1329941072204761
17430,0.01477036688389403
17431,0.022571290804091676
17432,0.020041453660918356
17433,0.9856690733844246
17434,0.007533083785699136
17435,0.026903570781877727
17436,0.9204866793962954
17437,0.8372146815629897
17438,0.019020210332070017
17439,0.0027053152228092895
17440,0.018970446159757518
17441,0.0008081774393760092
17442,0.0019094247909663764
17443,0.12176199595769233
17444,0.0036096102896922074
17445,0.004360201982601266
17446,0.9868067082778943
17447,0.0034301299034639092
17448,0.002665871129959101
17449,0.9039672136866058
17450,0.007810204493395414
17451,0.011863858393133548
17452,0.044663462654888526
17453,0.017443080637916532
17454,0.7086279810644585
17455,0.08120862630687209
17456,0.018747589270048035
17457,0.030455909662410973
17458,0.009638715531428312
17459,0.08430230696574809
17460,0.1482972932315384
17461,0.07415210080885709
17462,0.7448028115605634
17463,0.009326328641809664
17464,0.7151058837274592
17465,0.002298546361776856
17466,0.006585097422752214
17467,0.021033654074848078
17468,0.009880136881080241
17469,0.0166122565263874
17470,0.1392670075713331
17471,0.7351436135972685
17472,0.005925616743903206
17473,0.015012280651794042
17474,0.0028513117530690013
17475,0.2511573159303058
17476,0.0038221970048685195
17477,0.030508234906870185
17478,0.023855918830466432
17479,0.0549543947207062
17480,0.002284209802047647
17481,0.0033107622064030367
17482,0.02934094325094402
17483,0.6164588358299455
17484,0.045644382195225146
17485,0.0018759949118653317
17486,0.10182206229173701
17487,0.002899255106011568
17488,0.001680052535750652
17489,0.991084210178468
17490,0.2480241095815472
17491,0.017426248325572467
17492,0.008984135159256189
17493,0.0044227633607181625
17494,0.002980287622653147
17495,0.01763930077656186
17496,0.003860367908197149
17497,0.037163611714061406
17498,0.016999884247981926
17499,0.35135147767910596
17500,0.0017950980366189615
17501,0.004274441280585725
17502,0.5862518097363494
17503,0.03520368760636529
17504,0.004601366214303727
17505,0.9837601477664445
17506,0.010411786775043171
17507,0.2749090870780236
17508,0.7729574608728468
17509,0.011057566642296667
17510,0.6888241880947532
17511,0.03777101581320948
17512,0.020614031346227864
17513,0.048821284483246206
17514,0.8034500041018693
17515,0.01264421069192092
17516,0.22804353603626448
17517,0.4711626280912932
17518,0.08701786037807192
17519,0.29282601373788436
17520,0.09619856111575939
17521,0.7017322265457169
17522,0.0043493771054306535
17523,0.1079813274415145
17524,0.004476266259793445
17525,0.06445809997271573
17526,0.0013736292386130572
17527,0.046863957468073036
17528,0.00647064999837404
17529,0.9874307736359709
17530,0.04201316521733641
17531,0.0031110792433484006
17532,0.9713459276006653
17533,0.06390251264545505
17534,0.02849357973976155
17535,0.008841071981662493
17536,0.008949199733840866
17537,0.006598973463934371
17538,0.0027127657392109436
17539,0.009034264498560794
17540,0.8952805465640459
17541,0.42534010315345916
17542,0.009949950054598283
17543,0.011390882421706517
17544,0.0005130165309728382
17545,0.9838380403725564
17546,0.14598270977508854
17547,0.6240858300925398
17548,0.31129689827469004
17549,0.5114047916320817
17550,0.9789919882187496
17551,0.14819118245696497
17552,0.011482673100381842
17553,0.1943838487175469
17554,0.8777061938263202
17555,0.024390477945697164
17556,0.0016682024476146655
17557,0.03127353640902262
17558,0.022389533087875023
17559,0.02364970800484445
17560,0.06261485045041136
17561,0.010013075146869634
17562,0.10524168379044735
17563,0.3982249080947269
17564,0.0026627903241360253
17565,0.016838947819990794
17566,0.03945271644361889
17567,0.19387287528808964
17568,0.021835487520695186
17569,0.01312981499475914
17570,0.0042729028346495624
17571,0.0017412132402987851
17572,0.010688737462644149
17573,0.019539144877914735
17574,0.0424085485483463
17575,0.4648034092246462
17576,0.053278462877540136
17577,0.17620262081419732
17578,0.9685866862750037
17579,0.0018553599514321978
17580,0.6882698475599088
17581,0.6748386021406323
17582,0.008735986954984306
17583,0.007586060345081328
17584,0.019541665963081954
17585,0.009493468085182798
17586,0.023554544245641372
17587,0.007980443024562581
17588,0.005108368839602893
17589,0.012962810456254064
17590,0.11025857955338761
17591,0.11388525100738009
17592,0.0033049611146022126
17593,0.3926439431552548
17594,0.009424114869175947
17595,0.1672175533420799
17596,0.010064122389284783
17597,0.20875943516884804
17598,0.33586057304715644
17599,0.31864230564882423
17600,0.008057558733087129
17601,0.06432011461154627
17602,0.8405913272836953
17603,0.025866315020235987
17604,0.008100277140320064
17605,0.013886623884511987
17606,0.0017837847764617873
17607,0.010205016531554825
17608,0.06710945403564193
17609,0.9706642638282167
17610,0.037452827268252414
17611,0.11442129582486438
17612,0.003889168707074358
17613,0.12636952882706265
17614,0.019565545414339518
17615,0.26042152558645987
17616,0.07377988992791824
17617,0.11829630338376479
17618,0.018773695607627577
17619,0.9944393903369554
17620,0.0033357738711028394
17621,0.020826394191621384
17622,0.010492804075257175
17623,0.0004390538918166581
17624,0.015781191152271484
17625,0.9604404432443836
17626,0.05111931659009449
17627,0.9807741540468152
17628,0.02326437309954359
17629,0.05091043714516843
17630,0.6890140513779349
17631,0.003634857050030809
17632,0.8891224989877562
17633,0.0062567562393070625
17634,0.5882408524117623
17635,0.015708634847874072
17636,0.02836766031178127
17637,0.990624292875087
17638,0.28775215662896103
17639,0.013087748868943525
17640,0.038301146900201956
17641,0.011279022149010984
17642,0.09143980313660766
17643,0.005110430082152155
17644,0.026661723012865998
17645,0.0028269077787958737
17646,0.11608028584990294
17647,0.47586359948701384
17648,0.7174784839459847
17649,0.011969159162820361
17650,0.003430871690812868
17651,0.06417351912309155
17652,0.9924639729371064
17653,0.011588561169178143
17654,0.02609976313798043
17655,0.022024745244710334
17656,0.07656432549377504
17657,0.04451388637097069
17658,0.04172885381738855
17659,0.9425905544627529
17660,0.03051557141572104
17661,0.026314513510897863
17662,0.03291599953732795
17663,0.02150237789442491
17664,0.21443812092056647
17665,0.02907744116999599
17666,0.01583966274434717
17667,0.08732011858737108
17668,0.02131680180817477
17669,0.0415878489847067
17670,0.0018758646431218822
17671,0.0006454798674879423
17672,0.00869864505409607
17673,0.012857888316661173
17674,0.001735961907704746
17675,0.27461461262824277
17676,0.85226740044785
17677,0.009370725258160992
17678,0.014088362944033627
17679,0.0026459355249941535
17680,0.02014087297766802
17681,0.09009122657710003
17682,0.6396115856941601
17683,0.019041298073195365
17684,0.9573831743817113
17685,0.02457587128210169
17686,0.05476546987230074
17687,0.014512674020377706
17688,0.0016335628941529837
17689,0.003178587530520879
17690,0.002218419949237731
17691,0.0055462589365742315
17692,0.028182295828839986
17693,0.0918937625950239
17694,0.008202790017678029
17695,0.9483939843485927
17696,0.40502304124121324
17697,0.0038369001741100704
17698,0.4184691110248154
17699,0.0027927634606006338
17700,0.0101631750569211
17701,0.06492741140853507
17702,0.0748287387179246
17703,0.8280258760931722
17704,0.0010637637561325345
17705,0.003987760486712491
17706,0.9829052488859181
17707,0.012765389247490098
17708,0.007099719677254255
17709,0.005558535042185078
17710,0.005380535618415303
17711,0.05338009877243801
17712,0.030146148619241708
17713,0.005772731469680134
17714,0.010349975966157653
17715,0.015364175437182647
17716,0.005168938994118412
17717,0.17704288597730664
17718,0.03601003320173525
17719,0.037175258166949963
17720,0.8998052012808525
17721,0.11333931061289987
17722,0.0004768282175793494
17723,0.006234872227427881
17724,0.03339838399698998
17725,0.9347901612671805
17726,0.6842335647833758
17727,0.4001098344473414
17728,0.038410051111716345
17729,0.019110226255515266
17730,0.16352929941139047
17731,0.7683196161768011
17732,0.002587852589809689
17733,0.009849535520447043
17734,0.06941009685583396
17735,0.4434550150006374
17736,0.008923118698435886
17737,0.01940656265828352
17738,0.9181627254078324
17739,0.0008963081189185441
17740,0.04264161814099299
17741,0.038602091101934216
17742,0.1404827568184
17743,0.022303346854629882
17744,0.0343451581301018
17745,0.0033922697104365133
17746,0.01747230091440763
17747,0.7599398567513104
17748,0.3736335442318925
17749,0.005337483962762608
17750,0.011911438740225948
17751,0.00181585324347528
17752,0.037255128762154754
17753,0.6098217277539489
17754,0.029011209287613762
17755,0.002959889461187076
17756,0.23525954607104574
17757,0.3065687274560643
17758,0.014406202482430491
17759,0.2934581240395116
17760,0.3810066477317054
17761,0.04121485104169793
17762,0.014146419176587741
17763,0.017662611713246137
17764,0.030503365846352565
17765,0.8905675119259705
17766,0.3074885512922636
17767,0.9352386561322413
17768,0.4155462016477622
17769,0.9758969106495448
17770,0.0053517093246695695
17771,0.022681814344921784
17772,0.02204581416065465
17773,0.0026018603497752067
17774,0.13981985676235092
17775,0.7183780562001274
17776,0.40475097037559077
17777,0.01793920903895223
17778,0.002463562213611889
17779,0.6513543929620854
17780,0.004544613548696109
17781,0.5874998322587512
17782,0.015893481518964515
17783,0.004012101182014393
17784,0.15978014053980666
17785,0.006174971648684207
17786,0.0855974599977566
17787,0.8539273713835702
17788,0.005362361340198833
17789,0.04387345570014149
17790,0.009208238556730789
17791,0.003089086652647111
17792,0.01099505509812775
17793,0.6204785060228015
17794,0.004303890498495664
17795,0.008129620872889216
17796,0.020130327180364786
17797,0.9623785480188279
17798,0.45078251829120114
17799,0.0028618692179514602
17800,0.06078922687780369
17801,0.0511381725422687
17802,0.01361706727395782
17803,0.03831291670798202
17804,0.0030396568654558285
17805,0.06941921461038078
17806,0.6429657060917887
17807,0.02143286959203015
17808,0.003072930115473902
17809,0.553554578614575
17810,0.001985759210699259
17811,0.9952406704489172
17812,0.007720258957761655
17813,0.01614862296799181
17814,0.017477593338451513
17815,0.019778474889352922
17816,0.1409499589639802
17817,0.008107058544930741
17818,0.0015528555989823185
17819,0.187330603056501
17820,0.08783729807436327
17821,0.2736053406955188
17822,0.0006429034104852967
17823,0.842816836457823
17824,0.001913264237421442
17825,0.04153302253229165
17826,0.025337628147380723
17827,0.06223033043295809
17828,0.008626918665812396
17829,0.002782679713490555
17830,0.5715856739106825
17831,0.050820405823267294
17832,0.0010071251754877352
17833,0.6449990331806995
17834,0.0027685073310861233
17835,0.8145341158386249
17836,0.0077061018921221105
17837,0.3351346653776775
17838,0.8783175359856825
17839,0.0490715788342377
17840,0.010857135777057462
17841,0.16136605035613247
17842,0.012416935186383366
17843,0.0611866589318489
17844,0.04812861215181836
17845,0.6953748523697888
17846,0.008139166183272496
17847,0.027264818886298888
17848,0.025218626878237085
17849,0.9786768356476176
17850,0.5526070703265357
17851,0.03594223532885031
17852,0.0024909820945851493
17853,0.01351498634249704
17854,0.009185962468675172
17855,0.002825660553614133
17856,0.5123199831629055
17857,0.11230099629030371
17858,0.030128583633847943
17859,0.010575748567321148
17860,0.8305872851246733
17861,0.04257517448112551
17862,0.957491213256182
17863,0.05688958244573116
17864,0.020282687845753412
17865,0.927228738676372
17866,0.008865079275630013
17867,0.8876519473681075
17868,0.01013541075248565
17869,0.003982842482751024
17870,0.02739919441566234
17871,0.008056080774382234
17872,0.005445166543877148
17873,0.012480654652230961
17874,0.06451998596648408
17875,0.019870600111777426
17876,0.17265120724817254
17877,0.6667637022098833
17878,0.01450776318426657
17879,0.012069771656430722
17880,0.0006051264049172438
17881,0.001522290168391201
17882,0.037747379781019025
17883,0.04598531713851891
17884,0.033235091913647624
17885,0.3241572702262791
17886,0.0663175902676201
17887,0.01790248910149397
17888,0.8386872599316587
17889,0.9843431525521005
17890,0.011721621289090779
17891,0.002578612443800404
17892,0.8192116856957337
17893,0.920652567903875
17894,0.22095099188707876
17895,0.17157427550019522
17896,0.30883088356645494
17897,0.3460156289078355
17898,0.4724762286078049
17899,0.0027058634354663754
17900,0.014338338136564504
17901,0.03577460938169801
17902,0.038961394745621096
17903,0.006085314987293428
17904,0.20805773707561773
17905,0.9284418396221416
17906,0.002924589796103503
17907,0.0031444230504245065
17908,0.94158341177198
17909,0.008843707420151893
17910,0.04540842075903788
17911,0.5311698599604953
17912,0.7029507780942382
17913,0.004630102464315457
17914,0.6528087591097925
17915,0.026085151066352775
17916,0.01517569250888715
17917,0.014710920164994081
17918,0.013687472331208468
17919,0.004192838054131961
17920,0.009073913893658013
17921,0.06640646259560656
17922,0.4844756201705405
17923,0.0032479734769378607
17924,0.19963405715782773
17925,0.014621379694577042
17926,0.005035504079480634
17927,0.0026989662910099077
17928,0.07249775040561257
17929,0.02929569908877834
17930,0.9625322093573634
17931,0.495864443605958
17932,0.8592273793411689
17933,0.022455800126218
17934,0.0041276720137193015
17935,0.29474590966696534
17936,0.0016314211615958455
17937,0.5968887703892833
17938,0.022537070542846507
17939,0.09292567082240182
17940,0.06013854129657602
17941,0.053564144682883355
17942,0.0025446807734901787
17943,0.011526728649177672
17944,0.9490113771495788
17945,0.4369659856159807
17946,0.0030255685904898456
17947,0.15436051915749138
17948,0.30478927437006476
17949,0.0023909213634917235
17950,0.008165264171512773
17951,0.11466938621405413
17952,0.0028218207668955905
17953,0.8416209200087654
17954,0.07642101796787232
17955,0.00958294321002665
17956,0.002285377705604936
17957,0.01127050661366363
17958,0.27509208749158676
17959,0.8121746430803433
17960,0.992977353018023
17961,0.0038755096252734824
17962,0.031898974457017275
17963,0.6882624944014519
17964,0.020041627255067005
17965,0.002141382893532616
17966,0.08485170486578066
17967,0.009189239388668488
17968,0.04279761458195225
17969,0.009121230933699941
17970,0.2333245216141593
17971,0.0032682445503218636
17972,0.1619769731728998
17973,0.026933417751749563
17974,0.012118217663512254
17975,0.040126340709952905
17976,0.01861886506749392
17977,0.022591635050657997
17978,0.0060993010965295575
17979,0.008247308293094483
17980,0.005776258870375625
17981,0.6820105691433188
17982,0.002046094421202301
17983,0.017389378034755324
17984,0.01743639271654654
17985,0.16953935786478863
17986,0.006750795427403776
17987,0.018346470022470085
17988,0.02292187166850554
17989,0.028566897029197718
17990,0.0020187987336998847
17991,0.0009662486234963439
17992,0.02542814944570082
17993,0.1934989042274826
17994,0.0021686003685120895
17995,0.027620420414386813
17996,0.06680261108882772
17997,0.12464806403026094
17998,0.0025402076078716676
17999,0.896653400161602
18000,0.0016862481740154988
18001,0.9118734416723592
18002,0.09873855189843367
18003,0.01688406531933369
18004,0.0036903009240438025
18005,0.31675510905227217
18006,0.02313975692163645
18007,0.0033913435109144347
18008,0.20422587753223523
18009,0.0036553990500693295
18010,0.08397491988773122
18011,0.010822883338871114
18012,0.00928683945332929
18013,0.19439525531071145
18014,0.013842602457101076
18015,0.013828839027436209
18016,0.012670483556441188
18017,0.005557922186341132
18018,0.0810948173655434
18019,0.15820624008892525
18020,0.0013875684444229648
18021,0.6637026154188833
18022,0.08452873178899305
18023,0.14137828974118363
18024,0.8775692389565455
18025,0.005793589232404019
18026,0.3912073001989102
18027,0.021420029973779727
18028,0.025323232036927434
18029,0.9329101768862097
18030,0.00799946784643753
18031,0.03470937817471813
18032,0.0244924002850801
18033,0.0344629551831502
18034,0.029864599435974346
18035,0.10988900210219431
18036,0.04400504084988712
18037,0.006655045180378409
18038,0.0032650113409134897
18039,0.15946918079193945
18040,0.09435423283884617
18041,0.11915424758283236
18042,0.9353940185690658
18043,0.03246891708485757
18044,0.019589417082578744
18045,0.006745973632613316
18046,0.020855138233586253
18047,0.0151870435899767
18048,0.0029626598844031777
18049,0.016237129841141874
18050,0.3015374058756424
18051,0.055670259602778924
18052,0.008860405441605306
18053,0.8703375973761646
18054,0.024518253212934285
18055,0.31691269975772995
18056,0.004111306204434159
18057,0.015102751025917783
18058,0.011515695589171924
18059,0.19430538473699097
18060,0.543995523996012
18061,0.010104215532854026
18062,0.055029924533518904
18063,0.03614318438056756
18064,0.014607431079772084
18065,0.9303418489523935
18066,0.015561143397660206
18067,0.5875679057286111
18068,0.0012922967310407608
18069,0.013345716317988398
18070,0.10634797108989383
18071,0.026965277147815183
18072,0.878605040752616
18073,0.9407142849545819
18074,0.09875350990030558
18075,0.008975023763731752
18076,0.002750358975650645
18077,0.01154430450248338
18078,0.01247721815563125
18079,0.01820578099479539
18080,0.0008326050486140142
18081,0.05187412265644254
18082,0.062258733494125015
18083,0.002546532607368871
18084,0.11059864032653352
18085,0.01810509893095425
18086,0.9911145225126867
18087,0.26681069018065157
18088,0.2683836092867893
18089,0.013470673494292427
18090,0.003155970687159004
18091,0.9642685724395457
18092,0.8148280385963753
18093,0.4080700030222093
18094,0.5041441704191928
18095,0.03640794738928431
18096,0.02883986132233903
18097,0.0012524625917562226
18098,0.004363017974529155
18099,0.012335858016223536
18100,0.6685706377652917
18101,0.9924953569997326
18102,0.003667826808511594
18103,0.05009565490701466
18104,0.015212475779391294
18105,0.0032016688148755208
18106,0.788309909420454
18107,0.004829142755637192
18108,0.007592383219249546
18109,0.7821239173441287
18110,0.015002387175364833
18111,0.058465783936591145
18112,0.1728680640112224
18113,0.0010947465218674342
18114,0.007818355013282907
18115,0.005851770270953934
18116,0.002300728205608754
18117,0.006285595331183448
18118,0.0124618874470488
18119,0.007044460504467261
18120,0.0016996820031874652
18121,0.004685750238607169
18122,0.014329492423331407
18123,0.009180815811500799
18124,0.09084447089507426
18125,0.0376524562830504
18126,0.06001737436336712
18127,0.55645145222725
18128,0.003961167352957591
18129,0.0004986027393339493
18130,0.43111238014845343
18131,0.0012348864386558433
18132,0.021590183089455265
18133,0.010618381568251989
18134,0.0009198063475888477
18135,0.02123983226498983
18136,0.9239513766586677
18137,0.8604386251614633
18138,0.038204100483608
18139,0.026384092876211355
18140,0.06382453086959643
18141,0.004547776052867195
18142,0.0017229856254406583
18143,0.981896007222945
18144,0.0087635795948392
18145,0.013402319456424519
18146,0.12808237669399863
18147,0.017562180451953038
18148,0.8168763426731803
18149,0.0038732403879206496
18150,0.0058144714989793785
18151,0.04821359245086407
18152,0.008255052147030999
18153,0.003800224089252317
18154,0.009825352095134061
18155,0.8136235066013062
18156,0.00039091921130099476
18157,0.24515878507570027
18158,0.9817650370135473
18159,0.05659475803571311
18160,0.7098918430344157
18161,0.02368886882867251
18162,0.045753913968916406
18163,0.004719771339524428
18164,0.24509627542148574
18165,0.0791489283596429
18166,0.00940408738731442
18167,0.9334618337167886
18168,0.700779058191639
18169,0.017760457979241105
18170,0.9833925989312187
18171,0.99243210787255
18172,0.011321317020565108
18173,0.02688958120329496
18174,0.059662071163217825
18175,0.03633622247846153
18176,0.9773146932128055
18177,0.40472155116224484
18178,0.1291205137817804
18179,0.067736976806334
18180,0.9978418194609144
18181,0.5887966391946924
18182,0.0006344352132299814
18183,0.028735560257651668
18184,0.011905191757497238
18185,0.15759143630069594
18186,0.0030506216526285696
18187,0.02025116219985907
18188,0.9516898696695149
18189,0.11238372371900814
18190,0.9915367229487226
18191,0.020912182328275422
18192,0.965453859769521
18193,0.0058956481781641205
18194,0.003709676966985749
18195,0.9937050627539544
18196,0.004718566056519325
18197,0.0026405287616733776
18198,0.7418434912339458
18199,0.0118400966034986
18200,0.25831125786752335
18201,0.6606459384870877
18202,0.25324329949564994
18203,0.5271198026696502
18204,0.022045431219093387
18205,0.006470665866691348
18206,0.09272495357495694
18207,0.02537191715228698
18208,0.008534080149410194
18209,0.012478947452339894
18210,0.015367724911769251
18211,0.3084647585774719
18212,0.02090493615148494
18213,0.24173299683003832
18214,0.9827704242724898
18215,0.014291797462374032
18216,0.282023584843865
18217,0.6395674032298801
18218,0.03456795332590592
18219,0.003482541857232012
18220,0.7676963870709262
18221,0.49308941693974634
18222,0.008169357706457391
18223,0.10892464311165928
18224,0.8445709528241138
18225,0.015709247651762428
18226,0.5565835613606407
18227,0.011544019615214835
18228,0.003291969004169087
18229,0.32141574558543706
18230,0.002674002699106315
18231,0.7713100738518779
18232,0.9310184123242314
18233,0.3995309871754935
18234,0.9484790770278496
18235,0.8821731325915267
18236,0.010091632757042685
18237,0.3381460419486314
18238,0.005947207953859885
18239,0.12257683415060479
18240,0.1058256695756651
18241,0.7933055914126206
18242,0.01143882813531379
18243,0.07486445809321085
18244,0.8689535942492941
18245,0.05225644431007154
18246,0.0375685881842469
18247,0.05649617917065493
18248,0.2688050177498558
18249,0.027628847894083534
18250,0.005888180500429281
18251,0.009108651133229147
18252,0.010006030763936694
18253,0.6205656633730592
18254,0.13566315872200466
18255,0.8903195996819169
18256,0.005912570045170765
18257,0.0014122332506986816
18258,0.30625688992566386
18259,0.008682557168030982
18260,0.004237698088927116
18261,0.005554058601932804
18262,0.0363931790186111
18263,0.09628992175390359
18264,0.003432469507466642
18265,0.3264851569042328
18266,0.3841819343945293
18267,0.7591654748789404
18268,0.0022319376251226227
18269,0.9925980099549775
18270,0.07143460404883999
18271,0.007036426626957549
18272,0.33260782687530294
18273,0.009252529137861211
18274,0.016415708027839555
18275,0.0075546022584186455
18276,0.6873862225670164
18277,0.02280416834992118
18278,0.006710136881452654
18279,0.012080942588771177
18280,0.009858086663243063
18281,0.06070271610731957
18282,0.0038128555225476974
18283,0.048229610813039815
18284,0.05159056203204095
18285,0.008784020699417815
18286,0.07501265793975137
18287,0.008199793136775867
18288,0.0032007471540663303
18289,0.5037482575842774
18290,0.007552950974380535
18291,0.0018513039952200356
18292,0.06692745087934868
18293,0.032168911515691165
18294,0.0048605546630982035
18295,0.21951767966781607
18296,0.9350904325047553
18297,0.0052869246025302056
18298,0.031228456154507908
18299,0.033258128032059055
18300,0.04094994311230201
18301,0.0018031499167773025
18302,0.7259936946316269
18303,0.06559284146326466
18304,0.00781269685156109
18305,0.34513502252408995
18306,0.027533350586682104
18307,0.01571064594333967
18308,0.9705366506001003
18309,0.0065574250637344825
18310,0.05533537480091489
18311,0.028415122941502387
18312,0.0028380471678358518
18313,0.02268437903006551
18314,0.021044071126131565
18315,0.031579871581089124
18316,0.012040671376509717
18317,0.0415383718535638
18318,0.00314193049201191
18319,0.005534376786260675
18320,0.10139671744963198
18321,0.36335987221038896
18322,0.676995954916669
18323,0.018892389512629934
18324,0.6944887301167253
18325,0.981980609427989
18326,0.09370234774735701
18327,0.027440339256316
18328,0.014635345891017363
18329,0.08852291185423528
18330,0.019017902280979306
18331,0.10788738272078491
18332,0.008599296683148482
18333,0.0507369584835514
18334,0.002429868426445225
18335,0.014766056057447812
18336,0.018597859066309622
18337,0.7214773326621138
18338,0.01830234364168344
18339,0.007698451562218991
18340,0.04962100845764008
18341,0.034401952563772
18342,0.03954292411175704
18343,0.015025873638874875
18344,0.9621452708408073
18345,0.9248309884005852
18346,0.022769920537008038
18347,0.021319473046401836
18348,0.0031201061608489415
18349,0.024066774729898835
18350,0.840988169420907
18351,0.0031902674841389647
18352,0.014435050295167152
18353,0.037072750689265146
18354,0.0032047992546227863
18355,0.0015530345053684697
18356,0.0517088338701462
18357,0.7249650609746494
18358,0.10848144524296024
18359,0.020308527001672617
18360,0.011349354926797638
18361,0.956090507328546
18362,0.02684524615865684
18363,0.0023806757541557475
18364,0.6691652410679471
18365,0.9098470518465316
18366,0.48656493320878286
18367,0.006480531894493108
18368,0.0016527974393215615
18369,0.04538907734056816
18370,0.12795031742450658
18371,0.8801645251256427
18372,0.007590211579165544
18373,0.14178283965214555
18374,0.018205257657962482
18375,0.048437853839015665
18376,0.17696054052717464
18377,0.004111625578813495
18378,0.21494834734699492
18379,0.009529780788426756
18380,0.6694394614568495
18381,0.9727243363559882
18382,0.37099486993679776
18383,0.05223178346527625
18384,0.03175485102783548
18385,0.0036011527194557786
18386,0.9012838746957984
18387,0.8803440208274637
18388,0.23699754742944062
18389,0.015354642476096289
18390,0.3589849484865119
18391,0.44300278937347404
18392,0.04696309966281075
18393,0.5754826047327434
18394,0.026329142676744677
18395,0.16313136802444278
18396,0.9447914497612709
18397,0.0035632547629125323
18398,0.9684165867403051
18399,0.2903823605580314
18400,0.03506453199082309
18401,0.0007773728523945955
18402,0.1753598352921588
18403,0.12744224454810577
18404,0.006013351335784045
18405,0.21477450286475175
18406,0.7983033503400807
18407,0.03960049543553965
18408,0.8863103520756146
18409,0.011606078191518083
18410,0.030380042040930415
18411,0.02377005733357435
18412,0.00603593911814069
18413,0.9677163058081872
18414,0.08697875171499812
18415,0.008528808149050826
18416,0.023887981105191324
18417,0.00850271006448162
18418,0.9743304069627474
18419,0.0416744823035856
18420,0.002856269420951674
18421,0.9041932664674692
18422,0.0047243387343137485
18423,0.0726909184063179
18424,0.22863232233254938
18425,0.980954871434296
18426,0.033257843759374246
18427,0.8280947052342678
18428,0.0012014327479370275
18429,0.07165641460687329
18430,0.8964710136929894
18431,0.006298358803530986
18432,0.0021561061946688
18433,0.010977050406132527
18434,0.005487057432274648
18435,0.05354775083781306
18436,0.17426883319583023
18437,0.019776356478998964
18438,0.045296854033731064
18439,0.042935050998778646
18440,0.15288560385683322
18441,0.1896966114832942
18442,0.0444973748700986
18443,0.008922339448888747
18444,0.09038721270592906
18445,0.7193283244614975
18446,0.8688669055331548
18447,0.0023978570401113806
18448,0.8958360856736531
18449,0.011405812678747134
18450,0.028972493128204928
18451,0.002511598486137426
18452,0.8973787091720098
18453,0.021102885637629038
18454,0.9809089692068954
18455,0.5110442277404684
18456,0.010319739424017586
18457,0.0068706561953657316
18458,0.9240036355688604
18459,0.7245246055899996
18460,0.018144611787603827
18461,0.2788036991071741
18462,0.07278205826519288
18463,0.01459277412802865
18464,0.0027850565085417098
18465,0.0037562971095517145
18466,0.010961414770610356
18467,0.01982548943985772
18468,0.20205246758601075
18469,0.005811396289892041
18470,0.657622503349386
18471,0.9621955639761225
18472,0.004916040213111414
18473,0.006998596957330416
18474,0.0029396173382545206
18475,0.03649649181077967
18476,0.04230283977491088
18477,0.0018855475670448607
18478,0.922924618193385
18479,0.011805868718664866
18480,0.9573932195155727
18481,0.0031186913975059663
18482,0.8273897494376288
18483,0.007442319048964398
18484,0.051279712536050556
18485,0.9845550480029219
18486,0.018594230440503175
18487,0.013361802772363944
18488,0.9595173850172385
18489,0.004161970143910698
18490,0.00047296192821706505
18491,0.002693762334772993
18492,0.8263959632713854
18493,0.21902502957933592
18494,0.151056277907738
18495,0.9382173274172483
18496,0.10710397940365676
18497,0.044208707939930245
18498,0.8987962983798777
18499,0.0010098000545966015
18500,0.245496906942386
18501,0.8311990415448096
18502,0.011892126822107814
18503,0.007093334593051534
18504,0.006852820180086341
18505,0.014859903191506206
18506,0.01941113824003602
18507,0.005158722172280693
18508,0.0014656475684898071
18509,0.004322355789295618
18510,0.1631024629113786
18511,0.004360213639525292
18512,0.023693438333160732
18513,0.7335951765194003
18514,0.0028208449138802045
18515,0.02782339195873728
18516,0.04206104156846713
18517,0.0003533697981550715
18518,0.007609829462684245
18519,0.0330943730724564
18520,0.0025783564376950672
18521,0.011163440025940883
18522,0.005184616974012672
18523,0.004302965063832083
18524,0.027887918558876002
18525,0.012142503915258755
18526,0.07957422837165559
18527,0.9900358652886219
18528,0.010183118837671121
18529,0.0027216892911551436
18530,0.0014700070576447867
18531,0.018461646783380588
18532,0.03355135677571213
18533,0.0026427474921913354
18534,0.28763744001013153
18535,0.01518337126396575
18536,0.0022363226762654497
18537,0.7461088639417872
18538,0.13720902695228274
18539,0.012129193459758093
18540,0.15509885227142217
18541,0.012533552864553156
18542,0.125602837136451
18543,0.005676730208981927
18544,0.24738046572496267
18545,0.015956135386432
18546,0.05157386329458268
18547,0.08958836623579898
18548,0.8422021732592433
18549,0.9496700627574869
18550,0.9835422190348696
18551,0.06741779738656942
18552,0.7530550840986815
18553,0.6956942620836999
18554,0.048428547359010865
18555,0.05491328905045611
18556,0.0010908486208483325
18557,0.007234466581040135
18558,0.06729392519914838
18559,0.891299491902327
18560,0.43221299304887983
18561,0.026909060687267894
18562,0.6477934950984465
18563,0.009988582598281028
18564,0.9204648704580581
18565,0.0032277696780551547
18566,0.0073698833999880885
18567,0.016011098051433883
18568,0.0038531366954697925
18569,0.006232945489312234
18570,0.488205405648074
18571,0.025682126095332738
18572,0.002385249591376583
18573,0.017100275046733893
18574,0.07330897484048071
18575,0.36959154525255783
18576,0.01144370366892601
18577,0.02765061877975561
18578,0.005466159572669504
18579,0.07537389816752187
18580,0.01705996231760056
18581,0.011747025219436382
18582,0.42247880466931326
18583,0.06522514332871561
18584,0.20008160967462976
18585,0.012272399488057873
18586,0.042663097265852344
18587,0.020326293613171943
18588,0.7199831330747595
18589,0.01558080720107242
18590,0.002156150675860002
18591,0.6311016686418506
18592,0.834121502275902
18593,0.028247249151627726
18594,0.014353746904964803
18595,0.9710294118815809
18596,0.05172996260155518
18597,0.14081701370118171
18598,0.2801469920813294
18599,0.1592686172371625
18600,0.8474956473802578
18601,0.0025897891163286987
18602,0.00097895156124356
18603,0.006902619667735228
18604,0.8524945506075104
18605,0.021850092443989066
18606,0.15164393315658165
18607,0.03991725278640823
18608,0.4746750691566792
18609,0.19107559742832111
18610,0.12415832830384699
18611,0.0033688693049989805
18612,0.02410148079073609
18613,0.976895070541289
18614,0.0024198624879767402
18615,0.7658793484362207
18616,0.003332192897625369
18617,0.9160439498398261
18618,0.05054208379239278
18619,0.0025172768754953925
18620,0.041245506863681836
18621,0.0021675952973483235
18622,0.05657059061438504
18623,0.031050292396501002
18624,0.15606902749828533
18625,0.011496011446056059
18626,0.0010055634866520773
18627,0.20198356956126295
18628,0.0016410138187350292
18629,0.032063617658134556
18630,0.021720514613599144
18631,0.41035167533089084
18632,0.012633551326235245
18633,0.01820089843292592
18634,0.6661103065382739
18635,0.006277230811166026
18636,0.2781531389170264
18637,0.2544103294412685
18638,0.010605399653185627
18639,0.06316134301947307
18640,0.08192696261518488
18641,0.006381345116039352
18642,0.35604503433409307
18643,0.008319491181706594
18644,0.007605446207334842
18645,0.007781850381880051
18646,0.06837017945849812
18647,0.013104626526244868
18648,0.04905155290577512
18649,0.005177437046452847
18650,0.015875249163966057
18651,0.05010532220969769
18652,0.004495324600173665
18653,0.0034134526040700886
18654,0.02976985438918006
18655,0.025342088033888148
18656,0.05144061224965255
18657,0.0036008242182064814
18658,0.02852686205662312
18659,0.14983817783219394
18660,0.004601873150640545
18661,0.01821212096289514
18662,0.006813691720014657
18663,0.026817769273944917
18664,0.010248971096516474
18665,0.11956460119153256
18666,0.24979575584626643
18667,0.018292441224687317
18668,0.00615210434190784
18669,0.014569958721115684
18670,0.20248613442938018
18671,0.006370161504800154
18672,0.9671493495744289
18673,0.49166623739668863
18674,0.0024128924937036646
18675,0.482831851143384
18676,0.004889375079333644
18677,0.003449125079328107
18678,0.015942501125146846
18679,0.03919488827905617
18680,0.3957051532730744
18681,0.0942500649873024
18682,0.1051675163958897
18683,0.020341936392016414
18684,0.9872940455255964
18685,0.0027941445401491434
18686,0.21368020512699215
18687,0.9542661561841274
18688,0.010737163510347657
18689,0.08525161932870742
18690,0.002571961909602628
18691,0.05732729230079526
18692,0.033658584299524556
18693,0.23621951848619602
18694,0.023929377375843063
18695,0.9991511885817761
18696,0.16721028861463424
18697,0.5069220203164929
18698,0.6854404768310618
18699,0.003771711852591535
18700,0.002589309232391365
18701,0.019845961952943043
18702,0.2568321213651555
18703,0.0007405671328391358
18704,0.6060738190637787
18705,0.10788861168056434
18706,0.026149690093349824
18707,0.07805987972386298
18708,0.02040349787082935
18709,0.8806605598809606
18710,0.023166508686618924
18711,0.016302528794171153
18712,0.02785042126885449
18713,0.005266128189185832
18714,0.13902896546243826
18715,0.006314712786024895
18716,0.1665727840226156
18717,0.011542566924942136
18718,0.006894074083031046
18719,0.0025170241139676817
18720,0.07012958714022466
18721,0.022031374538891407
18722,0.0018984995529356845
18723,0.186211151033797
18724,0.8083247781768738
18725,0.962487130599043
18726,0.09868791744665009
18727,0.013624139319913655
18728,0.25546598725853403
18729,0.5235638056728562
18730,0.00541506033795889
18731,0.936778234077289
18732,0.002306619329902773
18733,0.9628181789437635
18734,0.004960885970050619
18735,0.16902005413490903
18736,0.04534246664447965
18737,0.11520776259310539
18738,0.02327830784312554
18739,0.005980912213284464
18740,0.006210905784531996
18741,0.0030444974063677886
18742,0.298644182991093
18743,0.314054348230188
18744,0.000798911631896403
18745,0.009934654843096654
18746,0.18644357321356056
18747,0.3024468990048775
18748,0.98688277827286
18749,0.12844032092602434
18750,0.0015057258307076293
18751,0.06433326150130389
18752,0.0006856998275335221
18753,0.09551015992203356
18754,0.012902937789832552
18755,0.0011585631731170602
18756,0.23733026926739562
18757,0.008028549408611167
18758,0.025799787212976294
18759,0.6362374557040787
18760,0.003894548381345896
18761,0.011523699911471844
18762,0.17938974498409677
18763,0.6807998717408512
18764,0.003587827908105811
18765,0.06284578455454788
18766,0.01986696556138935
18767,0.05649818069298465
18768,0.06384660020481563
18769,0.004803854593954354
18770,0.0021281974338923093
18771,0.00907984889656843
18772,0.026774641214639225
18773,0.014940828404784752
18774,0.05541392190229351
18775,0.002045244006460061
18776,0.0004611720875229831
18777,0.01234923090365094
18778,0.01205631086012527
18779,0.002122928456801216
18780,0.044993509852789236
18781,0.06381453459436673
18782,0.008274143753856175
18783,0.6047966319036737
18784,0.8264545111978812
18785,0.009366561409796017
18786,0.027592515032998945
18787,0.018947341762168595
18788,0.2932031970969281
18789,0.3119408026276
18790,0.8058210282576371
18791,0.0032413553857184516
18792,0.016177693855730972
18793,0.00926919767623212
18794,0.006200486484171045
18795,0.15159226306737034
18796,0.01761475389928115
18797,0.004910261637194482
18798,0.09067438453314802
18799,0.002438401811526444
18800,0.015622803558755907
18801,0.00454999714881421
18802,0.7984997604847789
18803,0.01765985759801454
18804,0.005041745626115209
18805,0.1855346999006368
18806,0.02741362049371229
18807,0.055301515833742314
18808,0.6488932290053758
18809,0.008746623007680952
18810,0.2791883821521091
18811,0.023152538858808785
18812,0.002774951284870119
18813,0.006391382508225749
18814,0.010039404229240325
18815,0.013340605622181352
18816,0.024307230005763302
18817,0.0058589079510869765
18818,0.05319364816205082
18819,0.01146936165478404
18820,0.18901496248513155
18821,0.7328704971674365
18822,0.010887794237816018
18823,0.27563506584656733
18824,0.9560212748896497
18825,0.04779696182714248
18826,0.6419055045699482
18827,0.8211001649360204
18828,0.013700353799061203
18829,0.004957820012962378
18830,0.2476585301819255
18831,0.990863431302711
18832,0.9481480684730077
18833,0.002726198181639125
18834,0.8368094767132646
18835,0.2590771064090044
18836,0.8176105277205479
18837,0.23949758990394332
18838,0.05110991531132178
18839,0.21055869507707436
18840,0.006353442603839825
18841,0.003688115466374755
18842,0.028988518923009347
18843,0.005644612344434627
18844,0.10752249215764131
18845,0.05593282600712682
18846,0.008571021275778279
18847,0.5051167949923284
18848,0.01797830087598971
18849,0.007968624954485698
18850,0.7619834088853834
18851,0.00579323597689153
18852,0.11910282889271823
18853,0.9963088079744019
18854,0.05630328321314577
18855,0.015284378684528943
18856,0.010283086268285972
18857,0.09279094391264393
18858,0.004143960792188127
18859,0.022093416297633884
18860,0.8806518046832925
18861,0.006418405816770655
18862,0.012201839427951139
18863,0.06084264972834142
18864,0.10493126709098313
18865,0.0007235643983004997
18866,0.03427445052375881
18867,0.005881787083159666
18868,0.036450481466210105
18869,0.011962557036864562
18870,0.01684927074849082
18871,0.004197192285739424
18872,0.9640213826578403
18873,0.22432591976249125
18874,0.019851163207895435
18875,0.01564870302551418
18876,0.9897854118423625
18877,0.006091243940464087
18878,0.1960377004566506
18879,0.142173090119107
18880,0.8086438634299993
18881,0.05540196594705972
18882,0.20599441371234414
18883,0.30378897652047077
18884,0.9595841841100062
18885,0.9752228980909594
18886,0.9716890483505768
18887,0.0035645402066979467
18888,0.02534850131588525
18889,0.0032049334065227713
18890,0.2586274724996499
18891,0.001957139594914174
18892,0.003188519251254921
18893,0.011983136465126049
18894,0.03146826830451319
18895,0.642837164609949
18896,0.901454849296092
18897,0.015334558197223588
18898,0.00886367830068283
18899,0.0752678040891914
18900,0.026162061566469386
18901,0.11771144199912228
18902,0.009341432892119535
18903,0.006093373116613061
18904,0.018443071613314228
18905,0.009321583527533041
18906,0.07443349911526291
18907,0.008213346988296356
18908,0.004836068064914224
18909,0.9142055686297385
18910,0.20620070411106178
18911,0.03785459809346746
18912,0.8238226340392496
18913,0.0368788042088179
18914,0.3073668469490693
18915,0.08847427765385339
18916,0.8047978886618393
18917,0.0013393539570022562
18918,0.9894494830958817
18919,0.46220735836144844
18920,0.15975493343237165
18921,0.13833177251946752
18922,0.15396624196495487
18923,0.9371914693585942
18924,0.00465569826777069
18925,0.8462504498023312
18926,0.035341434246263244
18927,0.007179769408336563
18928,0.1636517107679375
18929,0.0019391317997024206
18930,0.07314759705392015
18931,0.9479717701076142
18932,0.08529403269939687
18933,0.8019114849366924
18934,0.03233248080539067
18935,0.15323490771916984
18936,0.0047828977880159385
18937,0.0032263597322133766
18938,0.04623836938926617
18939,0.9116964440349064
18940,0.010366890655825032
18941,0.007639112600581767
18942,0.021382588916813227
18943,0.00024360739939113522
18944,0.8443548257235064
18945,0.18597710015082541
18946,0.003414191845655206
18947,0.0031853575396166983
18948,0.0019257853070896328
18949,0.008315551194168849
18950,0.5842570627510516
18951,0.900461342104357
18952,0.42645173752571486
18953,0.0017092442090860817
18954,0.0001355656843155551
18955,0.10581482398510657
18956,0.9911052376105637
18957,0.008699165077019903
18958,0.0073330680972011515
18959,0.002559335376684821
18960,0.006251260640240689
18961,0.010658670283063389
18962,0.012630995082875478
18963,0.16152549405095043
18964,0.0026686026227324537
18965,0.811610221441633
18966,0.0774468597158449
18967,0.8858308030627068
18968,0.9796594776789938
18969,0.21563151909014194
18970,0.5113111171380329
18971,0.014787688335391229
18972,0.04772018884384054
18973,0.010962919240896467
18974,0.04563951578141262
18975,0.013286768450696316
18976,0.002599150772583832
18977,0.04671411166141828
18978,0.41575295138024
18979,0.01194130165311524
18980,0.40491272764189895
18981,0.04046878603353161
18982,0.6680837657710245
18983,0.04335985614205704
18984,0.005717733096711385
18985,0.008513622654561136
18986,0.9717907697691568
18987,0.001113525876043809
18988,0.0016906737351375096
18989,0.03694275691686041
18990,0.17789707364358107
18991,0.004347302299004454
18992,0.9602768902539157
18993,0.011772737533736992
18994,0.03516824116322785
18995,0.11852523329131494
18996,0.5209595216635806
18997,0.3530301124731832
18998,0.3256790935692397
18999,0.03256518642793044
19000,0.03282787021279527
19001,0.009409258475246986
19002,0.013614589818383217
19003,0.0017875293412468677
19004,0.9340440249448417
19005,0.047931222618945585
19006,0.1717917903085593
19007,0.0028918240852875234
19008,0.9766619965810174
19009,0.2533783026364467
19010,0.008979611607081807
19011,0.02026246166388701
19012,0.004444355458738915
19013,0.001964178713404178
19014,0.7216641602714701
19015,0.024815406788292783
19016,0.2572299196959913
19017,0.04877510916673805
19018,0.020421811286453748
19019,0.0132319571730841
19020,0.022277812456340515
19021,0.017730428765420955
19022,0.011257338495055683
19023,0.04109313862070297
19024,0.7405500492297559
19025,0.013558159282570459
19026,0.024302719632379507
19027,0.043397525519633676
19028,0.4280014610443765
19029,0.004701456233732717
19030,0.186213774351809
19031,0.0164489381165747
19032,0.027351577708152705
19033,0.007925781605833482
19034,0.0027042910435715176
19035,0.003798272414527899
19036,0.024986184506524123
19037,0.010966762093682891
19038,0.022821987684094092
19039,0.004720744823369242
19040,0.2976718702142403
19041,0.03736986926804422
19042,0.0018085108384051827
19043,0.003514208681033574
19044,0.05495977852788492
19045,0.9782660561994644
19046,0.004471044050700074
19047,0.795524465261677
19048,0.004087970750980919
19049,0.13896543516186752
19050,0.007844194171070245
19051,0.12133689738019117
19052,0.9962192491877134
19053,0.010914418047565697
19054,0.021062278117818908
19055,0.10392004927304302
19056,0.10698592874106692
19057,0.03492133837199085
19058,0.16094460091940183
19059,0.019688362390736003
19060,0.05291475222735173
19061,0.0015196414045910204
19062,0.007760236316744956
19063,0.0017950461879622545
19064,0.11754819884111657
19065,0.022280143675197667
19066,0.8230503316687766
19067,0.010915295479136507
19068,0.01324968198075607
19069,0.018802726747031005
19070,0.10815713763925168
19071,0.7354186816476561
19072,0.48219140990649606
19073,0.4871633990460824
19074,0.0003978960750505697
19075,0.5594914362452207
19076,0.11988404037079843
19077,0.5087007023128882
19078,0.007175053709274641
19079,0.22684109595160273
19080,0.0008546710172165046
19081,0.0159537013002139
19082,0.006712117335338051
19083,0.8094279009517233
19084,0.01267173630502594
19085,0.006287955563551067
19086,0.9654856086412672
19087,0.45630227889806163
19088,0.09771551928237017
19089,0.01829380950892728
19090,0.22646421681818005
19091,0.6439067073213502
19092,0.8980409138235637
19093,0.0585402482193102
19094,0.009061877930553816
19095,0.19106881904123757
19096,0.0044210928046281624
19097,0.014304627533102523
19098,0.8661425954165816
19099,0.012334910853586916
19100,0.8230811701216456
19101,0.6555158175579228
19102,0.008709161126011196
19103,0.012815928053954661
19104,0.0024573551374212615
19105,0.00810668644952318
19106,0.01985611357509394
19107,0.22535958277080648
19108,0.010832661277643181
19109,0.020371878075245098
19110,0.07761711605088638
19111,0.21739328754465373
19112,0.0031119436192926946
19113,0.02340489085002972
19114,0.02453922549943701
19115,0.013842361325389576
19116,0.07992638916533003
19117,0.37584584907119206
19118,0.013354763848107864
19119,0.0655120352259378
19120,0.004555271374643146
19121,0.014545483669273319
19122,0.0020555034295758226
19123,0.020222361510829553
19124,0.0059587412505249324
19125,0.01859693485574799
19126,0.08383909723484476
19127,0.0028014762131571775
19128,0.025635942874613397
19129,0.008246344671822326
19130,0.8707605604553985
19131,0.0355509585440543
19132,0.30173743393667857
19133,0.002485474335399425
19134,0.00037930201440873677
19135,0.9274791679955346
19136,0.6410825087225918
19137,0.01791779178050093
19138,0.011906012169930032
19139,0.004226083112675412
19140,0.020381912050046868
19141,0.1803750362704484
19142,0.9184258897860245
19143,0.14014175445578508
19144,0.12363321482652337
19145,0.0008670664012987275
19146,0.0017067194102841161
19147,0.002342154730608176
19148,0.5230806782325134
19149,0.06934270088872559
19150,0.04819654801334586
19151,0.006571892087214417
19152,0.8752567328901608
19153,0.9902009592959294
19154,0.19808886952735807
19155,0.0852692428550125
19156,0.1830700293066085
19157,0.0688695322086607
19158,0.009303999579863309
19159,0.12720856185405635
19160,0.9748430673528875
19161,0.14339722568007263
19162,0.022922909917931236
19163,0.019225057049638207
19164,0.07059780940389125
19165,0.009276524305624626
19166,0.0004645702339421113
19167,0.0466754476642651
19168,0.47105982936585705
19169,0.060301552916230676
19170,0.8740150012650592
19171,0.030313296894157134
19172,0.14375625522029054
19173,0.0547170386928226
19174,0.01624699195764763
19175,0.004260131701209596
19176,0.025755949990921484
19177,0.016240146744479555
19178,0.003437464775055677
19179,0.019084072571977483
19180,0.03184616396301211
19181,0.12850781205757214
19182,0.7567964450835659
19183,0.028562717283176196
19184,0.1375929549517322
19185,0.0012528719112596392
19186,0.015014482308658776
19187,0.11086140930392008
19188,0.36109913781133074
19189,0.003726139757071058
19190,0.031290481618413656
19191,0.10489098617742836
19192,0.7868732367783347
19193,0.011289555853197486
19194,0.22017841340574468
19195,0.012237960539029907
19196,0.9834875266617777
19197,0.005313671738491509
19198,0.11874159277469573
19199,0.975135821995488
19200,0.8473416859382822
19201,0.07841672502250621
19202,0.8251440420850643
19203,0.003743176723114729
19204,0.0028532914216760573
19205,0.034583871561667964
19206,0.01102032989219875
19207,0.9790784924643829
19208,0.002951408540257601
19209,0.8721595083296961
19210,0.9570819057116877
19211,0.7966578740842306
19212,0.9930457510920505
19213,0.007708551531862292
19214,0.027539512271938564
19215,0.4392168995271851
19216,0.011148995974825378
19217,0.005534431652377506
19218,0.11435816320695633
19219,0.0019200636399891561
19220,0.47243275161354537
19221,0.03663072777429515
19222,0.05216626013079879
19223,0.0034687237518166167
19224,0.3443822646524734
19225,0.5672435138301317
19226,0.5810279500280179
19227,0.21125993222733755
19228,0.01316524025558971
19229,0.015642185569154962
19230,0.24945448893194883
19231,0.018338297348301825
19232,0.007187130797539558
19233,0.003896369908507166
19234,0.010596223833593595
19235,0.0013827849640721767
19236,0.013705702058011984
19237,0.07411018359342231
19238,0.017183096492759814
19239,0.0038168397289120577
19240,0.002830881735558725
19241,0.02518366034634563
19242,0.004455186190753596
19243,0.9540914896691384
19244,0.009164906784003961
19245,0.29951899130490417
19246,0.0005009101160317434
19247,0.750954833918652
19248,0.0037618888964461358
19249,0.0022841193469775234
19250,0.0306214608777575
19251,0.0044779514095089545
19252,0.008492670092772756
19253,0.0004344246423406376
19254,0.018903442612030384
19255,0.014279223627229753
19256,0.014024368787305426
19257,0.008498382363234382
19258,0.9691818595162688
19259,0.9700063600726092
19260,0.9832281709686126
19261,0.016898234474266083
19262,0.011233236908582682
19263,0.0013536422059879543
19264,0.39961994229751774
19265,0.03301007657060636
19266,0.05212775428325377
19267,0.003990968054840853
19268,0.6666632822861039
19269,0.03978596037369691
19270,0.019836849046528292
19271,0.036463976014128555
19272,0.6758183526544242
19273,0.002305016151712696
19274,0.0008078084409124295
19275,0.3226828149921188
19276,0.1585780133661628
19277,0.0016939200325134913
19278,0.15883525832046178
19279,0.015882853721900906
19280,0.009074141383909034
19281,0.006891016972933644
19282,0.0004037163401495684
19283,0.0041189853585544885
19284,0.004571540111455872
19285,0.7252599765760488
19286,0.004153160455278476
19287,0.03811322676379836
19288,0.021603516566464333
19289,0.009207398037769233
19290,0.08165040868306961
19291,0.04309350098718801
19292,0.25197700084728464
19293,0.8042215850429042
19294,0.0009513563842451398
19295,0.002167150807116242
19296,0.009872022436931797
19297,0.04818847558863245
19298,0.9394856730160485
19299,0.012849371875432704
19300,0.005121168947506056
19301,0.1128252224289781
19302,0.4802330716124455
19303,0.030422410617187864
19304,0.8120128077464823
19305,0.2722624955800525
19306,0.023471367078060714
19307,0.008193405199065787
19308,0.30076861186745885
19309,0.4975338694371164
19310,0.002231689483786484
19311,0.06429680861922278
19312,0.2149437778029547
19313,0.04742560973540986
19314,0.7484499624486582
19315,0.0122010251812986
19316,0.36221655479184606
19317,0.21818254156746836
19318,0.3871348042024813
19319,0.35360624056348794
19320,0.0018002113787873573
19321,0.2821131245893512
19322,0.0830476172154068
19323,0.7084499415267395
19324,0.0019475049465782178
19325,0.12639014933498358
19326,0.7232937214304349
19327,0.006507088635858312
19328,0.006591605761289568
19329,0.005430291804716026
19330,0.0018282925220672078
19331,0.9519568691215594
19332,0.008805363602394093
19333,0.020906311906360404
19334,0.023336873709147023
19335,0.02068194669863624
19336,0.21170755377222858
19337,0.939713933693792
19338,0.46401368162095047
19339,0.0036014268624736524
19340,0.07886783480338373
19341,0.09815103008098319
19342,0.0034595198054993147
19343,0.01122172612237243
19344,0.03212615164291272
19345,0.02006810659427345
19346,0.0002513153927967823
19347,0.017326420303897895
19348,0.03951001874671979
19349,0.9303394357436389
19350,0.004270245539622808
19351,0.03146793040457117
19352,0.34970892052665176
19353,0.10209900748981778
19354,0.026045551208857418
19355,0.029470148680323705
19356,0.04280345321092848
19357,0.0063420893362195994
19358,0.05662007129433337
19359,0.32600336137578084
19360,0.16282736272059115
19361,0.006474370020388375
19362,0.7076942324047168
19363,0.02230062241239234
19364,0.10602561724515769
19365,0.4422422759899017
19366,0.01136932808362828
19367,0.8539968217886013
19368,0.7647093122349815
19369,0.007874020648100038
19370,0.0007929163222654996
19371,0.5741239748874858
19372,0.0033978950086106193
19373,0.010963367373002296
19374,0.009125505386794493
19375,0.015992060395077157
19376,0.0014465359858184092
19377,0.7775802597054853
19378,0.20080568312558034
19379,0.002193382045496155
19380,0.0012719789721467496
19381,0.006211158188646141
19382,0.13050539683475373
19383,0.008013389613393915
19384,0.0017972893231486251
19385,0.011182394578242145
19386,0.08595692014877426
19387,0.004847804986473605
19388,0.2258381183381037
19389,0.9985279860443433
19390,0.6731337433274892
19391,0.8633924154158733
19392,0.0032911596856979993
19393,0.012006898790010996
19394,0.04925144154046363
19395,0.03572792891869958
19396,0.0107055930446513
19397,0.8864450909305448
19398,0.15853957988088535
19399,0.0033340267450240983
19400,0.7628029665741989
19401,0.508788884756444
19402,0.013334438324137242
19403,0.240490289321021
19404,0.012659800185126828
19405,0.0009719670673783528
19406,0.1737332775826335
19407,0.2889760942843096
19408,0.017396610038331144
19409,0.03802455073309151
19410,0.0035523294292705036
19411,0.0011770600800188105
19412,0.014016333183611054
19413,0.002559608785781953
19414,0.47418251196924915
19415,0.0064734696412705964
19416,0.2967466530945112
19417,0.9897317852424844
19418,0.016146829277361906
19419,0.07152832653852571
19420,0.01779972670121132
19421,0.8739266632169074
19422,0.0711972731423631
19423,0.06707747606933623
19424,0.8166483377281645
19425,0.001139603400828674
19426,0.0043375207272786966
19427,0.01755775811252384
19428,0.010571373935949136
19429,0.050132808050299536
19430,0.0030629526964076853
19431,0.02245768438654473
19432,0.003507749339037583
19433,0.04526660346880603
19434,0.7356570878431481
19435,0.052100378276835196
19436,0.0026965534034559934
19437,0.9757380186777952
19438,0.001082278610504442
19439,0.7415833363996115
19440,0.04085137944461089
19441,0.03710744458566717
19442,0.08767057106928144
19443,0.013354115259539147
19444,0.0019937140224286255
19445,0.023598492195999098
19446,0.003284117421382967
19447,0.00713878547139252
19448,0.1105854240927955
19449,0.001889981506606294
19450,0.015177574638531253
19451,0.3361837885047445
19452,0.011414033477106908
19453,0.0405225387473227
19454,0.6716743574524332
19455,0.19453548543268104
19456,0.8889986089768496
19457,0.013139922552892121
19458,0.04749229687665693
19459,0.0078387054185666
19460,0.9725591031361341
19461,0.02092940521482703
19462,0.002331481341981298
19463,0.0069554108894835055
19464,0.14616130122856377
19465,0.16334559608909197
19466,0.022457747237187048
19467,0.028762528028544385
19468,0.9751434197239559
19469,0.0021587142632195095
19470,0.008248938470207917
19471,0.4071602882679419
19472,0.6058861972648298
19473,0.009474006920163095
19474,0.03268419483450144
19475,0.09548896355796868
19476,0.007142192772239291
19477,0.9542861622528125
19478,0.29302532019878513
19479,0.0024044493069030042
19480,0.13606851252151145
19481,0.5015310898277026
19482,0.37201342661714065
19483,0.0024749537928245077
19484,0.002022171281811183
19485,0.002065461388731755
19486,0.9639293978558998
19487,0.21794050008431676
19488,0.23125783524213223
19489,0.28521518310375943
19490,0.0027325561930344523
19491,0.07600561296527665
19492,0.06634158238731316
19493,0.2430444900660964
19494,0.5369750900316987
19495,0.03445024255432664
19496,0.2956236292101322
19497,0.02863199695265743
19498,0.026805378385639393
19499,0.10885554215223495
19500,0.7610247261190187
19501,0.012978490277021018
19502,0.9679626339780929
19503,0.8876511930194451
19504,0.9722504052462334
19505,0.024503341061444982
19506,0.06790713312115512
19507,0.7318247207680108
19508,0.05071023978503276
19509,0.006146608585826283
19510,0.003829948095960151
19511,0.04917941303402809
19512,0.06358087936547006
19513,0.027628500391531936
19514,0.004293124782527168
19515,0.4082679832755363
19516,0.5465195170303151
19517,0.11450948913458164
19518,0.03587276560436388
19519,0.0020253270165332335
19520,0.00031573810049312926
19521,0.030291947433839433
19522,0.9002203419216821
19523,0.2788081261445369
19524,0.34334104501861473
19525,0.018860778279277846
19526,0.006936625656853971
19527,0.19507095142505998
19528,0.7967329186787846
19529,0.01040148693040818
19530,0.8158640841675177
19531,0.010685999937256371
19532,0.07647015461514882
19533,0.014043476540553317
19534,0.0598251074785218
19535,0.024226756788211692
19536,0.07151200123458
19537,0.017512173064219146
19538,0.07507985716907889
19539,0.9353287702330373
19540,0.7593098054853563
19541,0.012075777830441272
19542,0.01830101184212101
19543,0.00935084964235816
19544,0.5925700695881884
19545,0.8850793433448236
19546,0.4474542478736822
19547,0.007899769306019731
19548,0.0019261278154637203
19549,0.003491104984610797
19550,0.19207416736989466
19551,0.03376491584106698
19552,0.012602305517397732
19553,0.005497595414904509
19554,0.036240487215684576
19555,0.009323051940739744
19556,0.015046948565882337
19557,0.9841278245058964
19558,0.0030488115935371884
19559,0.029811432289609644
19560,0.003212069123771306
19561,0.9692688132281361
19562,0.11663344557560938
19563,0.014001025243414008
19564,0.019928167617181546
19565,0.05680565640284442
19566,0.5351437241934923
19567,0.9537339941468314
19568,0.02626577738994401
19569,0.0404605221874854
19570,0.0685725684770988
19571,0.006744046682330198
19572,0.012520723482435136
19573,0.018194584928992404
19574,0.0021077815267490736
19575,0.27813313430102615
19576,0.9004320224002695
19577,0.008344003508787973
19578,0.0017666524599061486
19579,0.0827766719817953
19580,0.008985954535738439
19581,0.18658973272541235
19582,0.047903045888343015
19583,0.0019480890272209359
19584,0.021016154160729078
19585,0.004123454845206081
19586,0.12701348394258366
19587,0.02377101088250462
19588,0.023287857059986324
19589,0.043465584507574616
19590,0.15830380879401704
19591,0.12715623340437326
19592,0.013597286191785504
19593,0.9875443033744113
19594,0.025465367138976833
19595,0.09906633349025215
19596,0.04920572191057136
19597,0.007901786561231533
19598,0.0015633777992880512
19599,0.019129950819421572
19600,0.020701928740495572
19601,0.9040102077004523
19602,0.9120779006165978
19603,0.9449611092794802
19604,0.02149791957775947
19605,0.2638823245335704
19606,0.08494776762478336
19607,0.02363284874616771
19608,0.008023633340445875
19609,0.010398503792435546
19610,0.7353593345565728
19611,0.7417328118752328
19612,0.06462691754691227
19613,0.004243085327602009
19614,0.06171436634996242
19615,0.021374182798649336
19616,0.05482643197958025
19617,0.0024556202066998486
19618,0.5527480939455656
19619,0.06008413359973654
19620,0.023341916399043237
19621,0.012667647585019854
19622,0.9299771355798367
19623,0.002945656382413051
19624,0.6005562648043894
19625,0.13071756484212035
19626,0.7586527416202737
19627,0.006346115458994543
19628,0.5787154100126128
19629,0.003781484520307234
19630,0.23033840786313967
19631,0.8986486385560711
19632,0.32247865230617984
19633,0.04232202282209071
19634,0.0331379319835623
19635,0.015461141677888942
19636,0.16706128382805555
19637,0.951476741380779
19638,0.010591932866864981
19639,0.002935846677949452
19640,0.014436817506019039
19641,0.0016265540727867093
19642,0.019396798669435802
19643,0.0015030375079136357
19644,0.01163800175588657
19645,0.14151012516145187
19646,0.08367106451663568
19647,0.018314588833584788
19648,0.019061283669276705
19649,0.07364795264730617
19650,0.004548614260910164
19651,0.0026397754778003796
19652,0.07997372186603217
19653,0.003999128510089981
19654,0.9315259448675686
19655,0.008776869341519007
19656,0.06517955628995148
19657,0.016472300161923897
19658,0.9501572464253795
19659,0.001217155214941741
19660,0.1763825457245254
19661,0.14561888462697395
19662,0.395465281479564
19663,0.015746791652965286
19664,0.9177725344957155
19665,0.00568238256482965
19666,0.01225821384373978
19667,0.01623582599226022
19668,0.004544670207406427
19669,0.0020824933098813584
19670,0.15610053961655604
19671,0.35576652767669203
19672,0.014056709713777397
19673,0.03004998577718461
19674,0.38705973517707976
19675,0.2588079580222471
19676,0.11386741340242075
19677,0.0009428490959153665
19678,0.0006064341956245717
19679,0.046082134627638126
19680,0.006487036994013108
19681,0.8382509691398111
19682,0.9946675571252246
19683,0.015721943723563628
19684,0.04747682142345289
19685,0.8309794982013583
19686,0.003915218289635533
19687,0.04196816353745721
19688,0.003310933180659651
19689,0.09710110558155434
19690,0.2715866681145705
19691,0.00782736689009993
19692,0.9669762374925148
19693,0.011729437655656027
19694,0.011354893514635925
19695,0.019884107541397297
19696,0.006977151115290646
19697,0.3729381433730067
19698,0.006454158480862733
19699,0.3193136146572711
19700,0.0014636987247419772
19701,0.004153330563821463
19702,0.8131947245625754
19703,0.007263893737970576
19704,0.029308523438729018
19705,0.1224015626290095
19706,0.6110406748649603
19707,0.003720589775994947
19708,0.031985186911451496
19709,0.0014281340596264693
19710,0.0018420539310758366
19711,0.9895743797131077
19712,0.040940764105045824
19713,0.010874023191226278
19714,0.6132724632920192
19715,0.015277210712488755
19716,0.006853968358345026
19717,0.07873990392847131
19718,0.007749132542311102
19719,0.00670701070625662
19720,0.13186148892817173
19721,0.0044330345802222
19722,0.6745095792280693
19723,0.9796499638746021
19724,0.0009232887107976101
19725,0.2477518519205542
19726,0.0021327762298386822
19727,0.022822168841834876
19728,0.07121443715060669
19729,0.045197968778127325
19730,0.018921113321270902
19731,0.1619315013753938
19732,0.21720707947606996
19733,0.013153198515120137
19734,0.06216086264216416
19735,0.024657626792706312
19736,0.03741365295861211
19737,0.9946361227394899
19738,0.8762426104887328
19739,0.375552471866284
19740,0.002197547687697336
19741,0.02118140546507274
19742,0.07605975866623198
19743,0.8321282648882976
19744,0.0014001872476541934
19745,0.013470213773036843
19746,0.04260743164293454
19747,0.08172689043435738
19748,0.05004341974721849
19749,0.0006782624749704859
19750,0.01488386768380792
19751,0.7849985301912457
19752,0.03685261056195844
19753,0.002145901670915877
19754,0.0759112553211136
19755,0.0014779006528326407
19756,0.0026921927504359195
19757,0.06435917479399614
19758,0.5536881522363338
19759,0.4476952342173967
19760,0.028737792480157624
19761,0.001540772193307528
19762,0.0032711652183921988
19763,0.014176744892951256
19764,0.9144905166561267
19765,0.017444531463464766
19766,0.8308603863645766
19767,0.1941162988789951
19768,0.999099573789703
19769,0.021170588550026924
19770,0.009136351770950589
19771,0.00667318986645121
19772,0.003225398968035585
19773,0.12082087269783412
19774,0.9851605799685144
19775,0.01096976207776596
19776,0.0002448515886779082
19777,0.08816792474609571
19778,0.11015778802552821
19779,0.16080847316500166
19780,0.018464210480065763
19781,0.15244110073117276
19782,0.0019812219141101426
19783,0.009123003546707215
19784,0.07347268646971425
19785,0.03672801582220996
19786,0.0029910609398728577
19787,0.003712061957412472
19788,0.010769195115215747
19789,0.005439152327612746
19790,0.7888109963372999
19791,0.7408207603491299
19792,0.0039535080579756465
19793,0.32246990787897306
19794,0.9383530200676384
19795,0.001956465256128593
19796,0.036694352395751986
19797,0.09026613867109327
19798,0.0017553074819863241
19799,0.9779599417924348
19800,0.0024561322053219025
19801,0.039310974464206346
19802,0.0082353378775143
19803,0.1764810776829505
19804,0.9840004606134597
19805,0.06870685702350242
19806,0.002364526651320797
19807,0.04754424917736222
19808,0.030783301690252157
19809,0.00928695738502979
19810,0.02368841831365101
19811,0.0015482025655861498
19812,0.013139780027101209
19813,0.0025037870838671202
19814,0.06653406784390149
19815,0.03805340791636398
19816,0.03856089169673212
19817,0.015352139894184332
19818,0.044227821581461824
19819,0.003359385823932098
19820,0.030844545678975547
19821,0.0013851261074419336
19822,0.004104809872830293
19823,0.01996632206137323
19824,0.015032529893842777
19825,0.09408286279040681
19826,0.11034475138875964
19827,0.18934484229430681
19828,0.2687161239148844
19829,0.7615351413130247
19830,0.005337849956172888
19831,0.007633291403627013
19832,0.12793379463565752
19833,0.6163157328376305
19834,0.01164977539243944
19835,0.6114156928334104
19836,0.0045692950942821334
19837,0.005445489506049111
19838,0.021214386990119093
19839,0.03472243116508823
19840,0.04436715660581262
19841,0.38019420786163954
19842,0.0033326040654916883
19843,0.4527329665779901
19844,0.10008997498551404
19845,0.2236118569412292
19846,0.012659505241740086
19847,0.01660284012132427
19848,0.13863073664518655
19849,0.028413145243161145
19850,0.0038503197520833236
19851,0.006876510941875208
19852,0.1046288930319703
19853,0.02913203913689602
19854,0.9815976908896756
19855,0.20368079134655517
19856,0.056406171968769056
19857,0.5485804650431484
19858,0.2304000748661402
19859,0.8742050570951765
19860,0.8869125363427016
19861,0.9980272310114987
19862,0.05796903640012827
19863,0.23511183579355602
19864,0.02629491381521725
19865,0.08097991344658524
19866,0.14694923788368455
19867,0.01993511479497201
19868,0.03743545406269416
19869,0.02168531487939405
19870,0.15048711154692168
19871,0.12472535467707752
19872,0.029478956341043427
19873,0.27827491734015036
19874,0.004931947685133503
19875,0.05992088586745988
19876,0.0006967610828159393
19877,0.046987258057036484
19878,0.0025892256951595524
19879,0.006436639727374118
19880,0.03267368356618944
19881,0.027149425039442635
19882,0.0031396688516334443
19883,0.2656762093672263
19884,0.14775393961648864
19885,0.9854314306625697
19886,0.0904920266578759
19887,0.012143757090073665
19888,0.9618435923047315
19889,0.21161927392449123
19890,0.04100961061930205
19891,0.2911142900202909
19892,0.05114126111142571
19893,0.03686162590469692
19894,0.005597580280573799
19895,0.5484967447371819
19896,0.004413264613960739
19897,0.7015290538640406
19898,0.03611835019256442
19899,0.09836718207824745
19900,0.09688414116738381
19901,0.43522594483994825
19902,0.004842172543410782
19903,0.04353460327410009
19904,0.008623931394393531
19905,0.0048288088584840915
19906,0.08457780112783353
19907,0.0622534996327564
19908,0.004599054431571763
19909,0.08959367729103955
19910,0.894715789517988
19911,0.3757296580556829
19912,0.022142008065043545
19913,0.018131000917545298
19914,0.021784574763646466
19915,0.3311577730135196
19916,0.0025664092343430592
19917,0.009698664990062694
19918,0.0018248177742865475
19919,0.02377125071662434
19920,0.006969151495450317
19921,0.07457336840491628
19922,0.4893543023297563
19923,0.010807730820201493
19924,0.20903594428547562
19925,0.051080073954949956
19926,0.755649646606527
19927,0.3037354889875146
19928,0.024109971461202646
19929,0.06668375555677745
19930,0.017375749242720562
19931,0.005899176781929899
19932,0.08134450644366263
19933,0.0018177698198848131
19934,0.03478449706290596
19935,0.014291561191749043
19936,0.0013717028868261527
19937,0.16611079012910218
19938,0.016486238391956076
19939,0.010187237869077184
19940,0.004418027948585871
19941,0.017442977124649078
19942,0.018045085377981177
19943,0.00303305980462338
19944,0.002743872583053705
19945,0.04471280770975033
19946,0.024437740465328386
19947,0.00446340483908362
19948,0.3180873037358939
19949,0.008096401708539052
19950,0.021813734074855658
19951,0.22750386359463948
19952,0.026037195010310953
19953,0.7377036802810665
19954,0.011855763457260441
19955,0.006188816394929125
19956,0.5701997756391399
19957,0.003968301838847033
19958,0.028074341137149083
19959,0.06336249287947995
19960,0.02502435375586856
19961,0.018701532392409966
19962,0.010355213445684585
19963,0.007275204097002262
19964,0.006432514872571014
19965,0.006271008203886162
19966,0.261812849760607
19967,0.18239900186745917
19968,0.8649835178401697
19969,0.3817059037743688
19970,0.44449113886157254
19971,0.004570022804359949
19972,0.010575166457271062
19973,0.888868757095327
19974,0.0024149499478122133
19975,0.9841340485440208
19976,0.04889941275415913
19977,0.012585951873605315
19978,0.008133443176724205
19979,0.9197258764410654
19980,0.3505209022263862
19981,0.014609951531367595
19982,0.008804381650886714
19983,0.5694557364565449
19984,0.5646777315341946
19985,0.13792452670100658
19986,0.005694543824848448
19987,0.9918597621411337
19988,0.004463337739932855
19989,0.016046404417925493
19990,0.0395513016564264
19991,0.006066441404455714
19992,0.9594919769135237
19993,0.013475074978290971
19994,0.09261169270831839
19995,0.11755919985470942
19996,0.015712905182118014
19997,0.004537744061594989
19998,0.007093642174109091
19999,0.0022721479650894593
20000,0.08674934581137472
20001,0.004771923214177753
20002,0.010152572727944202
20003,0.06923666301235816
20004,0.07972288452601548
20005,0.2703422708591682
20006,0.9773316191641234
20007,0.2392472608827822
20008,0.5419807899933726
20009,0.012387348100320628
20010,0.005661353772189639
20011,0.029336777773781905
20012,0.010674013262069378
20013,0.02245268662079105
20014,0.1126096181355628
20015,0.025183513664185878
20016,0.011709324868006323
20017,0.011117441212791103
20018,0.0049969630977530505
20019,0.02449528987324281
20020,0.02816505314076976
20021,0.02011071638886793
20022,0.3661443764594922
20023,0.05335906125480077
20024,0.011706177679704645
20025,0.0031872301767519426
20026,0.05083989190720177
20027,0.9713722473548638
20028,0.003455657579252394
20029,0.37937285404652915
20030,0.033551951933973694
20031,0.0014530403505117015
20032,0.22498162938202798
20033,0.33141342950033525
20034,0.007171905874094073
20035,0.12462007202738098
20036,0.00763440263382755
20037,0.40670521540094207
20038,0.9948091786467341
20039,0.474262488016498
20040,0.004498256858444947
20041,0.004001816523495891
20042,0.017449807604325213
20043,0.011047204597451793
20044,0.0019797701314770893
20045,0.18245655695979016
20046,0.8893202496048196
20047,0.9971005416818598
20048,0.0018986315962089169
20049,0.9394903764450462
20050,0.04444905262881639
20051,0.03807489580645877
20052,0.0156645224925968
20053,0.9596652047777081
20054,0.010594783032251573
20055,0.1977479870695255
20056,0.00270556394303329
20057,0.03996601669887499
20058,0.17619994954754417
20059,0.1257603566132206
20060,0.05516224035391812
20061,0.0059291729101652
20062,0.049689568408959106
20063,0.0007228545230504171
20064,0.010368046207971998
20065,0.5437281954875344
20066,0.6360388783903888
20067,0.028156116176500157
20068,0.08701502354985778
20069,0.5939829723710833
20070,0.007769309728794389
20071,0.02546515981015305
20072,0.4126810615706132
20073,0.015621993239576965
20074,0.009377247824431991
20075,0.0589701972915347
20076,0.22802824521492343
20077,0.07332400580090233
20078,0.12795244515170082
20079,0.0035788191067924104
20080,0.18683046341744494
20081,0.68662056915532
20082,0.07480478299166797
20083,0.1856049234647371
20084,0.9670368011302122
20085,0.018107948213046256
20086,0.002557285958998013
20087,0.044149918397172326
20088,0.15443293781492717
20089,0.01128962280887256
20090,0.20442519366397308
20091,0.12527560469503116
20092,0.012870763709338928
20093,0.40407352253273093
20094,0.06926551754709573
20095,0.7733674560547937
20096,0.8209419711933963
20097,0.11984699735781
20098,0.0032450990849086712
20099,0.004536536122662706
20100,0.9472300598251532
20101,0.3151038834054532
20102,0.05026048790156975
20103,0.016448600481873864
20104,0.8686493800597531
20105,0.00849719131321614
20106,0.34795666527284813
20107,0.2865289020882339
20108,0.009631489003648287
20109,0.9416795096471964
20110,0.5634196958701106
20111,0.01326194468330046
20112,0.011011763944178568
20113,0.02117118573282183
20114,0.9834455382399653
20115,0.9650033154577309
20116,0.30284882455973633
20117,0.0005600395360003984
20118,0.0006981938632769203
20119,0.055915976632637296
20120,0.009522461353448683
20121,0.0026738211416661717
20122,0.20258547283138761
20123,0.07172063919676304
20124,0.034498950738657004
20125,0.021899328044112196
20126,0.03752961518023676
20127,0.02557548509895041
20128,0.9958376270428959
20129,0.09767797215306781
20130,0.5871394008199705
20131,0.004067588406305702
20132,0.0593527108880135
20133,0.0005464154080883925
20134,0.013411674367530498
20135,0.9625784329292905
20136,0.004221918221133317
20137,0.002091353842048736
20138,0.9967026183241067
20139,0.008778657453037148
20140,0.08971451941394142
20141,0.0006183142639145986
20142,0.05354343515544619
20143,0.0034047727416082613
20144,0.023223483291414205
20145,0.0033435324948199686
20146,0.012294688247489817
20147,0.07171025819573326
20148,0.0021472392210737184
20149,0.48755582495809763
20150,0.031044831901279425
20151,0.9959196082253853
20152,0.005467476400337706
20153,0.10914002160779715
20154,0.0037027511676555793
20155,0.021691243236731116
20156,0.000612212602273944
20157,0.16117832756588105
20158,0.0007385885342294995
20159,0.12237475380530065
20160,0.9859175271422604
20161,0.006323010780966007
20162,0.008177982366915408
20163,0.03853515628934387
20164,0.15768159313923039
20165,0.048017966276244974
20166,0.007719286563658177
20167,0.6526314654302441
20168,0.001182346528158128
20169,0.00041315189068227403
20170,0.012824149806530174
20171,0.8464706550938622
20172,0.2751583535139941
20173,0.9842709364085751
20174,0.02502465155030273
20175,0.5945060336002768
20176,0.026619240925043277
20177,0.004043374399637633
20178,0.010918366633936053
20179,0.010309705858848895
20180,0.010391022341753528
20181,0.0260603363876564
20182,0.06684566670946154
20183,0.0020968530562700807
20184,0.9553482478505128
20185,0.3326786947016993
20186,0.021030932311282304
20187,0.0006341106817125828
20188,0.38623140644518594
20189,0.12939341795954037
20190,0.8463120918085023
20191,0.009617872382102639
20192,0.9524215762306578
20193,0.01292655899573493
20194,0.010688192910177986
20195,0.8361436961027505
20196,0.0021546279559903217
20197,0.02273274617342982
20198,0.013292042800582118
20199,0.017035838364307224
20200,0.002499836352139597
20201,0.14826009901664275
20202,0.0022071668121699138
20203,0.08196122415934759
20204,0.039246740369893826
20205,0.0011727593365473664
20206,0.015366170263340155
20207,0.9734769654283274
20208,0.00917064481186609
20209,0.013523415307022908
20210,0.005716596595593878
20211,0.023853361150009595
20212,0.980557967127885
20213,0.01071655398045784
20214,0.38275950892442845
20215,0.16523594844202857
20216,0.006390269129173119
20217,0.008103505078497261
20218,0.04620115650724093
20219,0.9696995735873742
20220,0.041845416961080475
20221,0.8488938947492796
20222,0.00631565173499867
20223,0.01935378096730016
20224,0.018880773502253194
20225,0.06607753460948539
20226,0.004540437734753074
20227,0.8202060148946093
20228,0.8906115196809712
20229,0.28471805789775795
20230,0.003743809564054889
20231,0.6296542505233
20232,0.23892253301250346
20233,0.006773690227330616
20234,0.005399936398303763
20235,0.0037678120669701752
20236,0.6684954771714738
20237,0.6893533072451462
20238,0.03621091733692556
20239,0.0005039689447803262
20240,0.0005624724796642707
20241,0.0031400828782496906
20242,0.0010039372511394886
20243,0.0029996341404934916
20244,0.005901397203983909
20245,0.2558202763022301
20246,0.9558392642749256
20247,0.048786141809452524
20248,0.006371534417704929
20249,0.72461274315642
20250,0.017733784473294115
20251,0.020953386345795175
20252,0.005719378292980705
20253,0.0008893073000887365
20254,0.07739892355581238
20255,0.1722063386202361
20256,0.9177416908831912
20257,0.9667819495684954
20258,0.3829467469879987
20259,0.14705905222733712
20260,0.0015654874507018237
20261,0.7161422277285728
20262,0.03739020954053577
20263,0.9557803824990626
20264,0.18460840629000116
20265,0.34826475297507886
20266,0.9529020818536434
20267,0.3991121211366834
20268,0.06261737967308896
20269,0.08632928795637915
20270,0.012373734552923267
20271,0.14507160862432597
20272,0.01051663005149754
20273,0.059704162786903534
20274,0.02782755480671555
20275,0.004183195292445666
20276,0.6929859571522965
20277,0.8379925055543882
20278,0.05147350550135459
20279,0.5458675044256531
20280,0.0031200578017336164
20281,0.020879149036772463
20282,0.008842015206031992
20283,0.7602290425984081
20284,0.008987333881252672
20285,0.4382286971370218
20286,0.0148231439650098
20287,0.00266757298859067
20288,0.004328396080286334
20289,0.9501231771020733
20290,0.0010564817729037084
20291,0.0019456355863380422
20292,0.9178413435025332
20293,0.9000027553593338
20294,0.005016537526206087
20295,0.060016619776625015
20296,0.24837929603181452
20297,0.008611767452625868
20298,0.012099169085529148
20299,0.9348590591332757
20300,0.13746685776377973
20301,0.0029730530322840693
20302,0.9847890305924452
20303,0.004227676612437011
20304,0.06048689127491811
20305,0.002617782225823065
20306,0.001344832254128539
20307,0.05134381946715201
20308,0.03540296157943302
20309,0.10168765830429613
20310,0.04044280605185073
20311,0.016966910703425934
20312,0.0038750771612621527
20313,0.004698766200378343
20314,0.8768300512839544
20315,0.9836029599390094
20316,0.026661216974873784
20317,0.0011940692307453413
20318,0.10920583069141379
20319,0.9362484364439023
20320,0.9695724618037705
20321,0.0645015221801152
20322,0.10607546084764434
20323,0.0024302704013080146
20324,0.8973102894498564
20325,0.0043301086291150205
20326,0.06488528337046835
20327,0.06543791464955276
20328,0.03193482423803322
20329,0.3919665734392375
20330,0.8860735461278699
20331,0.8284366465123757
20332,0.4164757003042185
20333,0.19507916039621828
20334,0.9411930815254632
20335,0.8387312715302843
20336,0.01694591713470281
20337,0.0027309095091202083
20338,0.2708678479063571
20339,0.9127670205576497
20340,0.006227786906207019
20341,0.05087557485268641
20342,0.022624494721503737
20343,0.7293040259286561
20344,0.0047736306546806795
20345,0.8646901291377433
20346,0.17589344987769906
20347,0.022684286131262516
20348,0.7530520783738611
20349,0.003479038491636244
20350,0.005051686481558843
20351,0.11474344875207929
20352,0.06816814834742083
20353,0.004993753016200175
20354,0.3844586889176893
20355,0.005575238224772273
20356,0.00684203941556408
20357,0.5247112061034819
20358,0.013393365301851215
20359,0.015922450735199933
20360,0.12360246258889901
20361,0.01573896745066517
20362,0.00939393154755386
20363,0.004127131508951577
20364,0.9434279580648868
20365,0.002489612146636547
20366,0.011910223554388508
20367,0.0549467835193214
20368,0.013782902526560909
20369,0.003585315873233155
20370,0.09876927848275079
20371,0.03594685123722711
20372,0.03801064574848344
20373,0.024867917301759666
20374,0.002767009974543969
20375,0.014163182136616104
20376,0.043547687140016486
20377,0.5690458526080635
20378,0.0022620094788701993
20379,0.1518501866389252
20380,0.01789559491221139
20381,0.6292308864729019
20382,0.005326304076734363
20383,0.9544045598166383
20384,0.011093417886433168
20385,0.0033927306598587788
20386,0.0041121254835244135
20387,0.04073634064062215
20388,0.04293752076679073
20389,0.05528541936964975
20390,0.4283129428307697
20391,0.776719615076163
20392,0.03661438187202685
20393,0.09113698374610889
20394,0.9916942196517142
20395,0.007294542699033998
20396,0.07013687055938408
20397,0.0024638544291496695
20398,0.9727666467045415
20399,0.005468754024403287
20400,0.02632206568766432
20401,0.7674365801672012
20402,0.843346106672033
20403,0.0046072236767267264
20404,0.0014583375534979405
20405,0.004417335293017103
20406,0.0035137875100890547
20407,0.48614853392817603
20408,0.5761965243386914
20409,0.7553301756295341
20410,0.9017099581501794
20411,0.04872495369921516
20412,0.007998781821570565
20413,0.10618086023373918
20414,0.9608495339249041
20415,0.9247259527254675
20416,0.01236054345243542
20417,0.01898599487459785
20418,0.008890333973712604
20419,0.02393678060662589
20420,0.0066656319731213986
20421,0.5366188878095208
20422,0.0013667209984981193
20423,0.02297187996819534
20424,0.19874556671754673
20425,0.00521318816437864
20426,0.9674929801441658
20427,0.0027585269195461626
20428,0.9909058040489317
20429,0.04560245186567901
20430,0.0024755011368151657
20431,0.006360135042069085
20432,0.020978401735102754
20433,0.01541450673803406
20434,0.030680259562128213
20435,0.0026293976104887658
20436,0.005572607719036778
20437,0.9537703827779099
20438,0.9176155607169263
20439,0.08843952139368934
20440,0.015290602994773167
20441,0.024185848068735086
20442,0.003170806522822731
20443,0.2797148551954071
20444,0.2544838841980994
20445,0.0778180191396391
20446,0.003113685501083733
20447,0.5406931487332683
20448,0.2394437816477299
20449,0.9716942727400996
20450,0.7544559347891231
20451,0.9913012481885035
20452,0.05597180958585404
20453,0.01015387739476866
20454,0.043521854713653996
20455,0.011649878305896626
20456,0.007293904046565463
20457,0.0067492895741636215
20458,0.18348553148930666
20459,0.8594877664891268
20460,0.16512001967231874
20461,0.016595660206033005
20462,0.0028026068536410923
20463,0.0779118056170535
20464,0.0014442788492374454
20465,0.006048530403843708
20466,0.011973027037163445
20467,0.8581916480370395
20468,0.006016776360012578
20469,0.21643916857630577
20470,0.003295745777338042
20471,0.3185410329788941
20472,0.015234401716363274
20473,0.004425671017472403
20474,0.001794198758873
20475,0.00404367835489923
20476,0.07864487619708434
20477,0.9935003957927774
20478,0.05125135627399869
20479,0.0811300828940832
20480,0.1962331632210168
20481,0.036371950734520576
20482,0.06779743016611836
20483,0.0026946317009050517
20484,0.007929379630420346
20485,0.006222561237404065
20486,0.035000868390607766
20487,0.5522391900745773
20488,0.0018515658080964022
20489,0.7338109026504068
20490,0.9980494724825287
20491,0.08127189020952405
20492,0.021555135601996126
20493,0.006923162851010575
20494,0.04603889595254303
20495,0.005089077472893176
20496,0.0060895687636525015
20497,0.001555130357320877
20498,0.10622752340940052
20499,0.502258148414774
20500,0.006672156232705997
20501,0.0021498735561027928
20502,0.5283539958266473
20503,0.5065717356490916
20504,0.01986750001990066
20505,0.8690587815691314
20506,0.0037822403329769434
20507,0.20092544275297772
20508,0.4724932644412143
20509,0.9459413308616611
20510,0.13874095348101265
20511,0.0012475252448535656
20512,0.9865688759324436
20513,0.6868730110751726
20514,0.01667391744285855
20515,0.7846382636851422
20516,0.01303020245592571
20517,0.034802324474673886
20518,0.01773394793969981
20519,0.024622525796590973
20520,0.009609480245224414
20521,0.7942498212928265
20522,0.007171043051493573
20523,0.08892053169109332
20524,0.009726444258803082
20525,0.017352607702009193
20526,0.0021628344567892603
20527,0.08036720362311775
20528,0.010315472440101909
20529,0.1605714779669087
20530,0.016758927620787307
20531,0.11244569961069072
20532,0.19204249931753356
20533,0.02444993593626076
20534,0.0012392482484618493
20535,0.011919994692510177
20536,0.002071648938763457
20537,0.958714770714095
20538,0.05908119358053263
20539,0.03292555487117883
20540,0.4686783508503659
20541,0.0032714085900258675
20542,0.023643299259411412
20543,0.8360819147495441
20544,0.7524043851205503
20545,0.11168116882710383
20546,0.001187458096865264
20547,0.054366436741378435
20548,0.8378953619424093
20549,0.051756048689718545
20550,0.017742703951868374
20551,0.003572627095936281
20552,0.4834461135873596
20553,0.006883420589445899
20554,0.013976051794583786
20555,0.023976594374871665
20556,0.01737999293041044
20557,0.18469854877602904
20558,0.001574285466618679
20559,0.004430261592265607
20560,0.02005459107264767
20561,0.0015074529528054542
20562,0.004447917470666901
20563,0.0036032436613852026
20564,0.013517707516714194
20565,0.025306011361002523
20566,0.02585207815519225
20567,0.060795299623196165
20568,0.004988049994593083
20569,0.01303335924688636
20570,0.040669224189129105
20571,0.000910984158654684
20572,0.023288816093835957
20573,0.0028270506144602693
20574,0.05635707229546787
20575,0.017945829458508953
20576,0.22117328442140424
20577,0.6179818152465724
20578,0.8229742896117548
20579,0.009315371414416823
20580,0.0010450628948433034
20581,0.02661557305085605
20582,0.13358371937483898
20583,0.912738696087758
20584,0.004106231175794114
20585,0.00729154876107057
20586,0.0030640822778134195
20587,0.013595899317909551
20588,0.025877576822354125
20589,0.9606874403039256
20590,0.7395922666152438
20591,0.06170094566239545
20592,0.7334344030889299
20593,0.09482469610583849
20594,0.021828144926668257
20595,0.015031078356397488
20596,0.2232691213493961
20597,0.07499046797703103
20598,0.4643331085516085
20599,0.06323724475639873
20600,0.6378884204328458
20601,0.002931243205958496
20602,0.340446739268809
20603,0.07826735454071715
20604,0.009773378760648578
20605,0.006809229451111695
20606,0.14486270067238965
20607,0.025484938320662818
20608,0.9836077999756245
20609,0.8547377920700542
20610,0.4578927409265461
20611,0.05666933789781218
20612,0.00727457201959381
20613,0.09316997962285861
20614,0.9665767477055457
20615,0.7935157342612749
20616,0.2799618782449459
20617,0.015544153347387893
20618,0.03180525461812982
20619,0.0022626555176852767
20620,0.8237550567080922
20621,0.011628835017588431
20622,0.008382596001852595
20623,0.019013532873375375
20624,0.14553581322143838
20625,0.03362993263559406
20626,0.0021698239582823636
20627,0.009441994351947473
20628,0.27659995629327233
20629,0.9038733804384796
20630,0.08791667514427089
20631,0.027168896623491878
20632,0.00993973323611829
20633,0.0006523236068101229
20634,0.9299427092610218
20635,0.011286113206333418
20636,0.00502782235063715
20637,0.13197958703356366
20638,0.16907420333233797
20639,0.03175659333181035
20640,0.5426655974928372
20641,0.013909607983942834
20642,0.007665659168298132
20643,0.026252869990913107
20644,0.35734737938119626
20645,0.18791248840740624
20646,0.011598198521001763
20647,0.10501991204743537
20648,0.029205410101934778
20649,0.02110039177881729
20650,0.059533474666984734
20651,0.02955512447227092
20652,0.10903835001162807
20653,0.12954130402902375
20654,0.4933332937750599
20655,0.02099784457987708
20656,0.5644521331409356
20657,0.20809126004457057
20658,0.011729123488505154
20659,0.9069875007491113
20660,0.06413503719092468
20661,0.011908764820145912
20662,0.0037759624810498023
20663,0.052524861252172456
20664,0.0032340955260748198
20665,0.01755081295834276
20666,0.005032781956448608
20667,0.007821442048667875
20668,0.008215896133604088
20669,0.3241414715612605
20670,0.9958557295570288
20671,0.01578593888206759
20672,0.9462818330793442
20673,0.10835131212245194
20674,0.007098653179458804
20675,0.001048242463095234
20676,0.10768634461213557
20677,0.030416506641223234
20678,0.009920313084140361
20679,0.025818215776810136
20680,0.1996451570969214
20681,0.01439816941257419
20682,0.3130943981093533
20683,0.8003705032426852
20684,0.007066584479689438
20685,0.1537497229364013
20686,0.026425456440224683
20687,0.017116488900650144
20688,0.8706380736875914
20689,0.5493633775495195
20690,0.009698228367709776
20691,0.00048656907954765043
20692,0.6879915734959371
20693,0.017727669919824864
20694,0.002833328829723518
20695,0.0018502493884847873
20696,0.0030533371842900144
20697,0.9919355523785769
20698,0.005960915218118488
20699,0.008225372327364495
20700,0.003770865648305856
20701,0.5706202986374546
20702,0.013215378956824017
20703,0.8192404137560279
20704,0.004299669031856454
20705,0.11363135155793871
20706,0.017040284095046744
20707,0.017251205252852935
20708,0.05196136981746103
20709,0.0034301397278717173
20710,0.014065387237711825
20711,0.014689328707351769
20712,0.4239954473731687
20713,0.9578833887510355
20714,0.7998627881601802
20715,0.005705894919831579
20716,0.04066679729906996
20717,0.13885478597831746
20718,0.2134078791573533
20719,0.0010184571824256247
20720,0.25955649152878374
20721,0.01687924316394604
20722,0.10686692298000054
20723,0.006313456427210845
20724,0.028588068688086776
20725,0.0016313912721993933
20726,0.011645343827030604
20727,0.870814376923678
20728,0.007596265970324804
20729,0.014738855711026415
20730,0.03409386520264646
20731,0.12125087072768663
20732,0.006146661849652233
20733,0.9104260916585687
20734,0.06974575367489146
20735,0.1732189707017393
20736,0.010206160210177243
20737,0.7221652681369777
20738,0.9122468197746821
20739,0.008135102499198582
20740,0.02512658666405371
20741,0.906848941654429
20742,0.0016074520469320553
20743,0.07644439413290643
20744,0.45994932294893126
20745,0.9349766039437074
20746,0.01948010136329599
20747,0.008269149119474925
20748,0.0069693307022158845
20749,0.008344718849970163
20750,0.14730163450577805
20751,0.97915365306626
20752,0.020189270814096022
20753,0.1209357964532097
20754,0.09677003262336036
20755,0.1881881410148341
20756,0.034675156078510176
20757,0.1253389939554954
20758,0.02418411212545863
20759,0.2612334121055896
20760,0.002119450918837661
20761,0.024511669178610182
20762,0.368669043008144
20763,0.0033722637078559474
20764,0.7807360990895055
20765,0.059843167687049295
20766,0.05457264347019074
20767,0.6556312706287494
20768,0.009985159437761033
20769,0.014418714392889071
20770,0.004150368206785515
20771,0.010464385038497817
20772,0.012040264984026203
20773,0.0025207700530589933
20774,0.023066349167733508
20775,0.031942387579650726
20776,0.020095159678968844
20777,0.0026629505615220527
20778,0.05325049235941744
20779,0.4852549243479006
20780,0.9701595087035494
20781,0.017601132228390458
20782,0.017182706688470266
20783,0.8495473984492782
20784,0.016276060990952024
20785,0.0015113264857011062
20786,0.9946462431183243
20787,0.01719596964884139
20788,0.6431864806477036
20789,0.5682686114415062
20790,0.025374071182580702
20791,0.9108326183281115
20792,0.007527966616900587
20793,0.007300179983548602
20794,0.0010566680296608864
20795,0.011852025666153924
20796,0.5851688528595631
20797,0.1955254189423185
20798,0.0032186541795234656
20799,0.02613721128362638
20800,0.8705190503013385
20801,0.1335884174518779
20802,0.07548000944787336
20803,0.9852775939857125
20804,0.0397764925021869
20805,0.037311370280364506
20806,0.5547953931362783
20807,0.014566476795384264
20808,0.009173627865452477
20809,0.1617967140222638
20810,0.07008813885466042
20811,0.019672628080746244
20812,0.1908525823300357
20813,0.023579572917782343
20814,0.038713590379345346
20815,0.7919987473154898
20816,0.029498198126097133
20817,0.00042067898662519795
20818,0.0006160065213080234
20819,0.020841464802179365
20820,0.6657529410571646
20821,0.4722609719781532
20822,0.13397049498943076
20823,0.0008759548280825785
20824,0.018365400201516578
20825,0.19002225937437026
20826,0.03532792766814299
20827,0.06193450866819991
20828,0.5437896713257306
20829,0.1815514472554689
20830,0.529213096281433
20831,0.14150499285649093
20832,0.024317201517954586
20833,0.9054702439773038
20834,0.10060032609621342
20835,0.005821033312007999
20836,0.8333082565890187
20837,0.0032035827473126865
20838,0.012823832773731529
20839,0.017875927839939243
20840,0.012852535447942088
20841,0.037295622232867254
20842,0.01895502099548956
20843,0.025941443930044064
20844,0.023360167390481516
20845,0.28116186852767383
20846,0.002706404729333703
20847,0.014640941595152881
20848,0.0031148381249073314
20849,0.0066983313177408615
20850,0.019131232580088992
20851,0.027159218989988777
20852,0.9890921048651787
20853,0.042238462551073615
20854,0.007147193771639369
20855,0.28244497964099863
20856,0.1680970222229457
20857,0.7884447922983968
20858,0.9190269697224411
20859,0.017222883977747468
20860,0.06203962478303786
20861,0.031974401297638684
20862,0.2235968995598402
20863,0.30825221288878935
20864,0.02344002401482517
20865,0.09696281701287507
20866,0.006009802290866721
20867,0.00619149890324258
20868,0.9221532679662915
20869,0.0024881042563266622
20870,0.0029815316698553695
20871,0.0038875101495664693
20872,0.012278489211758536
20873,0.010657075801953795
20874,0.817919565894547
20875,0.43362210341730445
20876,0.09289893647144856
20877,0.12690413432013936
20878,0.0715091714303215
20879,0.0009681401523768624
20880,0.02017577764000465
20881,0.04820541785745207
20882,0.33254547324635164
20883,0.0083323085724559
20884,0.008831577801984783
20885,0.04427244198799653
20886,0.054760228046435024
20887,0.004623586205920254
20888,0.02911282355832792
20889,0.0575933616884397
20890,0.16154923408713628
20891,0.025125192787286053
20892,0.09378465791919414
20893,0.2760545076866336
20894,0.18908209798202014
20895,0.44556207034810313
20896,0.9153510498611067
20897,0.0008292640206719057
20898,0.10114815808500555
20899,0.08613442728349333
20900,0.00886208906425325
20901,0.005977662809471104
20902,0.048736295152274026
20903,0.8379089026220248
20904,0.012982530655160193
20905,0.012228024487784022
20906,0.025826463817644654
20907,0.02519123712404189
20908,0.004282793496135833
20909,0.00469176000503775
20910,0.14310457943905172
20911,0.6357957425175329
20912,0.00355969479132875
20913,0.780902592159351
20914,0.08147429415531565
20915,0.015041242121965025
20916,0.0018376579779787485
20917,0.043394487268348984
20918,0.014534110379213046
20919,0.007169682680818954
20920,0.011712693053551194
20921,0.0010663086240628474
20922,0.942764834497318
20923,0.003159271897132648
20924,0.906595462911676
20925,0.15105226103512703
20926,0.9978518869529123
20927,0.03684324616551397
20928,0.07210770431347621
20929,0.43549425277132553
20930,0.0128780998846429
20931,0.025721386332252846
20932,0.009185314595841425
20933,0.014358325021343718
20934,0.04063151500307317
20935,0.027221105134144077
20936,0.9752536057316077
20937,0.004164944859859491
20938,0.03894942455718371
20939,0.0016485189802253233
20940,0.2001519926150381
20941,0.008580136316252965
20942,0.17558685496309318
20943,0.35266590018723165
20944,0.9363906479590508
20945,0.006826175474636424
20946,0.9712442069935352
20947,0.013304717951315465
20948,0.018130660620793
20949,0.2295756726662273
20950,0.03067854384083833
20951,0.0377343511805719
20952,0.5702466303749489
20953,0.010221374555376988
20954,0.010867323856721059
20955,0.030295280035041536
20956,0.00811326963712155
20957,0.031979414553992856
20958,0.04321011354088555
20959,0.8992284852317555
20960,0.12285645194367346
20961,0.037549391235943724
20962,0.007601418858247011
20963,0.0018689761135878152
20964,0.04594782611370812
20965,0.00655329648253396
20966,0.022119431822803345
20967,0.041678780738062
20968,0.04508446623939174
20969,0.0030745539707895523
20970,0.0019820164799727895
20971,0.01792697144994501
20972,0.00732146965676013
20973,0.02477449395443535
20974,0.0028282634121193084
20975,0.2603507806694563
20976,0.0015533987245495017
20977,0.08570118219274253
20978,0.10174139942347586
20979,0.0198964736447055
20980,0.14127778779488456
20981,0.06596695938583662
20982,0.016055299841605183
20983,0.017786736104479166
20984,0.011108668964671137
20985,0.008459245805899449
20986,0.07188674013869856
20987,0.9788915069844099
20988,0.7076595691005136
20989,0.057723462954928695
20990,0.627937874113057
20991,0.9874355483369053
20992,0.3485857324557194
20993,0.0011157060538693065
20994,0.026379488613620484
20995,0.036039457640656226
20996,0.008386432302873089
20997,0.1231829666241859
20998,0.2105072503297264
20999,0.007778925203985648
21000,0.9864727745975425
21001,0.004226128067938429
21002,0.8527118743969467
21003,0.005902087668465959
21004,0.7343863151075462
21005,0.016045721970396182
21006,0.9531265165064922
21007,0.006543401511897281
21008,0.05149079749860316
21009,0.022110732771103574
21010,0.9630120188804177
21011,0.02958083109003668
21012,0.022206673975768653
21013,0.01885116387137831
21014,0.12829969490328394
21015,0.24883790785968107
21016,0.21852860241229516
21017,0.006379767198670075
21018,0.0035224071797140496
21019,0.046905109779778964
21020,0.09743280327948267
21021,0.01649007268087836
21022,0.9403315811359203
21023,0.019084238829596395
21024,0.8988000497396748
21025,0.13808820631507668
21026,0.03421143024157697
21027,0.9858793591056694
21028,0.8933484709934708
21029,0.022273849861023595
21030,0.10265163778917531
21031,0.8101768326411262
21032,0.05176354268584928
21033,0.8248978473869574
21034,0.7232472392481429
21035,0.036217194935221755
21036,0.9870337027331144
21037,0.7748284654288374
21038,0.016053521394618783
21039,0.9498882883479272
21040,0.019183615842108294
21041,0.027430806178355728
21042,0.0756777102939338
21043,0.00430094257100592
21044,0.8296970967751133
21045,0.032530210879395206
21046,0.32938372065525656
21047,0.9422218776908172
21048,0.006075274074269096
21049,0.9907766341196339
21050,0.010023688767066668
21051,0.3484225554881215
21052,0.029499572220857705
21053,0.04031184183134017
21054,0.7229996271356068
21055,0.0090308517607528
21056,0.0295286512765669
21057,0.9907246537460455
21058,0.006123582352585952
21059,0.916482253897996
21060,0.944183836529797
21061,0.0493902412334555
21062,0.0029211414185140745
21063,0.015310367537925968
21064,0.7777869571200424
21065,0.24183092777040074
21066,0.0026685333903558625
21067,0.0028602632698104275
21068,0.07284795543922942
21069,0.057585121613277494
21070,0.031934296499580406
21071,0.8226603416911796
21072,0.0019656189837795766
21073,0.2217474052991535
21074,0.021959609884351014
21075,0.027049467168863906
21076,0.008467815370096296
21077,0.0736693043037065
21078,0.9421905063184716
21079,0.9357504813347608
21080,0.01166669028853266
21081,0.9867638535018716
21082,0.03916890185550051
21083,0.020932755976173802
21084,0.4306275423245692
21085,0.0028195380984886147
21086,0.03786632094373471
21087,0.027979834225245796
21088,0.2264368875352375
21089,0.07163184954207087
21090,0.3808656110815957
21091,0.0041853421088267635
21092,0.8709692547123858
21093,0.0020823233071280093
21094,0.02012739524788261
21095,0.012996675383961471
21096,0.002888464211819741
21097,0.03181133743601069
21098,0.01846928748513887
21099,0.04626150387852588
21100,0.009597839146800482
21101,0.005245736228915
21102,0.0033888546600247785
21103,0.10946129548591814
21104,0.0679207652240195
21105,0.004533493053131455
21106,0.710495999533854
21107,0.0779925562777166
21108,0.041305170350291645
21109,0.9009251015716212
21110,0.8392036273478651
21111,0.9983986498351978
21112,0.003302652263041365
21113,0.012417277917861205
21114,0.8772442086448413
21115,0.19325836035460955
21116,0.9629332047262754
21117,0.07266656241144526
21118,0.0031280695657367338
21119,0.9962841569166946
21120,0.0011317286096655737
21121,0.4586409163793555
21122,0.02792582331450251
21123,0.0243745464750185
21124,0.010241691328082137
21125,0.09938132818232717
21126,0.0010151336449341318
21127,0.008097131575168393
21128,0.002562751276691948
21129,0.007854026871084805
21130,0.8751181093030725
21131,0.5683713817130669
21132,0.07338657368535174
21133,0.026306644128230798
21134,0.007082346710743337
21135,0.8678867438674439
21136,0.01598078748731147
21137,0.004194293802453121
21138,0.0024496453831542764
21139,0.031817542553588624
21140,0.4039845990077983
21141,0.012929475378875076
21142,0.005489117674496886
21143,0.022557565931465615
21144,0.002344248946644822
21145,0.023958394676993285
21146,0.033808712732704305
21147,0.5972643592452738
21148,0.3037761834422518
21149,0.021827705713321897
21150,0.004933316266212496
21151,0.8794867623695922
21152,0.021994324206592527
21153,0.7751243064994525
21154,0.03148168942921605
21155,0.03722820167832632
21156,0.6983131917552466
21157,0.02899290165787743
21158,0.12505167653361796
21159,0.02127001043996093
21160,0.014279327084169385
21161,0.0029474251191998085
21162,0.042661644418685
21163,0.8072846827195893
21164,0.009854652915047826
21165,0.07137267892308434
21166,0.9527087805303647
21167,0.017991011856856542
21168,0.014545134457355165
21169,0.28479324789082283
21170,0.11258289554952446
21171,0.05899007072663114
21172,0.15102914853587726
21173,0.007026915592400657
21174,0.9813184246050624
21175,0.2420076192680262
21176,0.006510028691418183
21177,0.7683064565699285
21178,0.5087334222280876
21179,0.00368859471487511
21180,0.852723447365631
21181,0.0652399484048456
21182,0.0025231543304025505
21183,0.027235218844265028
21184,0.7964221415001752
21185,0.02189945515966112
21186,0.009931259892060028
21187,0.001820800662359905
21188,0.004644297793009901
21189,0.0010228784716943581
21190,0.012105798947744913
21191,0.9471138937916784
21192,0.2225191690178318
21193,0.17799133406387418
21194,0.9837776013523494
21195,0.0487800341858818
21196,0.019306759154504027
21197,0.0017822157531158815
21198,0.00549245848393147
21199,0.5214379833050464
21200,0.015965375216302286
21201,0.004816001809939514
21202,0.003744156114848136
21203,0.12915972878562015
21204,0.015794889235300712
21205,0.0011156554207513347
21206,0.9130811879081917
21207,0.002927729311117581
21208,0.010660446842451635
21209,0.9295110543839954
21210,0.18596602225963157
21211,0.9203467916983832
21212,0.006560583282321458
21213,0.8001428243655213
21214,0.02973697429458044
21215,0.027982228416744855
21216,0.4489370047689092
21217,0.05748121112668175
21218,0.0020436474371818563
21219,0.015716207639597995
21220,0.3611638526417919
21221,0.011459841363072935
21222,0.004947158066278386
21223,0.03802575832951982
21224,0.6977551248502233
21225,0.002424695365816008
21226,0.34450228829137797
21227,0.013199870996596572
21228,0.9561279394897259
21229,0.8972606702436688
21230,0.11528699981702087
21231,0.832217824430871
21232,0.047605671869799276
21233,0.22578120992330755
21234,0.04368266279358713
21235,0.625220914560764
21236,0.8164162414883851
21237,0.004616847737620376
21238,0.0072271735256802605
21239,0.02417010660479841
21240,0.007681697312214542
21241,0.18491572925694313
21242,0.9609518096729727
21243,0.09011988249995982
21244,0.03819968026249323
21245,0.9803986243459896
21246,0.0013968237778536196
21247,0.004928850814813922
21248,0.01557145118077806
21249,0.9746355225789793
21250,0.0022132241326779443
21251,0.006050302276840406
21252,0.04234443662215989
21253,0.02104242147154577
21254,0.017247984970946786
21255,0.05596411620797397
21256,0.04233114503228131
21257,0.8765712551204541
21258,0.11417241237593369
21259,0.010857819972035295
21260,0.029935256772223983
21261,0.019586944889052497
21262,0.029897946514863098
21263,0.09401964123643347
21264,0.0018513512144265607
21265,0.009132012048065234
21266,0.0031399356990923196
21267,0.016223339356808208
21268,0.9821746496607657
21269,0.1475016192913619
21270,0.044308125047169085
21271,0.2067978525243297
21272,0.14325466270683404
21273,0.011470903281160074
21274,0.00499505923625444
21275,0.2084000058111889
21276,0.002642135496299079
21277,0.003467212011355066
21278,0.7837489139868046
21279,0.05664988201787898
21280,0.09420957808522144
21281,0.007179720120611326
21282,0.19107165796489806
21283,0.06392961476394382
21284,0.9594062866141562
21285,0.06784858267302521
21286,0.26900593432647374
21287,0.0010880006527180044
21288,0.012346622628607785
21289,0.002753181150244812
21290,0.606749157275237
21291,0.0006201819884533516
21292,0.6531237043049256
21293,0.007379375963257754
21294,0.048063248996864816
21295,0.7773198082158539
21296,0.003701841224025305
21297,0.9775182259688997
21298,0.2905353342121498
21299,0.55037247885605
21300,0.06113106836436001
21301,0.9938846931826064
21302,0.9803544927679203
21303,0.00441992914895879
21304,0.0009880965454492113
21305,0.007886914513939226
21306,0.01971285457113496
21307,0.0013385466945449176
21308,0.03643442250971224
21309,0.07029689810300763
21310,0.006687538393385137
21311,0.04747854228473398
21312,0.7127793519004991
21313,0.005580811663062751
21314,0.144904540195544
21315,0.09134071012544749
21316,0.29143544930308257
21317,0.15355949944934008
21318,0.8749848028981242
21319,0.01162355358657457
21320,0.024013085263186698
21321,0.004950313989472278
21322,0.032594457904843145
21323,0.9872599108112126
21324,0.00563918234921571
21325,0.005706589167252618
21326,0.8204261196712451
21327,0.0006224847999013891
21328,0.02372917189593312
21329,0.03762280672635621
21330,0.0006458010969948947
21331,0.0019790051265248555
21332,0.46630837205252756
21333,0.001449798417549682
21334,0.9017267151073429
21335,0.2738434531447421
21336,0.01893938439890122
21337,0.5191634169679332
21338,0.8801988410767051
21339,0.08355849680120085
21340,0.0038252008501768906
21341,0.008659671901804809
21342,0.1330634647801405
21343,0.019120950425443654
21344,0.0008286493085272268
21345,0.01472323665350203
21346,0.003755316617124448
21347,0.037767766498165635
21348,0.9940861276290411
21349,0.0013260089207786797
21350,0.02801148043088354
21351,0.9368521323964043
21352,0.004829720427615098
21353,0.8650602331051934
21354,0.000468327217469015
21355,0.03634402095992041
21356,0.004644830799071456
21357,0.013553796924122091
21358,0.17325163992876633
21359,0.8665237924060785
21360,0.4972884903653013
21361,0.9990207383144896
21362,0.022703391520037874
21363,0.037271987265111856
21364,0.010029486931376045
21365,0.004861221465625349
21366,0.01618439214992987
21367,0.6373675692078565
21368,0.993010252525614
21369,0.008310229531680072
21370,0.9368401877507103
21371,0.9724251493689112
21372,0.0058870673106608574
21373,0.0030635919288135565
21374,0.009462659228209231
21375,0.014242828403432028
21376,0.4964091701289558
21377,0.10859193414959817
21378,0.95004713946343
21379,0.052910084702169895
21380,0.7120473826703022
21381,0.00683880499750677
21382,0.02298210412610683
21383,0.0028596306982730754
21384,0.0010761352522049756
21385,0.014050464155840058
21386,0.9842604858414682
21387,0.7885203954387442
21388,0.4576643920271059
21389,0.014671871891061634
21390,0.003030331179030033
21391,0.011555712076484854
21392,0.016912948774502497
21393,0.007000570875535337
21394,0.17137912696545385
21395,0.626841194454875
21396,0.12729631746750378
21397,0.9786968975000861
21398,0.003015183233401737
21399,0.08849185120522919
21400,0.6866573807009688
21401,0.0016340652430792049
21402,0.016691891671801375
21403,0.30801273236244225
21404,0.01891282237568549
21405,0.008908581183158206
21406,0.0009905909138363401
21407,0.0312688370457101
21408,0.03439614236397735
21409,0.00810617446793467
21410,0.1410176702007106
21411,0.49037532213843316
21412,0.026064882560058397
21413,0.003271839345346215
21414,0.009508095921032243
21415,0.017945109369256616
21416,0.0214767987381191
21417,0.06365700202609466
21418,0.011105985115050985
21419,0.006518934512011432
21420,0.005414170942450101
21421,0.2439072572012523
21422,0.04680080965290983
21423,0.008578019739391578
21424,0.3371249569133138
21425,0.3013932129011612
21426,0.1258202195676686
21427,0.06931543849654254
21428,0.06063879071604791
21429,0.20600642962717317
21430,0.0021593640274585597
21431,0.05071093991306402
21432,0.09342519613517204
21433,0.015292482310456195
21434,0.0014761777769090325
21435,0.0042409766161747965
21436,0.10118509598507323
21437,0.06281979578541738
21438,0.001811822420790398
21439,0.34056022163626526
21440,0.006931045786824023
21441,0.01442210711053794
21442,0.005931020839923485
21443,0.013440711276083109
21444,0.004489207129028058
21445,0.31813364101578084
21446,0.010767298816961101
21447,0.011169463921786426
21448,0.019210053244755755
21449,0.013100355719605848
21450,0.06967776265473086
21451,0.7602851022663213
21452,0.8186647653784068
21453,0.015058347277033793
21454,0.02681396890477425
21455,0.5766164299131452
21456,0.023942968027096286
21457,0.002686511558465569
21458,0.5095077627578917
21459,0.20985748462772685
21460,0.0065597490280190456
21461,0.004374724409941169
21462,0.788489540527579
21463,0.004161316008178855
21464,0.10286017016453065
21465,0.16979686771809163
21466,0.04481065096763953
21467,0.7421773169638338
21468,0.00032753146770021465
21469,0.04534285165981372
21470,0.3983114791387194
21471,0.04578860884846812
21472,0.6473209307546679
21473,0.02258825701895383
21474,0.6313266061739217
21475,0.006316250929969557
21476,0.0006524733692035676
21477,0.002928587031870049
21478,0.001626477867730091
21479,0.8616906973753962
21480,0.45359324900681663
21481,0.0030494446078781164
21482,0.026610881970919414
21483,0.8636584136581454
21484,0.026789210827491822
21485,0.011487218535587086
21486,0.021388238736520196
21487,0.5560363725969814
21488,0.23092551146162657
21489,0.03445287114491364
21490,0.0054244048340308226
21491,0.008078995228327794
21492,0.0542184704044562
21493,0.2176737874745667
21494,0.04044367287837413
21495,0.11981235652769436
21496,0.015557859356614386
21497,0.001194003195233108
21498,0.003583928088074824
21499,0.35797494764496
21500,0.14762808478946712
21501,0.011287893028100498
21502,0.06750550971826673
21503,0.09954177817144017
21504,0.496309282051731
21505,0.2383284990299895
21506,0.005559805481711204
21507,0.0014522434589226878
21508,0.7670669627584551
21509,0.0012516850495372506
21510,0.8661863086519801
21511,0.643610956088743
21512,0.009281433789019997
21513,0.04377962420325745
21514,0.02492590134563279
21515,0.022164970530630927
21516,0.7663084632704721
21517,0.03622196575294395
21518,0.009477862783849286
21519,0.003493843483394771
21520,0.03573994844851253
21521,0.03156833626268701
21522,0.009243301327369438
21523,0.020995419375699906
21524,0.004550024204027794
21525,0.10473355835034104
21526,0.8441460758496635
21527,0.003393782602561153
21528,0.0017326106683517705
21529,0.020869294605915027
21530,0.21626486198291925
21531,0.5198096860975531
21532,0.7666318565292727
21533,0.005745181615820011
21534,0.04866665746463615
21535,0.7579423903065527
21536,0.8872926405998951
21537,0.40655510587323185
21538,0.0015752602833178568
21539,0.5539569827749408
21540,0.003886841805470856
21541,0.061986434720936075
21542,0.0772551754671031
21543,0.1170492025796734
21544,0.03188993415860739
21545,0.9629516345618956
21546,0.2496633113619209
21547,0.00063708138471216
21548,0.016018149985069015
21549,0.06467344312210435
21550,0.8282599352483043
21551,0.12356138511133793
21552,0.04476314344101157
21553,0.004424653302565644
21554,0.014937087732555306
21555,0.29892217097315066
21556,0.1019656982012514
21557,0.013996922495427146
21558,0.13449235928545436
21559,0.9721980087341403
21560,0.0035469579084583653
21561,0.012683675142153615
21562,0.018615005122558245
21563,0.023396840111977207
21564,0.002731230111638912
21565,0.004931808234871882
21566,0.3234789989921389
21567,0.004235755001238142
21568,0.06842936690833713
21569,0.02899119700445466
21570,0.6032606722811067
21571,0.005541130602747613
21572,0.6362630742653509
21573,0.019458157063727347
21574,0.0064479485717131215
21575,0.7986870613241255
21576,0.5662373695727392
21577,0.2581753185835302
21578,0.031200591630078506
21579,0.03199836124182678
21580,0.008672971778693448
21581,0.18241297497553036
21582,0.044502596616819906
21583,0.3258607320032192
21584,0.030186915397207217
21585,0.23463390648259777
21586,0.8111375711414752
21587,0.006672806309952136
21588,0.7717021676298673
21589,0.050983512810296096
21590,0.05812581789330053
21591,0.11608187940207171
21592,0.012006436969114824
21593,0.9613760570025021
21594,0.005285796686047422
21595,0.01949278457501
21596,0.061910867340079515
21597,0.10765644384056416
21598,0.8267380989954006
21599,0.002593714916836171
21600,0.8269658782339453
21601,0.06341506137605882
21602,0.07286574490312325
21603,0.9067414645622903
21604,0.009355820474237218
21605,0.04483850354815415
21606,0.006419566841165508
21607,0.012199399452819934
21608,0.08497819075871622
21609,0.6462719022115025
21610,0.009938420611950945
21611,0.05544827019700061
21612,0.01761715212482873
21613,0.0046058522044211455
21614,0.40427449276093536
21615,0.023392323282292474
21616,0.1169652552784332
21617,0.8471047825399287
21618,0.004870506610378108
21619,0.5505249997502901
21620,0.010197210775922819
21621,0.019561704486663938
21622,0.7069408603637733
21623,0.009278143880370513
21624,0.26419608644052295
21625,0.19826195499347096
21626,0.11634488772651967
21627,0.22400931816036457
21628,0.0997457168870414
21629,0.050769920536551966
21630,0.004829780162591558
21631,0.006132571858136606
21632,0.9444207235672831
21633,0.013857534158497156
21634,0.2754837610894607
21635,0.0011550559506290842
21636,0.08280151466432147
21637,0.20203723766628448
21638,0.05902687633612696
21639,0.98129300893973
21640,0.9078676063501147
21641,0.28359994185867554
21642,0.017074178699384417
21643,0.2247323975354937
21644,0.016530651567996962
21645,0.0089925280103902
21646,0.23877799129583913
21647,0.017532094340620884
21648,0.9986369294725446
21649,0.0585933559571027
21650,0.045537580264462287
21651,0.29807432834260045
21652,0.012490227400284677
21653,0.15038264090231307
21654,0.002301098614921587
21655,0.0243603523141297
21656,0.01960349356836655
21657,0.050710993177666655
21658,0.010920454757228127
21659,0.010013238685012749
21660,0.05439323697187405
21661,0.04105774757735156
21662,0.34138188791981616
21663,0.06963560027038579
21664,0.3190553092867633
21665,0.0048373567987421845
21666,0.22624611392514715
21667,0.00891326697708304
21668,0.007895597931980433
21669,0.0429403071196513
21670,0.7028694060817073
21671,0.0008768393886176407
21672,0.08699829267469716
21673,0.5442808388381144
21674,0.018874207488951706
21675,0.9066386182478845
21676,0.08277176886477461
21677,0.01471355943183225
21678,0.16953767171443185
21679,0.001187380157671283
21680,0.2323916156470313
21681,0.013029166852265033
21682,0.006827601840851175
21683,0.07028696495655797
21684,0.5639517099542527
21685,0.5439895939785402
21686,0.006775428084826499
21687,0.0009941263672169276
21688,0.02206251841283531
21689,0.606206393393916
21690,0.7907032350631955
21691,0.007227957299220835
21692,0.48081164197849846
21693,0.00783148272402865
21694,0.30861447731530345
21695,0.005262620785927534
21696,0.004866819001272251
21697,0.008653982675702228
21698,0.017507573181153428
21699,0.04322656508562025
21700,0.9299828557710924
21701,0.08790900389123735
21702,0.3342097520491798
21703,0.010729665905310057
21704,0.07754655891256804
21705,0.03984022032184841
21706,0.34683178830908634
21707,0.007737169476657223
21708,0.003576193716488602
21709,0.0356374430627756
21710,0.02239047822740035
21711,0.07529788640371612
21712,0.01515523717978113
21713,0.33920302788273393
21714,0.06217239220951342
21715,0.008567437150193518
21716,0.968890117735433
21717,0.004190630142804058
21718,0.5878243890312912
21719,0.9732556998378814
21720,0.07055633729550406
21721,0.009308018149493738
21722,0.016216082494122593
21723,0.04182160283204783
21724,0.4658169266207736
21725,0.008034871332989668
21726,0.16857413276877636
21727,0.00586241014517988
21728,0.03035879300024362
21729,0.007235946965443359
21730,0.005936032919071217
21731,0.6746652957743522
21732,0.012752415930383275
21733,0.02176930998520114
21734,0.19116674823120636
21735,0.047801609705835205
21736,0.12084087931028595
21737,0.007147447281148252
21738,0.057873987266519725
21739,0.16268181401004547
21740,0.9260133334729853
21741,0.0006747277105706833
21742,0.003956357437932952
21743,0.8228308712540184
21744,0.6891623899112457
21745,0.029208206108193472
21746,0.02925395729749894
21747,0.7247786871963601
21748,0.005988762524966206
21749,0.0005043060660737042
21750,0.045004510664918104
21751,0.027922139118152035
21752,0.29794848956669917
21753,0.027400210405414425
21754,0.9168806020078523
21755,0.005157656006211462
21756,0.09099889433259582
21757,0.003590749951046159
21758,0.7967551391020071
21759,0.018834159714760237
21760,0.02510754228468199
21761,0.9932855022396466
21762,0.00920906939451665
21763,0.002623543934195194
21764,0.9872539493988391
21765,0.06735638143140885
21766,0.9052661064328231
21767,0.02588657925018427
21768,0.9859647473285511
21769,0.22485232367392813
21770,0.04858690836080341
21771,0.07859635421731595
21772,0.00976276392094436
21773,0.009568200942899776
21774,0.004088225024941549
21775,0.9025860968858539
21776,0.017567226406823747
21777,0.00688310802264438
21778,0.029819190510187825
21779,0.011211510421960903
21780,0.6991713484783121
21781,0.0013419731898755072
21782,0.7493455438503491
21783,0.007709639797036673
21784,0.0041248248242682015
21785,0.013195097410384516
21786,0.31411668357463046
21787,0.002076386912802275
21788,0.0012894441087802895
21789,0.050200055516787724
21790,0.005166022596250614
21791,0.0024190414339254726
21792,0.25606993439594583
21793,0.6230517653503865
21794,0.8091238955567934
21795,0.003521060773796206
21796,0.10369970678790988
21797,0.9367780289252808
21798,0.011990194904520888
21799,0.9937918028122874
21800,0.8151605190439175
21801,0.07977829076779547
21802,0.013173466857450078
21803,0.07943123533376661
21804,0.09871556113526316
21805,0.9250022062046395
21806,0.053662364784669174
21807,0.004226591380903082
21808,0.9492393039628428
21809,0.7087150856771134
21810,0.0036408105358982073
21811,0.7388325322478171
21812,0.00031050326303799146
21813,0.010603492488478998
21814,0.9605117813676465
21815,0.6313868135575895
21816,0.9405305975143633
21817,0.5935100248914511
21818,0.44168123997578407
21819,0.0016861781276185524
21820,0.019423507560305094
21821,0.10600519267161046
21822,0.00723284575647678
21823,0.004454301238180557
21824,0.0019393280084063485
21825,0.025518808886944057
21826,0.008803991442152964
21827,0.5040817546065226
21828,0.9956993762732187
21829,0.002240237331988167
21830,0.004636200109150215
21831,0.015296783205050004
21832,0.00920299892357407
21833,0.4866588287320727
21834,0.9158527993340878
21835,0.1933878313852689
21836,0.8047273242029348
21837,0.02573232083259338
21838,0.0013054149024058753
21839,0.1206635642685572
21840,0.004373542139714946
21841,0.1004471735946941
21842,0.5970016135469539
21843,0.3681940151735679
21844,0.7685230795880508
21845,0.005702659092367946
21846,0.001934160284295653
21847,0.034010483182199534
21848,0.00703249740088562
21849,0.9572894440770682
21850,0.0070724904505035
21851,0.2294932575596136
21852,0.9682688461150724
21853,0.05438203609047464
21854,0.04146911750773467
21855,0.01651522872679152
21856,0.026290793516933364
21857,0.005807756650478728
21858,0.005376745612139102
21859,0.010976112319980748
21860,0.5451757417062678
21861,0.0032493694620075305
21862,0.0014954930992072024
21863,0.0019293529444309203
21864,0.0029396286942899486
21865,0.0006136345543068749
21866,0.7315144512718377
21867,0.03057528225305591
21868,0.0009172906176417279
21869,0.13967780425024495
21870,0.0003377347761691863
21871,0.027185541553475856
21872,0.002078341012555921
21873,0.17665711035863696
21874,0.01781743083760403
21875,0.009838048301917543
21876,0.4725952130272693
21877,0.015708633725675606
21878,0.8113590284186414
21879,0.5447077975548313
21880,0.00265123223087979
21881,0.09272058335345354
21882,0.007961678963458552
21883,0.014127061775043812
21884,0.9778965956430682
21885,0.008838515564049913
21886,0.020156384737083935
21887,0.4554320097680259
21888,0.7643529179838869
21889,0.003834179191412372
21890,0.9234950407054551
21891,0.014596830851949108
21892,0.693774951585853
21893,0.033645480848465616
21894,0.9592403683086789
21895,0.005500592224053079
21896,0.006109987188834617
21897,0.0037689967807415193
21898,0.5662174525821355
21899,0.9657707538210911
21900,0.04584665809957781
21901,0.011246570174954612
21902,0.11866381391687533
21903,0.020246921632406767
21904,0.032348654599218894
21905,0.0016581585310821445
21906,0.0513839479882673
21907,0.13222643581360288
21908,0.030255874259047567
21909,0.8564951059053711
21910,0.010665970552149157
21911,0.019103207371470997
21912,0.0018500241160114724
21913,0.014325305782480676
21914,0.01025833893358233
21915,0.01597706999144571
21916,0.07183179595964477
21917,0.03091502316682028
21918,0.16458007377871847
21919,0.010737441433979316
21920,0.22356644976742288
21921,0.04084288237478491
21922,0.025872053504911553
21923,0.03752910390938518
21924,0.0050859414001558695
21925,0.42459396050282705
21926,0.0068089755632207115
21927,0.016521444757955975
21928,0.08424585764852931
21929,0.34286928166274805
21930,0.006511557730984121
21931,0.012112191720180828
21932,0.9508747849131075
21933,0.001130676935014368
21934,0.003822782816032833
21935,0.013894780047093547
21936,0.8595525429532769
21937,0.009233687362833684
21938,0.0013558811659970624
21939,0.039827478713046455
21940,0.012066784606655103
21941,0.00434230646551982
21942,0.3448192149381458
21943,0.0006435430334388057
21944,0.001076373974955445
21945,0.0010251065354134725
21946,0.016761703258448658
21947,0.0025804036134919224
21948,0.01005267246150363
21949,0.0029578712721104053
21950,0.08385553259484377
21951,0.0023102556746987563
21952,0.00996270108227135
21953,0.5151596608321712
21954,0.4241227786702982
21955,0.7117607174426885
21956,0.42269379201829405
21957,0.019462016560978145
21958,0.016058029690579484
21959,0.9784254908654232
21960,0.02366252776391819
21961,0.010582075829675987
21962,0.0021653413178550096
21963,0.07291363907497636
21964,0.02264720991217958
21965,0.0028670639995916707
21966,0.04289276937951902
21967,0.025105002556183177
21968,0.8525373012000041
21969,0.019215880158259546
21970,0.9617259909852774
21971,0.5311026407797381
21972,0.33984346563070256
21973,0.04131111701837198
21974,0.5141595807902892
21975,0.04844071622311118
21976,0.0008504575375195816
21977,0.04814019079900712
21978,0.03516404203997601
21979,0.005940686129713189
21980,0.014056056517726977
21981,0.018664738206003756
21982,0.514893342844622
21983,0.017128409851560816
21984,0.07669850200690324
21985,0.9800029398080828
21986,0.9834703917621842
21987,0.9773726792886963
21988,0.002797521516400922
21989,0.03573144649095728
21990,0.06359127859333442
21991,0.0021184383828637297
21992,0.0027393775801606876
21993,0.0022178066560434944
21994,0.0843591078848272
21995,0.05931891206312736
21996,0.012693809663055668
21997,0.011472889204555673
21998,0.2747889632917944
21999,0.7295678181408009
22000,0.00056729387537328
22001,0.37604412012275723
22002,0.6532382559536715
22003,0.0022526448234395655
22004,0.009456675796135737
22005,0.15738329525574288
22006,0.9474785729790266
22007,0.4355778770512561
22008,0.21195655506944455
22009,0.004628403178694418
22010,0.17570192245226066
22011,0.9756429530174182
22012,0.00684423182748249
22013,0.3388055945841269
22014,0.005047692235878266
22015,0.016806743764399362
22016,0.010730743780180008
22017,0.017636182752092895
22018,0.026340434783083892
22019,0.02274878122168988
22020,0.16939652576902572
22021,0.0649626299677582
22022,0.8197150324713373
22023,0.08823529093761859
22024,0.02663601528877233
22025,0.019708290870898114
22026,0.33641192611898524
22027,0.2852316599061434
22028,0.010780238353710534
22029,0.004023047007152174
22030,0.0774174646244543
22031,0.001201902743160038
22032,0.09603968775173939
22033,0.016148107937556427
22034,0.5463882719501787
22035,0.18268411024221295
22036,0.25991567125142656
22037,0.10915743318365112
22038,0.44425376817616385
22039,0.06997072511923959
22040,0.0060309585774947026
22041,0.11995510059514687
22042,0.004072978000596813
22043,0.04451336050129356
22044,0.01409199455217305
22045,0.09945012046012133
22046,0.008815856518009904
22047,0.28585232635847246
22048,0.06338292910158472
22049,0.013144746106308435
22050,0.016121475422184922
22051,0.003801972216295678
22052,0.018209981006645233
22053,0.008795958638090094
22054,0.03920310741293885
22055,0.12180920842148572
22056,0.35892223908083326
22057,0.3991595431141083
22058,0.0120567432911401
22059,0.36606764839635225
22060,0.003746700006579331
22061,0.21964906547250623
22062,0.05933903500360202
22063,0.15835533751713352
22064,0.05045607284291768
22065,0.01155631866869837
22066,0.10000551641406717
22067,0.02471633341386362
22068,0.06684154855530959
22069,0.001650789905923694
22070,0.04280595472851041
22071,0.008158555760497616
22072,0.032952148358530275
22073,0.0072910063346769485
22074,0.6007457206594624
22075,0.9708462206924905
22076,0.014247628369415724
22077,0.013396814713058243
22078,0.011163322970897662
22079,0.0010348378073184957
22080,0.11200808751315151
22081,0.003331313759196335
22082,0.9743563701219997
22083,0.7499556797585549
22084,0.0010537523897027198
22085,0.6041541218425702
22086,0.005993141003134702
22087,0.0035534607757980595
22088,0.0019163859739712089
22089,0.0019128099786218861
22090,0.005593208080367962
22091,0.011688761976540625
22092,0.002264620849982183
22093,0.046190147955723265
22094,0.027949174982712894
22095,0.00442075976028574
22096,0.0024834599450822073
22097,0.5803044047244548
22098,0.5908921352254234
22099,0.017565815007236904
22100,0.025123380455201325
22101,0.0043778762977808635
22102,0.006464218444480511
22103,0.4227281300697593
22104,0.0020168438385783395
22105,0.002948970514275324
22106,0.013194600529433543
22107,0.4418586336946579
22108,0.3765117134064622
22109,0.568066010286323
22110,0.023279045687027024
22111,0.11253554377162268
22112,0.015426390233999531
22113,0.9753087251224438
22114,0.035544039837473757
22115,0.3390039994133631
22116,0.025499550101479588
22117,0.2518044293909151
22118,0.032306679599233036
22119,0.0014064027917804185
22120,0.0049352404161942635
22121,0.17286876261763628
22122,0.14970283908077103
22123,0.8055948686136484
22124,0.01594696676212524
22125,0.01341105125318593
22126,0.9233472319602547
22127,0.8917792488322708
22128,0.009346078677428576
22129,0.055737093141365365
22130,0.009281162122033068
22131,0.1472296428916313
22132,0.03003333966131059
22133,0.02769344429812461
22134,0.5448549088644292
22135,0.2975022518326168
22136,0.0009749618090807279
22137,0.9496905576364106
22138,0.1634659410234348
22139,0.5385153504407333
22140,0.02761412041384649
22141,0.015363926410243584
22142,0.2117209783675193
22143,0.02238685006853061
22144,0.17774292702382802
22145,0.962907678250513
22146,0.006182917503771245
22147,0.0340265402339954
22148,0.0036752789988174013
22149,0.004095071827025144
22150,0.007949678881901926
22151,0.24316057472826144
22152,0.003838698699772369
22153,0.04340624817664329
22154,0.012497592872622247
22155,0.006354181923241604
22156,0.2268459145810803
22157,0.00401066562844764
22158,0.5696723699876214
22159,0.8950303017181983
22160,0.02970078974734178
22161,0.003101078714296309
22162,0.017889054581257356
22163,0.0144237872160766
22164,0.13910788351702694
22165,0.01645258914581193
22166,0.0606068750591688
22167,0.26930963099821453
22168,0.1672172391064868
22169,0.027185796902493474
22170,0.021432442209338952
22171,0.40691309013451393
22172,0.006188312007666616
22173,0.005777446484715389
22174,0.9827358556539728
22175,0.003952238435840093
22176,0.005718052230002777
22177,0.5347261373109379
22178,0.006535411787541899
22179,0.008206191549835132
22180,0.006066443937956508
22181,0.0008962515306876715
22182,0.055538136581403996
22183,0.9046955452853983
22184,0.011113476359078287
22185,0.0069314581984981
22186,0.9739857081128234
22187,0.5004064415579245
22188,0.015693014378669337
22189,0.35950721838692046
22190,0.0011525580071383309
22191,0.7128084593927934
22192,0.1997561699220036
22193,0.28119484653235144
22194,0.07208480252515839
22195,0.013690752626090352
22196,0.02540860384768783
22197,0.6551830597880801
22198,0.17140997294940308
22199,0.01354504224943323
22200,0.7609407798663229
22201,0.1593357607641197
22202,0.0007766046904058688
22203,0.012484570936207222
22204,0.013869287925226558
22205,0.07011617487354194
22206,0.04386864033542823
22207,0.7592652156214447
22208,0.013913882140526046
22209,0.5028424587803353
22210,0.019708968984602542
22211,0.6538144363615781
22212,0.01716843069498613
22213,0.007188075459963164
22214,0.045384110398911014
22215,0.01695256365322864
22216,0.8036105855691724
22217,0.0008060203134990245
22218,0.21052822046087966
22219,0.00382617575984453
22220,0.7422142685226145
22221,0.0011026397431693812
22222,0.03811599891007629
22223,0.5397147268506348
22224,0.010647173503771252
22225,0.05000837805470227
22226,0.0011243943406279789
22227,0.004784136981415655
22228,0.8310443970459256
22229,0.014491994872427518
22230,0.7906615593499536
22231,0.7424691073024533
22232,0.13329522404936375
22233,0.006776270622913485
22234,0.034986001436279994
22235,0.012594823788287107
22236,0.012713971250908538
22237,0.012799523049705563
22238,0.9196023156900094
22239,0.022443627408881433
22240,0.0014406598818340124
22241,0.07668090859922802
22242,0.12314321836444572
22243,0.008351268466963763
22244,0.003543999715159633
22245,0.10052017628293994
22246,0.13601785091165366
22247,0.02975425420625662
22248,0.027154269829858933
22249,0.032041916026899715
22250,0.020124431036260826
22251,0.003655911491864317
22252,0.965023154312065
22253,0.007955279560047818
22254,0.062359773104226
22255,0.004294725733602282
22256,0.06390995749906858
22257,0.13441186726614193
22258,0.03803177914509522
22259,0.0046180048179427
22260,0.016015060129937114
22261,0.00392102469393849
22262,0.7629534560803388
22263,0.9930309560604782
22264,0.0019269976648290778
22265,0.0005616681040157485
22266,0.007198228374752969
22267,0.023076747145997386
22268,0.13468864526918814
22269,0.0027454054620587773
22270,0.0021247026405881017
22271,0.0030316403799151258
22272,0.036880064055262084
22273,0.12421948833498947
22274,0.015079120922775673
22275,0.49058132406224697
22276,0.4661182634844457
22277,0.9243497533399853
22278,0.07686686705181785
22279,0.00531084648947984
22280,0.9655315488133313
22281,0.5973791912705386
22282,0.7039668617897265
22283,0.7578440074462216
22284,0.06878332727676723
22285,0.00821840502647435
22286,0.01672189120627961
22287,0.043966955161621316
22288,0.10162142409356388
22289,0.015729326784062712
22290,0.0029697567930395533
22291,0.011311384809611011
22292,0.018610906068657212
22293,0.9961267031507879
22294,0.015747113194264403
22295,0.02590900317971236
22296,0.8982720089697641
22297,0.9280551061914567
22298,0.9879073746182327
22299,0.05729544445834746
22300,0.01732731354607524
22301,0.006893661089823924
22302,0.02009217134970483
22303,0.21471266288640467
22304,0.006629008194674407
22305,0.5145376595231159
22306,0.03244741609211719
22307,0.00024294707799522384
22308,0.921718077864359
22309,0.03302756118378322
22310,0.9873926713835635
22311,0.01023747769457855
22312,0.9204316002118226
22313,0.002216947758597236
22314,0.0042800001973162674
22315,0.02302374207859199
22316,0.01819840579850426
22317,0.15695655756918928
22318,0.9593302756837524
22319,0.5237313613253269
22320,0.745082027744049
22321,0.011132367126644543
22322,0.007671084241758271
22323,0.009531336216300463
22324,0.0032646151275557006
22325,0.07672151424739297
22326,0.43360034150511995
22327,0.21433761393656428
22328,0.009811277098476196
22329,0.0861310576825312
22330,0.7105342044929904
22331,0.14466721225122878
22332,0.02239827026371902
22333,0.02940168342871627
22334,0.07833509611434188
22335,0.13702103080678776
22336,0.09569120583553038
22337,0.011109794582810518
22338,0.09323575234089398
22339,0.1598757184044932
22340,0.028431710464303664
22341,0.003114279547898742
22342,0.005180084162989515
22343,0.008056318194983895
22344,0.01194664900049915
22345,0.014985628354095462
22346,0.13240151664095606
22347,0.8040837436580373
22348,0.9327246523206049
22349,0.9911786400308313
22350,0.01575700380524073
22351,0.023427956619340093
22352,0.029304766915446808
22353,0.004059120678628322
22354,0.028914229062567118
22355,0.20121144076846767
22356,0.42732891288316555
22357,0.003912962603023823
22358,0.018844688929826093
22359,0.006957107393643202
22360,0.4362374267562556
22361,0.016684773415329267
22362,0.01722511852225373
22363,0.5076332877915922
22364,0.006469987200873341
22365,0.01988222942993814
22366,0.061425808216333345
22367,0.0087887587172513
22368,0.12428584054708462
22369,0.009584203630595936
22370,0.019382394344734773
22371,0.9881671151344886
22372,0.9693173281489332
22373,0.09501748852848607
22374,0.9653927606901168
22375,0.043413713102768196
22376,0.6152988394695706
22377,0.019911214493493076
22378,0.17782427635498005
22379,0.9313141422943175
22380,0.027577530491338584
22381,0.8835739086162969
22382,0.03120605778832201
22383,0.9879836663577327
22384,0.029555807312341524
22385,0.8957764725898587
22386,0.012238162838622835
22387,0.975753686959526
22388,0.028269260433892565
22389,0.11677224635712652
22390,0.002436862996492091
22391,0.004280647009814107
22392,0.027029256095578002
22393,0.29571095360002847
22394,0.997754453339551
22395,0.044729737332476455
22396,0.021174891938461986
22397,0.683335938412621
22398,0.0036187705850325375
22399,0.6991406526131605
22400,0.2596016335516024
22401,0.20624039152702786
22402,0.0345628049711342
22403,0.17280950973468215
22404,0.031247583679746952
22405,0.1982347960406559
22406,0.01102287355866166
22407,0.010145244783004046
22408,0.007643349986561644
22409,0.019643789310692657
22410,0.15673805470113827
22411,0.7300608787886547
22412,0.8586976252220722
22413,0.008629063424544331
22414,0.00823758650781436
22415,0.07656727567253403
22416,0.003817312481817545
22417,0.05945624795304415
22418,0.3404228809270831
22419,0.10140363467212643
22420,0.8610766984472954
22421,0.9780417063722134
22422,0.20026899881280416
22423,0.0029828040674857214
22424,0.00588073382139251
22425,0.9309778735148759
22426,0.16267293462430396
22427,0.00820275785526591
22428,0.37574128369339077
22429,0.05349449902813004
22430,0.9976477201278589
22431,0.030798051936714702
22432,0.4506621670012863
22433,0.03773090524019983
22434,0.014322677375214313
22435,0.09914983891880148
22436,0.14648894819147373
22437,0.004551827844950481
22438,0.03853374044818451
22439,0.004237851238879162
22440,0.00389670785148165
22441,0.005136319741716138
22442,0.028159150060360415
22443,0.008190042294577671
22444,0.0008107236344237331
22445,0.006188730232647121
22446,0.06947549445002914
22447,0.006547238121454705
22448,0.8789328785381696
22449,0.0077999711009017515
22450,0.10417670371459951
22451,0.025602586460822314
22452,0.43029259604736125
22453,0.009071445748449916
22454,0.013413776910691035
22455,0.0025877545200334827
22456,0.9908522395884453
22457,0.37514306037582457
22458,0.009841675470249169
22459,0.020654838173430414
22460,0.01734844111614732
22461,0.0007580025494891432
22462,0.1002081190661268
22463,0.02081569861275128
22464,0.48130427056181074
22465,0.80085784137217
22466,0.4274113984130799
22467,0.0029017083798828433
22468,0.006661868008831911
22469,0.0037435831431825036
22470,0.27006028956731987
22471,0.4465419729356254
22472,0.9534490795092431
22473,0.009398823212536381
22474,0.01903606834035494
22475,0.047515010836145594
22476,0.0018385529276637592
22477,0.0028240925157081652
22478,0.4269594437136489
22479,0.03631897005677899
22480,0.0418238142357038
22481,0.0931017158094795
22482,0.059785998269762705
22483,0.00631660528354554
22484,0.523276548415947
22485,0.003957857491631346
22486,0.7958730706617366
22487,0.9046171821192315
22488,0.9855040380785806
22489,0.9946157497936833
22490,0.017608582953603954
22491,0.000977325782031529
22492,0.0805938674632614
22493,0.03299164564375932
22494,0.032154623668574404
22495,0.4466364455596035
22496,0.013933201785072452
22497,0.0072639473606607614
22498,0.11833216072822426
22499,0.003930532562969338
22500,0.0032806401138002887
22501,0.0046313614518215755
22502,0.00837408576783838
22503,0.009936751411522894
22504,0.12275714937821249
22505,0.01626608294033914
22506,0.9826371894405037
22507,0.384359202081787
22508,0.008273212601951787
22509,0.9328548002322918
22510,0.00812163351969641
22511,0.8161810271493658
22512,0.023645745728371102
22513,0.0016209918480838755
22514,0.029248180306697735
22515,0.6682521928800929
22516,0.009514259373878738
22517,0.5269514047754223
22518,0.026958377205276544
22519,0.006278296452761449
22520,0.9773612984875469
22521,0.21917066696053114
22522,0.008559846120651256
22523,0.3307663543430591
22524,0.03548678790736668
22525,0.017567351135799384
22526,0.00652645862026031
22527,0.9826849892293441
22528,0.005553231993660629
22529,0.9320441068271285
22530,0.11077689278291099
22531,0.11628509007530169
22532,0.07154096683736916
22533,0.021924565253226256
22534,0.0403182792201353
22535,0.4353667301131792
22536,0.17711258936672156
22537,0.012831039286466835
22538,0.07684988572997159
22539,0.13431219271185288
22540,0.003476461482896728
22541,0.008362114016770422
22542,0.014167136298669598
22543,0.01762368541108131
22544,0.0969599886230974
22545,0.00525259076944324
22546,0.8792716100076149
22547,0.011637514825762706
22548,0.9332984816476617
22549,0.013167611650683433
22550,0.2001133024819657
22551,0.841251520970257
22552,0.022957106665123853
22553,0.016468555148827987
22554,0.9143145961098078
22555,0.805872935624048
22556,0.006609394068447632
22557,0.05457910087334394
22558,0.27435997632514864
22559,0.1238186391228056
22560,0.23775869624181845
22561,0.03477548515254406
22562,0.001746654393989772
22563,0.08872874527829032
22564,0.9813015562384407
22565,0.8301370189517094
22566,0.38274363285075613
22567,0.0015058697953316987
22568,0.06653142192578455
22569,0.05262459224294925
22570,0.001864011489064616
22571,0.11791347814581397
22572,0.027366863005895997
22573,0.0974666986042079
22574,0.002752210519562031
22575,0.2146664123579885
22576,0.7487583987004461
22577,0.1503543289159615
22578,0.2588393498662186
22579,0.0013965773621869254
22580,0.38840069314084913
22581,0.0008338968226812585
22582,0.2820489708424474
22583,0.4191245519014135
22584,0.9809021592003385
22585,0.015815624643422135
22586,0.0027251608970896486
22587,0.019861718695270522
22588,0.03185369558964617
22589,0.07074779227156512
22590,0.9844339601008228
22591,0.12186939456739548
22592,0.004683283057757284
22593,0.005730874923332764
22594,0.08873520070194955
22595,0.29710617112803633
22596,0.0347112923029954
22597,0.21266934571998825
22598,0.20401094082341045
22599,0.10523009121308138
22600,0.007132945812060734
22601,0.044172212075810596
22602,0.003870427372184744
22603,0.9987264851074096
22604,0.0013075571922372025
22605,0.004827336612591639
22606,0.07726264662636788
22607,0.015402035413535228
22608,0.8645163214624773
22609,0.004036976622081096
22610,0.04004710408752025
22611,0.010109863441215419
22612,0.8190626791964998
22613,0.013818598929781826
22614,0.9493967645056991
22615,0.013665050487675398
22616,0.03561233595287305
22617,0.03458958165401576
22618,0.02731263050367247
22619,0.975085429403332
22620,0.9300931468325022
22621,0.007991769578702653
22622,0.0021434485350541196
22623,0.01180399348454046
22624,0.10761287688493523
22625,0.0014132140564347443
22626,0.06923984556525595
22627,0.9795596447522396
22628,0.012158409180027772
22629,0.017640791755325798
22630,0.9577219158564124
22631,0.01617844004438594
22632,0.9542664103585071
22633,0.19963968462889056
22634,0.5951388240288368
22635,0.09350454584909978
22636,0.25783247707502505
22637,0.7584230483406587
22638,0.05625135140804776
22639,0.22628161513625264
22640,0.36041179099017573
22641,0.38416745160318155
22642,0.0015137182013126534
22643,0.004126611989823528
22644,0.004381162739635744
22645,0.008371378409311948
22646,0.0015698752807715777
22647,0.09149822347464388
22648,0.010142399167310648
22649,0.8714342357201652
22650,0.0013701800262054646
22651,0.012810798941178831
22652,0.004600252032009286
22653,0.28912469200502483
22654,0.8411153109275169
22655,0.012716680269167701
22656,0.31641184120980353
22657,0.011764803016099399
22658,0.00959685408195323
22659,0.8494771877731834
22660,0.005267845268223683
22661,0.03578581824597548
22662,0.7742206883895063
22663,0.07971699950192238
22664,0.0024004360633113333
22665,0.00568773831483503
22666,0.0033664816816397596
22667,0.02264067259221417
22668,0.07384778023139976
22669,0.014966979894827157
22670,0.003943111004687548
22671,0.0027678785525299
22672,0.02264072913933193
22673,0.007407443533537045
22674,0.01102984592331824
22675,0.23800512103534552
22676,0.014569115188621798
22677,0.870892804288251
22678,0.0022138584830205675
22679,0.04705537708547274
22680,0.13271690232079625
22681,0.00038629488256663547
22682,0.06439867628046914
22683,0.008462021082624806
22684,0.003934285290373537
22685,0.7211734999130732
22686,0.47382503874224824
22687,0.019194676067268254
22688,0.007413098001615719
22689,0.056977452822781105
22690,0.04030819341718015
22691,0.008133618620723435
22692,0.9872075164798415
22693,0.11366748342296974
22694,0.9034683110900908
22695,0.5039530821390389
22696,0.6076923249809277
22697,0.08125338794578754
22698,0.00594242848423407
22699,0.009675113096054531
22700,0.0014508996554950073
22701,0.2840975442274977
22702,0.002960672905975368
22703,0.03267157874226997
22704,0.00870488032765243
22705,0.011114836437820963
22706,0.11946114441246375
22707,0.054062045454204656
22708,0.016568771860882334
22709,0.02911016427326353
22710,0.7216561772172294
22711,0.08835795430641187
22712,0.0013174525434919216
22713,0.6122734127657943
22714,0.03328853746270503
22715,0.1503690701824888
22716,0.0025452869319562877
22717,0.05589808966261169
22718,0.039954576604928085
22719,0.06672063795644226
22720,0.038545229267343155
22721,0.03733480950886776
22722,0.03254149041521582
22723,0.015404502831183081
22724,0.5441311980917576
22725,0.012637814136193326
22726,0.26664465032774526
22727,0.02347316315576076
22728,0.037580215943777584
22729,0.002917392547801811
22730,0.012113002957821662
22731,0.31324236933986055
22732,0.06204753391839848
22733,0.6936810729095132
22734,0.01578731308216045
22735,0.0005114877959115201
22736,0.16054305000143135
22737,0.02086806879344917
22738,0.00409111685965532
22739,0.002156253447782401
22740,0.0020675744543913184
22741,0.006132648096614033
22742,0.004352200954508821
22743,0.0033195325407494474
22744,0.022099739104015304
22745,0.03930592655147166
22746,0.005069998331742133
22747,0.008163410057301838
22748,0.6380415796256015
22749,0.9647553796041913
22750,0.013851649697069554
22751,0.004335563724645709
22752,0.00603718284564837
22753,0.32485575072798556
22754,0.09964313265423694
22755,0.04187851906339399
22756,0.0003401037357403214
22757,0.008233634886545582
22758,0.8929642099051803
22759,0.06484283835245674
22760,0.00159740591863627
22761,0.007156840393405541
22762,0.006276538640394435
22763,0.6454426257263324
22764,0.012981344425912544
22765,0.9001267266243498
22766,0.043845741717034745
22767,0.0062915885544190565
22768,0.01228751292242926
22769,0.0009271660802172975
22770,0.11908480076638762
22771,0.1261964351877566
22772,0.014858369782314739
22773,0.8224432606665584
22774,0.5511811616557714
22775,0.04727515232545843
22776,0.43977280281990905
22777,0.003721205938460756
22778,0.04553158133892416
22779,0.006996166624467423
22780,0.0955089160601422
22781,0.559543055736086
22782,0.035811980166943924
22783,0.012968376385301711
22784,0.04942201372861368
22785,0.0018300018687804807
22786,0.018547898638722967
22787,0.7657049355771942
22788,0.00472666321430889
22789,0.5038637772659507
22790,0.1878528887815117
22791,0.0020608609159049208
22792,0.09376321230191859
22793,0.006306706757540734
22794,0.004262709851655202
22795,0.29862462127163064
22796,0.7843891361128835
22797,0.003212216879263478
22798,0.006719449469845576
22799,0.032650738177558425
22800,0.056913440377188575
22801,0.0008898603061380317
22802,0.01255277107149276
22803,0.024209683705590755
22804,0.008032346178320854
22805,0.009860694201223845
22806,0.011132504677788169
22807,0.014736013711646023
22808,0.042396700569288376
22809,0.028328810138066606
22810,0.096494097726239
22811,0.011640425203987856
22812,0.0034035571599420767
22813,0.0027893566289108494
22814,0.9534739768214023
22815,0.8107879776392674
22816,0.037532485479648624
22817,0.033307168991472076
22818,0.06534557990783926
22819,0.05658717157212482
22820,0.048471577710349406
22821,0.0029216838073457775
22822,0.38076544198031226
22823,0.0021794142606245083
22824,0.002845485464278439
22825,0.007307137363829814
22826,0.2074069811908188
22827,0.032893084776466026
22828,0.016926333834297504
22829,0.04409113248171335
22830,0.003808409757007073
22831,0.006345996002460982
22832,0.015750604334845736
22833,0.10611313970363455
22834,0.8289485126761609
22835,0.9591939137756349
22836,0.047668651179869424
22837,0.10800836906322846
22838,0.4446905985362339
22839,0.7986640272457622
22840,0.5143801905771644
22841,0.003607626158767154
22842,0.002791295236548929
22843,0.011919876286031346
22844,0.039562168113889414
22845,0.7618007514834211
22846,0.9214157571214485
22847,0.0015545255068465263
22848,0.8045111476363048
22849,0.006307170463514221
22850,0.038556715552657904
22851,0.14743526340250815
22852,0.002094290580000228
22853,0.9069238227241608
22854,0.02363751710057192
22855,0.04575005581578108
22856,0.01003986979325393
22857,0.5620323531746163
22858,0.9726698164337816
22859,0.005284789239493566
22860,0.03780019104709663
22861,0.004697007970521343
22862,0.9820793930140933
22863,0.00392511763791308
22864,0.10228324192155792
22865,0.16322068927308545
22866,0.06277007724404975
22867,0.0021354904194198516
22868,0.031534457511614544
22869,0.8406338525600712
22870,0.001966644373670985
22871,0.015842163662384775
22872,0.009783604252700575
22873,0.023581183160342425
22874,0.0255890902602578
22875,0.7714810883488733
22876,0.35458612749232643
22877,0.9907153780568887
22878,0.011181437022251387
22879,0.046362401978625845
22880,0.9650231239003619
22881,0.06492499057004274
22882,0.2600498902608302
22883,0.03830274833799738
22884,0.024266780088719575
22885,0.8057356540984143
22886,0.14670591053187962
22887,0.46774474566899454
22888,0.06198735405201495
22889,0.0008051730606425314
22890,0.07296964601353897
22891,0.009174047067826338
22892,0.2425961739764861
22893,0.7468590578316963
22894,0.2513794054796339
22895,0.014553372114101916
22896,0.6124601557859376
22897,0.005666388651211284
22898,0.28288353249958587
22899,0.9454026769015695
22900,0.019520217090233057
22901,0.13947624185277432
22902,0.008876221672151309
22903,0.9763489027008397
22904,0.01109177992700945
22905,0.09495487951675997
22906,0.13409962074669124
22907,0.049379549331596
22908,0.002357562910375691
22909,0.01070815397532438
22910,0.35313878223713346
22911,0.09477135839542516
22912,0.06232139563623931
22913,0.0075486959365567725
22914,0.009832581882895245
22915,0.03040865974498942
22916,0.04520735582027973
22917,0.0028122845438956043
22918,0.0068946053880777885
22919,0.8070954826202515
22920,0.006842316044985697
22921,0.8690606274577034
22922,0.5490518097178039
22923,0.01155749653884907
22924,0.003174226567469155
22925,0.013287281699659441
22926,0.011619630542562388
22927,0.012386625613998607
22928,0.002745840315367448
22929,0.022363203941595123
22930,0.027838000145557738
22931,0.013390560940715847
22932,0.04435006712566054
22933,0.9161530446898588
22934,0.005293215184147354
22935,0.0020162266172010185
22936,0.6069332313567668
22937,0.019189297413788373
22938,0.02812866158924454
22939,0.10692191509042143
22940,0.015331893715731348
22941,0.9714356566411337
22942,0.0015725577423717442
22943,0.003386590242866365
22944,0.007545623606740741
22945,0.020401112972348846
22946,0.0045021947195647595
22947,0.09937318378711264
22948,0.006188762032274592
22949,0.1609040058024013
22950,0.031348083218433125
22951,0.008245530622759645
22952,0.05627795688788288
22953,0.9731414174844407
22954,0.018113172785794412
22955,0.01171364005081264
22956,0.06609650527889853
22957,0.0015365165005313374
22958,0.05640910000729272
22959,0.001631557877336768
22960,0.5187214278651534
22961,0.003851767135639844
22962,0.22694939535242561
22963,0.1058333386489823
22964,0.0032588291060977014
22965,0.004646759787893916
22966,0.13271075609883803
22967,0.002021293319879113
22968,0.9598515934655485
22969,0.005854721106777416
22970,0.40876739269079054
22971,0.007382039798611796
22972,0.013469499672996777
22973,0.025075068142995347
22974,0.2098397068800036
22975,0.22391488909097898
22976,0.00544139745519488
22977,0.002969564071572787
22978,0.003916925631590429
22979,0.25017276691116835
22980,0.1256589506361378
22981,0.0035612519716836316
22982,0.10104163855836387
22983,0.0318589601161702
22984,0.1652663592815981
22985,0.00908895839244332
22986,0.0031207687298090325
22987,0.005783765021094706
22988,0.3642317862323458
22989,0.3004935147484722
22990,0.0041466796222745924
22991,0.018543036301546714
22992,0.027977959017250836
22993,0.007521200914447289
22994,0.007917030885366912
22995,0.002410915626866054
22996,0.014651771334622747
22997,0.00981947136036333
22998,0.014492166418472436
22999,0.02061721937682746
23000,0.022973540778394905
23001,0.41577909674968244
23002,0.6425792737109651
23003,0.12568933333505608
23004,0.17451356935253107
23005,0.006769953691065646
23006,0.003461396945940769
23007,0.10054827181033127
23008,0.10785364560045695
23009,0.9962909359450317
23010,0.004484704917308497
23011,0.008318377159526234
23012,0.25085359972827637
23013,0.9632191903320011
23014,0.004175728659131086
23015,0.6867225941911559
23016,0.05008734884981577
23017,0.8888243405375701
23018,0.11588612163885674
23019,0.0008856647781390087
23020,0.003924945481600378
23021,0.9870620714095942
23022,0.004046248694829879
23023,0.12717905485103162
23024,0.9548394521794195
23025,0.018951296539485112
23026,0.6750096662091338
23027,0.3069970108757727
23028,0.031492706190602016
23029,0.15181160658613846
23030,0.03238705117822085
23031,0.38734343736150706
23032,0.20363704106117927
23033,0.015354915227441035
23034,0.010890402701852472
23035,0.0023109046538333884
23036,0.15189124575266694
23037,0.018525377601732698
23038,0.004657947826878404
23039,0.47504373844096615
23040,0.9914635390307912
23041,0.020246125821152285
23042,0.2914097658318149
23043,0.08205830751814515
23044,0.0035766126185820006
23045,0.9947363475817042
23046,0.027976798512418334
23047,0.006825025762954276
23048,0.012099746862502338
23049,0.04168908312108497
23050,0.9634882334137179
23051,0.16568289703527525
23052,0.023645476267869486
23053,0.003879563779142479
23054,0.0008207346646756327
23055,0.921963852611374
23056,0.011166725915786407
23057,0.2271356615132363
23058,0.1595277456673027
23059,0.003924645186883076
23060,0.04840802606393608
23061,0.010412628898157578
23062,0.021841547030122775
23063,0.13414470854892557
23064,0.9334595784301623
23065,0.054343411064516796
23066,0.43793370991703046
23067,0.08661353134863799
23068,0.9616118545289434
23069,0.004261056998036058
23070,0.0014493824303213373
23071,0.9025266242853824
23072,0.31838176699995674
23073,0.6337065596406684
23074,0.02663321599271597
23075,0.002581946312882031
23076,0.06319865925439422
23077,0.011395365928494232
23078,0.013768943625945987
23079,0.040284644065627304
23080,0.009724981580801765
23081,0.05705199701202746
23082,0.0023057533436842722
23083,0.01323827998452464
23084,0.7309881957357688
23085,0.0030981006522554874
23086,0.0036860183474947236
23087,0.8864907020310159
23088,0.049076417432412284
23089,0.07266745145504055
23090,0.001574718706395161
23091,0.042487421453066755
23092,0.0016033377245499583
23093,0.26017356444344825
23094,0.14221317135544123
23095,0.001052201950571556
23096,0.0070603253602138415
23097,0.01920178457222259
23098,0.3646889383187372
23099,0.005069994587738115
23100,0.02776614147962522
23101,0.9261050637007169
23102,0.006491614862465541
23103,0.012497334967835096
23104,0.0069573977710061415
23105,0.6726951964553102
23106,0.0029501237144886083
23107,0.0034864269933026775
23108,0.0047586811907352825
23109,0.836134730170644
23110,0.05370543185483388
23111,0.0035416660212346423
23112,0.07038039632784023
23113,0.05651512148965385
23114,0.0038608968996073473
23115,0.5870928648553623
23116,0.034429136187300154
23117,0.9657689281711622
23118,0.008649228024540549
23119,0.014365025714215756
23120,0.011368492122538893
23121,0.017946111383477053
23122,0.0017291419313908228
23123,0.13700149802719142
23124,0.9791611510480925
23125,0.1032744921919395
23126,0.02024794847245208
23127,0.017838623773064912
23128,0.031151158317005594
23129,0.941014840816545
23130,0.0007127207947336621
23131,0.048655611638964244
23132,0.007197258474010464
23133,0.4881666502519325
23134,0.746275072768337
23135,0.5198312640948484
23136,0.05260478329393928
23137,0.15788702476758154
23138,0.4401986127588826
23139,0.0014023071283516843
23140,0.9072489444318942
23141,0.020016239029698898
23142,0.5158537107892196
23143,0.015886573462679226
23144,0.9354385035061603
23145,0.02919794572749858
23146,0.8530541807558992
23147,0.03907193868390815
23148,0.0026675264600824074
23149,0.0011125467317676368
23150,0.015540197278598051
23151,0.002398683014369534
23152,0.0048980686689040044
23153,0.14285504995948903
23154,0.754488137158368
23155,0.11775439631805781
23156,0.006202812609938128
23157,0.07902605945652426
23158,0.03166364431668364
23159,0.011420024655131044
23160,0.14458865403357654
23161,0.12731693259237153
23162,0.9322946766199048
23163,0.1098906562856332
23164,0.0027184858367469483
23165,0.006248453315281407
23166,0.9837310936718263
23167,0.02017392800845206
23168,0.33720688442046737
23169,0.10965071208135073
23170,0.027282690182538705
23171,0.5695702467861975
23172,0.4154908341670238
23173,0.015963362748974107
23174,0.023867632945046874
23175,0.0009926215472717509
23176,0.34864198487288084
23177,0.020363277800977492
23178,0.9560475580624846
23179,0.0022912633065482295
23180,0.007879964528492878
23181,0.8053227125577831
23182,0.0802110585249601
23183,0.917884564986069
23184,0.10401448314802494
23185,0.023660821952470133
23186,0.020022862070109167
23187,0.9790690300154907
23188,0.0040630000686654915
23189,0.04272557599469314
23190,0.0038836831813362474
23191,0.022873954237012925
23192,0.03800708857925803
23193,0.0024803042747844504
23194,0.0005470632755883073
23195,0.09132150383565019
23196,0.00789511479467009
23197,0.5017298493080724
23198,0.03636456607765378
23199,0.11363426697716517
23200,0.9872026868400539
23201,0.010580865556572103
23202,0.439349971131044
23203,0.17654633249042143
23204,0.025377241125244865
23205,0.004278333529784986
23206,0.9855911080963056
23207,0.07819511262311139
23208,0.8732637659774749
23209,0.001265385946076609
23210,0.1171623035772603
23211,0.09078425256401423
23212,0.2293793029022624
23213,0.02209583613682332
23214,0.012788670917568273
23215,0.007056705566356158
23216,0.08248612795579813
23217,0.10860294951937464
23218,0.5184230033641962
23219,0.00417523969123946
23220,0.020178202366166097
23221,0.011808565737835296
23222,0.008593778996347938
23223,0.02692825827368032
23224,0.4984577914547152
23225,0.010135057126266578
23226,0.023111209062548436
23227,0.0024113376487575797
23228,0.007533059069837021
23229,0.010067520140876885
23230,0.015545628762793787
23231,0.005151219027315787
23232,0.01321568585179274
23233,0.009763275798595207
23234,0.030503859075753436
23235,0.16144978435356103
23236,0.046018056900047434
23237,0.02589576245197655
23238,0.014916383001650699
23239,0.05858667159271982
23240,0.912030962381765
23241,0.0010710560855155579
23242,0.01873711198748205
23243,0.16281116532102002
23244,0.10477227900476382
23245,0.9039668966292321
23246,0.7336531253233948
23247,0.12462296143138034
23248,0.007075046727254182
23249,0.6239474366027864
23250,0.710883061139321
23251,0.024022376947448083
23252,0.01699775914908523
23253,0.0721504311868962
23254,0.04616141631075967
23255,0.007012125179010602
23256,0.016541774400552104
23257,0.009673459497816186
23258,0.12793959799270402
23259,0.11877737470818235
23260,0.9893010456359055
23261,0.9743898250920466
23262,0.014548599033878278
23263,0.034226201102064806
23264,0.003588275686614614
23265,0.004980125242551975
23266,0.6877718381306763
23267,0.13406771836991307
23268,0.9351700959503364
23269,0.01346907230635786
23270,0.7341659985211448
23271,0.227138846399103
23272,0.006966139704143458
23273,0.0778849722145591
23274,0.08664557744392945
23275,0.019072916308072615
23276,0.9861835877638664
23277,0.03473209041762255
23278,0.16850836779700631
23279,0.7322006553970396
23280,0.8154350384345227
23281,0.2571956464043311
23282,0.974712195685922
23283,0.016117583822272463
23284,0.6999916366891249
23285,0.003782323862640954
23286,0.009866311858147089
23287,0.015106117768936918
23288,0.004144424539284963
23289,0.03436102187563258
23290,0.011336595501660298
23291,0.22352706953459894
23292,0.06289904762453342
23293,0.0022953842504807274
23294,0.009671411323880065
23295,0.024339246639688603
23296,0.8199896759320647
23297,0.04705973112224799
23298,0.3413022665697665
23299,0.004422527719237281
23300,0.02054741083120378
23301,0.8707003042848599
23302,0.9180438708674397
23303,0.25630832471456694
23304,0.7791563771077898
23305,0.36904741998529716
23306,0.49745056730406584
23307,0.000886813097242016
23308,0.826548438856883
23309,0.12373028204595844
23310,0.0003941595654405207
23311,0.33491427971347887
23312,0.13506341534525176
23313,0.006045880214478488
23314,0.2753600414721748
23315,0.01466776388390745
23316,0.47646411672706496
23317,0.6426146256090169
23318,0.009130822281071992
23319,0.6885233254067034
23320,0.9347333343804546
23321,0.15990356012994617
23322,0.6241062201819331
23323,0.008516993741864435
23324,0.05403990039383177
23325,0.002796839771634631
23326,0.013408631021060791
23327,0.003858513493962076
23328,0.8693596536761932
23329,0.0916585492864035
23330,0.025733408156209534
23331,0.004243832003287678
23332,0.06588101374501334
23333,0.21069702856708702
23334,0.06031070825784367
23335,0.04476963030328304
23336,0.0030167958058195947
23337,0.0314145485330794
23338,0.7931943949397097
23339,0.6921664658546575
23340,0.27815575550473665
23341,0.2736890498460328
23342,0.002916149712864242
23343,0.00728600666081268
23344,0.01238322687160767
23345,0.20582664801557704
23346,0.027097207179513333
23347,0.04731011514473877
23348,0.02849460680157281
23349,0.008964807175344347
23350,0.13646428966405844
23351,0.977230430663164
23352,0.014383316917675753
23353,0.043915612950563
23354,0.14577412922157656
23355,0.7323407503680517
23356,0.022534291003570524
23357,0.10994928440042337
23358,0.9393858502843888
23359,0.05350416107440138
23360,0.018291738754546163
23361,0.025363567174474914
23362,0.09131535479186044
23363,0.059353265289710994
23364,0.408049350653171
23365,0.48167401246051533
23366,0.002621767260048984
23367,0.0163117398541274
23368,0.07704608913174475
23369,0.12969940299938573
23370,0.026169332240170463
23371,0.11880543751129331
23372,0.22535591250371428
23373,0.05212389635669261
23374,0.03220348850755042
23375,0.04767658000077035
23376,0.9843820670460144
23377,0.0029656528282381205
23378,0.9896195584799515
23379,0.36471084992887476
23380,0.003003190023801252
23381,0.09750301983552206
23382,0.007264100323769538
23383,0.6798876883323692
23384,0.003251720303153327
23385,0.08822705209458268
23386,0.009602629028707437
23387,0.7579595088076485
23388,0.7151057553295704
23389,0.472179514522348
23390,0.9871740230550108
23391,0.014789730025911317
23392,0.0018072034041425099
23393,0.0670720224330571
23394,0.42294892720234
23395,0.002269913081819994
23396,0.038006381361005794
23397,0.7846593808063755
23398,0.011343410773485309
23399,0.8172053012331267
23400,0.12729369708442675
23401,0.007111696183792169
23402,0.08106224823284343
23403,0.45965261626689435
23404,0.017035940219736347
23405,0.6601181904821065
23406,0.9907801360836918
23407,0.010138010019602064
23408,0.05370111078645487
23409,0.11959424687355827
23410,0.018054558781442912
23411,0.0694053366604687
23412,0.02607298724913464
23413,0.006241629132294412
23414,0.01798326614291053
23415,0.0031367090702444254
23416,0.04319879367776656
23417,0.00917953946297443
23418,0.0030554444475707275
23419,0.0015293113910396425
23420,0.003582308918689275
23421,0.41060371471390783
23422,0.1852526159087079
23423,0.012038737555704766
23424,0.009828085317555782
23425,0.1986859259394156
23426,0.02958129025177324
23427,0.018831434099812885
23428,0.02651006687457845
23429,0.004125829213229572
23430,0.033826095041200085
23431,0.7903945880198213
23432,0.006723387332338071
23433,0.6959881900975428
23434,0.05925436409369837
23435,0.008682826815336699
23436,0.8058074318936816
23437,0.006571314605466104
23438,0.06323784941580879
23439,0.20974661666996597
23440,0.11145867275462855
23441,0.0025145504269601633
23442,0.7034639611960254
23443,0.027703772247164856
23444,0.21319911102375394
23445,0.01860340283329923
23446,0.03725159861575381
23447,0.006605394961689066
23448,0.34560591676107577
23449,0.38262790480670483
23450,0.01689606886411396
23451,0.004341585429359594
23452,0.0024480632205216213
23453,0.7435943447243926
23454,0.9899286665373284
23455,0.006036979542956257
23456,0.0036681244115489603
23457,0.9704866161173316
23458,0.2786726373142195
23459,0.04647489122417378
23460,0.01795880233760655
23461,0.03764506418494507
23462,0.016405304114964037
23463,0.38676774580525414
23464,0.006360986348492652
23465,0.3575381687419168
23466,0.20328035703941663
23467,0.007190665427820257
23468,0.05678153774968466
23469,0.028188384701261938
23470,0.018650602946607645
23471,0.010093533281493292
23472,0.7122815751810597
23473,0.8577645224262196
23474,0.049023456479216986
23475,0.000885164668738094
23476,0.37260196124322603
23477,0.42771100144801855
23478,0.13135784338525233
23479,0.05868010790742059
23480,0.012641791573786544
23481,0.08091270292837226
23482,0.016262524780967628
23483,0.0008484350432261135
23484,0.9693950453223058
23485,0.004608564645584657
23486,0.0012606401504507657
23487,0.0022741494450525795
23488,0.0013751723839191667
23489,0.01828682228355588
23490,0.05963933849573794
23491,0.0012268729119145787
23492,0.4579128678037099
23493,0.0028726574381156456
23494,0.32894043013566493
23495,0.009457944598560735
23496,0.022017572432461836
23497,0.6802267547081782
23498,0.028100450148820285
23499,0.011035717185176314
23500,0.018665147110625068
23501,0.017251749744451293
23502,0.014630485339688934
23503,0.024389961372340313
23504,0.6992469306490251
23505,0.014048907942858522
23506,0.02827162542914338
23507,0.015891137125088967
23508,0.016265722461040105
23509,0.12115778810128283
23510,0.006156723882375557
23511,0.8235348787301993
23512,0.9238552733274277
23513,0.005347608550087022
23514,0.9768488923803967
23515,0.0465072693065436
23516,0.005388857362840829
23517,0.010340948551081586
23518,0.002537331216075463
23519,0.008846090865408147
23520,0.0545201696262617
23521,0.9460114394411544
23522,0.01674980310100533
23523,0.02425720569704754
23524,0.0029340084741682824
23525,0.6395818650083821
23526,0.8614698262721704
23527,0.07054101309118503
23528,0.035843838923917126
23529,0.023964806839985055
23530,0.6591323342529535
23531,0.21127568724252258
23532,0.009102904361609305
23533,0.05518193516031538
23534,0.00243059593582696
23535,0.008047463384700498
23536,0.008743210665734608
23537,0.005210222171509807
23538,0.19528222059103348
23539,0.0036346453737272524
23540,0.18563708561501777
23541,0.002055323091623627
23542,0.004640559736535555
23543,0.007607081125727294
23544,0.0032647849584630483
23545,0.11908077067550675
23546,0.3111489941201172
23547,0.01129307952138809
23548,0.04835546935723707
23549,0.01317083822618502
23550,0.17029887282526682
23551,0.004235020382929753
23552,0.007221436599426444
23553,0.47943793874439394
23554,0.0021106216901289844
23555,0.9809988384133735
23556,0.18928936612125893
23557,0.024620456789209294
23558,0.0030717310697446114
23559,0.016069520614670214
23560,0.005696535159848539
23561,0.9740269362906699
23562,0.0012291697799249556
23563,0.12506909109823075
23564,0.021511629971213506
23565,0.4326345956186905
23566,0.011334752860664078
23567,0.1650205768275342
23568,0.03177351114410394
23569,0.7506624320298929
23570,0.9860431305318411
23571,0.902888830660847
23572,0.006915365570206654
23573,0.0031323642648934695
23574,0.0023478039544918916
23575,0.007549946014956028
23576,0.016180833790380603
23577,0.00799211928381033
23578,0.002891631848706288
23579,0.8866172854311973
23580,0.6937878651045333
23581,0.016796957159495907
23582,0.004207881383608824
23583,0.001415947571053637
23584,0.0030614186796031517
23585,0.002380555020493829
23586,0.011015035373741865
23587,0.0013976384609896014
23588,0.022306403452036182
23589,0.09865898856029015
23590,0.0019038471747049516
23591,0.07268189458999108
23592,0.015908716183229307
23593,0.009864358041330611
23594,0.037937749032212933
23595,0.9781157749304766
23596,0.22523755940726448
23597,0.9773689627675691
23598,0.26376469897988797
23599,0.0016279153903370654
23600,0.009446458395502467
23601,0.05732516073916372
23602,0.08912893266375957
23603,0.01939915616758194
23604,0.017744267851615182
23605,0.0031228805277040057
23606,0.8710940769669573
23607,0.9659225729381972
23608,0.004608975536682378
23609,0.02097858613184085
23610,0.1347736932066269
23611,0.014387000236364538
23612,0.008854311957251311
23613,0.07684199367691953
23614,0.00021745948318981298
23615,0.9194573391209813
23616,0.024510381430317158
23617,0.0018270820842210707
23618,0.8941517778863901
23619,0.018644369309214568
23620,0.04264853722067965
23621,0.2052589601335157
23622,0.014650796985843388
23623,0.02030690092044828
23624,0.10279674886612658
23625,0.982989316837339
23626,0.001600217052216501
23627,0.02116917203060048
23628,0.0220779486643545
23629,0.012376865043058245
23630,0.04032782328440491
23631,0.9706514173604522
23632,0.03134674557397098
23633,0.8577226963949237
23634,0.030660803894306605
23635,0.05034921707498333
23636,0.013290024975539484
23637,0.0006377532410968108
23638,0.045800119467726524
23639,0.007067137325786637
23640,0.0005015395301715129
23641,0.0008107425839889915
23642,0.023634235227780243
23643,0.14820146058070047
23644,0.12815268263221766
23645,0.0009729121198782326
23646,0.5123195760034405
23647,0.0007002045122696627
23648,0.06215100254495652
23649,0.13898221459235513
23650,0.9466420634949448
23651,0.02845564686041937
23652,0.047804788582056
23653,0.9778874973435798
23654,0.013887971613553835
23655,0.2714981550007514
23656,0.022398571225884994
23657,0.10479859883626126
23658,0.8360934238178533
23659,0.053990813282507315
23660,0.068837542627637
23661,0.048459363533989476
23662,0.19458078152343847
23663,0.01349632415657183
23664,0.9393657912569905
23665,0.007757125094213243
23666,0.021650719861385722
23667,0.0686040684849336
23668,0.0027576587072365394
23669,0.9424336804576887
23670,0.003119498990463789
23671,0.02648599631352832
23672,0.009049668093258599
23673,0.005119063175711506
23674,0.9327855828912083
23675,0.03472645373648983
23676,0.005031503454004663
23677,0.12263490160275178
23678,0.949650513681921
23679,0.05380064307909202
23680,0.20355162341971042
23681,0.07413235985186747
23682,0.0016008782401245657
23683,0.14590688762194043
23684,0.0015669806096435049
23685,0.2848313663095733
23686,0.0842107150175292
23687,0.9625858833156996
23688,0.0014697929062596896
23689,0.03399295274416044
23690,0.13382741012793686
23691,0.426352993140083
23692,0.0005408268121781587
23693,0.9959614868239319
23694,0.985055132892525
23695,0.011193150759311111
23696,0.37323241671774604
23697,0.09228726721371158
23698,0.8670661879903424
23699,0.040245631955952946
23700,0.006166654517417465
23701,0.012738565887486527
23702,0.537166678113934
23703,0.011256434030709592
23704,0.21061636436791142
23705,0.0059263941778138025
23706,0.011376090090137882
23707,0.008004180534355785
23708,0.15526948050938688
23709,0.0623548586100799
23710,0.009305262128046261
23711,0.03896307729285554
23712,0.001135535578005298
23713,0.13407611312547948
23714,0.80167608464601
23715,0.9797011962195948
23716,0.04291853852270229
23717,0.11105025405140456
23718,0.002544745286997064
23719,0.052845878107349864
23720,0.08857458293613898
23721,0.004764844788482612
23722,0.007832927033635922
23723,0.9953318130711658
23724,0.04558404696994346
23725,0.0031302516120032546
23726,0.013459842554840637
23727,0.0962818733164627
23728,0.13288966864519186
23729,0.0023245335732735503
23730,0.9157276905797872
23731,0.005199262672289258
23732,0.001545096686858499
23733,0.17655252415906555
23734,0.9432952630751745
23735,0.060062367537129395
23736,0.0075901788567606186
23737,0.010912529214441602
23738,0.052805110489624704
23739,0.11715537344043186
23740,0.06431947083079012
23741,0.4645493647464804
23742,0.2083364525573409
23743,0.022699115977769125
23744,0.041559433703781096
23745,0.9891870085287588
23746,0.016349681332380933
23747,0.055128721635415545
23748,0.9378800781263872
23749,0.3459671175140799
23750,0.33325616507795547
23751,0.032805748772733276
23752,0.9875641462086593
23753,0.00917986125663098
23754,0.01639558718008719
23755,0.08685792985563878
23756,0.028447664863432275
23757,0.3477460733612873
23758,0.005178061749411738
23759,0.5422547190019031
23760,0.03888687752250765
23761,0.0021392607134144534
23762,0.010623480819831011
23763,0.9373402923421896
23764,0.001978167679905962
23765,0.014068497370173674
23766,0.007681870351930407
23767,0.03308455429136667
23768,0.8941484886194495
23769,0.07271698830707993
23770,0.37031185414673506
23771,0.00564948884463797
23772,0.06593494121398481
23773,0.020149269412176284
23774,0.2403409020884878
23775,0.36999317993671366
23776,0.002335034226974306
23777,0.17242807060334006
23778,0.9540729708952369
23779,0.1455016248809632
23780,0.8301682797462853
23781,0.012385613192631189
23782,0.06593048355305066
23783,0.005326675121801563
23784,0.0017387336489048724
23785,0.0002185634463716479
23786,0.6208732016915668
23787,0.5308564546523923
23788,0.01193111245999298
23789,0.28735450939414087
23790,0.674490942086804
23791,0.022463790361090325
23792,0.005924986865157107
23793,0.004577895222948625
23794,0.0014095265532959229
23795,0.002381592194502486
23796,0.0034638250403759524
23797,0.8225970651674477
23798,0.014467080424325835
23799,0.816979185422842
23800,0.17055055549946282
23801,0.08383075993032574
23802,0.1310925726549799
23803,0.2902929526642585
23804,0.026090850941646548
23805,0.8591736826677
23806,0.2913951997093929
23807,0.05809224772825283
23808,0.016261616335606428
23809,0.8031899432680594
23810,0.0049682356224769976
23811,0.5088913586077569
23812,0.9705381677430226
23813,0.04771270175057516
23814,0.003526891500282043
23815,0.015810350141127173
23816,0.01321167090903991
23817,0.8687600587980022
23818,0.0019587212594719405
23819,0.606207278669062
23820,0.0030250645557687813
23821,0.008482434427721163
23822,0.012247554224687558
23823,0.11084508814812824
23824,0.0195248840160119
23825,0.02101795970908043
23826,0.2093737293413913
23827,0.22042903133669048
23828,0.009063078375015321
23829,0.08353689675800977
23830,0.04558136543255702
23831,0.016932234618487522
23832,0.4979524246625473
23833,0.016657373429019913
23834,0.009525116695754628
23835,0.020762555173374407
23836,0.06741642583410473
23837,0.07556070482067048
23838,0.007472949535815646
23839,0.013869009994389126
23840,0.4912970405514527
23841,0.8194374872484484
23842,0.11314546384930302
23843,0.02181429246281947
23844,0.038321915758421615
23845,0.22368353493978915
23846,0.0059791415660389435
23847,0.014765432011102657
23848,0.002633623684410516
23849,0.9270686313263752
23850,0.009236260967072469
23851,0.35517777863342964
23852,0.00907803002595339
23853,0.003116179440887831
23854,0.7445754664333947
23855,0.023676747531380552
23856,0.15721781913375277
23857,0.022848060005144936
23858,0.40786302930779417
23859,0.0027639360133516026
23860,0.05906607603675432
23861,0.13882780298624817
23862,0.0038634641597906764
23863,0.008779283038775731
23864,0.007774128182977456
23865,0.06150535127052252
23866,0.00643895419773154
23867,0.9723674242999873
23868,0.5815725848186638
23869,0.02965511762497481
23870,0.015344323201115768
23871,0.8204416821406524
23872,0.057501168020817665
23873,0.02690618416571246
23874,0.42632513294598423
23875,0.0071091214261149345
23876,0.032399794514496816
23877,0.08471199165252075
23878,0.9458475193512227
23879,0.0036552262278800435
23880,0.004258860466820077
23881,0.9738328481402987
23882,0.6897974914541909
23883,0.02007456589746671
23884,0.015878800826038885
23885,0.9892954532379732
23886,0.0012840770952550673
23887,0.003249972504821908
23888,0.20721122098877262
23889,0.3601384865908708
23890,0.006909015826291909
23891,0.023015469283590752
23892,0.3795744808594493
23893,0.017618228498795276
23894,0.07800930727897894
23895,0.002467042393433046
23896,0.11513049561495034
23897,0.16688131281847365
23898,0.007130141394714065
23899,0.021924336878879326
23900,0.027490874580738348
23901,0.031615695732659314
23902,0.0018508913388796747
23903,0.02227034553722902
23904,0.021466167706516916
23905,0.00474052675969943
23906,0.00851870561366393
23907,0.10787676101986926
23908,0.008748753777064366
23909,0.009942840024086332
23910,0.011255615551674257
23911,0.012459507247884635
23912,0.03953086764945752
23913,0.007397992536542445
23914,0.005651603162676288
23915,0.003039965030263898
23916,0.4221856199848247
23917,0.0041076430738830605
23918,0.9076151218024222
23919,0.010532834518321713
23920,0.7397786481594668
23921,0.0006884611691627031
23922,0.005533663456432155
23923,0.8399262219197512
23924,0.011042985321998546
23925,0.9917158982174488
23926,0.0018197991313061935
23927,0.1782118052734298
23928,0.11976219238567189
23929,0.4322078041942148
23930,0.010849234087598334
23931,0.004973975975039304
23932,0.23188595156894987
23933,0.04753362641151817
23934,0.0313645228309436
23935,0.01075313022352064
23936,0.022171673916150676
23937,0.058358317846978446
23938,0.026168425692653572
23939,0.14121549822387267
23940,0.23505254711049053
23941,0.7736022527145274
23942,0.0787681272002116
23943,0.033908139461836614
23944,0.16016246011332985
23945,0.024752008900397273
23946,0.009881796143305916
23947,0.049916581196004985
23948,0.3364784934935646
23949,0.022395083666465185
23950,0.002639533479969974
23951,0.003599911594635285
23952,0.029346974554595815
23953,0.0032912510748068897
23954,0.05919012100926691
23955,0.019386040418809335
23956,0.11073432007538289
23957,0.0050627857573315935
23958,0.5994365399632424
23959,0.01394158200325064
23960,0.10799387136780526
23961,0.08401602112542657
23962,0.0007082413277086088
23963,0.4014157468395943
23964,0.02311565359505163
23965,0.011358895991110413
23966,0.0038421071601207183
23967,0.0025804306426543827
23968,0.027410885048705497
23969,0.16571596095735489
23970,0.8406505068304685
23971,0.006472606434348272
23972,0.003423327978791745
23973,0.010098551922567934
23974,0.4638147904577732
23975,0.9134837961538973
23976,0.0016409000787594526
23977,0.9820010653481009
23978,0.0041984350101848585
23979,0.10450456759109751
23980,0.7544542389944632
23981,0.0032680654639600432
23982,0.05173438221096276
23983,0.9683395284634526
23984,0.02648460825368157
23985,0.005187974725131304
23986,0.10520079202108705
23987,0.3084809217139467
23988,0.008589350522328726
23989,0.08011882224196924
23990,0.029601895542747666
23991,0.8288972720225904
23992,0.3890691731220312
23993,0.004517408044758014
23994,0.7116046860444986
23995,0.07974595200327622
23996,0.05441800196425738
23997,0.015915613618309857
23998,0.9786385787497425
23999,0.6035319809710638
24000,0.014625126940034162
24001,0.011292875692672292
24002,0.011470679876573318
24003,0.031214835083819305
24004,0.07189021431253759
24005,0.8865782562073361
24006,0.5176795458390907
24007,0.0003766030105443616
24008,0.0652113754971567
24009,0.0032499377529961316
24010,0.0059033349997276875
24011,0.003327708840888983
24012,0.008992132364391734
24013,0.04844221855951925
24014,0.953800378896548
24015,0.8937909616182246
24016,0.0037793590353317344
24017,0.8362715239380756
24018,0.007260375905797668
24019,0.014790608515893904
24020,0.006871975433760722
24021,0.06275767044839418
24022,0.023105712417136003
24023,0.992844651705636
24024,0.8884312306185235
24025,0.031001988485884303
24026,0.004024128706414767
24027,0.01701311566782954
24028,0.004975997258774738
24029,0.26091623234087324
24030,0.0024226744787906713
24031,0.0024956665385992846
24032,0.08290869730166991
24033,0.010755164575635271
24034,0.0074236022844134785
24035,0.002881460265113432
24036,0.09075612744718933
24037,0.012065716675885331
24038,0.08404665652681818
24039,0.922005540834342
24040,0.0015873256757891491
24041,0.9812606072812865
24042,0.8393113142251383
24043,0.027230437395600153
24044,0.6663549915971412
24045,0.9058820689170028
24046,0.3711733938357861
24047,0.02944848874086575
24048,0.2085526533303861
24049,0.029590043135867456
24050,0.009788410962934114
24051,0.009605217004117088
24052,0.024607547285066173
24053,0.09156576517918757
24054,0.014265026720890077
24055,0.4216059796023518
24056,0.03505789618873693
24057,0.025662736012839863
24058,0.08956302455595534
24059,0.6063789917535618
24060,0.8839821651653924
24061,0.003858196186923332
24062,0.023245917471234768
24063,0.0661897161671337
24064,0.011335860133643506
24065,0.015153878892934002
24066,0.008227056747441076
24067,0.003317569896050072
24068,0.13841693266794275
24069,0.002318458697476657
24070,0.1517414294621886
24071,0.024477574234974746
24072,0.17581981664484556
24073,0.8929638335342922
24074,0.024517619740362793
24075,0.9575515414395843
24076,0.018495260555556947
24077,0.16252862104892127
24078,0.008075148793969453
24079,0.7709141467551562
24080,0.061485936550818895
24081,0.0011227246380751872
24082,0.191587494200023
24083,0.9320025085126427
24084,0.00954443588600855
24085,0.4141018681826446
24086,0.0015791680717217853
24087,0.04191049538716118
24088,0.730990135968216
24089,0.7507284537767899
24090,0.05099905014979281
24091,0.04145581006016599
24092,0.0016036991471577507
24093,0.023668822097839198
24094,0.0270302504059221
24095,0.0012647192748691043
24096,0.14342502418815897
24097,0.12817168710041077
24098,0.5443462037798094
24099,0.0896459595794888
24100,0.008679426298666804
24101,0.04931526235715457
24102,0.014658664673649503
24103,0.990359705470149
24104,0.047772205710920224
24105,0.037513465988395375
24106,0.008771908953561211
24107,0.0027013293942896007
24108,0.005737595490667101
24109,0.9676794763413573
24110,0.8838522749712386
24111,0.8601824664716711
24112,0.09903874312389697
24113,0.008935848547539456
24114,0.02749578596530789
24115,0.0057371691277091205
24116,0.9830780049240273
24117,0.08437996871300933
24118,0.025322957672206693
24119,0.03766214054444835
24120,0.0319591230619343
24121,0.15624985978765701
24122,0.0032629690212935963
24123,0.0100790020234946
24124,0.32244200491818986
24125,0.014619604492948819
24126,0.023099089437252224
24127,0.04023274972360413
24128,0.005082507046047116
24129,0.00694335434103532
24130,0.014993999147304824
24131,0.06845399158521812
24132,0.001164699213593705
24133,0.03111487645120228
24134,0.9642133736712886
24135,0.6928643122534501
24136,0.08862247701101053
24137,0.01895933311523466
24138,0.022887882033907462
24139,0.001687607380957838
24140,0.00786788768657359
24141,0.8991127979487674
24142,0.03520008241809111
24143,0.9634851639152849
24144,0.3342710323834889
24145,0.014850857473078205
24146,0.1026155107407951
24147,0.11741545496728123
24148,0.018515615837784796
24149,0.04637391435634368
24150,0.06801304375773667
24151,0.5591433387023829
24152,0.9582636394468793
24153,0.10059479883778848
24154,0.6652668679321316
24155,0.07660199625324267
24156,0.15152118338113574
24157,0.016791276950790836
24158,0.5032198037229083
24159,0.0644454698235187
24160,0.08872624715373226
24161,0.9448538327169731
24162,0.0014546970275788526
24163,0.06859010085573937
24164,0.05520226240019871
24165,0.021153734415166058
24166,0.05685143548933225
24167,0.87566770296483
24168,0.016756273112444684
24169,0.0017950100090457822
24170,0.012252374088312578
24171,0.11181226378499846
24172,0.014236683933783002
24173,0.0010874703859452097
24174,0.9648239475560755
24175,0.06584059746716539
24176,0.024996975011581404
24177,0.07385162205886209
24178,0.9843576848193333
24179,0.09022475857372297
24180,0.22656602769729745
24181,0.4580313499189713
24182,0.00295639121593638
24183,0.013249579651990539
24184,0.16371250850279226
24185,0.7872684256194804
24186,0.008307263863550237
24187,0.017268375344098932
24188,0.008262074135197556
24189,0.02362358722541957
24190,0.16170360042657675
24191,0.010623257014666083
24192,0.9688825186677256
24193,0.0050408219621656605
24194,0.012865057073577362
24195,0.009389504239728036
24196,0.0885819607880459
24197,0.391513791434432
24198,0.002188039283889582
24199,0.8275646567321527
24200,0.06723363039057485
24201,0.00427505266769043
24202,0.4796520135306174
24203,0.8245340714165379
24204,0.006382971159173413
24205,0.034052339791365106
24206,0.03829493419304061
24207,0.08830255791648774
24208,0.0074822387374572025
24209,0.05059459938152236
24210,0.022410085559327858
24211,0.030189519162003065
24212,0.002741137207127223
24213,0.1653368074252781
24214,0.017189788189819775
24215,0.7127996437139118
24216,0.22564389369577825
24217,0.02027276659608517
24218,0.019629516439473776
24219,0.11570979987844011
24220,0.0010515489931940177
24221,0.17702497997481986
24222,0.01276718696747462
24223,0.03523110208430365
24224,0.39204886112030574
24225,0.1864716730729495
24226,0.01869653471772451
24227,0.004330004522264073
24228,0.018128503291407385
24229,0.07897694045184533
24230,0.6201852593416043
24231,0.010478588555387079
24232,0.0016928597845879342
24233,0.007762800851329968
24234,0.015731075637117693
24235,0.07850105047980406
24236,0.865596871129446
24237,0.1265443445390939
24238,0.020290345511287645
24239,0.5138679752292533
24240,0.03109094681453815
24241,0.3665887542472122
24242,0.00031005535315862496
24243,0.0794651605218427
24244,0.014962141861969012
24245,0.011532648645949821
24246,0.06860519429499294
24247,0.008112823150783353
24248,0.0056745867357747785
24249,0.0020995486472562474
24250,0.005031390627771982
24251,0.003274352957696351
24252,0.0012778923519536059
24253,0.10564942927776923
24254,0.5970394242660918
24255,0.005997357007772602
24256,0.04179977902388858
24257,0.029442395281983683
24258,0.15905909412015412
24259,0.3014959662508748
24260,0.046947412424324
24261,0.1154546501823225
24262,0.006554058610341538
24263,0.07167551344955128
24264,0.005369472161788396
24265,0.05951126611772558
24266,0.003668390138820995
24267,0.10641522644040087
24268,0.031211591589085742
24269,0.022829446939688348
24270,0.9326440337301267
24271,0.0037569836589445953
24272,0.011660503671920446
24273,0.00879215697462516
24274,0.03922685264197923
24275,0.9484597662954456
24276,0.01971443766973556
24277,0.09827669751876604
24278,0.049924373418135604
24279,0.001987467769902391
24280,0.011671037931817927
24281,0.012806734441700076
24282,0.7458830438068197
24283,0.001301548864335476
24284,0.013969082591437604
24285,0.011487723443712112
24286,0.09281302210932596
24287,0.1997442663871407
24288,0.6502644175272468
24289,0.02748332768721278
24290,0.07548016993572801
24291,0.014716537785663479
24292,0.010899995650633152
24293,0.011615941213893664
24294,0.04854171453916614
24295,0.008012030300884893
24296,0.006378540819963252
24297,0.015221882550969809
24298,0.36308925383299057
24299,0.20190186269910038
24300,0.022988132044165336
24301,0.07138016778944282
24302,0.010168377863226215
24303,0.007943436609639585
24304,0.002445624803423978
24305,0.02735908030018018
24306,0.002244494062348263
24307,0.945466673134552
24308,0.9166537489565051
24309,0.005610729147977775
24310,0.04047067304396972
24311,0.11255183124185147
24312,0.008811569154421182
24313,0.0017995556475894105
24314,0.006090194431304048
24315,0.01437123863821224
24316,0.01847740555300943
24317,0.1514282036256814
24318,0.9282211358476755
24319,0.902861826333668
24320,0.00410062155547272
24321,0.009725922380953947
24322,0.008225889346590468
24323,0.020745513845762932
24324,0.004002528688448864
24325,0.9812990488476822
24326,0.9914501161828686
24327,0.01805739217744432
24328,0.002027621956343683
24329,0.005386334572138095
24330,0.5373563856441369
24331,0.005535309682785746
24332,0.005273026573837457
24333,0.016340492266576294
24334,0.09193263868480253
24335,0.41596340549982525
24336,0.999020430914073
24337,0.20996012397346261
24338,0.0474494546643325
24339,0.7372381685710163
24340,0.03536898137927933
24341,0.09614719316281647
24342,0.03792297217638642
24343,0.003453507405582316
24344,0.001562258661960864
24345,0.12590299983056882
24346,0.014532683360510106
24347,0.3182394255307334
24348,0.013555910949116172
24349,0.9155651940448865
24350,0.04810087298429132
24351,0.01266856826134383
24352,0.4543265726969273
24353,0.0035357114676361945
24354,0.016163986354154426
24355,0.01920494233858222
24356,0.006392579047771114
24357,0.0359496186213474
24358,0.011503474524710703
24359,0.011181522174694793
24360,0.00903095852017723
24361,0.06465756448574858
24362,0.0026312492165529965
24363,0.9697991752452609
24364,0.048017873311682134
24365,0.0371927133311281
24366,0.0057355476041222745
24367,0.22483530432769497
24368,0.05185115789665592
24369,0.005547312056837501
24370,0.0016231574570927223
24371,0.0951320031208222
24372,0.0030812086358423673
24373,0.9816659850374131
24374,0.05720154116166861
24375,0.8764985814926811
24376,0.18424102811788462
24377,0.029277048264566327
24378,0.0005402628282942971
24379,0.7538474298040326
24380,0.9305485316606751
24381,0.904031111295577
24382,0.0030289882650683508
24383,0.2747576692588645
24384,0.2896314251285612
24385,0.015874327331976072
24386,0.23605303896319207
24387,0.4973169138153085
24388,0.002973952457671191
24389,0.011295109470205487
24390,0.014913695428510308
24391,0.6709479197973356
24392,0.18231401649445209
24393,0.03578962708249726
24394,0.015227553015357083
24395,0.045367967489790474
24396,0.9583389964312072
24397,0.01849407416333274
24398,0.002841938996618304
24399,0.0025454119417604617
24400,0.026944983460275726
24401,0.00873770109365109
24402,0.009568950610890938
24403,0.9363395571049026
24404,0.008549225929631303
24405,0.08145785803979809
24406,0.0012730889946605173
24407,0.2465983705955074
24408,0.8838359966170545
24409,0.005670884828463172
24410,0.8698895629856214
24411,0.019938935438899793
24412,0.1410673973946663
24413,0.013533758656412202
24414,0.03867374022936443
24415,0.0023012125456348402
24416,0.001190396738124469
24417,0.0033424408135115523
24418,0.915658226497095
24419,0.010195233398574411
24420,0.007313314894399679
24421,0.0032148039158866465
24422,0.7679939955322275
24423,0.0010768264970692728
24424,0.0033201495199348795
24425,0.05526818611319701
24426,0.2142772438371754
24427,0.0046636896261117436
24428,0.08904781686387822
24429,0.7023354484892295
24430,0.08234950873400793
24431,0.027701576581758616
24432,0.0047821317730718915
24433,0.017651863330641605
24434,0.0012520639150478757
24435,0.21272105365773675
24436,0.11918329224396325
24437,0.449328102317423
24438,0.0005133057870312161
24439,0.010175482626772184
24440,0.03682893331364742
24441,0.021355370906299166
24442,0.037349436707995454
24443,0.6436290141861557
24444,0.01873382227530389
24445,0.96366760633351
24446,0.11315839789804083
24447,0.21604403718481574
24448,0.0023848368429738214
24449,0.37952598775641994
24450,0.005507116985874542
24451,0.1535681474036556
24452,0.3971217972532455
24453,0.35442013716612103
24454,0.03644700552724411
24455,0.030033292096574918
24456,0.05290103009523492
24457,0.03127083385933419
24458,0.007594128361877835
24459,0.15303557873486612
24460,0.002855558833099861
24461,0.009383832991282067
24462,0.8465087791892274
24463,0.004888346461585567
24464,0.32541407222671115
24465,0.29571580120746116
24466,0.761236109228352
24467,0.26742086065737775
24468,0.0017356649371503788
24469,0.003638523025047507
24470,0.02024543261311405
24471,0.9943623772478949
24472,0.04216905874183957
24473,0.7389379977362962
24474,0.12734324997913338
24475,0.004546180168628178
24476,0.014767195127013
24477,0.046660156390836136
24478,0.28745680800272994
24479,0.016237121525140286
24480,0.019395776901287902
24481,0.004308199126397555
24482,0.8219254342331958
24483,0.019829439767069364
24484,0.010698483804278335
24485,0.0046667456658351855
24486,0.017440221375428378
24487,0.15944659877786072
24488,0.2640635730521774
24489,0.013559334062320492
24490,0.043809411505657564
24491,0.4751670581104063
24492,0.11017909935444403
24493,0.005444424397348179
24494,0.05757874286536286
24495,0.012183352418897783
24496,0.0022021839451268873
24497,0.08054983314737957
24498,0.17667458920685405
24499,0.0058231092818465105
24500,0.001366269563026908
24501,0.574774921633668
24502,0.013656582041056796
24503,0.0010410644284711513
24504,0.002171481309924273
24505,0.002894599714628885
24506,0.01444427032445769
24507,0.0003155270108743395
24508,0.0015835262462726106
24509,0.03195839855881246
24510,0.0756582975695738
24511,0.3675453157353787
24512,0.07329380214915596
24513,0.005373369980813126
24514,0.7696537654550365
24515,0.13669920900808336
24516,0.01256116956221376
24517,0.003160641380005656
24518,0.9777449793003435
24519,0.9859674839421607
24520,0.002241344627659623
24521,0.07792274194732227
24522,0.005052303663863031
24523,0.9588952919465076
24524,0.009689614927040386
24525,0.178759977077011
24526,0.0013573802235987498
24527,0.002604301277772508
24528,0.16832572797554576
24529,0.007985043093872862
24530,0.004228819510610691
24531,0.004526564501967419
24532,0.9779042156756543
24533,0.337180645359443
24534,0.17977884603024927
24535,0.1610736429286368
24536,0.8511438144521254
24537,0.09817211806309648
24538,0.01628093587746708
24539,0.21645852309199237
24540,0.7957277011394231
24541,0.011777991057142254
24542,0.1320647174229702
24543,0.04589615078567022
24544,0.16506772789959073
24545,0.010953763310879931
24546,0.25231441527185205
24547,0.04977755861143367
24548,0.9795124657606465
24549,0.05281355306500917
24550,0.012458135284296427
24551,0.0018340250951434612
24552,0.0022625363813441293
24553,0.0022157042809282696
24554,0.0076007932120715094
24555,0.021702018359665724
24556,0.0008157661245830016
24557,0.07013232171685684
24558,0.9935797009054991
24559,0.056218190774168224
24560,0.9659612209552417
24561,0.26053402826578875
24562,0.9617297894832716
24563,0.009227820763665904
24564,0.0048221375550966715
24565,0.05123766689988882
24566,0.04387828986342464
24567,0.027475411338123253
24568,0.48797229249316226
24569,0.013340436952116059
24570,0.35412094552693113
24571,0.0020499706763659133
24572,0.0697511433271052
24573,0.0007524358227083387
24574,0.020040259112245027
24575,0.00904027317247335
24576,0.9775415109522015
24577,0.007054180629530817
24578,0.0020907371246060595
24579,0.9119417769983078
24580,0.013020380855387157
24581,0.9770108468258847
24582,0.4141456349632949
24583,0.946965627855551
24584,0.9410875170252672
24585,0.007732560347349551
24586,0.007665302026780738
24587,0.1193046841121171
24588,0.024349681081150702
24589,0.05154680987210499
24590,0.11139979166834545
24591,0.0013140804277229324
24592,0.11457667463688577
24593,0.056814360327674764
24594,0.5537717474588445
24595,0.002813529592679106
24596,0.9344382923236793
24597,0.05435583862735248
24598,0.0017326716286524058
24599,0.007418451946980146
24600,0.06152652261079304
24601,0.3516434911102651
24602,0.012949064469820342
24603,0.0019524367373328717
24604,0.0031052853962165654
24605,0.040632221404069496
24606,0.9188231160668993
24607,0.0023456372412431737
24608,0.027372519599841546
24609,0.38567240353014626
24610,0.0017233819478259045
24611,0.011087548229257919
24612,0.7584529279488869
24613,0.008557399011427224
24614,0.006014896851475708
24615,0.10881430517083904
24616,0.9829838509978205
24617,0.029473936777398537
24618,0.9512334450965311
24619,0.0067063933807490535
24620,0.15141122405452495
24621,0.33991150832557454
24622,0.01589937527134283
24623,0.18580028861595127
24624,0.0029048309677912414
24625,0.9173882298243986
24626,0.18908391937815772
24627,0.01294973292443977
24628,0.15915594738723837
24629,0.044283627458545
24630,0.24626515425922108
24631,0.014894074251340312
24632,0.0033066042883128028
24633,0.002632765720598346
24634,0.11278550332717475
24635,0.028298810190346715
24636,0.07978421733726451
24637,0.4765384537521697
24638,0.002038419741902839
24639,0.10402969091013442
24640,0.000738383723231655
24641,0.6159130041543582
24642,0.9151111737844295
24643,0.0054156953874924555
24644,0.018171747256221234
24645,0.34001028435720715
24646,0.35355565503704467
24647,0.2872361777537319
24648,0.3418095624313022
24649,0.00930264910952455
24650,0.020970810051479
24651,0.05790626171144748
24652,0.18965826379218179
24653,0.48158311476986626
24654,0.9760092787394165
24655,0.021869559355739313
24656,0.0019237462436793055
24657,0.8142466040916535
24658,0.46338911504915176
24659,0.002027711081918828
24660,0.0045617929360113755
24661,0.05328936885463861
24662,0.9001226578340513
24663,0.005935379047490682
24664,0.017575018422224135
24665,0.00671287719272967
24666,0.009025454838517981
24667,0.07658619364851395
24668,0.39496326253462344
24669,0.9240779547890746
24670,0.4288449106149583
24671,0.9796226947678542
24672,0.02269650659352662
24673,0.0035382886964891525
24674,0.03170395064357749
24675,0.0031107300384328037
24676,0.0029254768839947014
24677,0.9397891808754164
24678,0.9704215912588259
24679,0.035742011758779446
24680,0.6263396264861858
24681,0.0061657098514000105
24682,0.0039254590392503305
24683,0.02878188047105491
24684,0.9614768041942104
24685,0.023859847231489054
24686,0.23494238108732712
24687,0.0695499627889362
24688,0.7565399694555954
24689,0.6133158054063165
24690,0.0038571586497476266
24691,0.008320481635372573
24692,0.9346358975509392
24693,0.01251040470857918
24694,0.02486349976551372
24695,0.02570058446510967
24696,0.07307148532068956
24697,0.0010132567508579567
24698,0.0063103660835191555
24699,0.6579138351769199
24700,0.020949737075970386
24701,0.003105024481115651
24702,0.02148923157546141
24703,0.013970749266116734
24704,0.05499969919987882
24705,0.34931805173784497
24706,0.11196187628919246
24707,0.45552228993212224
24708,0.004996687275454837
24709,0.015277524659536692
24710,0.029450726096937444
24711,0.017071350708098308
24712,0.7701776218271463
24713,0.03352050464041455
24714,0.1686563067774698
24715,0.0039361285020082385
24716,0.2845519978563809
24717,0.008713065616088912
24718,0.0016988138588314844
24719,0.21904139529787348
24720,0.23549875923046004
24721,0.6972295231264903
24722,0.0042099521558295275
24723,0.016640253740473735
24724,0.04538970516842553
24725,0.2373772078872043
24726,0.0833957749598924
24727,0.003816567964962886
24728,0.900106261097664
24729,0.061159888080216364
24730,0.0030588284920372803
24731,0.017692144146744852
24732,0.13922087278977147
24733,0.46454589999095214
24734,0.0664582310723449
24735,0.0024818459765598034
24736,0.06484146606773585
24737,0.0006370110946490105
24738,0.06676539702791465
24739,0.0016273826901441657
24740,0.1090602537721696
24741,0.03512728544859964
24742,0.2738499992569075
24743,0.0016818613803872857
24744,0.11639411020486724
24745,0.17142272471690045
24746,0.0038756547626744957
24747,0.03652281082190564
24748,0.6572764013802166
24749,0.0046130731528840445
24750,0.018046900490690326
24751,0.01615879631802112
24752,0.004772906677712701
24753,0.05908416626987603
24754,0.17486364437717525
24755,0.008049083555504107
24756,0.0010033353723940903
24757,0.333153668294698
24758,0.02323391718861527
24759,0.00560594377547445
24760,0.004088046131744593
24761,0.009344620344835918
24762,0.5281391746461445
24763,0.015777202296895575
24764,0.004785662896961497
24765,0.003652843727006014
24766,0.019131955031117115
24767,0.03840705503668744
24768,0.00938895745514483
24769,0.023382116076178943
24770,0.0038627462145392985
24771,0.0014499206448114403
24772,0.1395786769642444
24773,0.05460752280825578
24774,0.15622023423775386
24775,0.0053528916532343766
24776,0.1300748528841012
24777,0.012579951272913465
24778,0.8642898395089438
24779,0.006089656343223738
24780,0.007040889743744406
24781,0.0056936457755379505
24782,0.8952545403110347
24783,0.034702062073829434
24784,0.3452663998501578
24785,0.34473398253780274
24786,0.1695193305895762
24787,0.0005274655001113881
24788,0.7962165254615975
24789,0.0258730094087736
24790,0.004715992113475624
24791,0.38296769738867087
24792,0.006045260448544966
24793,0.5738557036254289
24794,0.012838003072506167
24795,0.013286462714032915
24796,0.9702458577167267
24797,0.00342811438214731
24798,0.006025337977889133
24799,0.033767694892271674
24800,0.022058200544669136
24801,0.0036901274742373895
24802,0.8057192653624784
24803,0.0017049154281869852
24804,0.0029038012555349935
24805,0.005746811587427125
24806,0.00481941163613969
24807,0.01963991523667827
24808,0.001611789658507509
24809,0.1585057619160378
24810,0.007982470673812699
24811,0.10515673644399316
24812,0.0019310460073298777
24813,0.10589301256471191
24814,0.1455501450655114
24815,0.006569077591402212
24816,0.005064727765808092
24817,0.011048215261553238
24818,0.0060097748779465625
24819,0.6633064230976344
24820,0.8276248358281839
24821,0.0135732875946359
24822,0.0033729275542892273
24823,0.06878827399345165
24824,0.04324797474029457
24825,0.0010934700187945178
24826,0.8417218546690873
24827,0.0028467217678345416
24828,0.014692441666867596
24829,0.00455712053916306
24830,0.3678596806316941
24831,0.008693570778049341
24832,0.0074961211153679284
24833,0.019465562045302583
24834,0.03246976207607576
24835,0.04790999765378254
24836,0.032304314016277376
24837,0.01155027449193124
24838,0.29280088258459086
24839,0.24504271554804252
24840,0.9444039616858076
24841,0.9493993214652157
24842,0.0033725894939627245
24843,0.07834497604696863
24844,0.009678604359699427
24845,0.000753761084949718
24846,0.0031244575997003005
24847,0.7358446205879887
24848,0.020582287727347975
24849,0.02177763083856539
24850,0.02056007248822339
24851,0.3504178793051185
24852,0.405473641177744
24853,0.016176996757116487
24854,0.007079464465804646
24855,0.9745983234717303
24856,0.00333001627283946
24857,0.00538790137439519
24858,0.009526085247771515
24859,0.02462408953423096
24860,0.1157300531499037
24861,0.46889823546850334
24862,0.0041909607542217195
24863,0.5070573719826744
24864,0.0078006549281355595
24865,0.09284175821597979
24866,0.9964172774140199
24867,0.6429277575769139
24868,0.029973858875139044
24869,0.06600451452765056
24870,0.30049843169694895
24871,0.09033575369829039
24872,0.02693577463324291
24873,0.015087466354387572
24874,0.08775703565112286
24875,0.0503538037977506
24876,0.09309782488333003
24877,0.4621078142877007
24878,0.007751085271052034
24879,0.18445709074602598
24880,0.11596160163840062
24881,0.2791971460642367
24882,0.009200564921777923
24883,0.7344232704384015
24884,0.1653398847124138
24885,0.04599083174492566
24886,0.17042251068567102
24887,0.016911809709163318
24888,0.11496368415782167
24889,0.6778658399357494
24890,0.09745746818641607
24891,0.015700650775529946
24892,0.0395534192424492
24893,0.20440429185276496
24894,0.033656242095702324
24895,0.9724348681226583
24896,0.9817830722176011
24897,0.10908280433672943
24898,0.95342678661993
24899,0.020015960351004704
24900,0.04019847096317109
24901,0.023216521496027608
24902,0.6046436460610386
24903,0.0055200647174560875
24904,0.01698007747768806
24905,0.4959593398443986
24906,0.025109852308623802
24907,0.655885566725174
24908,0.12417505448932346
24909,0.00576697946735731
24910,0.004009707413855319
24911,0.007325943801587898
24912,0.08465442749465785
24913,0.013893083807636791
24914,0.014767097080799284
24915,0.010003367035688802
24916,0.9239002763433967
24917,0.01526622849771283
24918,0.2930487428573456
24919,0.0038578794102652678
24920,0.16117299563462129
24921,0.8516480083515962
24922,0.008939814806932109
24923,0.02030858582184152
24924,0.006513882346987143
24925,0.015339029951903484
24926,0.003744779949760084
24927,0.04145386816719881
24928,0.10303727076695826
24929,0.11072259340715063
24930,0.21551401254919203
24931,0.8925699024262044
24932,0.056797888821913035
24933,0.039901891324729995
24934,0.020810334189285865
24935,0.010749345235488534
24936,0.3803493219338044
24937,0.9404708383159321
24938,0.9691584787587381
24939,0.011801143547389967
24940,0.00837485160538338
24941,0.0033634610264929934
24942,0.0024062683971266177
24943,0.006934836550496644
24944,0.001798821816224581
24945,0.0028540029758994277
24946,0.00325340667778909
24947,0.06131356428432921
24948,0.014071505873883281
24949,0.006636797222867025
24950,0.03357910831837708
24951,0.012024149236075513
24952,0.108441210894729
24953,0.012821317978827943
24954,0.06273576674253326
24955,0.276870100782714
24956,0.09004489721372784
24957,0.002089814557838674
24958,0.01748160119834996
24959,0.22238684002602935
24960,0.9766272055099554
24961,0.015858899348695058
24962,0.0010273676138125496
24963,0.004233189118916341
24964,0.006659214323240639
24965,0.010214267523447283
24966,0.8338119288723944
24967,0.0016001830462460842
24968,0.01447292468816846
24969,0.9216648247009385
24970,0.8837244903789887
24971,0.06537877452880662
24972,0.01401945111064137
24973,0.006448205494428673
24974,0.012086296606596245
24975,0.11815000904518255
24976,0.08642665832371563
24977,0.0013970926746551175
24978,0.013619399183070575
24979,0.09973435274343627
24980,0.002743609931724116
24981,0.3278279019412023
24982,0.01648471889107191
24983,0.010355049019102449
24984,0.023497768606483248
24985,0.5162366905150668
24986,0.9497296901625416
24987,0.017348221867589688
24988,0.009218358888342179
24989,0.7963333733485958
24990,0.9320491853540611
24991,0.21836356602519383
24992,0.0011404977097799114
24993,0.018890335398683
24994,0.9151931421350505
24995,0.01900774994826685
24996,0.007833898819073133
24997,0.00041105792111653205
24998,0.06589281866600469
24999,0.30864421444252743
