id,Exited
15000,0.13041033
15001,0.054372065
15002,0.052065555
15003,0.7768509
15004,0.06877011
15005,0.58658755
15006,0.04739649
15007,0.065952994
15008,0.05952458
15009,0.048460107
15010,0.084850915
15011,0.8771511
15012,0.11895308
15013,0.17690165
15014,0.06655359
15015,0.048460107
15016,0.085156366
15017,0.04739649
15018,0.42383647
15019,0.047734
15020,0.04739649
15021,0.06977445
15022,0.93716586
15023,0.1850776
15024,0.04740214
15025,0.76756054
15026,0.5607163
15027,0.049909152
15028,0.15877809
15029,0.5572311
15030,0.76316786
15031,0.57405865
15032,0.0675387
15033,0.46955293
15034,0.7745204
15035,0.04794759
15036,0.047972746
15037,0.72502494
15038,0.07047631
15039,0.048118424
15040,0.1221446
15041,0.042240575
15042,0.042180426
15043,0.04739649
15044,0.042180426
15045,0.0594522
15046,0.17723817
15047,0.89124525
15048,0.048460107
15049,0.4513483
15050,0.048460107
15051,0.088065274
15052,0.06676561
15053,0.32944027
15054,0.19522993
15055,0.042180426
15056,0.044924412
15057,0.89310515
15058,0.74147856
15059,0.11950194
15060,0.042180426
15061,0.042180426
15062,0.676946
15063,0.7937026
15064,0.084510624
15065,0.04983678
15066,0.10835909
15067,0.8498007
15068,0.92251205
15069,0.042180426
15070,0.7832516
15071,0.048460107
15072,0.69599175
15073,0.7759043
15074,0.04739649
15075,0.0433173
15076,0.042180426
15077,0.0594522
15078,0.042180426
15079,0.51671624
15080,0.8536746
15081,0.16969886
15082,0.090378985
15083,0.13614433
15084,0.048460107
15085,0.07201961
15086,0.8313559
15087,0.042180426
15088,0.04739649
15089,0.10180596
15090,0.04739649
15091,0.04739649
15092,0.042180426
15093,0.12179489
15094,0.048460107
15095,0.064710476
15096,0.4120283
15097,0.042180426
15098,0.05609447
15099,0.22403474
15100,0.04874511
15101,0.8468086
15102,0.40085402
15103,0.51716757
15104,0.25680372
15105,0.04846588
15106,0.14008066
15107,0.9160847
15108,0.04739649
15109,0.0433173
15110,0.1262795
15111,0.0648264
15112,0.3231424
15113,0.04739649
15114,0.04739649
15115,0.04818052
15116,0.04739649
15117,0.7818276
15118,0.08822723
15119,0.08385419
15120,0.042180426
15121,0.17902353
15122,0.043717045
15123,0.05585093
15124,0.2556757
15125,0.06002224
15126,0.9104028
15127,0.042180426
15128,0.11391346
15129,0.13705695
15130,0.042180426
15131,0.8394459
15132,0.13435113
15133,0.074505374
15134,0.044473127
15135,0.7364477
15136,0.31536347
15137,0.14212559
15138,0.07058157
15139,0.048460107
15140,0.042180426
15141,0.89400697
15142,0.042180426
15143,0.8393792
15144,0.21905917
15145,0.042180426
15146,0.09655985
15147,0.5171384
15148,0.048460107
15149,0.9059158
15150,0.1231244
15151,0.48957512
15152,0.8957318
15153,0.13972853
15154,0.819807
15155,0.35460192
15156,0.042180426
15157,0.16557075
15158,0.22392184
15159,0.7233977
15160,0.25319183
15161,0.042180426
15162,0.042180426
15163,0.042180426
15164,0.042180426
15165,0.12434953
15166,0.92815006
15167,0.28690696
15168,0.12532179
15169,0.043717045
15170,0.40001288
15171,0.042180426
15172,0.09462673
15173,0.9224048
15174,0.5070827
15175,0.16738734
15176,0.04739649
15177,0.15966487
15178,0.14386646
15179,0.048460107
15180,0.09719032
15181,0.93135023
15182,0.31397355
15183,0.43405727
15184,0.042180426
15185,0.4198511
15186,0.13956136
15187,0.0433173
15188,0.08771286
15189,0.064710476
15190,0.22539076
15191,0.042180426
15192,0.19622523
15193,0.10837575
15194,0.5192462
15195,0.29179037
15196,0.49789897
15197,0.04321195
15198,0.33295202
15199,0.10742845
15200,0.26741445
15201,0.050214726
15202,0.042180426
15203,0.04739649
15204,0.042180426
15205,0.26648825
15206,0.09476866
15207,0.070729025
15208,0.0433173
15209,0.22052641
15210,0.048118424
15211,0.11111679
15212,0.6890314
15213,0.04739649
15214,0.08047593
15215,0.047499243
15216,0.83130443
15217,0.08426039
15218,0.07095517
15219,0.042180426
15220,0.07343467
15221,0.066569604
15222,0.25633463
15223,0.042180426
15224,0.04739649
15225,0.33359215
15226,0.547108
15227,0.06669347
15228,0.3192387
15229,0.14691055
15230,0.86065876
15231,0.52266043
15232,0.08477742
15233,0.11198209
15234,0.9365275
15235,0.042180426
15236,0.20826803
15237,0.09618211
15238,0.04739649
15239,0.042180426
15240,0.23477568
15241,0.05585093
15242,0.28594893
15243,0.45014012
15244,0.06418796
15245,0.760967
15246,0.14879055
15247,0.07109546
15248,0.3138979
15249,0.08545054
15250,0.042180426
15251,0.04739649
15252,0.37114903
15253,0.26505136
15254,0.042180426
15255,0.042180426
15256,0.042180426
15257,0.18586186
15258,0.8259398
15259,0.07472648
15260,0.045510363
15261,0.93635035
15262,0.04739649
15263,0.8068784
15264,0.23728329
15265,0.6498395
15266,0.1350839
15267,0.1030282
15268,0.04719492
15269,0.04739649
15270,0.1867216
15271,0.047598667
15272,0.12362857
15273,0.08497795
15274,0.92376626
15275,0.8804696
15276,0.1749807
15277,0.06258128
15278,0.042180426
15279,0.05012041
15280,0.91380996
15281,0.04739649
15282,0.16251
15283,0.33555079
15284,0.042180426
15285,0.8885039
15286,0.042180426
15287,0.042180426
15288,0.04739649
15289,0.07187164
15290,0.042180426
15291,0.042180426
15292,0.2532541
15293,0.92007154
15294,0.042180426
15295,0.15169358
15296,0.10969332
15297,0.04623315
15298,0.042180426
15299,0.042180426
15300,0.068017974
15301,0.3056782
15302,0.2707299
15303,0.042180426
15304,0.04846588
15305,0.1271128
15306,0.06892779
15307,0.49136946
15308,0.042180426
15309,0.8637866
15310,0.44055903
15311,0.13693263
15312,0.04719492
15313,0.047269445
15314,0.042180426
15315,0.042180426
15316,0.19333552
15317,0.047675554
15318,0.55476
15319,0.042180426
15320,0.10292902
15321,0.04739649
15322,0.0666901
15323,0.042180426
15324,0.78519493
15325,0.042180426
15326,0.04983678
15327,0.54811746
15328,0.10641498
15329,0.044924412
15330,0.12168234
15331,0.075002305
15332,0.048460107
15333,0.08042333
15334,0.24132445
15335,0.042180426
15336,0.18428445
15337,0.047598667
15338,0.25546372
15339,0.072870485
15340,0.042180426
15341,0.042180426
15342,0.8741702
15343,0.11494322
15344,0.0903631
15345,0.16586846
15346,0.8593521
15347,0.14915034
15348,0.1303998
15349,0.047598667
15350,0.055600867
15351,0.04739649
15352,0.11181021
15353,0.6626643
15354,0.047101863
15355,0.15820009
15356,0.7351702
15357,0.042180426
15358,0.047598667
15359,0.042180426
15360,0.042485546
15361,0.042180426
15362,0.048460107
15363,0.042180426
15364,0.12373915
15365,0.6495361
15366,0.3506157
15367,0.85551363
15368,0.09393223
15369,0.0488048
15370,0.5772311
15371,0.05028894
15372,0.048460107
15373,0.12361452
15374,0.32484668
15375,0.1501267
15376,0.2371106
15377,0.7593206
15378,0.04740214
15379,0.7449817
15380,0.52098644
15381,0.06492317
15382,0.04739649
15383,0.042180426
15384,0.70855093
15385,0.37272412
15386,0.23606682
15387,0.10631837
15388,0.042180426
15389,0.06734975
15390,0.28962865
15391,0.124418855
15392,0.042180426
15393,0.048095908
15394,0.042180426
15395,0.042180426
15396,0.16583055
15397,0.042240575
15398,0.048460107
15399,0.042180426
15400,0.3701747
15401,0.113343224
15402,0.0433173
15403,0.07376827
15404,0.07382809
15405,0.07095517
15406,0.2728217
15407,0.047598667
15408,0.14390121
15409,0.6604235
15410,0.3038645
15411,0.042180426
15412,0.10881574
15413,0.80005455
15414,0.869313
15415,0.042180426
15416,0.04739649
15417,0.4607404
15418,0.11677053
15419,0.1686735
15420,0.06579969
15421,0.07896793
15422,0.19500066
15423,0.29505607
15424,0.07754903
15425,0.91394377
15426,0.7293907
15427,0.16237226
15428,0.12113179
15429,0.18003324
15430,0.042180426
15431,0.042347763
15432,0.0681802
15433,0.042180426
15434,0.042180426
15435,0.04321195
15436,0.079439
15437,0.106813654
15438,0.04794759
15439,0.06428062
15440,0.084510624
15441,0.8995906
15442,0.74742895
15443,0.557157
15444,0.05266223
15445,0.048460107
15446,0.13207142
15447,0.042180426
15448,0.9092746
15449,0.0763426
15450,0.045668844
15451,0.064710476
15452,0.4859928
15453,0.095696636
15454,0.16394451
15455,0.8872054
15456,0.08240306
15457,0.042180426
15458,0.11755007
15459,0.43929708
15460,0.5177249
15461,0.15613134
15462,0.0666901
15463,0.042180426
15464,0.90342927
15465,0.2852891
15466,0.042180426
15467,0.8387034
15468,0.042180426
15469,0.11128131
15470,0.042180426
15471,0.060013093
15472,0.12661806
15473,0.13268486
15474,0.19613671
15475,0.38595858
15476,0.28382218
15477,0.04739649
15478,0.061609063
15479,0.0820779
15480,0.7293453
15481,0.9328158
15482,0.097955704
15483,0.93499804
15484,0.05028894
15485,0.3551951
15486,0.064710476
15487,0.8763891
15488,0.04739649
15489,0.1559257
15490,0.9297156
15491,0.412413
15492,0.85922265
15493,0.15800439
15494,0.1160369
15495,0.29777044
15496,0.04983678
15497,0.042180426
15498,0.9059788
15499,0.63877434
15500,0.042180426
15501,0.042180426
15502,0.052065555
15503,0.89910823
15504,0.08643609
15505,0.048460107
15506,0.17814606
15507,0.042180426
15508,0.22578932
15509,0.042180426
15510,0.20167997
15511,0.067282625
15512,0.042180426
15513,0.06002224
15514,0.11720752
15515,0.042180426
15516,0.15350217
15517,0.21214372
15518,0.042180426
15519,0.048460107
15520,0.24830018
15521,0.3328301
15522,0.10520102
15523,0.12046234
15524,0.07692738
15525,0.042180426
15526,0.06421325
15527,0.04739649
15528,0.04321195
15529,0.0666901
15530,0.042180426
15531,0.06612433
15532,0.093047805
15533,0.1879632
15534,0.048460107
15535,0.12009438
15536,0.3673387
15537,0.04739649
15538,0.0819022
15539,0.042180426
15540,0.08706529
15541,0.04739649
15542,0.042180426
15543,0.048095908
15544,0.042180426
15545,0.11453946
15546,0.719071
15547,0.08871208
15548,0.048460107
15549,0.67345977
15550,0.04739649
15551,0.04739649
15552,0.06428062
15553,0.11007122
15554,0.5820456
15555,0.042180426
15556,0.0433173
15557,0.064710476
15558,0.11453946
15559,0.10428029
15560,0.047598667
15561,0.04739649
15562,0.04739649
15563,0.047598667
15564,0.0648264
15565,0.070729025
15566,0.070092835
15567,0.042180426
15568,0.042180426
15569,0.04739649
15570,0.23477568
15571,0.7163505
15572,0.9200859
15573,0.070611574
15574,0.042180426
15575,0.047972746
15576,0.07047631
15577,0.74393696
15578,0.5092531
15579,0.37703025
15580,0.042180426
15581,0.143376
15582,0.0648264
15583,0.042180426
15584,0.047598667
15585,0.82496166
15586,0.042180426
15587,0.042516436
15588,0.1019206
15589,0.0433173
15590,0.048460107
15591,0.048460107
15592,0.08506853
15593,0.8592296
15594,0.80453104
15595,0.06456195
15596,0.72480893
15597,0.7358236
15598,0.20020798
15599,0.113548614
15600,0.67374104
15601,0.688759
15602,0.048460107
15603,0.04719492
15604,0.20195271
15605,0.19714613
15606,0.047734
15607,0.075275734
15608,0.0433173
15609,0.04739649
15610,0.5818698
15611,0.042180426
15612,0.3779986
15613,0.29415217
15614,0.1217485
15615,0.45026863
15616,0.044924412
15617,0.9269283
15618,0.38009566
15619,0.042180426
15620,0.17691205
15621,0.048460107
15622,0.048460107
15623,0.0666901
15624,0.04719492
15625,0.9043557
15626,0.04739649
15627,0.18508838
15628,0.042180426
15629,0.05225597
15630,0.10613443
15631,0.24304937
15632,0.042180426
15633,0.0433173
15634,0.07377868
15635,0.530274
15636,0.05165481
15637,0.19539414
15638,0.04719492
15639,0.27070662
15640,0.6559508
15641,0.4279745
15642,0.17540671
15643,0.064710476
15644,0.2429421
15645,0.04739649
15646,0.15533185
15647,0.04739649
15648,0.16195305
15649,0.08011111
15650,0.062533796
15651,0.042180426
15652,0.045510363
15653,0.685868
15654,0.20167997
15655,0.8437122
15656,0.36010394
15657,0.8685154
15658,0.071984984
15659,0.047598667
15660,0.044473127
15661,0.13117486
15662,0.048745696
15663,0.04719492
15664,0.18866141
15665,0.18842502
15666,0.042180426
15667,0.042180426
15668,0.042180426
15669,0.22635452
15670,0.32133552
15671,0.07812694
15672,0.042180426
15673,0.14405426
15674,0.280975
15675,0.7351702
15676,0.062166646
15677,0.7980805
15678,0.17954093
15679,0.04739649
15680,0.23294416
15681,0.042180426
15682,0.042180426
15683,0.07882642
15684,0.04739649
15685,0.085749194
15686,0.6862306
15687,0.042180426
15688,0.51268697
15689,0.26293978
15690,0.18118626
15691,0.042180426
15692,0.1382671
15693,0.051674437
15694,0.04739649
15695,0.047598667
15696,0.04739649
15697,0.042180426
15698,0.123424076
15699,0.042180426
15700,0.042180426
15701,0.19553733
15702,0.048460107
15703,0.24018921
15704,0.042180426
15705,0.9259498
15706,0.16236717
15707,0.10189303
15708,0.7655832
15709,0.042180426
15710,0.76256853
15711,0.14220744
15712,0.062166646
15713,0.04739649
15714,0.04739649
15715,0.7875832
15716,0.11689456
15717,0.066569604
15718,0.07652364
15719,0.70438105
15720,0.69893044
15721,0.09220043
15722,0.042180426
15723,0.04739649
15724,0.14260803
15725,0.07010161
15726,0.047598667
15727,0.048460107
15728,0.04739649
15729,0.8593572
15730,0.13448006
15731,0.042180426
15732,0.91223764
15733,0.3530889
15734,0.0666901
15735,0.48817173
15736,0.042180426
15737,0.4362536
15738,0.042180426
15739,0.0433173
15740,0.0666901
15741,0.079991736
15742,0.8542135
15743,0.4571293
15744,0.04739649
15745,0.042180426
15746,0.0517583
15747,0.35213488
15748,0.23189521
15749,0.042180426
15750,0.11075132
15751,0.042180426
15752,0.31174007
15753,0.049909152
15754,0.042180426
15755,0.13794589
15756,0.042180426
15757,0.047734
15758,0.23333032
15759,0.1229422
15760,0.06525381
15761,0.18178086
15762,0.4407892
15763,0.7879452
15764,0.048460107
15765,0.047598667
15766,0.04739649
15767,0.04739649
15768,0.04739649
15769,0.048460107
15770,0.24344926
15771,0.090083614
15772,0.04623315
15773,0.048460107
15774,0.11576719
15775,0.09201417
15776,0.124418855
15777,0.73640287
15778,0.9226591
15779,0.12581673
15780,0.5179922
15781,0.0433173
15782,0.07038457
15783,0.063546434
15784,0.08250443
15785,0.05585093
15786,0.06002224
15787,0.042180426
15788,0.6212376
15789,0.71338695
15790,0.11078136
15791,0.04321195
15792,0.87608767
15793,0.04739649
15794,0.048460107
15795,0.3448683
15796,0.042180426
15797,0.14725515
15798,0.8391775
15799,0.04739649
15800,0.23485807
15801,0.7334134
15802,0.29569617
15803,0.18761389
15804,0.056569878
15805,0.12555937
15806,0.05082391
15807,0.59503955
15808,0.46559125
15809,0.04909715
15810,0.80726767
15811,0.21573517
15812,0.47266808
15813,0.042180426
15814,0.21962763
15815,0.042180426
15816,0.23053434
15817,0.064710476
15818,0.19902562
15819,0.047598667
15820,0.058506906
15821,0.8146349
15822,0.20469518
15823,0.44868416
15824,0.042180426
15825,0.042180426
15826,0.047473837
15827,0.089585654
15828,0.048095908
15829,0.35494488
15830,0.9210321
15831,0.08486702
15832,0.048460107
15833,0.5237286
15834,0.20113452
15835,0.048460107
15836,0.042180426
15837,0.45649227
15838,0.042180426
15839,0.042180426
15840,0.042180426
15841,0.042180426
15842,0.14152414
15843,0.145904
15844,0.107609235
15845,0.74198633
15846,0.7667818
15847,0.042180426
15848,0.09128382
15849,0.17579189
15850,0.042180426
15851,0.064710476
15852,0.047598667
15853,0.047598667
15854,0.042180426
15855,0.1224902
15856,0.17475136
15857,0.070729025
15858,0.07430531
15859,0.6455588
15860,0.042180426
15861,0.43388402
15862,0.08011403
15863,0.06607099
15864,0.94130343
15865,0.19636008
15866,0.07394401
15867,0.19333552
15868,0.04739649
15869,0.04739649
15870,0.042180426
15871,0.048460107
15872,0.14808652
15873,0.2367946
15874,0.042180426
15875,0.077194154
15876,0.042180426
15877,0.04739649
15878,0.3805881
15879,0.73782206
15880,0.042180426
15881,0.07679806
15882,0.08145188
15883,0.07620267
15884,0.0781063
15885,0.07407419
15886,0.68328834
15887,0.04739649
15888,0.3667364
15889,0.061402105
15890,0.064710476
15891,0.8229768
15892,0.06214653
15893,0.36151248
15894,0.04739649
15895,0.048460107
15896,0.15485454
15897,0.78408617
15898,0.048460107
15899,0.04739649
15900,0.57511353
15901,0.25601074
15902,0.04739649
15903,0.6866765
15904,0.042180426
15905,0.080797635
15906,0.07095517
15907,0.20693417
15908,0.071834736
15909,0.121125214
15910,0.048460107
15911,0.16195197
15912,0.04739649
15913,0.04739649
15914,0.28853634
15915,0.13313067
15916,0.048118424
15917,0.04739649
15918,0.048460107
15919,0.23613732
15920,0.2775739
15921,0.27786863
15922,0.0433173
15923,0.04739649
15924,0.70997286
15925,0.04739649
15926,0.04965472
15927,0.9016929
15928,0.12750532
15929,0.7214316
15930,0.8359927
15931,0.3078872
15932,0.07756836
15933,0.8262309
15934,0.048460107
15935,0.042180426
15936,0.04321195
15937,0.042180426
15938,0.13417868
15939,0.064710476
15940,0.14116797
15941,0.14404722
15942,0.044924412
15943,0.07047631
15944,0.042180426
15945,0.042180426
15946,0.12000896
15947,0.04739649
15948,0.76895934
15949,0.80026764
15950,0.042180426
15951,0.064710476
15952,0.8688602
15953,0.64958215
15954,0.10984147
15955,0.114354275
15956,0.067282625
15957,0.0765232
15958,0.93694675
15959,0.13179076
15960,0.042180426
15961,0.7094192
15962,0.042180426
15963,0.0433173
15964,0.31414765
15965,0.15601444
15966,0.9257353
15967,0.06607549
15968,0.34927177
15969,0.06214653
15970,0.09337285
15971,0.11317477
15972,0.9431685
15973,0.042180426
15974,0.2409911
15975,0.070729025
15976,0.042180426
15977,0.04739649
15978,0.21939217
15979,0.042180426
15980,0.049495436
15981,0.042180426
15982,0.042180426
15983,0.06607099
15984,0.04719492
15985,0.11876412
15986,0.38362125
15987,0.0433173
15988,0.048460107
15989,0.146744
15990,0.43446687
15991,0.044924412
15992,0.9290606
15993,0.07752376
15994,0.042180426
15995,0.05028894
15996,0.84460974
15997,0.25722566
15998,0.06707511
15999,0.047598667
16000,0.58551127
16001,0.047473837
16002,0.048460107
16003,0.0433173
16004,0.06476089
16005,0.56532294
16006,0.064710476
16007,0.103360616
16008,0.04739649
16009,0.70948327
16010,0.04739649
16011,0.43411332
16012,0.0666901
16013,0.042180426
16014,0.0433173
16015,0.20213202
16016,0.6329268
16017,0.2594236
16018,0.09645234
16019,0.1458088
16020,0.04739649
16021,0.042180426
16022,0.04739649
16023,0.08240306
16024,0.050398733
16025,0.06529149
16026,0.85843784
16027,0.042180426
16028,0.095633835
16029,0.04739649
16030,0.04965472
16031,0.27312085
16032,0.39718458
16033,0.090083614
16034,0.73584163
16035,0.0594522
16036,0.16226718
16037,0.1017174
16038,0.11898116
16039,0.08734833
16040,0.11592659
16041,0.90849316
16042,0.19639808
16043,0.04623315
16044,0.042180426
16045,0.93044287
16046,0.35637453
16047,0.1958468
16048,0.12532179
16049,0.048460107
16050,0.042180426
16051,0.048460107
16052,0.048460107
16053,0.042180426
16054,0.36224684
16055,0.13645247
16056,0.2199632
16057,0.727575
16058,0.6479407
16059,0.113548614
16060,0.7472956
16061,0.047499243
16062,0.047972746
16063,0.042180426
16064,0.042180426
16065,0.04321195
16066,0.04739649
16067,0.042180426
16068,0.5389403
16069,0.04739649
16070,0.78158563
16071,0.042180426
16072,0.049510896
16073,0.7040933
16074,0.048460107
16075,0.26503375
16076,0.5876928
16077,0.5248111
16078,0.6940745
16079,0.46879157
16080,0.058956645
16081,0.048460107
16082,0.22395316
16083,0.08572471
16084,0.042180426
16085,0.04739649
16086,0.7512282
16087,0.04739649
16088,0.042180426
16089,0.042180426
16090,0.9330199
16091,0.11710469
16092,0.085587315
16093,0.16407594
16094,0.45740134
16095,0.19552761
16096,0.058023617
16097,0.41669017
16098,0.14705698
16099,0.49427268
16100,0.042180426
16101,0.07765534
16102,0.11462114
16103,0.04739649
16104,0.042180426
16105,0.9064058
16106,0.052787278
16107,0.06427695
16108,0.8098244
16109,0.21818088
16110,0.04739649
16111,0.3361494
16112,0.051486023
16113,0.16094801
16114,0.0674257
16115,0.9386482
16116,0.042180426
16117,0.04719492
16118,0.042180426
16119,0.16121043
16120,0.042180426
16121,0.042180426
16122,0.09729895
16123,0.042180426
16124,0.06861816
16125,0.042180426
16126,0.11610187
16127,0.17997773
16128,0.10471989
16129,0.09086299
16130,0.8220654
16131,0.059822872
16132,0.51663214
16133,0.8599255
16134,0.39138794
16135,0.049510896
16136,0.04331807
16137,0.084850915
16138,0.042180426
16139,0.0433173
16140,0.042180426
16141,0.22984041
16142,0.042180426
16143,0.042180426
16144,0.042180426
16145,0.050214726
16146,0.13628627
16147,0.13481265
16148,0.6528003
16149,0.88399863
16150,0.109991014
16151,0.3568107
16152,0.58470315
16153,0.5641673
16154,0.042180426
16155,0.41920462
16156,0.042180426
16157,0.35383838
16158,0.22314245
16159,0.3256507
16160,0.23986377
16161,0.6389417
16162,0.04739649
16163,0.04739649
16164,0.7962644
16165,0.2547273
16166,0.042180426
16167,0.69655055
16168,0.073886745
16169,0.052857928
16170,0.048460107
16171,0.37114903
16172,0.051486023
16173,0.6054555
16174,0.108419575
16175,0.048118424
16176,0.04739649
16177,0.3798331
16178,0.04739649
16179,0.16220434
16180,0.04739649
16181,0.04739649
16182,0.09545794
16183,0.042180426
16184,0.058956645
16185,0.1275401
16186,0.80445236
16187,0.13597201
16188,0.047598667
16189,0.08859396
16190,0.04739649
16191,0.8082128
16192,0.8711113
16193,0.56702846
16194,0.89505905
16195,0.22893168
16196,0.2594236
16197,0.13267319
16198,0.07898381
16199,0.047598667
16200,0.22819068
16201,0.21336277
16202,0.19333552
16203,0.70084995
16204,0.05165481
16205,0.5175086
16206,0.04739649
16207,0.075486265
16208,0.23639578
16209,0.17127265
16210,0.117458984
16211,0.13266928
16212,0.08816014
16213,0.081798635
16214,0.35120985
16215,0.04739649
16216,0.08444187
16217,0.6851641
16218,0.06792232
16219,0.064710476
16220,0.05316883
16221,0.12140919
16222,0.5498027
16223,0.89693433
16224,0.042180426
16225,0.07210471
16226,0.11294072
16227,0.04739649
16228,0.108165406
16229,0.14787056
16230,0.064710476
16231,0.47816667
16232,0.69799334
16233,0.4227273
16234,0.8866524
16235,0.042180426
16236,0.07905075
16237,0.6185572
16238,0.18520674
16239,0.09585298
16240,0.23675135
16241,0.1446197
16242,0.04739649
16243,0.08679683
16244,0.5150233
16245,0.31696138
16246,0.056357644
16247,0.042180426
16248,0.90069187
16249,0.212686
16250,0.71125436
16251,0.81081176
16252,0.044924412
16253,0.04719492
16254,0.042180426
16255,0.082880415
16256,0.08364767
16257,0.044375338
16258,0.0666901
16259,0.14874505
16260,0.04739649
16261,0.13562186
16262,0.09285979
16263,0.074581064
16264,0.04739649
16265,0.048460107
16266,0.60556775
16267,0.04739649
16268,0.14710553
16269,0.04739649
16270,0.09769648
16271,0.048460107
16272,0.19783486
16273,0.08445779
16274,0.13964099
16275,0.04739649
16276,0.19333552
16277,0.9299221
16278,0.048460107
16279,0.3085171
16280,0.042180426
16281,0.5472149
16282,0.04719492
16283,0.04739649
16284,0.16857776
16285,0.13761014
16286,0.042180426
16287,0.047598667
16288,0.3551951
16289,0.08408563
16290,0.042180426
16291,0.04739649
16292,0.61400896
16293,0.75843287
16294,0.072114535
16295,0.15748681
16296,0.06418796
16297,0.86808854
16298,0.04739649
16299,0.9120028
16300,0.07047631
16301,0.19880405
16302,0.5504977
16303,0.06481078
16304,0.042180426
16305,0.14914078
16306,0.064710476
16307,0.8640197
16308,0.042180426
16309,0.883309
16310,0.45902005
16311,0.08201611
16312,0.7561573
16313,0.8776734
16314,0.043717045
16315,0.64130056
16316,0.9221121
16317,0.04719492
16318,0.042180426
16319,0.69067174
16320,0.3143923
16321,0.042180426
16322,0.16533482
16323,0.042180426
16324,0.04739649
16325,0.06864346
16326,0.13457356
16327,0.049510896
16328,0.81206995
16329,0.08008873
16330,0.15570182
16331,0.04739649
16332,0.071680054
16333,0.042180426
16334,0.048460107
16335,0.073129505
16336,0.16286457
16337,0.042180426
16338,0.07716775
16339,0.054372065
16340,0.042180426
16341,0.6354882
16342,0.04739649
16343,0.22848703
16344,0.0821336
16345,0.042180426
16346,0.7672751
16347,0.04739649
16348,0.042180426
16349,0.3145216
16350,0.095687896
16351,0.048460107
16352,0.0433173
16353,0.048460107
16354,0.16469856
16355,0.62558174
16356,0.9081107
16357,0.9246051
16358,0.04739649
16359,0.23321162
16360,0.06002224
16361,0.84179026
16362,0.1350839
16363,0.0433173
16364,0.042180426
16365,0.40385395
16366,0.569126
16367,0.08294126
16368,0.9018808
16369,0.25813538
16370,0.28349334
16371,0.089767285
16372,0.04909715
16373,0.15092218
16374,0.09171266
16375,0.042180426
16376,0.1714456
16377,0.2732761
16378,0.042180426
16379,0.5586993
16380,0.33630323
16381,0.26832905
16382,0.08585789
16383,0.042180426
16384,0.12972425
16385,0.052065555
16386,0.7465223
16387,0.04739649
16388,0.04739649
16389,0.908089
16390,0.3319836
16391,0.12594323
16392,0.04739649
16393,0.042180426
16394,0.042180426
16395,0.055600867
16396,0.46404377
16397,0.07116086
16398,0.45468682
16399,0.042180426
16400,0.24232492
16401,0.064710476
16402,0.8300442
16403,0.0433173
16404,0.042180426
16405,0.048460107
16406,0.7035696
16407,0.84916717
16408,0.7026719
16409,0.3928219
16410,0.09363986
16411,0.042180426
16412,0.92145234
16413,0.9218605
16414,0.07456764
16415,0.042180426
16416,0.042180426
16417,0.069017164
16418,0.042180426
16419,0.0666901
16420,0.23886946
16421,0.077774875
16422,0.04739649
16423,0.3654847
16424,0.042180426
16425,0.077081345
16426,0.042180426
16427,0.042180426
16428,0.064710476
16429,0.8703734
16430,0.042180426
16431,0.09615334
16432,0.11481291
16433,0.12108536
16434,0.43945515
16435,0.042180426
16436,0.042180426
16437,0.042180426
16438,0.08736021
16439,0.07590951
16440,0.043717045
16441,0.042180426
16442,0.1337231
16443,0.0666901
16444,0.17456612
16445,0.18428445
16446,0.10912614
16447,0.1261226
16448,0.09226265
16449,0.042180426
16450,0.0488048
16451,0.059078805
16452,0.7403385
16453,0.11699741
16454,0.17517099
16455,0.08515464
16456,0.048460107
16457,0.26385838
16458,0.04740214
16459,0.043717045
16460,0.04739649
16461,0.047598667
16462,0.042180426
16463,0.84841
16464,0.04739649
16465,0.042180426
16466,0.13680775
16467,0.042180426
16468,0.27494186
16469,0.042180426
16470,0.04739649
16471,0.43993464
16472,0.056690063
16473,0.04739649
16474,0.04739649
16475,0.8466669
16476,0.9017798
16477,0.042180426
16478,0.04909715
16479,0.042180426
16480,0.074099585
16481,0.0723907
16482,0.0433173
16483,0.77766776
16484,0.14056998
16485,0.042180426
16486,0.04739649
16487,0.048460107
16488,0.042180426
16489,0.8900807
16490,0.07095517
16491,0.0488048
16492,0.6309409
16493,0.050214726
16494,0.6449792
16495,0.17525572
16496,0.04739649
16497,0.07210471
16498,0.14675212
16499,0.09466082
16500,0.0824211
16501,0.042180426
16502,0.52490515
16503,0.04739649
16504,0.07862987
16505,0.0433173
16506,0.051486023
16507,0.05873301
16508,0.08345186
16509,0.08362661
16510,0.7952095
16511,0.11613094
16512,0.042180426
16513,0.04739649
16514,0.25212488
16515,0.094227195
16516,0.042180426
16517,0.18178086
16518,0.09605031
16519,0.0433173
16520,0.07643908
16521,0.048460107
16522,0.047499243
16523,0.65233755
16524,0.050398733
16525,0.3389576
16526,0.10345884
16527,0.042180426
16528,0.85914934
16529,0.5820176
16530,0.0433173
16531,0.042180426
16532,0.8752614
16533,0.042180426
16534,0.109673314
16535,0.0648264
16536,0.04846588
16537,0.042180426
16538,0.05082391
16539,0.4308447
16540,0.19475503
16541,0.04739649
16542,0.048460107
16543,0.380188
16544,0.31579474
16545,0.21582885
16546,0.042180426
16547,0.262611
16548,0.6909232
16549,0.064710476
16550,0.21692102
16551,0.042180426
16552,0.042180426
16553,0.048460107
16554,0.062101927
16555,0.04965472
16556,0.5785827
16557,0.8810769
16558,0.047598667
16559,0.095524706
16560,0.070934124
16561,0.10487657
16562,0.0666901
16563,0.049510896
16564,0.14163125
16565,0.936788
16566,0.51899064
16567,0.40966216
16568,0.58663464
16569,0.042180426
16570,0.17567268
16571,0.20530254
16572,0.042180426
16573,0.042180426
16574,0.7579894
16575,0.04321195
16576,0.0715078
16577,0.13060488
16578,0.042180426
16579,0.07991504
16580,0.0433173
16581,0.08313526
16582,0.5407174
16583,0.04719492
16584,0.042180426
16585,0.042180426
16586,0.8600662
16587,0.25123197
16588,0.87908816
16589,0.042180426
16590,0.79741627
16591,0.042180426
16592,0.9244421
16593,0.11721258
16594,0.84306484
16595,0.047598667
16596,0.04739649
16597,0.5678272
16598,0.722307
16599,0.07059256
16600,0.4555637
16601,0.042180426
16602,0.29793987
16603,0.042180426
16604,0.109868884
16605,0.04719492
16606,0.18547657
16607,0.11192717
16608,0.82215875
16609,0.634117
16610,0.42519423
16611,0.042180426
16612,0.04739649
16613,0.0433173
16614,0.45323816
16615,0.048460107
16616,0.11134713
16617,0.084887005
16618,0.042180426
16619,0.13366808
16620,0.04719492
16621,0.8200302
16622,0.56296223
16623,0.109868884
16624,0.5797614
16625,0.042180426
16626,0.042180426
16627,0.07108174
16628,0.042180426
16629,0.08331953
16630,0.07221693
16631,0.80640584
16632,0.06419708
16633,0.25443357
16634,0.04739649
16635,0.83300906
16636,0.0666901
16637,0.04719492
16638,0.11258861
16639,0.04739649
16640,0.6429166
16641,0.04719492
16642,0.048460107
16643,0.064710476
16644,0.064710476
16645,0.08882936
16646,0.058023617
16647,0.115074895
16648,0.088522896
16649,0.17763917
16650,0.042180426
16651,0.042180426
16652,0.09695197
16653,0.042180426
16654,0.042180426
16655,0.042180426
16656,0.7351775
16657,0.3479665
16658,0.042180426
16659,0.05028894
16660,0.83363324
16661,0.329131
16662,0.08579893
16663,0.0666901
16664,0.042180426
16665,0.08717424
16666,0.065952994
16667,0.06141072
16668,0.6128305
16669,0.04739649
16670,0.042180426
16671,0.04739649
16672,0.31705773
16673,0.7464611
16674,0.042180426
16675,0.15733917
16676,0.04719492
16677,0.04739649
16678,0.042180426
16679,0.042180426
16680,0.042180426
16681,0.064710476
16682,0.4577788
16683,0.072771244
16684,0.04739649
16685,0.105205126
16686,0.6714166
16687,0.042180426
16688,0.47162896
16689,0.189812
16690,0.9359526
16691,0.20542318
16692,0.04739649
16693,0.4615462
16694,0.04739649
16695,0.042180426
16696,0.042180426
16697,0.042180426
16698,0.042180426
16699,0.04719492
16700,0.050398733
16701,0.87049305
16702,0.042180426
16703,0.048460107
16704,0.04719492
16705,0.103779115
16706,0.04719492
16707,0.5005113
16708,0.06607099
16709,0.04739649
16710,0.07788389
16711,0.61940634
16712,0.04909715
16713,0.54744464
16714,0.07862987
16715,0.37519124
16716,0.051486023
16717,0.07860014
16718,0.8453204
16719,0.7894559
16720,0.04739649
16721,0.21004039
16722,0.11783961
16723,0.042180426
16724,0.09290465
16725,0.042180426
16726,0.044924412
16727,0.8271362
16728,0.5166723
16729,0.10664443
16730,0.042180426
16731,0.042180426
16732,0.8107641
16733,0.066569604
16734,0.092370756
16735,0.20802902
16736,0.8076584
16737,0.07848472
16738,0.04909715
16739,0.8979258
16740,0.042180426
16741,0.042180426
16742,0.5514018
16743,0.04321195
16744,0.110305086
16745,0.04739649
16746,0.042180426
16747,0.042180426
16748,0.26020607
16749,0.04739649
16750,0.042180426
16751,0.086648256
16752,0.067807905
16753,0.0433173
16754,0.107419305
16755,0.048460107
16756,0.12512547
16757,0.04739649
16758,0.0433173
16759,0.09695534
16760,0.042180426
16761,0.042180426
16762,0.056357644
16763,0.070729025
16764,0.67075026
16765,0.042180426
16766,0.042485546
16767,0.05218033
16768,0.23698497
16769,0.045933556
16770,0.353794
16771,0.042180426
16772,0.31696466
16773,0.042180426
16774,0.042180426
16775,0.042180426
16776,0.063158266
16777,0.6005447
16778,0.17164564
16779,0.044924412
16780,0.22690508
16781,0.14911966
16782,0.5779614
16783,0.042180426
16784,0.089736044
16785,0.042180426
16786,0.095942825
16787,0.04739649
16788,0.0666901
16789,0.85723585
16790,0.23420744
16791,0.04739649
16792,0.051674437
16793,0.07013309
16794,0.0517583
16795,0.3882429
16796,0.07477311
16797,0.042180426
16798,0.17783435
16799,0.064710476
16800,0.13536413
16801,0.08450889
16802,0.1308955
16803,0.042180426
16804,0.13274191
16805,0.042180426
16806,0.04739649
16807,0.2561423
16808,0.042180426
16809,0.042180426
16810,0.042180426
16811,0.04739649
16812,0.18291995
16813,0.18651977
16814,0.047598667
16815,0.1470904
16816,0.08346202
16817,0.08168055
16818,0.85708797
16819,0.9428025
16820,0.1992163
16821,0.8904244
16822,0.042180426
16823,0.042180426
16824,0.92015606
16825,0.05952458
16826,0.04739649
16827,0.0433173
16828,0.04739649
16829,0.85599804
16830,0.28014243
16831,0.932389
16832,0.7832516
16833,0.82661
16834,0.064710476
16835,0.064710476
16836,0.13868043
16837,0.27766913
16838,0.29734984
16839,0.4312102
16840,0.9397079
16841,0.048460107
16842,0.42279828
16843,0.1138343
16844,0.8716278
16845,0.06877011
16846,0.87067246
16847,0.4635774
16848,0.58445317
16849,0.07402693
16850,0.92766005
16851,0.048460107
16852,0.042180426
16853,0.46168983
16854,0.31231108
16855,0.048460107
16856,0.25092888
16857,0.502783
16858,0.69632417
16859,0.04719492
16860,0.124418855
16861,0.042180426
16862,0.048460107
16863,0.042180426
16864,0.15090887
16865,0.0785673
16866,0.13217086
16867,0.048460107
16868,0.36123794
16869,0.042180426
16870,0.14674877
16871,0.4377686
16872,0.048460107
16873,0.04846588
16874,0.06002224
16875,0.8434793
16876,0.042180426
16877,0.042180426
16878,0.042180426
16879,0.042180426
16880,0.09664608
16881,0.04739649
16882,0.048460107
16883,0.15592596
16884,0.082074456
16885,0.048460107
16886,0.059307
16887,0.20619546
16888,0.042180426
16889,0.12863567
16890,0.51760566
16891,0.042180426
16892,0.047598667
16893,0.05942194
16894,0.18349686
16895,0.47647715
16896,0.19105166
16897,0.21819702
16898,0.21806374
16899,0.09654983
16900,0.04739649
16901,0.048460107
16902,0.93531364
16903,0.044473127
16904,0.635581
16905,0.042180426
16906,0.24845688
16907,0.042180426
16908,0.04739649
16909,0.042180426
16910,0.042180426
16911,0.04719492
16912,0.042180426
16913,0.04909715
16914,0.043717045
16915,0.10650297
16916,0.042180426
16917,0.09493006
16918,0.7712114
16919,0.048460107
16920,0.064710476
16921,0.24158625
16922,0.048460107
16923,0.23752609
16924,0.0666901
16925,0.20908506
16926,0.08249785
16927,0.062694386
16928,0.44563758
16929,0.79223746
16930,0.042180426
16931,0.80390215
16932,0.23613732
16933,0.048460107
16934,0.064710476
16935,0.04739649
16936,0.85896796
16937,0.04719492
16938,0.04739649
16939,0.04909715
16940,0.30480382
16941,0.25027832
16942,0.21281211
16943,0.89071643
16944,0.06405563
16945,0.042180426
16946,0.0763426
16947,0.08156161
16948,0.07531098
16949,0.9456091
16950,0.20490721
16951,0.91986203
16952,0.05948062
16953,0.048460107
16954,0.094434924
16955,0.042180426
16956,0.103779115
16957,0.3527087
16958,0.064710476
16959,0.042180426
16960,0.14279525
16961,0.04739649
16962,0.048460107
16963,0.048460107
16964,0.04739649
16965,0.04739649
16966,0.9171715
16967,0.19863372
16968,0.8820604
16969,0.04739649
16970,0.0433173
16971,0.46550864
16972,0.8752961
16973,0.47840604
16974,0.066569604
16975,0.042180426
16976,0.07143456
16977,0.09517125
16978,0.27753145
16979,0.04739649
16980,0.7223624
16981,0.8638863
16982,0.8879774
16983,0.93224436
16984,0.0666901
16985,0.04739649
16986,0.042180426
16987,0.0433173
16988,0.042180426
16989,0.31741232
16990,0.042180426
16991,0.0857298
16992,0.40621114
16993,0.042180426
16994,0.08108147
16995,0.042180426
16996,0.042180426
16997,0.060941767
16998,0.86465144
16999,0.048460107
17000,0.04909715
17001,0.04623315
17002,0.07799545
17003,0.6637746
17004,0.0836053
17005,0.18457519
17006,0.13656546
17007,0.40406483
17008,0.048460107
17009,0.6216822
17010,0.074594975
17011,0.04909715
17012,0.048460107
17013,0.048460107
17014,0.4623271
17015,0.6825383
17016,0.04719492
17017,0.13843329
17018,0.042180426
17019,0.042180426
17020,0.076632634
17021,0.08905182
17022,0.081829175
17023,0.7913715
17024,0.04739649
17025,0.04739649
17026,0.043717045
17027,0.04965472
17028,0.7711917
17029,0.04739649
17030,0.042180426
17031,0.042180426
17032,0.75275797
17033,0.09361545
17034,0.050214726
17035,0.050064
17036,0.042180426
17037,0.042180426
17038,0.09885599
17039,0.04909715
17040,0.042180426
17041,0.048460107
17042,0.90227437
17043,0.14405996
17044,0.048460107
17045,0.12529369
17046,0.7655397
17047,0.06002224
17048,0.14149854
17049,0.04739649
17050,0.20949893
17051,0.8798595
17052,0.09290714
17053,0.8917414
17054,0.047598667
17055,0.050654687
17056,0.08999829
17057,0.04739649
17058,0.048460107
17059,0.064710476
17060,0.44181448
17061,0.903731
17062,0.04739649
17063,0.07796362
17064,0.46339265
17065,0.048460107
17066,0.86882573
17067,0.45125905
17068,0.59316623
17069,0.30639705
17070,0.37938476
17071,0.8859472
17072,0.04739649
17073,0.04719492
17074,0.19025534
17075,0.09462673
17076,0.04739649
17077,0.54584265
17078,0.23724179
17079,0.60926217
17080,0.26824084
17081,0.04739649
17082,0.07508502
17083,0.14308302
17084,0.33333576
17085,0.9210145
17086,0.09278369
17087,0.1348316
17088,0.04739649
17089,0.043717045
17090,0.048460107
17091,0.042180426
17092,0.21531422
17093,0.057469513
17094,0.14706193
17095,0.8692858
17096,0.40677842
17097,0.3853139
17098,0.04719492
17099,0.042180426
17100,0.59115505
17101,0.11527537
17102,0.66227484
17103,0.04739649
17104,0.0666901
17105,0.49873933
17106,0.044473127
17107,0.24468528
17108,0.07904011
17109,0.047598667
17110,0.042180426
17111,0.042180426
17112,0.34010774
17113,0.09587663
17114,0.04739649
17115,0.45724466
17116,0.31696466
17117,0.04739649
17118,0.69947314
17119,0.07018093
17120,0.14455348
17121,0.062799186
17122,0.84240896
17123,0.16412494
17124,0.91678536
17125,0.042180426
17126,0.105652645
17127,0.07455905
17128,0.9104484
17129,0.04719492
17130,0.20184383
17131,0.11229078
17132,0.31069225
17133,0.13346581
17134,0.113548614
17135,0.22960581
17136,0.047598667
17137,0.08082724
17138,0.9335782
17139,0.12414855
17140,0.042180426
17141,0.30090946
17142,0.05225597
17143,0.2921607
17144,0.04739649
17145,0.047598667
17146,0.23398337
17147,0.07090189
17148,0.109477356
17149,0.11093681
17150,0.14539848
17151,0.14696309
17152,0.112859815
17153,0.048460107
17154,0.04719492
17155,0.042180426
17156,0.31647864
17157,0.058744144
17158,0.1138343
17159,0.56624705
17160,0.047598667
17161,0.58596
17162,0.04739649
17163,0.78355134
17164,0.048460107
17165,0.042180426
17166,0.15251903
17167,0.047598667
17168,0.05738461
17169,0.43411332
17170,0.04739649
17171,0.048460107
17172,0.085157186
17173,0.09810995
17174,0.08444424
17175,0.5118842
17176,0.31527606
17177,0.37454316
17178,0.103262424
17179,0.44997296
17180,0.063546434
17181,0.21672954
17182,0.090669714
17183,0.18546896
17184,0.15975477
17185,0.042180426
17186,0.042180426
17187,0.05266223
17188,0.33725393
17189,0.0666901
17190,0.16910346
17191,0.086956576
17192,0.045510363
17193,0.04321195
17194,0.048460107
17195,0.04965472
17196,0.042240575
17197,0.048460107
17198,0.31696466
17199,0.93418515
17200,0.15012288
17201,0.29860607
17202,0.4927755
17203,0.0648264
17204,0.85481244
17205,0.064710476
17206,0.042180426
17207,0.52445894
17208,0.05613505
17209,0.06002224
17210,0.042180426
17211,0.048460107
17212,0.10476114
17213,0.2089723
17214,0.15434274
17215,0.92798465
17216,0.042180426
17217,0.7313865
17218,0.14884736
17219,0.2799437
17220,0.042180426
17221,0.048460107
17222,0.25700012
17223,0.048460107
17224,0.25455403
17225,0.7111515
17226,0.04719492
17227,0.042180426
17228,0.048460107
17229,0.64391315
17230,0.06314277
17231,0.06841596
17232,0.04321195
17233,0.09219001
17234,0.04739649
17235,0.09748927
17236,0.042180426
17237,0.042180426
17238,0.4501092
17239,0.07654664
17240,0.042180426
17241,0.04739649
17242,0.042180426
17243,0.1280296
17244,0.35748553
17245,0.09306207
17246,0.048460107
17247,0.042180426
17248,0.04719492
17249,0.065952994
17250,0.8133946
17251,0.5284138
17252,0.11767671
17253,0.118724614
17254,0.14497031
17255,0.04739649
17256,0.0666901
17257,0.91127056
17258,0.38704982
17259,0.9153618
17260,0.1915632
17261,0.14386733
17262,0.12039686
17263,0.065952994
17264,0.39198634
17265,0.042180426
17266,0.042180426
17267,0.11686654
17268,0.23911567
17269,0.3166431
17270,0.042180426
17271,0.08530649
17272,0.4457065
17273,0.8678936
17274,0.04739649
17275,0.073214516
17276,0.09915669
17277,0.064710476
17278,0.092653096
17279,0.9033548
17280,0.04739649
17281,0.04719492
17282,0.09928454
17283,0.5589078
17284,0.10452023
17285,0.05883133
17286,0.086224444
17287,0.73379046
17288,0.042180426
17289,0.48514044
17290,0.042180426
17291,0.042180426
17292,0.13337171
17293,0.6770583
17294,0.6534013
17295,0.100989744
17296,0.042180426
17297,0.33747563
17298,0.064630985
17299,0.22875609
17300,0.069930024
17301,0.6057907
17302,0.04719492
17303,0.24262874
17304,0.10148457
17305,0.04739649
17306,0.16129175
17307,0.119319916
17308,0.042180426
17309,0.9228065
17310,0.29179037
17311,0.11352953
17312,0.9064541
17313,0.85234845
17314,0.062694386
17315,0.20120387
17316,0.26515147
17317,0.042180426
17318,0.065445065
17319,0.04739649
17320,0.8958893
17321,0.19681007
17322,0.10753752
17323,0.9183362
17324,0.04739649
17325,0.042180426
17326,0.1650121
17327,0.04739649
17328,0.29455808
17329,0.042180426
17330,0.048460107
17331,0.07554839
17332,0.2460157
17333,0.26084203
17334,0.18797047
17335,0.110822976
17336,0.049510896
17337,0.11287136
17338,0.042180426
17339,0.048460107
17340,0.14049067
17341,0.09411294
17342,0.42491013
17343,0.048460107
17344,0.89271563
17345,0.14270812
17346,0.33713856
17347,0.9205366
17348,0.74586755
17349,0.042180426
17350,0.048460107
17351,0.077312954
17352,0.10611731
17353,0.100685894
17354,0.13437724
17355,0.23557884
17356,0.8761548
17357,0.04739649
17358,0.048460107
17359,0.20363402
17360,0.13513608
17361,0.066569604
17362,0.1820656
17363,0.86531377
17364,0.04739649
17365,0.044924412
17366,0.048460107
17367,0.123590976
17368,0.04739649
17369,0.042180426
17370,0.042180426
17371,0.93147826
17372,0.051182013
17373,0.042180426
17374,0.042180426
17375,0.071564615
17376,0.69932896
17377,0.7820516
17378,0.0666901
17379,0.91199833
17380,0.048460107
17381,0.042180426
17382,0.042180426
17383,0.117653795
17384,0.042180426
17385,0.19630243
17386,0.042180426
17387,0.2880513
17388,0.28953788
17389,0.042180426
17390,0.7129634
17391,0.8073327
17392,0.12876505
17393,0.31696466
17394,0.8677371
17395,0.14318371
17396,0.20484555
17397,0.08268183
17398,0.8529394
17399,0.06877011
17400,0.09336508
17401,0.042180426
17402,0.047598667
17403,0.64144707
17404,0.066569604
17405,0.68550533
17406,0.04739649
17407,0.042180426
17408,0.27666265
17409,0.08914706
17410,0.10908869
17411,0.04321195
17412,0.25884184
17413,0.07018194
17414,0.11585131
17415,0.21174473
17416,0.042180426
17417,0.12145676
17418,0.7546401
17419,0.2787753
17420,0.04739649
17421,0.8051395
17422,0.09859325
17423,0.04739649
17424,0.39649835
17425,0.048460107
17426,0.20654893
17427,0.042180426
17428,0.08685895
17429,0.1834386
17430,0.04739649
17431,0.091774285
17432,0.08643609
17433,0.8915791
17434,0.047734
17435,0.09285979
17436,0.8599091
17437,0.75927925
17438,0.047598667
17439,0.042180426
17440,0.0903631
17441,0.042180426
17442,0.04739649
17443,0.13839217
17444,0.042180426
17445,0.042180426
17446,0.9242087
17447,0.044924412
17448,0.04719492
17449,0.86667097
17450,0.042180426
17451,0.042180426
17452,0.0666901
17453,0.068017974
17454,0.7317625
17455,0.16351813
17456,0.048095908
17457,0.05218033
17458,0.042180426
17459,0.1926274
17460,0.08188847
17461,0.24811208
17462,0.7394713
17463,0.048460107
17464,0.7139606
17465,0.042180426
17466,0.07065303
17467,0.066569604
17468,0.04321195
17469,0.04739649
17470,0.15926874
17471,0.71229666
17472,0.04739649
17473,0.048460107
17474,0.057469513
17475,0.35125023
17476,0.108536586
17477,0.11883788
17478,0.049510896
17479,0.16706309
17480,0.042180426
17481,0.0433173
17482,0.04739649
17483,0.42739442
17484,0.1307539
17485,0.042485546
17486,0.26297933
17487,0.042180426
17488,0.042180426
17489,0.93153524
17490,0.5701804
17491,0.09547876
17492,0.04719492
17493,0.04739649
17494,0.042180426
17495,0.106815726
17496,0.04739649
17497,0.14152166
17498,0.048460107
17499,0.39110515
17500,0.04321195
17501,0.042180426
17502,0.7138082
17503,0.04739649
17504,0.04739649
17505,0.9237229
17506,0.04909715
17507,0.37804288
17508,0.70905596
17509,0.042180426
17510,0.6593748
17511,0.08952722
17512,0.1296527
17513,0.07445053
17514,0.6707049
17515,0.042180426
17516,0.1557442
17517,0.45712134
17518,0.055427834
17519,0.5915964
17520,0.17403631
17521,0.68532276
17522,0.042180426
17523,0.089042634
17524,0.04739649
17525,0.11442642
17526,0.042180426
17527,0.04719492
17528,0.042180426
17529,0.90789604
17530,0.10120563
17531,0.04739649
17532,0.91638595
17533,0.23357333
17534,0.12418222
17535,0.04719492
17536,0.048460107
17537,0.048460107
17538,0.042180426
17539,0.08239121
17540,0.8389539
17541,0.6138192
17542,0.05028894
17543,0.048460107
17544,0.042180426
17545,0.9253652
17546,0.2139953
17547,0.6067702
17548,0.33636785
17549,0.48990545
17550,0.93434757
17551,0.20802826
17552,0.048095908
17553,0.23165128
17554,0.91767573
17555,0.09395339
17556,0.048118424
17557,0.077571996
17558,0.10042051
17559,0.11314661
17560,0.14725526
17561,0.04739649
17562,0.17987613
17563,0.530837
17564,0.042180426
17565,0.042180426
17566,0.04909715
17567,0.23269603
17568,0.04909715
17569,0.12427152
17570,0.042180426
17571,0.042180426
17572,0.049173556
17573,0.07459275
17574,0.14903715
17575,0.43348423
17576,0.11546767
17577,0.24231797
17578,0.854875
17579,0.042180426
17580,0.7856975
17581,0.42563677
17582,0.05028894
17583,0.042180426
17584,0.08568395
17585,0.047598667
17586,0.065952994
17587,0.043143887
17588,0.06002224
17589,0.047598667
17590,0.0918747
17591,0.43298554
17592,0.042485546
17593,0.51763743
17594,0.04909715
17595,0.2681893
17596,0.048460107
17597,0.11618043
17598,0.48544905
17599,0.25364327
17600,0.04719492
17601,0.19870618
17602,0.5442237
17603,0.05225597
17604,0.04623315
17605,0.042180426
17606,0.042180426
17607,0.042180426
17608,0.1150983
17609,0.9114588
17610,0.04739649
17611,0.16356939
17612,0.042180426
17613,0.2132535
17614,0.04739649
17615,0.32375017
17616,0.15482716
17617,0.14457142
17618,0.048460107
17619,0.9277342
17620,0.043717045
17621,0.048460107
17622,0.048460107
17623,0.042180426
17624,0.05299511
17625,0.9108012
17626,0.12520662
17627,0.92385304
17628,0.064710476
17629,0.11857591
17630,0.65233755
17631,0.04739649
17632,0.8296586
17633,0.048460107
17634,0.6130071
17635,0.06518608
17636,0.0813413
17637,0.9049984
17638,0.28067565
17639,0.06405563
17640,0.1752417
17641,0.042180426
17642,0.1609092
17643,0.042180426
17644,0.07013309
17645,0.042180426
17646,0.21484998
17647,0.37208384
17648,0.7128493
17649,0.04739649
17650,0.042180426
17651,0.2324459
17652,0.9314597
17653,0.04719492
17654,0.1293047
17655,0.051947657
17656,0.047101863
17657,0.1019206
17658,0.08986462
17659,0.85589004
17660,0.06481078
17661,0.13804021
17662,0.097171165
17663,0.12752444
17664,0.2780621
17665,0.07883645
17666,0.112782575
17667,0.12832281
17668,0.049510896
17669,0.1089985
17670,0.042180426
17671,0.044924412
17672,0.06384577
17673,0.064710476
17674,0.042180426
17675,0.35693008
17676,0.89677006
17677,0.048460107
17678,0.042180426
17679,0.042180426
17680,0.05218033
17681,0.27029774
17682,0.66773975
17683,0.0666901
17684,0.9101904
17685,0.065952994
17686,0.10329234
17687,0.0715078
17688,0.042180426
17689,0.04719492
17690,0.042180426
17691,0.042180426
17692,0.08240306
17693,0.15593599
17694,0.04739649
17695,0.87865317
17696,0.20178926
17697,0.042180426
17698,0.38249293
17699,0.042180426
17700,0.04719492
17701,0.06232599
17702,0.13412644
17703,0.77486223
17704,0.042180426
17705,0.04739649
17706,0.93661857
17707,0.048460107
17708,0.058635175
17709,0.042180426
17710,0.048460107
17711,0.17183463
17712,0.051486023
17713,0.042180426
17714,0.064710476
17715,0.06141072
17716,0.042180426
17717,0.19613671
17718,0.10696574
17719,0.13154118
17720,0.7739972
17721,0.18898168
17722,0.042180426
17723,0.04739649
17724,0.115832075
17725,0.8946525
17726,0.7209663
17727,0.3721821
17728,0.08483492
17729,0.067420155
17730,0.32331574
17731,0.7581361
17732,0.042180426
17733,0.07402106
17734,0.32899806
17735,0.36129424
17736,0.043717045
17737,0.064710476
17738,0.7000871
17739,0.042180426
17740,0.071253546
17741,0.10795703
17742,0.19921227
17743,0.044473127
17744,0.07832553
17745,0.042180426
17746,0.0896985
17747,0.44531712
17748,0.18281895
17749,0.0433173
17750,0.064710476
17751,0.048460107
17752,0.13457356
17753,0.6180071
17754,0.10455904
17755,0.042180426
17756,0.18808727
17757,0.41370308
17758,0.0433173
17759,0.110567436
17760,0.37766367
17761,0.12091945
17762,0.04739649
17763,0.04739649
17764,0.10281936
17765,0.9018874
17766,0.23158164
17767,0.8912337
17768,0.4071476
17769,0.89449096
17770,0.048460107
17771,0.051674437
17772,0.08811567
17773,0.042180426
17774,0.2378871
17775,0.7531206
17776,0.41262996
17777,0.04739649
17778,0.042180426
17779,0.6988793
17780,0.0433173
17781,0.5250575
17782,0.04719492
17783,0.0433173
17784,0.20583656
17785,0.048460107
17786,0.10511839
17787,0.8911435
17788,0.050214726
17789,0.074594975
17790,0.08675755
17791,0.04331807
17792,0.07292945
17793,0.5607596
17794,0.043143887
17795,0.04739649
17796,0.07196822
17797,0.86346215
17798,0.5769662
17799,0.042180426
17800,0.08252226
17801,0.12901479
17802,0.060941767
17803,0.0666901
17804,0.042180426
17805,0.086760856
17806,0.76580465
17807,0.042180426
17808,0.043717045
17809,0.7045373
17810,0.042180426
17811,0.91549057
17812,0.042180426
17813,0.044473127
17814,0.042180426
17815,0.14582227
17816,0.1976775
17817,0.04739649
17818,0.042180426
17819,0.28571138
17820,0.104759715
17821,0.44798505
17822,0.042180426
17823,0.74839884
17824,0.042180426
17825,0.13859576
17826,0.1013017
17827,0.07596726
17828,0.042180426
17829,0.042180426
17830,0.33800316
17831,0.070729025
17832,0.042180426
17833,0.6907945
17834,0.042180426
17835,0.80936337
17836,0.050398733
17837,0.4457759
17838,0.84027976
17839,0.16090639
17840,0.042180426
17841,0.2105557
17842,0.064596996
17843,0.08065795
17844,0.11037932
17845,0.56752366
17846,0.04739649
17847,0.073619924
17848,0.04739649
17849,0.9365277
17850,0.1421789
17851,0.097913615
17852,0.042180426
17853,0.11147223
17854,0.075163394
17855,0.057469513
17856,0.45528877
17857,0.11944941
17858,0.04719492
17859,0.04739649
17860,0.68145263
17861,0.13650604
17862,0.8755362
17863,0.099561214
17864,0.0648264
17865,0.8147229
17866,0.07278436
17867,0.8457312
17868,0.042180426
17869,0.042180426
17870,0.04739649
17871,0.06676561
17872,0.042180426
17873,0.04321195
17874,0.20180973
17875,0.080273025
17876,0.19534963
17877,0.58551127
17878,0.04739649
17879,0.0648264
17880,0.042180426
17881,0.04719492
17882,0.08490912
17883,0.10355802
17884,0.078132756
17885,0.39572936
17886,0.122382134
17887,0.0648264
17888,0.7180339
17889,0.9272004
17890,0.04846588
17891,0.042180426
17892,0.6374269
17893,0.92152685
17894,0.1295096
17895,0.26435763
17896,0.18623115
17897,0.34254488
17898,0.60649365
17899,0.04739649
17900,0.047269445
17901,0.048460107
17902,0.09669438
17903,0.042180426
17904,0.28584856
17905,0.91426736
17906,0.042180426
17907,0.04739649
17908,0.9065652
17909,0.07141387
17910,0.11813367
17911,0.31109104
17912,0.6958091
17913,0.042180426
17914,0.69939816
17915,0.048460107
17916,0.044473127
17917,0.06264029
17918,0.042180426
17919,0.042180426
17920,0.042180426
17921,0.09241844
17922,0.60500413
17923,0.042180426
17924,0.23728329
17925,0.05165481
17926,0.04739649
17927,0.042180426
17928,0.11952945
17929,0.074891545
17930,0.8494902
17931,0.5025989
17932,0.77256954
17933,0.0666901
17934,0.042180426
17935,0.37951878
17936,0.042180426
17937,0.64446384
17938,0.078464836
17939,0.13656546
17940,0.087739386
17941,0.11710022
17942,0.048460107
17943,0.12155979
17944,0.8877654
17945,0.3709783
17946,0.044924412
17947,0.15667829
17948,0.43519607
17949,0.042180426
17950,0.043262783
17951,0.1900828
17952,0.042180426
17953,0.82708246
17954,0.14120913
17955,0.04739649
17956,0.042180426
17957,0.069930024
17958,0.22576205
17959,0.6616364
17960,0.9399488
17961,0.044924412
17962,0.0433173
17963,0.78767025
17964,0.042180426
17965,0.04739649
17966,0.124017425
17967,0.073158644
17968,0.055600867
17969,0.04739649
17970,0.2460157
17971,0.04321195
17972,0.23123203
17973,0.07430229
17974,0.04719492
17975,0.0666901
17976,0.048460107
17977,0.04719492
17978,0.042180426
17979,0.06877011
17980,0.04739649
17981,0.7609341
17982,0.042180426
17983,0.04739649
17984,0.047598667
17985,0.40001288
17986,0.048460107
17987,0.068017974
17988,0.09138781
17989,0.2403844
17990,0.042180426
17991,0.042180426
17992,0.064710476
17993,0.23405819
17994,0.04739649
17995,0.0666901
17996,0.111897595
17997,0.1408748
17998,0.042180426
17999,0.8376759
18000,0.04321195
18001,0.857912
18002,0.2225743
18003,0.044473127
18004,0.042180426
18005,0.2115348
18006,0.11826812
18007,0.042180426
18008,0.15044744
18009,0.042180426
18010,0.13398209
18011,0.042180426
18012,0.04739649
18013,0.2457176
18014,0.08504033
18015,0.057643767
18016,0.068017974
18017,0.042180426
18018,0.13100487
18019,0.22174343
18020,0.042180426
18021,0.61163855
18022,0.27227762
18023,0.18969512
18024,0.80012405
18025,0.08707281
18026,0.30379853
18027,0.108676955
18028,0.058744144
18029,0.845378
18030,0.051079605
18031,0.04719492
18032,0.05028894
18033,0.17535202
18034,0.07182634
18035,0.19041482
18036,0.049510896
18037,0.050214726
18038,0.042180426
18039,0.25737882
18040,0.09018018
18041,0.115986355
18042,0.8503898
18043,0.04739649
18044,0.07734872
18045,0.042180426
18046,0.08322683
18047,0.061927296
18048,0.042180426
18049,0.04719492
18050,0.30198857
18051,0.047598667
18052,0.04739649
18053,0.8615305
18054,0.047598667
18055,0.46892023
18056,0.042180426
18057,0.047598667
18058,0.064710476
18059,0.21404451
18060,0.3753147
18061,0.04739649
18062,0.07179155
18063,0.09638136
18064,0.0752141
18065,0.85883665
18066,0.0666901
18067,0.44310665
18068,0.042180426
18069,0.048460107
18070,0.195929
18071,0.04740214
18072,0.8150667
18073,0.90771234
18074,0.31491747
18075,0.042180426
18076,0.042180426
18077,0.04719492
18078,0.04719492
18079,0.048460107
18080,0.0433173
18081,0.070729025
18082,0.090621665
18083,0.0433173
18084,0.23698796
18085,0.047598667
18086,0.93142664
18087,0.42969632
18088,0.4882329
18089,0.048460107
18090,0.04739649
18091,0.8047389
18092,0.58738905
18093,0.16015798
18094,0.52422523
18095,0.08844854
18096,0.06904611
18097,0.042180426
18098,0.06002224
18099,0.075806394
18100,0.6866368
18101,0.8906537
18102,0.0433173
18103,0.1449326
18104,0.048460107
18105,0.042180426
18106,0.5746006
18107,0.042180426
18108,0.042180426
18109,0.60782355
18110,0.07764084
18111,0.09915669
18112,0.17709766
18113,0.042180426
18114,0.0666901
18115,0.08377028
18116,0.042180426
18117,0.042180426
18118,0.04719492
18119,0.04739649
18120,0.042180426
18121,0.0433173
18122,0.042180426
18123,0.042180426
18124,0.08240612
18125,0.11261549
18126,0.13862507
18127,0.6023069
18128,0.042180426
18129,0.042180426
18130,0.35776478
18131,0.04739649
18132,0.048118424
18133,0.0433173
18134,0.042180426
18135,0.04739649
18136,0.90909344
18137,0.8448567
18138,0.091668636
18139,0.05010898
18140,0.17440116
18141,0.042180426
18142,0.042180426
18143,0.9165877
18144,0.048460107
18145,0.0666901
18146,0.16356939
18147,0.04719492
18148,0.64962727
18149,0.0433173
18150,0.042180426
18151,0.08455791
18152,0.042180426
18153,0.04739649
18154,0.042180426
18155,0.7351702
18156,0.042180426
18157,0.23005392
18158,0.86525744
18159,0.09486539
18160,0.69813937
18161,0.0666901
18162,0.047499243
18163,0.04739649
18164,0.42880687
18165,0.12406828
18166,0.08186703
18167,0.83253306
18168,0.5524944
18169,0.064710476
18170,0.89907056
18171,0.913811
18172,0.07289286
18173,0.042180426
18174,0.19727036
18175,0.04965472
18176,0.91765666
18177,0.46466595
18178,0.1622823
18179,0.15142207
18180,0.95081455
18181,0.52729714
18182,0.042180426
18183,0.076562114
18184,0.04739649
18185,0.23538603
18186,0.042180426
18187,0.04739649
18188,0.7757938
18189,0.19274266
18190,0.89938277
18191,0.042180426
18192,0.8521442
18193,0.04739649
18194,0.042180426
18195,0.9292556
18196,0.04719492
18197,0.04719492
18198,0.7657666
18199,0.048460107
18200,0.18117201
18201,0.68028635
18202,0.22345723
18203,0.39138794
18204,0.0997843
18205,0.064340994
18206,0.1374949
18207,0.07318458
18208,0.051079605
18209,0.042180426
18210,0.048460107
18211,0.20086658
18212,0.0648264
18213,0.28693578
18214,0.87723774
18215,0.047598667
18216,0.27496332
18217,0.6129289
18218,0.09161174
18219,0.042180426
18220,0.60639733
18221,0.49540034
18222,0.042180426
18223,0.271313
18224,0.75070834
18225,0.10742673
18226,0.5497434
18227,0.042180426
18228,0.042180426
18229,0.4720532
18230,0.042180426
18231,0.7341987
18232,0.86154544
18233,0.31696466
18234,0.83498764
18235,0.7752981
18236,0.042240575
18237,0.41999307
18238,0.04739649
18239,0.12406828
18240,0.13251528
18241,0.73584163
18242,0.04739649
18243,0.15426376
18244,0.8218622
18245,0.1261548
18246,0.0879114
18247,0.18167114
18248,0.39644358
18249,0.09396663
18250,0.042180426
18251,0.042180426
18252,0.04739649
18253,0.63546926
18254,0.298676
18255,0.8854467
18256,0.04739649
18257,0.0433173
18258,0.29226682
18259,0.042180426
18260,0.042180426
18261,0.042180426
18262,0.078464836
18263,0.1676243
18264,0.04739649
18265,0.53030694
18266,0.40966216
18267,0.6982895
18268,0.042180426
18269,0.8929639
18270,0.16123219
18271,0.051486023
18272,0.5258038
18273,0.04739649
18274,0.042180426
18275,0.042180426
18276,0.7766868
18277,0.04719492
18278,0.042180426
18279,0.04739649
18280,0.0495614
18281,0.14724563
18282,0.04739649
18283,0.1316408
18284,0.047598667
18285,0.048460107
18286,0.14308302
18287,0.048460107
18288,0.050214726
18289,0.38883564
18290,0.048460107
18291,0.042180426
18292,0.12877284
18293,0.10594635
18294,0.07384512
18295,0.16484708
18296,0.8763281
18297,0.042180426
18298,0.048460107
18299,0.100119755
18300,0.047598667
18301,0.042180426
18302,0.6542882
18303,0.1430314
18304,0.042180426
18305,0.35024807
18306,0.07006844
18307,0.062255457
18308,0.873263
18309,0.048460107
18310,0.066569604
18311,0.070230596
18312,0.0433173
18313,0.05028894
18314,0.0715078
18315,0.1772829
18316,0.06405563
18317,0.13778378
18318,0.0433173
18319,0.04739649
18320,0.10254011
18321,0.3121428
18322,0.67615587
18323,0.047598667
18324,0.7686115
18325,0.88804436
18326,0.09175374
18327,0.07218187
18328,0.04739649
18329,0.13628119
18330,0.048460107
18331,0.24603017
18332,0.042180426
18333,0.1303309
18334,0.042180426
18335,0.078243695
18336,0.105353795
18337,0.77787954
18338,0.04739649
18339,0.048460107
18340,0.16246387
18341,0.14544162
18342,0.11001622
18343,0.04321195
18344,0.93951875
18345,0.8520611
18346,0.047598667
18347,0.042180426
18348,0.042180426
18349,0.0666901
18350,0.7753557
18351,0.042180426
18352,0.10121511
18353,0.05218033
18354,0.04739649
18355,0.06691821
18356,0.12892881
18357,0.6825537
18358,0.18987156
18359,0.048460107
18360,0.050214726
18361,0.80407614
18362,0.048460107
18363,0.042180426
18364,0.76156086
18365,0.9125505
18366,0.54804516
18367,0.04739649
18368,0.04739649
18369,0.048460107
18370,0.18377313
18371,0.8108589
18372,0.042180426
18373,0.09394962
18374,0.042180426
18375,0.10650297
18376,0.25715938
18377,0.04739649
18378,0.19703701
18379,0.048460107
18380,0.6627147
18381,0.91761553
18382,0.1827657
18383,0.121488415
18384,0.04909715
18385,0.042180426
18386,0.85804594
18387,0.7813257
18388,0.25875965
18389,0.042180426
18390,0.4109232
18391,0.5283034
18392,0.07996278
18393,0.37409034
18394,0.052065555
18395,0.24696901
18396,0.7744358
18397,0.042180426
18398,0.8959504
18399,0.23477568
18400,0.08759192
18401,0.042180426
18402,0.37886694
18403,0.26574302
18404,0.047598667
18405,0.16667722
18406,0.57567173
18407,0.13230942
18408,0.79233295
18409,0.04739649
18410,0.0488048
18411,0.048460107
18412,0.04739649
18413,0.823741
18414,0.32765427
18415,0.048460107
18416,0.09197755
18417,0.104562566
18418,0.8140853
18419,0.23218556
18420,0.042180426
18421,0.85435045
18422,0.042180426
18423,0.110828534
18424,0.28866193
18425,0.85203964
18426,0.04740214
18427,0.83598083
18428,0.042180426
18429,0.07150884
18430,0.8884227
18431,0.048460107
18432,0.04321195
18433,0.065385565
18434,0.04739649
18435,0.10650297
18436,0.21000236
18437,0.042180426
18438,0.13273744
18439,0.048460107
18440,0.15061356
18441,0.20604314
18442,0.106890745
18443,0.060930952
18444,0.15683848
18445,0.6193924
18446,0.80616224
18447,0.042180426
18448,0.82685345
18449,0.064710476
18450,0.07560247
18451,0.108536586
18452,0.87695336
18453,0.04739649
18454,0.8874505
18455,0.48928177
18456,0.10039643
18457,0.06071165
18458,0.9002302
18459,0.6957376
18460,0.07084153
18461,0.1794489
18462,0.15007037
18463,0.0648264
18464,0.043717045
18465,0.042180426
18466,0.06298687
18467,0.051674437
18468,0.21626739
18469,0.042180426
18470,0.5076203
18471,0.87414616
18472,0.042180426
18473,0.04719492
18474,0.042180426
18475,0.047598667
18476,0.103499815
18477,0.042180426
18478,0.88971287
18479,0.049685046
18480,0.9189866
18481,0.04874511
18482,0.828772
18483,0.060650975
18484,0.09466656
18485,0.9234288
18486,0.108893834
18487,0.048460107
18488,0.8874505
18489,0.047734
18490,0.04771003
18491,0.042180426
18492,0.81694907
18493,0.28135714
18494,0.31319484
18495,0.8850344
18496,0.09153057
18497,0.05028894
18498,0.75224257
18499,0.042180426
18500,0.3958373
18501,0.7353479
18502,0.09625651
18503,0.042180426
18504,0.042180426
18505,0.06418796
18506,0.04768898
18507,0.0778604
18508,0.042180426
18509,0.042180426
18510,0.19906321
18511,0.04739649
18512,0.111881316
18513,0.81255496
18514,0.042180426
18515,0.058744144
18516,0.11462114
18517,0.042180426
18518,0.04983678
18519,0.04719492
18520,0.042180426
18521,0.04739649
18522,0.04739649
18523,0.042180426
18524,0.05218033
18525,0.07586086
18526,0.1138343
18527,0.89192367
18528,0.04739649
18529,0.042180426
18530,0.042180426
18531,0.042180426
18532,0.05225597
18533,0.04739649
18534,0.30625457
18535,0.048460107
18536,0.042180426
18537,0.60518336
18538,0.1686735
18539,0.04739649
18540,0.21466164
18541,0.048460107
18542,0.13161038
18543,0.04719492
18544,0.14983824
18545,0.04739649
18546,0.0891207
18547,0.18167114
18548,0.7407119
18549,0.8850548
18550,0.9243329
18551,0.1129351
18552,0.7374513
18553,0.55729854
18554,0.10355802
18555,0.11105504
18556,0.042180426
18557,0.042180426
18558,0.06990885
18559,0.873533
18560,0.27326727
18561,0.07000409
18562,0.5812769
18563,0.11524845
18564,0.8498206
18565,0.04739649
18566,0.05028894
18567,0.050214726
18568,0.058635175
18569,0.048460107
18570,0.46848667
18571,0.048460107
18572,0.042180426
18573,0.064710476
18574,0.18160212
18575,0.32220003
18576,0.048460107
18577,0.07047631
18578,0.04739649
18579,0.13772458
18580,0.07715081
18581,0.048460107
18582,0.4812855
18583,0.108839214
18584,0.36626768
18585,0.07558591
18586,0.12534584
18587,0.048460107
18588,0.5505442
18589,0.04739649
18590,0.04739649
18591,0.56739926
18592,0.57509476
18593,0.088117294
18594,0.04739649
18595,0.9190971
18596,0.10802155
18597,0.5155662
18598,0.4874725
18599,0.23807454
18600,0.7778146
18601,0.04739649
18602,0.042180426
18603,0.042180426
18604,0.8278934
18605,0.049510896
18606,0.13216408
18607,0.047499243
18608,0.49969274
18609,0.22773649
18610,0.18869784
18611,0.042180426
18612,0.04719492
18613,0.9114533
18614,0.04739649
18615,0.7375866
18616,0.042180426
18617,0.9088442
18618,0.08486702
18619,0.042180426
18620,0.086500145
18621,0.0433173
18622,0.14816123
18623,0.0666901
18624,0.07654664
18625,0.064710476
18626,0.042180426
18627,0.25186864
18628,0.042180426
18629,0.07052381
18630,0.088665515
18631,0.4760613
18632,0.069930024
18633,0.062333055
18634,0.7000461
18635,0.04321195
18636,0.23005392
18637,0.5496286
18638,0.06405563
18639,0.12598473
18640,0.26282284
18641,0.042180426
18642,0.47764763
18643,0.04739649
18644,0.042180426
18645,0.042180426
18646,0.16391762
18647,0.042180426
18648,0.047499243
18649,0.042180426
18650,0.106283404
18651,0.08785727
18652,0.042180426
18653,0.042180426
18654,0.17164564
18655,0.04739649
18656,0.04909715
18657,0.042180426
18658,0.08016807
18659,0.18987156
18660,0.043717045
18661,0.042180426
18662,0.042180426
18663,0.10623395
18664,0.11568862
18665,0.18335834
18666,0.282536
18667,0.049685046
18668,0.042180426
18669,0.043717045
18670,0.29542983
18671,0.04739649
18672,0.9220632
18673,0.4383361
18674,0.04719492
18675,0.63539916
18676,0.042180426
18677,0.04739649
18678,0.04739649
18679,0.112306505
18680,0.4055931
18681,0.16234614
18682,0.15999494
18683,0.047598667
18684,0.91062576
18685,0.042180426
18686,0.23883308
18687,0.9096956
18688,0.047598667
18689,0.15508792
18690,0.042180426
18691,0.0666901
18692,0.047598667
18693,0.323033
18694,0.08310816
18695,0.94432575
18696,0.22019581
18697,0.41719523
18698,0.8154154
18699,0.048460107
18700,0.042180426
18701,0.11023056
18702,0.26023993
18703,0.042180426
18704,0.76570266
18705,0.15007286
18706,0.064710476
18707,0.21569508
18708,0.048460107
18709,0.8304985
18710,0.064710476
18711,0.06777026
18712,0.074585736
18713,0.042180426
18714,0.20530476
18715,0.0433173
18716,0.34164315
18717,0.08359694
18718,0.04739649
18719,0.042180426
18720,0.11759679
18721,0.08323661
18722,0.042180426
18723,0.5674179
18724,0.6966633
18725,0.9129019
18726,0.1734854
18727,0.042180426
18728,0.32576022
18729,0.41542858
18730,0.07617276
18731,0.8601092
18732,0.04739649
18733,0.87305534
18734,0.0433173
18735,0.2717737
18736,0.08949611
18737,0.22553921
18738,0.051674437
18739,0.048460107
18740,0.064710476
18741,0.042180426
18742,0.42166394
18743,0.13223958
18744,0.042180426
18745,0.048460107
18746,0.19613671
18747,0.3956311
18748,0.9331367
18749,0.47706598
18750,0.04965472
18751,0.10869935
18752,0.042180426
18753,0.19365267
18754,0.04983678
18755,0.042180426
18756,0.19333552
18757,0.04719492
18758,0.113548614
18759,0.40665027
18760,0.04739649
18761,0.048460107
18762,0.17470671
18763,0.56888837
18764,0.05952458
18765,0.10467855
18766,0.104007535
18767,0.13856894
18768,0.16917029
18769,0.0433173
18770,0.042180426
18771,0.04739649
18772,0.0715078
18773,0.071956344
18774,0.14534019
18775,0.042180426
18776,0.042180426
18777,0.05868542
18778,0.048460107
18779,0.04321195
18780,0.115103416
18781,0.0648264
18782,0.042180426
18783,0.7401934
18784,0.814792
18785,0.066458315
18786,0.04739649
18787,0.0864817
18788,0.37114903
18789,0.43642324
18790,0.8087362
18791,0.042180426
18792,0.06794903
18793,0.05266223
18794,0.042180426
18795,0.17516984
18796,0.10176915
18797,0.04739649
18798,0.064710476
18799,0.04739649
18800,0.048460107
18801,0.042180426
18802,0.7836775
18803,0.042180426
18804,0.04719492
18805,0.33433512
18806,0.101833485
18807,0.091474496
18808,0.5786148
18809,0.04965472
18810,0.49697948
18811,0.048460107
18812,0.04739649
18813,0.06485783
18814,0.047598667
18815,0.04739649
18816,0.048460107
18817,0.04719492
18818,0.14733034
18819,0.04739649
18820,0.35403007
18821,0.45752582
18822,0.07060301
18823,0.40451446
18824,0.87544894
18825,0.08450526
18826,0.61735713
18827,0.78061426
18828,0.042180426
18829,0.042180426
18830,0.17189677
18831,0.8669232
18832,0.84730446
18833,0.048118424
18834,0.8057203
18835,0.29304668
18836,0.7006163
18837,0.29807195
18838,0.103779115
18839,0.15613562
18840,0.048460107
18841,0.042180426
18842,0.0648264
18843,0.042180426
18844,0.14599697
18845,0.13564269
18846,0.060184844
18847,0.4049985
18848,0.064710476
18849,0.11196187
18850,0.8007621
18851,0.05082391
18852,0.18743278
18853,0.93192184
18854,0.11723373
18855,0.079991736
18856,0.071380295
18857,0.13223672
18858,0.042180426
18859,0.04739649
18860,0.7760522
18861,0.042180426
18862,0.048460107
18863,0.18343714
18864,0.19333552
18865,0.0433173
18866,0.048460107
18867,0.048460107
18868,0.123758025
18869,0.073246196
18870,0.08450889
18871,0.0433173
18872,0.9264075
18873,0.40708262
18874,0.048460107
18875,0.061914876
18876,0.93309104
18877,0.043717045
18878,0.4136109
18879,0.1451003
18880,0.8500365
18881,0.13198312
18882,0.32647914
18883,0.28897825
18884,0.9170349
18885,0.89197725
18886,0.8590202
18887,0.042180426
18888,0.0666901
18889,0.04739649
18890,0.25409195
18891,0.042180426
18892,0.042180426
18893,0.064710476
18894,0.08597462
18895,0.6632434
18896,0.6754109
18897,0.07542522
18898,0.04739649
18899,0.124309324
18900,0.07047631
18901,0.18137822
18902,0.042180426
18903,0.049909152
18904,0.04965472
18905,0.06418796
18906,0.23366585
18907,0.048095908
18908,0.043717045
18909,0.88083494
18910,0.22661039
18911,0.14178291
18912,0.66754717
18913,0.052065555
18914,0.3121428
18915,0.27422503
18916,0.7789703
18917,0.04739649
18918,0.9375652
18919,0.36999005
18920,0.21316844
18921,0.16838199
18922,0.27819133
18923,0.81464916
18924,0.042180426
18925,0.5589808
18926,0.08965416
18927,0.05967564
18928,0.20853055
18929,0.042180426
18930,0.21492873
18931,0.81193304
18932,0.17399567
18933,0.8116854
18934,0.10259118
18935,0.2923338
18936,0.042180426
18937,0.042180426
18938,0.12519431
18939,0.7152538
18940,0.05218033
18941,0.04719492
18942,0.048460107
18943,0.042180426
18944,0.7220163
18945,0.1581711
18946,0.04739649
18947,0.04321195
18948,0.04739649
18949,0.04719492
18950,0.47841173
18951,0.8171001
18952,0.5734914
18953,0.04739649
18954,0.042180426
18955,0.20511392
18956,0.9193244
18957,0.042180426
18958,0.04739649
18959,0.042180426
18960,0.04719492
18961,0.042180426
18962,0.048095908
18963,0.18793863
18964,0.0433173
18965,0.6340986
18966,0.10427693
18967,0.71114767
18968,0.9064465
18969,0.20229635
18970,0.58684725
18971,0.05028894
18972,0.104385436
18973,0.04983678
18974,0.09746216
18975,0.064710476
18976,0.048118424
18977,0.0846848
18978,0.40940872
18979,0.042180426
18980,0.4591411
18981,0.13738467
18982,0.56446165
18983,0.1190969
18984,0.04719492
18985,0.11192948
18986,0.8302903
18987,0.0433173
18988,0.042180426
18989,0.115778804
18990,0.24637102
18991,0.05028894
18992,0.9081394
18993,0.042180426
18994,0.113548614
18995,0.13308664
18996,0.67579734
18997,0.63811564
18998,0.4182135
18999,0.0864882
19000,0.08055873
19001,0.06683406
19002,0.04739649
19003,0.04739649
19004,0.9124014
19005,0.16173983
19006,0.2042575
19007,0.042180426
19008,0.8791537
19009,0.17897622
19010,0.04739649
19011,0.06264029
19012,0.042180426
19013,0.042180426
19014,0.6811661
19015,0.0648264
19016,0.22179571
19017,0.08563954
19018,0.05418243
19019,0.068017974
19020,0.09625651
19021,0.071193665
19022,0.042180426
19023,0.12596636
19024,0.63473284
19025,0.06525381
19026,0.10650297
19027,0.11180097
19028,0.33508864
19029,0.048460107
19030,0.2260357
19031,0.0666901
19032,0.048460107
19033,0.080003634
19034,0.091897376
19035,0.042180426
19036,0.09115079
19037,0.04739649
19038,0.10613443
19039,0.042180426
19040,0.22103068
19041,0.12927899
19042,0.042180426
19043,0.042180426
19044,0.095649734
19045,0.84462017
19046,0.048460107
19047,0.7300897
19048,0.042230103
19049,0.2671197
19050,0.062223226
19051,0.19333552
19052,0.9126647
19053,0.042180426
19054,0.0666901
19055,0.11125424
19056,0.22275715
19057,0.08613855
19058,0.2367946
19059,0.051674437
19060,0.11747649
19061,0.042180426
19062,0.04739649
19063,0.042180426
19064,0.120366454
19065,0.09834103
19066,0.7275892
19067,0.047598667
19068,0.071899794
19069,0.048460107
19070,0.13115834
19071,0.7583258
19072,0.53015083
19073,0.6727179
19074,0.042180426
19075,0.45081583
19076,0.16469856
19077,0.39686447
19078,0.042180426
19079,0.38801938
19080,0.042180426
19081,0.084718786
19082,0.044375338
19083,0.8155637
19084,0.076538734
19085,0.05627004
19086,0.8939321
19087,0.32531816
19088,0.15142207
19089,0.051486023
19090,0.2982293
19091,0.43211985
19092,0.8452485
19093,0.089307085
19094,0.043717045
19095,0.21291184
19096,0.04739649
19097,0.07958352
19098,0.90772605
19099,0.04739649
19100,0.7793198
19101,0.5918514
19102,0.042180426
19103,0.06168769
19104,0.0433173
19105,0.064710476
19106,0.048460107
19107,0.28791395
19108,0.06525381
19109,0.0989075
19110,0.07996591
19111,0.2999451
19112,0.042180426
19113,0.07542522
19114,0.09445433
19115,0.095195524
19116,0.12406828
19117,0.5455193
19118,0.04739649
19119,0.18666628
19120,0.042180426
19121,0.07027501
19122,0.043717045
19123,0.0666901
19124,0.050214726
19125,0.048460107
19126,0.15947132
19127,0.042180426
19128,0.04739649
19129,0.08976557
19130,0.87471473
19131,0.13149172
19132,0.48478848
19133,0.048460107
19134,0.042180426
19135,0.8543009
19136,0.45285475
19137,0.04909715
19138,0.048095908
19139,0.042180426
19140,0.08437384
19141,0.22766583
19142,0.83380795
19143,0.13161038
19144,0.22269616
19145,0.042180426
19146,0.042180426
19147,0.042180426
19148,0.27282107
19149,0.104877286
19150,0.21614473
19151,0.042180426
19152,0.8526432
19153,0.9320717
19154,0.26602444
19155,0.09034793
19156,0.37131003
19157,0.1472001
19158,0.048460107
19159,0.18552592
19160,0.89530474
19161,0.23265018
19162,0.10377336
19163,0.05738461
19164,0.083302155
19165,0.042180426
19166,0.042180426
19167,0.10640673
19168,0.4750016
19169,0.1138343
19170,0.8172759
19171,0.09016129
19172,0.19613671
19173,0.10033698
19174,0.048460107
19175,0.042180426
19176,0.042180426
19177,0.08218248
19178,0.06168769
19179,0.064710476
19180,0.0648264
19181,0.16519019
19182,0.53391194
19183,0.07047631
19184,0.075620234
19185,0.044924412
19186,0.06418796
19187,0.2085266
19188,0.31685498
19189,0.04719492
19190,0.09024975
19191,0.2688841
19192,0.45827448
19193,0.048460107
19194,0.23189488
19195,0.051486023
19196,0.90789396
19197,0.1358457
19198,0.20130828
19199,0.9082284
19200,0.84800005
19201,0.07860014
19202,0.78039557
19203,0.05691621
19204,0.05082391
19205,0.12925042
19206,0.042180426
19207,0.9203624
19208,0.042180426
19209,0.90030926
19210,0.8716473
19211,0.5749461
19212,0.9317924
19213,0.04739649
19214,0.10640673
19215,0.46906787
19216,0.048460107
19217,0.05082391
19218,0.25750375
19219,0.042180426
19220,0.4558373
19221,0.1489368
19222,0.08999915
19223,0.042180426
19224,0.29636452
19225,0.49347076
19226,0.6317054
19227,0.15407024
19228,0.04739649
19229,0.069930024
19230,0.26998112
19231,0.04719492
19232,0.07739952
19233,0.042180426
19234,0.06525381
19235,0.042180426
19236,0.044473127
19237,0.11954658
19238,0.048095908
19239,0.042180426
19240,0.042180426
19241,0.0666901
19242,0.042180426
19243,0.9128705
19244,0.07677687
19245,0.21619865
19246,0.04321195
19247,0.5637337
19248,0.04739649
19249,0.042180426
19250,0.10650297
19251,0.04739649
19252,0.04739649
19253,0.042180426
19254,0.05028894
19255,0.080054834
19256,0.04719492
19257,0.08942307
19258,0.91180414
19259,0.9128866
19260,0.87412035
19261,0.111919984
19262,0.04623315
19263,0.046131678
19264,0.38804254
19265,0.04740214
19266,0.20543921
19267,0.04719492
19268,0.4990902
19269,0.0648264
19270,0.052065555
19271,0.13308853
19272,0.56876475
19273,0.042180426
19274,0.042180426
19275,0.3196515
19276,0.08475107
19277,0.04739649
19278,0.23807454
19279,0.048460107
19280,0.047598667
19281,0.04739649
19282,0.042180426
19283,0.042180426
19284,0.042180426
19285,0.59930766
19286,0.042180426
19287,0.09620791
19288,0.065952994
19289,0.14181381
19290,0.17181788
19291,0.0666901
19292,0.541362
19293,0.72157884
19294,0.042180426
19295,0.0433173
19296,0.04909715
19297,0.071584165
19298,0.9051636
19299,0.06629605
19300,0.073358
19301,0.0841449
19302,0.2493289
19303,0.08865804
19304,0.82278985
19305,0.25706175
19306,0.1122811
19307,0.0666901
19308,0.31541097
19309,0.35270095
19310,0.04739649
19311,0.12015094
19312,0.22690508
19313,0.10516824
19314,0.69868714
19315,0.075163394
19316,0.2695922
19317,0.40656593
19318,0.29027978
19319,0.39743477
19320,0.042180426
19321,0.3528078
19322,0.16852944
19323,0.6440566
19324,0.042180426
19325,0.0666901
19326,0.7670632
19327,0.042180426
19328,0.042180426
19329,0.042180426
19330,0.042180426
19331,0.8690847
19332,0.06442699
19333,0.12875745
19334,0.064710476
19335,0.048118424
19336,0.16281687
19337,0.9054693
19338,0.42752448
19339,0.042180426
19340,0.15592596
19341,0.1765123
19342,0.045918744
19343,0.08092225
19344,0.086637594
19345,0.086130776
19346,0.042180426
19347,0.07957293
19348,0.08444525
19349,0.67468345
19350,0.042240575
19351,0.084175475
19352,0.5264644
19353,0.14279068
19354,0.088834606
19355,0.08091497
19356,0.08210314
19357,0.06525381
19358,0.16659854
19359,0.611617
19360,0.22115274
19361,0.05883133
19362,0.50554526
19363,0.085679635
19364,0.35900885
19365,0.30893284
19366,0.048460107
19367,0.7318588
19368,0.5180315
19369,0.047598667
19370,0.0433173
19371,0.7757388
19372,0.048460107
19373,0.048460107
19374,0.060471226
19375,0.04739649
19376,0.042180426
19377,0.82191586
19378,0.21291184
19379,0.042180426
19380,0.042180426
19381,0.042180426
19382,0.13627659
19383,0.04739649
19384,0.042180426
19385,0.04983678
19386,0.09582939
19387,0.042180426
19388,0.15922335
19389,0.9443716
19390,0.65233755
19391,0.83696944
19392,0.047598667
19393,0.048460107
19394,0.13155638
19395,0.12984304
19396,0.042180426
19397,0.76581466
19398,0.27687526
19399,0.042180426
19400,0.56795126
19401,0.28025094
19402,0.04321195
19403,0.34892768
19404,0.042689294
19405,0.042180426
19406,0.32161155
19407,0.28116047
19408,0.048460107
19409,0.042180426
19410,0.042180426
19411,0.042180426
19412,0.05028894
19413,0.042180426
19414,0.56892157
19415,0.048460107
19416,0.3207616
19417,0.9435074
19418,0.048460107
19419,0.14562319
19420,0.1091443
19421,0.6421465
19422,0.06481054
19423,0.13837717
19424,0.74966174
19425,0.04739649
19426,0.042180426
19427,0.05218033
19428,0.044473127
19429,0.07116086
19430,0.04739649
19431,0.048460107
19432,0.04739649
19433,0.0666901
19434,0.704913
19435,0.12830026
19436,0.042180426
19437,0.9028166
19438,0.042180426
19439,0.5235493
19440,0.09476866
19441,0.09250368
19442,0.0666901
19443,0.048460107
19444,0.04739649
19445,0.09006485
19446,0.042180426
19447,0.07593446
19448,0.199382
19449,0.042180426
19450,0.04739649
19451,0.44516125
19452,0.048460107
19453,0.06405563
19454,0.7604101
19455,0.2850178
19456,0.683237
19457,0.081991844
19458,0.121806644
19459,0.04739649
19460,0.9204436
19461,0.0433173
19462,0.04739649
19463,0.060293183
19464,0.18987156
19465,0.21683538
19466,0.048460107
19467,0.047598667
19468,0.91922575
19469,0.04739649
19470,0.07195489
19471,0.4056832
19472,0.77973217
19473,0.042180426
19474,0.080667265
19475,0.2726932
19476,0.0433173
19477,0.89902866
19478,0.34105873
19479,0.043717045
19480,0.19092682
19481,0.4001544
19482,0.19613671
19483,0.042180426
19484,0.06214653
19485,0.042180426
19486,0.88142
19487,0.25610608
19488,0.13056836
19489,0.2750373
19490,0.042180426
19491,0.15485454
19492,0.07961536
19493,0.34463513
19494,0.2933218
19495,0.048460107
19496,0.32685804
19497,0.112018615
19498,0.12142864
19499,0.055600867
19500,0.8167253
19501,0.064710476
19502,0.84447265
19503,0.6012851
19504,0.9128062
19505,0.08086759
19506,0.1372377
19507,0.7451888
19508,0.105034426
19509,0.042180426
19510,0.042180426
19511,0.1078344
19512,0.1138343
19513,0.04719492
19514,0.042180426
19515,0.58852863
19516,0.5246279
19517,0.09102811
19518,0.055600867
19519,0.04719492
19520,0.042180426
19521,0.07047631
19522,0.85278594
19523,0.06734975
19524,0.26044402
19525,0.08209288
19526,0.042180426
19527,0.42193958
19528,0.8064168
19529,0.07360654
19530,0.61426204
19531,0.04909715
19532,0.23076239
19533,0.0517583
19534,0.09694093
19535,0.09935105
19536,0.05225597
19537,0.048460107
19538,0.12672138
19539,0.87014925
19540,0.7274893
19541,0.048460107
19542,0.065952994
19543,0.042180426
19544,0.54019004
19545,0.76483226
19546,0.6899319
19547,0.042180426
19548,0.042180426
19549,0.059307
19550,0.23223509
19551,0.10438131
19552,0.04739649
19553,0.044924412
19554,0.047598667
19555,0.04719492
19556,0.04739649
19557,0.90762866
19558,0.042180426
19559,0.090785995
19560,0.04739649
19561,0.8622531
19562,0.15566707
19563,0.05225597
19564,0.0666901
19565,0.14725526
19566,0.45244992
19567,0.9018865
19568,0.04739649
19569,0.12632835
19570,0.04739649
19571,0.06418796
19572,0.047598667
19573,0.04739649
19574,0.042180426
19575,0.28116047
19576,0.75411415
19577,0.042180426
19578,0.04739649
19579,0.18378791
19580,0.04719492
19581,0.39303154
19582,0.10071139
19583,0.04739649
19584,0.064710476
19585,0.042180426
19586,0.26297933
19587,0.07031981
19588,0.0680538
19589,0.064710476
19590,0.2042575
19591,0.14667262
19592,0.065952994
19593,0.9158773
19594,0.064710476
19595,0.11289106
19596,0.13662532
19597,0.07467068
19598,0.042180426
19599,0.04739649
19600,0.048460107
19601,0.83052087
19602,0.7980349
19603,0.9217791
19604,0.047598667
19605,0.52862155
19606,0.21640739
19607,0.072114535
19608,0.0650553
19609,0.0807575
19610,0.5751995
19611,0.64962727
19612,0.1138343
19613,0.045510363
19614,0.14295037
19615,0.0648264
19616,0.049173556
19617,0.042180426
19618,0.5265025
19619,0.20350459
19620,0.08284992
19621,0.076087445
19622,0.87440956
19623,0.042180426
19624,0.5794056
19625,0.05738461
19626,0.73584163
19627,0.060750615
19628,0.6067702
19629,0.05082391
19630,0.055600867
19631,0.65567666
19632,0.40496457
19633,0.052065555
19634,0.11819602
19635,0.052065555
19636,0.15252738
19637,0.8014695
19638,0.047598667
19639,0.048095908
19640,0.111643456
19641,0.04739649
19642,0.05028894
19643,0.04739649
19644,0.042180426
19645,0.19670527
19646,0.16135633
19647,0.04739649
19648,0.064710476
19649,0.14489196
19650,0.042180426
19651,0.042180426
19652,0.1437661
19653,0.048460107
19654,0.86404335
19655,0.054242864
19656,0.10468771
19657,0.07038457
19658,0.9017666
19659,0.042180426
19660,0.26125628
19661,0.3976016
19662,0.3131253
19663,0.04739649
19664,0.8615291
19665,0.04739649
19666,0.049510896
19667,0.049743135
19668,0.042180426
19669,0.042180426
19670,0.1739665
19671,0.33431622
19672,0.11052906
19673,0.04739649
19674,0.29240617
19675,0.27136594
19676,0.13809337
19677,0.042180426
19678,0.04739649
19679,0.07171602
19680,0.042180426
19681,0.7763672
19682,0.90501827
19683,0.089398086
19684,0.07038457
19685,0.6875117
19686,0.04739649
19687,0.108594805
19688,0.0433173
19689,0.18003324
19690,0.73147464
19691,0.06724097
19692,0.91337466
19693,0.042180426
19694,0.048460107
19695,0.07641211
19696,0.04739649
19697,0.36611363
19698,0.050398733
19699,0.3172917
19700,0.042180426
19701,0.042180426
19702,0.77419466
19703,0.04909715
19704,0.092716515
19705,0.14157395
19706,0.6638234
19707,0.04739649
19708,0.04739649
19709,0.043717045
19710,0.042180426
19711,0.93243307
19712,0.0666901
19713,0.048460107
19714,0.43167564
19715,0.07679085
19716,0.042180426
19717,0.13645247
19718,0.042180426
19719,0.048095908
19720,0.21242881
19721,0.042180426
19722,0.70571154
19723,0.8748707
19724,0.042180426
19725,0.22292621
19726,0.042180426
19727,0.0845245
19728,0.13914186
19729,0.05218033
19730,0.05028894
19731,0.20392604
19732,0.22179571
19733,0.04739649
19734,0.1430749
19735,0.048460107
19736,0.07967137
19737,0.92776614
19738,0.84210676
19739,0.57226515
19740,0.042180426
19741,0.0648264
19742,0.069017164
19743,0.68469787
19744,0.042180426
19745,0.07318313
19746,0.08707717
19747,0.11405338
19748,0.047598667
19749,0.042180426
19750,0.08246442
19751,0.50844526
19752,0.1238634
19753,0.042180426
19754,0.0990951
19755,0.048460107
19756,0.065952994
19757,0.20135193
19758,0.57128596
19759,0.37028527
19760,0.078349665
19761,0.043717045
19762,0.042180426
19763,0.04739649
19764,0.8794592
19765,0.048460107
19766,0.7482397
19767,0.2545259
19768,0.93705904
19769,0.04739649
19770,0.076025404
19771,0.044924412
19772,0.042180426
19773,0.24492697
19774,0.94167084
19775,0.048460107
19776,0.043717045
19777,0.1727306
19778,0.08465757
19779,0.11618043
19780,0.048460107
19781,0.20721121
19782,0.071480006
19783,0.048460107
19784,0.16140611
19785,0.047101863
19786,0.042180426
19787,0.04739649
19788,0.08998534
19789,0.04739649
19790,0.77552587
19791,0.5573054
19792,0.04719492
19793,0.3043317
19794,0.8597776
19795,0.043717045
19796,0.08328502
19797,0.14083984
19798,0.042180426
19799,0.92516184
19800,0.042180426
19801,0.07084153
19802,0.048460107
19803,0.2948543
19804,0.81652707
19805,0.11992547
19806,0.042180426
19807,0.1343971
19808,0.05575382
19809,0.04739649
19810,0.10735623
19811,0.042180426
19812,0.048460107
19813,0.04739649
19814,0.11809928
19815,0.06709413
19816,0.08030424
19817,0.044473127
19818,0.0648264
19819,0.042180426
19820,0.05920705
19821,0.042180426
19822,0.042180426
19823,0.071253546
19824,0.081718676
19825,0.15966943
19826,0.11098857
19827,0.22868836
19828,0.2040803
19829,0.59864205
19830,0.04719492
19831,0.049510896
19832,0.12261322
19833,0.5630827
19834,0.048460107
19835,0.59747505
19836,0.047734
19837,0.0433173
19838,0.0648264
19839,0.09833839
19840,0.1138343
19841,0.32670668
19842,0.06405563
19843,0.49540034
19844,0.2584131
19845,0.34840566
19846,0.04321195
19847,0.048460107
19848,0.14039053
19849,0.097913615
19850,0.042180426
19851,0.04739649
19852,0.15799786
19853,0.08699798
19854,0.90237063
19855,0.14091207
19856,0.16896382
19857,0.67579734
19858,0.24018921
19859,0.81692296
19860,0.7632099
19861,0.94295526
19862,0.084482394
19863,0.43519607
19864,0.048460107
19865,0.07512856
19866,0.29579493
19867,0.064710476
19868,0.049685046
19869,0.04719492
19870,0.2648668
19871,0.16473739
19872,0.087787576
19873,0.35657203
19874,0.04739649
19875,0.12977482
19876,0.042180426
19877,0.10883802
19878,0.0433173
19879,0.04739649
19880,0.07207863
19881,0.09396957
19882,0.042180426
19883,0.23991092
19884,0.16295339
19885,0.91385543
19886,0.16576003
19887,0.048460107
19888,0.80883
19889,0.28116047
19890,0.06789261
19891,0.275303
19892,0.12155555
19893,0.10969332
19894,0.04719492
19895,0.7679633
19896,0.042180426
19897,0.74216384
19898,0.0666901
19899,0.11276168
19900,0.12679757
19901,0.39301878
19902,0.042180426
19903,0.092202365
19904,0.042180426
19905,0.042180426
19906,0.16098844
19907,0.06607099
19908,0.044924412
19909,0.12412161
19910,0.8506222
19911,0.50416434
19912,0.04739649
19913,0.0433173
19914,0.11771994
19915,0.40296078
19916,0.042180426
19917,0.04739649
19918,0.042180426
19919,0.064710476
19920,0.047598667
19921,0.11858704
19922,0.5061349
19923,0.07660158
19924,0.39505324
19925,0.14077835
19926,0.42750603
19927,0.3778825
19928,0.054372065
19929,0.11250108
19930,0.08641568
19931,0.047101863
19932,0.12787016
19933,0.042180426
19934,0.06232599
19935,0.06607549
19936,0.042180426
19937,0.15664195
19938,0.04739649
19939,0.04739649
19940,0.042180426
19941,0.048460107
19942,0.042180426
19943,0.042180426
19944,0.04739649
19945,0.119728915
19946,0.064710476
19947,0.042180426
19948,0.13862884
19949,0.04739649
19950,0.119109534
19951,0.36515358
19952,0.048460107
19953,0.51285416
19954,0.07132862
19955,0.06365261
19956,0.4082472
19957,0.042180426
19958,0.043717045
19959,0.054681383
19960,0.11503392
19961,0.04909715
19962,0.0715078
19963,0.04739649
19964,0.042180426
19965,0.04739649
19966,0.31204423
19967,0.26617035
19968,0.76504344
19969,0.61510676
19970,0.29548925
19971,0.042180426
19972,0.04623315
19973,0.8896376
19974,0.042180426
19975,0.9290651
19976,0.13643484
19977,0.048460107
19978,0.042180426
19979,0.8304985
19980,0.306238
19981,0.0666901
19982,0.047598667
19983,0.48687398
19984,0.48201776
19985,0.22654775
19986,0.048460107
19987,0.88558686
19988,0.042180426
19989,0.064710476
19990,0.07855524
19991,0.04909715
19992,0.91972977
19993,0.09132178
19994,0.1511304
19995,0.14039053
19996,0.07408678
19997,0.04739649
19998,0.042180426
19999,0.042180426
20000,0.048460107
20001,0.048460107
20002,0.084848695
20003,0.14393431
20004,0.53718007
20005,0.2955494
20006,0.92516184
20007,0.48563194
20008,0.531832
20009,0.04739649
20010,0.04739649
20011,0.058744144
20012,0.04739649
20013,0.0648264
20014,0.19074993
20015,0.04739649
20016,0.06774916
20017,0.042180426
20018,0.042180426
20019,0.07998899
20020,0.05028894
20021,0.064710476
20022,0.2928864
20023,0.12353492
20024,0.0648264
20025,0.042180426
20026,0.065952994
20027,0.9203367
20028,0.042180426
20029,0.62652344
20030,0.0707017
20031,0.042180426
20032,0.1727923
20033,0.45527434
20034,0.065445065
20035,0.18203944
20036,0.04739649
20037,0.41750214
20038,0.9150469
20039,0.5087402
20040,0.04739649
20041,0.042180426
20042,0.064710476
20043,0.0666901
20044,0.042180426
20045,0.45030314
20046,0.7255916
20047,0.94184846
20048,0.042180426
20049,0.78832716
20050,0.15920915
20051,0.050064
20052,0.047598667
20053,0.9154307
20054,0.042180426
20055,0.20035157
20056,0.042180426
20057,0.10858138
20058,0.27187836
20059,0.18386126
20060,0.06525381
20061,0.042180426
20062,0.13165943
20063,0.042180426
20064,0.048460107
20065,0.40654236
20066,0.32595792
20067,0.10666344
20068,0.20686734
20069,0.7444727
20070,0.05082391
20071,0.060293183
20072,0.37231848
20073,0.12202963
20074,0.048460107
20075,0.30555305
20076,0.43873587
20077,0.086077385
20078,0.09275645
20079,0.04739649
20080,0.3479996
20081,0.7437619
20082,0.1333061
20083,0.14346296
20084,0.909013
20085,0.048460107
20086,0.044924412
20087,0.048460107
20088,0.14026187
20089,0.048460107
20090,0.27385023
20091,0.1866446
20092,0.048460107
20093,0.37197652
20094,0.12940495
20095,0.66440934
20096,0.76716787
20097,0.28599644
20098,0.042180426
20099,0.04739649
20100,0.9042192
20101,0.33053458
20102,0.14903715
20103,0.04846588
20104,0.755751
20105,0.04739649
20106,0.3511962
20107,0.50953907
20108,0.048460107
20109,0.863219
20110,0.5548409
20111,0.08891774
20112,0.0666901
20113,0.0433173
20114,0.8881868
20115,0.92389804
20116,0.3196515
20117,0.0433173
20118,0.042180426
20119,0.13842201
20120,0.04739649
20121,0.04739649
20122,0.26679912
20123,0.2700651
20124,0.124418855
20125,0.071253546
20126,0.07095517
20127,0.087375455
20128,0.9309557
20129,0.14111674
20130,0.43388402
20131,0.042180426
20132,0.13284671
20133,0.042180426
20134,0.10014093
20135,0.74545705
20136,0.042180426
20137,0.0433173
20138,0.9342082
20139,0.042180426
20140,0.28806773
20141,0.042180426
20142,0.15993191
20143,0.05316883
20144,0.10530756
20145,0.04739649
20146,0.078202285
20147,0.070934124
20148,0.042180426
20149,0.4235772
20150,0.0666901
20151,0.9392156
20152,0.04719492
20153,0.11103152
20154,0.042180426
20155,0.10190045
20156,0.042180426
20157,0.153201
20158,0.048118424
20159,0.24752511
20160,0.9203367
20161,0.06492317
20162,0.042180426
20163,0.0666901
20164,0.18898168
20165,0.04719492
20166,0.04719492
20167,0.6756973
20168,0.0433173
20169,0.043717045
20170,0.042180426
20171,0.8396313
20172,0.44829792
20173,0.8931572
20174,0.09080861
20175,0.66639084
20176,0.08517361
20177,0.042180426
20178,0.0433173
20179,0.07435136
20180,0.043717045
20181,0.054372065
20182,0.11902649
20183,0.042180426
20184,0.9056552
20185,0.31336793
20186,0.04719492
20187,0.0433173
20188,0.2589118
20189,0.19333552
20190,0.61352193
20191,0.042180426
20192,0.85589004
20193,0.077061094
20194,0.04719492
20195,0.8350949
20196,0.042180426
20197,0.04739649
20198,0.042180426
20199,0.047598667
20200,0.042180426
20201,0.23279656
20202,0.042180426
20203,0.23755004
20204,0.13274804
20205,0.042180426
20206,0.09192257
20207,0.85532075
20208,0.049510896
20209,0.042180426
20210,0.042180426
20211,0.04739649
20212,0.8592786
20213,0.04909715
20214,0.35216838
20215,0.27510926
20216,0.04719492
20217,0.042240575
20218,0.16671558
20219,0.86003184
20220,0.11404111
20221,0.74966174
20222,0.04739649
20223,0.08035086
20224,0.09553183
20225,0.14705954
20226,0.047734
20227,0.7664865
20228,0.8650857
20229,0.3292241
20230,0.042180426
20231,0.5834923
20232,0.50035053
20233,0.07593446
20234,0.042180426
20235,0.050214726
20236,0.3550036
20237,0.6510114
20238,0.078932144
20239,0.042180426
20240,0.042180426
20241,0.048460107
20242,0.048460107
20243,0.042180426
20244,0.042180426
20245,0.37435848
20246,0.92263675
20247,0.04739649
20248,0.04739649
20249,0.69868714
20250,0.08264762
20251,0.048460107
20252,0.04719492
20253,0.042180426
20254,0.111156896
20255,0.19299617
20256,0.83306795
20257,0.9215574
20258,0.20773244
20259,0.20367368
20260,0.042180426
20261,0.4577788
20262,0.106718116
20263,0.8376038
20264,0.21694359
20265,0.30573815
20266,0.85251474
20267,0.51649386
20268,0.09517125
20269,0.13552201
20270,0.08168055
20271,0.13958722
20272,0.042180426
20273,0.12344535
20274,0.1786325
20275,0.0433173
20276,0.56238043
20277,0.82233316
20278,0.11669543
20279,0.4287693
20280,0.042180426
20281,0.0799897
20282,0.042347763
20283,0.72703445
20284,0.04739649
20285,0.7056706
20286,0.04739649
20287,0.048460107
20288,0.048460107
20289,0.9135783
20290,0.042180426
20291,0.042180426
20292,0.8747776
20293,0.9031497
20294,0.042180426
20295,0.181545
20296,0.24216005
20297,0.06442699
20298,0.042180426
20299,0.88604933
20300,0.21208112
20301,0.042180426
20302,0.8939525
20303,0.042180426
20304,0.14725526
20305,0.042180426
20306,0.0433173
20307,0.08414347
20308,0.21375203
20309,0.10127869
20310,0.0666901
20311,0.064710476
20312,0.04719492
20313,0.042180426
20314,0.6205729
20315,0.9263092
20316,0.08279102
20317,0.042180426
20318,0.16130781
20319,0.8698958
20320,0.925477
20321,0.12582439
20322,0.19263457
20323,0.04739649
20324,0.8366286
20325,0.042180426
20326,0.05225597
20327,0.15878339
20328,0.06405563
20329,0.22380997
20330,0.7266869
20331,0.548021
20332,0.6700422
20333,0.26641664
20334,0.8636679
20335,0.8574417
20336,0.08481658
20337,0.042180426
20338,0.28928524
20339,0.7505683
20340,0.04719492
20341,0.11553812
20342,0.0681802
20343,0.5343442
20344,0.04719492
20345,0.6857095
20346,0.19159123
20347,0.06418796
20348,0.63075924
20349,0.04719492
20350,0.07593446
20351,0.19263457
20352,0.13880895
20353,0.04739649
20354,0.31696466
20355,0.04739649
20356,0.042180426
20357,0.520779
20358,0.048460107
20359,0.0982513
20360,0.21885647
20361,0.07508502
20362,0.042180426
20363,0.042180426
20364,0.88520956
20365,0.042180426
20366,0.044375338
20367,0.06587587
20368,0.04719492
20369,0.0674257
20370,0.12529445
20371,0.11760056
20372,0.08390554
20373,0.09062864
20374,0.042180426
20375,0.04739649
20376,0.07544007
20377,0.302783
20378,0.042180426
20379,0.14826569
20380,0.0488048
20381,0.7899
20382,0.04739649
20383,0.9275212
20384,0.042180426
20385,0.042180426
20386,0.042180426
20387,0.066458315
20388,0.0648264
20389,0.15888432
20390,0.45692822
20391,0.4112503
20392,0.07633549
20393,0.11096146
20394,0.8938966
20395,0.04739649
20396,0.13749857
20397,0.042180426
20398,0.87626004
20399,0.042180426
20400,0.10500245
20401,0.6754359
20402,0.8568439
20403,0.04739649
20404,0.042180426
20405,0.04739649
20406,0.07572346
20407,0.35064983
20408,0.57848406
20409,0.70143217
20410,0.8556739
20411,0.11173081
20412,0.042180426
20413,0.1622823
20414,0.79653734
20415,0.89297736
20416,0.04739649
20417,0.04739649
20418,0.0433173
20419,0.064710476
20420,0.04739649
20421,0.37198842
20422,0.042180426
20423,0.10479829
20424,0.23346691
20425,0.042180426
20426,0.9085521
20427,0.042180426
20428,0.9391403
20429,0.0897595
20430,0.042180426
20431,0.042180426
20432,0.07298171
20433,0.047598667
20434,0.1013702
20435,0.044924412
20436,0.042180426
20437,0.9070473
20438,0.829928
20439,0.11669543
20440,0.042180426
20441,0.08588757
20442,0.045510363
20443,0.30983344
20444,0.17304601
20445,0.121999875
20446,0.042180426
20447,0.6548204
20448,0.3735826
20449,0.86205906
20450,0.75162446
20451,0.921688
20452,0.10611702
20453,0.048460107
20454,0.11234489
20455,0.048460107
20456,0.042180426
20457,0.0433173
20458,0.3082046
20459,0.7512938
20460,0.34927258
20461,0.04719492
20462,0.042180426
20463,0.1429479
20464,0.042180426
20465,0.042180426
20466,0.042180426
20467,0.91506016
20468,0.060405824
20469,0.40463868
20470,0.042180426
20471,0.37022486
20472,0.13543859
20473,0.048460107
20474,0.04739649
20475,0.0433173
20476,0.20207639
20477,0.93659997
20478,0.066569604
20479,0.17083642
20480,0.2207613
20481,0.11950635
20482,0.18400869
20483,0.04719492
20484,0.042180426
20485,0.04321195
20486,0.051843803
20487,0.45417616
20488,0.042180426
20489,0.36601457
20490,0.9162489
20491,0.14116797
20492,0.07408689
20493,0.04965472
20494,0.10585956
20495,0.06002224
20496,0.042180426
20497,0.042180426
20498,0.15478869
20499,0.61066276
20500,0.042180426
20501,0.042180426
20502,0.5300252
20503,0.4784336
20504,0.04739649
20505,0.84154296
20506,0.042180426
20507,0.14524646
20508,0.60532975
20509,0.93460655
20510,0.12551403
20511,0.04321195
20512,0.92809296
20513,0.6120697
20514,0.068058714
20515,0.7066801
20516,0.04739649
20517,0.13230942
20518,0.0433173
20519,0.07352864
20520,0.04739649
20521,0.7935316
20522,0.04739649
20523,0.1292981
20524,0.079991736
20525,0.10741914
20526,0.04909715
20527,0.14108826
20528,0.06499862
20529,0.19097364
20530,0.08553113
20531,0.066569604
20532,0.32541302
20533,0.07038457
20534,0.042180426
20535,0.07571053
20536,0.042180426
20537,0.76910955
20538,0.08062401
20539,0.05185317
20540,0.5660896
20541,0.04739649
20542,0.07836575
20543,0.41797018
20544,0.8012267
20545,0.18209401
20546,0.06002224
20547,0.12944661
20548,0.88924253
20549,0.11403383
20550,0.051947657
20551,0.04739649
20552,0.44026792
20553,0.042180426
20554,0.050398733
20555,0.048460107
20556,0.047598667
20557,0.22987115
20558,0.0433173
20559,0.042180426
20560,0.048460107
20561,0.042180426
20562,0.04909715
20563,0.042180426
20564,0.08101787
20565,0.082176484
20566,0.121127546
20567,0.13645981
20568,0.04739649
20569,0.09322774
20570,0.052065555
20571,0.042180426
20572,0.07531098
20573,0.04739649
20574,0.16019343
20575,0.04719492
20576,0.2331864
20577,0.44632438
20578,0.81497407
20579,0.047598667
20580,0.04739649
20581,0.10281936
20582,0.11122461
20583,0.7464609
20584,0.04739649
20585,0.048118424
20586,0.047598667
20587,0.047598667
20588,0.048460107
20589,0.8254534
20590,0.4967081
20591,0.13064308
20592,0.6271404
20593,0.047598667
20594,0.043143887
20595,0.042180426
20596,0.21668962
20597,0.14611998
20598,0.61188936
20599,0.18903051
20600,0.27841175
20601,0.04739649
20602,0.38703987
20603,0.13557026
20604,0.04739649
20605,0.042180426
20606,0.18267566
20607,0.048460107
20608,0.92664504
20609,0.849064
20610,0.49779132
20611,0.09834871
20612,0.044473127
20613,0.13066691
20614,0.79526246
20615,0.78174174
20616,0.2852891
20617,0.048460107
20618,0.10969332
20619,0.042180426
20620,0.47652024
20621,0.04739649
20622,0.042180426
20623,0.065952994
20624,0.29579982
20625,0.11924151
20626,0.04739649
20627,0.064710476
20628,0.36587226
20629,0.7832516
20630,0.12841877
20631,0.05218033
20632,0.05384131
20633,0.042180426
20634,0.7470869
20635,0.04739649
20636,0.042180426
20637,0.13825493
20638,0.19570078
20639,0.12555937
20640,0.5134125
20641,0.07531098
20642,0.04740214
20643,0.11245637
20644,0.39704606
20645,0.25789326
20646,0.042180426
20647,0.12205603
20648,0.0683003
20649,0.06655359
20650,0.08026083
20651,0.07047631
20652,0.15863958
20653,0.17422593
20654,0.53656197
20655,0.047598667
20656,0.61822146
20657,0.19412594
20658,0.042485546
20659,0.80602133
20660,0.14243601
20661,0.042180426
20662,0.042180426
20663,0.13398209
20664,0.04739649
20665,0.04739649
20666,0.080652855
20667,0.04739649
20668,0.042180426
20669,0.2871368
20670,0.9147006
20671,0.04739649
20672,0.8944874
20673,0.14168283
20674,0.042180426
20675,0.042180426
20676,0.066458315
20677,0.10648749
20678,0.04719492
20679,0.0648264
20680,0.31362906
20681,0.042180426
20682,0.48790142
20683,0.42133495
20684,0.065952994
20685,0.1650121
20686,0.064710476
20687,0.051266607
20688,0.7925722
20689,0.70165724
20690,0.04739649
20691,0.042180426
20692,0.37491715
20693,0.08264764
20694,0.042180426
20695,0.042240575
20696,0.043717045
20697,0.9304844
20698,0.04719492
20699,0.04623315
20700,0.042180426
20701,0.55218196
20702,0.057469513
20703,0.80582565
20704,0.042180426
20705,0.15675303
20706,0.049510896
20707,0.04719492
20708,0.08870016
20709,0.06417533
20710,0.10553558
20711,0.073464155
20712,0.23254694
20713,0.87609714
20714,0.7399257
20715,0.042180426
20716,0.12196952
20717,0.19613671
20718,0.26002198
20719,0.042180426
20720,0.22345814
20721,0.14141245
20722,0.21454297
20723,0.04719492
20724,0.080426455
20725,0.042180426
20726,0.048460107
20727,0.8865351
20728,0.07363238
20729,0.04719492
20730,0.044473127
20731,0.11828978
20732,0.084006295
20733,0.8746624
20734,0.1890925
20735,0.2367946
20736,0.042180426
20737,0.57804966
20738,0.7729175
20739,0.0666901
20740,0.0648264
20741,0.76305676
20742,0.04739649
20743,0.06512003
20744,0.5533047
20745,0.9110978
20746,0.04719492
20747,0.04719492
20748,0.051182013
20749,0.04739649
20750,0.25515008
20751,0.91838104
20752,0.048460107
20753,0.16356939
20754,0.12629548
20755,0.13847156
20756,0.10824882
20757,0.096170455
20758,0.09928454
20759,0.2801452
20760,0.042180426
20761,0.07601301
20762,0.3794168
20763,0.0433173
20764,0.8384077
20765,0.16212916
20766,0.09669226
20767,0.6153284
20768,0.044473127
20769,0.047598667
20770,0.042180426
20771,0.07956946
20772,0.047598667
20773,0.042180426
20774,0.094227195
20775,0.048460107
20776,0.0859718
20777,0.042180426
20778,0.09748927
20779,0.634103
20780,0.9013523
20781,0.047598667
20782,0.089894965
20783,0.68205464
20784,0.065952994
20785,0.0433173
20786,0.9216825
20787,0.0666901
20788,0.632674
20789,0.60444903
20790,0.1013702
20791,0.7978099
20792,0.048460107
20793,0.048281506
20794,0.042180426
20795,0.097234555
20796,0.61358845
20797,0.38573164
20798,0.042180426
20799,0.17240697
20800,0.6360753
20801,0.4355547
20802,0.1138343
20803,0.77965474
20804,0.10646986
20805,0.12342538
20806,0.6914642
20807,0.048460107
20808,0.071038716
20809,0.15846723
20810,0.14060093
20811,0.099925175
20812,0.2432298
20813,0.04739649
20814,0.11530837
20815,0.6584637
20816,0.1017174
20817,0.042180426
20818,0.042180426
20819,0.048460107
20820,0.41295856
20821,0.5708924
20822,0.17441607
20823,0.042180426
20824,0.04909715
20825,0.29264545
20826,0.04719492
20827,0.20407543
20828,0.56155646
20829,0.2070981
20830,0.59885347
20831,0.21960162
20832,0.048460107
20833,0.8722081
20834,0.47202635
20835,0.042180426
20836,0.802605
20837,0.064007886
20838,0.04739649
20839,0.07585176
20840,0.042180426
20841,0.103779115
20842,0.16978344
20843,0.06861816
20844,0.047598667
20845,0.6344187
20846,0.042180426
20847,0.08635768
20848,0.04739649
20849,0.04739649
20850,0.0766115
20851,0.07850567
20852,0.93085235
20853,0.10107783
20854,0.042180426
20855,0.37914675
20856,0.24879721
20857,0.7829889
20858,0.8825315
20859,0.069930024
20860,0.11032251
20861,0.048460107
20862,0.2295941
20863,0.27751863
20864,0.048118424
20865,0.15847549
20866,0.04739649
20867,0.06002224
20868,0.8507872
20869,0.042180426
20870,0.042180426
20871,0.04739649
20872,0.048460107
20873,0.060405824
20874,0.8325766
20875,0.46511817
20876,0.28230155
20877,0.20634645
20878,0.17122081
20879,0.042180426
20880,0.048460107
20881,0.109410316
20882,0.37386256
20883,0.062223226
20884,0.064710476
20885,0.09410119
20886,0.1796111
20887,0.042180426
20888,0.12711014
20889,0.0785613
20890,0.19613671
20891,0.09996361
20892,0.18987156
20893,0.42295754
20894,0.117516056
20895,0.1736645
20896,0.84179026
20897,0.043717045
20898,0.2071792
20899,0.09241844
20900,0.07690215
20901,0.042485546
20902,0.15439032
20903,0.74807215
20904,0.04739649
20905,0.04739649
20906,0.07289286
20907,0.0648264
20908,0.042180426
20909,0.042180426
20910,0.17164564
20911,0.6681061
20912,0.042180426
20913,0.770125
20914,0.16428229
20915,0.07030539
20916,0.042180426
20917,0.11502455
20918,0.08151888
20919,0.042180426
20920,0.08631283
20921,0.042180426
20922,0.85772324
20923,0.046131678
20924,0.8427301
20925,0.26255083
20926,0.9396418
20927,0.073574975
20928,0.21640739
20929,0.4698601
20930,0.04719492
20931,0.048460107
20932,0.05028894
20933,0.042180426
20934,0.11259427
20935,0.07814351
20936,0.88584507
20937,0.0433173
20938,0.05218033
20939,0.04739649
20940,0.18251394
20941,0.064710476
20942,0.5608954
20943,0.3735826
20944,0.72948945
20945,0.068017974
20946,0.8824908
20947,0.048460107
20948,0.07911733
20949,0.19703701
20950,0.06453157
20951,0.1013702
20952,0.661177
20953,0.091850646
20954,0.08169648
20955,0.110697396
20956,0.04739649
20957,0.113253124
20958,0.074594975
20959,0.8477372
20960,0.143376
20961,0.0648264
20962,0.086067945
20963,0.04719492
20964,0.114557356
20965,0.042180426
20966,0.24577591
20967,0.124418855
20968,0.13595395
20969,0.0433173
20970,0.04739649
20971,0.048460107
20972,0.04739649
20973,0.048460107
20974,0.0433173
20975,0.23158164
20976,0.04739649
20977,0.1843462
20978,0.18987156
20979,0.09099298
20980,0.35475144
20981,0.11782436
20982,0.042180426
20983,0.064710476
20984,0.048460107
20985,0.04739649
20986,0.070729025
20987,0.86902004
20988,0.7983975
20989,0.1898041
20990,0.60097766
20991,0.9142624
20992,0.26870832
20993,0.042180426
20994,0.0648264
20995,0.071584165
20996,0.08422059
20997,0.1323877
20998,0.21195416
20999,0.042180426
21000,0.91661566
21001,0.042180426
21002,0.8704962
21003,0.042180426
21004,0.4924749
21005,0.0432735
21006,0.86768496
21007,0.042180426
21008,0.066569604
21009,0.08465417
21010,0.8867776
21011,0.04719492
21012,0.066477455
21013,0.043717045
21014,0.19333552
21015,0.3779986
21016,0.2858852
21017,0.042180426
21018,0.042180426
21019,0.047499243
21020,0.11149558
21021,0.08092225
21022,0.81123835
21023,0.0594522
21024,0.76351213
21025,0.27398992
21026,0.15099876
21027,0.9217793
21028,0.7492873
21029,0.04739649
21030,0.23885253
21031,0.7532474
21032,0.0666901
21033,0.75188595
21034,0.6291247
21035,0.04739649
21036,0.8988007
21037,0.61287093
21038,0.048460107
21039,0.8333966
21040,0.048460107
21041,0.15428846
21042,0.13747893
21043,0.04719492
21044,0.7933775
21045,0.048460107
21046,0.25298426
21047,0.8918067
21048,0.050214726
21049,0.92760175
21050,0.042180426
21051,0.3869364
21052,0.048460107
21053,0.075124204
21054,0.6380761
21055,0.047598667
21056,0.07798556
21057,0.9352053
21058,0.04739649
21059,0.75223815
21060,0.8478601
21061,0.122472756
21062,0.04739649
21063,0.078261115
21064,0.75038654
21065,0.25186864
21066,0.043717045
21067,0.044924412
21068,0.12666751
21069,0.13071302
21070,0.04739649
21071,0.58124864
21072,0.042180426
21073,0.21019419
21074,0.048460107
21075,0.047598667
21076,0.04739649
21077,0.13693316
21078,0.65305805
21079,0.8736755
21080,0.047598667
21081,0.8886031
21082,0.047598667
21083,0.06722934
21084,0.47178006
21085,0.04739649
21086,0.13637081
21087,0.1178337
21088,0.2331864
21089,0.1614684
21090,0.27218068
21091,0.042180426
21092,0.646728
21093,0.042180426
21094,0.054372065
21095,0.0678852
21096,0.06002224
21097,0.08676317
21098,0.06520444
21099,0.13331683
21100,0.07814351
21101,0.042180426
21102,0.042180426
21103,0.1871216
21104,0.16166301
21105,0.042180426
21106,0.75388277
21107,0.0666901
21108,0.1356986
21109,0.8998375
21110,0.71205896
21111,0.94177526
21112,0.042180426
21113,0.047598667
21114,0.8172133
21115,0.26831985
21116,0.9060529
21117,0.14518556
21118,0.042180426
21119,0.9276034
21120,0.0433173
21121,0.43907672
21122,0.07387154
21123,0.051674437
21124,0.047598667
21125,0.1381276
21126,0.042180426
21127,0.04739649
21128,0.042180426
21129,0.06531503
21130,0.8891404
21131,0.6203473
21132,0.114217944
21133,0.06784304
21134,0.04719492
21135,0.82377654
21136,0.08218248
21137,0.042180426
21138,0.04739649
21139,0.049510896
21140,0.58984435
21141,0.042180426
21142,0.04739649
21143,0.10104392
21144,0.042180426
21145,0.048460107
21146,0.052065555
21147,0.383897
21148,0.25706175
21149,0.04719492
21150,0.06525381
21151,0.71665376
21152,0.05028894
21153,0.5396206
21154,0.064710476
21155,0.048460107
21156,0.60252535
21157,0.071253546
21158,0.14994806
21159,0.048460107
21160,0.042180426
21161,0.0433173
21162,0.048460107
21163,0.6446155
21164,0.042180426
21165,0.12170311
21166,0.8865503
21167,0.0818196
21168,0.048095908
21169,0.56922585
21170,0.28781652
21171,0.12586413
21172,0.16048315
21173,0.042180426
21174,0.8614225
21175,0.28116047
21176,0.042180426
21177,0.7307993
21178,0.49014488
21179,0.0433173
21180,0.76953745
21181,0.07692738
21182,0.0433173
21183,0.094864406
21184,0.70888287
21185,0.1178852
21186,0.048460107
21187,0.042180426
21188,0.04909715
21189,0.0433173
21190,0.04739649
21191,0.8304985
21192,0.36293995
21193,0.17164439
21194,0.83726114
21195,0.06346038
21196,0.10633409
21197,0.042180426
21198,0.042180426
21199,0.434523
21200,0.048460107
21201,0.07142136
21202,0.04739649
21203,0.23221883
21204,0.042180426
21205,0.042180426
21206,0.8900549
21207,0.042180426
21208,0.08092225
21209,0.82751346
21210,0.1836511
21211,0.8805644
21212,0.048460107
21213,0.8016051
21214,0.103779115
21215,0.08100587
21216,0.38998187
21217,0.108960114
21218,0.042180426
21219,0.042180426
21220,0.35462785
21221,0.048460107
21222,0.047734
21223,0.06739168
21224,0.5878236
21225,0.04739649
21226,0.39135864
21227,0.042180426
21228,0.92376626
21229,0.84500945
21230,0.20970018
21231,0.82765275
21232,0.102872126
21233,0.3123615
21234,0.10779466
21235,0.5308006
21236,0.73328793
21237,0.04739649
21238,0.04739649
21239,0.048460107
21240,0.048095908
21241,0.28866193
21242,0.92107767
21243,0.1873402
21244,0.0666901
21245,0.9276273
21246,0.042180426
21247,0.04739649
21248,0.083122596
21249,0.9109495
21250,0.0433173
21251,0.042180426
21252,0.113282144
21253,0.048460107
21254,0.048460107
21255,0.16534023
21256,0.11430106
21257,0.84234685
21258,0.19333552
21259,0.08250877
21260,0.103779115
21261,0.04739649
21262,0.0648264
21263,0.099150114
21264,0.0433173
21265,0.04739649
21266,0.042180426
21267,0.082913764
21268,0.9207547
21269,0.248166
21270,0.10650297
21271,0.35724834
21272,0.22537498
21273,0.045918744
21274,0.04739649
21275,0.09470987
21276,0.042180426
21277,0.04719492
21278,0.7006163
21279,0.1680126
21280,0.14664
21281,0.048095908
21282,0.12586413
21283,0.14949141
21284,0.9032934
21285,0.058557805
21286,0.30025342
21287,0.042180426
21288,0.042180426
21289,0.04739649
21290,0.589882
21291,0.042180426
21292,0.6727179
21293,0.04739649
21294,0.094618045
21295,0.7194859
21296,0.042180426
21297,0.8881426
21298,0.23452121
21299,0.6663165
21300,0.04719492
21301,0.8988007
21302,0.899836
21303,0.042180426
21304,0.042180426
21305,0.065445065
21306,0.05028894
21307,0.042180426
21308,0.11287136
21309,0.104213014
21310,0.042180426
21311,0.08793646
21312,0.5552214
21313,0.042180426
21314,0.22005473
21315,0.14738609
21316,0.24021792
21317,0.3529454
21318,0.8379784
21319,0.042180426
21320,0.064710476
21321,0.05028894
21322,0.04739649
21323,0.91831726
21324,0.04739649
21325,0.04739649
21326,0.7000398
21327,0.042180426
21328,0.047977842
21329,0.090654224
21330,0.042180426
21331,0.04739649
21332,0.16361393
21333,0.042180426
21334,0.7768468
21335,0.24638902
21336,0.047734
21337,0.35270095
21338,0.8329599
21339,0.19237491
21340,0.042180426
21341,0.042180426
21342,0.18966222
21343,0.04719492
21344,0.04739649
21345,0.07651045
21346,0.042180426
21347,0.07116086
21348,0.91256106
21349,0.042180426
21350,0.13109626
21351,0.8533243
21352,0.042180426
21353,0.7782843
21354,0.042180426
21355,0.047598667
21356,0.04739649
21357,0.04739649
21358,0.30821988
21359,0.7332399
21360,0.45015568
21361,0.9338539
21362,0.047598667
21363,0.0741938
21364,0.0433173
21365,0.06009644
21366,0.048460107
21367,0.530452
21368,0.90696967
21369,0.042180426
21370,0.8779529
21371,0.91321015
21372,0.042180426
21373,0.042180426
21374,0.07617276
21375,0.042180426
21376,0.45816985
21377,0.13267265
21378,0.8469905
21379,0.09932941
21380,0.69575334
21381,0.04739649
21382,0.07031981
21383,0.042180426
21384,0.042180426
21385,0.15152982
21386,0.8971752
21387,0.39871728
21388,0.31696466
21389,0.04719492
21390,0.05028894
21391,0.048460107
21392,0.05218033
21393,0.048460107
21394,0.119389825
21395,0.6829701
21396,0.24234608
21397,0.9125991
21398,0.048095908
21399,0.1452473
21400,0.67227095
21401,0.042180426
21402,0.06525381
21403,0.123747215
21404,0.05386707
21405,0.042180426
21406,0.042180426
21407,0.048460107
21408,0.064710476
21409,0.06904611
21410,0.21043557
21411,0.3805881
21412,0.066458315
21413,0.042180426
21414,0.04739649
21415,0.048460107
21416,0.071956344
21417,0.12238962
21418,0.04739649
21419,0.047598667
21420,0.042180426
21421,0.23798987
21422,0.080504395
21423,0.042180426
21424,0.25737882
21425,0.32765278
21426,0.1899339
21427,0.07013309
21428,0.10152995
21429,0.3863064
21430,0.04739649
21431,0.112306505
21432,0.24380629
21433,0.048460107
21434,0.0433173
21435,0.043717045
21436,0.14436391
21437,0.1430359
21438,0.042180426
21439,0.26991063
21440,0.042180426
21441,0.0732612
21442,0.04739649
21443,0.06731956
21444,0.042180426
21445,0.41350788
21446,0.042180426
21447,0.048460107
21448,0.080682576
21449,0.07673285
21450,0.21168223
21451,0.6403594
21452,0.7351702
21453,0.08643609
21454,0.047598667
21455,0.5423106
21456,0.06751096
21457,0.042180426
21458,0.28117
21459,0.21097884
21460,0.042240575
21461,0.04719492
21462,0.8355773
21463,0.042180426
21464,0.09897828
21465,0.2029822
21466,0.085255474
21467,0.6214685
21468,0.04739649
21469,0.06525381
21470,0.3920054
21471,0.066458315
21472,0.7760824
21473,0.047101863
21474,0.37486696
21475,0.04739649
21476,0.042180426
21477,0.04739649
21478,0.042240575
21479,0.8409922
21480,0.055600867
21481,0.0433173
21482,0.065952994
21483,0.66245717
21484,0.049510896
21485,0.07164031
21486,0.064710476
21487,0.25877523
21488,0.4653268
21489,0.0648264
21490,0.042180426
21491,0.0433173
21492,0.0666901
21493,0.20903075
21494,0.11349215
21495,0.16170602
21496,0.048460107
21497,0.04739649
21498,0.050214726
21499,0.3656497
21500,0.30832374
21501,0.04874511
21502,0.1031475
21503,0.2810783
21504,0.33784103
21505,0.4364989
21506,0.051182013
21507,0.042180426
21508,0.5808
21509,0.042180426
21510,0.77782625
21511,0.5569794
21512,0.04739649
21513,0.09754463
21514,0.06723534
21515,0.051674437
21516,0.7450311
21517,0.0741938
21518,0.042180426
21519,0.04739649
21520,0.05028894
21521,0.047598667
21522,0.042180426
21523,0.12678234
21524,0.042180426
21525,0.14367628
21526,0.7658642
21527,0.042180426
21528,0.042180426
21529,0.05028894
21530,0.25157663
21531,0.24445659
21532,0.47233865
21533,0.048460107
21534,0.14522105
21535,0.5189203
21536,0.87055546
21537,0.25272828
21538,0.042180426
21539,0.6183389
21540,0.047598667
21541,0.08957681
21542,0.11000008
21543,0.31627488
21544,0.10722766
21545,0.90043324
21546,0.27766913
21547,0.042180426
21548,0.047598667
21549,0.12542617
21550,0.8123443
21551,0.14239909
21552,0.06525381
21553,0.04739649
21554,0.04321195
21555,0.19613671
21556,0.1481419
21557,0.042180426
21558,0.18987156
21559,0.74579036
21560,0.0433173
21561,0.047598667
21562,0.054242864
21563,0.048460107
21564,0.044924412
21565,0.042180426
21566,0.22724305
21567,0.04909715
21568,0.16896494
21569,0.04739649
21570,0.70850474
21571,0.061394684
21572,0.7239996
21573,0.106780425
21574,0.042180426
21575,0.86095977
21576,0.584895
21577,0.2890366
21578,0.113576256
21579,0.098552026
21580,0.042180426
21581,0.2757185
21582,0.14006709
21583,0.31468982
21584,0.048460107
21585,0.4148355
21586,0.8461212
21587,0.0433173
21588,0.5833939
21589,0.109839424
21590,0.117730886
21591,0.19254564
21592,0.09850631
21593,0.88105273
21594,0.042180426
21595,0.049909152
21596,0.13901606
21597,0.21654384
21598,0.71688205
21599,0.042180426
21600,0.68604106
21601,0.14225863
21602,0.21551645
21603,0.79519427
21604,0.047598667
21605,0.115725435
21606,0.042180426
21607,0.064710476
21608,0.070729025
21609,0.43388402
21610,0.051674437
21611,0.105697356
21612,0.064710476
21613,0.05082391
21614,0.2851263
21615,0.048460107
21616,0.14826569
21617,0.7351702
21618,0.04719492
21619,0.64917386
21620,0.048460107
21621,0.04739649
21622,0.6914441
21623,0.08121286
21624,0.21427834
21625,0.17447849
21626,0.15471801
21627,0.3346151
21628,0.10507267
21629,0.11453946
21630,0.04321195
21631,0.04739649
21632,0.63644904
21633,0.0669442
21634,0.3263219
21635,0.042180426
21636,0.15242015
21637,0.19909948
21638,0.0433173
21639,0.81398886
21640,0.87218815
21641,0.25007612
21642,0.056362435
21643,0.22204965
21644,0.07730364
21645,0.042180426
21646,0.19703701
21647,0.04739649
21648,0.87699884
21649,0.23022017
21650,0.13595395
21651,0.267079
21652,0.04909715
21653,0.2378871
21654,0.04739649
21655,0.06607099
21656,0.11107874
21657,0.063509665
21658,0.050064
21659,0.047515545
21660,0.17106986
21661,0.08732939
21662,0.344988
21663,0.070729025
21664,0.37732244
21665,0.042180426
21666,0.21731983
21667,0.04739649
21668,0.0433173
21669,0.049510896
21670,0.6495996
21671,0.04739649
21672,0.16679843
21673,0.42516717
21674,0.073045805
21675,0.8250021
21676,0.13454902
21677,0.042180426
21678,0.15047938
21679,0.042180426
21680,0.32983
21681,0.048460107
21682,0.042180426
21683,0.1226842
21684,0.62875855
21685,0.4783393
21686,0.04739649
21687,0.042180426
21688,0.048460107
21689,0.48574668
21690,0.52819395
21691,0.077833734
21692,0.35296273
21693,0.042180426
21694,0.46254745
21695,0.07015443
21696,0.048460107
21697,0.062223226
21698,0.0488048
21699,0.105012774
21700,0.7635472
21701,0.14581609
21702,0.14605574
21703,0.047598667
21704,0.14176661
21705,0.092716515
21706,0.3121428
21707,0.04739649
21708,0.042180426
21709,0.071253546
21710,0.048460107
21711,0.08920068
21712,0.07911083
21713,0.6259033
21714,0.20668133
21715,0.042180426
21716,0.9234794
21717,0.048460107
21718,0.32758448
21719,0.9126477
21720,0.17902353
21721,0.06676561
21722,0.078406036
21723,0.06904611
21724,0.5951021
21725,0.057469513
21726,0.45088887
21727,0.044473127
21728,0.048460107
21729,0.05627004
21730,0.042180426
21731,0.56937844
21732,0.0433173
21733,0.055600867
21734,0.23220412
21735,0.13308853
21736,0.50509375
21737,0.048460107
21738,0.08497795
21739,0.07646329
21740,0.8556816
21741,0.042180426
21742,0.042180426
21743,0.75108874
21744,0.5138635
21745,0.052065555
21746,0.07052381
21747,0.70184016
21748,0.04719492
21749,0.0433173
21750,0.04719492
21751,0.0433173
21752,0.32123527
21753,0.081084386
21754,0.90410256
21755,0.06002224
21756,0.21881463
21757,0.042180426
21758,0.82641566
21759,0.047598667
21760,0.15871981
21761,0.9200859
21762,0.050398733
21763,0.042180426
21764,0.9190971
21765,0.14178716
21766,0.81276125
21767,0.11478389
21768,0.9039085
21769,0.33774182
21770,0.11733436
21771,0.08444424
21772,0.042180426
21773,0.042180426
21774,0.042180426
21775,0.56484616
21776,0.07047631
21777,0.058605537
21778,0.08105089
21779,0.04739649
21780,0.707548
21781,0.042180426
21782,0.65324116
21783,0.047598667
21784,0.04719492
21785,0.05688366
21786,0.25706175
21787,0.0433173
21788,0.042180426
21789,0.12844849
21790,0.04739649
21791,0.043717045
21792,0.28643954
21793,0.53788835
21794,0.5888874
21795,0.0488048
21796,0.2367946
21797,0.8587095
21798,0.078932144
21799,0.8918468
21800,0.6336544
21801,0.09328114
21802,0.042180426
21803,0.10467987
21804,0.14257337
21805,0.84253037
21806,0.23858632
21807,0.04739649
21808,0.8804193
21809,0.48187542
21810,0.04739649
21811,0.82398117
21812,0.042180426
21813,0.04739649
21814,0.89142406
21815,0.6104584
21816,0.8983447
21817,0.3753147
21818,0.4489235
21819,0.042180426
21820,0.064710476
21821,0.18552592
21822,0.0579622
21823,0.047734
21824,0.042180426
21825,0.064710476
21826,0.042180426
21827,0.48383805
21828,0.90530914
21829,0.042180426
21830,0.060162056
21831,0.050214726
21832,0.05708563
21833,0.3805881
21834,0.82087314
21835,0.22038485
21836,0.6332882
21837,0.09396702
21838,0.042180426
21839,0.13894108
21840,0.042180426
21841,0.25091827
21842,0.58009654
21843,0.51442426
21844,0.5359469
21845,0.064710476
21846,0.042180426
21847,0.05585093
21848,0.04623315
21849,0.71674347
21850,0.042180426
21851,0.28168592
21852,0.91060054
21853,0.12536861
21854,0.0666901
21855,0.047598667
21856,0.0666901
21857,0.048460107
21858,0.050398733
21859,0.069037914
21860,0.33884943
21861,0.0433173
21862,0.042180426
21863,0.042180426
21864,0.042180426
21865,0.0433173
21866,0.7949227
21867,0.04912119
21868,0.0433173
21869,0.2114195
21870,0.042180426
21871,0.12452359
21872,0.042180426
21873,0.3979433
21874,0.057798572
21875,0.04321195
21876,0.58852863
21877,0.14498411
21878,0.71931064
21879,0.6551393
21880,0.042180426
21881,0.105169825
21882,0.06133006
21883,0.06214653
21884,0.9346736
21885,0.042180426
21886,0.04909715
21887,0.46393314
21888,0.5665615
21889,0.0433173
21890,0.8877462
21891,0.07413919
21892,0.50600886
21893,0.11189994
21894,0.92054194
21895,0.063173406
21896,0.0645419
21897,0.042180426
21898,0.635679
21899,0.8865775
21900,0.0433173
21901,0.042180426
21902,0.066569604
21903,0.054372065
21904,0.10447353
21905,0.0433173
21906,0.11639464
21907,0.0827134
21908,0.071253546
21909,0.83797634
21910,0.074594975
21911,0.048460107
21912,0.042180426
21913,0.048460107
21914,0.042180426
21915,0.047598667
21916,0.15850054
21917,0.0648264
21918,0.13982159
21919,0.09686904
21920,0.26807317
21921,0.1224902
21922,0.11944311
21923,0.1777422
21924,0.042180426
21925,0.48460448
21926,0.04739649
21927,0.07027939
21928,0.07632732
21929,0.17871423
21930,0.0433173
21931,0.079986155
21932,0.8328152
21933,0.04739649
21934,0.04965472
21935,0.064710476
21936,0.8821918
21937,0.04739649
21938,0.042180426
21939,0.05585093
21940,0.066569604
21941,0.048460107
21942,0.3593759
21943,0.04739649
21944,0.0433173
21945,0.0433173
21946,0.064710476
21947,0.042180426
21948,0.04739649
21949,0.042180426
21950,0.16342083
21951,0.042180426
21952,0.042180426
21953,0.6158212
21954,0.51311725
21955,0.6584637
21956,0.54584265
21957,0.072771244
21958,0.047734
21959,0.88161564
21960,0.0707017
21961,0.047598667
21962,0.042180426
21963,0.13069601
21964,0.07531098
21965,0.042180426
21966,0.15675658
21967,0.0641255
21968,0.6710664
21969,0.042180426
21970,0.92595315
21971,0.5782982
21972,0.2670315
21973,0.11404111
21974,0.45302957
21975,0.12196814
21976,0.042180426
21977,0.0666901
21978,0.11022734
21979,0.04719492
21980,0.048460107
21981,0.09304149
21982,0.6843274
21983,0.069002785
21984,0.22617416
21985,0.8378838
21986,0.88372666
21987,0.91490626
21988,0.042180426
21989,0.067110226
21990,0.12173487
21991,0.042180426
21992,0.042180426
21993,0.042180426
21994,0.066569604
21995,0.13413058
21996,0.09493006
21997,0.04739649
21998,0.42089292
21999,0.68469787
22000,0.042180426
22001,0.32242844
22002,0.6996192
22003,0.04739649
22004,0.064710476
22005,0.1630243
22006,0.90042406
22007,0.302032
22008,0.265329
22009,0.042180426
22010,0.26641932
22011,0.9113203
22012,0.062533796
22013,0.3344837
22014,0.04321195
22015,0.072586104
22016,0.0433173
22017,0.089464895
22018,0.10040182
22019,0.089033954
22020,0.36870223
22021,0.13395295
22022,0.7351702
22023,0.1350839
22024,0.0648264
22025,0.04739649
22026,0.5867491
22027,0.3034814
22028,0.17965943
22029,0.042180426
22030,0.0690437
22031,0.05028894
22032,0.16220634
22033,0.07819854
22034,0.51805395
22035,0.23158164
22036,0.29294613
22037,0.2594236
22038,0.4093552
22039,0.12822062
22040,0.050214726
22041,0.13065156
22042,0.042180426
22043,0.047598667
22044,0.076969236
22045,0.14557248
22046,0.048460107
22047,0.28591773
22048,0.1040679
22049,0.05738461
22050,0.042180426
22051,0.04739649
22052,0.04739649
22053,0.04739649
22054,0.16569397
22055,0.1437261
22056,0.4790376
22057,0.34768543
22058,0.04739649
22059,0.38387194
22060,0.04739649
22061,0.25610608
22062,0.14231755
22063,0.17739202
22064,0.0804035
22065,0.04739649
22066,0.24450693
22067,0.04983678
22068,0.05028894
22069,0.042180426
22070,0.11944941
22071,0.04719492
22072,0.11913175
22073,0.04739649
22074,0.6740276
22075,0.90711915
22076,0.04739649
22077,0.050398733
22078,0.080822766
22079,0.042180426
22080,0.15164499
22081,0.042180426
22082,0.83219916
22083,0.8241036
22084,0.042180426
22085,0.65851504
22086,0.04739649
22087,0.042180426
22088,0.042180426
22089,0.042180426
22090,0.042180426
22091,0.042180426
22092,0.042180426
22093,0.24025932
22094,0.09211635
22095,0.04739649
22096,0.042180426
22097,0.75136477
22098,0.52292866
22099,0.042180426
22100,0.064710476
22101,0.042180426
22102,0.054005038
22103,0.5931782
22104,0.0433173
22105,0.042180426
22106,0.06002224
22107,0.22536151
22108,0.5566167
22109,0.5136832
22110,0.04739649
22111,0.15232043
22112,0.124776766
22113,0.83639
22114,0.07018093
22115,0.4713771
22116,0.047598667
22117,0.35059094
22118,0.047598667
22119,0.04739649
22120,0.042180426
22121,0.24640752
22122,0.19716932
22123,0.8530043
22124,0.16086964
22125,0.086502664
22126,0.74579036
22127,0.78808504
22128,0.082804315
22129,0.110000275
22130,0.04739649
22131,0.16973838
22132,0.08361933
22133,0.048460107
22134,0.3718872
22135,0.33138737
22136,0.042180426
22137,0.91459954
22138,0.10943949
22139,0.5308813
22140,0.11287136
22141,0.047499243
22142,0.22848703
22143,0.07899062
22144,0.18411244
22145,0.8527188
22146,0.04739649
22147,0.088244796
22148,0.042180426
22149,0.042180426
22150,0.04739649
22151,0.37837568
22152,0.04321195
22153,0.04739649
22154,0.07498607
22155,0.048460107
22156,0.47507322
22157,0.04331807
22158,0.48006302
22159,0.7437619
22160,0.042180426
22161,0.042180426
22162,0.07018093
22163,0.0666901
22164,0.11509092
22165,0.042180426
22166,0.1378435
22167,0.2925383
22168,0.13580526
22169,0.12898055
22170,0.048460107
22171,0.4401749
22172,0.08240306
22173,0.042180426
22174,0.87049305
22175,0.042180426
22176,0.0433173
22177,0.65668595
22178,0.05226969
22179,0.04739649
22180,0.04623315
22181,0.042180426
22182,0.07000684
22183,0.73640287
22184,0.080155484
22185,0.06713841
22186,0.8427301
22187,0.7807527
22188,0.0648264
22189,0.44556123
22190,0.042180426
22191,0.50873303
22192,0.2816566
22193,0.42051306
22194,0.077081345
22195,0.042180426
22196,0.06816459
22197,0.5978469
22198,0.1534635
22199,0.048460107
22200,0.71306807
22201,0.21100657
22202,0.042180426
22203,0.06418796
22204,0.04739649
22205,0.12142298
22206,0.13335243
22207,0.7451888
22208,0.048460107
22209,0.46664384
22210,0.048460107
22211,0.635285
22212,0.04875882
22213,0.057719827
22214,0.06481078
22215,0.0433173
22216,0.49924216
22217,0.0433173
22218,0.09242342
22219,0.04739649
22220,0.8618578
22221,0.0433173
22222,0.048460107
22223,0.4570642
22224,0.0723177
22225,0.047977842
22226,0.042180426
22227,0.042180426
22228,0.81066763
22229,0.12028342
22230,0.57851005
22231,0.6076541
22232,0.18784374
22233,0.04321195
22234,0.08566109
22235,0.048460107
22236,0.101024754
22237,0.064710476
22238,0.7401234
22239,0.04453639
22240,0.042180426
22241,0.066569604
22242,0.047598667
22243,0.04739649
22244,0.042180426
22245,0.18012995
22246,0.20951624
22247,0.048460107
22248,0.070636496
22249,0.09287296
22250,0.04983678
22251,0.04719492
22252,0.89525795
22253,0.08982518
22254,0.048460107
22255,0.04321195
22256,0.11669543
22257,0.14039053
22258,0.109482035
22259,0.04739649
22260,0.048460107
22261,0.042180426
22262,0.4448027
22263,0.92750585
22264,0.042180426
22265,0.042180426
22266,0.042180426
22267,0.048460107
22268,0.20990202
22269,0.042180426
22270,0.0433173
22271,0.04739649
22272,0.079440355
22273,0.27581236
22274,0.04739649
22275,0.41689873
22276,0.4084156
22277,0.83834136
22278,0.24237359
22279,0.042240575
22280,0.884759
22281,0.4234155
22282,0.5003352
22283,0.77171355
22284,0.15927923
22285,0.042180426
22286,0.049510896
22287,0.108536586
22288,0.2594236
22289,0.042180426
22290,0.042180426
22291,0.05185317
22292,0.07047631
22293,0.90431035
22294,0.06978528
22295,0.09351067
22296,0.7817308
22297,0.915857
22298,0.90765023
22299,0.0666901
22300,0.08970796
22301,0.047499243
22302,0.0898423
22303,0.79001635
22304,0.061394684
22305,0.10838881
22306,0.0857473
22307,0.042180426
22308,0.7400816
22309,0.14075415
22310,0.88401216
22311,0.060557816
22312,0.74040747
22313,0.042180426
22314,0.042180426
22315,0.0666901
22316,0.052065555
22317,0.18643829
22318,0.924933
22319,0.3207401
22320,0.5819207
22321,0.044473127
22322,0.07686816
22323,0.042180426
22324,0.107560225
22325,0.080797635
22326,0.60572314
22327,0.30425876
22328,0.04739649
22329,0.19478664
22330,0.72764516
22331,0.18376413
22332,0.1075282
22333,0.09638136
22334,0.13850388
22335,0.14028668
22336,0.16852944
22337,0.04739649
22338,0.1229422
22339,0.100167125
22340,0.08643609
22341,0.04739649
22342,0.06318685
22343,0.042180426
22344,0.08023923
22345,0.048460107
22346,0.27239022
22347,0.8362651
22348,0.86612254
22349,0.9109037
22350,0.07402693
22351,0.052065555
22352,0.11022734
22353,0.042180426
22354,0.09685205
22355,0.24835078
22356,0.39907563
22357,0.0432735
22358,0.06752165
22359,0.048460107
22360,0.51865894
22361,0.06418796
22362,0.04719492
22363,0.46499756
22364,0.042180426
22365,0.089193515
22366,0.14021273
22367,0.0517583
22368,0.09780929
22369,0.05028894
22370,0.048460107
22371,0.9253523
22372,0.85706913
22373,0.21867529
22374,0.87914795
22375,0.14956956
22376,0.7609341
22377,0.04909715
22378,0.14762355
22379,0.8521158
22380,0.04739649
22381,0.79630643
22382,0.07979924
22383,0.9348004
22384,0.09047204
22385,0.6521842
22386,0.11179007
22387,0.9398256
22388,0.0666901
22389,0.16356939
22390,0.04739649
22391,0.06214653
22392,0.07018093
22393,0.24662054
22394,0.93686485
22395,0.08847134
22396,0.10634669
22397,0.7350351
22398,0.047499243
22399,0.87563366
22400,0.34869155
22401,0.25012815
22402,0.0999068
22403,0.23116964
22404,0.047910023
22405,0.23277672
22406,0.0648264
22407,0.04739649
22408,0.042180426
22409,0.09518365
22410,0.32204518
22411,0.7634081
22412,0.73341495
22413,0.04739649
22414,0.071680054
22415,0.14078243
22416,0.042180426
22417,0.120075405
22418,0.42587608
22419,0.11175241
22420,0.7355924
22421,0.9182241
22422,0.2814991
22423,0.0433173
22424,0.04739649
22425,0.87162185
22426,0.17739202
22427,0.04739649
22428,0.39138794
22429,0.120550975
22430,0.94396126
22431,0.054372065
22432,0.5130297
22433,0.11359021
22434,0.06517008
22435,0.15696941
22436,0.37034017
22437,0.042180426
22438,0.13644291
22439,0.042180426
22440,0.04739649
22441,0.0433173
22442,0.10724831
22443,0.047734
22444,0.04739649
22445,0.042180426
22446,0.12658298
22447,0.04909715
22448,0.84638894
22449,0.042240575
22450,0.20952989
22451,0.10666946
22452,0.441296
22453,0.042180426
22454,0.092297785
22455,0.042180426
22456,0.9304921
22457,0.39626208
22458,0.04739649
22459,0.08740615
22460,0.042180426
22461,0.042180426
22462,0.14141245
22463,0.042230103
22464,0.5916379
22465,0.58684725
22466,0.51493144
22467,0.042180426
22468,0.048460107
22469,0.04719492
22470,0.37832773
22471,0.47377923
22472,0.87900275
22473,0.04739649
22474,0.058023617
22475,0.06579969
22476,0.042180426
22477,0.042180426
22478,0.2913459
22479,0.047598667
22480,0.10472422
22481,0.14649794
22482,0.11748693
22483,0.04739649
22484,0.30817768
22485,0.048460107
22486,0.7788375
22487,0.8906939
22488,0.9323833
22489,0.94374895
22490,0.08065843
22491,0.042180426
22492,0.1350839
22493,0.103728496
22494,0.07739687
22495,0.6902858
22496,0.047598667
22497,0.042180426
22498,0.16852783
22499,0.04739649
22500,0.042485546
22501,0.042180426
22502,0.073833
22503,0.044473127
22504,0.1438418
22505,0.042180426
22506,0.91433823
22507,0.4351725
22508,0.042180426
22509,0.9139774
22510,0.054242864
22511,0.7290417
22512,0.089292
22513,0.042180426
22514,0.10860669
22515,0.6584637
22516,0.04739649
22517,0.54998636
22518,0.08509025
22519,0.042180426
22520,0.9224914
22521,0.54821646
22522,0.067678116
22523,0.31696466
22524,0.0758977
22525,0.16643131
22526,0.051266607
22527,0.9356239
22528,0.057798572
22529,0.90300095
22530,0.17821315
22531,0.13899982
22532,0.13544627
22533,0.09870898
22534,0.14081648
22535,0.5406309
22536,0.56822425
22537,0.042180426
22538,0.058023617
22539,0.20020105
22540,0.042180426
22541,0.058635175
22542,0.048460107
22543,0.058351617
22544,0.14931437
22545,0.042180426
22546,0.8548736
22547,0.042180426
22548,0.70050925
22549,0.064710476
22550,0.3091066
22551,0.7653376
22552,0.14653209
22553,0.042180426
22554,0.8326413
22555,0.5877478
22556,0.04739649
22557,0.07433571
22558,0.23477568
22559,0.19140147
22560,0.29656386
22561,0.07095517
22562,0.042180426
22563,0.12778573
22564,0.84998375
22565,0.6966475
22566,0.41258073
22567,0.042180426
22568,0.10373291
22569,0.060950015
22570,0.042180426
22571,0.11137934
22572,0.05028894
22573,0.14039053
22574,0.042180426
22575,0.23832467
22576,0.7977435
22577,0.21518072
22578,0.4524528
22579,0.042180426
22580,0.49685147
22581,0.042180426
22582,0.3700912
22583,0.46211687
22584,0.9270436
22585,0.04739649
22586,0.04739649
22587,0.042180426
22588,0.07362885
22589,0.09894544
22590,0.88807976
22591,0.060941767
22592,0.042180426
22593,0.04739649
22594,0.15114807
22595,0.37697807
22596,0.08568473
22597,0.20536715
22598,0.38742265
22599,0.08849102
22600,0.042180426
22601,0.10306088
22602,0.042180426
22603,0.93440825
22604,0.042180426
22605,0.065952994
22606,0.110371225
22607,0.13332462
22608,0.8867994
22609,0.064710476
22610,0.05218033
22611,0.04739649
22612,0.86355144
22613,0.07402106
22614,0.8925112
22615,0.04739649
22616,0.15717825
22617,0.047598667
22618,0.048460107
22619,0.9104609
22620,0.8949818
22621,0.04739649
22622,0.042230103
22623,0.04983678
22624,0.23158164
22625,0.0433173
22626,0.14559376
22627,0.9293943
22628,0.10439346
22629,0.078932144
22630,0.9160194
22631,0.048460107
22632,0.91394377
22633,0.33652458
22634,0.5195024
22635,0.11803368
22636,0.27336666
22637,0.88984215
22638,0.10661279
22639,0.18066794
22640,0.40646157
22641,0.2207613
22642,0.042180426
22643,0.044375338
22644,0.042180426
22645,0.0674552
22646,0.042180426
22647,0.1432591
22648,0.058351617
22649,0.8706733
22650,0.042180426
22651,0.04739649
22652,0.062694386
22653,0.20726377
22654,0.74408656
22655,0.056362435
22656,0.4364989
22657,0.042180426
22658,0.04909715
22659,0.55004877
22660,0.04739649
22661,0.0594522
22662,0.69622827
22663,0.1825201
22664,0.042180426
22665,0.06048626
22666,0.042180426
22667,0.06840027
22668,0.17720114
22669,0.04739649
22670,0.044924412
22671,0.04739649
22672,0.115555294
22673,0.04739649
22674,0.04719492
22675,0.2313767
22676,0.042180426
22677,0.78206867
22678,0.042180426
22679,0.06572322
22680,0.16950367
22681,0.0433173
22682,0.047675554
22683,0.05418243
22684,0.042180426
22685,0.41672006
22686,0.54958165
22687,0.10683793
22688,0.04719492
22689,0.12685227
22690,0.05218033
22691,0.09540365
22692,0.89447933
22693,0.2367946
22694,0.87109786
22695,0.4002601
22696,0.4857678
22697,0.16532446
22698,0.04739649
22699,0.04739649
22700,0.042180426
22701,0.5587614
22702,0.042180426
22703,0.08415703
22704,0.048460107
22705,0.04739649
22706,0.17739134
22707,0.07022158
22708,0.04739649
22709,0.04719492
22710,0.7003338
22711,0.25199208
22712,0.042180426
22713,0.76365393
22714,0.11440987
22715,0.24388963
22716,0.042180426
22717,0.13002385
22718,0.0666901
22719,0.2532408
22720,0.048460107
22721,0.07018194
22722,0.13697052
22723,0.05585093
22724,0.42116776
22725,0.058351617
22726,0.1403956
22727,0.048460107
22728,0.11588619
22729,0.042180426
22730,0.0433173
22731,0.16991359
22732,0.14962661
22733,0.44068035
22734,0.048460107
22735,0.042180426
22736,0.28272787
22737,0.06614964
22738,0.044924412
22739,0.042180426
22740,0.042180426
22741,0.048460107
22742,0.042180426
22743,0.042180426
22744,0.04321195
22745,0.07212127
22746,0.050214726
22747,0.048460107
22748,0.4788649
22749,0.7345747
22750,0.04739649
22751,0.042180426
22752,0.048460107
22753,0.45324183
22754,0.13237235
22755,0.17325294
22756,0.042180426
22757,0.04719492
22758,0.77799207
22759,0.066569604
22760,0.044924412
22761,0.073405154
22762,0.04740214
22763,0.7173365
22764,0.04739649
22765,0.9032078
22766,0.11994173
22767,0.09983271
22768,0.052065555
22769,0.042180426
22770,0.23950365
22771,0.14777482
22772,0.060941767
22773,0.7202484
22774,0.5242499
22775,0.04909715
22776,0.5207983
22777,0.042180426
22778,0.13251005
22779,0.04739649
22780,0.14931437
22781,0.3805487
22782,0.0433173
22783,0.04739649
22784,0.0648264
22785,0.042180426
22786,0.11646319
22787,0.71616215
22788,0.042180426
22789,0.46960863
22790,0.286407
22791,0.042180426
22792,0.090731025
22793,0.04739649
22794,0.045918744
22795,0.27254692
22796,0.6733051
22797,0.06002224
22798,0.04623315
22799,0.113548614
22800,0.086063616
22801,0.042180426
22802,0.07487618
22803,0.047598667
22804,0.10564593
22805,0.048460107
22806,0.04719492
22807,0.04909715
22808,0.1362384
22809,0.11403383
22810,0.16373128
22811,0.048460107
22812,0.042180426
22813,0.042180426
22814,0.8864307
22815,0.7418615
22816,0.08444931
22817,0.0648264
22818,0.12406828
22819,0.15913497
22820,0.2798929
22821,0.04739649
22822,0.5296235
22823,0.043717045
22824,0.109258056
22825,0.042180426
22826,0.15273108
22827,0.08898972
22828,0.07629508
22829,0.0666901
22830,0.042180426
22831,0.064710476
22832,0.06294621
22833,0.20480248
22834,0.7185221
22835,0.92433476
22836,0.1019206
22837,0.10467441
22838,0.38328943
22839,0.79336506
22840,0.7406229
22841,0.042180426
22842,0.04739649
22843,0.04739649
22844,0.09283696
22845,0.8016137
22846,0.8775824
22847,0.042180426
22848,0.81747293
22849,0.04739649
22850,0.066569604
22851,0.17453404
22852,0.042180426
22853,0.7438532
22854,0.108557515
22855,0.123609334
22856,0.06382609
22857,0.76248026
22858,0.8168361
22859,0.047598667
22860,0.048460107
22861,0.04719492
22862,0.9339041
22863,0.042180426
22864,0.20165978
22865,0.22958806
22866,0.15263554
22867,0.042180426
22868,0.092513986
22869,0.8593521
22870,0.042180426
22871,0.12345257
22872,0.064710476
22873,0.048460107
22874,0.1120192
22875,0.7088621
22876,0.4253401
22877,0.9296072
22878,0.04719492
22879,0.12961689
22880,0.8971752
22881,0.12241659
22882,0.22896445
22883,0.122737564
22884,0.12531376
22885,0.6332882
22886,0.19212843
22887,0.33586368
22888,0.10789312
22889,0.042180426
22890,0.15307227
22891,0.04739649
22892,0.22957218
22893,0.61388963
22894,0.2672134
22895,0.04983678
22896,0.56501615
22897,0.06628978
22898,0.45662606
22899,0.9309305
22900,0.047675554
22901,0.12657805
22902,0.042180426
22903,0.85928077
22904,0.102187075
22905,0.15169358
22906,0.17398895
22907,0.1147115
22908,0.04739649
22909,0.071975715
22910,0.30762967
22911,0.13777491
22912,0.15167516
22913,0.0433173
22914,0.05028894
22915,0.10524855
22916,0.0666901
22917,0.042180426
22918,0.04739649
22919,0.8715012
22920,0.042180426
22921,0.8772847
22922,0.5179776
22923,0.0690527
22924,0.042180426
22925,0.04739649
22926,0.04739649
22927,0.048460107
22928,0.048118424
22929,0.0707017
22930,0.0872904
22931,0.06002224
22932,0.0666901
22933,0.89639235
22934,0.042180426
22935,0.04739649
22936,0.69454485
22937,0.07164031
22938,0.075911246
22939,0.2756579
22940,0.042230103
22941,0.9189554
22942,0.042180426
22943,0.042180426
22944,0.04739649
22945,0.06955219
22946,0.042180426
22947,0.13422094
22948,0.048460107
22949,0.25140205
22950,0.0666901
22951,0.04719492
22952,0.070729025
22953,0.9107116
22954,0.042180426
22955,0.048460107
22956,0.16982983
22957,0.0433173
22958,0.17591985
22959,0.0433173
22960,0.41910672
22961,0.042180426
22962,0.39420316
22963,0.15541138
22964,0.04739649
22965,0.05028894
22966,0.13514453
22967,0.04331807
22968,0.9203624
22969,0.0433173
22970,0.54812723
22971,0.04719492
22972,0.048460107
22973,0.0648264
22974,0.21427834
22975,0.55238855
22976,0.042180426
22977,0.042180426
22978,0.04739649
22979,0.33007434
22980,0.29609632
22981,0.04739649
22982,0.21621844
22983,0.105766736
22984,0.10945369
22985,0.042180426
22986,0.04739649
22987,0.042180426
22988,0.17309283
22989,0.55638754
22990,0.042180426
22991,0.08331953
22992,0.081952766
22993,0.04719492
22994,0.04739649
22995,0.04739649
22996,0.044473127
22997,0.042180426
22998,0.048460107
22999,0.04846588
23000,0.04719492
23001,0.451349
23002,0.60386854
23003,0.13369915
23004,0.28623495
23005,0.04739649
23006,0.044924412
23007,0.14365827
23008,0.13336462
23009,0.92776805
23010,0.04739649
23011,0.04739649
23012,0.23840137
23013,0.9137473
23014,0.042180426
23015,0.6606682
23016,0.19422679
23017,0.81042385
23018,0.17286685
23019,0.042180426
23020,0.042180426
23021,0.9214761
23022,0.042180426
23023,0.24760775
23024,0.91877747
23025,0.10166827
23026,0.53410935
23027,0.3009734
23028,0.109358214
23029,0.17419766
23030,0.10868626
23031,0.4732798
23032,0.23359023
23033,0.065781064
23034,0.048460107
23035,0.042180426
23036,0.28754908
23037,0.16241708
23038,0.0433173
23039,0.5160285
23040,0.9375139
23041,0.0488048
23042,0.10453407
23043,0.16334443
23044,0.043717045
23045,0.8859103
23046,0.082140505
23047,0.064710476
23048,0.042180426
23049,0.07069766
23050,0.8129554
23051,0.16511215
23052,0.112748705
23053,0.042180426
23054,0.042180426
23055,0.85932606
23056,0.04739649
23057,0.32004362
23058,0.1943577
23059,0.042180426
23060,0.04739649
23061,0.08047593
23062,0.07438597
23063,0.18111238
23064,0.87081456
23065,0.11080619
23066,0.52926457
23067,0.15492915
23068,0.8039362
23069,0.04739649
23070,0.042180426
23071,0.828131
23072,0.56287754
23073,0.6748607
23074,0.0648264
23075,0.05082391
23076,0.066569604
23077,0.08352751
23078,0.04719492
23079,0.07762155
23080,0.04739649
23081,0.11641743
23082,0.042180426
23083,0.048460107
23084,0.67012626
23085,0.060382586
23086,0.042180426
23087,0.8186649
23088,0.099780716
23089,0.17448321
23090,0.042180426
23091,0.12228304
23092,0.042180426
23093,0.25610608
23094,0.0666901
23095,0.042180426
23096,0.06082113
23097,0.068579696
23098,0.3182
23099,0.064007886
23100,0.047473837
23101,0.9004816
23102,0.042485546
23103,0.058956645
23104,0.04739649
23105,0.43388402
23106,0.042180426
23107,0.0433173
23108,0.042180426
23109,0.75020695
23110,0.22628921
23111,0.044924412
23112,0.1309323
23113,0.13267319
23114,0.0433173
23115,0.44090077
23116,0.114641495
23117,0.92080325
23118,0.042180426
23119,0.042180426
23120,0.048460107
23121,0.04719492
23122,0.0433173
23123,0.2547686
23124,0.9364932
23125,0.12227157
23126,0.11204102
23127,0.043717045
23128,0.09152307
23129,0.9034596
23130,0.042180426
23131,0.11905641
23132,0.048460107
23133,0.33108345
23134,0.6846054
23135,0.47701174
23136,0.14942358
23137,0.2525934
23138,0.3121428
23139,0.042180426
23140,0.70873934
23141,0.07392604
23142,0.69126815
23143,0.04739649
23144,0.9132085
23145,0.06405563
23146,0.7616992
23147,0.08433793
23148,0.04719492
23149,0.042180426
23150,0.07231993
23151,0.042180426
23152,0.04739649
23153,0.19982098
23154,0.7976816
23155,0.12546216
23156,0.042180426
23157,0.06655359
23158,0.09373512
23159,0.078349665
23160,0.20145804
23161,0.12658298
23162,0.9198035
23163,0.16807754
23164,0.042180426
23165,0.042180426
23166,0.8988439
23167,0.08125893
23168,0.60772216
23169,0.1458914
23170,0.0648264
23171,0.6100015
23172,0.31482047
23173,0.064710476
23174,0.082633615
23175,0.042180426
23176,0.43406168
23177,0.07047631
23178,0.8973325
23179,0.042180426
23180,0.04719492
23181,0.56571543
23182,0.13237518
23183,0.8784272
23184,0.13039987
23185,0.07372721
23186,0.048118424
23187,0.90045583
23188,0.042180426
23189,0.0690468
23190,0.047598667
23191,0.047269445
23192,0.13151744
23193,0.042180426
23194,0.0433173
23195,0.14785796
23196,0.04719492
23197,0.4142794
23198,0.06525381
23199,0.18797277
23200,0.86169523
23201,0.047598667
23202,0.4579553
23203,0.2346666
23204,0.047598667
23205,0.069999754
23206,0.9225655
23207,0.10108273
23208,0.6134946
23209,0.042180426
23210,0.45862165
23211,0.12888138
23212,0.16786426
23213,0.088915564
23214,0.04739649
23215,0.04739649
23216,0.14741005
23217,0.27069268
23218,0.60536927
23219,0.042180426
23220,0.07018093
23221,0.04983678
23222,0.04719492
23223,0.11391346
23224,0.44000486
23225,0.04739649
23226,0.10535043
23227,0.042180426
23228,0.042180426
23229,0.08721599
23230,0.07402693
23231,0.07946741
23232,0.04739649
23233,0.043717045
23234,0.058744144
23235,0.36052555
23236,0.10215276
23237,0.04719492
23238,0.069930024
23239,0.0666901
23240,0.8236911
23241,0.042180426
23242,0.048460107
23243,0.23957661
23244,0.107407466
23245,0.8048098
23246,0.7669277
23247,0.13549097
23248,0.042180426
23249,0.3398077
23250,0.6099828
23251,0.064710476
23252,0.08194932
23253,0.1360979
23254,0.047598667
23255,0.042180426
23256,0.048460107
23257,0.048460107
23258,0.1941465
23259,0.20880957
23260,0.9252389
23261,0.92088634
23262,0.06369008
23263,0.070934124
23264,0.057469513
23265,0.04739649
23266,0.642022
23267,0.27657852
23268,0.84106255
23269,0.04739649
23270,0.7799753
23271,0.23423779
23272,0.048460107
23273,0.15293932
23274,0.15096934
23275,0.042180426
23276,0.9204779
23277,0.10355802
23278,0.1842134
23279,0.5719875
23280,0.7295244
23281,0.31841066
23282,0.9475773
23283,0.06525381
23284,0.58180326
23285,0.048095908
23286,0.042180426
23287,0.075734004
23288,0.042180426
23289,0.09752868
23290,0.10114306
23291,0.14387521
23292,0.12130818
23293,0.042180426
23294,0.07821538
23295,0.05028894
23296,0.50665236
23297,0.11516043
23298,0.2642051
23299,0.04739649
23300,0.048460107
23301,0.7647007
23302,0.77052164
23303,0.48086196
23304,0.846962
23305,0.3669857
23306,0.5692249
23307,0.042180426
23308,0.7989067
23309,0.17762709
23310,0.042180426
23311,0.54369617
23312,0.20044851
23313,0.042180426
23314,0.19857717
23315,0.04321195
23316,0.464879
23317,0.6391698
23318,0.04875882
23319,0.47257677
23320,0.7708113
23321,0.21412607
23322,0.68832856
23323,0.044473127
23324,0.16379638
23325,0.042180426
23326,0.064710476
23327,0.042180426
23328,0.83672756
23329,0.103042796
23330,0.04739649
23331,0.0433173
23332,0.12733875
23333,0.24704894
23334,0.10912454
23335,0.070729025
23336,0.04739649
23337,0.09658916
23338,0.8210423
23339,0.69454485
23340,0.38924715
23341,0.5614318
23342,0.06485783
23343,0.06062337
23344,0.0666901
23345,0.21892233
23346,0.26177132
23347,0.07047631
23348,0.05028894
23349,0.042180426
23350,0.15373978
23351,0.8651792
23352,0.042180426
23353,0.066569604
23354,0.44221464
23355,0.69765425
23356,0.048460107
23357,0.26236647
23358,0.88856083
23359,0.066569604
23360,0.06259438
23361,0.08764226
23362,0.20791927
23363,0.16384657
23364,0.3688253
23365,0.73975796
23366,0.04719492
23367,0.06879969
23368,0.17691205
23369,0.1433385
23370,0.07875824
23371,0.20535278
23372,0.24219371
23373,0.06607099
23374,0.11297312
23375,0.12650688
23376,0.9202565
23377,0.042180426
23378,0.8760921
23379,0.46274433
23380,0.042180426
23381,0.17471932
23382,0.042180426
23383,0.37491757
23384,0.042180426
23385,0.13797462
23386,0.07382079
23387,0.594789
23388,0.7857288
23389,0.34927782
23390,0.9212679
23391,0.042180426
23392,0.042180426
23393,0.065233305
23394,0.41350788
23395,0.04739649
23396,0.265698
23397,0.7375866
23398,0.04965472
23399,0.45963132
23400,0.07367751
23401,0.047734
23402,0.2528476
23403,0.4865729
23404,0.07226093
23405,0.67418844
23406,0.928976
23407,0.064710476
23408,0.08486702
23409,0.2740716
23410,0.04739649
23411,0.11782116
23412,0.105652645
23413,0.04719492
23414,0.11437017
23415,0.042180426
23416,0.06963541
23417,0.064710476
23418,0.04740214
23419,0.042180426
23420,0.04739649
23421,0.7323981
23422,0.26146996
23423,0.04739649
23424,0.05082391
23425,0.32297683
23426,0.04739649
23427,0.042180426
23428,0.04719492
23429,0.042180426
23430,0.11505929
23431,0.66403985
23432,0.042180426
23433,0.5020979
23434,0.1229422
23435,0.081392065
23436,0.6584637
23437,0.089535385
23438,0.11748648
23439,0.18808727
23440,0.25058526
23441,0.042180426
23442,0.49605983
23443,0.048460107
23444,0.31303072
23445,0.04739649
23446,0.097161934
23447,0.04719492
23448,0.61082256
23449,0.36351776
23450,0.042180426
23451,0.043717045
23452,0.04719492
23453,0.7354315
23454,0.9173499
23455,0.042180426
23456,0.042180426
23457,0.91216236
23458,0.23165128
23459,0.122065976
23460,0.047499243
23461,0.07387764
23462,0.04321195
23463,0.223306
23464,0.04739649
23465,0.45427257
23466,0.2436462
23467,0.048460107
23468,0.08857458
23469,0.047598667
23470,0.08573053
23471,0.04739649
23472,0.7667735
23473,0.8495609
23474,0.103904136
23475,0.042180426
23476,0.6520566
23477,0.532343
23478,0.1367818
23479,0.13022563
23480,0.042180426
23481,0.14323011
23482,0.050214726
23483,0.042180426
23484,0.8729275
23485,0.042180426
23486,0.042180426
23487,0.04739649
23488,0.042180426
23489,0.047598667
23490,0.13671204
23491,0.042180426
23492,0.6020668
23493,0.042180426
23494,0.30128837
23495,0.09658623
23496,0.047598667
23497,0.67800236
23498,0.08658052
23499,0.073886745
23500,0.064710476
23501,0.048460107
23502,0.042180426
23503,0.09412079
23504,0.65992576
23505,0.04739649
23506,0.11470327
23507,0.062343277
23508,0.07308066
23509,0.18335834
23510,0.042180426
23511,0.73242533
23512,0.8345907
23513,0.04719492
23514,0.82592946
23515,0.1138343
23516,0.0433173
23517,0.04739649
23518,0.042180426
23519,0.048460107
23520,0.14973505
23521,0.8925258
23522,0.080248915
23523,0.09308669
23524,0.042180426
23525,0.7367076
23526,0.8899914
23527,0.22402918
23528,0.082417585
23529,0.077133104
23530,0.75688446
23531,0.41845956
23532,0.048118424
23533,0.16248123
23534,0.043717045
23535,0.08092225
23536,0.042180426
23537,0.0433173
23538,0.36218756
23539,0.042180426
23540,0.22409043
23541,0.042180426
23542,0.077061094
23543,0.04739649
23544,0.042180426
23545,0.15497689
23546,0.35517085
23547,0.048460107
23548,0.1283739
23549,0.042240575
23550,0.3074501
23551,0.042180426
23552,0.04739649
23553,0.5067513
23554,0.04739649
23555,0.9310057
23556,0.07828465
23557,0.08240306
23558,0.045918744
23559,0.087418705
23560,0.04719492
23561,0.9119713
23562,0.042180426
23563,0.23590659
23564,0.042180426
23565,0.31529745
23566,0.07730743
23567,0.23107351
23568,0.06100752
23569,0.74329877
23570,0.93520683
23571,0.9090486
23572,0.04739649
23573,0.042180426
23574,0.042180426
23575,0.04739649
23576,0.048460107
23577,0.04739649
23578,0.04739649
23579,0.8425441
23580,0.6771472
23581,0.08968048
23582,0.042180426
23583,0.042180426
23584,0.042180426
23585,0.061609063
23586,0.07890181
23587,0.042180426
23588,0.05028894
23589,0.1590925
23590,0.042180426
23591,0.10790996
23592,0.04739649
23593,0.0433173
23594,0.108093016
23595,0.8888243
23596,0.40001288
23597,0.8606495
23598,0.2357911
23599,0.042240575
23600,0.08687466
23601,0.09782739
23602,0.15426376
23603,0.042180426
23604,0.07814351
23605,0.04739649
23606,0.85155076
23607,0.82468927
23608,0.04719492
23609,0.07047631
23610,0.15339322
23611,0.04739649
23612,0.08974535
23613,0.122558504
23614,0.042180426
23615,0.79143745
23616,0.10670316
23617,0.042180426
23618,0.87653506
23619,0.048460107
23620,0.04739649
23621,0.23781933
23622,0.11816389
23623,0.042180426
23624,0.21719907
23625,0.9265948
23626,0.042180426
23627,0.07258204
23628,0.05218033
23629,0.048460107
23630,0.08309729
23631,0.837811
23632,0.047734
23633,0.8337961
23634,0.048460107
23635,0.08550163
23636,0.051486023
23637,0.042180426
23638,0.21514724
23639,0.048460107
23640,0.042180426
23641,0.04739649
23642,0.07445053
23643,0.14808652
23644,0.18891923
23645,0.04739649
23646,0.53407127
23647,0.042180426
23648,0.13678464
23649,0.18987156
23650,0.863897
23651,0.048460107
23652,0.0648264
23653,0.9202638
23654,0.04739649
23655,0.44151405
23656,0.08404158
23657,0.14789215
23658,0.754353
23659,0.042240575
23660,0.1291999
23661,0.11742128
23662,0.16290593
23663,0.04739649
23664,0.8994057
23665,0.042180426
23666,0.0666901
23667,0.14546363
23668,0.042180426
23669,0.87322617
23670,0.071038716
23671,0.07047631
23672,0.050214726
23673,0.04739649
23674,0.79636306
23675,0.12876505
23676,0.042180426
23677,0.25531548
23678,0.8735253
23679,0.10953441
23680,0.43450534
23681,0.12586413
23682,0.042180426
23683,0.2028944
23684,0.042180426
23685,0.439531
23686,0.087484
23687,0.8924879
23688,0.042180426
23689,0.051674437
23690,0.22558185
23691,0.52686393
23692,0.042180426
23693,0.9257088
23694,0.91689235
23695,0.0433173
23696,0.48296615
23697,0.09242342
23698,0.74173623
23699,0.0715078
23700,0.076661825
23701,0.048460107
23702,0.7065818
23703,0.04739649
23704,0.30985135
23705,0.042180426
23706,0.064710476
23707,0.069930024
23708,0.13179135
23709,0.10789312
23710,0.048460107
23711,0.09245106
23712,0.042180426
23713,0.23864476
23714,0.73999155
23715,0.9054693
23716,0.04818052
23717,0.17690714
23718,0.042180426
23719,0.058744144
23720,0.16743948
23721,0.042180426
23722,0.042180426
23723,0.9500601
23724,0.09102774
23725,0.04739649
23726,0.0433173
23727,0.19333552
23728,0.33920386
23729,0.042180426
23730,0.9117443
23731,0.050214726
23732,0.04740214
23733,0.06428062
23734,0.9070473
23735,0.047598667
23736,0.042180426
23737,0.04739649
23738,0.10122279
23739,0.1261739
23740,0.066569604
23741,0.5301445
23742,0.19271524
23743,0.04739649
23744,0.044525374
23745,0.9228198
23746,0.06525381
23747,0.09288697
23748,0.88977575
23749,0.32223016
23750,0.43636376
23751,0.0594522
23752,0.92861027
23753,0.042180426
23754,0.04321195
23755,0.14056998
23756,0.07116086
23757,0.31627768
23758,0.042180426
23759,0.43167564
23760,0.048460107
23761,0.043717045
23762,0.048460107
23763,0.92240506
23764,0.042180426
23765,0.080187395
23766,0.0433173
23767,0.0666901
23768,0.78833634
23769,0.14143811
23770,0.48429772
23771,0.04719492
23772,0.15732116
23773,0.04874511
23774,0.29709324
23775,0.4479603
23776,0.042180426
23777,0.18041576
23778,0.92263675
23779,0.22787164
23780,0.89489186
23781,0.065445065
23782,0.10942911
23783,0.042180426
23784,0.042180426
23785,0.042180426
23786,0.6938203
23787,0.35732752
23788,0.08239108
23789,0.37841785
23790,0.6973991
23791,0.047101863
23792,0.048460107
23793,0.042180426
23794,0.042180426
23795,0.042180426
23796,0.04739649
23797,0.713569
23798,0.047101863
23799,0.6034988
23800,0.14322072
23801,0.15817547
23802,0.18741594
23803,0.5606925
23804,0.07695008
23805,0.81505406
23806,0.4858034
23807,0.10689738
23808,0.04719492
23809,0.7561599
23810,0.042180426
23811,0.46271208
23812,0.9208414
23813,0.08648718
23814,0.042180426
23815,0.048460107
23816,0.072158374
23817,0.86507857
23818,0.042180426
23819,0.41591322
23820,0.04739649
23821,0.0433173
23822,0.042180426
23823,0.09935858
23824,0.065952994
23825,0.09615334
23826,0.23821682
23827,0.23624068
23828,0.048460107
23829,0.11300693
23830,0.11385598
23831,0.10240777
23832,0.72871464
23833,0.048460107
23834,0.042180426
23835,0.0433173
23836,0.09030019
23837,0.15528378
23838,0.0625777
23839,0.064710476
23840,0.43179858
23841,0.7075709
23842,0.30979896
23843,0.042180426
23844,0.12415319
23845,0.3108436
23846,0.05028894
23847,0.042180426
23848,0.04739649
23849,0.8678936
23850,0.043717045
23851,0.43361905
23852,0.042180426
23853,0.042180426
23854,0.773613
23855,0.07116086
23856,0.13628119
23857,0.10633409
23858,0.31696466
23859,0.042180426
23860,0.04739649
23861,0.15591918
23862,0.04321195
23863,0.04909715
23864,0.042180426
23865,0.13764682
23866,0.06590372
23867,0.8999924
23868,0.33522257
23869,0.06904611
23870,0.042240575
23871,0.5947184
23872,0.068136744
23873,0.04874511
23874,0.6286673
23875,0.042180426
23876,0.07047631
23877,0.09838782
23878,0.8568392
23879,0.04965472
23880,0.04739649
23881,0.9014439
23882,0.84657943
23883,0.10623395
23884,0.042180426
23885,0.934604
23886,0.042180426
23887,0.0433173
23888,0.22690508
23889,0.20897724
23890,0.042180426
23891,0.04909715
23892,0.45755053
23893,0.06418796
23894,0.19936721
23895,0.042180426
23896,0.23253328
23897,0.23743422
23898,0.04739649
23899,0.09103449
23900,0.048460107
23901,0.111682825
23902,0.042180426
23903,0.042180426
23904,0.06050033
23905,0.06168769
23906,0.06672476
23907,0.0666901
23908,0.042180426
23909,0.04739649
23910,0.048460107
23911,0.042180426
23912,0.09465991
23913,0.04739649
23914,0.0433173
23915,0.042180426
23916,0.42182893
23917,0.042180426
23918,0.76325405
23919,0.042180426
23920,0.58791405
23921,0.042180426
23922,0.047598667
23923,0.7619764
23924,0.04739649
23925,0.8997925
23926,0.042180426
23927,0.4278214
23928,0.065233305
23929,0.41279587
23930,0.06492317
23931,0.042180426
23932,0.15252738
23933,0.070729025
23934,0.108557515
23935,0.08625706
23936,0.06525381
23937,0.14174944
23938,0.06481078
23939,0.2625057
23940,0.25036505
23941,0.72025084
23942,0.13326669
23943,0.042180426
23944,0.17958899
23945,0.082015395
23946,0.042180426
23947,0.124554925
23948,0.40709445
23949,0.06405563
23950,0.0433173
23951,0.042180426
23952,0.113624506
23953,0.044473127
23954,0.104813
23955,0.065445065
23956,0.13014801
23957,0.042180426
23958,0.58397216
23959,0.0433173
23960,0.13667037
23961,0.16009922
23962,0.042180426
23963,0.3984412
23964,0.07560247
23965,0.06774916
23966,0.042180426
23967,0.0433173
23968,0.0666901
23969,0.0666901
23970,0.8070378
23971,0.04739649
23972,0.04739649
23973,0.055427834
23974,0.46678874
23975,0.870753
23976,0.042180426
23977,0.92350495
23978,0.04909715
23979,0.17527127
23980,0.6247393
23981,0.044924412
23982,0.09790656
23983,0.90630865
23984,0.070934124
23985,0.04739649
23986,0.13619184
23987,0.31541097
23988,0.04739649
23989,0.17233652
23990,0.14559186
23991,0.73706174
23992,0.34359163
23993,0.042180426
23994,0.67242014
23995,0.14308302
23996,0.12928133
23997,0.0817974
23998,0.9050343
23999,0.5057998
24000,0.064710476
24001,0.042180426
24002,0.0666901
24003,0.07095517
24004,0.1138343
24005,0.71953356
24006,0.57469785
24007,0.042180426
24008,0.05218033
24009,0.048460107
24010,0.042180426
24011,0.042180426
24012,0.044988286
24013,0.27261326
24014,0.7471348
24015,0.8422713
24016,0.042180426
24017,0.6500872
24018,0.04739649
24019,0.042180426
24020,0.047598667
24021,0.11682665
24022,0.063682705
24023,0.9384566
24024,0.7790177
24025,0.048460107
24026,0.042180426
24027,0.05218033
24028,0.042485546
24029,0.37939757
24030,0.04739649
24031,0.042180426
24032,0.1926274
24033,0.049909152
24034,0.07453079
24035,0.04739649
24036,0.16461203
24037,0.04739649
24038,0.15137693
24039,0.87917787
24040,0.042180426
24041,0.92881364
24042,0.77771986
24043,0.12033362
24044,0.5587859
24045,0.8888006
24046,0.38420263
24047,0.06468027
24048,0.2849968
24049,0.085396364
24050,0.07201478
24051,0.04739649
24052,0.05218033
24053,0.11712601
24054,0.04739649
24055,0.6229432
24056,0.04739649
24057,0.13217111
24058,0.21300134
24059,0.73511505
24060,0.82196957
24061,0.042180426
24062,0.086774684
24063,0.051674437
24064,0.047675554
24065,0.04739649
24066,0.07518816
24067,0.042180426
24068,0.13790518
24069,0.04739649
24070,0.2889588
24071,0.15490727
24072,0.19263457
24073,0.78468806
24074,0.07025498
24075,0.91815656
24076,0.0808459
24077,0.161345
24078,0.04321195
24079,0.8055078
24080,0.14604495
24081,0.042180426
24082,0.4869604
24083,0.8705926
24084,0.042180426
24085,0.45423245
24086,0.042180426
24087,0.09893517
24088,0.43940985
24089,0.67233676
24090,0.15646023
24091,0.07466429
24092,0.04739649
24093,0.112779066
24094,0.103779115
24095,0.042180426
24096,0.21889676
24097,0.1656081
24098,0.48447996
24099,0.14452536
24100,0.048460107
24101,0.09942343
24102,0.064710476
24103,0.89481026
24104,0.11500805
24105,0.109322526
24106,0.074368164
24107,0.042180426
24108,0.042180426
24109,0.9232496
24110,0.7930516
24111,0.660137
24112,0.19790228
24113,0.044473127
24114,0.066569604
24115,0.04739649
24116,0.92171484
24117,0.16039547
24118,0.047598667
24119,0.08299796
24120,0.08445779
24121,0.20530476
24122,0.0433173
24123,0.042180426
24124,0.18704332
24125,0.048460107
24126,0.065952994
24127,0.048460107
24128,0.04739649
24129,0.042180426
24130,0.07084153
24131,0.13642722
24132,0.0433173
24133,0.12151615
24134,0.8841506
24135,0.5597109
24136,0.15793912
24137,0.04909715
24138,0.047734
24139,0.042180426
24140,0.048460107
24141,0.9137244
24142,0.0739405
24143,0.8538403
24144,0.45481476
24145,0.05218033
24146,0.1351481
24147,0.1427502
24148,0.09431418
24149,0.12979649
24150,0.14562319
24151,0.43167564
24152,0.86383647
24153,0.1336023
24154,0.65254134
24155,0.11988606
24156,0.24462579
24157,0.048460107
24158,0.32952982
24159,0.10719377
24160,0.15412514
24161,0.90083975
24162,0.11271314
24163,0.07829535
24164,0.097434044
24165,0.05028894
24166,0.09905721
24167,0.8535268
24168,0.067678116
24169,0.042180426
24170,0.04719492
24171,0.2769542
24172,0.04739649
24173,0.042180426
24174,0.81711733
24175,0.09503066
24176,0.04739649
24177,0.14733034
24178,0.9135431
24179,0.09705751
24180,0.23733458
24181,0.57732654
24182,0.042180426
24183,0.042180426
24184,0.22130477
24185,0.82297456
24186,0.050165776
24187,0.042180426
24188,0.042180426
24189,0.09680355
24190,0.26354975
24191,0.042180426
24192,0.875709
24193,0.044924412
24194,0.042180426
24195,0.04739649
24196,0.066569604
24197,0.5797418
24198,0.042180426
24199,0.8283018
24200,0.13754068
24201,0.0433173
24202,0.2590317
24203,0.76456964
24204,0.064710476
24205,0.12555937
24206,0.13958146
24207,0.14372501
24208,0.04739649
24209,0.10634669
24210,0.064710476
24211,0.11091293
24212,0.042180426
24213,0.21316844
24214,0.05028894
24215,0.49256855
24216,0.21232232
24217,0.054372065
24218,0.07047631
24219,0.2367946
24220,0.04739649
24221,0.2924044
24222,0.12440742
24223,0.1075635
24224,0.32269597
24225,0.2594236
24226,0.07996278
24227,0.042180426
24228,0.048460107
24229,0.13792847
24230,0.59286296
24231,0.04739649
24232,0.04739649
24233,0.042180426
24234,0.048460107
24235,0.112678625
24236,0.7009582
24237,0.19333552
24238,0.07911083
24239,0.44320077
24240,0.066569604
24241,0.21385293
24242,0.042180426
24243,0.119648114
24244,0.068305135
24245,0.048460107
24246,0.17740665
24247,0.069520794
24248,0.09311714
24249,0.042180426
24250,0.04719492
24251,0.04739649
24252,0.042180426
24253,0.16623431
24254,0.7780717
24255,0.042180426
24256,0.048460107
24257,0.0666901
24258,0.20409043
24259,0.22429909
24260,0.109004684
24261,0.13168325
24262,0.062223226
24263,0.18519461
24264,0.042180426
24265,0.070729025
24266,0.042180426
24267,0.14310819
24268,0.04739649
24269,0.09047204
24270,0.8837353
24271,0.042180426
24272,0.042180426
24273,0.042180426
24274,0.11318954
24275,0.8328693
24276,0.07319627
24277,0.12586413
24278,0.14867625
24279,0.042180426
24280,0.10875298
24281,0.06904611
24282,0.60154784
24283,0.062334973
24284,0.04719492
24285,0.048460107
24286,0.25963387
24287,0.47038367
24288,0.5621581
24289,0.048460107
24290,0.102510385
24291,0.047269445
24292,0.048460107
24293,0.050398733
24294,0.121125214
24295,0.062391374
24296,0.04739649
24297,0.04739649
24298,0.3414451
24299,0.1727482
24300,0.04719492
24301,0.15737128
24302,0.042180426
24303,0.042180426
24304,0.042180426
24305,0.048460107
24306,0.042180426
24307,0.8755362
24308,0.84179026
24309,0.06645019
24310,0.0666901
24311,0.15650463
24312,0.04739649
24313,0.042180426
24314,0.04739649
24315,0.04719492
24316,0.04739649
24317,0.19897081
24318,0.85886604
24319,0.75954336
24320,0.042180426
24321,0.06318685
24322,0.08490912
24323,0.1337902
24324,0.042180426
24325,0.9192149
24326,0.9397308
24327,0.082523435
24328,0.042180426
24329,0.042180426
24330,0.5157725
24331,0.046671018
24332,0.042180426
24333,0.047598667
24334,0.1291735
24335,0.35403007
24336,0.9473405
24337,0.22690508
24338,0.15502356
24339,0.7353479
24340,0.064710476
24341,0.15276448
24342,0.08552702
24343,0.042180426
24344,0.042180426
24345,0.19263457
24346,0.047598667
24347,0.33148634
24348,0.042180426
24349,0.87683076
24350,0.11205328
24351,0.042180426
24352,0.46334687
24353,0.0433173
24354,0.07788619
24355,0.09840479
24356,0.042180426
24357,0.0648264
24358,0.048460107
24359,0.06980327
24360,0.04739649
24361,0.1138343
24362,0.042180426
24363,0.90959454
24364,0.085000955
24365,0.066569604
24366,0.04739649
24367,0.30444407
24368,0.12155555
24369,0.042180426
24370,0.042180426
24371,0.11608939
24372,0.042180426
24373,0.92727745
24374,0.12693778
24375,0.8061396
24376,0.20390841
24377,0.0648264
24378,0.042180426
24379,0.67233676
24380,0.87835526
24381,0.6337433
24382,0.042180426
24383,0.3241076
24384,0.49848273
24385,0.04739649
24386,0.23115623
24387,0.5976964
24388,0.04739649
24389,0.047499243
24390,0.082971305
24391,0.6428833
24392,0.23189488
24393,0.07100447
24394,0.08092225
24395,0.048460107
24396,0.864218
24397,0.04739649
24398,0.042180426
24399,0.042180426
24400,0.0778673
24401,0.04739649
24402,0.04739649
24403,0.835482
24404,0.048460107
24405,0.16484381
24406,0.042240575
24407,0.3365083
24408,0.8460589
24409,0.05418243
24410,0.7772277
24411,0.048460107
24412,0.21672747
24413,0.048460107
24414,0.04739649
24415,0.0433173
24416,0.04739649
24417,0.042180426
24418,0.8377371
24419,0.05418243
24420,0.04739649
24421,0.05028894
24422,0.73584163
24423,0.042180426
24424,0.048460107
24425,0.11038487
24426,0.45842114
24427,0.04739649
24428,0.13585576
24429,0.57039326
24430,0.24873179
24431,0.10040738
24432,0.042180426
24433,0.047598667
24434,0.04739649
24435,0.29154545
24436,0.20234801
24437,0.3816051
24438,0.042180426
24439,0.06405563
24440,0.042180426
24441,0.047269445
24442,0.09585298
24443,0.64491826
24444,0.11754137
24445,0.8655642
24446,0.18987156
24447,0.36167708
24448,0.042180426
24449,0.31541097
24450,0.044924412
24451,0.1703072
24452,0.7590812
24453,0.24196589
24454,0.048460107
24455,0.068262525
24456,0.1125152
24457,0.10861736
24458,0.04739649
24459,0.13953967
24460,0.042180426
24461,0.048460107
24462,0.76992816
24463,0.04739649
24464,0.382081
24465,0.4587805
24466,0.7664508
24467,0.15417223
24468,0.042180426
24469,0.042180426
24470,0.04719492
24471,0.90393627
24472,0.13251755
24473,0.6879812
24474,0.3300927
24475,0.04739649
24476,0.064710476
24477,0.1019206
24478,0.22576205
24479,0.048460107
24480,0.05051108
24481,0.042180426
24482,0.768137
24483,0.0800953
24484,0.047598667
24485,0.04739649
24486,0.042180426
24487,0.13492657
24488,0.33133963
24489,0.08585351
24490,0.047499243
24491,0.40591213
24492,0.1581112
24493,0.042180426
24494,0.13696855
24495,0.047598667
24496,0.042180426
24497,0.15631843
24498,0.18484128
24499,0.04321195
24500,0.042180426
24501,0.47789
24502,0.047598667
24503,0.042180426
24504,0.042180426
24505,0.042180426
24506,0.069930024
24507,0.0433173
24508,0.042180426
24509,0.08938701
24510,0.21056592
24511,0.30308548
24512,0.1433557
24513,0.04739649
24514,0.76680106
24515,0.23094454
24516,0.062799186
24517,0.042180426
24518,0.92874265
24519,0.916195
24520,0.048460107
24521,0.13999966
24522,0.04739649
24523,0.62552834
24524,0.069930024
24525,0.23065838
24526,0.04739649
24527,0.042180426
24528,0.17084962
24529,0.042180426
24530,0.04739649
24531,0.042180426
24532,0.91979593
24533,0.44034678
24534,0.20884669
24535,0.1989778
24536,0.6693217
24537,0.14052427
24538,0.078932144
24539,0.2317993
24540,0.84211457
24541,0.07479746
24542,0.21309692
24543,0.05474269
24544,0.17228174
24545,0.04719492
24546,0.32248238
24547,0.11844489
24548,0.9259227
24549,0.09308669
24550,0.04739649
24551,0.04739649
24552,0.042180426
24553,0.042180426
24554,0.04983678
24555,0.064710476
24556,0.042180426
24557,0.13186485
24558,0.93229026
24559,0.08063659
24560,0.86821765
24561,0.3316535
24562,0.9227127
24563,0.04739649
24564,0.042180426
24565,0.088583745
24566,0.09349012
24567,0.048460107
24568,0.5166552
24569,0.042180426
24570,0.20251335
24571,0.04739649
24572,0.14423512
24573,0.042180426
24574,0.048460107
24575,0.05082391
24576,0.92274374
24577,0.04739649
24578,0.04739649
24579,0.87256414
24580,0.048460107
24581,0.9212138
24582,0.5476761
24583,0.8869301
24584,0.8958283
24585,0.048460107
24586,0.0666901
24587,0.19518717
24588,0.0707357
24589,0.09837258
24590,0.16707465
24591,0.042180426
24592,0.21195354
24593,0.10086743
24594,0.5210133
24595,0.0433173
24596,0.858177
24597,0.12979649
24598,0.0433173
24599,0.04739649
24600,0.1760203
24601,0.47734457
24602,0.062166646
24603,0.042180426
24604,0.043717045
24605,0.043717045
24606,0.86551005
24607,0.042180426
24608,0.06607549
24609,0.37383807
24610,0.043717045
24611,0.04739649
24612,0.74669003
24613,0.065385565
24614,0.048095908
24615,0.13286063
24616,0.8791537
24617,0.112936124
24618,0.87380797
24619,0.0810869
24620,0.11639714
24621,0.33569396
24622,0.042180426
24623,0.1989347
24624,0.042180426
24625,0.6827919
24626,0.3660622
24627,0.04719492
24628,0.14855252
24629,0.07376381
24630,0.21975538
24631,0.06525381
24632,0.04321195
24633,0.042180426
24634,0.18808639
24635,0.095540404
24636,0.16227727
24637,0.34577683
24638,0.04719492
24639,0.18782501
24640,0.042180426
24641,0.8155976
24642,0.65172195
24643,0.042180426
24644,0.11376804
24645,0.28661773
24646,0.37832773
24647,0.285604
24648,0.3636919
24649,0.04739649
24650,0.042485546
24651,0.07348411
24652,0.20507565
24653,0.41365218
24654,0.87362826
24655,0.07153244
24656,0.042180426
24657,0.86208314
24658,0.7045518
24659,0.042180426
24660,0.042180426
24661,0.24810085
24662,0.79469645
24663,0.042180426
24664,0.11078136
24665,0.060650975
24666,0.0648264
24667,0.1354054
24668,0.61400896
24669,0.73315024
24670,0.5209045
24671,0.9328716
24672,0.07418333
24673,0.042180426
24674,0.12188328
24675,0.042180426
24676,0.042180426
24677,0.8344865
24678,0.9161177
24679,0.122650966
24680,0.86306655
24681,0.0433173
24682,0.042180426
24683,0.05225597
24684,0.91754305
24685,0.05225597
24686,0.1401356
24687,0.12532416
24688,0.6692396
24689,0.52055734
24690,0.042180426
24691,0.042180426
24692,0.86953974
24693,0.12523946
24694,0.07018093
24695,0.09498034
24696,0.21256532
24697,0.042180426
24698,0.04739649
24699,0.6747119
24700,0.11189217
24701,0.04739649
24702,0.07430863
24703,0.047734
24704,0.0666901
24705,0.1866707
24706,0.17529653
24707,0.42737192
24708,0.042180426
24709,0.12695098
24710,0.048460107
24711,0.069930024
24712,0.67997926
24713,0.15485454
24714,0.15886506
24715,0.051182013
24716,0.46545392
24717,0.050214726
24718,0.042180426
24719,0.23613732
24720,0.20181124
24721,0.37844926
24722,0.043717045
24723,0.04739649
24724,0.1190969
24725,0.5771818
24726,0.13005348
24727,0.042180426
24728,0.73294044
24729,0.0648264
24730,0.042180426
24731,0.08240306
24732,0.1359152
24733,0.22885244
24734,0.22167955
24735,0.048460107
24736,0.120031364
24737,0.0433173
24738,0.15487315
24739,0.04739649
24740,0.15566848
24741,0.08024587
24742,0.41216213
24743,0.042180426
24744,0.17121492
24745,0.19613671
24746,0.05185317
24747,0.16408731
24748,0.60136014
24749,0.042180426
24750,0.1261548
24751,0.08092225
24752,0.04739649
24753,0.05225597
24754,0.05700005
24755,0.048460107
24756,0.042180426
24757,0.3941862
24758,0.048460107
24759,0.0433173
24760,0.04321195
24761,0.04739649
24762,0.5239547
24763,0.07177243
24764,0.042180426
24765,0.047598667
24766,0.048460107
24767,0.14610158
24768,0.06312173
24769,0.042180426
24770,0.042180426
24771,0.042180426
24772,0.21316844
24773,0.0999068
24774,0.2132288
24775,0.042180426
24776,0.2403496
24777,0.104309514
24778,0.7277652
24779,0.04739649
24780,0.04739649
24781,0.04739649
24782,0.8632927
24783,0.10170168
24784,0.31242988
24785,0.23359121
24786,0.23091449
24787,0.042180426
24788,0.7495651
24789,0.06402763
24790,0.042180426
24791,0.31696466
24792,0.042180426
24793,0.5179567
24794,0.04739649
24795,0.04321195
24796,0.89785
24797,0.042180426
24798,0.048460107
24799,0.07018093
24800,0.0715078
24801,0.04739649
24802,0.77176857
24803,0.042180426
24804,0.0433173
24805,0.1028547
24806,0.042180426
24807,0.07518816
24808,0.042180426
24809,0.1649708
24810,0.04794759
24811,0.12864059
24812,0.042180426
24813,0.20241086
24814,0.22636901
24815,0.042180426
24816,0.04739649
24817,0.07047631
24818,0.05082391
24819,0.52437687
24820,0.71902
24821,0.042180426
24822,0.06925561
24823,0.14289843
24824,0.11066947
24825,0.042180426
24826,0.7068355
24827,0.042180426
24828,0.074527636
24829,0.047598667
24830,0.30973443
24831,0.042180426
24832,0.04739649
24833,0.0810869
24834,0.12602961
24835,0.07889483
24836,0.12672894
24837,0.048460107
24838,0.33569396
24839,0.23623808
24840,0.87535596
24841,0.9098075
24842,0.042180426
24843,0.21042101
24844,0.048460107
24845,0.042180426
24846,0.042180426
24847,0.6909232
24848,0.04739649
24849,0.042180426
24850,0.06418796
24851,0.41814378
24852,0.6115467
24853,0.069930024
24854,0.042180426
24855,0.91661406
24856,0.042180426
24857,0.04719492
24858,0.09173226
24859,0.08566972
24860,0.16916735
24861,0.38416156
24862,0.04739649
24863,0.56159955
24864,0.042180426
24865,0.15851112
24866,0.94585425
24867,0.6522094
24868,0.099302396
24869,0.099343605
24870,0.5265829
24871,0.13688712
24872,0.0666901
24873,0.042180426
24874,0.13585576
24875,0.0792888
24876,0.16141135
24877,0.32647458
24878,0.04331807
24879,0.27697054
24880,0.24102545
24881,0.12774415
24882,0.07599089
24883,0.7128534
24884,0.19391157
24885,0.1396858
24886,0.34004074
24887,0.05028894
24888,0.06682524
24889,0.75020695
24890,0.055600867
24891,0.18113245
24892,0.04739649
24893,0.30379853
24894,0.10434715
24895,0.92391455
24896,0.88653034
24897,0.066569604
24898,0.92342377
24899,0.048460107
24900,0.07031981
24901,0.09104492
24902,0.57414454
24903,0.0433173
24904,0.078464836
24905,0.52460265
24906,0.08240306
24907,0.6495361
24908,0.28811142
24909,0.048118424
24910,0.042180426
24911,0.04739649
24912,0.16974285
24913,0.07132862
24914,0.042180426
24915,0.11232836
24916,0.78634566
24917,0.06655359
24918,0.40423357
24919,0.04739649
24920,0.2525674
24921,0.73785913
24922,0.042180426
24923,0.07376827
24924,0.042180426
24925,0.048460107
24926,0.042180426
24927,0.12513319
24928,0.10320414
24929,0.17800346
24930,0.30281174
24931,0.8949788
24932,0.0666901
24933,0.058810823
24934,0.048095908
24935,0.042180426
24936,0.33031654
24937,0.86761564
24938,0.9272004
24939,0.07898381
24940,0.044473127
24941,0.051182013
24942,0.042180426
24943,0.048460107
24944,0.04739649
24945,0.04739649
24946,0.042180426
24947,0.1181052
24948,0.042180426
24949,0.04739649
24950,0.09184164
24951,0.0709676
24952,0.11669543
24953,0.042180426
24954,0.12362857
24955,0.32790855
24956,0.14158785
24957,0.042180426
24958,0.0648264
24959,0.22848703
24960,0.7138089
24961,0.07716775
24962,0.042180426
24963,0.042180426
24964,0.042180426
24965,0.042180426
24966,0.68392366
24967,0.04739649
24968,0.07658507
24969,0.8460589
24970,0.6880362
24971,0.16201769
24972,0.069930024
24973,0.04739649
24974,0.04719492
24975,0.1601295
24976,0.18444775
24977,0.042180426
24978,0.065952994
24979,0.18741594
24980,0.042180426
24981,0.46524513
24982,0.04909715
24983,0.042180426
24984,0.047598667
24985,0.7114983
24986,0.91846216
24987,0.07430863
24988,0.04739649
24989,0.7283
24990,0.8587537
24991,0.30998835
24992,0.042180426
24993,0.07447316
24994,0.7527327
24995,0.0433173
24996,0.04719492
24997,0.0433173
24998,0.12406828
24999,0.19333552
