id,Exited
15000,0.17879310116754066
15001,0.02037207235153503
15002,0.01940756699288927
15003,0.7139231920291392
15004,0.016308441921360318
15005,0.4050633715098088
15006,0.023385968001506337
15007,0.021191672181621525
15008,0.016296726012140675
15009,0.012940122517896174
15010,0.04776580370018293
15011,0.8349008864426806
15012,0.07612833433277795
15013,0.13519044676590236
15014,0.033181199609368536
15015,0.01307575022106103
15016,0.021530012928526875
15017,0.009298217893047807
15018,0.5310707591725172
15019,0.012715410226201046
15020,0.009128370004422959
15021,0.0333279071545616
15022,0.9424477668210196
15023,0.12894413631822202
15024,0.004867642975311459
15025,0.8424880902671207
15026,0.5671914089188171
15027,0.016388092627845515
15028,0.11902161435320842
15029,0.6395111328717238
15030,0.6949151777696473
15031,0.5883013534333077
15032,0.05338334932406042
15033,0.2835956483318434
15034,0.7404203665722474
15035,0.017584972626811288
15036,0.04105871801194235
15037,0.6765391075168435
15038,0.019268764893451064
15039,0.020867799194312617
15040,0.09810127100269746
15041,0.010082912100415646
15042,0.005990006052096174
15043,0.023635766509617205
15044,0.0016087094784043123
15045,0.03016337409590797
15046,0.18733586489665338
15047,0.88357150094436
15048,0.00823173351569386
15049,0.4978655717155811
15050,0.01727575667208245
15051,0.04647396020390059
15052,0.021603292960619327
15053,0.4132262914784899
15054,0.21303604573818874
15055,0.006567549013234728
15056,0.006436790471085651
15057,0.826187116353405
15058,0.7818542684018616
15059,0.09616000750046533
15060,0.005047348517952485
15061,0.003819531894926602
15062,0.6497000710939446
15063,0.8047725850082637
15064,0.03802160043137223
15065,0.010719781467531728
15066,0.06354969498839855
15067,0.8553193455599684
15068,0.9541477198762497
15069,0.00708422699213396
15070,0.8249754277645407
15071,0.027834347718099905
15072,0.710462014210752
15073,0.8395307592230717
15074,0.005192313464656409
15075,0.01019436498767646
15076,0.004059109501739288
15077,0.027036714580289667
15078,0.002685454613233698
15079,0.39925022457247134
15080,0.7971726964117007
15081,0.16573238247023261
15082,0.02114835989349321
15083,0.1888030172912241
15084,0.00551411952922797
15085,0.027355856958191902
15086,0.766586944139399
15087,0.0035180015217994437
15088,0.01241190649112094
15089,0.08894513297431401
15090,0.012540183331177972
15091,0.010448372766027541
15092,0.0060698989105594115
15093,0.07710975208866234
15094,0.01190936652111366
15095,0.01078370004324896
15096,0.33277090768705847
15097,0.0068382448052826
15098,0.0582051605723998
15099,0.20082281507787722
15100,0.0348968049117259
15101,0.8138654386362346
15102,0.39186338330267817
15103,0.4832527040745261
15104,0.2240519180084221
15105,0.04712169307463729
15106,0.09694208480915215
15107,0.9609904648171921
15108,0.015034154830757998
15109,0.0076884096712311846
15110,0.13648254941642346
15111,0.015617288323478608
15112,0.3140402494555513
15113,0.013020445798352136
15114,0.012715546365023303
15115,0.03532125256882408
15116,0.0039262650590143515
15117,0.8470330005683782
15118,0.07348201538859002
15119,0.10236873692676855
15120,0.009177581912514818
15121,0.17469813344523474
15122,0.008715555021682085
15123,0.032719474994732115
15124,0.27540872180310993
15125,0.009080023950002347
15126,0.905985808054731
15127,0.004030185906182728
15128,0.06544365957336007
15129,0.11039312315831834
15130,0.0014586937623207413
15131,0.9005444237357619
15132,0.2095568639040061
15133,0.06126014938480929
15134,0.012037585737548855
15135,0.7602004052694322
15136,0.37036739249394957
15137,0.07452580763456322
15138,0.06227966092617599
15139,0.006660516844522738
15140,0.004288019007852369
15141,0.830908103841823
15142,0.002889021755798904
15143,0.8447827518204525
15144,0.17318137040945414
15145,0.006282223371545548
15146,0.1856643645187589
15147,0.2649587980360571
15148,0.02012319352163719
15149,0.9423076635966052
15150,0.06827660232650759
15151,0.40316139776541104
15152,0.7889660426314709
15153,0.09801789502198419
15154,0.6429336620023035
15155,0.36494724324845346
15156,0.005369312695764371
15157,0.25920575435509635
15158,0.19665147856638415
15159,0.7255884354358533
15160,0.3235032105923515
15161,0.0038587852659467676
15162,0.0035785807689158343
15163,0.006020976001159416
15164,0.003701377808301906
15165,0.0823985753071858
15166,0.8743502967806188
15167,0.2445772439773809
15168,0.07882726869255925
15169,0.017222217549838093
15170,0.2652931128237189
15171,0.004633830438448189
15172,0.06045514973087686
15173,0.939423638099839
15174,0.6171869862640736
15175,0.09091170911342088
15176,0.00934421189791508
15177,0.23935905965187898
15178,0.06857682306355443
15179,0.009917270038135194
15180,0.3419534735610985
15181,0.9551461291443339
15182,0.3252997117146181
15183,0.5911631057165156
15184,0.004553802169042079
15185,0.3636030451838058
15186,0.11498194666170047
15187,0.007957374421699345
15188,0.05020978976506078
15189,0.013055124934202775
15190,0.2660783816168007
15191,0.003771956113702428
15192,0.1581260530696882
15193,0.10707759204394073
15194,0.6041037733402181
15195,0.19998567763579156
15196,0.4756315248424513
15197,0.004330203464002459
15198,0.32520529301554
15199,0.020904096596622734
15200,0.3276268345461149
15201,0.013364627440432706
15202,0.0033225575494672897
15203,0.00419455918671321
15204,0.003510888339201512
15205,0.21883797846837283
15206,0.08164083745370711
15207,0.03226060003820229
15208,0.023896880254857086
15209,0.19163877412361452
15210,0.023242925293322253
15211,0.011495416530870788
15212,0.703380341613387
15213,0.008519136956642259
15214,0.046959962537355064
15215,0.029705924957437086
15216,0.8393045158486138
15217,0.045953674125251885
15218,0.02119471372490578
15219,0.004099110468781539
15220,0.03587453646772401
15221,0.01312578565261341
15222,0.18153789590709557
15223,0.013602212545470444
15224,0.011477215752871613
15225,0.3647556993786338
15226,0.6186918784514894
15227,0.034766449793059956
15228,0.511459214909546
15229,0.1924914059700231
15230,0.9146435850209689
15231,0.4763375404094507
15232,0.0543799294611232
15233,0.11495637047157055
15234,0.9595657342528092
15235,0.0045689183870942125
15236,0.21905676016538791
15237,0.09036349102804188
15238,0.004518961617021517
15239,0.005414535232623443
15240,0.25740062862465707
15241,0.03029001497652923
15242,0.3230653758154836
15243,0.572111423488074
15244,0.043430874600046486
15245,0.7635748721195077
15246,0.12330187965409004
15247,0.05334010413474788
15248,0.24063598974767417
15249,0.048814664080585
15250,0.007464994144022611
15251,0.019725376494681097
15252,0.3405032099011534
15253,0.1613656122978089
15254,0.00849916565960775
15255,0.0055406164054514675
15256,0.004028237840746169
15257,0.21295464572616177
15258,0.820815267080772
15259,0.0610176145402648
15260,0.03106155512877422
15261,0.9644826997362617
15262,0.01083602521488644
15263,0.5105609968344486
15264,0.26398968762318265
15265,0.530437685353134
15266,0.10600555323436979
15267,0.11219446287897465
15268,0.007137208803280316
15269,0.012346578314830681
15270,0.18050543630844332
15271,0.015040777800138263
15272,0.07668961544051814
15273,0.1116417423952323
15274,0.9531083600737763
15275,0.8849101957648706
15276,0.2492934531931785
15277,0.026277450353731108
15278,0.0047976691101812505
15279,0.029987944666743198
15280,0.9336956206799691
15281,0.013974552404062318
15282,0.14653006150378567
15283,0.42930420413361475
15284,0.009757394240776786
15285,0.9325542801536991
15286,0.003318706068481541
15287,0.00770918762262455
15288,0.009837662837929521
15289,0.030665738147134275
15290,0.002751357253233694
15291,0.007692119630334895
15292,0.19387635501976205
15293,0.941770216702881
15294,0.00953833987188007
15295,0.10374542670366609
15296,0.06962574578981076
15297,0.007279120867227499
15298,0.0032555475683621483
15299,0.01177445586123403
15300,0.0194538256713834
15301,0.28043840073220133
15302,0.19145517515776989
15303,0.008659445707509593
15304,0.04129540073204015
15305,0.14150115515114992
15306,0.047426798149252415
15307,0.6106244887828729
15308,0.0027677046008562295
15309,0.89506466143435
15310,0.4832967462781513
15311,0.21950015087451924
15312,0.023243984348220795
15313,0.009688264618004537
15314,0.0032927119966290348
15315,0.004284688147268925
15316,0.16604151417319238
15317,0.02087588476884507
15318,0.6733289549117784
15319,0.00353026882202431
15320,0.058236630891528064
15321,0.006460931154425934
15322,0.04179431925755665
15323,0.0031053478024450037
15324,0.6715361695797624
15325,0.001847924106753899
15326,0.013426954507947168
15327,0.5096304032772375
15328,0.11169275669354535
15329,0.004378036321347018
15330,0.14888261011902337
15331,0.027155608009444113
15332,0.015469683038155359
15333,0.04022485253263783
15334,0.20035227465115962
15335,0.008295974260880724
15336,0.23823548766088978
15337,0.01595230262604194
15338,0.3008120284321878
15339,0.02556322060629588
15340,0.006545703536808541
15341,0.0025084263727693764
15342,0.8804820881110235
15343,0.06483315414293866
15344,0.05010726080418234
15345,0.15662800643332905
15346,0.8661615922528034
15347,0.17904205102824894
15348,0.08856289550268488
15349,0.013539224944983868
15350,0.034884477212535465
15351,0.013358294992831296
15352,0.039836830524257544
15353,0.4404773944005539
15354,0.023531979600402285
15355,0.1851994513085541
15356,0.6598735311771746
15357,0.005586633572743677
15358,0.014901910252849917
15359,0.0013042252525927189
15360,0.008342216497593489
15361,0.004631595523194249
15362,0.031223557450383316
15363,0.008088840447217865
15364,0.1072368104853782
15365,0.5534984555061109
15366,0.46561883248974084
15367,0.8618565347955668
15368,0.06367958735228522
15369,0.03453018757730539
15370,0.6413657730355581
15371,0.03491552789265957
15372,0.013146432087292277
15373,0.12402132168202432
15374,0.3241338759446982
15375,0.13280181987799572
15376,0.2887665363130287
15377,0.7803665709188998
15378,0.06830273650621224
15379,0.6620895674135526
15380,0.6598907496037835
15381,0.04292108280010548
15382,0.010563795475268567
15383,0.006910723037979151
15384,0.5957086949981178
15385,0.29253393577474857
15386,0.20878191941908958
15387,0.05577432150508903
15388,0.010016190872538808
15389,0.16954626626083563
15390,0.256629324925922
15391,0.10564413247123236
15392,0.005211372187629423
15393,0.026702334600556578
15394,0.004630707836993302
15395,0.010393217546962274
15396,0.11355546186605178
15397,0.0012694713172358221
15398,0.014204737511293647
15399,0.008104634896395653
15400,0.5007638761607058
15401,0.128658891273848
15402,0.005915748887542102
15403,0.04832193465345054
15404,0.02934494590751736
15405,0.01593052192834305
15406,0.3610767304257305
15407,0.01850995313058884
15408,0.10363829705312373
15409,0.6313722011797535
15410,0.31347939689559295
15411,0.0034661564650680476
15412,0.077376198663276
15413,0.7794443255949581
15414,0.878733205104523
15415,0.004066119037236001
15416,0.00644855694487537
15417,0.3548912869351294
15418,0.07621077938346661
15419,0.2106093614612014
15420,0.05258860728293234
15421,0.10449543010143243
15422,0.2232794039185468
15423,0.25916639206104214
15424,0.016636766836874723
15425,0.9079077499039421
15426,0.6977105002482186
15427,0.07391469292157395
15428,0.04647429423529883
15429,0.1903798060030164
15430,0.005945949393405644
15431,0.02419371408521695
15432,0.025978289495632113
15433,0.003421803462344569
15434,0.00605870112525653
15435,0.009160757695654552
15436,0.06886388573569095
15437,0.06733894225614305
15438,0.012974230523877068
15439,0.048012388593052374
15440,0.037143184173348366
15441,0.8978580470400865
15442,0.7077548896895749
15443,0.6044559720882206
15444,0.006597706439823303
15445,0.0114918979274856
15446,0.08421320169864048
15447,0.004730054298264172
15448,0.8945354891338079
15449,0.03603073044584885
15450,0.01639854960302476
15451,0.011699202958151755
15452,0.541127031763564
15453,0.06754799381472582
15454,0.16466789802528795
15455,0.7938458103614245
15456,0.054608362721129594
15457,0.0016372346531679301
15458,0.10521072597259934
15459,0.5199160833038564
15460,0.5786155640827375
15461,0.11982317447927078
15462,0.025345461666873955
15463,0.003042888828339446
15464,0.8854334938771096
15465,0.2528568374749369
15466,0.0057126240392169955
15467,0.8175537849518447
15468,0.004897317499636854
15469,0.0663123575704712
15470,0.0030801461973402194
15471,0.05343099954177271
15472,0.07296054825290621
15473,0.19564561139429731
15474,0.17459672392852546
15475,0.5069488775987744
15476,0.38126193487287574
15477,0.020982097651104342
15478,0.013211606568308183
15479,0.04866098190871896
15480,0.5170118543861649
15481,0.9608744784153932
15482,0.037943253538143575
15483,0.9651631460861887
15484,0.02041121419155524
15485,0.352705795278865
15486,0.007375997538987747
15487,0.9126619315122031
15488,0.01980847204303632
15489,0.1926059064250281
15490,0.9450086442059162
15491,0.5207125358689713
15492,0.8582671391577524
15493,0.11801534709139296
15494,0.08521327954064821
15495,0.41669480542937926
15496,0.020428117048876288
15497,0.002626750528885218
15498,0.8991438749796654
15499,0.639266686844995
15500,0.005763255498991566
15501,0.004439338834226628
15502,0.014686306455527449
15503,0.8868092939166377
15504,0.06201874530970786
15505,0.018820439634823032
15506,0.14296265363979146
15507,0.0077964142010282485
15508,0.20682120060590087
15509,0.0092409900381598
15510,0.1530535175408278
15511,0.08400567490930094
15512,0.00355350504633382
15513,0.020470809300062783
15514,0.06728462331595315
15515,0.002811802813323068
15516,0.10115558817627733
15517,0.2717618634076163
15518,0.005805718118397822
15519,0.03230582841714467
15520,0.28311748763446176
15521,0.18918858523445561
15522,0.09966603563394769
15523,0.11589766785140583
15524,0.039259960081493614
15525,0.0027427890676332833
15526,0.04571875114291079
15527,0.013246383297577718
15528,0.006737931686761447
15529,0.02557087082594862
15530,0.019110800244407602
15531,0.05256185441129856
15532,0.04954393386078034
15533,0.20553978447734805
15534,0.008666504134054138
15535,0.15028076377425076
15536,0.3150510262954473
15537,0.012465441680056342
15538,0.06003621193725348
15539,0.007723495973982093
15540,0.062061471423818265
15541,0.01800009162414687
15542,0.003398800638442942
15543,0.02139303554570326
15544,0.006134247401475399
15545,0.06678996879412127
15546,0.6095633827042611
15547,0.05132725066422372
15548,0.007005473866800664
15549,0.7441066334833956
15550,0.01175393080233584
15551,0.007325568468859683
15552,0.04983722587095205
15553,0.05463088747890522
15554,0.40414384694522093
15555,0.011428137301229803
15556,0.01737228449206398
15557,0.02017958210400295
15558,0.09383941472183009
15559,0.11527939992391889
15560,0.012889923989598224
15561,0.012723527963673159
15562,0.02182089946815172
15563,0.02094386838237654
15564,0.013794529167482937
15565,0.04036972696721209
15566,0.02202878099198278
15567,0.006320297740652502
15568,0.005531617319585343
15569,0.020775446127210925
15570,0.18105303418974594
15571,0.38070748130560444
15572,0.9506711805343684
15573,0.06260129976271978
15574,0.009194785037077912
15575,0.07896714468352325
15576,0.026077302177419173
15577,0.7704470009655405
15578,0.6568319479540814
15579,0.39825420688606306
15580,0.025254276156969128
15581,0.11580116988270751
15582,0.026447650923576288
15583,0.006163408827147751
15584,0.019169517466661557
15585,0.7409099558818688
15586,0.002514510360612442
15587,0.004345321001757822
15588,0.04639946049280942
15589,0.012626925359107897
15590,0.019899354862245505
15591,0.028979429488322026
15592,0.06775243276751558
15593,0.8413397271296198
15594,0.7832230857496282
15595,0.0242798356241744
15596,0.6783979622753707
15597,0.674236136011104
15598,0.2099342313034899
15599,0.11469557017128797
15600,0.6918596863096178
15601,0.6043463688394956
15602,0.02162584998532692
15603,0.007450115696732212
15604,0.29523149242693686
15605,0.27903561085933626
15606,0.03489515215301979
15607,0.03773295945350902
15608,0.008093607900496907
15609,0.02775810681005305
15610,0.658685912575572
15611,0.0030852355563365423
15612,0.2642369013178188
15613,0.321470660011266
15614,0.13813253670740402
15615,0.3090871407710585
15616,0.0068182366554206085
15617,0.9525965121730955
15618,0.3656327768639524
15619,0.004168498616446261
15620,0.20056743071686725
15621,0.013647143966840962
15622,0.011801946478492602
15623,0.037085041162596005
15624,0.011973914229382867
15625,0.9572710060848951
15626,0.006194307844675799
15627,0.2527087402662414
15628,0.00730701888657028
15629,0.020883770877772066
15630,0.07291452238652116
15631,0.24864049460117219
15632,0.0035656562480331413
15633,0.005717014808475879
15634,0.055374049188170946
15635,0.4000717934897415
15636,0.02006164215282945
15637,0.26472159980517496
15638,0.011770227696081492
15639,0.30981742785821964
15640,0.5698643680960686
15641,0.6108137882472694
15642,0.19071140302664782
15643,0.01091063032218299
15644,0.2217542111833435
15645,0.008983437780985787
15646,0.1298688407621459
15647,0.00860079237133261
15648,0.11276353384563514
15649,0.059514503248882085
15650,0.0261143135211653
15651,0.007037151848087886
15652,0.008680417111550985
15653,0.636794937235788
15654,0.15144228541011195
15655,0.8378788169103182
15656,0.3331225340597396
15657,0.8814929394239747
15658,0.09084051798277194
15659,0.018544073941499064
15660,0.019966202671900416
15661,0.17844162951091191
15662,0.10037119341021283
15663,0.012096977684592315
15664,0.14015453341453843
15665,0.26069596728752475
15666,0.004460924123737905
15667,0.009838000669359703
15668,0.007516601285209793
15669,0.25141175061958293
15670,0.6170597641179233
15671,0.10681701827736739
15672,0.004140288809146901
15673,0.11990419358379832
15674,0.26070930953828814
15675,0.749967354927069
15676,0.01152363189577083
15677,0.6455828874041323
15678,0.16240516992627235
15679,0.013004177706844882
15680,0.185653742360567
15681,0.0029180517726842548
15682,0.004172837582511605
15683,0.08265977514468796
15684,0.017694981350855607
15685,0.04382881925026419
15686,0.7074122114707001
15687,0.0030870535781371694
15688,0.6544824869492711
15689,0.22176431507607514
15690,0.15496668923077378
15691,0.0058844148313738605
15692,0.13959722954089923
15693,0.03212048738838883
15694,0.009151622446303201
15695,0.008878797245172855
15696,0.01699010788870939
15697,0.0048168710010123485
15698,0.15121704072350098
15699,0.013331508746618854
15700,0.010957405833693968
15701,0.2387677449796445
15702,0.021939590276141105
15703,0.24039254639758126
15704,0.0016737817552342684
15705,0.926975457688686
15706,0.21981227116998178
15707,0.06481798210390292
15708,0.7676329072393713
15709,0.00504356179752815
15710,0.7509713423493127
15711,0.08128773510412951
15712,0.009510560554150753
15713,0.00536804383679341
15714,0.0043722312928165695
15715,0.7874017630700579
15716,0.11600982980652365
15717,0.02148419987594639
15718,0.07273822205987691
15719,0.714760614512226
15720,0.5035114609360173
15721,0.076579825869001
15722,0.0061601052472718965
15723,0.006161653914968344
15724,0.10375209475751741
15725,0.006820631694185325
15726,0.008972011653031166
15727,0.024734931782289603
15728,0.01478225613756141
15729,0.9091066884449046
15730,0.11604674936815605
15731,0.006254521965715153
15732,0.9525429633796327
15733,0.3523916768916727
15734,0.05293276660940286
15735,0.4328078891132298
15736,0.017254148334672165
15737,0.4594684251026201
15738,0.005504414002971421
15739,0.011594400199481984
15740,0.03914981472890607
15741,0.03738441611198755
15742,0.8137154801667791
15743,0.4209058557450532
15744,0.015471345329364332
15745,0.0036448717680365246
15746,0.023220428692448544
15747,0.2937435589895942
15748,0.2646592369612975
15749,0.004327889367608313
15750,0.06837690244682226
15751,0.0030373673054607895
15752,0.3025460387521504
15753,0.04538687807394251
15754,0.0039054198662257255
15755,0.12329692951660734
15756,0.002627719886800717
15757,0.009839286904730045
15758,0.2316669864593988
15759,0.12232148585728121
15760,0.03490964603534883
15761,0.15275997833274935
15762,0.4739292715904216
15763,0.7673639668708043
15764,0.020087326555844175
15765,0.01106227894493114
15766,0.018859580898389648
15767,0.012971701743327324
15768,0.010281413179830633
15769,0.005964120103891971
15770,0.2166764029502376
15771,0.09791486744195466
15772,0.014538657373220416
15773,0.01970240708378214
15774,0.11770539368479162
15775,0.09015726130133483
15776,0.12215997164800846
15777,0.7562533610471153
15778,0.9443466932719461
15779,0.06816855639898695
15780,0.527565870197644
15781,0.03629253065495344
15782,0.027154831599551375
15783,0.020284438789006418
15784,0.06330084905173139
15785,0.030687412495722443
15786,0.010303141315873413
15787,0.003604545871871781
15788,0.6553499906215328
15789,0.76766020720712
15790,0.06822254644070695
15791,0.007381628184236807
15792,0.9351957943118444
15793,0.00972974178513361
15794,0.01642313558639609
15795,0.2453647919285633
15796,0.0034126581757529307
15797,0.145861349873694
15798,0.88374681383284
15799,0.011070598204496336
15800,0.2000476645617735
15801,0.6866371178775488
15802,0.4570500085544692
15803,0.14565774837648454
15804,0.048000180816674905
15805,0.0811307054939729
15806,0.012929394829836285
15807,0.5878900327490457
15808,0.418480433790383
15809,0.01671026414681767
15810,0.7681802767414189
15811,0.306657860701777
15812,0.204088173512181
15813,0.0036063485353187473
15814,0.13855349276994988
15815,0.016732786615279608
15816,0.18262095403746728
15817,0.02012310584790037
15818,0.19127412569884988
15819,0.03519000611503911
15820,0.015417985898825693
15821,0.7889968959502737
15822,0.19462052768796118
15823,0.2676982362209444
15824,0.008649146017921043
15825,0.0024395137658828883
15826,0.007647476603882939
15827,0.054886074140531954
15828,0.014291937969467395
15829,0.2915470773805403
15830,0.9359474836400861
15831,0.09193671150124913
15832,0.024511423034620807
15833,0.450561046951896
15834,0.086975543855049
15835,0.013943357015825598
15836,0.004259764150387625
15837,0.488266969342632
15838,0.004817084323168074
15839,0.003132221745492323
15840,0.010942995091780592
15841,0.004306819311875229
15842,0.08129839651327687
15843,0.11800930583907472
15844,0.10838111479041057
15845,0.607553820433941
15846,0.742121685949991
15847,0.012093290986041838
15848,0.05763569170591198
15849,0.11975872236102225
15850,0.0028818857065150594
15851,0.01530249911255983
15852,0.013599685986037424
15853,0.014573601362269544
15854,0.005109938342841818
15855,0.15101642293207165
15856,0.27011384863614923
15857,0.07504633161997908
15858,0.05727760186373461
15859,0.45744049057893094
15860,0.006376571213413051
15861,0.44095254650368365
15862,0.016933077607376053
15863,0.022343982798511387
15864,0.9719463766975969
15865,0.27085416183936656
15866,0.03632767314099156
15867,0.15943007913796398
15868,0.01003542060065819
15869,0.01219156281715303
15870,0.005972477172976657
15871,0.01913497219104433
15872,0.10455393236934776
15873,0.20615557498984324
15874,0.022133058045314555
15875,0.0344092760001366
15876,0.006100737855273017
15877,0.020390973173492512
15878,0.3630500213056716
15879,0.6716676137505941
15880,0.004645441151224661
15881,0.032353551655811205
15882,0.027817996712032347
15883,0.03887008270817141
15884,0.057939547747693554
15885,0.03956554867370086
15886,0.5455140715682806
15887,0.02241018962959098
15888,0.25968974470207085
15889,0.029060145975657776
15890,0.014335143132681057
15891,0.7856186643836593
15892,0.02499883856799394
15893,0.36848576901079844
15894,0.009455798761191786
15895,0.02136546686649264
15896,0.12743297700513076
15897,0.738412402774747
15898,0.019423012908432225
15899,0.005508024838608584
15900,0.40102416847167155
15901,0.30203585431352076
15902,0.009497507185082047
15903,0.6419289318146646
15904,0.004010787054406522
15905,0.05955908993705917
15906,0.03754000920328665
15907,0.15050164853832013
15908,0.01887164333841069
15909,0.11425088753494986
15910,0.031318210846768224
15911,0.1864227341817028
15912,0.01556633724316136
15913,0.012085184653357523
15914,0.30840825344896083
15915,0.10764239823869193
15916,0.01646091308815267
15917,0.004794495750266113
15918,0.028287865583703043
15919,0.1954971011696045
15920,0.21552572332119163
15921,0.4008287205371131
15922,0.020771987283267034
15923,0.005157911085374162
15924,0.7411815312496728
15925,0.00546676044760379
15926,0.011638387170278883
15927,0.9194707828193565
15928,0.11372442098412688
15929,0.8124511055719645
15930,0.9342946953882993
15931,0.3318171474432019
15932,0.024626262498133277
15933,0.8370344770244834
15934,0.013245700547585903
15935,0.0038838745336278457
15936,0.011665984755460865
15937,0.004120929954290284
15938,0.08728772443336558
15939,0.010164554172710193
15940,0.11126269660594162
15941,0.09387477500164866
15942,0.0075446772778987
15943,0.042710330853940465
15944,0.004577329486141596
15945,0.002313445457069032
15946,0.08982939584331612
15947,0.002986038199220965
15948,0.6711199705525737
15949,0.7020831285134258
15950,0.0047070130669950895
15951,0.012645462354039303
15952,0.8287041090306885
15953,0.6009500354775116
15954,0.013937980867233753
15955,0.1334672037951965
15956,0.04927137563007717
15957,0.04352069492554143
15958,0.8740084500193299
15959,0.1244555696085382
15960,0.004684039816282182
15961,0.5710717421191963
15962,0.00746438512975348
15963,0.00545248274593022
15964,0.252183530878512
15965,0.13434480987649272
15966,0.9386359997372219
15967,0.017070823286122902
15968,0.4840625491236581
15969,0.04420737542322919
15970,0.06203653325782755
15971,0.07519130886310346
15972,0.981715571608308
15973,0.007028565724913643
15974,0.24821346410498799
15975,0.02237436157379091
15976,0.006094518274696196
15977,0.030938738955610855
15978,0.2432416627765882
15979,0.010833669972575947
15980,0.021286091689135537
15981,0.004311863799843192
15982,0.003854462046021971
15983,0.02386912091064182
15984,0.005960212112679486
15985,0.2393103171235364
15986,0.43399347364527535
15987,0.022599196665570562
15988,0.03315846031237664
15989,0.13024298908860277
15990,0.41969062190187884
15991,0.006696801975319423
15992,0.9539019248806802
15993,0.02905717474664008
15994,0.00674625035485917
15995,0.03340546370817683
15996,0.8963755493818886
15997,0.248154182577938
15998,0.02401381614273683
15999,0.008006451448750616
16000,0.5348305555261497
16001,0.010749040638374053
16002,0.01989466571843454
16003,0.013345669390163543
16004,0.032765968659870776
16005,0.5033872427213443
16006,0.010898253323706189
16007,0.06405575652528109
16008,0.00726296269359576
16009,0.6065335645518143
16010,0.009259102220158804
16011,0.42825013894939473
16012,0.015583058717922905
16013,0.0062166482978157625
16014,0.030010345776708566
16015,0.28194749488278725
16016,0.6275228512779449
16017,0.2507663106708859
16018,0.0341272975139591
16019,0.1212021547697387
16020,0.013702805569246574
16021,0.004468809899555594
16022,0.003610072043628126
16023,0.051762778122009113
16024,0.009457445751249155
16025,0.020487910916220237
16026,0.9175091284027431
16027,0.006053669863280233
16028,0.056417585810395965
16029,0.026384187685006517
16030,0.008988166881672595
16031,0.22110960642375935
16032,0.5267426631885574
16033,0.07904248866315243
16034,0.6735152876581266
16035,0.03786550182059733
16036,0.10475431660397051
16037,0.10658470974921991
16038,0.16535318429602042
16039,0.06562692041748969
16040,0.11396848302586142
16041,0.906901225508894
16042,0.09235697737128673
16043,0.012829776042722835
16044,0.009311959064404815
16045,0.9668571815177701
16046,0.4455985974425255
16047,0.26167626855047227
16048,0.08998894272536496
16049,0.021762235319126938
16050,0.017002358959319133
16051,0.020116188557403398
16052,0.02173193731113733
16053,0.003475018072927093
16054,0.2471717706940219
16055,0.13345830132056424
16056,0.2518375136179255
16057,0.7661039028300384
16058,0.6432474439142943
16059,0.10017997281468041
16060,0.8123153887820815
16061,0.02783745703149817
16062,0.044705295811726546
16063,0.005709781422930726
16064,0.010549656732094286
16065,0.011926603096263755
16066,0.011271723654812231
16067,0.00562551214988331
16068,0.5856707190885018
16069,0.016968120801990512
16070,0.7849521145846157
16071,0.004759337342800837
16072,0.020428442103628538
16073,0.6068872259129217
16074,0.011544042622631989
16075,0.3170175797513448
16076,0.44879699548358976
16077,0.5169545125410363
16078,0.7540399281379706
16079,0.5121993922809485
16080,0.014836274064356446
16081,0.026087358727432286
16082,0.2391956128549197
16083,0.1729008878556769
16084,0.007854823861448305
16085,0.009429249877732238
16086,0.5367039223482161
16087,0.01572000992582645
16088,0.006157831316760695
16089,0.0031764645508671357
16090,0.921815380878991
16091,0.08092696709476961
16092,0.067216152644444
16093,0.1681334638365176
16094,0.4997262651635671
16095,0.2160658093454159
16096,0.04320248816290209
16097,0.4264207682236939
16098,0.1630397100694977
16099,0.5002432985473156
16100,0.009241576284809778
16101,0.043363844100968774
16102,0.08011014664195008
16103,0.012430455536465022
16104,0.004915527496403142
16105,0.8903293092294332
16106,0.012840943401466118
16107,0.021490418880579093
16108,0.7000866928880585
16109,0.246706179321127
16110,0.006900917742889201
16111,0.39780011486869926
16112,0.01998680938582812
16113,0.1817558603011729
16114,0.04846233159879265
16115,0.9409712777533573
16116,0.005211746549604094
16117,0.006238546089486316
16118,0.010451224783820807
16119,0.3848841257964479
16120,0.0028940083368127366
16121,0.0060372906653817695
16122,0.046715979328916975
16123,0.0036313535284932794
16124,0.037896542616082024
16125,0.004114297142573053
16126,0.1030659338446063
16127,0.12199996960536925
16128,0.05784917434260163
16129,0.10291096854603461
16130,0.8175824073572915
16131,0.022924478200299393
16132,0.5500914271065412
16133,0.9422880613623755
16134,0.37195049431136273
16135,0.02628890073150144
16136,0.027636974590140074
16137,0.05480435447245219
16138,0.003781610082914942
16139,0.0065194590130571725
16140,0.009259025400509187
16141,0.206952412715232
16142,0.007647002213365043
16143,0.00852230678293448
16144,0.003692908541680946
16145,0.006960154383607819
16146,0.12030983585555162
16147,0.10919810948171443
16148,0.43556906347287155
16149,0.9427310098134793
16150,0.06062465614022635
16151,0.3459335032705653
16152,0.4306144006213151
16153,0.5355607724651344
16154,0.00453956116058407
16155,0.3102961003804882
16156,0.004601474655430041
16157,0.3291053134667672
16158,0.28764730097636787
16159,0.2921897019457634
16160,0.22794702974495146
16161,0.6137764852241182
16162,0.01830833933387013
16163,0.010676415192798551
16164,0.8109818715567766
16165,0.19997956297956607
16166,0.007867315660505768
16167,0.6118695965955481
16168,0.09566670831734952
16169,0.018798380386791803
16170,0.031181679823857462
16171,0.40643567308179324
16172,0.013201677743584635
16173,0.5725188585262034
16174,0.12394521224517278
16175,0.015382849159231736
16176,0.005647345657149476
16177,0.33696419054740145
16178,0.020256546243309602
16179,0.10474830092930772
16180,0.014072959952456443
16181,0.006186716485893013
16182,0.05616545919731416
16183,0.0031835500681693996
16184,0.012194002521505003
16185,0.09124588348667677
16186,0.797592573243209
16187,0.1451664831918575
16188,0.01779016583758545
16189,0.06903614158259705
16190,0.0110568399554493
16191,0.8523725906051429
16192,0.8117993766930676
16193,0.5659670013498855
16194,0.9461664130771474
16195,0.31464094104019735
16196,0.26304782925764864
16197,0.08810274951853625
16198,0.04963104419373547
16199,0.015652101297752102
16200,0.16302335867732323
16201,0.2082189868134244
16202,0.20147771209457932
16203,0.6562951018303447
16204,0.018394211661202073
16205,0.5191805185806516
16206,0.013220070940358264
16207,0.047670050330767336
16208,0.1934620889007594
16209,0.12183315824008878
16210,0.15923866340360043
16211,0.17046392317636944
16212,0.11595504473914973
16213,0.1459501925185399
16214,0.2554594346836567
16215,0.035691268866992684
16216,0.05965660344440437
16217,0.7294811639251865
16218,0.012665278692137533
16219,0.023780535283471016
16220,0.003477300225454096
16221,0.11517399753200029
16222,0.465595463808444
16223,0.9026714801488697
16224,0.002123743748121641
16225,0.05755693885283753
16226,0.09101240182853526
16227,0.0038752497472425308
16228,0.11685921419157169
16229,0.10114918878122564
16230,0.013087005604721057
16231,0.564044446282326
16232,0.34555722982499304
16233,0.4478662293685417
16234,0.9424516753682646
16235,0.0033733333766877514
16236,0.04260464505308006
16237,0.4551473784247668
16238,0.15850217948841547
16239,0.06164299936016405
16240,0.17317564216240097
16241,0.14043357859273006
16242,0.006905937637042194
16243,0.05297234150334457
16244,0.3697321820042523
16245,0.3113555572757955
16246,0.007028652174374475
16247,0.004117097299757011
16248,0.9511297846005126
16249,0.21641181888683264
16250,0.726249905787665
16251,0.7871211894011024
16252,0.004977780346216198
16253,0.013143846453584976
16254,0.006266674837172743
16255,0.055025791950265336
16256,0.03927347761503023
16257,0.013225343690846915
16258,0.036126110796109265
16259,0.14603737366154684
16260,0.008224357610870307
16261,0.11257901920681251
16262,0.036324030301442066
16263,0.03869470660497337
16264,0.007502382223095162
16265,0.013142485744676786
16266,0.7319754798385175
16267,0.015788133111309204
16268,0.13044357336205648
16269,0.02200736539416058
16270,0.10223179206074647
16271,0.008330109852570548
16272,0.16991550851079254
16273,0.06252355982227081
16274,0.18891404455746896
16275,0.026342172135745825
16276,0.17792057542043177
16277,0.9438100893641892
16278,0.022491012455137273
16279,0.33410750408277123
16280,0.006166639304458094
16281,0.6448594060933938
16282,0.010433562503811666
16283,0.006409170367329531
16284,0.1994304101718784
16285,0.1852734612833907
16286,0.017447698781536986
16287,0.00800939402489835
16288,0.3746716764522892
16289,0.048201269617274486
16290,0.0015557056090044136
16291,0.012524212882533867
16292,0.6093482568121237
16293,0.7966023234610805
16294,0.051867244428722155
16295,0.11933097089983256
16296,0.022049945559501932
16297,0.8884650050585854
16298,0.014287981203530881
16299,0.9151697795472404
16300,0.022872378148165607
16301,0.21265747314335198
16302,0.49016693369982084
16303,0.014371969497060549
16304,0.004334120938015826
16305,0.1179319588202113
16306,0.018671228153585497
16307,0.7929825590289734
16308,0.00485283405347722
16309,0.9160176243074446
16310,0.3551073948156426
16311,0.0550390995123802
16312,0.8364332534688192
16313,0.9500868196901052
16314,0.0032445979366793535
16315,0.5429176308515182
16316,0.9370273838675393
16317,0.03111792875162675
16318,0.010455208389262872
16319,0.47887705002860625
16320,0.2964718084635436
16321,0.009914597038312632
16322,0.09580700669750954
16323,0.004250045106543945
16324,0.002566211395183553
16325,0.045984938940467186
16326,0.10581456176452587
16327,0.026144628699034465
16328,0.5805195483407711
16329,0.06006318797241688
16330,0.169357972754252
16331,0.010666450238229501
16332,0.07925498091869539
16333,0.009089245837394523
16334,0.02221203236570011
16335,0.02930331346785707
16336,0.20995544432737429
16337,0.008314212154146598
16338,0.028202793869010354
16339,0.013707312941061249
16340,0.004028462287086156
16341,0.572974001240025
16342,0.011535190678296805
16343,0.1958002160016097
16344,0.04342046180191577
16345,0.004734982574754495
16346,0.7312953721309033
16347,0.014904446699656813
16348,0.008199442055349511
16349,0.3240475266466628
16350,0.05587735466544769
16351,0.01608876747255754
16352,0.006009741140951933
16353,0.006591452340613602
16354,0.14067607153069317
16355,0.6632357185479806
16356,0.9481625595352441
16357,0.9184559870401704
16358,0.010076736817759929
16359,0.1626397817039927
16360,0.008721344956478319
16361,0.8690350397955642
16362,0.11278630335248029
16363,0.005085418929256084
16364,0.01543522272296697
16365,0.3344413893629325
16366,0.5408925865642636
16367,0.038264947491427705
16368,0.8924736389618997
16369,0.19586818961801705
16370,0.30327722118520095
16371,0.04234593475737099
16372,0.012357749891242428
16373,0.11908293551993798
16374,0.07258447646495213
16375,0.008666796809787465
16376,0.11560800044709925
16377,0.29430552060465937
16378,0.008505885617430032
16379,0.7000727764181969
16380,0.2563124797881251
16381,0.38157749951135395
16382,0.026821965324859524
16383,0.004061691261055718
16384,0.10234202658632008
16385,0.013461321540549291
16386,0.770865682061259
16387,0.01177762298002571
16388,0.01820448460026262
16389,0.9281412859773195
16390,0.3945351310167063
16391,0.18218944884034372
16392,0.023377692665468627
16393,0.0023818230483222415
16394,0.004359578917885464
16395,0.026790087471284738
16396,0.4298156707254157
16397,0.02848575992764625
16398,0.5095604929329878
16399,0.002334104134723997
16400,0.20811261455724367
16401,0.01460231859286356
16402,0.6709414127265508
16403,0.0058335728979858935
16404,0.0038422915057591284
16405,0.027459729200850554
16406,0.5928179993982081
16407,0.8180750210904351
16408,0.6252366649731708
16409,0.35403763842052594
16410,0.06827682161964249
16411,0.006282496722155874
16412,0.9173804830081161
16413,0.9098245229050228
16414,0.034638492373698815
16415,0.005361682990835
16416,0.004937319442220753
16417,0.015933033444345587
16418,0.0062946471315142695
16419,0.026558119870494522
16420,0.22018022159081027
16421,0.04110843433716739
16422,0.023372759385023433
16423,0.3360873169572769
16424,0.008225298086856072
16425,0.043836877931162414
16426,0.008879047541469516
16427,0.004406468839817943
16428,0.014754721353989477
16429,0.8191538811028269
16430,0.0024653966448911512
16431,0.056268269064014484
16432,0.17674072471173205
16433,0.12891938075072212
16434,0.4562037558375387
16435,0.0035031550172325565
16436,0.00518135186957108
16437,0.002547189228427505
16438,0.08013112073414584
16439,0.052409111932060375
16440,0.0051384456069128275
16441,0.005351730856512686
16442,0.1498349592733914
16443,0.028693351615934875
16444,0.1725409917522122
16445,0.20015688789343236
16446,0.12444517569972392
16447,0.048045639139114006
16448,0.037787991754906845
16449,0.008259267909207196
16450,0.044068088106445316
16451,0.022318216029881856
16452,0.7060413336324747
16453,0.06942619112638104
16454,0.1977035752833004
16455,0.07925290598975336
16456,0.024433240297755975
16457,0.2524456675695508
16458,0.06742634100452834
16459,0.009966459982742766
16460,0.006205729866011281
16461,0.012667233669227125
16462,0.004689434087833319
16463,0.8816197984788566
16464,0.002806904603138508
16465,0.00793865460412245
16466,0.13704219131204126
16467,0.007431745398830822
16468,0.318291011956619
16469,0.006859522250850917
16470,0.008920657259502729
16471,0.5734356616984725
16472,0.019727694306945532
16473,0.016382476336457417
16474,0.005238485843764696
16475,0.8946651764649323
16476,0.8617735570466394
16477,0.010570574613583445
16478,0.010163721023586559
16479,0.006919918946900017
16480,0.040593916743928066
16481,0.045872822886237535
16482,0.013028139269463808
16483,0.7968370648735155
16484,0.11779323520263618
16485,0.006648485833244355
16486,0.021254687879403305
16487,0.01034142430287722
16488,0.01209688149846591
16489,0.7480052339145847
16490,0.015386360188069135
16491,0.01352231421479574
16492,0.6227594610177367
16493,0.00930828258891344
16494,0.5082293046010221
16495,0.1280540656690808
16496,0.013295495720454402
16497,0.056730708788432185
16498,0.11714607356942587
16499,0.06132344501724761
16500,0.054580138015167166
16501,0.010404542053193163
16502,0.517370783824353
16503,0.012934118327559441
16504,0.11069131547741992
16505,0.020808898944023622
16506,0.01459927397864062
16507,0.024577630463551613
16508,0.08012504766433741
16509,0.038036537243995173
16510,0.8032819903324069
16511,0.1323029383823818
16512,0.003317767745316387
16513,0.011966640981634271
16514,0.1954710613471207
16515,0.0392274107030698
16516,0.005996663508908315
16517,0.16327433606703906
16518,0.12288112451665753
16519,0.008738457815312534
16520,0.025925748760691928
16521,0.014116681395558401
16522,0.025867573821781426
16523,0.5981728501965595
16524,0.017193306570910845
16525,0.3256942569867667
16526,0.06577738641584392
16527,0.0021210121797499253
16528,0.8420741602470845
16529,0.3409929479065714
16530,0.004300730854853946
16531,0.01340274933596812
16532,0.8751629179736297
16533,0.008758900757062496
16534,0.08491786941097942
16535,0.02121857305052449
16536,0.14786537042818929
16537,0.007931862095170794
16538,0.020093223073617807
16539,0.4342178635628002
16540,0.19524693203674462
16541,0.016360651717357736
16542,0.017693711854968833
16543,0.36146702854005125
16544,0.2853770714194679
16545,0.19182741798974212
16546,0.005221821249254145
16547,0.30465731398461743
16548,0.6309946768004662
16549,0.014894160679879127
16550,0.19439512763087702
16551,0.00668834120980595
16552,0.006788718546659085
16553,0.022942291638523033
16554,0.01953019149249047
16555,0.013742520617955807
16556,0.5576846471274118
16557,0.912333732525083
16558,0.046454308217317636
16559,0.08156474474188576
16560,0.045865554850444724
16561,0.048580216970173354
16562,0.042133217532404836
16563,0.022697279505830205
16564,0.16080176462510637
16565,0.9637957485733915
16566,0.5225922439986848
16567,0.37697285594905866
16568,0.6149998175743181
16569,0.004104782872909551
16570,0.24672669669247363
16571,0.1623216081566146
16572,0.018896324757307757
16573,0.004852751418405972
16574,0.7412815758299941
16575,0.023102514081385736
16576,0.015853988227426768
16577,0.08035566996880351
16578,0.0060753342702903005
16579,0.04316363427639661
16580,0.027724745111077764
16581,0.04577714614649111
16582,0.4187790920391274
16583,0.017635814513232838
16584,0.003987982317044696
16585,0.007520997718932926
16586,0.7495580561340046
16587,0.1366378563496439
16588,0.9426914340937687
16589,0.006015422680999063
16590,0.7831971320040796
16591,0.0025910083448307496
16592,0.9619816237701369
16593,0.15265623521564012
16594,0.8324605710993441
16595,0.016942482661809553
16596,0.009121175285975485
16597,0.6223637118374554
16598,0.5498162612952566
16599,0.031036617227490376
16600,0.5367637198095468
16601,0.0050702061115843544
16602,0.398142441959664
16603,0.003429069307312022
16604,0.0756888039265077
16605,0.010115337065008802
16606,0.24724814647376228
16607,0.09523471142546963
16608,0.8451991294804527
16609,0.7471169146854948
16610,0.33979973220702114
16611,0.00726873862610003
16612,0.012267305445907841
16613,0.010795890741487789
16614,0.5114964249164318
16615,0.017000451411189766
16616,0.15001703503867256
16617,0.07618979346471703
16618,0.004582151162727579
16619,0.17855764530991144
16620,0.009516079057872032
16621,0.760637066345921
16622,0.5926075482191631
16623,0.01307588591006501
16624,0.47249369196151386
16625,0.005243959495796404
16626,0.0031113903578197178
16627,0.020166507812306174
16628,0.004173817151618261
16629,0.046595363492854085
16630,0.1421145776101612
16631,0.828570616805304
16632,0.014701996850508981
16633,0.2929842890950873
16634,0.003329623488891917
16635,0.8472732847483223
16636,0.022890795695802338
16637,0.008225565965813251
16638,0.18933652768779677
16639,0.01427690787823923
16640,0.5336430423623245
16641,0.013550088993216658
16642,0.010892935754217473
16643,0.013559076039694355
16644,0.017736957762241226
16645,0.05817066342715939
16646,0.01793106518487139
16647,0.04239889162206665
16648,0.08825691343511714
16649,0.23289617465363427
16650,0.006386834613927596
16651,0.004574023320321268
16652,0.050290490258863445
16653,0.003553747629076704
16654,0.0036386393543573104
16655,0.004858060422897149
16656,0.6371126529489283
16657,0.37724351564098585
16658,0.0049397396030612245
16659,0.02261442795226465
16660,0.7673505244473457
16661,0.33822384226322927
16662,0.04511586240195018
16663,0.0372690985985439
16664,0.06311446010628595
16665,0.054501100875480685
16666,0.04262974671760594
16667,0.022273355608398503
16668,0.5044554089188243
16669,0.004969798644590356
16670,0.008241643090075211
16671,0.004622511000820903
16672,0.2713673987491603
16673,0.8224165264850616
16674,0.003707195816584937
16675,0.1490943585879158
16676,0.016981238859536268
16677,0.01498480952403668
16678,0.006154172435928489
16679,0.0021812051899004186
16680,0.005294178438844856
16681,0.007809105286969526
16682,0.4729432945443285
16683,0.02830883949105091
16684,0.009829454116722829
16685,0.10958215755235616
16686,0.5950595468511463
16687,0.00549312088579754
16688,0.6468909139386467
16689,0.3203271813657524
16690,0.9372510407575524
16691,0.20386670443706456
16692,0.03177953568742876
16693,0.41324637235583644
16694,0.05794715360887912
16695,0.0026448906187573743
16696,0.0032039177719801826
16697,0.007061283315297622
16698,0.005255367093570633
16699,0.011450665663249123
16700,0.025650311267337994
16701,0.9205334881170855
16702,0.004351297827003242
16703,0.01241925927188472
16704,0.010577740772981577
16705,0.09855392773264571
16706,0.006514548597839221
16707,0.5276439182459243
16708,0.01711336178174051
16709,0.012530733562462197
16710,0.015429122984810013
16711,0.6637955248053578
16712,0.017019598291127737
16713,0.6712901099830978
16714,0.13741656505854177
16715,0.34661295554824584
16716,0.01937775074793182
16717,0.07969716579752478
16718,0.7639254133987944
16719,0.7001251787279462
16720,0.0073535020760262335
16721,0.23978782312816116
16722,0.12097971100484738
16723,0.0042071709494256645
16724,0.13100920374148012
16725,0.0029850314341662524
16726,0.007793305387677756
16727,0.6710899827588005
16728,0.5337140933993675
16729,0.07362082482999681
16730,0.011727996538669962
16731,0.0031742655274845243
16732,0.8712933091045906
16733,0.02514611092739416
16734,0.05907010922906263
16735,0.1682067659662799
16736,0.8234064832119229
16737,0.0290333512183325
16738,0.015110711285172426
16739,0.9171738032589107
16740,0.00908328025655667
16741,0.004685767207160087
16742,0.6233359828045894
16743,0.010679061137672278
16744,0.09014705753904184
16745,0.006970635219273071
16746,0.004773603637494814
16747,0.004797101177571972
16748,0.18473373665517823
16749,0.011554058222670421
16750,0.009400660064003748
16751,0.0945970019866397
16752,0.015239447446254183
16753,0.049416476780849206
16754,0.06890776948310318
16755,0.014934895367008094
16756,0.10787491461651587
16757,0.013047071461964837
16758,0.010806941183716357
16759,0.0419616888636095
16760,0.005549685609334165
16761,0.005195249884540976
16762,0.0038383783549730765
16763,0.022626961743525964
16764,0.7279364836209187
16765,0.0034597799526691897
16766,0.08342574474409702
16767,0.021853799391266485
16768,0.2909367923336282
16769,0.07394500009915052
16770,0.43701739830881875
16771,0.0034737128030558565
16772,0.2944664540438297
16773,0.003654206267916597
16774,0.005150332732849325
16775,0.00477081927698123
16776,0.030026378663126164
16777,0.30869861149734434
16778,0.23381936014867213
16779,0.021366830619264983
16780,0.18831199325867584
16781,0.188951130756848
16782,0.6476567620312262
16783,0.004837985711873752
16784,0.07071187018177165
16785,0.005589798001946514
16786,0.04537941099133046
16787,0.004680401611532228
16788,0.028421063738227167
16789,0.8678188533789036
16790,0.16705607177826415
16791,0.018007917706531675
16792,0.026109282979248954
16793,0.024848734209231154
16794,0.008952093079140456
16795,0.3554566119526342
16796,0.029366348256755204
16797,0.01071191237056392
16798,0.13614467761108184
16799,0.010780068680098606
16800,0.13303125870434945
16801,0.06224479118434394
16802,0.091826322920378
16803,0.009098789737803332
16804,0.11210124918202359
16805,0.0030568623118351927
16806,0.010221901773102768
16807,0.20349195369996298
16808,0.00472264409548494
16809,0.002048004620088605
16810,0.005556761792418647
16811,0.007946154828944849
16812,0.1677684250664051
16813,0.20478339634377413
16814,0.019828416502026724
16815,0.14105750406680523
16816,0.03856656491188295
16817,0.05978693670685402
16818,0.8360664822504108
16819,0.9854163437616866
16820,0.25110013976128476
16821,0.8985100454136905
16822,0.005515155652598542
16823,0.004693907518100647
16824,0.941881129055504
16825,0.03599269992578149
16826,0.012825673113181607
16827,0.006959672063374561
16828,0.0039727768408201365
16829,0.6872908502750286
16830,0.26024302874809035
16831,0.938574493376501
16832,0.7913165139837317
16833,0.828586152223592
16834,0.007510650147291076
16835,0.022751043835391293
16836,0.13434939263758722
16837,0.26811388261307156
16838,0.38208865798110453
16839,0.5160752424113
16840,0.9557765205995963
16841,0.0076218152875578045
16842,0.33723252353621186
16843,0.11366826998626896
16844,0.7737537390060052
16845,0.018559256855469955
16846,0.8177001727617186
16847,0.5243011090789242
16848,0.6391007595554123
16849,0.016186345694500025
16850,0.9136871242915854
16851,0.02346873664031195
16852,0.005027921404801417
16853,0.40522957544433985
16854,0.2542106247995097
16855,0.026815135950906118
16856,0.3804678583876917
16857,0.44743450749038777
16858,0.7424558845254091
16859,0.006714522484683901
16860,0.09864749053220231
16861,0.004495825516092442
16862,0.02820614668575733
16863,0.007889061164544757
16864,0.1161020912303849
16865,0.02711249711598331
16866,0.18882482833728567
16867,0.031444852731811544
16868,0.2677122337398004
16869,0.005428583732069117
16870,0.2157079578326261
16871,0.48027792032273353
16872,0.019115589155775044
16873,0.032843605641264005
16874,0.006935066707579704
16875,0.8661118467008477
16876,0.004732569749474296
16877,0.010819794101162971
16878,0.003883231558680486
16879,0.006034355500100928
16880,0.07044118527498866
16881,0.028552362317637563
16882,0.011581189178489078
16883,0.12308651004615456
16884,0.044140089867646434
16885,0.020608419028803213
16886,0.010556393386750115
16887,0.2046740503075744
16888,0.006465604396261601
16889,0.05592586100074626
16890,0.5186711171178641
16891,0.00548897146190528
16892,0.01721442091857551
16893,0.08068402852673032
16894,0.10524832583258581
16895,0.43545978613232816
16896,0.22383192177592895
16897,0.07643363597397744
16898,0.1810076030844313
16899,0.0610004533012808
16900,0.013023707970611635
16901,0.012712475018696164
16902,0.9497721811002229
16903,0.01774017645782096
16904,0.632531469938785
16905,0.0020661943809258173
16906,0.21469064163998094
16907,0.013908856120713386
16908,0.009999596004066785
16909,0.003667201310179902
16910,0.004672029637932205
16911,0.009985511869992374
16912,0.005947663107529293
16913,0.016454563948747575
16914,0.007680632562185357
16915,0.14945856290594717
16916,0.06451163246777068
16917,0.09455161229630611
16918,0.7319372801519239
16919,0.00834142248880151
16920,0.017275144745261463
16921,0.1347426182891588
16922,0.029762336338610206
16923,0.2236117473764385
16924,0.031782265751439
16925,0.1512653375526975
16926,0.05200944992931547
16927,0.03904273227079752
16928,0.4113192710418522
16929,0.809849320700997
16930,0.0023394027036093123
16931,0.7960468062643659
16932,0.2153955869838699
16933,0.01814511027879058
16934,0.026556773000780833
16935,0.013458082214643641
16936,0.783008439071709
16937,0.007737825114544267
16938,0.0034572772834037292
16939,0.013653605400781785
16940,0.2766401326199074
16941,0.18884383228283627
16942,0.1635108846354299
16943,0.9222253658186262
16944,0.01607472848758005
16945,0.015058732667356854
16946,0.07877053637974407
16947,0.052815751436025016
16948,0.061562091338113724
16949,0.9811747679707103
16950,0.22920250696001954
16951,0.9511733694318061
16952,0.0221275787371432
16953,0.032110701144712726
16954,0.07201087425034922
16955,0.005347644235795642
16956,0.09341300481210896
16957,0.29248133972455387
16958,0.016509719960418702
16959,0.0027761454908953095
16960,0.12251983385423648
16961,0.004192431798358405
16962,0.04121981628037443
16963,0.018010990922151648
16964,0.011805704664711621
16965,0.04565206351266196
16966,0.9377413779277665
16967,0.31347901591064903
16968,0.9376639086572497
16969,0.016511103059297164
16970,0.009587234223074486
16971,0.5705728728895522
16972,0.9194977417740493
16973,0.5983269208122595
16974,0.04682700313116871
16975,0.0030496424407460802
16976,0.14717202077029326
16977,0.07841828758506
16978,0.2036368436571844
16979,0.010474401810903183
16980,0.5355853628616816
16981,0.8798345402181613
16982,0.8105024383922599
16983,0.9493643704919726
16984,0.019615579746750725
16985,0.01419999423921453
16986,0.0038743444761134204
16987,0.014745869164496233
16988,0.0033174569433349703
16989,0.32917055848720367
16990,0.041967388283247954
16991,0.009056518623985692
16992,0.3985739552664592
16993,0.0036676571272277456
16994,0.04825496319398852
16995,0.0051368437495279895
16996,0.003695083440066239
16997,0.05073521429677612
16998,0.8114436505634349
16999,0.04867938891785771
17000,0.022467715149627518
17001,0.004927733427051897
17002,0.037453895352393615
17003,0.6485462018736671
17004,0.05499712324379229
17005,0.2144666723150882
17006,0.10142193871353902
17007,0.38713401606535713
17008,0.0258468863789199
17009,0.689326546320764
17010,0.035065964550935386
17011,0.043657242942429696
17012,0.0353194799318949
17013,0.00819121191076336
17014,0.49941528238554617
17015,0.7143893301161865
17016,0.00650952682298544
17017,0.12547440245568936
17018,0.016127590007433846
17019,0.0119866779906019
17020,0.048919879215818175
17021,0.035457413908832336
17022,0.05095305401779207
17023,0.8563667422401996
17024,0.008642142438359392
17025,0.025410144875337982
17026,0.006962449873333819
17027,0.008734632659457566
17028,0.7214990203326049
17029,0.009424407087781674
17030,0.0032133976128310097
17031,0.0052851893172070575
17032,0.748055936803516
17033,0.05190733030083553
17034,0.012697688058130534
17035,0.10747982130852701
17036,0.0057627410493863215
17037,0.006089533652236742
17038,0.07764505704390845
17039,0.009926727581528388
17040,0.011771413829254018
17041,0.007983279869885082
17042,0.8613376689888989
17043,0.09574066512518277
17044,0.015510364387765943
17045,0.15581630064709912
17046,0.7669138843830691
17047,0.007566983024903809
17048,0.09485868758984858
17049,0.0181656865446772
17050,0.22261391692934335
17051,0.8127704305498261
17052,0.07134299121404777
17053,0.8222196462197928
17054,0.007648263926480484
17055,0.02000892249153686
17056,0.059648136123765044
17057,0.023916698442777235
17058,0.008196244449548598
17059,0.012889520880443775
17060,0.4080214184372902
17061,0.8882591905022009
17062,0.0072558209415070855
17063,0.14458671384255825
17064,0.48574073435165765
17065,0.024002732792760065
17066,0.8074964897859535
17067,0.4950693411210316
17068,0.5677464440918579
17069,0.3371187101891491
17070,0.5154745810782108
17071,0.8944574702911622
17072,0.013631321052734473
17073,0.010256080044300248
17074,0.1963885726450259
17075,0.06288038889355971
17076,0.034202389619489994
17077,0.5050373655512076
17078,0.371119575878642
17079,0.5450479829372319
17080,0.3153071847886061
17081,0.012637523817216445
17082,0.02245510187877545
17083,0.11023015703257916
17084,0.2820099418570401
17085,0.9423997954924062
17086,0.07627334435601034
17087,0.13381717060032336
17088,0.005267501673967311
17089,0.01275282933431435
17090,0.007434182170557665
17091,0.006374215323371175
17092,0.19781039053936453
17093,0.0161328403740013
17094,0.14475778843066675
17095,0.7213551576369696
17096,0.43840694911705486
17097,0.2766126059286305
17098,0.005107241360711005
17099,0.004420308782002195
17100,0.6314827765635339
17101,0.0488861737282706
17102,0.6221500700368057
17103,0.010936963085733229
17104,0.02533249960363091
17105,0.4438975475319683
17106,0.010989379465541443
17107,0.25762053106056576
17108,0.061436428682660374
17109,0.007170519121545605
17110,0.008168824944825837
17111,0.006553055577499482
17112,0.2857848852912839
17113,0.13842319104464781
17114,0.005815085626531361
17115,0.5373581547799158
17116,0.35215598907688794
17117,0.006082505270545869
17118,0.5786566039682215
17119,0.054688176948750306
17120,0.13076253432724783
17121,0.030620080874316207
17122,0.6714182277211391
17123,0.20496226131741907
17124,0.9348810802645766
17125,0.005623145128252832
17126,0.10717828745026675
17127,0.05831410862269729
17128,0.8998748734260107
17129,0.006452698370221207
17130,0.22875890138147154
17131,0.07485269417005867
17132,0.29797048373795326
17133,0.09691929307778366
17134,0.15842948780648852
17135,0.23441964279762623
17136,0.011036435577153614
17137,0.05564887743637528
17138,0.8879561576245433
17139,0.14589763612944545
17140,0.0051921025881616
17141,0.38721051822275016
17142,0.02214859927475703
17143,0.34476376334136655
17144,0.0044779536076693955
17145,0.006104637395863422
17146,0.2336175776082354
17147,0.03752146348121395
17148,0.08892659062658911
17149,0.09675374781414357
17150,0.07523369760142892
17151,0.12122668864887493
17152,0.0835647675957111
17153,0.014129997418080454
17154,0.01227748278814093
17155,0.024847881090442912
17156,0.32451473765724637
17157,0.02895868996871422
17158,0.11611873248961023
17159,0.5464242950460632
17160,0.018366197230921307
17161,0.5291780438849834
17162,0.01152750419205116
17163,0.8315191923700369
17164,0.010672071737388772
17165,0.0036092453961929843
17166,0.14406424198093348
17167,0.005828056806227333
17168,0.06396453268064357
17169,0.44399884803043554
17170,0.0081531394568488
17171,0.01587226188477639
17172,0.06847118860890887
17173,0.06080850497091429
17174,0.06814724544323006
17175,0.5876920339833239
17176,0.23645622920273962
17177,0.38273050406370823
17178,0.06497961077031722
17179,0.4349509647136345
17180,0.01826407559986604
17181,0.24377677218135274
17182,0.1441935442032915
17183,0.1000488875493346
17184,0.19888104302832324
17185,0.00507909641294483
17186,0.005294905875105861
17187,0.020887753299300843
17188,0.5276988084284328
17189,0.016219841321018346
17190,0.13390738693935816
17191,0.07220184748073323
17192,0.03689897598218042
17193,0.006076488087708764
17194,0.012024546037395292
17195,0.009863467465459597
17196,0.01722833400456345
17197,0.009337261379665132
17198,0.31773688675784995
17199,0.9403982135184275
17200,0.12827899248213176
17201,0.2813344703666202
17202,0.4470268292135742
17203,0.0170576275272892
17204,0.8570275769672654
17205,0.011839499006945793
17206,0.00402365897187146
17207,0.4710621413437693
17208,0.005083232299299801
17209,0.007404260831298083
17210,0.004791693212778714
17211,0.014879732349070685
17212,0.06354543173744862
17213,0.21508416409579378
17214,0.07591802349602737
17215,0.9276973665167242
17216,0.022516729707999623
17217,0.6807652919321434
17218,0.25655195863618474
17219,0.17237489981998874
17220,0.013470967352397804
17221,0.019673938356067
17222,0.26133633997527267
17223,0.028059702195321678
17224,0.20965585213524157
17225,0.7009405120237111
17226,0.016100527829635412
17227,0.011611786815523186
17228,0.01855823780870769
17229,0.6664544397503124
17230,0.02370521997083168
17231,0.014745326886195778
17232,0.010254039798403067
17233,0.054728349359566095
17234,0.015021453644584402
17235,0.05229707953839997
17236,0.02899485294569651
17237,0.008217540042645508
17238,0.47391599059789663
17239,0.059901623003495566
17240,0.0030088571409493544
17241,0.008117361054609511
17242,0.006481610941109065
17243,0.09077107851675509
17244,0.3147598096841277
17245,0.1244921146975087
17246,0.02563466063689293
17247,0.0064808304808250125
17248,0.007214186229704963
17249,0.021680237880193114
17250,0.7816781210632151
17251,0.6433259446314513
17252,0.11386473987303543
17253,0.14295491873183436
17254,0.12961711862808162
17255,0.011694879213634626
17256,0.031148229567925824
17257,0.9429118317391928
17258,0.3961582191901239
17259,0.9088610524913925
17260,0.12714032493095428
17261,0.13312802472576352
17262,0.09160119195129582
17263,0.03250446382271527
17264,0.37190705058248463
17265,0.005369697546691471
17266,0.010223020213766955
17267,0.08419669990050972
17268,0.24825834927769097
17269,0.3358506551864188
17270,0.007049522957281863
17271,0.06153262356582832
17272,0.41987158469488045
17273,0.9088833283912986
17274,0.010306455842123268
17275,0.048551032455751306
17276,0.09771737599178812
17277,0.00859779841728968
17278,0.04564227977689114
17279,0.9166854388370644
17280,0.012716287349491383
17281,0.010616168491073165
17282,0.06548211938084388
17283,0.5495389695081161
17284,0.09426831659697048
17285,0.0353579437833137
17286,0.03743511206178156
17287,0.7677359180551814
17288,0.004011669009239312
17289,0.4062731044933382
17290,0.0022838754438163876
17291,0.004824776705745393
17292,0.17305431575722635
17293,0.6129725563538466
17294,0.6780772385573981
17295,0.10673947424635283
17296,0.00210302608112486
17297,0.28791472558208986
17298,0.05376726998149461
17299,0.24004031613351992
17300,0.01790201547355851
17301,0.7311413586509636
17302,0.008012796453072629
17303,0.20408719386003182
17304,0.0944386921421035
17305,0.007132721848658763
17306,0.21399835229394382
17307,0.1026816767429014
17308,0.004979211570143379
17309,0.9458534703012493
17310,0.2516325608151544
17311,0.11270061705938433
17312,0.8865577356110128
17313,0.832182640017582
17314,0.0364016292042345
17315,0.4508662741612296
17316,0.21053530758973704
17317,0.004106356171363117
17318,0.016240543919059512
17319,0.024471847419565228
17320,0.9033744902533131
17321,0.14864862899623343
17322,0.07061084547285565
17323,0.9056970293931016
17324,0.013902266558860852
17325,0.003609454865385404
17326,0.24893590008752414
17327,0.004035733657519863
17328,0.38472633726120903
17329,0.005030007563928228
17330,0.016676365072943452
17331,0.03446270803500917
17332,0.2363726880930562
17333,0.2521778836308246
17334,0.1885304417741091
17335,0.08083838501657653
17336,0.02877829310432892
17337,0.08474379510117704
17338,0.006940688969452151
17339,0.02645333162611997
17340,0.0943519921055421
17341,0.10420458928340466
17342,0.3755378291788847
17343,0.011122937757360665
17344,0.8629067735302434
17345,0.1379925339015283
17346,0.27292965584758344
17347,0.9430388174161449
17348,0.5653809404965497
17349,0.023823610870266458
17350,0.019236103382300963
17351,0.04418056995572426
17352,0.0830522901779832
17353,0.021156903195699392
17354,0.09332517421454693
17355,0.26290627974677294
17356,0.8722118126525767
17357,0.02146333058696629
17358,0.00924443631464181
17359,0.11117652547734128
17360,0.09562833621937919
17361,0.031026609402184505
17362,0.15567468512896127
17363,0.9115120126196627
17364,0.014323634579249334
17365,0.006511845404799285
17366,0.015214620294765049
17367,0.05522352082528484
17368,0.018394198185839754
17369,0.010094108650961385
17370,0.006508526642269078
17371,0.9234401372608058
17372,0.0095788022913911
17373,0.00785943577170382
17374,0.006484784525136162
17375,0.02284944689895481
17376,0.5375876920295029
17377,0.7250098857798086
17378,0.025559555432353963
17379,0.8801761029642382
17380,0.01549158913278754
17381,0.0019683064902807825
17382,0.011827932843857953
17383,0.09321106403439011
17384,0.015729762076543256
17385,0.5149273419363408
17386,0.003335284681777422
17387,0.2759990727225263
17388,0.33265529258064785
17389,0.004608172074621702
17390,0.7587461641815324
17391,0.7740902507215215
17392,0.10347269747639633
17393,0.3369717757068652
17394,0.8392403901732878
17395,0.13346133938804758
17396,0.1873079217914331
17397,0.04763265526413035
17398,0.8589086762320564
17399,0.019548738124049538
17400,0.08859647846559937
17401,0.00436622285963395
17402,0.009175680537087994
17403,0.618254931990353
17404,0.05567818044898194
17405,0.7132930634092157
17406,0.012551426020379905
17407,0.004000245043055468
17408,0.31804979522970284
17409,0.19711191828366612
17410,0.055814650516489886
17411,0.006720241138450168
17412,0.31257106278321956
17413,0.03365022929779167
17414,0.11192837352319823
17415,0.2227603063630264
17416,0.01969741877166339
17417,0.07307580824136034
17418,0.7943385398499863
17419,0.3497445222098665
17420,0.014739808142465106
17421,0.6969165018987183
17422,0.04772254789857535
17423,0.015909565439520282
17424,0.4642083194270147
17425,0.00972871439689489
17426,0.18439849340085326
17427,0.006905614946519102
17428,0.05204008373924974
17429,0.14165539213331724
17430,0.012212668509944711
17431,0.10964883269329011
17432,0.09732189091354757
17433,0.9378357807371757
17434,0.023805356546271698
17435,0.04476996965161642
17436,0.8674465081883453
17437,0.8205707345340103
17438,0.01143355342525714
17439,0.004622115394721962
17440,0.051907394050889705
17441,0.003312805493815037
17442,0.008203801386338794
17443,0.08792017397028679
17444,0.0042221441159500765
17445,0.003195385437782795
17446,0.9507445145851026
17447,0.006170993804626981
17448,0.0075098560806108276
17449,0.7807065545008822
17450,0.008016614985358793
17451,0.023235760315201873
17452,0.02997661783194823
17453,0.020085624144085226
17454,0.7724080754135563
17455,0.14300198716793708
17456,0.012131556654124015
17457,0.0339530276491563
17458,0.0068862820522246375
17459,0.20069495598451906
17460,0.05130243699652595
17461,0.12008646747060835
17462,0.7599482933337053
17463,0.018792538932698978
17464,0.6288230888752356
17465,0.004337061842343944
17466,0.02002935396195415
17467,0.021310271712743308
17468,0.013725255334538389
17469,0.012311624563838946
17470,0.15871209862099234
17471,0.7620904449565918
17472,0.0062273601658196075
17473,0.014091051091033702
17474,0.0179650192701519
17475,0.41509762563250524
17476,0.03158169579177769
17477,0.09321030703954848
17478,0.02048631525157537
17479,0.11180657541494247
17480,0.004875999689117362
17481,0.008894056011212754
17482,0.019972444570382157
17483,0.3970995228117479
17484,0.14520762145167604
17485,0.007878834876355987
17486,0.19272234220252496
17487,0.00496370051163775
17488,0.0049890864885682425
17489,0.9813317187970512
17490,0.6362674578513872
17491,0.059164979310602855
17492,0.010309920619907782
17493,0.009654483369174979
17494,0.003956359849421999
17495,0.06255031263284326
17496,0.009200746499054356
17497,0.14494840689044033
17498,0.014526620825680127
17499,0.31745507876977247
17500,0.010777441161750636
17501,0.005500497750798495
17502,0.6935682406411862
17503,0.019257723852520028
17504,0.010248581328827328
17505,0.9609212151547537
17506,0.018569021415835437
17507,0.2497835146656623
17508,0.7117491474591311
17509,0.007167469581802319
17510,0.6448967684381518
17511,0.0727561344192647
17512,0.15663921370466366
17513,0.04089310222557012
17514,0.7052336177936224
17515,0.005008268553961554
17516,0.19956017710112856
17517,0.644719516617608
17518,0.04374448925136491
17519,0.5411339878771504
17520,0.10820668116277529
17521,0.7051053129999906
17522,0.005865314043063935
17523,0.09062896894983834
17524,0.005560550398564379
17525,0.12883012079955256
17526,0.003705230638228149
17527,0.025925463862206746
17528,0.006438861993499428
17529,0.9102640989285637
17530,0.0910797776475637
17531,0.0083562383213995
17532,0.9569837473133791
17533,0.136453845001387
17534,0.06672037841126033
17535,0.026632035421572508
17536,0.008250571563734216
17537,0.006559364712545752
17538,0.003913996146064466
17539,0.09519903542256905
17540,0.7919831800131985
17541,0.5998305336303968
17542,0.02008226819433895
17543,0.01766567854084502
17544,0.0034264871979001067
17545,0.960124829037586
17546,0.33444355010465765
17547,0.4633722415807246
17548,0.32412530203260714
17549,0.5546387603207462
17550,0.9521864562891745
17551,0.20699162993660866
17552,0.009164419164091352
17553,0.16605901500604608
17554,0.9115381536207542
17555,0.03863534949744979
17556,0.02071129755081361
17557,0.03283321704365596
17558,0.0853701879677931
17559,0.1330217014369699
17560,0.08722640341010557
17561,0.005790085279779348
17562,0.14859290104973255
17563,0.5101722778223934
17564,0.003315570215223247
17565,0.011742018582165432
17566,0.027017299261213868
17567,0.18565197336157538
17568,0.020693478436830705
17569,0.14406269653931617
17570,0.0076501458166409195
17571,0.003444009319829223
17572,0.04964946982972089
17573,0.01498698256045359
17574,0.13983643236969956
17575,0.42085105411670326
17576,0.0491019632748836
17577,0.4108838924144978
17578,0.857365260124514
17579,0.0044586059375902745
17580,0.6880767085157419
17581,0.34933996583824206
17582,0.01326298051682549
17583,0.009750110788766014
17584,0.06133465376209043
17585,0.013440029912732486
17586,0.017744304273301897
17587,0.06121059461759224
17588,0.009563412160413282
17589,0.012058766373731317
17590,0.04005082079242135
17591,0.3429065821933184
17592,0.010097174020344699
17593,0.5331730147631965
17594,0.012363246437901439
17595,0.27357809646069975
17596,0.013617949965825844
17597,0.17009489840848224
17598,0.3536680891635442
17599,0.29677340650275075
17600,0.01276246608690091
17601,0.2213682294960785
17602,0.5967888196505495
17603,0.028618483902674484
17604,0.009182472500507301
17605,0.0083161173479019
17606,0.002322314968734466
17607,0.008887737083174562
17608,0.06655615859197944
17609,0.9104438035095002
17610,0.01685965401099838
17611,0.1993092793569582
17612,0.004782782096555191
17613,0.15772571395660542
17614,0.014688369361734586
17615,0.3604732119130895
17616,0.273750175997211
17617,0.1220736121005174
17618,0.014709343495781867
17619,0.9386983287889457
17620,0.006297644105899958
17621,0.008390006848775776
17622,0.0071182663993168945
17623,0.004187230451311424
17624,0.0034214122716696633
17625,0.8883821384376513
17626,0.12451999268550235
17627,0.9222255833410345
17628,0.015773599491637286
17629,0.11943410578971933
17630,0.5355291252278503
17631,0.010792354269316603
17632,0.7023467437295904
17633,0.017708633291085754
17634,0.5350328925552089
17635,0.02406535171225699
17636,0.040855638238639115
17637,0.9219825289678958
17638,0.45146110607041195
17639,0.00948688097361969
17640,0.23069677805159747
17641,0.011066952648890573
17642,0.10133330091608796
17643,0.013622954114973208
17644,0.036628099700258446
17645,0.005134712168144824
17646,0.18410175059039802
17647,0.4110807487841126
17648,0.7878195018747094
17649,0.02315661392894921
17650,0.00526426909681015
17651,0.20861401762543402
17652,0.9331924415003486
17653,0.011896694535786529
17654,0.10385999359284533
17655,0.019318664027597264
17656,0.046440572487990356
17657,0.05265624171361932
17658,0.06431316493491894
17659,0.8547895201369503
17660,0.016776873627744313
17661,0.08057794474500708
17662,0.08378094192476743
17663,0.09134942098969252
17664,0.19738679130867978
17665,0.04686346794913911
17666,0.11218090879317254
17667,0.09159235426459462
17668,0.013619319417914787
17669,0.09050783814435459
17670,0.010245728954165971
17671,0.004748351131884115
17672,0.09070714763591418
17673,0.010809205666441262
17674,0.0039795623987238515
17675,0.3084537463406428
17676,0.691596456721931
17677,0.012647537049315427
17678,0.00667574703001744
17679,0.0033134485086538244
17680,0.03235404559728086
17681,0.2815840043873298
17682,0.6573579099477861
17683,0.021733041257973516
17684,0.9368550460570393
17685,0.015950071149598816
17686,0.1131929606153506
17687,0.014137683453148779
17688,0.0042510340237357684
17689,0.005687571762437174
17690,0.004590889974875464
17691,0.011589856737008854
17692,0.04922962957239471
17693,0.19874820819394182
17694,0.014112145233062432
17695,0.7539912056378203
17696,0.21890232790325986
17697,0.005160712629480575
17698,0.48380515881686037
17699,0.0038804891174462784
17700,0.0064151858015804785
17701,0.02515068768128921
17702,0.12958264817376183
17703,0.7252043646525712
17704,0.006864777393317483
17705,0.006326892216647332
17706,0.947765657271411
17707,0.017757619211615464
17708,0.026588660237793053
17709,0.0034006459432317053
17710,0.010391941690840673
17711,0.10817459744550911
17712,0.025095723103601045
17713,0.003445385911151972
17714,0.00851763967439918
17715,0.018690289701002095
17716,0.003753940632758308
17717,0.16514221824401115
17718,0.07969620931966845
17719,0.17530124501925548
17720,0.8083420741629191
17721,0.2253664019005398
17722,0.024296957952450522
17723,0.007471588085292755
17724,0.03787531044838948
17725,0.8539047399051463
17726,0.564603676196088
17727,0.3815710463907358
17728,0.060040577566448004
17729,0.026070722065576497
17730,0.2638332563231716
17731,0.5588528362681884
17732,0.0020612859729810234
17733,0.030127016246838702
17734,0.22206486937623146
17735,0.3960345223372269
17736,0.009275209661773927
17737,0.048246510199834135
17738,0.6551129463985739
17739,0.002130650705139978
17740,0.021859003010237524
17741,0.030487105218978367
17742,0.13846680489964033
17743,0.013023807166717449
17744,0.07365240808099535
17745,0.007491047977563349
17746,0.07507274203771395
17747,0.41813486094589064
17748,0.2682091189268089
17749,0.010006153730858464
17750,0.008788946957388282
17751,0.01174056108034222
17752,0.07967055995981602
17753,0.6370633627828152
17754,0.22388980505330486
17755,0.003773472073936595
17756,0.16452608676212005
17757,0.4364139460688932
17758,0.015794139203844478
17759,0.11998293643647977
17760,0.2689448506320111
17761,0.12790469806583527
17762,0.012148592976446269
17763,0.014041359580442243
17764,0.07948678481601686
17765,0.8670835070601061
17766,0.20710505609219418
17767,0.9149220202300341
17768,0.5135398823209687
17769,0.8588446729180085
17770,0.024068628574541947
17771,0.018480366873880653
17772,0.0411336150925716
17773,0.004023571939736226
17774,0.2113920949010223
17775,0.6012752614171147
17776,0.2891428746735568
17777,0.031092606321569467
17778,0.005503050178396751
17779,0.6191077131611827
17780,0.013677902475694533
17781,0.5961746718352252
17782,0.010382523715473671
17783,0.004563008490337657
17784,0.17916217989809374
17785,0.00794956496239179
17786,0.10687168201673687
17787,0.8749258110636946
17788,0.011682045749030787
17789,0.020977320880391902
17790,0.05420240694512774
17791,0.03240416001667631
17792,0.02696196684801323
17793,0.6285063375062041
17794,0.057611931609049885
17795,0.0132371512633341
17796,0.03579803648696209
17797,0.8757525868687455
17798,0.5280272251130651
17799,0.023995183475508858
17800,0.06380566904934225
17801,0.11505008298512989
17802,0.026662437813382532
17803,0.029647855147708478
17804,0.0076995601234427025
17805,0.0846289673997806
17806,0.7929702213450257
17807,0.008775740432311814
17808,0.005383169804277651
17809,0.7022192342722734
17810,0.0038251353128054832
17811,0.9191174522385359
17812,0.008870870941886778
17813,0.010825034366897865
17814,0.04934893808844312
17815,0.22006508899744234
17816,0.2041488294879236
17817,0.007793724663954512
17818,0.0035019453720253526
17819,0.18838123912223786
17820,0.13803329231823103
17821,0.4924247576847192
17822,0.0055809552785468204
17823,0.6468967260007312
17824,0.00378384313400058
17825,0.1305904935436172
17826,0.060801612357454154
17827,0.04654245077466435
17828,0.003583198971880211
17829,0.0044953216353487944
17830,0.40546031082945505
17831,0.0545631999189456
17832,0.0036336611487749093
17833,0.7455728290160453
17834,0.0029775089749592126
17835,0.7709687999934267
17836,0.03536298223913578
17837,0.4263538980550863
17838,0.8341176515418932
17839,0.24808933574157574
17840,0.008071672497251796
17841,0.29612400494545693
17842,0.0099014268044176
17843,0.05517007358005032
17844,0.10546477268228012
17845,0.5216008670101216
17846,0.006020933090017325
17847,0.05950990691486997
17848,0.00976262275983332
17849,0.9762082874019762
17850,0.21762544845018897
17851,0.06993878018525454
17852,0.00480179037476344
17853,0.04547829626723769
17854,0.04704771490679847
17855,0.017428577711402896
17856,0.5428846885847182
17857,0.14422891368539786
17858,0.014140627196134268
17859,0.013346408127669223
17860,0.6852593931511509
17861,0.08506553704518206
17862,0.8707406749703581
17863,0.05699005247023754
17864,0.021917318073864614
17865,0.8731465460627628
17866,0.036019710934710576
17867,0.7654044624619254
17868,0.006564373716367975
17869,0.006716524702647422
17870,0.04071733011753161
17871,0.018423063629177748
17872,0.005019706600568992
17873,0.010595777960464393
17874,0.21757441831846497
17875,0.032259469588772925
17876,0.2065912340109175
17877,0.5123755185625454
17878,0.01887672825754423
17879,0.011776767748468461
17880,0.004134777933371282
17881,0.004800635097016421
17882,0.06604435175634521
17883,0.09199155064025807
17884,0.0807735262784899
17885,0.3927917826994846
17886,0.03756538305565524
17887,0.01935117989576715
17888,0.8121829738334746
17889,0.9413070121126488
17890,0.07250340631079777
17891,0.003620029551118624
17892,0.6227844279379238
17893,0.9176610285934413
17894,0.3085098750211014
17895,0.26447588132430033
17896,0.30173970215161405
17897,0.32883084730628476
17898,0.4484175949759074
17899,0.008064020470460885
17900,0.006466308624711769
17901,0.028027154441879403
17902,0.09568925765668981
17903,0.00294303703807095
17904,0.3166758690612829
17905,0.9391289144947629
17906,0.0032510824954989693
17907,0.004431608270986585
17908,0.8810504256011042
17909,0.032549442932476344
17910,0.07754200161351603
17911,0.3752771182119211
17912,0.6544359318851246
17913,0.01211329875290801
17914,0.6104487721217519
17915,0.024075363453547136
17916,0.013484792866481455
17917,0.03417954746290887
17918,0.0050225161725881064
17919,0.010879775724789875
17920,0.009307650494490328
17921,0.07690179928856408
17922,0.5824668178299638
17923,0.003658315873686301
17924,0.21934703048387008
17925,0.022369714302171908
17926,0.009578778790214643
17927,0.0028507903281921143
17928,0.10267110244117685
17929,0.05385396708599313
17930,0.7380457637617615
17931,0.4957740704798576
17932,0.7257478973692179
17933,0.02368817746393221
17934,0.0019628915727188763
17935,0.5634819556421024
17936,0.004305812002543239
17937,0.6203073601988148
17938,0.043839986922508956
17939,0.09265449685874377
17940,0.060467350551834845
17941,0.11817738072931838
17942,0.011816227557000562
17943,0.15322823752597958
17944,0.9143490320251836
17945,0.3791091292905392
17946,0.007053628032016062
17947,0.07942054846052737
17948,0.4397660719915072
17949,0.0025714522878311353
17950,0.1242349359558
17951,0.1447707299328039
17952,0.0033720053463425852
17953,0.805333007126121
17954,0.1109315480533622
17955,0.011827697707989747
17956,0.003927568647088731
17957,0.019242976752323847
17958,0.24546199466147595
17959,0.7300517471793796
17960,0.8980139009156625
17961,0.011478326727824143
17962,0.010604076018714883
17963,0.7390442711305723
17964,0.008925167144238601
17965,0.0086338504781916
17966,0.18510337359895002
17967,0.052842004260713685
17968,0.05333391500152928
17969,0.011126895460088191
17970,0.21991699145689073
17971,0.008156456679857047
17972,0.15919951429115106
17973,0.029192414242153037
17974,0.011139511580894983
17975,0.0200896955907121
17976,0.02222539526816546
17977,0.009547233840279548
17978,0.006908910380213844
17979,0.018336481167640705
17980,0.011233136890752546
17981,0.6781029436762819
17982,0.0039042677848658796
17983,0.019915530686047477
17984,0.01783775519064537
17985,0.2533983846731544
17986,0.012001428793807773
17987,0.011897770367982043
17988,0.05178183107829201
17989,0.1893070078698849
17990,0.00348824875267165
17991,0.002923351502311321
17992,0.021804632762999474
17993,0.24004862456313142
17994,0.0035150401480767007
17995,0.019639345015399653
17996,0.111356444113311
17997,0.09255979059893704
17998,0.0033246391187999103
17999,0.880339607482211
18000,0.006118933018974038
18001,0.7591756629913888
18002,0.17416860909848958
18003,0.013889335808521601
18004,0.0031710137741779326
18005,0.21162064285456686
18006,0.08521360714038248
18007,0.008337979666939818
18008,0.14391946088353863
18009,0.0054113122077137496
18010,0.08657402174359799
18011,0.005820293018766777
18012,0.03567571259952383
18013,0.26657620329009213
18014,0.041267023101025396
18015,0.011250547047011792
18016,0.01550755680000781
18017,0.005282494016507034
18018,0.15455020008069165
18019,0.20091791163151135
18020,0.003254659364453907
18021,0.595405859917713
18022,0.21330756692133537
18023,0.17781523450659878
18024,0.8317188930297342
18025,0.026077679785195082
18026,0.28303290765063893
18027,0.09773602851655804
18028,0.03997639400917205
18029,0.6619726040397619
18030,0.016001876432670127
18031,0.01500728312110412
18032,0.016086435787955048
18033,0.22948540773674647
18034,0.027670253213775187
18035,0.14253815682914164
18036,0.02217234853874514
18037,0.01696340853586527
18038,0.005401988309266409
18039,0.21940329169059664
18040,0.08711997470965052
18041,0.12213548622559854
18042,0.864985733541163
18043,0.014834879308668896
18044,0.04503177466435174
18045,0.008459531221189148
18046,0.047489880129529836
18047,0.011410257703520861
18048,0.01279308131460779
18049,0.01831611035949912
18050,0.3340163873898783
18051,0.11053886420333743
18052,0.011055968018939892
18053,0.815230168047986
18054,0.018476052377253638
18055,0.4634304683610592
18056,0.006953119741255393
18057,0.017749052540892058
18058,0.008604143211778496
18059,0.12982728221897333
18060,0.3731105086586544
18061,0.014400123799870735
18062,0.04011976912238668
18063,0.057902809586863564
18064,0.06095088886475357
18065,0.8596482125510718
18066,0.02735854577885992
18067,0.5046142037670339
18068,0.003220287979498243
18069,0.03862163666138559
18070,0.13595132130573442
18071,0.03418798322457999
18072,0.829136579303696
18073,0.9227858655803418
18074,0.19308684000188228
18075,0.004940458762708602
18076,0.007051287269957346
18077,0.014512123024253823
18078,0.012459832627907372
18079,0.01989141739111258
18080,0.014098396314428973
18081,0.02881376539346617
18082,0.04748285843670791
18083,0.0027358260954981504
18084,0.3028298639211412
18085,0.012562433706399891
18086,0.9304201486895519
18087,0.47070701155237293
18088,0.6782737024973605
18089,0.008889501811988287
18090,0.02465677648217749
18091,0.7669920580114687
18092,0.6024981837551081
18093,0.145467847230545
18094,0.497123763099996
18095,0.05341335250821564
18096,0.026670513042301905
18097,0.002948628136954797
18098,0.008738611664077413
18099,0.049393638935166025
18100,0.5691165029861349
18101,0.84465261153514
18102,0.007960155714572285
18103,0.13978816237970884
18104,0.04271223337406057
18105,0.006521190322904728
18106,0.594631042783305
18107,0.012372365686539362
18108,0.005878089288365878
18109,0.5646111404407397
18110,0.06552495208277329
18111,0.13846811526520983
18112,0.19563015031393088
18113,0.0024915572620902307
18114,0.018822289389308897
18115,0.05974271553039257
18116,0.0042061994561614306
18117,0.004915634790032935
18118,0.01850906191986339
18119,0.010026826061634526
18120,0.013188357340424393
18121,0.034147708662732514
18122,0.007062602594106496
18123,0.0136418545734581
18124,0.06306744548092971
18125,0.06852993148135843
18126,0.08725808378710863
18127,0.6100882128559071
18128,0.004165046059550944
18129,0.0033755462455541735
18130,0.2587264006652265
18131,0.004194946875764511
18132,0.02891894309758958
18133,0.006683013187044763
18134,0.0023024484714178383
18135,0.01177144689281028
18136,0.8859331208816289
18137,0.9156003502325487
18138,0.05030050121017951
18139,0.07389327799306508
18140,0.18191814966213915
18141,0.0051563812519960905
18142,0.0036514299896959115
18143,0.9589425182339006
18144,0.013472970277828622
18145,0.015347943846397765
18146,0.21751326440781502
18147,0.013700283376335047
18148,0.5237777662609758
18149,0.005474451804877382
18150,0.005711925430851833
18151,0.027202031097462828
18152,0.006030645410384322
18153,0.003183806631390477
18154,0.00794622611916085
18155,0.6588284592885626
18156,0.006294524972608798
18157,0.16754262544649037
18158,0.9452477919144248
18159,0.07200063768324849
18160,0.6811044576159283
18161,0.025583125080470302
18162,0.02944734779159921
18163,0.013046197900417495
18164,0.376918584881172
18165,0.08700081897069911
18166,0.06336330046826434
18167,0.8903323301092638
18168,0.4836496402753276
18169,0.014127875692540837
18170,0.9602279527440691
18171,0.9428892431453656
18172,0.06226814212890891
18173,0.013750820024462547
18174,0.10982097921243404
18175,0.01954672453908031
18176,0.9143494054852894
18177,0.5426010581450709
18178,0.17702869864026632
18179,0.11896105765886364
18180,0.9857164280335933
18181,0.3435512705845717
18182,0.003105950823107651
18183,0.028719628244495005
18184,0.011085489300773776
18185,0.3782220610491305
18186,0.004455564460512832
18187,0.017525376426028937
18188,0.7681155230641358
18189,0.15318442952134065
18190,0.9467431528320932
18191,0.007931315535034747
18192,0.8364360587594488
18193,0.006774969258169945
18194,0.002235529032172493
18195,0.9356024367445778
18196,0.009766392680574321
18197,0.0127865815003263
18198,0.7849417252743277
18199,0.01945852184872013
18200,0.20938341980389277
18201,0.6040397165566315
18202,0.2894689846936988
18203,0.3878601731748665
18204,0.08288430009104365
18205,0.017881562104600807
18206,0.14470727260923885
18207,0.050227013175329474
18208,0.01321510285690936
18209,0.007652445684099448
18210,0.021296357138026658
18211,0.18808265101232385
18212,0.02029385604182359
18213,0.2305713170914225
18214,0.866033280790073
18215,0.008485234864485162
18216,0.2447772934000266
18217,0.6361507149653235
18218,0.09058598393662556
18219,0.005134106066926063
18220,0.6457509824001965
18221,0.38951193156011443
18222,0.014018958693487293
18223,0.2713779146041723
18224,0.8260635660006607
18225,0.04805483515924411
18226,0.6152390196817776
18227,0.005939561838967252
18228,0.00819696530474451
18229,0.5239698387717693
18230,0.006338524096151159
18231,0.6555259092991003
18232,0.9212621246128155
18233,0.3246340479099736
18234,0.8665619812503624
18235,0.7434943336082285
18236,0.014694613872391913
18237,0.5028759321300682
18238,0.01322129432531718
18239,0.10552584342743182
18240,0.13662432277955902
18241,0.6857450952582826
18242,0.012675264674914321
18243,0.1315042830077126
18244,0.8570712563883087
18245,0.07990934718102394
18246,0.049595954070048916
18247,0.1390638581785262
18248,0.3945095658180607
18249,0.05672747430577199
18250,0.010300854660030714
18251,0.006604258847751548
18252,0.014012567035551184
18253,0.6499322796519025
18254,0.29134532433304394
18255,0.8298721977210538
18256,0.004076426044340538
18257,0.005262157605595778
18258,0.2870426513194364
18259,0.008256957650003387
18260,0.004873889255965113
18261,0.013885290652301733
18262,0.03756168788542668
18263,0.14118836746179533
18264,0.015332397818266367
18265,0.3919149661042996
18266,0.36052002564636043
18267,0.594104045610413
18268,0.005746407569257892
18269,0.942583684639784
18270,0.14772957775202175
18271,0.021259957568359647
18272,0.5136978215770867
18273,0.005888424973191793
18274,0.00889912556875789
18275,0.004605861296929375
18276,0.6714553778926305
18277,0.01029306834636174
18278,0.00826018014857337
18279,0.007420578918762602
18280,0.023850464828210037
18281,0.11730111747440779
18282,0.01224357487928029
18283,0.1426701023702359
18284,0.01403091677516537
18285,0.013328235287236175
18286,0.10177033447653543
18287,0.01272908130303133
18288,0.02386942425523907
18289,0.4347110378721095
18290,0.014539232719141598
18291,0.0026547039095154035
18292,0.08743885197468027
18293,0.09017204191060114
18294,0.0216069582888223
18295,0.16728493512334427
18296,0.8963044396547253
18297,0.007577398687983422
18298,0.023746052474347322
18299,0.08282296263879887
18300,0.10207931055938267
18301,0.0036964362433918813
18302,0.6922678521450567
18303,0.0315609029098969
18304,0.004276643883286107
18305,0.3932265087090366
18306,0.016683760071118853
18307,0.03398840064575088
18308,0.9015712067650703
18309,0.014261706623719925
18310,0.02783023837366565
18311,0.029879677259716995
18312,0.014038865402650398
18313,0.03359181997715708
18314,0.03831584735366426
18315,0.1705388254446592
18316,0.018313598041959117
18317,0.0920191441971493
18318,0.004934007438899156
18319,0.011908033682901793
18320,0.12297814486904837
18321,0.3402152687627136
18322,0.5834931635237562
18323,0.01308256002443551
18324,0.7700745728257614
18325,0.9324712532344569
18326,0.08832939378365197
18327,0.07627189926246072
18328,0.014554355473770552
18329,0.04893427825016568
18330,0.042475708457122924
18331,0.2811329839937185
18332,0.004325731940816126
18333,0.11243127966998305
18334,0.008245949875513468
18335,0.055176897494872215
18336,0.06292595010399672
18337,0.7748345924181674
18338,0.014908749861652044
18339,0.010269582131768087
18340,0.08897080356563852
18341,0.039112422826860754
18342,0.09269714677364829
18343,0.012076270511748628
18344,0.9455260695886338
18345,0.79696534880377
18346,0.023410796680229506
18347,0.03270719178047818
18348,0.0058307980934254435
18349,0.022373322394052785
18350,0.7626347757879849
18351,0.01214247466363349
18352,0.030974478396667185
18353,0.028084367355916164
18354,0.01022390100154132
18355,0.04300127518879329
18356,0.07890804763496116
18357,0.6546554064326032
18358,0.23516760880783763
18359,0.04306449634485868
18360,0.007679243662474749
18361,0.7962009283061952
18362,0.020339079773393803
18363,0.009997568452254375
18364,0.6415468923484164
18365,0.8869694936762096
18366,0.4628366657399471
18367,0.00464598996928158
18368,0.007325433437005435
18369,0.1967631535540275
18370,0.14005700988733533
18371,0.7107094779149398
18372,0.008845045417311603
18373,0.12202357678673921
18374,0.015294317297789281
18375,0.13889432368575652
18376,0.1411824799263309
18377,0.003266329526267439
18378,0.21148454613598575
18379,0.013657559525146077
18380,0.6949998069634254
18381,0.9745537805200359
18382,0.3842819642084651
18383,0.11847386032352931
18384,0.016969977399140353
18385,0.003624095813669681
18386,0.8467307988903867
18387,0.7988411720406674
18388,0.2678163637288783
18389,0.007692387809358124
18390,0.421399654017912
18391,0.5458460778251235
18392,0.05908218955672864
18393,0.3450672256058453
18394,0.03133808836597796
18395,0.20061406002634768
18396,0.7946445019599097
18397,0.0031256196697520985
18398,0.8539568176087967
18399,0.18096912406515536
18400,0.060165352686520936
18401,0.002447458141183886
18402,0.356817600909738
18403,0.27767485670400094
18404,0.009654797056995082
18405,0.19282294270988895
18406,0.40880661852094813
18407,0.052569362169724146
18408,0.7802134876337274
18409,0.02041525488598912
18410,0.02249441453736577
18411,0.017041248536878342
18412,0.009460004148599406
18413,0.8668852757809562
18414,0.2698227669801702
18415,0.017870506199090183
18416,0.08399122742845905
18417,0.14035750187832727
18418,0.8762195413547582
18419,0.18453731805071805
18420,0.004228298905793765
18421,0.7130174213264602
18422,0.004976637401589838
18423,0.06944569075017942
18424,0.28339621644927393
18425,0.8822436178936774
18426,0.06392464698206848
18427,0.7794815123283888
18428,0.0019430987035625603
18429,0.029793125512119666
18430,0.8729097169583084
18431,0.03664065340557361
18432,0.015310517595885942
18433,0.021871598689014546
18434,0.02039317972063983
18435,0.16201949418168135
18436,0.28226401661089734
18437,0.006115149199277487
18438,0.11790329145829417
18439,0.017479182160531914
18440,0.12631028816629972
18441,0.26130355043480835
18442,0.09064258676664629
18443,0.026505606662534206
18444,0.04564200178030834
18445,0.7305082164038127
18446,0.8483547590074813
18447,0.005512370007076448
18448,0.7834746371946137
18449,0.011105306235138425
18450,0.051386827752464566
18451,0.05216409369690925
18452,0.883052642992596
18453,0.014958687111755267
18454,0.8864608101777351
18455,0.44907225680377105
18456,0.06670519298220619
18457,0.030622305306416853
18458,0.8971318596762765
18459,0.6371758553007933
18460,0.01468453229397186
18461,0.1870155950949719
18462,0.08572943899115193
18463,0.041493375214283465
18464,0.0051280213114984485
18465,0.005066785339254563
18466,0.02266061500437479
18467,0.027561606571190868
18468,0.28386092779037325
18469,0.005960079538200136
18470,0.5600778923128326
18471,0.9487817205169405
18472,0.0055299665027690416
18473,0.007916079026770054
18474,0.0048512438374076865
18475,0.01956381403299855
18476,0.08512676183215254
18477,0.004826815052473142
18478,0.8775873303909174
18479,0.009541074122402094
18480,0.9384194968694516
18481,0.02896372774657214
18482,0.8080401773950616
18483,0.038904231698467885
18484,0.06036037323704432
18485,0.9143851580105777
18486,0.084658393384498
18487,0.022075518198087576
18488,0.9050502288270751
18489,0.0169919817445331
18490,0.006218917301702045
18491,0.0036433666366589394
18492,0.8392615284476881
18493,0.34571709784048066
18494,0.252103377290635
18495,0.900712743052481
18496,0.034684913874752615
18497,0.05700517506500611
18498,0.7815360281841748
18499,0.004852224683955487
18500,0.46780924793446127
18501,0.7105819686224994
18502,0.0690951340862085
18503,0.006806410291124035
18504,0.005868488290184995
18505,0.021595605711533915
18506,0.14262136327686223
18507,0.05017040652384872
18508,0.010089349888436247
18509,0.005570841209357861
18510,0.2612855437964796
18511,0.01574752203613655
18512,0.06787669911519476
18513,0.743096628839689
18514,0.002539713399339446
18515,0.03970839582159906
18516,0.0731944937341515
18517,0.002309472342615219
18518,0.009215433575587144
18519,0.014045825302095066
18520,0.005970056543775257
18521,0.015446525987210524
18522,0.013670788560710205
18523,0.042322674223560695
18524,0.032586313137281005
18525,0.01697960627657639
18526,0.13470422706315158
18527,0.9355191806978257
18528,0.011056087699896895
18529,0.0024660408902000526
18530,0.002084793211914801
18531,0.0087799607185109
18532,0.029490157774515757
18533,0.008812574668436825
18534,0.37421078888126574
18535,0.013524435090525463
18536,0.004081156835158503
18537,0.7276140967610951
18538,0.19814436693619658
18539,0.015222795977096155
18540,0.22538388643816593
18541,0.026973417743112873
18542,0.12230528905988729
18543,0.00710747751141448
18544,0.09172457545484301
18545,0.00956438484128959
18546,0.073916135030128
18547,0.22449111693127294
18548,0.8198727044544597
18549,0.7824502906506566
18550,0.9636785993754075
18551,0.08650839165616464
18552,0.6611740449808516
18553,0.6189843362909417
18554,0.09346804588050714
18555,0.10253012919031415
18556,0.0025482564240946744
18557,0.005320485696315113
18558,0.05564989548976531
18559,0.8849338428977458
18560,0.3033977883511806
18561,0.041686560843135476
18562,0.5750305740869475
18563,0.05000163982779787
18564,0.8260556937890093
18565,0.0052796137519459775
18566,0.02779647649911971
18567,0.011691813045211545
18568,0.01568342925810623
18569,0.004912067948791419
18570,0.4077874789966545
18571,0.012997340050707955
18572,0.003607656448235083
18573,0.02714318568959834
18574,0.16213514829828554
18575,0.21203500150862775
18576,0.02321425168159876
18577,0.018247066395489082
18578,0.007473225999445444
18579,0.07930671712784959
18580,0.05560833511363782
18581,0.01502217374226773
18582,0.45891941499271605
18583,0.07837846617316525
18584,0.31721719711293006
18585,0.0341105164555416
18586,0.06855293182737948
18587,0.017766987336485747
18588,0.5913574941575729
18589,0.012793239959499516
18590,0.009909177623314516
18591,0.5974548395410333
18592,0.5333121246988093
18593,0.08060700870653438
18594,0.013756675281960944
18595,0.918512126119766
18596,0.10979331641035776
18597,0.44886616919534283
18598,0.4651115254891106
18599,0.3167342293006123
18600,0.7584928061161229
18601,0.00347508476641912
18602,0.005691530397721059
18603,0.004610934895421099
18604,0.83270669289784
18605,0.01397541227248929
18606,0.08087761060732396
18607,0.01846700709252834
18608,0.5131862982899116
18609,0.22015968429652097
18610,0.12356282745995245
18611,0.006601168813118098
18612,0.013716346293864081
18613,0.9434790210651149
18614,0.01643517647398831
18615,0.6366261680771063
18616,0.005050397590495158
18617,0.8760440098380079
18618,0.0878781130433384
18619,0.00424965617730425
18620,0.08866344854233779
18621,0.005011700404144789
18622,0.09565714816730608
18623,0.029086280075425942
18624,0.05369750311203877
18625,0.010246902158134818
18626,0.0017657920930512273
18627,0.26381572671363285
18628,0.00228637518483044
18629,0.015255566369402509
18630,0.03791257918889745
18631,0.4338003094079743
18632,0.010981002558684167
18633,0.021986099295381166
18634,0.6094004822853601
18635,0.009249552196144555
18636,0.23527999652323012
18637,0.4134699162049683
18638,0.01683267229387661
18639,0.05014811246647773
18640,0.2556711712062834
18641,0.010684492037255675
18642,0.5472695988857518
18643,0.015097752933573651
18644,0.011322158237037909
18645,0.004998700091250102
18646,0.17549525202285174
18647,0.0040786723234825205
18648,0.018718757626442616
18649,0.002806255872769804
18650,0.06482322426935752
18651,0.04515116144751602
18652,0.006335022489210787
18653,0.0024898351753687414
18654,0.1959652189658553
18655,0.016569353627362875
18656,0.07830815787950503
18657,0.00571616788003115
18658,0.061340406834163363
18659,0.1330609739972143
18660,0.030302897024970105
18661,0.006059710027896622
18662,0.004695187061817288
18663,0.11371519967734263
18664,0.031356403793061365
18665,0.14954485170930995
18666,0.2194007796481037
18667,0.01957630706391719
18668,0.00945995421787012
18669,0.008284718100315365
18670,0.23804097959454507
18671,0.00854893246982589
18672,0.9315421383556073
18673,0.46968459522524186
18674,0.005839550130626156
18675,0.5845885695614018
18676,0.006317985751516673
18677,0.011801025211577583
18678,0.01747052189022381
18679,0.0731861353581917
18680,0.5505890158018174
18681,0.2089706833777559
18682,0.1441088487634118
18683,0.019739658780633457
18684,0.8849964063282012
18685,0.004474628357677018
18686,0.2212891980093471
18687,0.888147235241431
18688,0.005719873735847466
18689,0.12535329233578144
18690,0.003951012326873041
18691,0.029204730220764342
18692,0.01921015971414459
18693,0.31284563464085435
18694,0.07612271508735
18695,0.9750279475756594
18696,0.20867973212664787
18697,0.3548233715261041
18698,0.6991953220281637
18699,0.010872548730254424
18700,0.0037376399910067533
18701,0.026547538735724588
18702,0.23124705994782044
18703,0.004819644070553702
18704,0.7595046408048247
18705,0.09358850631350484
18706,0.014691568643917536
18707,0.2140901149483167
18708,0.020816493379149446
18709,0.8034013518231429
18710,0.01651722839872093
18711,0.0448097705917566
18712,0.09052739756921074
18713,0.005136169541318431
18714,0.18096211140496635
18715,0.009206419143251831
18716,0.4050443682254541
18717,0.05783662188028961
18718,0.011710435318641884
18719,0.0038305070186525104
18720,0.1450743102963567
18721,0.06597066668834421
18722,0.004408816652259021
18723,0.6310651423711009
18724,0.7600484656163927
18725,0.9406760831247918
18726,0.14824935947631238
18727,0.008891562341000707
18728,0.2635588868665961
18729,0.5289633634861048
18730,0.012625749889801783
18731,0.8297470671926276
18732,0.011173714114438316
18733,0.8347185618222097
18734,0.006627797534961673
18735,0.226645629016954
18736,0.0695475878330555
18737,0.19722239586862866
18738,0.015805658057675854
18739,0.005453000039665605
18740,0.006639877258171081
18741,0.005603607321175198
18742,0.3792097407178512
18743,0.22264859147891705
18744,0.003242881175277902
18745,0.015078383372500998
18746,0.16705756039120045
18747,0.4237591583328492
18748,0.9507470942841065
18749,0.5005064441397495
18750,0.005961193196441854
18751,0.0825147531683239
18752,0.007564694185074483
18753,0.1696683319101292
18754,0.020882589805899597
18755,0.002877020153830305
18756,0.25314680786074156
18757,0.009989572286843228
18758,0.09732471837926411
18759,0.5895175160661332
18760,0.013027888817900044
18761,0.014479837982729872
18762,0.13967970601423993
18763,0.6138875908143068
18764,0.0503505631965329
18765,0.062031218486541355
18766,0.138309393591149
18767,0.11921732770399204
18768,0.171863432370328
18769,0.010153467499100066
18770,0.0037949594477473736
18771,0.02141171057158669
18772,0.07126178654330834
18773,0.053201857842102115
18774,0.1422471874281169
18775,0.004450580811164219
18776,0.002966978281360545
18777,0.024155678254995778
18778,0.013419566280860329
18779,0.005219341095063862
18780,0.07537025180339608
18781,0.038261347198612475
18782,0.007533144026165342
18783,0.6678529140393343
18784,0.8462421419347824
18785,0.04861392224084908
18786,0.012366749505429122
18787,0.03480173600474054
18788,0.3660865235807285
18789,0.4110441771592218
18790,0.7512522155580585
18791,0.004092685184316325
18792,0.028347727198263565
18793,0.01039987695035121
18794,0.004622593188152112
18795,0.24256007648221442
18796,0.03997558054439507
18797,0.007163525514896004
18798,0.016817598187121904
18799,0.005318535209848308
18800,0.011566540310595683
18801,0.007877958050292797
18802,0.7987918080057108
18803,0.008295806599596058
18804,0.02064910769952657
18805,0.32797304895434337
18806,0.09214903271490839
18807,0.06681936217668374
18808,0.5476584961094686
18809,0.012652561685277256
18810,0.4161926732331297
18811,0.02298044343576735
18812,0.01143952764765471
18813,0.02165265628082996
18814,0.004978690570779764
18815,0.01497359441677828
18816,0.019336482977209572
18817,0.005932636216901455
18818,0.09197265898561093
18819,0.011628879985909849
18820,0.383539912843203
18821,0.6459208161383296
18822,0.02804965811086735
18823,0.2936442547297175
18824,0.9213692121964658
18825,0.04950397699274343
18826,0.6685394741604587
18827,0.7522673570990628
18828,0.006521755462884512
18829,0.009464087191505856
18830,0.23079722181715603
18831,0.8919920596753133
18832,0.908041784594053
18833,0.008240835521301653
18834,0.6052636704614472
18835,0.30337806500444897
18836,0.724613660586767
18837,0.32238258140607834
18838,0.10470995460516817
18839,0.059710219251352024
18840,0.010174107883256747
18841,0.0061683444880661275
18842,0.016450628390901615
18843,0.009164135815918444
18844,0.1420349597471178
18845,0.07960753823289847
18846,0.024194164047112297
18847,0.4592892516695021
18848,0.020502445885402617
18849,0.04778686813372822
18850,0.7135725844756996
18851,0.020560556511028002
18852,0.11820912035615543
18853,0.9592636749370788
18854,0.10236154155932745
18855,0.023753086245310483
18856,0.04135756178784691
18857,0.1415176667415797
18858,0.006887513727897287
18859,0.017032553105903427
18860,0.7678632246001588
18861,0.006453682405559777
18862,0.00874340921819599
18863,0.18378768965352002
18864,0.17425216624429915
18865,0.005493138286129569
18866,0.022175449447026797
18867,0.019693363214154568
18868,0.11590236036847189
18869,0.04034396688921591
18870,0.0579933027581154
18871,0.018081648679789356
18872,0.8951618988140928
18873,0.3987129410079462
18874,0.020210779122379535
18875,0.027214962917904467
18876,0.9707464185960927
18877,0.005997655582511165
18878,0.3766320150141862
18879,0.1252681096289068
18880,0.8354257173853458
18881,0.13774121016653942
18882,0.27592255216998895
18883,0.2850263626680384
18884,0.9458937355917043
18885,0.8476130360635953
18886,0.8700489094213478
18887,0.004942515504723344
18888,0.022162879805807917
18889,0.019902533154358592
18890,0.25652778383200925
18891,0.002717772853279991
18892,0.002770306665590514
18893,0.013020275238034158
18894,0.037320198459947045
18895,0.48038607680696477
18896,0.7453198219703254
18897,0.03833727255555321
18898,0.004234849420443773
18899,0.12806941759567694
18900,0.026918928807202466
18901,0.19650724918578188
18902,0.004996046983811533
18903,0.010501323660370564
18904,0.014653768793152387
18905,0.014589110163451977
18906,0.20296362008823451
18907,0.04289879599022299
18908,0.01189800363755663
18909,0.7916206777150251
18910,0.20083375670666048
18911,0.11208470650238925
18912,0.7098541159238458
18913,0.024856972373419692
18914,0.3530581484267409
18915,0.24803904610934047
18916,0.7806029006116951
18917,0.003460617279401585
18918,0.9688548515966768
18919,0.4172593994837858
18920,0.20035589604297957
18921,0.11315960730318825
18922,0.3762315243346639
18923,0.7194609960015849
18924,0.007296543635467369
18925,0.5565669706924702
18926,0.10732928778202643
18927,0.07129247400753042
18928,0.15795167506388516
18929,0.006544278996437961
18930,0.25359283265689625
18931,0.762880752269294
18932,0.1267435382670231
18933,0.7078206740577986
18934,0.0756956074758866
18935,0.29836151299652985
18936,0.00524805904039364
18937,0.010873624434238924
18938,0.1887771497960412
18939,0.5628452002643861
18940,0.011823647319902037
18941,0.010135225892023586
18942,0.032706976755372846
18943,0.00299663966489387
18944,0.7546553546921091
18945,0.15855168696569405
18946,0.0053788632684433945
18947,0.009640074028747933
18948,0.013204178938919705
18949,0.006959874785898605
18950,0.3581226378444362
18951,0.6553190607325875
18952,0.5273306320950857
18953,0.0052605386206866014
18954,0.004280551400585675
18955,0.2123635568650688
18956,0.9360891430989497
18957,0.004817118754244284
18958,0.021314918557081376
18959,0.003980661210719806
18960,0.006026468671624919
18961,0.01001872134610804
18962,0.019626251970822572
18963,0.20151215275784118
18964,0.006375432810443749
18965,0.6440146511603705
18966,0.09015157361001265
18967,0.7472773466027358
18968,0.9372723580842505
18969,0.2521388794901872
18970,0.611217258540667
18971,0.008286560256136236
18972,0.0706375528693597
18973,0.02626217836297899
18974,0.08122888173163365
18975,0.04078210670406384
18976,0.009311194448263428
18977,0.105892107163101
18978,0.4499936119879962
18979,0.007071838102015093
18980,0.6494193912136399
18981,0.06088598231946588
18982,0.5758487638841717
18983,0.07085361200094292
18984,0.006441682746849902
18985,0.09538397436401798
18986,0.8351787822478163
18987,0.004937821411575765
18988,0.005911252644384424
18989,0.09740772890628452
18990,0.25311336462017325
18991,0.008615658894810491
18992,0.9478851877892106
18993,0.004428577935359801
18994,0.09942464573461456
18995,0.11587087749666264
18996,0.7101588073303384
18997,0.5972834253628657
18998,0.35142250253832297
18999,0.08403475371334408
19000,0.06009220031340589
19001,0.033308245749948
19002,0.015567800716783129
19003,0.005148529559326297
19004,0.9062133643505456
19005,0.22996726284890096
19006,0.19468044935422765
19007,0.0029610360662734527
19008,0.940357428225012
19009,0.28880996291426453
19010,0.01338761727245882
19011,0.036394326634008156
19012,0.005620204082167175
19013,0.006110457392049187
19014,0.7418415731181822
19015,0.014576250410014091
19016,0.18045413213135503
19017,0.059275568730382464
19018,0.05518083305903732
19019,0.014135715985544988
19020,0.09501020521628664
19021,0.028644233176185828
19022,0.004785543907818252
19023,0.03477071371748723
19024,0.6005849743566045
19025,0.03047715261403516
19026,0.13667764363809204
19027,0.10612030573511938
19028,0.43059933210503654
19029,0.012603784742146075
19030,0.2548426910361104
19031,0.0285354250910294
19032,0.023831693945378207
19033,0.05353529351310132
19034,0.013711591203561769
19035,0.0055174898617418085
19036,0.03496770570321787
19037,0.00975976676930726
19038,0.05068701987063553
19039,0.0035888283319443813
19040,0.22425254877551584
19041,0.08146076216497099
19042,0.00465274629605847
19043,0.011325995202364316
19044,0.06160862134243108
19045,0.7885859097645299
19046,0.005385948439380863
19047,0.6793053565322142
19048,0.024956322949696755
19049,0.33384596912331466
19050,0.023389116694999258
19051,0.1551847311462002
19052,0.9590617217720456
19053,0.008560126493356529
19054,0.07754397733056749
19055,0.19410500283780904
19056,0.27374432951164684
19057,0.06850024086984366
19058,0.20275178012714334
19059,0.02395778396186513
19060,0.06387244691125278
19061,0.00298918983835194
19062,0.010631123756077705
19063,0.0036790568101816466
19064,0.12028135389910641
19065,0.06747396365612683
19066,0.6068225563806726
19067,0.008198673710012542
19068,0.034238706457518066
19069,0.019187434590388044
19070,0.08523753905170323
19071,0.7634724594786196
19072,0.5306213563025755
19073,0.6472759870908571
19074,0.003655492735212579
19075,0.4985571527566149
19076,0.14502095825291317
19077,0.36396887394106037
19078,0.014773129523550373
19079,0.3652024053442445
19080,0.00353715563930781
19081,0.05128515560994658
19082,0.016528503355759214
19083,0.8305276721779795
19084,0.05689624709329553
19085,0.017845653309606444
19086,0.9328641141226087
19087,0.3682365007771056
19088,0.12320263527635916
19089,0.020170246690375263
19090,0.3347045349935436
19091,0.43252777129075193
19092,0.7839084476618483
19093,0.07650860229033345
19094,0.008912744528159273
19095,0.2166546418750344
19096,0.016566154534923543
19097,0.05144016001430725
19098,0.8649678044909579
19099,0.012318138005733755
19100,0.791423638909456
19101,0.5192812802521276
19102,0.00483627676989174
19103,0.019638393535569995
19104,0.014572743573548324
19105,0.024493644381354006
19106,0.02132785724123926
19107,0.19712857530892688
19108,0.019754007315295696
19109,0.05405980648258507
19110,0.07607599379155609
19111,0.25171926215591245
19112,0.0034869736784537077
19113,0.04374568323083919
19114,0.026567543976079168
19115,0.1126205178070857
19116,0.08743358842017472
19117,0.4562704585365006
19118,0.005169927723632279
19119,0.17112173646386467
19120,0.010331613010506793
19121,0.04164267632818961
19122,0.013456354426887274
19123,0.031040685861170002
19124,0.007651248570387628
19125,0.02041426964006096
19126,0.1343244762302808
19127,0.004795662527520884
19128,0.015226518852429921
19129,0.07147695661222192
19130,0.9364590315486412
19131,0.12149350465708798
19132,0.4490026697589847
19133,0.011470357493277579
19134,0.003317377899072525
19135,0.8097942369736721
19136,0.39180884644099967
19137,0.021690259831005365
19138,0.016490235017578497
19139,0.006778883378419751
19140,0.04086874461105272
19141,0.21122537202245087
19142,0.8765977521832937
19143,0.139932255250644
19144,0.13126004561102383
19145,0.004001605680118668
19146,0.004194447613326549
19147,0.0027868488957171634
19148,0.27742408096117666
19149,0.06649077011031297
19150,0.1740119058468046
19151,0.004974806261051646
19152,0.8506680123170279
19153,0.9597034968554127
19154,0.169717778402405
19155,0.017875107814883433
19156,0.31160604706880785
19157,0.13397960596055714
19158,0.010084276345599337
19159,0.15594553363452887
19160,0.9297022169435891
19161,0.2394280693066959
19162,0.043410283853896725
19163,0.030229363166849352
19164,0.05549578306720559
19165,0.006127242354244568
19166,0.0025859668022569847
19167,0.07540226241620361
19168,0.554729068323926
19169,0.10566341729583614
19170,0.7477466023802012
19171,0.058988011798580195
19172,0.1829116737655551
19173,0.09299733807443696
19174,0.021157190823088094
19175,0.008448325536383132
19176,0.008138521980654612
19177,0.06793555954196695
19178,0.017722966720021355
19179,0.023781501317772305
19180,0.011034019085036519
19181,0.1741593886180801
19182,0.5425630567882113
19183,0.027332987230595997
19184,0.04101726632517437
19185,0.005055360573551384
19186,0.03396137098760382
19187,0.2643581142021861
19188,0.34835216116214895
19189,0.0057785812376052355
19190,0.03934758053944947
19191,0.28575458842574714
19192,0.48280419844958816
19193,0.03655372593538469
19194,0.23887261068598142
19195,0.021528487558338343
19196,0.8526544004635204
19197,0.06127840335818263
19198,0.14295836888611574
19199,0.9307812320752453
19200,0.8546276301790456
19201,0.06246976118587817
19202,0.7615455755936054
19203,0.011732487467057469
19204,0.014792876370644317
19205,0.11400671594629427
19206,0.005160334875033385
19207,0.9436882090196859
19208,0.005173291143904317
19209,0.8628347341842809
19210,0.9286599526316742
19211,0.49671529746825327
19212,0.9736950180810052
19213,0.012757495701867991
19214,0.06954113462580427
19215,0.6069909866247609
19216,0.022273614124180642
19217,0.008456621397930866
19218,0.29437537789820856
19219,0.002989950472191798
19220,0.421048080933231
19221,0.08291495635056298
19222,0.14352295247888258
19223,0.004368516772784495
19224,0.2693575623850047
19225,0.5978999826549122
19226,0.613584620845499
19227,0.18084636218551636
19228,0.012525944325563006
19229,0.019266825625414607
19230,0.1787783982971501
19231,0.012424827728886995
19232,0.07886299166599883
19233,0.0070911899142234525
19234,0.024252176956674223
19235,0.0025124798241433527
19236,0.012302269231715244
19237,0.14821127115664376
19238,0.02038989047061933
19239,0.006953238331044891
19240,0.003045474615743224
19241,0.028992060725075364
19242,0.004915594710625215
19243,0.8940328285026234
19244,0.0200520090511329
19245,0.20099724683512984
19246,0.004137324671449496
19247,0.587907234444147
19248,0.004145188192987519
19249,0.003676550504116195
19250,0.12415474516903391
19251,0.006776636866436422
19252,0.008717618405310686
19253,0.0034295167625135103
19254,0.011840907453639707
19255,0.052635994378764386
19256,0.009919058438810082
19257,0.10933095878952953
19258,0.9138198273068135
19259,0.8926261203712113
19260,0.8279756617525831
19261,0.01985303609698423
19262,0.007726786355553787
19263,0.026222003710821225
19264,0.3964372037786316
19265,0.020893997061391053
19266,0.22898193430545796
19267,0.005448580372303729
19268,0.6274036187637029
19269,0.020127759850469697
19270,0.024937831141452954
19271,0.08468973040509602
19272,0.4635526506486793
19273,0.0029165818862991045
19274,0.002115411994266336
19275,0.3731720388260699
19276,0.04794045792225355
19277,0.00436723024869745
19278,0.30818390864170814
19279,0.007907736152748365
19280,0.021981803577814048
19281,0.012707895047881128
19282,0.0038874121957355634
19283,0.0073187028962592585
19284,0.006098654126166001
19285,0.6562739193669459
19286,0.004556609232051206
19287,0.05229533623401519
19288,0.021733961726203677
19289,0.11069616148974218
19290,0.12138768503001984
19291,0.02659640573812676
19292,0.6329569748888355
19293,0.7163187144540244
19294,0.0032882311807946084
19295,0.008165285548057608
19296,0.027503783898025304
19297,0.03563300680741187
19298,0.8689394203031752
19299,0.025514369499467535
19300,0.00521437408049458
19301,0.06365829546462035
19302,0.2461459031964611
19303,0.034801551050066125
19304,0.8299493530538389
19305,0.2534292432327196
19306,0.05431380632325445
19307,0.01897425024820677
19308,0.24979489891776588
19309,0.27765824978627474
19310,0.004057510845442297
19311,0.15080650865367107
19312,0.15453093197840592
19313,0.10139838800766539
19314,0.5964663022716242
19315,0.04127873488433532
19316,0.20265469399158367
19317,0.259167675403734
19318,0.260089316133971
19319,0.3194546369394106
19320,0.0040512204791698005
19321,0.25669713342167044
19322,0.1519902499101113
19323,0.5176418012016755
19324,0.008928439043985978
19325,0.21523026744795223
19326,0.7232302732337291
19327,0.005438886646295719
19328,0.007616554537568404
19329,0.0052622771005859095
19330,0.0027805710585980035
19331,0.8652840058591957
19332,0.02019780397204761
19333,0.0889389083490733
19334,0.01630379138681293
19335,0.019018046945340695
19336,0.16765717322664903
19337,0.8979438802445516
19338,0.3682572652771997
19339,0.003231462014145756
19340,0.11587331190496221
19341,0.15779594519364765
19342,0.009417638613088282
19343,0.04657354937623797
19344,0.05154096752979227
19345,0.05395515357576734
19346,0.002842055204412836
19347,0.050791379433145684
19348,0.06792224417209307
19349,0.7488004295075715
19350,0.02318829584958946
19351,0.05092921238621249
19352,0.5783174805836103
19353,0.11401373403768325
19354,0.07988334856609577
19355,0.08175858973293136
19356,0.0570262981534247
19357,0.01731903857519734
19358,0.08827105438649488
19359,0.4880783029997014
19360,0.2395786660688314
19361,0.02482840264318427
19362,0.4691417283369518
19363,0.06411199441746268
19364,0.2899715264941247
19365,0.35893257448409344
19366,0.015132040516815442
19367,0.7072678472230659
19368,0.37100050214301483
19369,0.013502669891244903
19370,0.008499339488611962
19371,0.762582386483744
19372,0.016313565348862292
19373,0.007095507180324773
19374,0.02769876301042602
19375,0.0065771383152346576
19376,0.006616541391085577
19377,0.8556857695632917
19378,0.1987016646059425
19379,0.003657155042824769
19380,0.002451682640288579
19381,0.004918822369893936
19382,0.14391249005738316
19383,0.013292767563299232
19384,0.0036141037536198185
19385,0.0185773368973242
19386,0.16878958624781007
19387,0.008691376365991517
19388,0.20759660480038253
19389,0.9740143562650451
19390,0.584053143952763
19391,0.8017041638477808
19392,0.011864590872223408
19393,0.008480404892005617
19394,0.12357397183769
19395,0.08418199982600949
19396,0.005395486651742344
19397,0.8631903808397638
19398,0.26989688359364744
19399,0.003230380739941641
19400,0.5941185890402009
19401,0.23319422167400514
19402,0.012828131207196782
19403,0.29720942522739596
19404,0.011284516656264319
19405,0.003712437762055351
19406,0.39851537880568927
19407,0.2901303960450507
19408,0.03292562238011962
19409,0.013867617334582125
19410,0.004803729696332694
19411,0.00245804273376236
19412,0.02370953956975728
19413,0.0034140882906509157
19414,0.6219336328989657
19415,0.009940616121328934
19416,0.29880100769203305
19417,0.9653073704120575
19418,0.016687839674334223
19419,0.07846033872311396
19420,0.08931907350387065
19421,0.40516662818614363
19422,0.08294455164283165
19423,0.14355118446423268
19424,0.7346025621753957
19425,0.005953945099071764
19426,0.007178250691801482
19427,0.026154079517480583
19428,0.015245983066279022
19429,0.04936200742989407
19430,0.005111829384953215
19431,0.0174996839002281
19432,0.020804472396764237
19433,0.04103920115511955
19434,0.6312741038917846
19435,0.07061625694379878
19436,0.003402676796316675
19437,0.8913686368347835
19438,0.006278540317233811
19439,0.36431593686850294
19440,0.07142716588682381
19441,0.06428176479260958
19442,0.17537503717553832
19443,0.021828443131608775
19444,0.005895505481455609
19445,0.06957173426560065
19446,0.006705606094465668
19447,0.02887067159409724
19448,0.24775496783610895
19449,0.003182790663951643
19450,0.017970623357971487
19451,0.3847273552407628
19452,0.006848000658538419
19453,0.05196968065289887
19454,0.7530185064530839
19455,0.2828647730232802
19456,0.6002200143156546
19457,0.04449274829916143
19458,0.07982975822800516
19459,0.007175623502410847
19460,0.9475905625976939
19461,0.011522406155809075
19462,0.010284245963660588
19463,0.06968115607238622
19464,0.16748159116826883
19465,0.21421892278631027
19466,0.023531285847440717
19467,0.01296356046859155
19468,0.9569507815418804
19469,0.004252039344223777
19470,0.01346271528647337
19471,0.4912206909843189
19472,0.6784472186664408
19473,0.01369580876472113
19474,0.06800729499859258
19475,0.19875025321026357
19476,0.014676031667906996
19477,0.9419457966126232
19478,0.2290678685665089
19479,0.017011349755795113
19480,0.1430969470149714
19481,0.39947102948059493
19482,0.2506830327724078
19483,0.008819326116528109
19484,0.03506292878726242
19485,0.004900587060981512
19486,0.8504243416346711
19487,0.2766815336508983
19488,0.1144991261115282
19489,0.2381603081132629
19490,0.00401027242677231
19491,0.12772315795369474
19492,0.04434579736080488
19493,0.3331780363353918
19494,0.343235054809966
19495,0.032084034456376365
19496,0.40833833499487615
19497,0.07552051178334869
19498,0.08297711918309739
19499,0.03922263645120437
19500,0.8352270243659639
19501,0.016374841851166295
19502,0.8587792796232592
19503,0.46659520152638995
19504,0.9436328726349672
19505,0.020012318893536527
19506,0.11483372143079089
19507,0.7513101277667631
19508,0.1165643958004844
19509,0.00985352312633977
19510,0.02475826528677683
19511,0.08470307104689072
19512,0.12208337423343432
19513,0.017567253135762708
19514,0.004503835360870116
19515,0.6155738831795928
19516,0.47677822543958487
19517,0.10537269315648241
19518,0.02859172541580655
19519,0.011823115173260443
19520,0.009073263151003258
19521,0.017675242523490547
19522,0.8079732273575619
19523,0.3311880476086727
19524,0.28768858754748416
19525,0.04276091374596182
19526,0.0034034098840779793
19527,0.4005833358288698
19528,0.6675337804692764
19529,0.03985964056956576
19530,0.7305483677074263
19531,0.010976952266817046
19532,0.24990017612900975
19533,0.010180353675421598
19534,0.10506331609975957
19535,0.06495775218001329
19536,0.025108658762559233
19537,0.01454108851150473
19538,0.07584410478634122
19539,0.7598206961879878
19540,0.7577808369443169
19541,0.012841834087491955
19542,0.01843901548550175
19543,0.005780843135557795
19544,0.6353304465229741
19545,0.7736660477688032
19546,0.7291545840382334
19547,0.005472560582603964
19548,0.006779376594230584
19549,0.0057637155203201585
19550,0.1920390912148109
19551,0.05226966459388376
19552,0.01992450746079024
19553,0.006786678289451268
19554,0.017093037259765714
19555,0.006642692441646249
19556,0.011696932098532113
19557,0.916737904714426
19558,0.006441540915148656
19559,0.0568847967582477
19560,0.005234405677396853
19561,0.9039544040653937
19562,0.11442371739681459
19563,0.034152982352021626
19564,0.02794978276365685
19565,0.06642223810834849
19566,0.5486603994704636
19567,0.8889092679196223
19568,0.022814204144923664
19569,0.16111045294430137
19570,0.019062025129689898
19571,0.015509689788656609
19572,0.015614385450490025
19573,0.015199943319208438
19574,0.007515567510223945
19575,0.26604226676475845
19576,0.826225723113521
19577,0.004325252397906346
19578,0.005491030630659589
19579,0.3056895850791883
19580,0.005305507585931056
19581,0.438562755008808
19582,0.10374794824617226
19583,0.004571425875424185
19584,0.013726959934527175
19585,0.004487732733548458
19586,0.18085497544159043
19587,0.029771246593719002
19588,0.03248109468454254
19589,0.01429694825719628
19590,0.23690805396762593
19591,0.1416384267906073
19592,0.014480996355241683
19593,0.930952906841525
19594,0.0334602889372249
19595,0.12265365393395951
19596,0.15859759518983302
19597,0.02990462053640378
19598,0.0034894789008405825
19599,0.014625982586997474
19600,0.026168982041868703
19601,0.859452765423635
19602,0.8793163052502548
19603,0.9141154789644659
19604,0.02750466383290378
19605,0.3984786877927815
19606,0.22330404320970174
19607,0.02975975335974541
19608,0.020160762015684734
19609,0.03039674305590291
19610,0.4617815232728067
19611,0.5558960162942367
19612,0.11463581453881509
19613,0.009898819569524674
19614,0.10096848473380289
19615,0.01543098502122323
19616,0.04754095735336273
19617,0.012343977401645622
19618,0.2704674885717337
19619,0.08714655727969742
19620,0.04911814967564024
19621,0.05655728032288146
19622,0.7089648349646047
19623,0.0044301215893669905
19624,0.4706439504506625
19625,0.06344675887388741
19626,0.667187088102571
19627,0.021110624412626948
19628,0.47177201320994205
19629,0.024214453273089704
19630,0.05665293688304513
19631,0.6991687827487836
19632,0.4189011372921481
19633,0.03436222973378502
19634,0.09196517155662481
19635,0.019733405654122137
19636,0.10020187831483993
19637,0.864767112274891
19638,0.00959249978286938
19639,0.01289053393366197
19640,0.06988267288116085
19641,0.008300284104268361
19642,0.023915542359490435
19643,0.0040899301112273636
19644,0.005742322766350924
19645,0.28077826715576026
19646,0.17518156690758946
19647,0.018946899740257886
19648,0.025637399105465922
19649,0.11586636929690475
19650,0.004211533295032162
19651,0.00351813160133084
19652,0.11083632771033834
19653,0.0174054880115916
19654,0.9375139168375753
19655,0.008920372543189331
19656,0.09205631463900145
19657,0.013342247063304754
19658,0.8253466251764944
19659,0.00976390245040298
19660,0.18142198054650188
19661,0.3189039652062585
19662,0.3544615351318455
19663,0.0076973246498341814
19664,0.8079042727853362
19665,0.01099314893198148
19666,0.02012488379189264
19667,0.03888428591918397
19668,0.0066215957623119055
19669,0.002605632739002485
19670,0.22146529582993688
19671,0.2731061918430794
19672,0.08530064505541216
19673,0.033011954950738144
19674,0.35301730386501295
19675,0.3481736456181067
19676,0.1293864798749226
19677,0.0015692098861296326
19678,0.004035360344073301
19679,0.023059241856730365
19680,0.005611917255259117
19681,0.7974085399091356
19682,0.9316654123671853
19683,0.06148330189339484
19684,0.019011540992131856
19685,0.7167768225090443
19686,0.004305147337743727
19687,0.10089566185322286
19688,0.004305405206426879
19689,0.23983002199467177
19690,0.5885987904622411
19691,0.01873629016420961
19692,0.8940509877567847
19693,0.02601342005694163
19694,0.01748277177085776
19695,0.035828491979633344
19696,0.005498730005597569
19697,0.5064254190785531
19698,0.01974197261159992
19699,0.26963420683361206
19700,0.006204892470709362
19701,0.013430884166085667
19702,0.7756087002510941
19703,0.037093320740123684
19704,0.0541037046495965
19705,0.141958980490969
19706,0.6466610334733727
19707,0.02047092732238454
19708,0.011052057024491895
19709,0.007517017967502259
19710,0.0104948373884026
19711,0.9444575048184941
19712,0.061851020162625635
19713,0.011054373475655459
19714,0.3881725606384275
19715,0.04404780168852831
19716,0.004421987667797697
19717,0.1321583705580083
19718,0.006876580299218397
19719,0.013104183467133747
19720,0.2923785280707822
19721,0.0032487030848097785
19722,0.690403387069817
19723,0.9349094542908312
19724,0.002175751002300397
19725,0.3157674977758378
19726,0.003299400117787139
19727,0.06594423487736453
19728,0.14846968790687767
19729,0.037533664295713684
19730,0.04225757468100193
19731,0.24744562467154588
19732,0.17530473582098127
19733,0.012621988764495258
19734,0.10060692307086494
19735,0.023605640337430293
19736,0.05580607628246736
19737,0.940262669592583
19738,0.8113806886233561
19739,0.5222812828489215
19740,0.00558141363325457
19741,0.011244712670118819
19742,0.022397401573557078
19743,0.5972606871596884
19744,0.006699187291242221
19745,0.0490996539694545
19746,0.04870966486862593
19747,0.10888878472237044
19748,0.02995580932136722
19749,0.0031710191856772984
19750,0.043333709476449746
19751,0.5516019261453614
19752,0.0778216432552405
19753,0.003145110804132614
19754,0.1237145065938021
19755,0.008830040476047742
19756,0.02247380500204868
19757,0.10031020912461662
19758,0.48759716050024976
19759,0.3921578930037564
19760,0.05903262419893558
19761,0.01774492460694722
19762,0.0061383452793570105
19763,0.025462399996503935
19764,0.8473941645993177
19765,0.02854893124534083
19766,0.6292690862752393
19767,0.25722786873316805
19768,0.9577389727842529
19769,0.01465031222756372
19770,0.0627366601460826
19771,0.006624539842115367
19772,0.00622941938951359
19773,0.15282587912141196
19774,0.9632757594896243
19775,0.015173849672150937
19776,0.0038539833108199605
19777,0.18354826264747554
19778,0.05196296492387243
19779,0.1835332001222917
19780,0.014860202288691051
19781,0.2741028104190656
19782,0.048026703524983026
19783,0.018856237381519383
19784,0.24309983979395125
19785,0.047275850548771176
19786,0.00479182931700198
19787,0.006845586767535585
19788,0.09134327579627617
19789,0.005646618537772199
19790,0.6680153210081656
19791,0.5217515342458843
19792,0.012550772956648797
19793,0.2791509730270135
19794,0.8291966393324095
19795,0.00501102330656637
19796,0.06905232532558124
19797,0.14363874881573405
19798,0.004794820688191336
19799,0.9426680150812353
19800,0.012109290683144971
19801,0.017076526281128896
19802,0.013064644569837835
19803,0.2837044053034111
19804,0.7411471960911452
19805,0.13570434665455142
19806,0.0029930968318748977
19807,0.15279266366671743
19808,0.08609852469268889
19809,0.017909000518727018
19810,0.0849094722217447
19811,0.006286154865757048
19812,0.016807747037206902
19813,0.008809014704686003
19814,0.1032863242578899
19815,0.04363990555692542
19816,0.03840743034984467
19817,0.02293445622134772
19818,0.02730553710797482
19819,0.003126480830017522
19820,0.11193174365020604
19821,0.004371108499452808
19822,0.010963685658303177
19823,0.018833023647168226
19824,0.08667355855445352
19825,0.17806038493677384
19826,0.16241145389995584
19827,0.19796864182596635
19828,0.15320851901907312
19829,0.6217660941106541
19830,0.010273574764400242
19831,0.015455108407190382
19832,0.1377819909852165
19833,0.5853088402892785
19834,0.009682089057916203
19835,0.5710141853611219
19836,0.016916680950299533
19837,0.006703285378845067
19838,0.015076101692043051
19839,0.1026597688280237
19840,0.1269404023041175
19841,0.44799558652162497
19842,0.007713392468863673
19843,0.3991935932031563
19844,0.14481247524972948
19845,0.36314612301643656
19846,0.01719451115217511
19847,0.022290441719382482
19848,0.10801522624788125
19849,0.06380125947487267
19850,0.0059982719469063705
19851,0.01044361173248536
19852,0.13856430385097607
19853,0.05491909110496311
19854,0.9002739251741889
19855,0.13008499528021633
19856,0.1641373795883368
19857,0.6796610810256309
19858,0.23079393060073503
19859,0.8454369912415619
19860,0.6744273401074302
19861,0.9698834628523874
19862,0.0630917819417438
19863,0.44162364056105297
19864,0.024063667480015156
19865,0.044794486437988945
19866,0.1322439373758249
19867,0.019428570099336975
19868,0.07342530313522494
19869,0.013506660098832493
19870,0.0929444334931293
19871,0.20392620891645055
19872,0.026632208848826902
19873,0.26796470277117435
19874,0.004690105169523951
19875,0.16126658683047398
19876,0.0036810479751370057
19877,0.09712985545127269
19878,0.006262423468446899
19879,0.009338082069361962
19880,0.02820549257324452
19881,0.06620567127391742
19882,0.004597692610355476
19883,0.16994832099930357
19884,0.07846727541849192
19885,0.8940653100372329
19886,0.12010548087604268
19887,0.016932835917515782
19888,0.8575622415635924
19889,0.3137225789861441
19890,0.056980595352103036
19891,0.2760181013837378
19892,0.07545563944213632
19893,0.06850019662444728
19894,0.003997214035341201
19895,0.6264026439245168
19896,0.005897117642346115
19897,0.6355726283251861
19898,0.024661988165265786
19899,0.10802877852335144
19900,0.1405254398345941
19901,0.3420678336454957
19902,0.00626720152646358
19903,0.05761280489718036
19904,0.005488509023447533
19905,0.006540408271406157
19906,0.16807434843975547
19907,0.032033503525393324
19908,0.012587735869468077
19909,0.08043200387370461
19910,0.786120770101206
19911,0.4705486114093156
19912,0.024276075310549195
19913,0.02033343590760687
19914,0.047613001618845824
19915,0.45815254573995323
19916,0.005346579205427977
19917,0.019626687556130902
19918,0.003177039035056207
19919,0.013592515325841185
19920,0.012802958329201775
19921,0.07955373017652305
19922,0.5520153255611266
19923,0.07381051955143256
19924,0.43919350409619845
19925,0.08134958536705877
19926,0.49331261546679583
19927,0.35962043408822963
19928,0.015397972451788346
19929,0.10614717546404308
19930,0.04570084489109008
19931,0.011769547171094179
19932,0.09308085013750393
19933,0.0027778700455071085
19934,0.028418298921700415
19935,0.020236861105023696
19936,0.0041977187045928975
19937,0.14930651053259042
19938,0.01467448813890301
19939,0.01741900934491982
19940,0.006958044029444142
19941,0.0253659399751239
19942,0.00909098565593921
19943,0.0032956610352255855
19944,0.014678557801378342
19945,0.06460879166073133
19946,0.013347258800117388
19947,0.009188005118330017
19948,0.13312607956831463
19949,0.009591043579916641
19950,0.12879166679574927
19951,0.30436293546695486
19952,0.017156099266305572
19953,0.5079250256832187
19954,0.04094301506116613
19955,0.029066348573624366
19956,0.41470326717033545
19957,0.008886311866782706
19958,0.01928411240680304
19959,0.03782781975652219
19960,0.08254575831641242
19961,0.01519377956360946
19962,0.05726828685395553
19963,0.004673144110617165
19964,0.004136750949650621
19965,0.004289620086581749
19966,0.3233559447470315
19967,0.2645552165401623
19968,0.7504529531799617
19969,0.6523507900298527
19970,0.36944634555326517
19971,0.00488723824793433
19972,0.008963738246647961
19973,0.8776795812299848
19974,0.005603145647766655
19975,0.9573702237242548
19976,0.09961948256293585
19977,0.01756777893801985
19978,0.010539752635153556
19979,0.8139687318792583
19980,0.3433612352598936
19981,0.012716285716304988
19982,0.029557064961856176
19983,0.5739686866699047
19984,0.4853426043158754
19985,0.28739853092619777
19986,0.009811666217522153
19987,0.9030655051203166
19988,0.005007444553098718
19989,0.022053003174672497
19990,0.059042253258743974
19991,0.012057813558643566
19992,0.9150794048231468
19993,0.05360268970733381
19994,0.3009417955629627
19995,0.12745801489942496
19996,0.038017749563510256
19997,0.008514877933611394
19998,0.004460115186204627
19999,0.008888573520286429
20000,0.02951776933433765
20001,0.011605874897302013
20002,0.05810579087028441
20003,0.17430322675866208
20004,0.22156551078865655
20005,0.24663647114124426
20006,0.9415992443911528
20007,0.46126146105260946
20008,0.4401469621917813
20009,0.007276631446788945
20010,0.004484318114292443
20011,0.03396586407295676
20012,0.04068441236163886
20013,0.011933711736706772
20014,0.1607301809798194
20015,0.019577054142356727
20016,0.018955624651324488
20017,0.0072277630400105035
20018,0.004416244235103157
20019,0.15597217198824798
20020,0.04047847686268386
20021,0.019286795648898396
20022,0.30626003604291374
20023,0.09258675753430251
20024,0.023704434858999993
20025,0.004195428094597235
20026,0.030377284818298857
20027,0.9367466807274003
20028,0.0025132255244820377
20029,0.6611553891780443
20030,0.040617777750261215
20031,0.002290448826414613
20032,0.16553923260095116
20033,0.33578746077710875
20034,0.010628773206032751
20035,0.22328808419651996
20036,0.010197627957111656
20037,0.3231219092186464
20038,0.9211986066614418
20039,0.45008493991300536
20040,0.018436054250610047
20041,0.005357367974491187
20042,0.010806822147109083
20043,0.028214488997465544
20044,0.028039215720151396
20045,0.3384566969569774
20046,0.8264688809567123
20047,0.9725479062856914
20048,0.003871858377786838
20049,0.8519758569349811
20050,0.18329539414230397
20051,0.03165771327163933
20052,0.0151490789176186
20053,0.9437543824030925
20054,0.0062739576398918185
20055,0.15268941819477752
20056,0.0038362233247388917
20057,0.08542500322383649
20058,0.26790066366659265
20059,0.12775097870879382
20060,0.025410753130062205
20061,0.005541442028847493
20062,0.10377368774799216
20063,0.002140127866376835
20064,0.006939748523455235
20065,0.43781678645937416
20066,0.49456898651179576
20067,0.08924182047839299
20068,0.18792033747897885
20069,0.716252922389901
20070,0.016887637545906605
20071,0.0167299276866459
20072,0.29953187187721575
20073,0.1153451295549753
20074,0.007821725551679329
20075,0.15575933827779245
20076,0.4232367814086944
20077,0.11283561999258929
20078,0.1780933057735361
20079,0.0145672048536219
20080,0.3944855481308592
20081,0.7038741036402179
20082,0.11408809655424305
20083,0.1718181025379388
20084,0.8893780433352115
20085,0.03374661180833823
20086,0.006690418620557244
20087,0.018719378063516305
20088,0.275590411717004
20089,0.0225521135437525
20090,0.25145801469917417
20091,0.21212188839107426
20092,0.016129016683021434
20093,0.2921111430950886
20094,0.0891340905412664
20095,0.6776708359491177
20096,0.681428123596186
20097,0.24430613289842903
20098,0.0019388010940145084
20099,0.009680528721222225
20100,0.9168261876462604
20101,0.30286525781540763
20102,0.2243902361191069
20103,0.03497814377778792
20104,0.7839051540805567
20105,0.014154496813073807
20106,0.15141616558454074
20107,0.6099108308841891
20108,0.025125761221173395
20109,0.8567239668936333
20110,0.4983460198294196
20111,0.0429498087505493
20112,0.022958102773233024
20113,0.02920882040805086
20114,0.9306378179580571
20115,0.9614845931246266
20116,0.2938033301762876
20117,0.004872155458687753
20118,0.002038069927526537
20119,0.11011053308195397
20120,0.015307125991439085
20121,0.006367682293262654
20122,0.29339542464965424
20123,0.31316722018091847
20124,0.10790932621110308
20125,0.018495697388055055
20126,0.059248984235091305
20127,0.05952418621397949
20128,0.9380353013327355
20129,0.12518216403451116
20130,0.41514719387689214
20131,0.013866294876271222
20132,0.08867156109961552
20133,0.0031059484229585214
20134,0.10270075865145147
20135,0.6469672563295745
20136,0.008351886145423761
20137,0.005942808240024344
20138,0.9647730619187023
20139,0.004311550325979622
20140,0.3676397950468641
20141,0.004457678439090529
20142,0.043624183481654366
20143,0.020862978345309636
20144,0.0669643870559673
20145,0.015427688469745326
20146,0.03578855436071451
20147,0.04293897594055221
20148,0.002473323887093626
20149,0.5374781678952104
20150,0.029798189009778445
20151,0.9628364163695164
20152,0.011269130395884439
20153,0.12720731966045093
20154,0.007255047870498407
20155,0.06974977668289942
20156,0.002305615103574374
20157,0.10886742784549083
20158,0.015599799339338522
20159,0.25929807717527287
20160,0.944912253105024
20161,0.04759689318013716
20162,0.017731297990039415
20163,0.022594425905247552
20164,0.1544527539282848
20165,0.009825100821078948
20166,0.014541029260507403
20167,0.6502962463672342
20168,0.004470883806942258
20169,0.004668221878928011
20170,0.008124690250000765
20171,0.7768072202195165
20172,0.6583801362865743
20173,0.9467371375390692
20174,0.06710145834213631
20175,0.5407084484376021
20176,0.07503665642654092
20177,0.006309276436847929
20178,0.011647820286497747
20179,0.050142474674897256
20180,0.027359183889866766
20181,0.01349844864041141
20182,0.18235168168550583
20183,0.00360110146950383
20184,0.9213960877474477
20185,0.34608612063089594
20186,0.01069150827558371
20187,0.01327267929803718
20188,0.29856095162591656
20189,0.17378797063174095
20190,0.7500876807280925
20191,0.004607590119073911
20192,0.8894764830507449
20193,0.05780999765088356
20194,0.006149481734448862
20195,0.84454508605109
20196,0.003814672682756498
20197,0.017610116791747153
20198,0.003953301188561073
20199,0.017338877351631036
20200,0.0038544311512893536
20201,0.3703320033538151
20202,0.004957009786903407
20203,0.18540471375273535
20204,0.11477101785395773
20205,0.002730884691655343
20206,0.06159255431880391
20207,0.8738909366545528
20208,0.019036252825764564
20209,0.003820755303011012
20210,0.011441763071432649
20211,0.03295874277533178
20212,0.8874917390107904
20213,0.017018680434285983
20214,0.34457816752771236
20215,0.25659317613317983
20216,0.007773779259411627
20217,0.004899334807774124
20218,0.14861390153072596
20219,0.8585147787453121
20220,0.105695909161099
20221,0.7627219987770916
20222,0.013929145726681393
20223,0.05766805159587255
20224,0.09610113365173996
20225,0.1198058116387602
20226,0.010231777519492731
20227,0.5903098307886555
20228,0.7878290680448866
20229,0.436838887690783
20230,0.007393050222820259
20231,0.6963482447140906
20232,0.47432357561708216
20233,0.04417568313664612
20234,0.006497277589809455
20235,0.006293473642003745
20236,0.5815762541894357
20237,0.6301800331984779
20238,0.03269878851902763
20239,0.005155592736936852
20240,0.005401601220543144
20241,0.006310601935224396
20242,0.007391596826062693
20243,0.005253871296214585
20244,0.0047492408827757675
20245,0.3902086719500705
20246,0.9264118689180657
20247,0.019493389416665632
20248,0.01591114714705101
20249,0.6052152516421506
20250,0.03815858201417235
20251,0.024015909225098518
20252,0.013488207641360238
20253,0.0031528453343696227
20254,0.14935282776368666
20255,0.1629889956388266
20256,0.8094914499276803
20257,0.9632740560692946
20258,0.2348228153837843
20259,0.2341045117298829
20260,0.00460498494373628
20261,0.5208670916050222
20262,0.06700033478428892
20263,0.8343272277430747
20264,0.15598443247833285
20265,0.43567780229174713
20266,0.8592291082349078
20267,0.5289409629010594
20268,0.047972639894747114
20269,0.09388693497309321
20270,0.04545018537552869
20271,0.14095783650882412
20272,0.0069598959993727215
20273,0.06524965053896571
20274,0.1282536150442252
20275,0.02031012014567408
20276,0.5754009796299743
20277,0.8399372684854357
20278,0.0860299036120721
20279,0.6508997525071106
20280,0.006105032369092855
20281,0.057178469673034096
20282,0.014938437263374859
20283,0.6923259437513487
20284,0.009702717701525459
20285,0.617156921987406
20286,0.011014069389944158
20287,0.007086576289380853
20288,0.010793635293580645
20289,0.924526118985686
20290,0.0021397464961587028
20291,0.005531223710483198
20292,0.8492262177361338
20293,0.8728946374907279
20294,0.006440503142444467
20295,0.09171472710472121
20296,0.203377589066815
20297,0.021390548156553776
20298,0.007638993381053385
20299,0.8969475965969949
20300,0.2544309500399782
20301,0.006364843681116403
20302,0.9250612859406556
20303,0.004328624669895589
20304,0.05992112467285184
20305,0.00284533902937809
20306,0.012894708521800378
20307,0.06601599831377734
20308,0.15546625762894764
20309,0.1385124104849299
20310,0.034979310409914435
20311,0.007518678173561096
20312,0.006145415775149289
20313,0.006405345530972396
20314,0.6917333995304814
20315,0.9682911737939669
20316,0.05688217379751254
20317,0.003242855039737246
20318,0.14455891452124767
20319,0.9069323459067344
20320,0.9547482422496313
20321,0.07426533998131228
20322,0.1601545613547767
20323,0.0033721854416270992
20324,0.8526310267543658
20325,0.0034790568964293933
20326,0.023546568729288068
20327,0.11666557731136164
20328,0.01889505583455144
20329,0.21305450510197127
20330,0.6874342833520264
20331,0.4759985190665595
20332,0.5712640072277534
20333,0.27537815897145707
20334,0.8490997333029275
20335,0.7885983391005356
20336,0.0554967074391857
20337,0.018300460639249217
20338,0.3372163326487074
20339,0.8350435414148499
20340,0.006091262837344374
20341,0.1416102080965787
20342,0.04374087083461191
20343,0.4960984705078886
20344,0.006786996360198334
20345,0.544915551836227
20346,0.1354856807159334
20347,0.03709241061294254
20348,0.6972709726220914
20349,0.009642158168887138
20350,0.04463389751530555
20351,0.15743361101262004
20352,0.06716412791643692
20353,0.015117543704092627
20354,0.2912599779278606
20355,0.011977911812431595
20356,0.010421347591337053
20357,0.569104265160082
20358,0.014759925842326282
20359,0.07004386074118076
20360,0.2614128036268915
20361,0.010420770480765703
20362,0.008306316829778622
20363,0.005109049421545984
20364,0.8593775196158527
20365,0.0055565819303352235
20366,0.017345329016928524
20367,0.0425373638740844
20368,0.008063364872907909
20369,0.02852431398837214
20370,0.08332522447439267
20371,0.12595708837553393
20372,0.2511923296425754
20373,0.0320099765796914
20374,0.009792500283538383
20375,0.016195339136294312
20376,0.08364714146977102
20377,0.3755357512731045
20378,0.0030709269959467516
20379,0.2665963024569044
20380,0.02021810312360013
20381,0.6266849843092261
20382,0.01270184889613993
20383,0.9511142984744254
20384,0.0069486212391115946
20385,0.003888653038327505
20386,0.0045165759309104435
20387,0.05093330100339352
20388,0.02476059624402286
20389,0.10600872646424381
20390,0.541071982089182
20391,0.48437764254691273
20392,0.03815111946443018
20393,0.10626780134788728
20394,0.9258907222534528
20395,0.015086306076786708
20396,0.0880764615144104
20397,0.0019172068358944952
20398,0.8353587360684646
20399,0.006105966649901369
20400,0.09615004092795053
20401,0.5963378795569076
20402,0.7096550226996048
20403,0.018327187839291204
20404,0.0031893386660671584
20405,0.004130378023750796
20406,0.02685516514218482
20407,0.31945141536228955
20408,0.6335036545156019
20409,0.686367750183022
20410,0.8111206427162123
20411,0.12145393971768843
20412,0.00526062292357867
20413,0.15871646232991532
20414,0.8315007492857758
20415,0.9074945722189994
20416,0.01380779038899161
20417,0.012920770698218063
20418,0.009223439957017526
20419,0.015088283405077008
20420,0.013676658165034385
20421,0.3586562783781947
20422,0.005796962296645639
20423,0.08924100004588624
20424,0.2004667654982705
20425,0.005849745665025198
20426,0.8540372439919214
20427,0.004204685887444975
20428,0.9570525512856018
20429,0.05891290328926881
20430,0.004561984094658873
20431,0.0050942898682399505
20432,0.04780960183293723
20433,0.01705248919998629
20434,0.06416005229005797
20435,0.020784324015817836
20436,0.005727090844574948
20437,0.937862527466264
20438,0.8735886047778031
20439,0.10044576190697609
20440,0.00739943155092027
20441,0.09270467097789682
20442,0.006548048046428675
20443,0.2225348069350792
20444,0.16773651642087162
20445,0.14647417786983344
20446,0.005591826818538806
20447,0.7418827784791964
20448,0.2322916591671257
20449,0.726913540061486
20450,0.6223014667900002
20451,0.9155089346037063
20452,0.05974185319011414
20453,0.007840800972808088
20454,0.1523101367768977
20455,0.013625990068528056
20456,0.00421506146981161
20457,0.01359597404079082
20458,0.27498085643395237
20459,0.7906803181688271
20460,0.4452205956683769
20461,0.01121361285851487
20462,0.008851433245397397
20463,0.13429010742528485
20464,0.0037127855303373753
20465,0.005213066743519273
20466,0.011180531053657405
20467,0.9448496018641954
20468,0.02063503848106386
20469,0.4901638234272477
20470,0.012659703323672937
20471,0.34987956014827537
20472,0.21393485939392812
20473,0.01536455714554561
20474,0.003749046211628994
20475,0.0068293535190278995
20476,0.15819567289365588
20477,0.8818371763140697
20478,0.036771342060860544
20479,0.2732601023364569
20480,0.21267036037931875
20481,0.07519500822087152
20482,0.17628392597198242
20483,0.008371310713734604
20484,0.007316273518282262
20485,0.005394374169369624
20486,0.02233274531646403
20487,0.5064655672816433
20488,0.006243546687461568
20489,0.5788375147954986
20490,0.9624165442806454
20491,0.09909899231273002
20492,0.030086675769761775
20493,0.008144979188663113
20494,0.07729235259682281
20495,0.0071364914609747645
20496,0.004140118701451849
20497,0.0056280335181361696
20498,0.1618341860771656
20499,0.6178860989432087
20500,0.006704351558007975
20501,0.00385574740122777
20502,0.5614443260232777
20503,0.44278940055588495
20504,0.02042619470257312
20505,0.9015088215005634
20506,0.011362438405627943
20507,0.21069452915183035
20508,0.647293146235334
20509,0.9491866764265121
20510,0.1549805239653033
20511,0.008130632037488423
20512,0.9452218265685792
20513,0.6915037838383813
20514,0.03507727027823681
20515,0.7750890092440382
20516,0.01674222711276656
20517,0.11017882625385106
20518,0.0282732302689598
20519,0.028851235947070925
20520,0.01333020239806191
20521,0.7862534721603861
20522,0.0038807774616736014
20523,0.0875124904005572
20524,0.04206024186839926
20525,0.04748717896571605
20526,0.015337333806350889
20527,0.11086059676281129
20528,0.02892692526847386
20529,0.1834248921737376
20530,0.07809182201211534
20531,0.0423183102984434
20532,0.32243326416550994
20533,0.027290603489280033
20534,0.007955733715658895
20535,0.04492763820070808
20536,0.005568719972254978
20537,0.8238883620432688
20538,0.05357565067784091
20539,0.03947278726650536
20540,0.5878571913967583
20541,0.007949188701861147
20542,0.05926409229446013
20543,0.33561203158371555
20544,0.8010543113705189
20545,0.10211354936488412
20546,0.013791961822136555
20547,0.10233403511411895
20548,0.8594260740666297
20549,0.07928789751236426
20550,0.030772307869331685
20551,0.010454964603525092
20552,0.38055227454117785
20553,0.0068332044827107315
20554,0.009129413224424116
20555,0.022526842372223115
20556,0.01439135755759535
20557,0.24510156203228045
20558,0.008907593326484928
20559,0.0020479769324518553
20560,0.022366433348607093
20561,0.002593684893791446
20562,0.024922948981173188
20563,0.005356567307843605
20564,0.054012646894557786
20565,0.05481660740759833
20566,0.14265217136665148
20567,0.11796642286064402
20568,0.009780718786967424
20569,0.06959418647922483
20570,0.06874040515368479
20571,0.0020488287630470365
20572,0.06143880877525256
20573,0.013388346280145326
20574,0.17392697003779126
20575,0.012546497324862023
20576,0.2211821078843974
20577,0.4190302884622535
20578,0.7972448323928402
20579,0.008673679700527064
20580,0.003442690594867266
20581,0.09594400936404426
20582,0.13189123892647622
20583,0.7173126797921244
20584,0.004991482534159658
20585,0.024339055705718905
20586,0.015597838674158048
20587,0.014624701101076134
20588,0.02659621771251218
20589,0.836444959166017
20590,0.5669849730208122
20591,0.09577442330301865
20592,0.7322974870168681
20593,0.14973401749574777
20594,0.05837323213197716
20595,0.010912300707160387
20596,0.143451014089513
20597,0.1004882676016096
20598,0.6174991593043864
20599,0.1808074540409845
20600,0.544967986622205
20601,0.011211215570171679
20602,0.3547357549437422
20603,0.07663107232638125
20604,0.02061510797938666
20605,0.006531231788665325
20606,0.1881130608156609
20607,0.017883831436858077
20608,0.9638301079846164
20609,0.7544957887114042
20610,0.47026709623455537
20611,0.050252241058633115
20612,0.007579939859292309
20613,0.11968608547676152
20614,0.8466407363516062
20615,0.7641946731110234
20616,0.3118628011271199
20617,0.021094572716691753
20618,0.07303682340773186
20619,0.003969843967338756
20620,0.46359641365977666
20621,0.007723961476899251
20622,0.014355365516488739
20623,0.019951660937160994
20624,0.3419228646707999
20625,0.10777751953590316
20626,0.008788852540217053
20627,0.013320428867916366
20628,0.23137882943118732
20629,0.7672341241840444
20630,0.09696480675239678
20631,0.0441500716801753
20632,0.016395497684613642
20633,0.002996566603328464
20634,0.740451864681496
20635,0.006405635061079437
20636,0.004791825914472562
20637,0.19264308524590665
20638,0.2513222407792439
20639,0.07425770210382736
20640,0.6210343469077643
20641,0.05640352925855471
20642,0.019358509160029368
20643,0.09478242155838715
20644,0.4205432180664041
20645,0.25770182649587825
20646,0.006806123803218402
20647,0.0840399083477398
20648,0.08237704610120478
20649,0.015842397676535544
20650,0.12610053866969648
20651,0.02888889026185402
20652,0.26250226033752283
20653,0.16625141743394908
20654,0.5157401321051096
20655,0.007328066953924219
20656,0.638568609144254
20657,0.13857096983160996
20658,0.011307540825967475
20659,0.8575444206891015
20660,0.08560623319851601
20661,0.00860751058051903
20662,0.005983524212744836
20663,0.08953502285913018
20664,0.012674097209419054
20665,0.017992560207322678
20666,0.0957310437304303
20667,0.012130903796597942
20668,0.006347206117993002
20669,0.22669691970670228
20670,0.9367904389489504
20671,0.012376063802969815
20672,0.9113881118166139
20673,0.10736216155840433
20674,0.004411417089423937
20675,0.008329199606630578
20676,0.05616695783835019
20677,0.08527235740965936
20678,0.006488299642368332
20679,0.0131526213258521
20680,0.37558476633659127
20681,0.007214407598184353
20682,0.4347634575413744
20683,0.6850376097759358
20684,0.026061672926711008
20685,0.2110074150645001
20686,0.013845739380171038
20687,0.017488800384470645
20688,0.7967841822036269
20689,0.3688484854018247
20690,0.006659608175126982
20691,0.0024796025174013774
20692,0.4016662510040806
20693,0.07367085022422229
20694,0.004651774048165618
20695,0.009915423848501392
20696,0.003526719438259761
20697,0.957782815369956
20698,0.10765950301427975
20699,0.010421719409586411
20700,0.004810370706062488
20701,0.5058013726029527
20702,0.021381130626504704
20703,0.7904317393784294
20704,0.005485898781285362
20705,0.12035082361463079
20706,0.014362358192575333
20707,0.01899400871009851
20708,0.06155960436635218
20709,0.04926124626880148
20710,0.08064090493284501
20711,0.05578837733545248
20712,0.24867209833101897
20713,0.8759501981348663
20714,0.6746237507832872
20715,0.00817202520703881
20716,0.12199516037328607
20717,0.17050364609311905
20718,0.32573161567804754
20719,0.0024399911846977214
20720,0.20521480986385499
20721,0.07417257741963242
20722,0.22193723295215043
20723,0.009537229406709346
20724,0.0358880866910759
20725,0.004311317772018107
20726,0.01375318536032405
20727,0.8100590365152331
20728,0.07616163937990711
20729,0.006683732503350879
20730,0.025720758622932403
20731,0.07254669816291899
20732,0.07300281640930424
20733,0.8538777088554336
20734,0.1694728720201546
20735,0.3549535529001441
20736,0.008992266290107428
20737,0.5811056530186017
20738,0.8236829674200689
20739,0.017118099190767615
20740,0.016647812121043347
20741,0.6901244629567737
20742,0.010769150081097204
20743,0.03071419113456471
20744,0.5925235189300581
20745,0.9026696528712779
20746,0.011951996102422282
20747,0.05139330165509872
20748,0.0074231328629189046
20749,0.006320912774491511
20750,0.29682492715156145
20751,0.9210273940630245
20752,0.013491518648060172
20753,0.1995479126744591
20754,0.09340474437811347
20755,0.19641019646350863
20756,0.10468877461866086
20757,0.2901679999278153
20758,0.08566325213513945
20759,0.33221460790492563
20760,0.004753915726782214
20761,0.030694445685751436
20762,0.3677341379926041
20763,0.008376640671400431
20764,0.7936742215855266
20765,0.20352726029679713
20766,0.03205302577013981
20767,0.6956303541312836
20768,0.03234669531743601
20769,0.008512782132362413
20770,0.005830712012694245
20771,0.056230757749841986
20772,0.012917005825254428
20773,0.00789265946574188
20774,0.04265446627215907
20775,0.013394399520128147
20776,0.0540635904523642
20777,0.002289553757664283
20778,0.055156372724279146
20779,0.6051295583483914
20780,0.9105311467718984
20781,0.018777864831787422
20782,0.0471206938659523
20783,0.6741788666466444
20784,0.013447775549312202
20785,0.009219329229169458
20786,0.9497396215508196
20787,0.03185499733417689
20788,0.6290225216547484
20789,0.6186000096373029
20790,0.09946312780095846
20791,0.7917401260282365
20792,0.0094331385519481
20793,0.02625454172513017
20794,0.002645226840365769
20795,0.06127408832725343
20796,0.571909110641565
20797,0.30294249199165896
20798,0.015082719484024532
20799,0.09263331544532233
20800,0.7136351006604562
20801,0.4198053247975003
20802,0.1037632370131734
20803,0.8762982256926307
20804,0.1259237232712658
20805,0.18375781731734547
20806,0.540743928973124
20807,0.01740121459850274
20808,0.019732897594432478
20809,0.20995399351868677
20810,0.13973140428132966
20811,0.06355272113721139
20812,0.1730734971749197
20813,0.00714112455200407
20814,0.0952715900983598
20815,0.5649946275905673
20816,0.09168131513267552
20817,0.002766386370043404
20818,0.0025103196429357697
20819,0.014999443266786861
20820,0.4936844451115076
20821,0.6386282503373971
20822,0.16431915568958977
20823,0.0034121096934814814
20824,0.01569544454536972
20825,0.2527803919587542
20826,0.012465830780189464
20827,0.19646046380568996
20828,0.29670589881452103
20829,0.19823800122566804
20830,0.5841751779070625
20831,0.17702834554825128
20832,0.020396029461843965
20833,0.8872109520108508
20834,0.3612624993106177
20835,0.011772122445498991
20836,0.8540182555892121
20837,0.030854299779050406
20838,0.013211292823663803
20839,0.04055288394898162
20840,0.007729497866618704
20841,0.09724575498196636
20842,0.21409697934076827
20843,0.020517336777843488
20844,0.017339935919491716
20845,0.49103452528195257
20846,0.0028606857492047316
20847,0.051508621514121
20848,0.011466227754839431
20849,0.011293845436903512
20850,0.03308394601767121
20851,0.04792072532133167
20852,0.9556721139261315
20853,0.05301616334472496
20854,0.010708177712426065
20855,0.3186909700147128
20856,0.21875656883005712
20857,0.7493703876071776
20858,0.8532951612268833
20859,0.017482131058278404
20860,0.07820402187785833
20861,0.021908230897907346
20862,0.20059986254682977
20863,0.20913941685652757
20864,0.02070997038495565
20865,0.13464050149575316
20866,0.01482378284345474
20867,0.006854753875210115
20868,0.9135718388951939
20869,0.002932311605982047
20870,0.003363836534794713
20871,0.006140948225812709
20872,0.009165620758087616
20873,0.020351627590857686
20874,0.623691044520114
20875,0.3580473615035979
20876,0.1668605635980091
20877,0.22082969614579015
20878,0.15108800135517664
20879,0.003914761560402812
20880,0.024621351993854484
20881,0.10333451156123584
20882,0.491316511905097
20883,0.02282844549908842
20884,0.00814182177322343
20885,0.047676402114587256
20886,0.14412009592731423
20887,0.01011876927256036
20888,0.09171279915749513
20889,0.11928661849456028
20890,0.15881460530738772
20891,0.07092392247693008
20892,0.1412079173032314
20893,0.4012556555087331
20894,0.10989954079425754
20895,0.21470835240808508
20896,0.8299906604384243
20897,0.004352502328203276
20898,0.19964212562699732
20899,0.10403166344715249
20900,0.04737209273442715
20901,0.07153800002347062
20902,0.3421927413021813
20903,0.7789108411800043
20904,0.01319193295643991
20905,0.014291357210747558
20906,0.05876663113493116
20907,0.018418126771041068
20908,0.003702638024268103
20909,0.007552879781146163
20910,0.19108842354313627
20911,0.6720992640899242
20912,0.004706726514575305
20913,0.6208999460809469
20914,0.11398673837176836
20915,0.030358386612510006
20916,0.003243910863595202
20917,0.10730270877198814
20918,0.02993619938035411
20919,0.005916926070191424
20920,0.09942899725482464
20921,0.0032836153044197344
20922,0.8882511753669619
20923,0.006472680076963448
20924,0.7959143635760085
20925,0.2646612936601679
20926,0.969993732862227
20927,0.04050286635128396
20928,0.19739737322793022
20929,0.4222421793334549
20930,0.012799976210105488
20931,0.018800848767569985
20932,0.009776262657474184
20933,0.004634883073390164
20934,0.05543298810405444
20935,0.04866974691506768
20936,0.9499793111248418
20937,0.004504548590977872
20938,0.04508388243900603
20939,0.004743768147780611
20940,0.24601315073368077
20941,0.007181044107811594
20942,0.22589318224831587
20943,0.35624118786705944
20944,0.7751247688414111
20945,0.009598760009888537
20946,0.8378000046007752
20947,0.014925809444285933
20948,0.0556060071650912
20949,0.18663053325906406
20950,0.023348238878249983
20951,0.07226550150439058
20952,0.6709191175750614
20953,0.055517633280063886
20954,0.05573556091644574
20955,0.045391229472562904
20956,0.009702563118227722
20957,0.08102174071538122
20958,0.014534511064541254
20959,0.8136969351732852
20960,0.11659797410447625
20961,0.02146793081905018
20962,0.07493178888999072
20963,0.006603870610683952
20964,0.1338668194766802
20965,0.009044153909875407
20966,0.3440266349554817
20967,0.10611722148104535
20968,0.08240564787064249
20969,0.015122210005755619
20970,0.010500060764741201
20971,0.023717473427951587
20972,0.004155672937509793
20973,0.01661714761425029
20974,0.007072462513711124
20975,0.20219886304072357
20976,0.004118318475279815
20977,0.1302041500797846
20978,0.15866662572242482
20979,0.03801361267692558
20980,0.31835614252141975
20981,0.10227276497102594
20982,0.007104514375019308
20983,0.014917954875763967
20984,0.007948772589155688
20985,0.016375263130826313
20986,0.03664678314798476
20987,0.8639912409012677
20988,0.6394082795803457
20989,0.16455740318726747
20990,0.5758504153966849
20991,0.9146538711575479
20992,0.3081044174858922
20993,0.005334585137494217
20994,0.014247828209816227
20995,0.022570551894218572
20996,0.07191524659460162
20997,0.11215767663319806
20998,0.18689805032837112
20999,0.00786101792720809
21000,0.9431615839439911
21001,0.006087091928396713
21002,0.7331930141864553
21003,0.004669305076067606
21004,0.47482734844513635
21005,0.050972252437390224
21006,0.863775545697752
21007,0.003556383460455525
21008,0.039883496196663856
21009,0.13997975082436645
21010,0.8837906097807366
21011,0.03568165367311597
21012,0.06537656079403888
21013,0.00952205777592034
21014,0.17061962845901676
21015,0.2811221392148609
21016,0.2325242717089758
21017,0.00420063662545653
21018,0.004642000508095863
21019,0.011284596691474212
21020,0.08346083657430388
21021,0.049646559710036356
21022,0.8607637973785507
21023,0.025445970920970028
21024,0.7736820336908573
21025,0.23040909836277326
21026,0.10590762397148738
21027,0.9287980926768449
21028,0.7855018315939519
21029,0.01389358760625115
21030,0.19066696820074672
21031,0.692206199728693
21032,0.02303609092855374
21033,0.7427623116958046
21034,0.7187130965805001
21035,0.015993833875731348
21036,0.9464951773030396
21037,0.5439260785924922
21038,0.018064584335094776
21039,0.8875901298609378
21040,0.015785129177295736
21041,0.14014252468418958
21042,0.09747240753559208
21043,0.009945161708471465
21044,0.8162834595717657
21045,0.02486876661500587
21046,0.35481586207970983
21047,0.8744977084276604
21048,0.008073939165965067
21049,0.9383165623945646
21050,0.0045880910742031366
21051,0.4000492973962816
21052,0.016636937733707013
21053,0.053429965442517206
21054,0.5371681851519079
21055,0.023118614686205505
21056,0.06917676261183532
21057,0.9747442876315969
21058,0.0045575008514301745
21059,0.7314423073866094
21060,0.936092047110715
21061,0.19650190995309244
21062,0.0036861251080606804
21063,0.037934378624197566
21064,0.778510768959436
21065,0.31216013797494346
21066,0.013949581659371501
21067,0.008011155766811438
21068,0.11868084840940483
21069,0.09907751299333052
21070,0.023798696652017583
21071,0.6718555809881548
21072,0.004841261895054226
21073,0.22316187491369482
21074,0.024146562206374754
21075,0.02338072622980241
21076,0.011373919107968453
21077,0.1513051466703548
21078,0.6291356167845391
21079,0.8904604638303653
21080,0.012368010725829583
21081,0.945016407554199
21082,0.02116772039301549
21083,0.03487915186328048
21084,0.4644227190024474
21085,0.009251550448263967
21086,0.11951456140144973
21087,0.11698215753831853
21088,0.21121780755786648
21089,0.14406864024437452
21090,0.24660316158530526
21091,0.006759298576441607
21092,0.5512369913277119
21093,0.0038812337073318255
21094,0.017180653919516134
21095,0.022886404941238166
21096,0.006063396558573957
21097,0.04113765722997311
21098,0.03863108949672537
21099,0.14022763298871369
21100,0.051991615000779395
21101,0.004871177774116473
21102,0.008831414262666431
21103,0.24407522125748943
21104,0.13362793112475876
21105,0.008791713835199878
21106,0.7335008651595808
21107,0.08512872179069066
21108,0.18838590007536932
21109,0.7985838320497279
21110,0.7341336047127424
21111,0.9729417155034057
21112,0.0035786881796098136
21113,0.008337480399512109
21114,0.7300796272872576
21115,0.2704293819855327
21116,0.9109089054809395
21117,0.13683162928320017
21118,0.010601356002882702
21119,0.8957855670675369
21120,0.006326711977473389
21121,0.28651607008530283
21122,0.0845665929888709
21123,0.02187072349505749
21124,0.004619324352463512
21125,0.12445647349818172
21126,0.004392667192392015
21127,0.02055115692357055
21128,0.002665983552924499
21129,0.02242750920585699
21130,0.9136193297902505
21131,0.5817618424658298
21132,0.0643596537464576
21133,0.035217092682333306
21134,0.00798140590161429
21135,0.853183364853902
21136,0.10248064273377486
21137,0.005988728412527752
21138,0.007781697462145468
21139,0.024587669047930222
21140,0.6145025145234859
21141,0.008604815427394911
21142,0.015011487257343796
21143,0.13043115295236762
21144,0.007324971291558815
21145,0.02238938732200628
21146,0.021840159200412025
21147,0.39229702696991103
21148,0.26692285388022
21149,0.01050817779676106
21150,0.013166686758522863
21151,0.7800020898323267
21152,0.021917941759482508
21153,0.6320725594495541
21154,0.014943019649413974
21155,0.021475826374926316
21156,0.5857609411308753
21157,0.030200355857082643
21158,0.16539605703275584
21159,0.01939318723039275
21160,0.005182876243436364
21161,0.011827967765292637
21162,0.028097853905677758
21163,0.7491646996889471
21164,0.006312549118934894
21165,0.1653534604615862
21166,0.8785408287901817
21167,0.022339255525962953
21168,0.027532236055834387
21169,0.40268307083736543
21170,0.3311182532958136
21171,0.16586208028602603
21172,0.14936030698798497
21173,0.010923060716185824
21174,0.9165999534463154
21175,0.27283720826192304
21176,0.004761935639882439
21177,0.7797928981873042
21178,0.5048003129405592
21179,0.01895456103991003
21180,0.5379633300535143
21181,0.02526152528463097
21182,0.005211773696091621
21183,0.044881930592848514
21184,0.6536703402018526
21185,0.19068106340844915
21186,0.009203474554292386
21187,0.002291400246977474
21188,0.014938804985441631
21189,0.0038765003123216128
21190,0.017118536217719752
21191,0.8272813578995906
21192,0.3608047014276452
21193,0.2690261568701425
21194,0.9394461136665418
21195,0.023901544410096696
21196,0.10819179059897292
21197,0.0026873288634515174
21198,0.004332987614913127
21199,0.4876500910853283
21200,0.018149580586390147
21201,0.05695346499693831
21202,0.007026814673791586
21203,0.16244870060481584
21204,0.012330965287278428
21205,0.002888143472648598
21206,0.8661894707467398
21207,0.002739322123349433
21208,0.049237736875645914
21209,0.8966749489133171
21210,0.09293594066559036
21211,0.892356736954171
21212,0.007511215152777275
21213,0.80179118130287
21214,0.09659218949255612
21215,0.05597823313625978
21216,0.4441735442033979
21217,0.12083046990365366
21218,0.004593894276101238
21219,0.013077060860772361
21220,0.41057445316637603
21221,0.018744565347246108
21222,0.03237346332298128
21223,0.03363472291371157
21224,0.5542025957298312
21225,0.0056098221256734694
21226,0.4153117146430917
21227,0.007478206588346528
21228,0.9331991151729219
21229,0.9230412953229709
21230,0.26499673733985246
21231,0.7839801496984894
21232,0.06630592499875448
21233,0.21054136030781342
21234,0.09393088653459922
21235,0.5045874583200939
21236,0.7510876653462003
21237,0.014877767317757886
21238,0.004873784497037324
21239,0.01626971768016884
21240,0.021515217279040995
21241,0.2859009801043818
21242,0.9429430337507043
21243,0.1589646548610129
21244,0.03187100690446858
21245,0.95752834760083
21246,0.0026010692030234194
21247,0.016226895561121325
21248,0.055791238881368124
21249,0.9614868938573364
21250,0.004569114943179866
21251,0.009372908146724257
21252,0.13150324072869968
21253,0.015783715609335166
21254,0.01462708318565181
21255,0.10747409371602455
21256,0.07448896289786648
21257,0.7912033362889518
21258,0.1775605281020615
21259,0.05421364563602907
21260,0.09794629108735081
21261,0.025073939540296988
21262,0.01800566248221162
21263,0.11380781716922883
21264,0.010332173595757214
21265,0.007401044286783355
21266,0.0025875132113511623
21267,0.10292714690900735
21268,0.9241847207124938
21269,0.20967473761431601
21270,0.1372248727002306
21271,0.24403879182778895
21272,0.36028440092110114
21273,0.020894238566088408
21274,0.018133648591609985
21275,0.1388590052913672
21276,0.004023379010785695
21277,0.007124557075845691
21278,0.7166160828586691
21279,0.10706286475926442
21280,0.13422051688372694
21281,0.04269804023137386
21282,0.17842027994341922
21283,0.15971067744521614
21284,0.8910587768025094
21285,0.053703894362027445
21286,0.3339966476121993
21287,0.0023781467016418248
21288,0.005738276439804215
21289,0.009366870789405162
21290,0.5621769795069957
21291,0.004268829518475634
21292,0.6159439367160993
21293,0.007776966443504637
21294,0.06251417600433137
21295,0.7239245864929066
21296,0.003182629452481692
21297,0.8899321278209839
21298,0.15759403472893527
21299,0.6294020808047769
21300,0.06827760204523112
21301,0.9494393337604358
21302,0.8557913883197034
21303,0.006058509441913888
21304,0.0036296188056783884
21305,0.032894993702160244
21306,0.03990938946824709
21307,0.0035475225647793444
21308,0.0771501712494612
21309,0.12920535437918637
21310,0.004912474703378857
21311,0.04184996187219922
21312,0.6039579981019222
21313,0.019599528581689493
21314,0.2027317646700346
21315,0.10386845473869707
21316,0.2877257271195734
21317,0.4990502429731283
21318,0.7095559797942588
21319,0.016530526766451906
21320,0.014303483200646998
21321,0.009337953333333522
21322,0.01758560311807911
21323,0.9158409812530559
21324,0.00895535022783301
21325,0.0193619924606525
21326,0.70844419564279
21327,0.001930570318549013
21328,0.12449101749653145
21329,0.05875432659651356
21330,0.004432889339070719
21331,0.004528131334792908
21332,0.16143258252060022
21333,0.0028984818149723557
21334,0.7349482876932941
21335,0.27487601305866205
21336,0.0057114217446140895
21337,0.2418152804931475
21338,0.8123844016640982
21339,0.22835784796634695
21340,0.006648060069075398
21341,0.008347615996772388
21342,0.30789451588882694
21343,0.015484834016859078
21344,0.010475846336280297
21345,0.015256977603143483
21346,0.009777476601635634
21347,0.016259853650744945
21348,0.9513354072065333
21349,0.0037278290407614222
21350,0.08966022563011374
21351,0.9051364232212821
21352,0.005148170727899043
21353,0.7128681351314454
21354,0.0036061076283112575
21355,0.015522427708530939
21356,0.011558695858350159
21357,0.00629682491734988
21358,0.40190337422603406
21359,0.6069222909679696
21360,0.3800301475666028
21361,0.9257199243005917
21362,0.016965885747775293
21363,0.059948207334352854
21364,0.007557879045843283
21365,0.030588179557619676
21366,0.017296304078665795
21367,0.29129969312166915
21368,0.8966649876571879
21369,0.013302260897917051
21370,0.8506606262441437
21371,0.848805872921317
21372,0.008774160409058838
21373,0.004164379753166983
21374,0.04466847050451754
21375,0.007936127081102407
21376,0.4467131797031329
21377,0.18883932605469714
21378,0.7499459839099366
21379,0.2171128036423614
21380,0.6414619115912817
21381,0.010337121772612012
21382,0.02676069298185086
21383,0.0033859885899566954
21384,0.004798881466917659
21385,0.12719113926055645
21386,0.8273621068972655
21387,0.3240131426150169
21388,0.3497913725190683
21389,0.0188976458943138
21390,0.008957280018028299
21391,0.017760110303646437
21392,0.014692437452267015
21393,0.010774139778545872
21394,0.12694817167402717
21395,0.7727543744337673
21396,0.21558130792387517
21397,0.9178622251425902
21398,0.018581255257278658
21399,0.12538544119882508
21400,0.740512778602756
21401,0.003326667451157822
21402,0.00941080920169166
21403,0.22878768244466197
21404,0.028090293144190315
21405,0.004923653013062322
21406,0.0033111720317448782
21407,0.01609099930016504
21408,0.017263785322870248
21409,0.028025714195963954
21410,0.16682927863494076
21411,0.3995839023472755
21412,0.06468540380194251
21413,0.004704615295033929
21414,0.01642584315893645
21415,0.01617752187982489
21416,0.04461201957142578
21417,0.07266257779062793
21418,0.017345006716961483
21419,0.0058221135618749765
21420,0.005130047669727142
21421,0.3013245662802996
21422,0.08723737262499406
21423,0.004284004452025275
21424,0.18868594472315622
21425,0.3079718341304253
21426,0.20773453304053643
21427,0.06226130815936752
21428,0.12748774393233664
21429,0.4946293623814608
21430,0.0033607553247649163
21431,0.07003315740998015
21432,0.2763010989181479
21433,0.006875498715153025
21434,0.01152652585377425
21435,0.007604152753505126
21436,0.14123560585583725
21437,0.23744215249118572
21438,0.0028567447910398786
21439,0.3386187467853759
21440,0.009927796903998502
21441,0.05283273420334185
21442,0.0046111962911031985
21443,0.03373682923858202
21444,0.004720600102418754
21445,0.3104638976871191
21446,0.008474424992415228
21447,0.011947362397359152
21448,0.052080153081805886
21449,0.046567875024581484
21450,0.21811870169693215
21451,0.6921055932277822
21452,0.7306803713452926
21453,0.07553729025997208
21454,0.011869317004508004
21455,0.6004668656087648
21456,0.026750377534908387
21457,0.004623113871596046
21458,0.3264510912201388
21459,0.14048638470156588
21460,0.02222721436905159
21461,0.008021705601025797
21462,0.7295810548810338
21463,0.007174398163182483
21464,0.105036735900236
21465,0.1843537443897258
21466,0.03644521223494091
21467,0.5282689838256658
21468,0.010685830262507159
21469,0.027044792570791742
21470,0.21766464196135848
21471,0.03069540887960209
21472,0.6066287742488239
21473,0.022720776586723727
21474,0.449824627084302
21475,0.00593702653858806
21476,0.0021844573895132167
21477,0.004250454280143073
21478,0.05075034815736285
21479,0.6472033913370495
21480,0.05180025522176857
21481,0.011090991852034755
21482,0.019901070403096542
21483,0.677297487311936
21484,0.01846930390213853
21485,0.02067546021476523
21486,0.014061878508997157
21487,0.24174597553866517
21488,0.5175024665559838
21489,0.017000809207617536
21490,0.010131446023826977
21491,0.0161610300371582
21492,0.03112170695182983
21493,0.20412353463720245
21494,0.07542136772954983
21495,0.12335385150998913
21496,0.02457860421786998
21497,0.004205028670139073
21498,0.01159950928613325
21499,0.41354349493962317
21500,0.32343672766460385
21501,0.10726836114931712
21502,0.09762514125834088
21503,0.29204876117629724
21504,0.3410817774358412
21505,0.34535148691479944
21506,0.0095788022913911
21507,0.0038938116610028528
21508,0.6004047414183437
21509,0.0025412160523602166
21510,0.7656262726433944
21511,0.5436474932695109
21512,0.01579069589137855
21513,0.06923980506609219
21514,0.03287702365145458
21515,0.02053184385782446
21516,0.6078524174522328
21517,0.07020254331387114
21518,0.00608518916074785
21519,0.017758215912254766
21520,0.022904752473733338
21521,0.02323302550036094
21522,0.005762737461791639
21523,0.0828769072670577
21524,0.005598238173011572
21525,0.18417995772673265
21526,0.7920406893640209
21527,0.003723081549650096
21528,0.004379698454124725
21529,0.02319666111006498
21530,0.2849532224840803
21531,0.3217899506083348
21532,0.6133318849119692
21533,0.004544185817540825
21534,0.1465501456976417
21535,0.3701111310272719
21536,0.8931515318462729
21537,0.2642075611764295
21538,0.002819602395260757
21539,0.6003747623890151
21540,0.010409539841576977
21541,0.07383332770609477
21542,0.09876996747620685
21543,0.31205061712839194
21544,0.11167090643805436
21545,0.7521409014435646
21546,0.31868622168095956
21547,0.004891771090716026
21548,0.02067924602659281
21549,0.15392236842904877
21550,0.7862378486228413
21551,0.0905800403146592
21552,0.024487195855846404
21553,0.008835957276364327
21554,0.010574299411971183
21555,0.25486309455307987
21556,0.11666110005344241
21557,0.008074140154272267
21558,0.15197234572445326
21559,0.6869971597672115
21560,0.004829419371750864
21561,0.015855806711464016
21562,0.03800796007622718
21563,0.027683599112661383
21564,0.004779143971743968
21565,0.014836825742954592
21566,0.2692004047896886
21567,0.00976902240859689
21568,0.18600647463500677
21569,0.015910566343043456
21570,0.5919719102442088
21571,0.02078386762304747
21572,0.6328744261029945
21573,0.06283451698189726
21574,0.0038855411609453115
21575,0.8613001736989082
21576,0.5389787646698694
21577,0.22948158909608174
21578,0.10359407613766518
21579,0.05818580161459602
21580,0.007680063008432813
21581,0.20553607198292642
21582,0.151810261551099
21583,0.22968568099999487
21584,0.01824534638862234
21585,0.4208873492906637
21586,0.7299975273420409
21587,0.013270247764380117
21588,0.6374159081064696
21589,0.07114560507048083
21590,0.09285903098100132
21591,0.1874824140800369
21592,0.030721145660692242
21593,0.9480133130860077
21594,0.006134627399877497
21595,0.01867638881140765
21596,0.1009364772298958
21597,0.12993513221422137
21598,0.7809226786218013
21599,0.005827203372267953
21600,0.6041628197854264
21601,0.07030791488664512
21602,0.10423552436444866
21603,0.8051060164892009
21604,0.006420785362164791
21605,0.1343028988254431
21606,0.0042676390391917915
21607,0.015083230261397804
21608,0.02751785747432423
21609,0.3963646639721241
21610,0.024074094680638983
21611,0.10357169836500742
21612,0.01702440888321813
21613,0.018314226947994786
21614,0.29316346496698864
21615,0.026846558653601357
21616,0.2187364033676571
21617,0.7031536669923384
21618,0.011329076427136917
21619,0.5547700736181017
21620,0.010165285794564976
21621,0.014731116529027281
21622,0.708545006919528
21623,0.038784516701414945
21624,0.26258557440519
21625,0.17591242248361005
21626,0.2335511431664271
21627,0.2856329394156255
21628,0.07992897407125957
21629,0.07912581946037461
21630,0.006878445436754156
21631,0.010262714221745123
21632,0.6681995489228302
21633,0.042477516367045276
21634,0.39400292886516064
21635,0.002138423625148379
21636,0.13671953957381613
21637,0.16544893844460504
21638,0.026556561956207352
21639,0.8158795060444785
21640,0.8532940679049594
21641,0.27770742481712607
21642,0.03792742819428979
21643,0.15032876173021117
21644,0.03611630728797064
21645,0.007641231628914759
21646,0.20910014430848584
21647,0.018800958376466913
21648,0.8532941013242629
21649,0.15859020077983735
21650,0.07495049718901152
21651,0.18792666539484998
21652,0.018573302780554597
21653,0.22505212100514133
21654,0.0037573076104704724
21655,0.035048300350875715
21656,0.10120361918116785
21657,0.020406970896724563
21658,0.02197767559246287
21659,0.027480190078547916
21660,0.09322861318647875
21661,0.03974401335847743
21662,0.34924658359716604
21663,0.034641666077660366
21664,0.3499046414786893
21665,0.007294953253417352
21666,0.22990075979332858
21667,0.008734870756701372
21668,0.0070937480409415865
21669,0.021520417207794712
21670,0.5967243801289466
21671,0.016590640185406208
21672,0.23795140228892983
21673,0.4029261777219731
21674,0.02953587379137454
21675,0.7978560086577748
21676,0.12196674580249602
21677,0.009443756699257524
21678,0.21364314131065815
21679,0.004330247320930656
21680,0.3071007603532798
21681,0.01521132123498838
21682,0.0032408957034361406
21683,0.1523112910778205
21684,0.51816870010059
21685,0.5207801287160391
21686,0.010069671876357237
21687,0.0022811239683131752
21688,0.03265111144158704
21689,0.49211915970911413
21690,0.6652957665045908
21691,0.04180422297862583
21692,0.32653302597275763
21693,0.004322165820874453
21694,0.5129783389735642
21695,0.022219988749723783
21696,0.007784116349149232
21697,0.030539455625315685
21698,0.04859521790445113
21699,0.07547747129975337
21700,0.7918697250453128
21701,0.13490464520791653
21702,0.11910107835737609
21703,0.034045664206517424
21704,0.15337129860705154
21705,0.06115003451300956
21706,0.3183142736681706
21707,0.010220578751887732
21708,0.0056417698407698535
21709,0.017667125381341957
21710,0.018622332593706076
21711,0.09277745368748176
21712,0.032353258432144094
21713,0.3997260482846766
21714,0.2182734680769437
21715,0.007445200408451667
21716,0.9578719986131433
21717,0.0064050743286247335
21718,0.41147064280802015
21719,0.9303984744354261
21720,0.1457210564738158
21721,0.02205987595184238
21722,0.06170008225548642
21723,0.03533951701416202
21724,0.2988192903987199
21725,0.018909762798531123
21726,0.41889280453235644
21727,0.007030746029537786
21728,0.01118985511624535
21729,0.0487206292206642
21730,0.005488143920668717
21731,0.5513691170312889
21732,0.014987666630681946
21733,0.03590721815723995
21734,0.2043758078158529
21735,0.08792005789414942
21736,0.45295470027269713
21737,0.007171383784427188
21738,0.07150613746675182
21739,0.06750252807628356
21740,0.8647277230352783
21741,0.00207616366320674
21742,0.004962769218094433
21743,0.7202227251366503
21744,0.5261086885023422
21745,0.02774248390303132
21746,0.032210091964295195
21747,0.5927419279256824
21748,0.012065747453343012
21749,0.005171261047751361
21750,0.010466791229804826
21751,0.014133535497463939
21752,0.3089944827146132
21753,0.04368718685565585
21754,0.8492358921410376
21755,0.008477382116865148
21756,0.3031554404104615
21757,0.0059482266917483696
21758,0.7303748110586069
21759,0.015497252915470036
21760,0.15085889570630057
21761,0.9477676866641087
21762,0.01188613912403027
21763,0.004033688057000387
21764,0.9270643590924946
21765,0.07380942225472527
21766,0.7410338757471127
21767,0.08584164461873821
21768,0.932757115038913
21769,0.3421532796538319
21770,0.0686803908575774
21771,0.02438712756980935
21772,0.005963967755634002
21773,0.005674900704782404
21774,0.0036721664980730907
21775,0.6572502052545155
21776,0.03759140824919811
21777,0.02120899081830677
21778,0.058132988017477454
21779,0.017951426439167167
21780,0.763539325528518
21781,0.0021914437666849082
21782,0.7185311422400098
21783,0.005674544017759562
21784,0.02409641547452525
21785,0.031143460461380234
21786,0.2199603491835957
21787,0.008184871269231056
21788,0.0034684757674231514
21789,0.07663212201207291
21790,0.00385411488535132
21791,0.022947479304918784
21792,0.35261872291143853
21793,0.6213272072067696
21794,0.5426562320487998
21795,0.011651497414190424
21796,0.2675957814786967
21797,0.8085548190859003
21798,0.044909536519190364
21799,0.9093051884312499
21800,0.6585943544939137
21801,0.0783058370889318
21802,0.0260204100077191
21803,0.029747207541144686
21804,0.2775203421947197
21805,0.8727325003265843
21806,0.25397184161096276
21807,0.004763429318335127
21808,0.824527236636871
21809,0.5831466613665344
21810,0.0069583463635949794
21811,0.7435510165456471
21812,0.004278986875634705
21813,0.012445772512418437
21814,0.8413636264899692
21815,0.6834551550649841
21816,0.7363307517427073
21817,0.32206484701174076
21818,0.36597757063793596
21819,0.004765770115309117
21820,0.007847241451981539
21821,0.17080497196125832
21822,0.025537660780816845
21823,0.04848631492380382
21824,0.003092449724018317
21825,0.014533455051752344
21826,0.0045106283553817995
21827,0.5559123752896616
21828,0.858592939966249
21829,0.002479502224910116
21830,0.01818056413807663
21831,0.008490505511067455
21832,0.017950256273823323
21833,0.3844856434593868
21834,0.6766919191094452
21835,0.22001858574627944
21836,0.6778732739645235
21837,0.10713881859899121
21838,0.00279420971442872
21839,0.10511936464168051
21840,0.005011680473255602
21841,0.25784033333425016
21842,0.5747766546684374
21843,0.4790175215036017
21844,0.5268299637876941
21845,0.013117542039680144
21846,0.009072936817208827
21847,0.027983190272497134
21848,0.009536772737259634
21849,0.7008326857752485
21850,0.004460487793943281
21851,0.26087776274485924
21852,0.9243758236127319
21853,0.11976076556410284
21854,0.022874301573970378
21855,0.01337440509530493
21856,0.026037807556826786
21857,0.021185606347807414
21858,0.01254301825630837
21859,0.06702524493752328
21860,0.3775371360863613
21861,0.006041068438793348
21862,0.004427883922707602
21863,0.0026051029979935695
21864,0.0025724662082390413
21865,0.007284411011188634
21866,0.681708214540321
21867,0.04288984608900222
21868,0.002786744472806385
21869,0.19320154810130488
21870,0.0021568177507726807
21871,0.17786841922599417
21872,0.0041604493852227045
21873,0.4661108469980077
21874,0.020416352660204286
21875,0.007026468734210351
21876,0.6657169291899031
21877,0.1389303456789185
21878,0.6985656900179711
21879,0.8003619502968032
21880,0.0033589135349637034
21881,0.09835829350095765
21882,0.028037513983661527
21883,0.0268896686429182
21884,0.9620072547497339
21885,0.004710550309897876
21886,0.026040612208727536
21887,0.40583107610792896
21888,0.5698353637992167
21889,0.0066700185354622125
21890,0.9099232951707406
21891,0.038029014947628226
21892,0.5654225074616707
21893,0.052643052269345285
21894,0.8876206611550842
21895,0.022443237956927767
21896,0.030588348724563487
21897,0.0075623215442537604
21898,0.534800157693224
21899,0.8729591009703241
21900,0.016101687605888024
21901,0.009468406506171718
21902,0.04072813175648058
21903,0.018528516303184025
21904,0.10891328220716097
21905,0.007306998202183488
21906,0.10454484702014166
21907,0.2018748007413481
21908,0.02828222366942067
21909,0.8256826891137026
21910,0.022070478550378712
21911,0.03523742510498146
21912,0.004953953258298728
21913,0.017548857373869135
21914,0.006789561380661941
21915,0.01677750239272139
21916,0.14400816429495436
21917,0.021694610648566467
21918,0.19236575704965475
21919,0.08815550403468503
21920,0.30638949963745454
21921,0.157788816725279
21922,0.13106716376916458
21923,0.14596594335648455
21924,0.004563340720594929
21925,0.33373159984860584
21926,0.02178021891061751
21927,0.03832345970157813
21928,0.035793243842014225
21929,0.20446115624273656
21930,0.04514595975397908
21931,0.058280967387295456
21932,0.8702445648651463
21933,0.007561722580967863
21934,0.00814015851496685
21935,0.010987671617530153
21936,0.8089923627475443
21937,0.0076330565564921805
21938,0.004078612084001395
21939,0.04221662179246543
21940,0.03925302775337348
21941,0.004535688243803987
21942,0.38444819877900593
21943,0.0048862534464090435
21944,0.003356523508724214
21945,0.006871852976223482
21946,0.012821069909507609
21947,0.007468433755216424
21948,0.014223459189379183
21949,0.0021460083286213207
21950,0.14307167902623935
21951,0.0028574277022180863
21952,0.005121163273205228
21953,0.6734370823708027
21954,0.5061201205512891
21955,0.5982804129264089
21956,0.4624677170877496
21957,0.02702534542766789
21958,0.03096220839803664
21959,0.9426147126126295
21960,0.02213551041014711
21961,0.01499808716537164
21962,0.003246777301424605
21963,0.07943594541870204
21964,0.06006994417860743
21965,0.0050484309633245985
21966,0.13147242626524058
21967,0.0665375572056956
21968,0.6901108302419442
21969,0.007494277142181443
21970,0.9509562170319206
21971,0.6269562422742675
21972,0.2135152668389082
21973,0.11824197402939995
21974,0.4783370847928371
21975,0.09943907596223363
21976,0.0034326448740351905
21977,0.02406905077431466
21978,0.11039157796951031
21979,0.006004487760470476
21980,0.014114902618492025
21981,0.07541381884288398
21982,0.6393397022424349
21983,0.03712645562165295
21984,0.21452499658104515
21985,0.8869384123745118
21986,0.926550827985011
21987,0.9445668985292862
21988,0.002754863911110374
21989,0.0340770849597009
21990,0.11135168182936525
21991,0.003458066132077483
21992,0.003468607578375298
21993,0.004363454625738808
21994,0.056090253392526955
21995,0.14933164400901697
21996,0.0920998217300202
21997,0.010702054522312756
21998,0.49881589040672336
21999,0.5212896593964866
22000,0.0014942347422137845
22001,0.4868206823070392
22002,0.7036250621632137
22003,0.011176919490379805
22004,0.01187362069858877
22005,0.2470599144226934
22006,0.8567092295225975
22007,0.379869534835425
22008,0.29467502460136563
22009,0.005539622921530997
22010,0.24418505417425243
22011,0.882914593909755
22012,0.01634743829754709
22013,0.3640630533591984
22014,0.014754402716829564
22015,0.013998433481089081
22016,0.014726826220107158
22017,0.08159390210422524
22018,0.06047767325611715
22019,0.07533722178058445
22020,0.15685444669863408
22021,0.11093548946563034
22022,0.7030322483513348
22023,0.10107907952837555
22024,0.012082332865197061
22025,0.013172382000193019
22026,0.6054478426987143
22027,0.2323877370723705
22028,0.20521625035039825
22029,0.004686777530811473
22030,0.09885278329938929
22031,0.008000783785188497
22032,0.1530501611208059
22033,0.06526343643603744
22034,0.5040748077904861
22035,0.20680703957751734
22036,0.3252320628107541
22037,0.25911272795436757
22038,0.34493943221932616
22039,0.11047612210185241
22040,0.007247697235651559
22041,0.17735096427595834
22042,0.007928522350028229
22043,0.033090939161366524
22044,0.04667152726572593
22045,0.2031472107452935
22046,0.021022203971579417
22047,0.2474174934451711
22048,0.14410750181940854
22049,0.032707948142399
22050,0.008261249860811525
22051,0.01677383479794739
22052,0.013127380949323373
22053,0.016203999624935933
22054,0.07167258308502435
22055,0.09221003700379622
22056,0.5118680565727205
22057,0.32419564348060403
22058,0.015951577300414174
22059,0.4797363820784065
22060,0.003998846767230882
22061,0.2942377424108113
22062,0.12092299635940705
22063,0.2506938200377954
22064,0.05087895588943013
22065,0.010062875737539325
22066,0.29464873009499437
22067,0.017096500439923182
22068,0.032418252586898955
22069,0.007479142585835509
22070,0.11848560674487237
22071,0.008850227699390967
22072,0.07988184574215788
22073,0.004170482403930273
22074,0.7697532653310549
22075,0.834915663921865
22076,0.011055876196922944
22077,0.011899592716841979
22078,0.042180551991366944
22079,0.0019131198940406141
22080,0.13404850867625362
22081,0.010362479863525566
22082,0.7838817637042204
22083,0.696212861866065
22084,0.0030822372695944508
22085,0.7072153849718157
22086,0.00949200679305352
22087,0.0046859107419239135
22088,0.002593465900217415
22089,0.003622363982745314
22090,0.006039388778874183
22091,0.006956985102076147
22092,0.0029073674359433943
22093,0.1610286623916122
22094,0.07325278749924972
22095,0.005384666482453642
22096,0.003035274915151515
22097,0.7267886467260525
22098,0.5113458122050824
22099,0.020263716538725163
22100,0.015564609038031038
22101,0.008157981236067384
22102,0.012033099783256555
22103,0.46130399511834036
22104,0.005209658208846897
22105,0.006799343314914416
22106,0.024488840920199442
22107,0.27410542396855975
22108,0.5381452541917735
22109,0.46624827283134146
22110,0.022801209367131755
22111,0.17212710644848828
22112,0.08079309154242413
22113,0.7669862914142982
22114,0.02829377898622327
22115,0.47795383618170056
22116,0.01616979647460356
22117,0.23086938740090315
22118,0.017168127718941516
22119,0.006725302013238777
22120,0.011894565296184455
22121,0.18631787912981054
22122,0.19681820688283408
22123,0.8183011689044442
22124,0.11112365523747231
22125,0.049880345543731705
22126,0.6823949347469387
22127,0.842070396812592
22128,0.03122385979110048
22129,0.04787147571543751
22130,0.013477565282123127
22131,0.19166182314110927
22132,0.12128102100565967
22133,0.031401863786206165
22134,0.4002058145233508
22135,0.27216714834597683
22136,0.0035452777785410184
22137,0.9379755518078652
22138,0.06710584465385877
22139,0.4972087479274718
22140,0.07497125875460174
22141,0.011321688892885795
22142,0.1814474552208918
22143,0.05393778462882233
22144,0.2738664778962615
22145,0.797818448937457
22146,0.032566970251054726
22147,0.0991228685808274
22148,0.0033606481053001184
22149,0.01616220112002818
22150,0.009989465946015429
22151,0.3554195435355515
22152,0.008135969653284322
22153,0.021871494140185178
22154,0.023468259093544906
22155,0.013310445700026067
22156,0.12295802700066828
22157,0.016263461199903274
22158,0.4305791068108548
22159,0.6915931414530437
22160,0.00774524570905087
22161,0.005257119334783785
22162,0.030639302663572066
22163,0.024236656188902604
22164,0.09812420779313116
22165,0.0116155335413438
22166,0.11513248761215455
22167,0.23232208468637833
22168,0.17408677494878697
22169,0.1517210770494321
22170,0.021587118888986612
22171,0.4017428086686361
22172,0.05257017038235736
22173,0.005684292419773378
22174,0.8733142128634145
22175,0.0030378214535969257
22176,0.019509661112817878
22177,0.606175692296043
22178,0.03343529614256969
22179,0.00877832363053316
22180,0.005030196365450998
22181,0.0031281766036112724
22182,0.03910701170443247
22183,0.7956117019073717
22184,0.05918984350889584
22185,0.03405742913830696
22186,0.8272965844069274
22187,0.6355961500881091
22188,0.008767351278001373
22189,0.5027417110345804
22190,0.0029244125038903074
22191,0.5897741112224063
22192,0.2987863079685991
22193,0.43345322965274447
22194,0.04633403345004897
22195,0.0061550640820295524
22196,0.03279185110384309
22197,0.5909850591885688
22198,0.08875350601567991
22199,0.01877685018304972
22200,0.7446294066975544
22201,0.2282638469269935
22202,0.0027129111984730355
22203,0.02335489729054866
22204,0.01282119332778239
22205,0.16112657009177284
22206,0.0337554423445591
22207,0.7225766712094261
22208,0.009789248232897937
22209,0.38337185228521664
22210,0.02909091150675653
22211,0.6855236826362918
22212,0.05400690117981147
22213,0.020801434990118047
22214,0.042193892001183356
22215,0.016688192462122498
22216,0.6804821726465384
22217,0.009458502451843355
22218,0.15541049585792244
22219,0.010126315143933608
22220,0.8114956081915403
22221,0.012798851141562831
22222,0.024137684369584887
22223,0.47448186265221964
22224,0.03898360913042637
22225,0.17293163488991098
22226,0.0025848041478223564
22227,0.006081951400272132
22228,0.8035225754281538
22229,0.0893259842886434
22230,0.556285477709934
22231,0.6242981019973671
22232,0.15030994454577687
22233,0.009286707828035805
22234,0.09424444130030554
22235,0.014275278127183473
22236,0.09215428431281078
22237,0.011566186299603575
22238,0.8294192948946119
22239,0.04756105392793132
22240,0.004541679975087471
22241,0.04256737503694419
22242,0.0459776844603951
22243,0.00508187475934154
22244,0.003926600986953223
22245,0.12452556927659934
22246,0.20811164820149894
22247,0.019251484546383524
22248,0.021931402387370808
22249,0.07336632572824218
22250,0.020938670233104233
22251,0.009542597529010717
22252,0.8822573661777823
22253,0.06389317845999648
22254,0.032948380746874735
22255,0.006601027223066367
22256,0.09655283975919382
22257,0.1250204639328733
22258,0.07928860394468784
22259,0.0042360532340597066
22260,0.0192178584731785
22261,0.00924533208543476
22262,0.44304801756955436
22263,0.9232852405068488
22264,0.0034835720069170003
22265,0.01288661571194221
22266,0.010309317862000804
22267,0.014578591099341067
22268,0.1568665067088594
22269,0.0055049865227647056
22270,0.014693039208281054
22271,0.004134778608548078
22272,0.0863572261737267
22273,0.3250784135330475
22274,0.015310525336519049
22275,0.38301494407447906
22276,0.6041979037839637
22277,0.8716180167494153
22278,0.46700468401211526
22279,0.04407234393618396
22280,0.8488056580302049
22281,0.42450921954024745
22282,0.5873479202818691
22283,0.7788112272808644
22284,0.10945745715980296
22285,0.006909321473472135
22286,0.017163946260277597
22287,0.06464661005466031
22288,0.24073018954852152
22289,0.006666282693377013
22290,0.0027431329400406652
22291,0.02534603427778681
22292,0.018147909484615688
22293,0.8955844671062723
22294,0.032880983959141394
22295,0.08163335571912068
22296,0.8659517930975378
22297,0.954443299689145
22298,0.8919280206749058
22299,0.023466510730053226
22300,0.01915486820684676
22301,0.005524699038749255
22302,0.06463134042045234
22303,0.6599548257242208
22304,0.017832625068561748
22305,0.2959522773252223
22306,0.04399556290691925
22307,0.002408432252679037
22308,0.6517568599381285
22309,0.1827651178242487
22310,0.9486619556372538
22311,0.01882259243626168
22312,0.8347603195084079
22313,0.00517799545568223
22314,0.004530730111005227
22315,0.014152351127863054
22316,0.019285578459726407
22317,0.1618721301076387
22318,0.9520416944956394
22319,0.19460057763343555
22320,0.5386071746360123
22321,0.006787659084233278
22322,0.0567827149779381
22323,0.019960657139473835
22324,0.09521253791280243
22325,0.07228539731666944
22326,0.6782185689986895
22327,0.2354983281214419
22328,0.01599802601885354
22329,0.17827693113614046
22330,0.711677147992635
22331,0.1447767135364907
22332,0.06912531998638577
22333,0.051828852362446234
22334,0.11673594075072448
22335,0.07138863942808965
22336,0.14503078728807356
22337,0.01809747761797349
22338,0.11086675164147299
22339,0.11137889617218161
22340,0.0607303588793442
22341,0.02586023815544781
22342,0.0211369686589494
22343,0.0063688219804316085
22344,0.05239646303796147
22345,0.014727692955603989
22346,0.27317754406063094
22347,0.8066236292520711
22348,0.880497720863681
22349,0.9396037583236965
22350,0.030582606808649257
22351,0.013890115154953706
22352,0.09063066427439166
22353,0.007776039517239447
22354,0.06165359926863003
22355,0.24543195853833868
22356,0.36979635871530064
22357,0.04201581937569394
22358,0.0503346236620456
22359,0.013885148844387884
22360,0.4252033936890892
22361,0.023823914258265782
22362,0.01077750346082629
22363,0.412901723681944
22364,0.006513751271299861
22365,0.0431177233908431
22366,0.08696816905006052
22367,0.009818046225237582
22368,0.08449770409901816
22369,0.012633784746096747
22370,0.019046159562627486
22371,0.9299838392747319
22372,0.8240341779543116
22373,0.3152768003865907
22374,0.7098984649795481
22375,0.128517364148044
22376,0.665553485468335
22377,0.026749464583949036
22378,0.25537324695565533
22379,0.8582608345815282
22380,0.01679003253222988
22381,0.7460967515430527
22382,0.04355346376918221
22383,0.9280211810199015
22384,0.05418235202183
22385,0.7450377306991405
22386,0.08251460403800065
22387,0.9551214516592071
22388,0.021607062091532785
22389,0.22553892802399336
22390,0.00332530562992436
22391,0.027618918365176395
22392,0.022072563131771184
22393,0.23731847342688403
22394,0.9590982217323903
22395,0.0487665913137905
22396,0.07101380149801817
22397,0.6234038865687631
22398,0.011339535529408166
22399,0.6983338066324811
22400,0.288984427630027
22401,0.2539357492328661
22402,0.0666743073607558
22403,0.21914388960321582
22404,0.025678524457201705
22405,0.2987650149152747
22406,0.01618408800008294
22407,0.009842282850703373
22408,0.00375527051265891
22409,0.06703817980432458
22410,0.30582004622628
22411,0.714277251141091
22412,0.7096941963975464
22413,0.010440488380648053
22414,0.0738109694646937
22415,0.07630335583793561
22416,0.00609694724140934
22417,0.14100691010805477
22418,0.49854027175508947
22419,0.07470580204404116
22420,0.7160009176119317
22421,0.9613065011503455
22422,0.1668041427867931
22423,0.00662868688608114
22424,0.011702868006444883
22425,0.9125553180146051
22426,0.23220516921140935
22427,0.012094252670109638
22428,0.3776726034195844
22429,0.11034356533734911
22430,0.9793173141867965
22431,0.054390586745356656
22432,0.5537906362142507
22433,0.08918931273745159
22434,0.027627293551699225
22435,0.1303986114501694
22436,0.3518741471266176
22437,0.006794256469876822
22438,0.08681929786314273
22439,0.0038667053662082796
22440,0.010300318380236333
22441,0.0128287682523167
22442,0.11807811583632141
22443,0.016673794718078595
22444,0.003433308709250271
22445,0.005490576221485988
22446,0.05916893561177695
22447,0.010915676085654368
22448,0.859106115010593
22449,0.00610700541217857
22450,0.1621627331274028
22451,0.07539543137129902
22452,0.46925455630771845
22453,0.005870195529201682
22454,0.05703489828356501
22455,0.009738556077676734
22456,0.9296618040042748
22457,0.3944029199889851
22458,0.019491076180678978
22459,0.03694839303722407
22460,0.007291773407868827
22461,0.009087121842562699
22462,0.10073675870771309
22463,0.02619639172528481
22464,0.5631977817296813
22465,0.6738256281912035
22466,0.3909267599809995
22467,0.004743916207455515
22468,0.012038482763401324
22469,0.02583564293618403
22470,0.3685641813224451
22471,0.5157304756649513
22472,0.9266787267596025
22473,0.011514707379096314
22474,0.03401714127294524
22475,0.04522954790434085
22476,0.003715420943028779
22477,0.00393780910037138
22478,0.4966725034588456
22479,0.013480094346166219
22480,0.11001560847826429
22481,0.12736021567167638
22482,0.07716751570952203
22483,0.009614256982855039
22484,0.38854860951385
22485,0.008167017119600118
22486,0.7751724164984327
22487,0.8997215746334392
22488,0.9010393702085147
22489,0.9822960525878963
22490,0.03971485910827166
22491,0.0035869605562462393
22492,0.11996308098766152
22493,0.09139273539316582
22494,0.11521659195876863
22495,0.518156866381978
22496,0.013645760986159319
22497,0.002736200218939732
22498,0.17976715448076244
22499,0.011182327678382146
22500,0.02296373316756771
22501,0.003012113716054682
22502,0.0254047986573326
22503,0.017294644186502367
22504,0.18724945405659058
22505,0.011145213642341091
22506,0.9271671100704153
22507,0.5546317056758012
22508,0.003977973000119395
22509,0.9333049212621078
22510,0.016803073556812317
22511,0.8048411482002039
22512,0.0408510906717713
22513,0.0046502960079098845
22514,0.08592200466873873
22515,0.6334929627797006
22516,0.009898924102681261
22517,0.5294189698517258
22518,0.02964731425088202
22519,0.007239305322646793
22520,0.9395855398303062
22521,0.3707405000791127
22522,0.03174755769280342
22523,0.2601836820196413
22524,0.03711103623597309
22525,0.13264649756792024
22526,0.013050466623930102
22527,0.9119439662045921
22528,0.017670850471660372
22529,0.9154579654017746
22530,0.14262428486810663
22531,0.16945752710487338
22532,0.10448719347411992
22533,0.08582438267014596
22534,0.10921655387373821
22535,0.48071005819833446
22536,0.26248136878805345
22537,0.006931661916598858
22538,0.06514368691093
22539,0.3171913981294498
22540,0.005171124080362039
22541,0.028662542674467006
22542,0.017292086130526633
22543,0.019543546111912294
22544,0.11669955021059072
22545,0.003358338707302625
22546,0.7560474394871517
22547,0.0046426897215036565
22548,0.7092151539291274
22549,0.013697375749080904
22550,0.3538030529542218
22551,0.7050719232378968
22552,0.11113959972916364
22553,0.006810963163016945
22554,0.6496862257128619
22555,0.6786155354246495
22556,0.014564891963883055
22557,0.05376068820005562
22558,0.1979187891633822
22559,0.18258975250951892
22560,0.2484802952846551
22561,0.04257349081809743
22562,0.0031116669849297705
22563,0.12781867933314306
22564,0.8162044795734356
22565,0.640694189814254
22566,0.3301906573312832
22567,0.003517196929293882
22568,0.08007070427276368
22569,0.029682482342457135
22570,0.004652869266753134
22571,0.10167308382585585
22572,0.04304869702971417
22573,0.12150069628868926
22574,0.0040071616760992326
22575,0.23976646910530147
22576,0.7702060699991528
22577,0.25213668519334326
22578,0.460775086558219
22579,0.01106227514097071
22580,0.41804167667422854
22581,0.004151065408625298
22582,0.38004924669029877
22583,0.5252599989016331
22584,0.9563898448830989
22585,0.015512065124255745
22586,0.012123435505250002
22587,0.012324783279018642
22588,0.0651749803839667
22589,0.10994392320150023
22590,0.8931893588634137
22591,0.030462556631094477
22592,0.0073053678660098065
22593,0.018303561086077155
22594,0.1510217459031327
22595,0.38414619398007893
22596,0.08445368424492063
22597,0.23228083233130403
22598,0.3797561670899315
22599,0.04824395708778721
22600,0.007926131147516434
22601,0.09614546635380147
22602,0.005852926741436707
22603,0.9599333548270456
22604,0.002141260036538668
22605,0.013494696775678865
22606,0.08774040059857781
22607,0.1815384023267765
22608,0.8574644133318775
22609,0.007540217343066796
22610,0.03456562157836097
22611,0.009381903837520045
22612,0.8184667176615512
22613,0.03309833495939592
22614,0.9343170303720632
22615,0.015920108577598284
22616,0.139964078551492
22617,0.018080216037773728
22618,0.02778516401057667
22619,0.8844136221484666
22620,0.8351782873304485
22621,0.010301199133351526
22622,0.03329568190343475
22623,0.016731988335242403
22624,0.21178418385293366
22625,0.010653857769863946
22626,0.08944699401388677
22627,0.9182881669885501
22628,0.11896874012666299
22629,0.03181635062937913
22630,0.9409631823146059
22631,0.01466051308274529
22632,0.9342202122391418
22633,0.24008674328471305
22634,0.5241935163642047
22635,0.10905478429190026
22636,0.3048559762297398
22637,0.7690246750392338
22638,0.1069620152832179
22639,0.14923534765413288
22640,0.3562147499673117
22641,0.2404023468372386
22642,0.003212138365385057
22643,0.0127908533679656
22644,0.008541675647820038
22645,0.019319439224055882
22646,0.004482277836312627
22647,0.10121180505647637
22648,0.02053338780148209
22649,0.7513751859096581
22650,0.002879873413064435
22651,0.011198967886812827
22652,0.015093945807483498
22653,0.18146380807548362
22654,0.7011528744273201
22655,0.043098871020117266
22656,0.37257709422422247
22657,0.0065746520828120405
22658,0.01712538828624356
22659,0.6956139057932306
22660,0.009490207105477402
22661,0.02294442637334667
22662,0.7693168042408313
22663,0.18389875620091267
22664,0.002710651562901854
22665,0.04066836617628056
22666,0.0041359271545285525
22667,0.03569160608225854
22668,0.07113633863646714
22669,0.015534460759416226
22670,0.004347605380401741
22671,0.013180289420604518
22672,0.09701503668190843
22673,0.00756303008207172
22674,0.008527993119757875
22675,0.18313913194942574
22676,0.0052754070378622986
22677,0.762900480825536
22678,0.0038322279594919443
22679,0.029514898525735744
22680,0.22710249498040846
22681,0.011139794753797876
22682,0.12490098633068303
22683,0.010157857329002474
22684,0.004716589901712896
22685,0.3853269474064833
22686,0.7032912288399651
22687,0.11103220632133004
22688,0.0183166537401389
22689,0.09515992045078468
22690,0.045047821281064486
22691,0.09668600069092653
22692,0.9217513219966698
22693,0.19432048709280864
22694,0.8901757556020745
22695,0.42568041346225505
22696,0.5103004492587919
22697,0.0807481091395147
22698,0.00896828771510718
22699,0.012178839999737645
22700,0.0026227596174343425
22701,0.34190435604275593
22702,0.0038314304259200933
22703,0.045787485088164465
22704,0.006745107543730423
22705,0.02107784486545258
22706,0.16105229743229926
22707,0.040061268025773034
22708,0.010897110359189032
22709,0.013707744808537939
22710,0.6855033690385564
22711,0.15244180477052335
22712,0.0043233812404062915
22713,0.6485438979636204
22714,0.07873062329945718
22715,0.15672152061752212
22716,0.010767667782783694
22717,0.11937410671226475
22718,0.026127171483514147
22719,0.14284139490523287
22720,0.03171119883045848
22721,0.020608029835953872
22722,0.09587045412529624
22723,0.03574869758010253
22724,0.3983646989654806
22725,0.018888846396178292
22726,0.12985559878485378
22727,0.031111294712208255
22728,0.07002881603465748
22729,0.004224729290641611
22730,0.014935785487419993
22731,0.20979731623754805
22732,0.1075220421160794
22733,0.46177513637834494
22734,0.018930750633587973
22735,0.0026519529602307833
22736,0.22837045431155598
22737,0.04385755622404004
22738,0.006993606452683914
22739,0.006362163868202724
22740,0.0051898388921384295
22741,0.03561977852057787
22742,0.010447741167067618
22743,0.006895461605100208
22744,0.014273726526174722
22745,0.07530733847884657
22746,0.0062877017049069416
22747,0.01898774746345545
22748,0.45690343988930443
22749,0.6614498996880387
22750,0.015149963462174136
22751,0.005642821881024685
22752,0.0069073277436835275
22753,0.4647369092753682
22754,0.12164615956786251
22755,0.12627900274247753
22756,0.0034029673066651167
22757,0.007917638494667837
22758,0.8186562751511772
22759,0.04047036299169205
22760,0.016298620529729583
22761,0.020131778150395737
22762,0.03510018524711142
22763,0.690630842209077
22764,0.016757857789963616
22765,0.8249990932011012
22766,0.11850608456831745
22767,0.0607921949279813
22768,0.012056195260304145
22769,0.0027167338688447724
22770,0.2506592528321036
22771,0.1775883660163371
22772,0.05138882311169146
22773,0.6843378158208729
22774,0.5122677425935803
22775,0.024812310188983396
22776,0.5398766614382439
22777,0.009032980019608472
22778,0.21748284787609382
22779,0.007010474925434932
22780,0.1210953008291217
22781,0.4367140804020406
22782,0.015649009680968197
22783,0.01346838218414397
22784,0.017490268116964407
22785,0.0052558409112507
22786,0.13788813071606257
22787,0.6034334725178888
22788,0.005981890427583248
22789,0.6122055253938519
22790,0.2866481676113093
22791,0.0026376030387528153
22792,0.05595707204956146
22793,0.016270883776190105
22794,0.005910292004540288
22795,0.29276931134566897
22796,0.6288394392574274
22797,0.009573062422275465
22798,0.010852145165956461
22799,0.10860698711500147
22800,0.07894568169133546
22801,0.006185756619056677
22802,0.01397486033837996
22803,0.017211347896595577
22804,0.08169711394576366
22805,0.0080599121008626
22806,0.0058516538434484925
22807,0.023502353060560664
22808,0.11459536076028216
22809,0.10147631153549291
22810,0.1408008051047078
22811,0.008956747395349957
22812,0.004739677160911463
22813,0.003870533789955084
22814,0.8993930631477748
22815,0.7144339990468438
22816,0.048856088343001404
22817,0.01613129248373387
22818,0.08238929931734176
22819,0.14827759576546723
22820,0.14389708084933875
22821,0.011579870950901808
22822,0.41411049278622214
22823,0.00556758246297741
22824,0.0483932348911271
22825,0.005747879717621711
22826,0.33562974851501925
22827,0.05110143161461385
22828,0.05028849333010977
22829,0.023859789960871063
22830,0.004891444986585259
22831,0.00971321901839334
22832,0.04574755384998463
22833,0.1821632508765733
22834,0.7935815425964634
22835,0.9397204835816104
22836,0.05655938239247368
22837,0.1234024251825493
22838,0.4139956392027046
22839,0.772446043181485
22840,0.46040767141561995
22841,0.00668229536019187
22842,0.005576145240193057
22843,0.010385070838206585
22844,0.08610793765877985
22845,0.751842510246334
22846,0.8510175747392199
22847,0.021339491199336334
22848,0.7177987814411765
22849,0.011348443307416967
22850,0.02209333055450816
22851,0.1128124407035329
22852,0.004509267974249075
22853,0.7010308738575152
22854,0.10328646307605377
22855,0.21746478473423272
22856,0.028664884315219363
22857,0.6909772571433674
22858,0.7173482962009132
22859,0.006436253969965677
22860,0.026449595571532803
22861,0.00564218914388882
22862,0.9162557794601994
22863,0.0109937822939341
22864,0.19559618025120318
22865,0.22466183175450646
22866,0.10504099201648696
22867,0.0053168573809737685
22868,0.05668366519875711
22869,0.8784551732428371
22870,0.0029335958384108453
22871,0.057739391217326394
22872,0.009132347537639373
22873,0.01000831294784626
22874,0.05516842844873279
22875,0.6248685602492309
22876,0.23634587719827382
22877,0.892463976743739
22878,0.010346511421251455
22879,0.07275109613611001
22880,0.8072473613120131
22881,0.05961463101226037
22882,0.2295593658752245
22883,0.14221062060544337
22884,0.1610865233636754
22885,0.7056382547215658
22886,0.19867039469705047
22887,0.2710649775209554
22888,0.07627752645999374
22889,0.0032439847229344403
22890,0.09668132307793499
22891,0.014086767906062838
22892,0.22296296019709025
22893,0.6609884734907875
22894,0.31656341046777187
22895,0.009551839751951167
22896,0.6467236129238979
22897,0.027858930427244962
22898,0.37856243365174586
22899,0.946965170834437
22900,0.01933450586111512
22901,0.2575876971656557
22902,0.008878336089327456
22903,0.9308049936939733
22904,0.11491621402837046
22905,0.10597011852457695
22906,0.1499332299321367
22907,0.09824824847698237
22908,0.0125948069086698
22909,0.04385656085856327
22910,0.34406461422863616
22911,0.12364456911574122
22912,0.16546860208775957
22913,0.013689722752191569
22914,0.04413584352387345
22915,0.06980718526436677
22916,0.032512216711614195
22917,0.005608467668179562
22918,0.008414250878808309
22919,0.7847742043112277
22920,0.0030690486029925825
22921,0.8593520509366264
22922,0.5611980223811602
22923,0.010608021951159336
22924,0.0035256746120512334
22925,0.023249606340181167
22926,0.011886154474509286
22927,0.013071335259820667
22928,0.009617254165914343
22929,0.01698739002328073
22930,0.057903164054749975
22931,0.013381044118307227
22932,0.03213309842720517
22933,0.9216347211211304
22934,0.005532796236798487
22935,0.006332743692519882
22936,0.7725385274028745
22937,0.017709210235387057
22938,0.06557549431967839
22939,0.33619842085606594
22940,0.025323587546158186
22941,0.8780494011349532
22942,0.002142537028528055
22943,0.004331329526767705
22944,0.023017524740008833
22945,0.026689864835094758
22946,0.012403904730719282
22947,0.11151044679338508
22948,0.007931307710626478
22949,0.13729142431779637
22950,0.020995368427918916
22951,0.008203115815799572
22952,0.04949721034219337
22953,0.9323500831050954
22954,0.008137908241539782
22955,0.013731478936659023
22956,0.20701971656468085
22957,0.007645163141277773
22958,0.09594916544791549
22959,0.010156377862021471
22960,0.46392673025614156
22961,0.005757964944863462
22962,0.31389123008138603
22963,0.15859805095958168
22964,0.0036526431708002994
22965,0.024923898593019113
22966,0.08678823352597828
22967,0.02888353538755185
22968,0.9423445747981988
22969,0.008054421783221409
22970,0.5366497406047579
22971,0.01655939053651652
22972,0.018225190285682633
22973,0.018466866800021745
22974,0.2255676217226441
22975,0.3366819100004985
22976,0.006289103007013357
22977,0.0031314961583578786
22978,0.016711094996964306
22979,0.24855023873603813
22980,0.23903873287407143
22981,0.004924290475185894
22982,0.2373259117394625
22983,0.07391668815368341
22984,0.13299301236185315
22985,0.006327085042589733
22986,0.009241447842533055
22987,0.00644028064140642
22988,0.27248787642525235
22989,0.6154650890233929
22990,0.004350661606487419
22991,0.03919865911760842
22992,0.07518362303774968
22993,0.012240975561301597
22994,0.0076354895330367515
22995,0.004289580209456783
22996,0.02701917806070467
22997,0.007338097151991857
22998,0.027453345341193796
22999,0.05566397493437274
23000,0.01079179556042113
23001,0.3723528162175591
23002,0.34178849632231767
23003,0.11185977876350509
23004,0.2803947582767858
23005,0.013258595992831317
23006,0.006149300375707283
23007,0.10955094531292907
23008,0.11232011531068321
23009,0.8736907901398864
23010,0.0028538066057890543
23011,0.00441349639105677
23012,0.28104855855189437
23013,0.9273508901716342
23014,0.004932395627070707
23015,0.516386787827041
23016,0.3164754241666728
23017,0.8325189797283624
23018,0.1459034023124716
23019,0.002665242331212419
23020,0.003695477183671569
23021,0.9347224933818642
23022,0.004052742180300611
23023,0.2195137810082869
23024,0.9453585844733978
23025,0.08461523521304581
23026,0.6553064644165161
23027,0.18826597557220065
23028,0.06703087674231555
23029,0.22434312240098844
23030,0.10273831857383237
23031,0.40418503922658466
23032,0.23353740845126783
23033,0.037658906114391835
23034,0.014286339949372982
23035,0.0045660087813999065
23036,0.34995861708158726
23037,0.0826517649582984
23038,0.007616305575434746
23039,0.31382614759974836
23040,0.9652353586438593
23041,0.02820837074931279
23042,0.10580168674789386
23043,0.16131502116125562
23044,0.014024023146458635
23045,0.8374514886924567
23046,0.041281668335890115
23047,0.006137376531306198
23048,0.009155285076825335
23049,0.06274100156169467
23050,0.8713781792413733
23051,0.19003852370403534
23052,0.09036579590125796
23053,0.0031710008253003994
23054,0.0032449132738785235
23055,0.7486506124211166
23056,0.013883628227851406
23057,0.3823638410776744
23058,0.27539589935338155
23059,0.0037799458068682678
23060,0.014801243292486239
23061,0.04534908908174253
23062,0.04595635997879482
23063,0.1313870217831309
23064,0.7993477642890074
23065,0.11926817417738553
23066,0.4976488043404465
23067,0.19852814619112877
23068,0.8580553135096473
23069,0.004656278141347421
23070,0.005847958887127331
23071,0.8329217116236732
23072,0.405222220656253
23073,0.6729001018022344
23074,0.024217663327018406
23075,0.0076962562382382575
23076,0.02142458958130335
23077,0.028443110200753467
23078,0.011856311347352702
23079,0.07993814727436824
23080,0.013010897895843823
23081,0.11075091622923681
23082,0.0025089253027265677
23083,0.01216062487412895
23084,0.6036137227795512
23085,0.01997235066201608
23086,0.004366508479442518
23087,0.7438766741886309
23088,0.09373389898290117
23089,0.12606278393435777
23090,0.004669825846385508
23091,0.0706766141819685
23092,0.0031523806974848613
23093,0.29319833898890435
23094,0.18615383495929005
23095,0.004084380926615827
23096,0.02149418986445297
23097,0.033808986953133176
23098,0.33743290793397535
23099,0.04274591304792835
23100,0.025721701301783608
23101,0.7032527878415992
23102,0.04338461695123112
23103,0.04222402315709749
23104,0.004521351486638585
23105,0.3982174493123716
23106,0.0037489971432179852
23107,0.010375329813467187
23108,0.003608186593856505
23109,0.7793816370309016
23110,0.18646940553660976
23111,0.006816704956209722
23112,0.15221341983847378
23113,0.09459290190092387
23114,0.007284669746977756
23115,0.5609700395085855
23116,0.0880136893020149
23117,0.9470371949812767
23118,0.003907099684236119
23119,0.003242178398014231
23120,0.017280488513368577
23121,0.01015997258598593
23122,0.012372915826780162
23123,0.2705191149779903
23124,0.9770283277835395
23125,0.27165209814509
23126,0.09954988643776225
23127,0.004989166686869014
23128,0.05932291117744612
23129,0.8891567631693111
23130,0.004241812639507913
23131,0.056822905602178383
23132,0.017929796567618738
23133,0.3055229414142215
23134,0.6622824207634109
23135,0.44221370998294185
23136,0.1616662634824042
23137,0.26202526088784844
23138,0.3851054237774759
23139,0.007403153549690078
23140,0.6344839290533093
23141,0.05048483076981089
23142,0.6376097314000182
23143,0.008497863948228
23144,0.9086585444160182
23145,0.0208854118800231
23146,0.7956387428309768
23147,0.02770239889073567
23148,0.004755222282872861
23149,0.001764383283138599
23150,0.02496653305780656
23151,0.0025256543281036285
23152,0.010790924537671222
23153,0.1447283611601733
23154,0.643287112003319
23155,0.15804135082789872
23156,0.006105649858817316
23157,0.025375442065933264
23158,0.06464023851436147
23159,0.05663585825468007
23160,0.21264563811958376
23161,0.06165602489664912
23162,0.9261335767476959
23163,0.14115771562609644
23164,0.00254867315075175
23165,0.00823155725778686
23166,0.9186429396391251
23167,0.06447977766296473
23168,0.4961646485266812
23169,0.15782195762643572
23170,0.019485181258389227
23171,0.6825123775301882
23172,0.3847050578862875
23173,0.020679436053873332
23174,0.07137018662743777
23175,0.004530030448212552
23176,0.33531952393687625
23177,0.019041416870534247
23178,0.865936014917872
23179,0.007374462547208468
23180,0.009621930131206718
23181,0.47404711762496615
23182,0.12104623923428504
23183,0.9253652446984862
23184,0.14439417250568082
23185,0.034167229004558944
23186,0.014101924393131808
23187,0.8299502800363346
23188,0.005141880167167933
23189,0.04647146402672603
23190,0.015504323806164838
23191,0.011920332681328347
23192,0.1305762110877316
23193,0.008345549933255375
23194,0.019572339007580913
23195,0.1258289305876275
23196,0.011762287373563713
23197,0.45518269367988734
23198,0.023659614610086133
23199,0.23317968926448032
23200,0.9060004752820809
23201,0.02191107900257643
23202,0.4874817188809593
23203,0.19300955780526446
23204,0.01454542041339863
23205,0.026766236508934935
23206,0.9594565849377464
23207,0.0716290255074505
23208,0.7508415837185842
23209,0.003194473026113002
23210,0.24091585503819435
23211,0.08826691611983117
23212,0.28798859024335877
23213,0.0689580487868058
23214,0.014119423887343704
23215,0.010612072549087187
23216,0.12272277008198362
23217,0.29820005321761406
23218,0.5974012274767492
23219,0.0043029874430399176
23220,0.03656724297373119
23221,0.028121895956062754
23222,0.01301966718988291
23223,0.06960709914774386
23224,0.4257162508251328
23225,0.013010782303352475
23226,0.06355486637410182
23227,0.005908679644909847
23228,0.0068700490907918944
23229,0.029465027817523602
23230,0.04317935660620627
23231,0.029875070054379397
23232,0.0120477998337019
23233,0.02692996849908025
23234,0.02751545397456022
23235,0.458357780433573
23236,0.09836658552975103
23237,0.020027025588868957
23238,0.02000962568773035
23239,0.02643903511676603
23240,0.813157574727774
23241,0.00423982229322147
23242,0.023748723401783692
23243,0.4070639887277604
23244,0.09601379584226861
23245,0.7805924050379832
23246,0.7578945439460847
23247,0.1350911464714796
23248,0.006707659372527473
23249,0.5421424761765973
23250,0.5817546662849754
23251,0.017031053837649548
23252,0.03785339280607903
23253,0.1840887271642157
23254,0.02734337640461569
23255,0.005796613926249372
23256,0.02387195267499848
23257,0.009702714415328377
23258,0.15543563783275696
23259,0.246312273726254
23260,0.9292555431006503
23261,0.9567266934718424
23262,0.03201410004774141
23263,0.02087551519965268
23264,0.022686414972510116
23265,0.011237958917898779
23266,0.315978085854517
23267,0.3181277762886938
23268,0.797507819620861
23269,0.013018026236043817
23270,0.6914034412362597
23271,0.2432277372875602
23272,0.0073338556959498535
23273,0.1705422353153235
23274,0.12950390105497211
23275,0.031941386823025004
23276,0.9512800148452801
23277,0.09843918511698785
23278,0.2022644507557307
23279,0.6336409332855725
23280,0.6970754025145222
23281,0.32843621374773
23282,0.959158445322783
23283,0.024296847421313935
23284,0.6190970513434209
23285,0.01247720089849974
23286,0.00848265178318004
23287,0.06793253091082374
23288,0.006874822360463567
23289,0.0642972848192891
23290,0.0613887998180401
23291,0.16691994173640437
23292,0.05137455574974954
23293,0.00507316061888714
23294,0.0508260088100917
23295,0.03502188797950557
23296,0.5708885701501653
23297,0.13808238126958083
23298,0.24252815403446115
23299,0.02487974062923626
23300,0.019038332264957596
23301,0.7642866292569478
23302,0.7724574311340373
23303,0.4569082970550531
23304,0.8704945749988524
23305,0.25497733758271096
23306,0.5731051538034992
23307,0.009229578315542376
23308,0.8362623379594554
23309,0.16124017195222606
23310,0.007279757847845527
23311,0.5372560294015987
23312,0.16669224055940024
23313,0.0049940772911024195
23314,0.25881018929113486
23315,0.009877127635345597
23316,0.5441585452753671
23317,0.5336415856091972
23318,0.0330669006775395
23319,0.4347493909350971
23320,0.7640053762188141
23321,0.18025057015612503
23322,0.4872968602309491
23323,0.061939677900465784
23324,0.12325965908188692
23325,0.004811292235085905
23326,0.012035523715388605
23327,0.002701695626950518
23328,0.6608527134529457
23329,0.06792729549447929
23330,0.01614470797802631
23331,0.012865689278125125
23332,0.08303198775521645
23333,0.271670675476823
23334,0.13101103898646282
23335,0.031901868681695825
23336,0.0063479083220744715
23337,0.08744685573409905
23338,0.7899874595139764
23339,0.7564504170223991
23340,0.3500137505598716
23341,0.4393217525446549
23342,0.01674494553418019
23343,0.024713661307817648
23344,0.014798069229548745
23345,0.242100469488585
23346,0.2536367729792173
23347,0.0318631479151876
23348,0.09778768596289997
23349,0.006229985187680084
23350,0.10817547851927499
23351,0.8749987957593335
23352,0.015612550244895574
23353,0.027587246651650146
23354,0.3709421281822788
23355,0.6497328483291521
23356,0.018018610116717442
23357,0.23164044204977724
23358,0.9281634011610346
23359,0.02584219538959804
23360,0.046443043848488595
23361,0.08454959707065747
23362,0.07890075809352023
23363,0.09545771429076728
23364,0.41404618680196753
23365,0.6420625800443027
23366,0.0071444966673556
23367,0.09114756637045271
23368,0.13782765009440784
23369,0.06490307795644126
23370,0.056720495278779294
23371,0.16064322908639345
23372,0.33261471466410364
23373,0.022794173017581857
23374,0.06761397171216052
23375,0.0919848269314598
23376,0.9070929911660319
23377,0.005958382037473584
23378,0.8599124643080747
23379,0.42325669824783496
23380,0.004114554846835796
23381,0.16143128474329438
23382,0.00758093430617548
23383,0.5190433544259728
23384,0.009394730199565403
23385,0.12058803042625302
23386,0.04670519852855888
23387,0.6642497094466759
23388,0.676153279613932
23389,0.34852038253689677
23390,0.9488108399810633
23391,0.006441574172136987
23392,0.004983368245634373
23393,0.05435448561655221
23394,0.39354814579628944
23395,0.004568883966723618
23396,0.11270176839324747
23397,0.6922792401238866
23398,0.009481777126349544
23399,0.4768835486947925
23400,0.06997416348119095
23401,0.005191999569435708
23402,0.1688388756177061
23403,0.5390399514286237
23404,0.08683779573210809
23405,0.6177619653845491
23406,0.9623036512013107
23407,0.009054736581389552
23408,0.09546383585624527
23409,0.21534115522253416
23410,0.010144583450486118
23411,0.0949602891313694
23412,0.09798164925481224
23413,0.007174668664160405
23414,0.08574632292165209
23415,0.0065987729027501465
23416,0.05990402831727376
23417,0.007987703506350476
23418,0.010128697700810851
23419,0.0027727332519928184
23420,0.003906391245641908
23421,0.7006635332987246
23422,0.190404399239069
23423,0.01678054101657466
23424,0.023324591300317225
23425,0.32399363889259225
23426,0.01554416508014974
23427,0.006792475256144862
23428,0.012229207612895216
23429,0.010567649726870687
23430,0.07645135198244998
23431,0.7304983565942351
23432,0.007222009760370616
23433,0.5807049767989634
23434,0.12650832590762653
23435,0.021357338859523445
23436,0.5934834066713507
23437,0.08493183931861474
23438,0.10698277782637199
23439,0.23544068631040432
23440,0.2333121472515972
23441,0.010864180761420945
23442,0.3957696161741994
23443,0.019434253315609273
23444,0.23745100221674056
23445,0.019777579268714297
23446,0.05703189365279751
23447,0.005121260654420216
23448,0.36856862072831764
23449,0.3785573293349571
23450,0.008203178665538794
23451,0.007650773355911061
23452,0.009581713305185778
23453,0.612205100006352
23454,0.9397975721860133
23455,0.003708351763142451
23456,0.005694192419461691
23457,0.8945724320167998
23458,0.18990097408955958
23459,0.17609361839398555
23460,0.021324628839741865
23461,0.0720786515054509
23462,0.01003637013204981
23463,0.2815398398394523
23464,0.035636546759986835
23465,0.3918420783225637
23466,0.3012200687557327
23467,0.01814096469901312
23468,0.06868878344480071
23469,0.017330109526348614
23470,0.051335286416846565
23471,0.013726198518370328
23472,0.6287349060554484
23473,0.7981127958788938
23474,0.06189101757610278
23475,0.003988680198932275
23476,0.4590788315320053
23477,0.5330833956708076
23478,0.124462399430774
23479,0.10148014756556506
23480,0.003987410389283552
23481,0.09964544237542007
23482,0.010315647188302269
23483,0.0030935043844490017
23484,0.881800646783025
23485,0.006265797091795434
23486,0.002814049716270432
23487,0.005201900922942343
23488,0.0042811266804441105
23489,0.023101035613781264
23490,0.18976106160485595
23491,0.0031652990425295193
23492,0.6322300588221303
23493,0.0033596628086986426
23494,0.1968327922506203
23495,0.12119688865904911
23496,0.016786912154843365
23497,0.6290792912049649
23498,0.09320888496289868
23499,0.08865895714668716
23500,0.009175542095888356
23501,0.01727613896894092
23502,0.006220193656840158
23503,0.07786177398772184
23504,0.5982603575188454
23505,0.012190653750093611
23506,0.03419518422674275
23507,0.03626530195274701
23508,0.01332587639618918
23509,0.15794436569103262
23510,0.005395565782059657
23511,0.6778101139486058
23512,0.8503284764964418
23513,0.017768280403964096
23514,0.8425066044385717
23515,0.12444610601063409
23516,0.020280055826659354
23517,0.01351882030598799
23518,0.005364727095851219
23519,0.022476295387229405
23520,0.1364173099425886
23521,0.9111476595557668
23522,0.0805465959522626
23523,0.08102814612443514
23524,0.004676398282138191
23525,0.580547853935099
23526,0.8888983195084796
23527,0.20163931304262417
23528,0.11220469000439591
23529,0.07116856709689773
23530,0.6921914764533048
23531,0.3915301637385873
23532,0.15711723121130614
23533,0.10378439270137176
23534,0.009535903438064978
23535,0.0493097355321833
23536,0.007076229394984825
23537,0.004705860202698849
23538,0.48355238811985507
23539,0.004114318111980563
23540,0.17019591625246627
23541,0.004387154508773626
23542,0.0566716770858166
23543,0.010003883647423242
23544,0.00339807866678085
23545,0.1852171571488907
23546,0.5339360877546827
23547,0.013231670185069076
23548,0.10624992409400785
23549,0.00711455372930591
23550,0.26804994689202255
23551,0.0063058098522772695
23552,0.005437747860159876
23553,0.6439946556983152
23554,0.014815834538433019
23555,0.9093316327518656
23556,0.052234861934946614
23557,0.06124242697822975
23558,0.00439590768213666
23559,0.044296720485162894
23560,0.010804033804874708
23561,0.916825275957948
23562,0.0032943252370900007
23563,0.2548467617398161
23564,0.01099537343966926
23565,0.31011020765054836
23566,0.0508576361943436
23567,0.19461245714855813
23568,0.04342983632324745
23569,0.7570413648730664
23570,0.9621399712735907
23571,0.8835335556975902
23572,0.008047817617623111
23573,0.004327336479396331
23574,0.004363886899495038
23575,0.011780839429087238
23576,0.04439915398805363
23577,0.012802477993689013
23578,0.008282504449116978
23579,0.7789479200767551
23580,0.6411474732094953
23581,0.0521386407305662
23582,0.0106676245280837
23583,0.0025393055172941515
23584,0.00617765289121336
23585,0.016404743977508605
23586,0.039529651530216287
23587,0.010067309616448184
23588,0.022106029100376956
23589,0.23437306463319316
23590,0.005271778947739161
23591,0.05567222215575541
23592,0.011281719235310317
23593,0.02177859954722326
23594,0.09126756483405718
23595,0.9258118170715285
23596,0.260927361315792
23597,0.8586020808986311
23598,0.21861683087227068
23599,0.02377409710595151
23600,0.04855515500602278
23601,0.12063225390886581
23602,0.16551223844189747
23603,0.009783650717349926
23604,0.047625955496023546
23605,0.0052275338524754855
23606,0.7998165287186793
23607,0.7215345947692837
23608,0.010278033884531957
23609,0.017221639284607546
23610,0.12053591009118822
23611,0.014316364554337024
23612,0.04443890934477213
23613,0.19082089707647829
23614,0.004646968214257969
23615,0.7650900151411775
23616,0.08755025825955685
23617,0.0029642998471944544
23618,0.8694810178554121
23619,0.010712796910898145
23620,0.02218701886165372
23621,0.16941988209184808
23622,0.10953196126163205
23623,0.009210793080355727
23624,0.1737268087321411
23625,0.9445549621112374
23626,0.004186135821474598
23627,0.05388896200886759
23628,0.0269065335873597
23629,0.028134487971326654
23630,0.0529186295808417
23631,0.8658459922241438
23632,0.027042353975179814
23633,0.703900113827481
23634,0.021037579386222735
23635,0.05652207103550207
23636,0.01246259121825369
23637,0.00878466993920422
23638,0.16407983189533046
23639,0.007409085699572787
23640,0.002735202339720865
23641,0.014639356393524629
23642,0.03624202716042887
23643,0.11048577604076117
23644,0.29368450171180355
23645,0.0063979731969934055
23646,0.43335231017469106
23647,0.006014227231132924
23648,0.1596699042886791
23649,0.16387498059725214
23650,0.9140137112561528
23651,0.019607403309796333
23652,0.01543617308793408
23653,0.9309015899618764
23654,0.022893345018726814
23655,0.3965485198702673
23656,0.05035461410154452
23657,0.14845200830081542
23658,0.7047453011413782
23659,0.07878489747613245
23660,0.09423734650193623
23661,0.07650099927525403
23662,0.18997653124709632
23663,0.017451113579471923
23664,0.8419446907231145
23665,0.0035183543294628155
23666,0.023415622822717416
23667,0.19985629909920266
23668,0.003211821892979763
23669,0.8894961794221327
23670,0.041436134592253066
23671,0.019031643879331928
23672,0.007081076186421696
23673,0.006167651526107876
23674,0.6864651502878942
23675,0.0986438332560706
23676,0.023017158988147678
23677,0.17093178478340756
23678,0.8330367197578393
23679,0.11477355784652811
23680,0.20257840035502622
23681,0.16664191563344835
23682,0.005420621650816796
23683,0.13152234298352602
23684,0.0038377867938604866
23685,0.4339099739294036
23686,0.09037959001855533
23687,0.9417640115108639
23688,0.0032361943565082786
23689,0.020315474506764214
23690,0.16897863589584128
23691,0.4910188940335009
23692,0.0042238755605913305
23693,0.8848075505966517
23694,0.9285767945619655
23695,0.02154270326845436
23696,0.42534838337207725
23697,0.10744000923631525
23698,0.7051876649252915
23699,0.032098516566711664
23700,0.02755808702837062
23701,0.008328562251404853
23702,0.676084555858382
23703,0.01060142304018245
23704,0.2509631193846297
23705,0.0070164634226788135
23706,0.009723027211588148
23707,0.013564366793710208
23708,0.24226607183102342
23709,0.09127738006673468
23710,0.014298876323252423
23711,0.05913415510224315
23712,0.004889487607588127
23713,0.14764735928470402
23714,0.625844696754698
23715,0.8920747907798681
23716,0.01976239213287367
23717,0.08979736046828396
23718,0.005755347844910426
23719,0.07024879629478736
23720,0.15894871985943665
23721,0.006786090497810453
23722,0.004148886839062007
23723,0.984149621049853
23724,0.03930423636567593
23725,0.009313388089110121
23726,0.012482822147445427
23727,0.1757116150113538
23728,0.31598075425634037
23729,0.0028782642565697274
23730,0.9224476960475527
23731,0.022317995127434452
23732,0.12002592560662212
23733,0.04901370412558794
23734,0.9501273786457918
23735,0.02347886543396143
23736,0.006210344484754685
23737,0.012464644262867601
23738,0.06061834595527821
23739,0.0524227833102905
23740,0.045208501048079476
23741,0.5965073778690462
23742,0.18826221291709028
23743,0.015379989557111128
23744,0.1347905229546163
23745,0.9088021800857304
23746,0.021247537425416116
23747,0.034036523317414025
23748,0.8848433862959598
23749,0.29292748746535563
23750,0.3697281260722626
23751,0.031130042395933998
23752,0.8986491519864402
23753,0.005854198187261932
23754,0.008676526331363404
23755,0.10990252096202627
23756,0.024172923908334417
23757,0.33766617175706737
23758,0.004554438799877542
23759,0.3464869613849907
23760,0.028217428686124015
23761,0.008968953001598797
23762,0.00962407419523289
23763,0.9147561617998291
23764,0.00433816938601586
23765,0.08838500733251738
23766,0.010862583451776072
23767,0.024501254177986733
23768,0.8697109041016259
23769,0.14060796041487034
23770,0.4253954393103952
23771,0.013303210766329258
23772,0.11286872344101989
23773,0.016330626286337593
23774,0.264163177102188
23775,0.4582086651121217
23776,0.005144426223522597
23777,0.1258443850049762
23778,0.9193989485962204
23779,0.3030090780178426
23780,0.8132939528154259
23781,0.02439585060177625
23782,0.1199247524762993
23783,0.004876474712420942
23784,0.0026157835098665956
23785,0.005851304043100331
23786,0.576973132259049
23787,0.2860791729730899
23788,0.053040775149081315
23789,0.47159445018134716
23790,0.6460434110676174
23791,0.05206087655597588
23792,0.014643161511577057
23793,0.003254385487367655
23794,0.0023362786846659067
23795,0.0076577112813525534
23796,0.008701318180446222
23797,0.7330125263183329
23798,0.014285424961605368
23799,0.6796683840680048
23800,0.13620282102436113
23801,0.1138825673358686
23802,0.2556572440116577
23803,0.4708655994779847
23804,0.029676715690515706
23805,0.8333995398832511
23806,0.47039579816418153
23807,0.13931549869645854
23808,0.010646137403723261
23809,0.7096331472041829
23810,0.005607527039787331
23811,0.44068038861053543
23812,0.9390325802182751
23813,0.06703262703475205
23814,0.0028305012478513736
23815,0.017206535729460116
23816,0.037971112321279706
23817,0.81027123325548
23818,0.0025722436257697707
23819,0.44862597618917094
23820,0.002869357709204791
23821,0.02144334798987737
23822,0.009933246576143431
23823,0.08013087940808206
23824,0.016960216911280315
23825,0.056796682348519874
23826,0.27538786459214865
23827,0.21513127298112117
23828,0.007974667816770135
23829,0.26269317276418236
23830,0.1426551429615297
23831,0.05125135697353472
23832,0.46128942410524737
23833,0.020972980443205627
23834,0.012682956972047556
23835,0.01781633765088586
23836,0.11747894848877966
23837,0.05956678467139657
23838,0.029787233303462418
23839,0.015695382078066325
23840,0.571922183314576
23841,0.8016999413107644
23842,0.24094577484160037
23843,0.009492738572546178
23844,0.06125308858464223
23845,0.24979696555411293
23846,0.009615866469878396
23847,0.004304180899536252
23848,0.00981261607619721
23849,0.9248414537714139
23850,0.017004789974107457
23851,0.41853817505088897
23852,0.005835788372554928
23853,0.005266536476282667
23854,0.708100214593206
23855,0.016511759923854407
23856,0.1124694124695342
23857,0.10542719863651243
23858,0.3217499873310184
23859,0.018708276807486136
23860,0.012022853505824362
23861,0.062465574195133725
23862,0.005448786405294521
23863,0.0077526355151105505
23864,0.011609578751357444
23865,0.07207776514073529
23866,0.031134690693501305
23867,0.8631659446298194
23868,0.5272934142481376
23869,0.03103032511306333
23870,0.007350439198579579
23871,0.6361294546743579
23872,0.04782549410045834
23873,0.04022573202477691
23874,0.5430642271755246
23875,0.009175633655668234
23876,0.020608997619084652
23877,0.204107083994898
23878,0.9057950755161349
23879,0.017658123453302935
23880,0.005699254127466782
23881,0.9011263911951244
23882,0.8609955999178092
23883,0.11594912258890497
23884,0.007104988547508271
23885,0.9695844562871799
23886,0.0030394386157138065
23887,0.011198987955969091
23888,0.17898117851222264
23889,0.384649433875382
23890,0.005367251907487106
23891,0.022600286053275142
23892,0.4023344680066693
23893,0.02534115604041695
23894,0.19910945973770225
23895,0.002499787798180787
23896,0.24790654564176443
23897,0.2099850760777964
23898,0.011682045608822016
23899,0.07217400460303668
23900,0.02043451398952401
23901,0.048173181668098246
23902,0.005801365616656446
23903,0.00994841476976749
23904,0.07587242590324463
23905,0.018899420164353392
23906,0.01859051052890206
23907,0.049314318984086995
23908,0.003490250100500879
23909,0.01012547565364598
23910,0.016810224297914192
23911,0.007790258838691746
23912,0.07765706564596005
23913,0.010619975483031537
23914,0.014469253172409751
23915,0.0039068964812119765
23916,0.47985870373873246
23917,0.003165862499784286
23918,0.8032334062078348
23919,0.009356378045302045
23920,0.5472656137370082
23921,0.010200391303382638
23922,0.012028414019632314
23923,0.7516027967081853
23924,0.009273551636986644
23925,0.9545194202460343
23926,0.0037003830778909925
23927,0.4343668955970312
23928,0.08293475276214606
23929,0.4210886586925892
23930,0.03267040538235563
23931,0.01122989788404408
23932,0.13476429369119627
23933,0.029624242806069952
23934,0.08586925545057517
23935,0.04203094528083458
23936,0.0300901364778173
23937,0.13142689564988974
23938,0.023481134894371546
23939,0.2669139646373671
23940,0.2065458161904139
23941,0.8251091473914248
23942,0.28854876957650244
23943,0.01633250865144561
23944,0.20381036846486533
23945,0.06073867218437162
23946,0.005643343392252237
23947,0.0751940718814176
23948,0.3336918811821665
23949,0.016023566034744342
23950,0.007598296679731096
23951,0.003429069307312022
23952,0.06981062948711525
23953,0.007228599724122002
23954,0.0868885199769427
23955,0.027780471309760957
23956,0.07920756912547655
23957,0.006398509752723673
23958,0.603938639296942
23959,0.015725805147135025
23960,0.18938230417222332
23961,0.16411525437428737
23962,0.0028979055863271462
23963,0.4310637564246179
23964,0.025028593585479774
23965,0.010549068790269877
23966,0.005892005871535166
23967,0.009191951468443062
23968,0.028767355938445392
23969,0.05926785610135533
23970,0.7804066113633781
23971,0.004693337836116084
23972,0.004993629579997634
23973,0.00920082267136199
23974,0.5522233562908355
23975,0.9018951836879741
23976,0.011058581527457206
23977,0.9116361047010451
23978,0.011642684339439652
23979,0.21067393885013694
23980,0.5799165397071026
23981,0.005658171039787887
23982,0.05484018843047297
23983,0.9198998590870127
23984,0.04403136411043027
23985,0.011961697634830022
23986,0.15470201934590716
23987,0.32627986044698787
23988,0.006010481726703134
23989,0.14480272814478817
23990,0.10473036080095278
23991,0.7088002273899134
23992,0.28868615786439017
23993,0.005873154934671411
23994,0.5745949542388606
23995,0.09674591469341336
23996,0.07150996665244369
23997,0.04293979317759207
23998,0.861245096534002
23999,0.4363234124704127
24000,0.015495058141672539
24001,0.010407354288710948
24002,0.02863331675259696
24003,0.0406851248562112
24004,0.11396467558008334
24005,0.6891579900370449
24006,0.38928566194157677
24007,0.006098462484718121
24008,0.03810495378201735
24009,0.010712635099978511
24010,0.006356708487102478
24011,0.005449046385787665
24012,0.035583023804815685
24013,0.37144683440545145
24014,0.7706953656032226
24015,0.7321360877684406
24016,0.005207262199690154
24017,0.700048169005504
24018,0.005012981764253326
24019,0.005210993448140604
24020,0.014318742236943502
24021,0.09243710994831675
24022,0.09780013298625366
24023,0.9675219681946681
24024,0.7494081331056942
24025,0.03759757140354761
24026,0.004102254228945633
24027,0.025201910303143008
24028,0.014158011117540368
24029,0.3189449149175783
24030,0.013952671176426066
24031,0.0048946160724447066
24032,0.20340775575643225
24033,0.02052518466190924
24034,0.033746481414804595
24035,0.0037249279819008573
24036,0.2168304985496758
24037,0.015567349703440038
24038,0.08074862535840936
24039,0.922382990538113
24040,0.0032763074171221233
24041,0.9575707440354851
24042,0.7402149650134119
24043,0.10554168523152935
24044,0.5565680956725655
24045,0.8318604348989501
24046,0.41831088288285734
24047,0.05421548277010386
24048,0.2693179324399732
24049,0.07399829059098556
24050,0.051769816845163
24051,0.015170958686947837
24052,0.04186356164190309
24053,0.06987371187535665
24054,0.01067559946878193
24055,0.3745126314948372
24056,0.013157097259954606
24057,0.1217506402426034
24058,0.23739700270930686
24059,0.7389218478706987
24060,0.7727969004942626
24061,0.010711760482472006
24062,0.03995855788150668
24063,0.01510969452685505
24064,0.024532787340784706
24065,0.01232509407600378
24066,0.07836400458170951
24067,0.006608904809873392
24068,0.1231791369674851
24069,0.013960654525845077
24070,0.26520064180079217
24071,0.1773589745730381
24072,0.14222963881731962
24073,0.7974715393020907
24074,0.0726898571112026
24075,0.91252777961234
24076,0.05092084225778448
24077,0.14981505480518487
24078,0.00558345204227366
24079,0.6496189285466909
24080,0.09217125501668356
24081,0.0031225219923496327
24082,0.34435600428400925
24083,0.8318421269662657
24084,0.014874095885109595
24085,0.4337417591158402
24086,0.0029366015534095214
24087,0.07477230267465107
24088,0.297932960879108
24089,0.7219928177762084
24090,0.09638317259980841
24091,0.08386026726513393
24092,0.0053501510701017
24093,0.06067936959151677
24094,0.0926797721212071
24095,0.003340872433998176
24096,0.24406952430223736
24097,0.12420014548742601
24098,0.49084944219893556
24099,0.1192772565794336
24100,0.02893890108238685
24101,0.06811386052117617
24102,0.020213898860784632
24103,0.9177302283894059
24104,0.0756051242301092
24105,0.059023977167004346
24106,0.012527458838824253
24107,0.0029706837685077457
24108,0.002738328153559312
24109,0.919998485189197
24110,0.8881803536340341
24111,0.6751767970809982
24112,0.257917827615269
24113,0.009149204855963818
24114,0.028509084870916364
24115,0.006248288399226218
24116,0.9488300841557176
24117,0.11516011533794819
24118,0.025089509125037494
24119,0.07865289989277538
24120,0.04359429864331187
24121,0.15246233862360292
24122,0.007442126375964554
24123,0.0071497989620442496
24124,0.20458347621304188
24125,0.015262611971780913
24126,0.017607386909836736
24127,0.043970192211122854
24128,0.009861950899080143
24129,0.004040532082207765
24130,0.011138968558841316
24131,0.12801005503024263
24132,0.01141571551259951
24133,0.10313240292803041
24134,0.8501462322922295
24135,0.4795113636660464
24136,0.15692871311063808
24137,0.022027599914339894
24138,0.01885983745651486
24139,0.0041701893302434
24140,0.00753590834532793
24141,0.8736451770819026
24142,0.039480885101902626
24143,0.727159765702696
24144,0.4106298589350551
24145,0.025283616082353508
24146,0.11511055731904643
24147,0.14682673330244503
24148,0.04968853011099893
24149,0.01694632240200102
24150,0.11241741147688583
24151,0.425372779909388
24152,0.7842606799677232
24153,0.05704108217436387
24154,0.569028533876032
24155,0.11576273366523092
24156,0.16236636815007421
24157,0.034380947878906734
24158,0.35078507115621077
24159,0.09919365569718
24160,0.12425015538374617
24161,0.8924429677799813
24162,0.009836603674964542
24163,0.052818395945428136
24164,0.06393924899348352
24165,0.03344027233617385
24166,0.044374464882644585
24167,0.8084056529991395
24168,0.03972418853076924
24169,0.002234256382089925
24170,0.00636316173837679
24171,0.31789944387450975
24172,0.014657453601199619
24173,0.0037813138303552274
24174,0.8389953266426439
24175,0.12036149110134568
24176,0.01781800526158063
24177,0.10452478223827935
24178,0.930192058803006
24179,0.05733606214659942
24180,0.15441817605228514
24181,0.5373457757011463
24182,0.005971579951578055
24183,0.008009529304504732
24184,0.23533578654909207
24185,0.8582460286016669
24186,0.0860974349716622
24187,0.006555235589529659
24188,0.03219483557973061
24189,0.06375079413687831
24190,0.21512110088324682
24191,0.005628661870259275
24192,0.8093291989224081
24193,0.005766533707767469
24194,0.005359381134456818
24195,0.012818165899209866
24196,0.04181839256358267
24197,0.6023512641998189
24198,0.005626008699111684
24199,0.8680150132671153
24200,0.12001144742239127
24201,0.013142369399101256
24202,0.26274822209721393
24203,0.6742377090690959
24204,0.010057306442921245
24205,0.08178599628519154
24206,0.0964108786970582
24207,0.04132097020671047
24208,0.027302714541713406
24209,0.08079750170047072
24210,0.020067372920557228
24211,0.09269410955857191
24212,0.008915401644874373
24213,0.19188584696200783
24214,0.0320360557286125
24215,0.4792112383056148
24216,0.31104718992497904
24217,0.02314011729596831
24218,0.03054397995119253
24219,0.21822375619087256
24220,0.01938306271086496
24221,0.2185588225256433
24222,0.11169563125722819
24223,0.15620752385320943
24224,0.33720752275677285
24225,0.2593829736953753
24226,0.04730351935279097
24227,0.006073058993457689
24228,0.009138316669963798
24229,0.1560850211175657
24230,0.4683813740520793
24231,0.01037868715681997
24232,0.015634079152811807
24233,0.004606600283555204
24234,0.015549946452925859
24235,0.10868941708685158
24236,0.7183761328544511
24237,0.16466628109712164
24238,0.03799933267795131
24239,0.31842704401348226
24240,0.03167671677043617
24241,0.23357654814274936
24242,0.0025510038567007863
24243,0.12899551816254967
24244,0.04132636512484063
24245,0.037911713170335204
24246,0.10784351477347648
24247,0.02787057828149175
24248,0.08736235978503723
24249,0.0032338434614425987
24250,0.009449026500004409
24251,0.018700185176664
24252,0.003067875355555344
24253,0.1984605654461676
24254,0.7569440151829128
24255,0.006240994929566638
24256,0.019448544642694618
24257,0.028842105014955065
24258,0.197812659859374
24259,0.1668554570885661
24260,0.15220807601239367
24261,0.13359558946695327
24262,0.023036955690037803
24263,0.14948182840041732
24264,0.008269679028336075
24265,0.050235188500685146
24266,0.004668871499227515
24267,0.1169028665890328
24268,0.012282446394889632
24269,0.05251324424234359
24270,0.9519112978852117
24271,0.00617809438106555
24272,0.007913374811893338
24273,0.008828904227199407
24274,0.06722831607843348
24275,0.8678070765076424
24276,0.0379202627918547
24277,0.148913116457808
24278,0.06697406664690252
24279,0.005243954189777503
24280,0.07219393580652293
24281,0.02463744585113227
24282,0.5609623091176583
24283,0.0452538118010275
24284,0.006634797916159888
24285,0.012126451257886459
24286,0.18504629156370608
24287,0.4049598328334063
24288,0.44314273003569205
24289,0.020607220241174912
24290,0.09315976691955496
24291,0.02441479909850612
24292,0.018590442545149397
24293,0.012561642038755814
24294,0.10782420393091441
24295,0.010270040676743995
24296,0.014029557633264524
24297,0.01099095459637476
24298,0.31228713102288974
24299,0.20119036131649462
24300,0.015069234678719186
24301,0.1254292608885956
24302,0.006702147985904141
24303,0.008559636684205304
24304,0.003606683027761432
24305,0.04766311549026987
24306,0.004800027525809928
24307,0.8949067965762297
24308,0.8418509929083904
24309,0.021493494737324627
24310,0.030971208202867938
24311,0.1069459012746869
24312,0.005578351610872412
24313,0.004327975436290856
24314,0.01997290320942684
24315,0.009219120659847643
24316,0.01355123693693881
24317,0.20075032515004868
24318,0.8066923660997907
24319,0.7240031705043661
24320,0.004339157253863319
24321,0.016520358408932498
24322,0.06043331138293501
24323,0.08548395974858153
24324,0.006179280716466133
24325,0.9279175149504446
24326,0.9865645334358599
24327,0.04614385144341757
24328,0.009225666892064584
24329,0.009285390936744705
24330,0.4778973997237859
24331,0.012154036343433823
24332,0.008368717085711491
24333,0.018057865149146347
24334,0.17712167834801476
24335,0.33201507675464725
24336,0.9864505594316326
24337,0.19230451226346523
24338,0.1436146983243218
24339,0.6241419626279588
24340,0.04628050489193137
24341,0.11935772568743727
24342,0.06634125186199857
24343,0.004897949493525915
24344,0.0020106946234880346
24345,0.14319725012590698
24346,0.010883394110017063
24347,0.28969176898686966
24348,0.007712183704870498
24349,0.875877768884762
24350,0.05002228742426763
24351,0.005165642273612273
24352,0.40042203827788575
24353,0.010125270289788591
24354,0.0518456508648587
24355,0.14059281642604346
24356,0.004398355424192391
24357,0.02732920622603936
24358,0.009576695657757294
24359,0.0289549909547052
24360,0.02232721631828211
24361,0.12364747214130593
24362,0.0034786854007590423
24363,0.9106715209105021
24364,0.0747610336037423
24365,0.022793222602239354
24366,0.004225012896585063
24367,0.267354553755956
24368,0.09559453660901393
24369,0.006162224239139734
24370,0.0029087964927054875
24371,0.1187382735757065
24372,0.0038284335339215988
24373,0.9526333815530061
24374,0.10551391965398133
24375,0.774842293016806
24376,0.20389522539324761
24377,0.016110727417798374
24378,0.005468745314312779
24379,0.6994042789841814
24380,0.9220561447680172
24381,0.5930659947783853
24382,0.003986016531664665
24383,0.278591638755407
24384,0.5955230921716869
24385,0.015332881560927554
24386,0.24725889447991115
24387,0.5171967420822845
24388,0.01485281945138596
24389,0.04749155409634685
24390,0.042167761580985494
24391,0.662570307056501
24392,0.23193101661190646
24393,0.03044314798937545
24394,0.052554724241931104
24395,0.024408855485112534
24396,0.9073045374347167
24397,0.012287152964402462
24398,0.0056124825817948296
24399,0.0043135494312255135
24400,0.07027923251369855
24401,0.00905560115602719
24402,0.01554311314447524
24403,0.8041102565401742
24404,0.03162214455993034
24405,0.08690269115416804
24406,0.04136548151438992
24407,0.37424731342764406
24408,0.8064885530526396
24409,0.005661707413116728
24410,0.7809732479819981
24411,0.03139313220103123
24412,0.21605890820638143
24413,0.037134249310528
24414,0.020108494217938408
24415,0.014663113728043324
24416,0.004432760143249238
24417,0.0035441143771360105
24418,0.853296058660503
24419,0.011785050141645355
24420,0.021832001854074395
24421,0.02776467413963883
24422,0.6818335256084778
24423,0.0045511632140382875
24424,0.013326240455330896
24425,0.12071952936391604
24426,0.45209370075384464
24427,0.01080367510511578
24428,0.12766615706409057
24429,0.5335408933865986
24430,0.19925294036786487
24431,0.07115198528682841
24432,0.004007089265373556
24433,0.020731273183004547
24434,0.009731119111014581
24435,0.21106239826062376
24436,0.22016590415774906
24437,0.3065061188532127
24438,0.0022925109924116175
24439,0.01258947057508865
24440,0.007574111677488731
24441,0.010329731587831435
24442,0.06732916255560636
24443,0.6275559032706723
24444,0.10470513583514583
24445,0.9536332586612569
24446,0.16165045347436255
24447,0.30728636714514423
24448,0.006015701866645754
24449,0.3473557986980033
24450,0.0068271658692856205
24451,0.14080565664992517
24452,0.6966520751212465
24453,0.31423591438634946
24454,0.027816793909456555
24455,0.017080173010603602
24456,0.1269804968781663
24457,0.07828925243481835
24458,0.005083650745875968
24459,0.13736006360561512
24460,0.004934239059717908
24461,0.012900092809542902
24462,0.8162071408842858
24463,0.011074842547900556
24464,0.2789629799684561
24465,0.44081411257058944
24466,0.7944041572076087
24467,0.13010033663979745
24468,0.0052903621821983
24469,0.004543133867862326
24470,0.01144665411577478
24471,0.8879698294582253
24472,0.07374508786963269
24473,0.6589719934027625
24474,0.2125179389422209
24475,0.004974878732053698
24476,0.012364280649315398
24477,0.06100678463262064
24478,0.2395042007109632
24479,0.009618101978155205
24480,0.022461083235586776
24481,0.005581671609880807
24482,0.7297397032215309
24483,0.07457921309556369
24484,0.019101725779268407
24485,0.004697712374907207
24486,0.008422575814219046
24487,0.15703660215682766
24488,0.2311299382474715
24489,0.07873102722126028
24490,0.04792025645577404
24491,0.5820353765628627
24492,0.15502050987077212
24493,0.0056775971295624705
24494,0.14257829590657667
24495,0.00815112754428187
24496,0.005759126724988117
24497,0.08818119750350129
24498,0.1949033193861157
24499,0.007305700548811129
24500,0.012866688464647112
24501,0.430676459856849
24502,0.015884893600955196
24503,0.003942622037901216
24504,0.002540832937296685
24505,0.0028035540849010152
24506,0.01606396187843707
24507,0.011388896164102824
24508,0.0023177874245981886
24509,0.057856382782879086
24510,0.14615565990181573
24511,0.3589440836760695
24512,0.08774160856263455
24513,0.005313283127664071
24514,0.7522299502002291
24515,0.23322329449739204
24516,0.03553675134274431
24517,0.004854715575326938
24518,0.9538993871091285
24519,0.943289142009556
24520,0.0154090646798444
24521,0.12417729045576023
24522,0.009748337992610085
24523,0.7965471000105621
24524,0.014781186109630534
24525,0.21485793967945202
24526,0.0031821337948105093
24527,0.0022746950294887853
24528,0.17636173983301917
24529,0.005832749052065845
24530,0.02204882040986115
24531,0.004779231894707171
24532,0.9716773403866192
24533,0.4840182958407545
24534,0.18924616808936295
24535,0.16620565254218891
24536,0.5243516181417057
24537,0.17577445018802457
24538,0.02358846145176392
24539,0.17480643113042915
24540,0.7143082318707092
24541,0.03496988560486511
24542,0.2526366198583576
24543,0.037677420191329865
24544,0.16800531813068212
24545,0.013014330143628778
24546,0.41570408600186687
24547,0.024729521363150497
24548,0.8987942061372164
24549,0.08952064989629104
24550,0.012588700011953578
24551,0.005293133027974718
24552,0.004538902331885172
24553,0.002586825533401735
24554,0.016525103620479674
24555,0.015399471197804384
24556,0.0032459770923646976
24557,0.11993768731285082
24558,0.9199971206188482
24559,0.08817665011381152
24560,0.9306231091354542
24561,0.3322968118969558
24562,0.918738736631456
24563,0.016207792249521857
24564,0.011275233935806438
24565,0.13610005133473385
24566,0.03427625343356731
24567,0.018297356393427097
24568,0.5673282844938923
24569,0.004632228811274408
24570,0.25022892159151744
24571,0.0041984531372957525
24572,0.15527496105511324
24573,0.002146654107817192
24574,0.021538112005282453
24575,0.016307871495524203
24576,0.9533855272326934
24577,0.016532134749192674
24578,0.06252355511620959
24579,0.8998913281503726
24580,0.011798976961418012
24581,0.9435983769261835
24582,0.48959642074092213
24583,0.9564329477932848
24584,0.9226957469079475
24585,0.007233494444077027
24586,0.01811634592650484
24587,0.15895947075108896
24588,0.05777800440087657
24589,0.07559169866450043
24590,0.19855881070566234
24591,0.004294133431561728
24592,0.22318152918933332
24593,0.06850986321049765
24594,0.5452109149811463
24595,0.014617895657892755
24596,0.8029399722119878
24597,0.023625591583961693
24598,0.003934680043877139
24599,0.009877380327068579
24600,0.1347690878106927
24601,0.4550161791852353
24602,0.012136206960799305
24603,0.016846789910344034
24604,0.012523435055808845
24605,0.02054238505133947
24606,0.8884990480360101
24607,0.00455197619222256
24608,0.02954699772059214
24609,0.3195049293694693
24610,0.008380671002707648
24611,0.008360739923955198
24612,0.774927314148935
24613,0.027199808147297354
24614,0.009013474670993058
24615,0.08983247366128587
24616,0.9664702936129876
24617,0.10613962103772077
24618,0.9400880345345748
24619,0.060943373406738124
24620,0.11146373596455784
24621,0.38628271620079707
24622,0.004103496460645521
24623,0.14998187847667085
24624,0.03008569923821594
24625,0.7847379274914823
24626,0.47848121121715026
24627,0.0074255636555288496
24628,0.13232488501295966
24629,0.043024843751101105
24630,0.3700877434911724
24631,0.013312915871202702
24632,0.005572073342164707
24633,0.0038046522403629613
24634,0.18394189176413567
24635,0.10732799966816524
24636,0.18205159623607803
24637,0.27786497454434034
24638,0.005228733330141435
24639,0.17993665004397008
24640,0.0029220279505650353
24641,0.6345100577903229
24642,0.8451060011898491
24643,0.007523573109902475
24644,0.06444197658829653
24645,0.2401940088863939
24646,0.324199927793348
24647,0.27980095687727313
24648,0.43532371346322235
24649,0.016379100241086183
24650,0.021168117794255533
24651,0.03498394550437769
24652,0.1888343832494299
24653,0.4345429353671148
24654,0.859238389540836
24655,0.052089374076508765
24656,0.005835493318574477
24657,0.787719625102611
24658,0.6527390981573246
24659,0.003617924012464081
24660,0.005623366808090341
24661,0.13899841897055565
24662,0.8182985999540309
24663,0.006016641609963921
24664,0.08024585649354654
24665,0.020141971807171054
24666,0.02032550741757362
24667,0.17796021302518053
24668,0.5988474052702071
24669,0.6084238596710966
24670,0.4269775849493762
24671,0.9557568533264653
24672,0.058260674359026245
24673,0.0032610318491263783
24674,0.27533023023722
24675,0.004635419660590353
24676,0.00577204953563436
24677,0.8887995908027517
24678,0.8806579137960938
24679,0.07470775406982755
24680,0.6834377303499702
24681,0.012795054306485169
24682,0.004454197523858829
24683,0.018757716277954375
24684,0.946857229055911
24685,0.02801433558802527
24686,0.1805004691266033
24687,0.07134674526642
24688,0.6306984225736487
24689,0.5958452082801101
24690,0.005726727594562894
24691,0.004117083266016669
24692,0.7754931793640013
24693,0.09053025664303684
24694,0.021152230054828792
24695,0.07446653720324398
24696,0.28644703298532237
24697,0.0030988508471946085
24698,0.014186792966162964
24699,0.7243273537813159
24700,0.09021399286214321
24701,0.003430684912641359
24702,0.05947514852870459
24703,0.023544881636123005
24704,0.04855404030797885
24705,0.2640419845805587
24706,0.12879200529979945
24707,0.5522775522567338
24708,0.026831777445460087
24709,0.1988632330962467
24710,0.02356626571070802
24711,0.018276323882249382
24712,0.5222612237823975
24713,0.11575974514234254
24714,0.14424080854274354
24715,0.009173124720844283
24716,0.4956505410105477
24717,0.007074004201794399
24718,0.011212731559522116
24719,0.20046263961969019
24720,0.2477998985952714
24721,0.44245711921479824
24722,0.013773800152179163
24723,0.02095884305116519
24724,0.09497838211775127
24725,0.5992560243119678
24726,0.17007974976392892
24727,0.0036011457180389417
24728,0.7408753203629586
24729,0.023179904576540955
24730,0.003943510544656563
24731,0.05492745626821702
24732,0.1634280152917741
24733,0.33251366713734515
24734,0.20689876148835204
24735,0.00542774523444001
24736,0.19719342934266998
24737,0.005459360045832517
24738,0.1222568393793662
24739,0.0024431542331545477
24740,0.20109348033897667
24741,0.037721319071493245
24742,0.3791723306122522
24743,0.006946022521231043
24744,0.1975112067406017
24745,0.1651123880927765
24746,0.014174974351691854
24747,0.12273264184427282
24748,0.6401175570622493
24749,0.006241250815666804
24750,0.07398131340581038
24751,0.04753170721781198
24752,0.010875547208772974
24753,0.025055588048568465
24754,0.1721652161184738
24755,0.013207049326338061
24756,0.0028936718894233887
24757,0.3341190690197395
24758,0.019116334988807427
24759,0.0032737617561192094
24760,0.010363750045968987
24761,0.008220075988249847
24762,0.3547003871071421
24763,0.07676829962981695
24764,0.004374333413965042
24765,0.010754343925896503
24766,0.017053706615509326
24767,0.09281147267827661
24768,0.048285655275789895
24769,0.010636141580067681
24770,0.0055371344038087885
24771,0.00306683033823141
24772,0.1462687713580133
24773,0.06973074899615984
24774,0.25361180327507965
24775,0.007605653625360188
24776,0.2683983515870758
24777,0.039472204878089806
24778,0.7844787268573518
24779,0.019791967933105614
24780,0.011277265005961315
24781,0.010037166541018144
24782,0.87734034191339
24783,0.06675832978320048
24784,0.3964027345868078
24785,0.2557067498945082
24786,0.22742862071789824
24787,0.0036698748450857232
24788,0.7759781088974408
24789,0.04038450852453561
24790,0.0037679510646330848
24791,0.35171931092744485
24792,0.0061356662794948
24793,0.688104559377201
24794,0.006444438246219299
24795,0.0147084435112946
24796,0.9242980696032295
24797,0.004614676843764368
24798,0.009057330248994138
24799,0.028284975054919167
24800,0.017556347423086444
24801,0.004871953815133357
24802,0.7387887440371785
24803,0.0036525919725223194
24804,0.019540813951345756
24805,0.0658978505831035
24806,0.0034250543073738194
24807,0.07176263975518585
24808,0.0015937368282945357
24809,0.2628411035051308
24810,0.00843491620174988
24811,0.08730028343298347
24812,0.005126225514794587
24813,0.24098373319153776
24814,0.15867671815971116
24815,0.00595355734991734
24816,0.009174829769994133
24817,0.030921125741103443
24818,0.008490392222697162
24819,0.6156242309377661
24820,0.7319861400341061
24821,0.005219821302034962
24822,0.06386679738286813
24823,0.11490750486012487
24824,0.11365655469445787
24825,0.00530291560447587
24826,0.7212901114573664
24827,0.005256258590611383
24828,0.024448829385549077
24829,0.015747462431155376
24830,0.3728825052794078
24831,0.016114944733614082
24832,0.008687199842063044
24833,0.06697982912755569
24834,0.0795403222857011
24835,0.08473482846163759
24836,0.08325247057944768
24837,0.019510607663882795
24838,0.38565511161168664
24839,0.32359985284383774
24840,0.8700118338686907
24841,0.8202738942301441
24842,0.002628690000585328
24843,0.13858515448286474
24844,0.007907109962947962
24845,0.004395567539718414
24846,0.004576769985231462
24847,0.6273497803410847
24848,0.0137948422539916
24849,0.00866778496869575
24850,0.044658765529026125
24851,0.5369268983946544
24852,0.619034090098661
24853,0.018402605337461228
24854,0.0047114325457647925
24855,0.9134529293812238
24856,0.003980264919105861
24857,0.008370396034056822
24858,0.07766259974881402
24859,0.06899581636644107
24860,0.168615037290925
24861,0.38785096200552255
24862,0.005351113685812506
24863,0.7236176605148839
24864,0.006613112857263455
24865,0.14152970145689384
24866,0.9777135324925258
24867,0.6979111696123532
24868,0.14713643716121022
24869,0.06438674360790472
24870,0.5040445429123661
24871,0.12705157430725558
24872,0.017372668996737266
24873,0.05624503174053068
24874,0.12858792174690767
24875,0.0526674769265308
24876,0.11932260076013936
24877,0.33307227524519456
24878,0.10456470923240793
24879,0.30750853223267
24880,0.4017552334675322
24881,0.13325843500230775
24882,0.027672056019690635
24883,0.6561460284342508
24884,0.16602333143689116
24885,0.12967927020124928
24886,0.3282052274457947
24887,0.024987559928322925
24888,0.07915763723760735
24889,0.7918452723368913
24890,0.054750890405970976
24891,0.10880079006779533
24892,0.018245556215986437
24893,0.2888703276679488
24894,0.055463758783180994
24895,0.9112672773942526
24896,0.8823941581456285
24897,0.044081410456477246
24898,0.9408858456069997
24899,0.024458991201394255
24900,0.028172759563748203
24901,0.035312174296493005
24902,0.6009264693570571
24903,0.00889387609709507
24904,0.03431244879085833
24905,0.526516029143347
24906,0.05845721496066065
24907,0.62476100999679
24908,0.2877569383597419
24909,0.01045744377741527
24910,0.005425787352248382
24911,0.0031102634997469125
24912,0.12019952079384671
24913,0.023570980760695148
24914,0.010443041704486913
24915,0.1646918801089175
24916,0.740149966689659
24917,0.02253346078572486
24918,0.42650181761222683
24919,0.005387404762394401
24920,0.24843691957666678
24921,0.7558657584583418
24922,0.004200875470686505
24923,0.05588957174450394
24924,0.007484930224493689
24925,0.02763162353900472
24926,0.005694307584539862
24927,0.08635046189558537
24928,0.08552134361987129
24929,0.14311186688007813
24930,0.3929384041755196
24931,0.8301604415677502
24932,0.025292477435520794
24933,0.07547298887571954
24934,0.02404865274033374
24935,0.006395954049477177
24936,0.268776550144245
24937,0.9287576743559255
24938,0.9345119506362181
24939,0.04984154466966385
24940,0.015563095844600179
24941,0.006788982379932168
24942,0.004788331679885836
24943,0.005377039539535626
24944,0.0034033805968319637
24945,0.003621775671006455
24946,0.0048142249951889276
24947,0.08414898037555002
24948,0.006859319187861083
24949,0.007955795190243354
24950,0.05835088525140405
24951,0.01655054584187008
24952,0.10466359772200098
24953,0.00877411795602618
24954,0.07119836075013887
24955,0.23496193473614524
24956,0.13502654134358635
24957,0.003466603369253779
24958,0.009509643793922006
24959,0.1801599084111999
24960,0.6665016470816403
24961,0.04170029623548418
24962,0.002995470095227195
24963,0.00680245264029581
24964,0.004625729021720982
24965,0.00737538988572489
24966,0.7218813631286645
24967,0.005223196172007667
24968,0.06699043541923733
24969,0.8313158910307394
24970,0.7683491231279476
24971,0.11911821323149537
24972,0.014870548016958349
24973,0.01131507460947043
24974,0.009879222467556879
24975,0.14289984764157834
24976,0.16705703435531852
24977,0.0034324236704866623
24978,0.01704202824963317
24979,0.22802500888177998
24980,0.006120035128443348
24981,0.45154276910152547
24982,0.016265840900894127
24983,0.020094938646762227
24984,0.019307703831016876
24985,0.612576588047431
24986,0.9527136939821471
24987,0.051483565822566406
24988,0.006306193377873487
24989,0.7613288133925866
24990,0.8337622477847018
24991,0.4080826125504327
24992,0.001918183217717133
24993,0.028534808115516154
24994,0.8407807209716236
24995,0.03922109795747399
24996,0.015641020900760503
24997,0.009648964650868846
24998,0.07708956998809488
24999,0.16816904379813655
