id,Exited
15000,0.45120338
15001,0.41547787
15002,0.41624448
15003,0.57361317
15004,0.41624448
15005,0.5096415
15006,0.41547787
15007,0.41547787
15008,0.42231524
15009,0.41547787
15010,0.42897215
15011,0.5683668
15012,0.42897215
15013,0.45120338
15014,0.41547787
15015,0.41547787
15016,0.42231524
15017,0.41547787
15018,0.47524875
15019,0.41547787
15020,0.41547787
15021,0.42231524
15022,0.5800451
15023,0.4376294
15024,0.41547787
15025,0.535374
15026,0.48685387
15027,0.41547787
15028,0.42897215
15029,0.46016878
15030,0.51686615
15031,0.5185828
15032,0.42231524
15033,0.44633052
15034,0.54804265
15035,0.41547787
15036,0.41547787
15037,0.535374
15038,0.41547787
15039,0.41547787
15040,0.44660145
15041,0.41547787
15042,0.41547787
15043,0.41547787
15044,0.41547787
15045,0.41547787
15046,0.43099397
15047,0.5694439
15048,0.41547787
15049,0.43099397
15050,0.41547787
15051,0.42231524
15052,0.42897215
15053,0.4939019
15054,0.45120338
15055,0.41547787
15056,0.41547787
15057,0.57679754
15058,0.54284793
15059,0.43099397
15060,0.41547787
15061,0.41547787
15062,0.53943855
15063,0.53943855
15064,0.42897215
15065,0.41547787
15066,0.42897215
15067,0.5683668
15068,0.57247967
15069,0.41547787
15070,0.535374
15071,0.41547787
15072,0.535374
15073,0.535374
15074,0.41547787
15075,0.41547787
15076,0.41547787
15077,0.41547787
15078,0.41547787
15079,0.5185828
15080,0.56735706
15081,0.45053428
15082,0.42231524
15083,0.4287185
15084,0.41547787
15085,0.42897215
15086,0.54804265
15087,0.41547787
15088,0.41547787
15089,0.4313923
15090,0.41547787
15091,0.41547787
15092,0.41547787
15093,0.42897215
15094,0.41547787
15095,0.41547787
15096,0.49866575
15097,0.41547787
15098,0.41547787
15099,0.43099397
15100,0.41547787
15101,0.5410661
15102,0.45172405
15103,0.47552797
15104,0.45172405
15105,0.41547787
15106,0.42897215
15107,0.5800451
15108,0.41547787
15109,0.41547787
15110,0.42897215
15111,0.41547787
15112,0.49725688
15113,0.41547787
15114,0.41547787
15115,0.41547787
15116,0.41547787
15117,0.50329256
15118,0.4306436
15119,0.43512952
15120,0.41547787
15121,0.48474416
15122,0.41547787
15123,0.41547787
15124,0.45120338
15125,0.41547787
15126,0.579466
15127,0.41547787
15128,0.42897215
15129,0.45120338
15130,0.41547787
15131,0.54804265
15132,0.43341684
15133,0.42456803
15134,0.41547787
15135,0.5670182
15136,0.45990095
15137,0.42231524
15138,0.42897215
15139,0.41547787
15140,0.41547787
15141,0.57247967
15142,0.41547787
15143,0.56526005
15144,0.4643294
15145,0.41547787
15146,0.42848936
15147,0.52017635
15148,0.41547787
15149,0.5800451
15150,0.42897215
15151,0.535638
15152,0.54700696
15153,0.425389
15154,0.579466
15155,0.47826013
15156,0.41547787
15157,0.4831366
15158,0.44827285
15159,0.53943855
15160,0.4473023
15161,0.41547787
15162,0.41547787
15163,0.41547787
15164,0.41547787
15165,0.42897215
15166,0.56826365
15167,0.4990372
15168,0.42897215
15169,0.41547787
15170,0.53543943
15171,0.41547787
15172,0.42897215
15173,0.5800451
15174,0.48685387
15175,0.42231524
15176,0.41547787
15177,0.45120338
15178,0.4398537
15179,0.41547787
15180,0.44056854
15181,0.579466
15182,0.45053428
15183,0.4833666
15184,0.41547787
15185,0.47682086
15186,0.4313923
15187,0.41547787
15188,0.4831366
15189,0.41547787
15190,0.4791601
15191,0.41547787
15192,0.45120338
15193,0.43099397
15194,0.49866575
15195,0.51915556
15196,0.5074818
15197,0.41547787
15198,0.44186044
15199,0.42231524
15200,0.45053428
15201,0.41624448
15202,0.41547787
15203,0.41547787
15204,0.41547787
15205,0.45963544
15206,0.42010084
15207,0.41547787
15208,0.41547787
15209,0.51560885
15210,0.41547787
15211,0.42231524
15212,0.54452205
15213,0.41547787
15214,0.42897215
15215,0.41547787
15216,0.57361317
15217,0.42897215
15218,0.41624448
15219,0.41547787
15220,0.41547787
15221,0.41547787
15222,0.46186927
15223,0.41547787
15224,0.41547787
15225,0.47088748
15226,0.5074818
15227,0.42231524
15228,0.44186044
15229,0.42841014
15230,0.5670182
15231,0.49866575
15232,0.42897215
15233,0.425389
15234,0.5800451
15235,0.41547787
15236,0.45324677
15237,0.4355693
15238,0.41547787
15239,0.41547787
15240,0.42897215
15241,0.41547787
15242,0.45324677
15243,0.44186044
15244,0.41547787
15245,0.535374
15246,0.42897215
15247,0.41624448
15248,0.47487667
15249,0.42897215
15250,0.41547787
15251,0.41547787
15252,0.45324677
15253,0.45444936
15254,0.41547787
15255,0.41547787
15256,0.41547787
15257,0.45053428
15258,0.55045414
15259,0.42897215
15260,0.41547787
15261,0.5719546
15262,0.41547787
15263,0.54142255
15264,0.45120338
15265,0.5254731
15266,0.42897215
15267,0.42231524
15268,0.41547787
15269,0.41547787
15270,0.43099397
15271,0.41547787
15272,0.42897215
15273,0.42231524
15274,0.57247967
15275,0.56852245
15276,0.47366896
15277,0.41547787
15278,0.41547787
15279,0.41624448
15280,0.5800451
15281,0.41547787
15282,0.42231524
15283,0.44186044
15284,0.41547787
15285,0.5670182
15286,0.41547787
15287,0.41547787
15288,0.41547787
15289,0.42897215
15290,0.41547787
15291,0.41547787
15292,0.46186927
15293,0.5800451
15294,0.41547787
15295,0.42897215
15296,0.42897215
15297,0.41547787
15298,0.41547787
15299,0.41547787
15300,0.41547787
15301,0.4833666
15302,0.45120338
15303,0.41547787
15304,0.41547787
15305,0.42897215
15306,0.42897215
15307,0.49866575
15308,0.41547787
15309,0.55344665
15310,0.49282253
15311,0.45324677
15312,0.41547787
15313,0.41547787
15314,0.41547787
15315,0.41547787
15316,0.42897215
15317,0.41547787
15318,0.5074818
15319,0.41547787
15320,0.4313923
15321,0.41547787
15322,0.41547787
15323,0.41547787
15324,0.5683668
15325,0.41547787
15326,0.41547787
15327,0.53943855
15328,0.43099397
15329,0.41547787
15330,0.42231524
15331,0.42897215
15332,0.41547787
15333,0.42897215
15334,0.45120338
15335,0.41547787
15336,0.43341684
15337,0.41547787
15338,0.4238516
15339,0.42897215
15340,0.41547787
15341,0.41547787
15342,0.579466
15343,0.42897215
15344,0.42897215
15345,0.42841014
15346,0.5585715
15347,0.43099397
15348,0.43099397
15349,0.41547787
15350,0.41547787
15351,0.41547787
15352,0.43099397
15353,0.51684755
15354,0.41547787
15355,0.42231524
15356,0.535638
15357,0.41547787
15358,0.41547787
15359,0.41547787
15360,0.41547787
15361,0.41547787
15362,0.41547787
15363,0.41547787
15364,0.42897215
15365,0.535374
15366,0.4833666
15367,0.5800451
15368,0.4313923
15369,0.41547787
15370,0.53943855
15371,0.41547787
15372,0.41547787
15373,0.43099397
15374,0.45172405
15375,0.42897215
15376,0.45324677
15377,0.53943855
15378,0.41547787
15379,0.55045414
15380,0.48685387
15381,0.42848936
15382,0.41547787
15383,0.41547787
15384,0.57361317
15385,0.46186927
15386,0.467369
15387,0.42897215
15388,0.41547787
15389,0.41547787
15390,0.45963544
15391,0.42897215
15392,0.41547787
15393,0.41547787
15394,0.41547787
15395,0.41547787
15396,0.44739878
15397,0.41547787
15398,0.41547787
15399,0.41547787
15400,0.4847251
15401,0.43099397
15402,0.41547787
15403,0.42897215
15404,0.425389
15405,0.41624448
15406,0.45324677
15407,0.41547787
15408,0.42897215
15409,0.50215876
15410,0.46913487
15411,0.41547787
15412,0.42897215
15413,0.53943855
15414,0.5683668
15415,0.41547787
15416,0.41547787
15417,0.47552797
15418,0.42897215
15419,0.43099397
15420,0.41547787
15421,0.42231524
15422,0.43099397
15423,0.47399983
15424,0.42231524
15425,0.57679754
15426,0.54487956
15427,0.45053428
15428,0.43512952
15429,0.43099397
15430,0.41547787
15431,0.41547787
15432,0.41547787
15433,0.41547787
15434,0.41547787
15435,0.41547787
15436,0.425389
15437,0.41547787
15438,0.41547787
15439,0.41547787
15440,0.42897215
15441,0.53847235
15442,0.535374
15443,0.45324677
15444,0.42231524
15445,0.41547787
15446,0.42897215
15447,0.41547787
15448,0.579466
15449,0.42231524
15450,0.41547787
15451,0.41547787
15452,0.52336174
15453,0.425389
15454,0.45120338
15455,0.57679754
15456,0.42897215
15457,0.41547787
15458,0.43099397
15459,0.49522346
15460,0.53943855
15461,0.43099397
15462,0.41547787
15463,0.41547787
15464,0.57679754
15465,0.45120338
15466,0.41547787
15467,0.55045414
15468,0.41547787
15469,0.42897215
15470,0.41547787
15471,0.42231524
15472,0.42897215
15473,0.43099397
15474,0.42897215
15475,0.4889826
15476,0.45324677
15477,0.41547787
15478,0.41547787
15479,0.42897215
15480,0.4986486
15481,0.5800451
15482,0.42544985
15483,0.5800451
15484,0.41547787
15485,0.45324677
15486,0.41547787
15487,0.5510422
15488,0.41547787
15489,0.43341684
15490,0.5800451
15491,0.48845893
15492,0.56643456
15493,0.42897215
15494,0.4313923
15495,0.45306313
15496,0.41547787
15497,0.41547787
15498,0.5800451
15499,0.5185828
15500,0.41547787
15501,0.41547787
15502,0.41624448
15503,0.5800451
15504,0.42897215
15505,0.41547787
15506,0.46992317
15507,0.41547787
15508,0.44827285
15509,0.41547787
15510,0.43099397
15511,0.42231524
15512,0.41547787
15513,0.41547787
15514,0.4313923
15515,0.41547787
15516,0.4515973
15517,0.45324677
15518,0.41547787
15519,0.41547787
15520,0.43099397
15521,0.46992317
15522,0.42897215
15523,0.42897215
15524,0.42037305
15525,0.41547787
15526,0.41547787
15527,0.41547787
15528,0.41547787
15529,0.41547787
15530,0.41547787
15531,0.42231524
15532,0.42231524
15533,0.43341684
15534,0.41547787
15535,0.43099397
15536,0.46989852
15537,0.41547787
15538,0.42231524
15539,0.41547787
15540,0.42314652
15541,0.41547787
15542,0.41547787
15543,0.41547787
15544,0.41547787
15545,0.42897215
15546,0.5225133
15547,0.425389
15548,0.41547787
15549,0.49720198
15550,0.41547787
15551,0.41547787
15552,0.41547787
15553,0.42897215
15554,0.53498304
15555,0.41547787
15556,0.41547787
15557,0.41547787
15558,0.42897215
15559,0.4313923
15560,0.41547787
15561,0.41547787
15562,0.41547787
15563,0.41547787
15564,0.41547787
15565,0.41547787
15566,0.42897215
15567,0.41547787
15568,0.41547787
15569,0.41547787
15570,0.42897215
15571,0.52017635
15572,0.5800451
15573,0.43099397
15574,0.41547787
15575,0.41547787
15576,0.41547787
15577,0.53943855
15578,0.48685387
15579,0.47283882
15580,0.41547787
15581,0.42897215
15582,0.41547787
15583,0.41547787
15584,0.41547787
15585,0.49070454
15586,0.41547787
15587,0.41547787
15588,0.42314652
15589,0.41547787
15590,0.41547787
15591,0.41547787
15592,0.43099397
15593,0.5683668
15594,0.57361317
15595,0.42897215
15596,0.535374
15597,0.53943855
15598,0.46305653
15599,0.42897215
15600,0.54452205
15601,0.56852245
15602,0.41547787
15603,0.41547787
15604,0.44186044
15605,0.4791601
15606,0.41547787
15607,0.44273734
15608,0.41547787
15609,0.41547787
15610,0.48685387
15611,0.41547787
15612,0.46186927
15613,0.48121914
15614,0.42897215
15615,0.46186927
15616,0.41547787
15617,0.5800451
15618,0.48121914
15619,0.41547787
15620,0.43099397
15621,0.41547787
15622,0.41547787
15623,0.41547787
15624,0.41547787
15625,0.57247967
15626,0.41547787
15627,0.45324677
15628,0.41547787
15629,0.41624448
15630,0.4398537
15631,0.43099397
15632,0.41547787
15633,0.41547787
15634,0.42897215
15635,0.53498304
15636,0.41624448
15637,0.45324677
15638,0.41547787
15639,0.43099397
15640,0.51322705
15641,0.5113094
15642,0.4355693
15643,0.41547787
15644,0.43099397
15645,0.41547787
15646,0.42897215
15647,0.41547787
15648,0.425389
15649,0.42897215
15650,0.41547787
15651,0.41547787
15652,0.41547787
15653,0.55045414
15654,0.43099397
15655,0.57361317
15656,0.45324677
15657,0.56643456
15658,0.42848936
15659,0.41547787
15660,0.41547787
15661,0.43099397
15662,0.41547787
15663,0.41547787
15664,0.42231524
15665,0.45120338
15666,0.41547787
15667,0.41547787
15668,0.41547787
15669,0.43099397
15670,0.4847251
15671,0.425389
15672,0.41547787
15673,0.42231524
15674,0.48953384
15675,0.535638
15676,0.41547787
15677,0.55344665
15678,0.45053428
15679,0.41547787
15680,0.43099397
15681,0.41547787
15682,0.41547787
15683,0.42231524
15684,0.41547787
15685,0.42897215
15686,0.535374
15687,0.41547787
15688,0.5003506
15689,0.42897215
15690,0.47283882
15691,0.41547787
15692,0.45120338
15693,0.41547787
15694,0.41547787
15695,0.41547787
15696,0.41547787
15697,0.41547787
15698,0.43099397
15699,0.41547787
15700,0.41547787
15701,0.45324677
15702,0.41547787
15703,0.43099397
15704,0.41547787
15705,0.579466
15706,0.43341684
15707,0.42897215
15708,0.5719546
15709,0.41547787
15710,0.5513837
15711,0.42231524
15712,0.41547787
15713,0.41547787
15714,0.41547787
15715,0.53943855
15716,0.42897215
15717,0.41547787
15718,0.43099397
15719,0.44186044
15720,0.55344665
15721,0.42897215
15722,0.41547787
15723,0.41547787
15724,0.42897215
15725,0.42231524
15726,0.41547787
15727,0.41547787
15728,0.41547787
15729,0.5510422
15730,0.43099397
15731,0.41547787
15732,0.5800451
15733,0.44898117
15734,0.41547787
15735,0.47731474
15736,0.41547787
15737,0.5063677
15738,0.41547787
15739,0.41547787
15740,0.41547787
15741,0.425389
15742,0.5410661
15743,0.50188094
15744,0.41547787
15745,0.41547787
15746,0.41624448
15747,0.47283882
15748,0.4436219
15749,0.41547787
15750,0.42897215
15751,0.41547787
15752,0.45120338
15753,0.41547787
15754,0.41547787
15755,0.45120338
15756,0.41547787
15757,0.41547787
15758,0.46392015
15759,0.43099397
15760,0.41547787
15761,0.42897215
15762,0.50188094
15763,0.51890534
15764,0.41547787
15765,0.41547787
15766,0.41547787
15767,0.41547787
15768,0.41547787
15769,0.41547787
15770,0.45324677
15771,0.42897215
15772,0.41547787
15773,0.41547787
15774,0.43099397
15775,0.42231524
15776,0.42897215
15777,0.5510422
15778,0.5800451
15779,0.43674743
15780,0.44696295
15781,0.41547787
15782,0.41547787
15783,0.42897215
15784,0.42897215
15785,0.41547787
15786,0.41547787
15787,0.41547787
15788,0.52336174
15789,0.5287292
15790,0.42897215
15791,0.41547787
15792,0.5670182
15793,0.41547787
15794,0.41547787
15795,0.5153664
15796,0.41547787
15797,0.45120338
15798,0.5683668
15799,0.41547787
15800,0.4436219
15801,0.54284793
15802,0.47082934
15803,0.45029217
15804,0.42231524
15805,0.42897215
15806,0.42231524
15807,0.5074818
15808,0.46992317
15809,0.41547787
15810,0.5683668
15811,0.44186044
15812,0.505902
15813,0.41547787
15814,0.473115
15815,0.41547787
15816,0.43099397
15817,0.41547787
15818,0.45053428
15819,0.41547787
15820,0.41547787
15821,0.54804265
15822,0.43099397
15823,0.53498304
15824,0.41547787
15825,0.41547787
15826,0.41547787
15827,0.42897215
15828,0.41547787
15829,0.43099397
15830,0.57247967
15831,0.42231524
15832,0.41547787
15833,0.47531888
15834,0.42231524
15835,0.41547787
15836,0.41547787
15837,0.5074818
15838,0.41547787
15839,0.41547787
15840,0.41547787
15841,0.41547787
15842,0.42231524
15843,0.42841014
15844,0.43099397
15845,0.5410661
15846,0.51686615
15847,0.41547787
15848,0.42897215
15849,0.43099397
15850,0.41547787
15851,0.41547787
15852,0.41547787
15853,0.41547787
15854,0.41547787
15855,0.43099397
15856,0.45053428
15857,0.41547787
15858,0.42231524
15859,0.52017635
15860,0.41547787
15861,0.43099397
15862,0.42231524
15863,0.41547787
15864,0.5800451
15865,0.45324677
15866,0.43099397
15867,0.42897215
15868,0.41547787
15869,0.41547787
15870,0.41547787
15871,0.41547787
15872,0.42897215
15873,0.4436219
15874,0.41547787
15875,0.41547787
15876,0.41547787
15877,0.41547787
15878,0.46392015
15879,0.56643456
15880,0.41547787
15881,0.42897215
15882,0.44273734
15883,0.42897215
15884,0.42231524
15885,0.41547787
15886,0.5662127
15887,0.41547787
15888,0.46186927
15889,0.42314652
15890,0.41547787
15891,0.5629741
15892,0.41547787
15893,0.43099397
15894,0.41547787
15895,0.41547787
15896,0.42897215
15897,0.57361317
15898,0.41547787
15899,0.41547787
15900,0.5024007
15901,0.44805628
15902,0.41547787
15903,0.53943855
15904,0.41547787
15905,0.42231524
15906,0.41624448
15907,0.42897215
15908,0.43512952
15909,0.42897215
15910,0.41547787
15911,0.47082934
15912,0.41547787
15913,0.41547787
15914,0.45324677
15915,0.43099397
15916,0.41547787
15917,0.41547787
15918,0.41547787
15919,0.43099397
15920,0.5136032
15921,0.45120338
15922,0.41547787
15923,0.41547787
15924,0.50781846
15925,0.41547787
15926,0.41547787
15927,0.57247967
15928,0.42231524
15929,0.53943855
15930,0.5510422
15931,0.47958416
15932,0.425389
15933,0.57361317
15934,0.41547787
15935,0.41547787
15936,0.41547787
15937,0.41547787
15938,0.45120338
15939,0.41547787
15940,0.42897215
15941,0.42897215
15942,0.41547787
15943,0.41547787
15944,0.41547787
15945,0.41547787
15946,0.43099397
15947,0.41547787
15948,0.579466
15949,0.5683668
15950,0.41547787
15951,0.41547787
15952,0.5683668
15953,0.5185828
15954,0.42231524
15955,0.42897215
15956,0.42231524
15957,0.425389
15958,0.56826365
15959,0.42897215
15960,0.41547787
15961,0.5063677
15962,0.41547787
15963,0.41547787
15964,0.46392015
15965,0.45120338
15966,0.5800451
15967,0.42231524
15968,0.45324677
15969,0.41547787
15970,0.425389
15971,0.43099397
15972,0.5800451
15973,0.41547787
15974,0.45053428
15975,0.41547787
15976,0.41547787
15977,0.41547787
15978,0.45120338
15979,0.41547787
15980,0.41547787
15981,0.41547787
15982,0.41547787
15983,0.41547787
15984,0.41547787
15985,0.43099397
15986,0.4791601
15987,0.41547787
15988,0.41547787
15989,0.4313923
15990,0.44186044
15991,0.41547787
15992,0.579466
15993,0.42037305
15994,0.41547787
15995,0.41547787
15996,0.56735706
15997,0.46186927
15998,0.42804918
15999,0.41547787
16000,0.4997005
16001,0.41547787
16002,0.41547787
16003,0.41547787
16004,0.42231524
16005,0.47552797
16006,0.41547787
16007,0.44273734
16008,0.41547787
16009,0.57147604
16010,0.41547787
16011,0.47531888
16012,0.41547787
16013,0.41547787
16014,0.41547787
16015,0.45120338
16016,0.52065367
16017,0.43099397
16018,0.425389
16019,0.42897215
16020,0.41547787
16021,0.41547787
16022,0.41547787
16023,0.42897215
16024,0.41624448
16025,0.42231524
16026,0.55045414
16027,0.41547787
16028,0.42897215
16029,0.41547787
16030,0.41547787
16031,0.44140092
16032,0.5287292
16033,0.42897215
16034,0.54804265
16035,0.41547787
16036,0.43099397
16037,0.42897215
16038,0.43099397
16039,0.43099397
16040,0.43099397
16041,0.5683668
16042,0.42231524
16043,0.41547787
16044,0.41547787
16045,0.5800451
16046,0.48845893
16047,0.4473023
16048,0.42897215
16049,0.41547787
16050,0.41547787
16051,0.41547787
16052,0.41547787
16053,0.41547787
16054,0.45172405
16055,0.42897215
16056,0.45324677
16057,0.535374
16058,0.51322705
16059,0.42897215
16060,0.5185828
16061,0.41547787
16062,0.41547787
16063,0.41547787
16064,0.41547787
16065,0.41547787
16066,0.41547787
16067,0.41547787
16068,0.5185828
16069,0.41547787
16070,0.535374
16071,0.41547787
16072,0.41547787
16073,0.5319045
16074,0.41547787
16075,0.4833666
16076,0.4997005
16077,0.5074818
16078,0.53943855
16079,0.5113094
16080,0.42231524
16081,0.41547787
16082,0.45120338
16083,0.41547787
16084,0.41547787
16085,0.41547787
16086,0.5683668
16087,0.41547787
16088,0.41547787
16089,0.41547787
16090,0.579466
16091,0.4436219
16092,0.42897215
16093,0.45120338
16094,0.44696295
16095,0.44186044
16096,0.41547787
16097,0.47774372
16098,0.45120338
16099,0.5074818
16100,0.41547787
16101,0.42897215
16102,0.42897215
16103,0.41547787
16104,0.41547787
16105,0.57247967
16106,0.41547787
16107,0.42897215
16108,0.5683668
16109,0.44323823
16110,0.41547787
16111,0.44898117
16112,0.41547787
16113,0.45120338
16114,0.42231524
16115,0.57361317
16116,0.41547787
16117,0.41547787
16118,0.41547787
16119,0.45306313
16120,0.41547787
16121,0.41547787
16122,0.42897215
16123,0.41547787
16124,0.42897215
16125,0.41547787
16126,0.44410157
16127,0.43915808
16128,0.425389
16129,0.43099397
16130,0.5670182
16131,0.42897215
16132,0.45324677
16133,0.55888206
16134,0.43099397
16135,0.41547787
16136,0.41547787
16137,0.42897215
16138,0.41547787
16139,0.41547787
16140,0.41547787
16141,0.45120338
16142,0.41547787
16143,0.41547787
16144,0.41547787
16145,0.41624448
16146,0.42897215
16147,0.45120338
16148,0.56826365
16149,0.5748456
16150,0.42897215
16151,0.5096415
16152,0.52017635
16153,0.54590905
16154,0.41547787
16155,0.45865914
16156,0.41547787
16157,0.46392015
16158,0.4473023
16159,0.48237914
16160,0.471746
16161,0.5096415
16162,0.41547787
16163,0.41547787
16164,0.53943855
16165,0.45479766
16166,0.41547787
16167,0.54784495
16168,0.41547787
16169,0.41547787
16170,0.41547787
16171,0.45324677
16172,0.41547787
16173,0.46016878
16174,0.425389
16175,0.41547787
16176,0.41547787
16177,0.44186044
16178,0.41547787
16179,0.44214147
16180,0.41547787
16181,0.41547787
16182,0.4520687
16183,0.41547787
16184,0.42231524
16185,0.42897215
16186,0.55238515
16187,0.4313923
16188,0.41547787
16189,0.43099397
16190,0.41547787
16191,0.56799626
16192,0.5629741
16193,0.48953384
16194,0.53943855
16195,0.45120338
16196,0.43099397
16197,0.43099397
16198,0.42897215
16199,0.41547787
16200,0.45479766
16201,0.45324677
16202,0.42897215
16203,0.535374
16204,0.41624448
16205,0.5039243
16206,0.41547787
16207,0.42897215
16208,0.42897215
16209,0.42231524
16210,0.43099397
16211,0.42231524
16212,0.42848936
16213,0.425389
16214,0.46186927
16215,0.41547787
16216,0.42897215
16217,0.50895274
16218,0.425389
16219,0.41547787
16220,0.42231524
16221,0.42897215
16222,0.48504788
16223,0.57679754
16224,0.41547787
16225,0.42897215
16226,0.4313923
16227,0.41547787
16228,0.43099397
16229,0.42231524
16230,0.41547787
16231,0.5003506
16232,0.52017635
16233,0.48685387
16234,0.57247967
16235,0.41547787
16236,0.42231524
16237,0.52017635
16238,0.46102795
16239,0.4313923
16240,0.46186927
16241,0.45053428
16242,0.41547787
16243,0.43512952
16244,0.46392015
16245,0.45120338
16246,0.42231524
16247,0.41547787
16248,0.5701751
16249,0.45324677
16250,0.53943855
16251,0.5287377
16252,0.41547787
16253,0.41547787
16254,0.41547787
16255,0.425389
16256,0.42897215
16257,0.41547787
16258,0.41547787
16259,0.45640266
16260,0.41547787
16261,0.42897215
16262,0.42897215
16263,0.44273734
16264,0.41547787
16265,0.41547787
16266,0.52336174
16267,0.41547787
16268,0.43099397
16269,0.41547787
16270,0.43099397
16271,0.41547787
16272,0.42897215
16273,0.42897215
16274,0.43099397
16275,0.41547787
16276,0.42897215
16277,0.5800451
16278,0.41547787
16279,0.43099397
16280,0.41547787
16281,0.46016878
16282,0.41547787
16283,0.41547787
16284,0.43143854
16285,0.42848936
16286,0.41547787
16287,0.41547787
16288,0.45324677
16289,0.42897215
16290,0.41547787
16291,0.41547787
16292,0.5351357
16293,0.535374
16294,0.41624448
16295,0.42897215
16296,0.41547787
16297,0.5662127
16298,0.41547787
16299,0.579466
16300,0.41547787
16301,0.47283882
16302,0.5063677
16303,0.41547787
16304,0.41547787
16305,0.42897215
16306,0.41547787
16307,0.579466
16308,0.41547787
16309,0.5670182
16310,0.5096415
16311,0.42897215
16312,0.535374
16313,0.55045414
16314,0.41547787
16315,0.48769388
16316,0.57247967
16317,0.41547787
16318,0.41547787
16319,0.5410661
16320,0.45120338
16321,0.41547787
16322,0.425389
16323,0.41547787
16324,0.41547787
16325,0.41624448
16326,0.42897215
16327,0.41547787
16328,0.56826365
16329,0.42897215
16330,0.425389
16331,0.41547787
16332,0.43099397
16333,0.41547787
16334,0.41547787
16335,0.42314652
16336,0.43099397
16337,0.41547787
16338,0.42897215
16339,0.41547787
16340,0.41547787
16341,0.535374
16342,0.41547787
16343,0.42897215
16344,0.43099397
16345,0.41547787
16346,0.4833666
16347,0.41547787
16348,0.41547787
16349,0.4791601
16350,0.4313923
16351,0.41547787
16352,0.41547787
16353,0.41547787
16354,0.42897215
16355,0.51876944
16356,0.5410661
16357,0.579466
16358,0.41547787
16359,0.47732657
16360,0.41547787
16361,0.57361317
16362,0.42897215
16363,0.41547787
16364,0.41547787
16365,0.43099397
16366,0.50188094
16367,0.42897215
16368,0.57247967
16369,0.45444936
16370,0.47552994
16371,0.42897215
16372,0.41547787
16373,0.42897215
16374,0.43099397
16375,0.41547787
16376,0.45120338
16377,0.5074818
16378,0.41547787
16379,0.49275708
16380,0.4436219
16381,0.45120338
16382,0.42231524
16383,0.41547787
16384,0.43099397
16385,0.41624448
16386,0.56826365
16387,0.41547787
16388,0.41547787
16389,0.57679754
16390,0.45120338
16391,0.43099397
16392,0.41547787
16393,0.41547787
16394,0.41547787
16395,0.41547787
16396,0.43099397
16397,0.41624448
16398,0.44186044
16399,0.41547787
16400,0.46186927
16401,0.41547787
16402,0.5683668
16403,0.41547787
16404,0.41547787
16405,0.41547787
16406,0.53943855
16407,0.5410661
16408,0.535638
16409,0.48504788
16410,0.42897215
16411,0.41547787
16412,0.5800451
16413,0.579466
16414,0.41624448
16415,0.41547787
16416,0.41547787
16417,0.41624448
16418,0.41547787
16419,0.41547787
16420,0.4791601
16421,0.42897215
16422,0.41547787
16423,0.48685387
16424,0.41547787
16425,0.41547787
16426,0.41547787
16427,0.41547787
16428,0.41547787
16429,0.56852245
16430,0.41547787
16431,0.42897215
16432,0.43099397
16433,0.42897215
16434,0.4871858
16435,0.41547787
16436,0.41547787
16437,0.41547787
16438,0.43099397
16439,0.43099397
16440,0.41547787
16441,0.41547787
16442,0.43099397
16443,0.41547787
16444,0.44214147
16445,0.43341684
16446,0.42231524
16447,0.425389
16448,0.42897215
16449,0.41547787
16450,0.41547787
16451,0.42897215
16452,0.5545134
16453,0.42314652
16454,0.44214147
16455,0.43099397
16456,0.41547787
16457,0.44186044
16458,0.41547787
16459,0.41547787
16460,0.41547787
16461,0.41547787
16462,0.41547787
16463,0.5662127
16464,0.41547787
16465,0.41547787
16466,0.45120338
16467,0.41547787
16468,0.47682086
16469,0.41547787
16470,0.41547787
16471,0.52234364
16472,0.42897215
16473,0.41547787
16474,0.41547787
16475,0.5510422
16476,0.579466
16477,0.41547787
16478,0.41547787
16479,0.41547787
16480,0.41547787
16481,0.43099397
16482,0.41547787
16483,0.5748456
16484,0.42897215
16485,0.41547787
16486,0.41547787
16487,0.41547787
16488,0.41547787
16489,0.57679754
16490,0.41624448
16491,0.41547787
16492,0.5013471
16493,0.41624448
16494,0.53543943
16495,0.43915808
16496,0.41547787
16497,0.42897215
16498,0.44273734
16499,0.4313923
16500,0.42897215
16501,0.41547787
16502,0.5185828
16503,0.41547787
16504,0.42848936
16505,0.41547787
16506,0.41547787
16507,0.42897215
16508,0.425389
16509,0.42231524
16510,0.5011258
16511,0.43099397
16512,0.41547787
16513,0.41547787
16514,0.42897215
16515,0.42897215
16516,0.41547787
16517,0.42897215
16518,0.425389
16519,0.41547787
16520,0.42231524
16521,0.41547787
16522,0.41547787
16523,0.51915556
16524,0.41624448
16525,0.45963544
16526,0.42897215
16527,0.41547787
16528,0.5629741
16529,0.51478773
16530,0.41547787
16531,0.41547787
16532,0.56852245
16533,0.41547787
16534,0.43099397
16535,0.41547787
16536,0.41547787
16537,0.41547787
16538,0.42231524
16539,0.45324677
16540,0.43099397
16541,0.41547787
16542,0.41547787
16543,0.46563503
16544,0.4649255
16545,0.48536476
16546,0.41547787
16547,0.45324677
16548,0.53943855
16549,0.41547787
16550,0.43099397
16551,0.41547787
16552,0.41547787
16553,0.41547787
16554,0.42897215
16555,0.41547787
16556,0.5246324
16557,0.5670182
16558,0.41547787
16559,0.43099397
16560,0.41547787
16561,0.42897215
16562,0.41547787
16563,0.41547787
16564,0.45120338
16565,0.5800451
16566,0.53943855
16567,0.48536476
16568,0.5086408
16569,0.41547787
16570,0.43099397
16571,0.45279092
16572,0.41547787
16573,0.41547787
16574,0.52345747
16575,0.41547787
16576,0.42231524
16577,0.42897215
16578,0.41547787
16579,0.42897215
16580,0.41547787
16581,0.4831366
16582,0.48121914
16583,0.41547787
16584,0.41547787
16585,0.41547787
16586,0.55344665
16587,0.42897215
16588,0.55045414
16589,0.41547787
16590,0.57247967
16591,0.41547787
16592,0.5800451
16593,0.43099397
16594,0.57361317
16595,0.41547787
16596,0.41547787
16597,0.46016878
16598,0.5469157
16599,0.42897215
16600,0.46016878
16601,0.41547787
16602,0.45324677
16603,0.41547787
16604,0.42231524
16605,0.41547787
16606,0.46392015
16607,0.43099397
16608,0.56643456
16609,0.52660906
16610,0.43099397
16611,0.41547787
16612,0.41547787
16613,0.41547787
16614,0.4961789
16615,0.41547787
16616,0.43099397
16617,0.42897215
16618,0.41547787
16619,0.42897215
16620,0.41547787
16621,0.57679754
16622,0.5074818
16623,0.42231524
16624,0.5074818
16625,0.41547787
16626,0.41547787
16627,0.42314652
16628,0.41547787
16629,0.42897215
16630,0.4238516
16631,0.535374
16632,0.42231524
16633,0.45120338
16634,0.41547787
16635,0.51322705
16636,0.41547787
16637,0.41547787
16638,0.43721536
16639,0.41547787
16640,0.53543943
16641,0.41547787
16642,0.41547787
16643,0.41547787
16644,0.41547787
16645,0.42231524
16646,0.41547787
16647,0.41547787
16648,0.42897215
16649,0.44827285
16650,0.41547787
16651,0.41547787
16652,0.42897215
16653,0.41547787
16654,0.41547787
16655,0.41547787
16656,0.57361317
16657,0.45120338
16658,0.41547787
16659,0.41547787
16660,0.5643673
16661,0.45053428
16662,0.43099397
16663,0.41547787
16664,0.41547787
16665,0.42456803
16666,0.41547787
16667,0.42231524
16668,0.52017635
16669,0.41547787
16670,0.41547787
16671,0.41547787
16672,0.47399983
16673,0.535374
16674,0.41547787
16675,0.4717857
16676,0.41547787
16677,0.41547787
16678,0.41547787
16679,0.41547787
16680,0.41547787
16681,0.41547787
16682,0.43099397
16683,0.42456803
16684,0.41547787
16685,0.42616352
16686,0.54432404
16687,0.41547787
16688,0.5074818
16689,0.4791601
16690,0.579466
16691,0.45324677
16692,0.41547787
16693,0.5185828
16694,0.41547787
16695,0.41547787
16696,0.41547787
16697,0.41547787
16698,0.41547787
16699,0.41547787
16700,0.41624448
16701,0.5510422
16702,0.41547787
16703,0.41547787
16704,0.41547787
16705,0.42897215
16706,0.41547787
16707,0.44696295
16708,0.41547787
16709,0.41547787
16710,0.42231524
16711,0.511528
16712,0.41547787
16713,0.48685387
16714,0.42848936
16715,0.49866575
16716,0.41547787
16717,0.42037305
16718,0.5489772
16719,0.5800451
16720,0.41547787
16721,0.4473023
16722,0.42897215
16723,0.41547787
16724,0.4238516
16725,0.41547787
16726,0.41547787
16727,0.5074818
16728,0.49654728
16729,0.42231524
16730,0.41547787
16731,0.41547787
16732,0.535374
16733,0.41547787
16734,0.42897215
16735,0.42231524
16736,0.549765
16737,0.42231524
16738,0.41547787
16739,0.53847235
16740,0.41547787
16741,0.41547787
16742,0.5351357
16743,0.41547787
16744,0.42897215
16745,0.41547787
16746,0.41547787
16747,0.41547787
16748,0.45444936
16749,0.41547787
16750,0.41547787
16751,0.42848936
16752,0.43512952
16753,0.41547787
16754,0.4398537
16755,0.41547787
16756,0.42897215
16757,0.41547787
16758,0.41547787
16759,0.42314652
16760,0.41547787
16761,0.41547787
16762,0.42231524
16763,0.41547787
16764,0.535374
16765,0.41547787
16766,0.41547787
16767,0.41547787
16768,0.45053428
16769,0.41547787
16770,0.44186044
16771,0.41547787
16772,0.43099397
16773,0.41547787
16774,0.41547787
16775,0.41547787
16776,0.43099397
16777,0.5254731
16778,0.4473023
16779,0.41547787
16780,0.42897215
16781,0.45324677
16782,0.535374
16783,0.41547787
16784,0.425389
16785,0.41547787
16786,0.42897215
16787,0.41547787
16788,0.41547787
16789,0.54804265
16790,0.46186927
16791,0.41547787
16792,0.41547787
16793,0.41547787
16794,0.41624448
16795,0.45172405
16796,0.42231524
16797,0.41547787
16798,0.45120338
16799,0.41547787
16800,0.42897215
16801,0.43099397
16802,0.43099397
16803,0.41547787
16804,0.425389
16805,0.41547787
16806,0.41547787
16807,0.4473023
16808,0.41547787
16809,0.41547787
16810,0.41547787
16811,0.41547787
16812,0.43099397
16813,0.43099397
16814,0.41547787
16815,0.45120338
16816,0.42897215
16817,0.42897215
16818,0.55344665
16819,0.5800451
16820,0.43099397
16821,0.5800451
16822,0.41547787
16823,0.41547787
16824,0.57247967
16825,0.42231524
16826,0.41547787
16827,0.41547787
16828,0.41547787
16829,0.57679754
16830,0.44186044
16831,0.579466
16832,0.535374
16833,0.56939167
16834,0.41547787
16835,0.41547787
16836,0.425389
16837,0.43099397
16838,0.45324677
16839,0.47682086
16840,0.5800451
16841,0.41547787
16842,0.47974017
16843,0.42897215
16844,0.5589634
16845,0.41624448
16846,0.57247967
16847,0.53943855
16848,0.52336174
16849,0.43512952
16850,0.5800451
16851,0.41547787
16852,0.41547787
16853,0.5096415
16854,0.44805628
16855,0.41547787
16856,0.4473023
16857,0.45731676
16858,0.50640154
16859,0.41547787
16860,0.42897215
16861,0.41547787
16862,0.41547787
16863,0.41547787
16864,0.42897215
16865,0.42897215
16866,0.41547787
16867,0.41547787
16868,0.53543943
16869,0.41547787
16870,0.44273734
16871,0.5087046
16872,0.41547787
16873,0.41547787
16874,0.41547787
16875,0.56643456
16876,0.41547787
16877,0.41547787
16878,0.41547787
16879,0.41547787
16880,0.42897215
16881,0.41547787
16882,0.41547787
16883,0.42897215
16884,0.41547787
16885,0.41547787
16886,0.42231524
16887,0.44273734
16888,0.41547787
16889,0.42231524
16890,0.49654728
16891,0.41547787
16892,0.41547787
16893,0.41624448
16894,0.4398537
16895,0.5096415
16896,0.45882162
16897,0.449156
16898,0.42897215
16899,0.42897215
16900,0.41547787
16901,0.41547787
16902,0.5800451
16903,0.41547787
16904,0.48953384
16905,0.41547787
16906,0.47552797
16907,0.41547787
16908,0.41547787
16909,0.41547787
16910,0.41547787
16911,0.41547787
16912,0.41547787
16913,0.41547787
16914,0.41547787
16915,0.43099397
16916,0.41547787
16917,0.42897215
16918,0.55344665
16919,0.41547787
16920,0.41547787
16921,0.473115
16922,0.41547787
16923,0.46186927
16924,0.41547787
16925,0.46186927
16926,0.42897215
16927,0.41547787
16928,0.49282253
16929,0.5681919
16930,0.41547787
16931,0.53943855
16932,0.43099397
16933,0.41547787
16934,0.41547787
16935,0.41547787
16936,0.579466
16937,0.41547787
16938,0.41547787
16939,0.41547787
16940,0.45324677
16941,0.473115
16942,0.43099397
16943,0.579466
16944,0.41547787
16945,0.41547787
16946,0.42231524
16947,0.42897215
16948,0.42897215
16949,0.579466
16950,0.43341684
16951,0.5800451
16952,0.42897215
16953,0.41547787
16954,0.425389
16955,0.41547787
16956,0.42897215
16957,0.45963544
16958,0.41547787
16959,0.41547787
16960,0.42841014
16961,0.41547787
16962,0.41547787
16963,0.41547787
16964,0.41547787
16965,0.41547787
16966,0.5800451
16967,0.47624683
16968,0.5510422
16969,0.41547787
16970,0.41547787
16971,0.44186044
16972,0.5510422
16973,0.4833666
16974,0.41547787
16975,0.41547787
16976,0.43085665
16977,0.42848936
16978,0.46392015
16979,0.41547787
16980,0.5683668
16981,0.56852245
16982,0.579466
16983,0.5800451
16984,0.41547787
16985,0.41547787
16986,0.41547787
16987,0.41547787
16988,0.41547787
16989,0.47552994
16990,0.41547787
16991,0.42231524
16992,0.48953384
16993,0.41547787
16994,0.43512952
16995,0.41547787
16996,0.41547787
16997,0.42848936
16998,0.57361317
16999,0.41547787
17000,0.41547787
17001,0.41547787
17002,0.42314652
17003,0.535374
17004,0.42897215
17005,0.45053428
17006,0.42897215
17007,0.43099397
17008,0.41547787
17009,0.5523344
17010,0.42231524
17011,0.41547787
17012,0.41547787
17013,0.41547787
17014,0.4437762
17015,0.50781846
17016,0.41547787
17017,0.43099397
17018,0.41547787
17019,0.41547787
17020,0.43099397
17021,0.42897215
17022,0.42231524
17023,0.54590905
17024,0.41547787
17025,0.41547787
17026,0.41547787
17027,0.41547787
17028,0.535374
17029,0.41547787
17030,0.41547787
17031,0.41547787
17032,0.535374
17033,0.42456803
17034,0.41624448
17035,0.41547787
17036,0.41547787
17037,0.41547787
17038,0.4313923
17039,0.41547787
17040,0.41547787
17041,0.41547787
17042,0.579466
17043,0.43099397
17044,0.41547787
17045,0.43099397
17046,0.535374
17047,0.41547787
17048,0.42897215
17049,0.41547787
17050,0.42231524
17051,0.57247967
17052,0.43099397
17053,0.57679754
17054,0.41547787
17055,0.41547787
17056,0.42897215
17057,0.41547787
17058,0.41547787
17059,0.41547787
17060,0.45963544
17061,0.57679754
17062,0.41547787
17063,0.43085665
17064,0.48953384
17065,0.41547787
17066,0.57361317
17067,0.50188094
17068,0.5074818
17069,0.46992317
17070,0.45324677
17071,0.56852245
17072,0.41547787
17073,0.41547787
17074,0.45324677
17075,0.42897215
17076,0.41547787
17077,0.5316155
17078,0.45324677
17079,0.5096415
17080,0.48121914
17081,0.41547787
17082,0.41547787
17083,0.42897215
17084,0.4811137
17085,0.57247967
17086,0.42314652
17087,0.43099397
17088,0.41547787
17089,0.41547787
17090,0.41547787
17091,0.41547787
17092,0.44323823
17093,0.42897215
17094,0.42897215
17095,0.55238515
17096,0.489225
17097,0.53498304
17098,0.41547787
17099,0.41547787
17100,0.4961789
17101,0.42231524
17102,0.54284793
17103,0.41547787
17104,0.41547787
17105,0.51665676
17106,0.41547787
17107,0.5074818
17108,0.42231524
17109,0.41547787
17110,0.41547787
17111,0.41547787
17112,0.46186927
17113,0.43099397
17114,0.41547787
17115,0.5074818
17116,0.43099397
17117,0.41547787
17118,0.5185828
17119,0.41547787
17120,0.42897215
17121,0.42231524
17122,0.55344665
17123,0.43099397
17124,0.5800451
17125,0.41547787
17126,0.42897215
17127,0.42897215
17128,0.579466
17129,0.41547787
17130,0.45324677
17131,0.42897215
17132,0.45963544
17133,0.43099397
17134,0.42897215
17135,0.43099397
17136,0.41547787
17137,0.42897215
17138,0.5800451
17139,0.4436219
17140,0.41547787
17141,0.45324677
17142,0.41624448
17143,0.44579163
17144,0.41547787
17145,0.41547787
17146,0.44323823
17147,0.425389
17148,0.43099397
17149,0.43099397
17150,0.41547787
17151,0.44273734
17152,0.42616352
17153,0.41547787
17154,0.41547787
17155,0.41547787
17156,0.45120338
17157,0.42231524
17158,0.42897215
17159,0.5185828
17160,0.41547787
17161,0.47731474
17162,0.41547787
17163,0.52441156
17164,0.41547787
17165,0.41547787
17166,0.45120338
17167,0.41547787
17168,0.42231524
17169,0.47531888
17170,0.41547787
17171,0.41547787
17172,0.42897215
17173,0.42231524
17174,0.42231524
17175,0.48536476
17176,0.45053428
17177,0.5063677
17178,0.42456803
17179,0.49883103
17180,0.42897215
17181,0.45963544
17182,0.43099397
17183,0.42231524
17184,0.45324677
17185,0.41547787
17186,0.41547787
17187,0.42231524
17188,0.44186044
17189,0.41547787
17190,0.47682086
17191,0.43099397
17192,0.41547787
17193,0.41547787
17194,0.41547787
17195,0.41547787
17196,0.41547787
17197,0.41547787
17198,0.43099397
17199,0.5800451
17200,0.42897215
17201,0.4717857
17202,0.5096415
17203,0.41547787
17204,0.53943855
17205,0.41547787
17206,0.41547787
17207,0.5185828
17208,0.42231524
17209,0.41547787
17210,0.41547787
17211,0.41547787
17212,0.42784438
17213,0.43099397
17214,0.44739878
17215,0.57679754
17216,0.41547787
17217,0.54784495
17218,0.43099397
17219,0.46992317
17220,0.41547787
17221,0.41547787
17222,0.45922074
17223,0.41547787
17224,0.46186927
17225,0.502151
17226,0.41547787
17227,0.41547787
17228,0.41547787
17229,0.50215876
17230,0.42897215
17231,0.42231524
17232,0.41547787
17233,0.43099397
17234,0.41547787
17235,0.42897215
17236,0.41547787
17237,0.41547787
17238,0.5351357
17239,0.41547787
17240,0.41547787
17241,0.41547787
17242,0.41547787
17243,0.43099397
17244,0.45172405
17245,0.42848936
17246,0.41547787
17247,0.41547787
17248,0.41547787
17249,0.41547787
17250,0.55343527
17251,0.5074818
17252,0.43099397
17253,0.43099397
17254,0.45120338
17255,0.41547787
17256,0.41547787
17257,0.5800451
17258,0.45963544
17259,0.57247967
17260,0.46699557
17261,0.43099397
17262,0.43099397
17263,0.41547787
17264,0.5039243
17265,0.41547787
17266,0.41547787
17267,0.42897215
17268,0.425389
17269,0.43099397
17270,0.41547787
17271,0.42897215
17272,0.48473093
17273,0.5670182
17274,0.41547787
17275,0.43512952
17276,0.45120338
17277,0.41547787
17278,0.42231524
17279,0.57281744
17280,0.41547787
17281,0.41547787
17282,0.42897215
17283,0.48115873
17284,0.425389
17285,0.42897215
17286,0.42897215
17287,0.53943855
17288,0.41547787
17289,0.5096415
17290,0.41547787
17291,0.41547787
17292,0.43099397
17293,0.5085068
17294,0.52198935
17295,0.43341684
17296,0.41547787
17297,0.45479766
17298,0.42231524
17299,0.45324677
17300,0.41547787
17301,0.53943855
17302,0.41547787
17303,0.48473093
17304,0.42897215
17305,0.41547787
17306,0.45120338
17307,0.4313923
17308,0.41547787
17309,0.5800451
17310,0.51915556
17311,0.42897215
17312,0.579466
17313,0.56826365
17314,0.41547787
17315,0.45306313
17316,0.46186927
17317,0.41547787
17318,0.42231524
17319,0.41547787
17320,0.535374
17321,0.43099397
17322,0.42897215
17323,0.57679754
17324,0.41547787
17325,0.41547787
17326,0.43099397
17327,0.41547787
17328,0.4437762
17329,0.41547787
17330,0.41547787
17331,0.425389
17332,0.43099397
17333,0.4355693
17334,0.47531888
17335,0.45120338
17336,0.41547787
17337,0.4436219
17338,0.41547787
17339,0.41547787
17340,0.42456803
17341,0.43099397
17342,0.48685387
17343,0.41547787
17344,0.579466
17345,0.43099397
17346,0.46186927
17347,0.579466
17348,0.5410661
17349,0.41547787
17350,0.41547787
17351,0.43099397
17352,0.43099397
17353,0.42231524
17354,0.425389
17355,0.43099397
17356,0.56852245
17357,0.41547787
17358,0.41547787
17359,0.47552797
17360,0.425389
17361,0.41547787
17362,0.48099905
17363,0.5683668
17364,0.41547787
17365,0.41547787
17366,0.41547787
17367,0.41547787
17368,0.41547787
17369,0.41547787
17370,0.41547787
17371,0.5800451
17372,0.41547787
17373,0.41547787
17374,0.41547787
17375,0.42897215
17376,0.535374
17377,0.54804265
17378,0.41547787
17379,0.5800451
17380,0.41547787
17381,0.41547787
17382,0.41547787
17383,0.4313923
17384,0.41547787
17385,0.45306313
17386,0.41547787
17387,0.43099397
17388,0.45324677
17389,0.41547787
17390,0.54222125
17391,0.55045414
17392,0.42897215
17393,0.43099397
17394,0.56852245
17395,0.42897215
17396,0.425389
17397,0.425389
17398,0.5683668
17399,0.41624448
17400,0.43099397
17401,0.41547787
17402,0.41547787
17403,0.5185258
17404,0.41547787
17405,0.5013471
17406,0.41547787
17407,0.41547787
17408,0.43099397
17409,0.42848936
17410,0.42897215
17411,0.41547787
17412,0.43099397
17413,0.41547787
17414,0.43099397
17415,0.43341684
17416,0.41547787
17417,0.42897215
17418,0.535374
17419,0.45324677
17420,0.41547787
17421,0.5800451
17422,0.42897215
17423,0.41547787
17424,0.5086408
17425,0.41547787
17426,0.43099397
17427,0.41547787
17428,0.42231524
17429,0.43099397
17430,0.41547787
17431,0.43099397
17432,0.42897215
17433,0.51322705
17434,0.41547787
17435,0.42897215
17436,0.5670182
17437,0.56939167
17438,0.41547787
17439,0.41547787
17440,0.42897215
17441,0.41547787
17442,0.41547787
17443,0.425389
17444,0.41547787
17445,0.41547787
17446,0.5800451
17447,0.41547787
17448,0.41547787
17449,0.579466
17450,0.41547787
17451,0.41547787
17452,0.41547787
17453,0.41547787
17454,0.53943855
17455,0.425389
17456,0.41547787
17457,0.41547787
17458,0.41547787
17459,0.43099397
17460,0.42231524
17461,0.47551793
17462,0.53943855
17463,0.41547787
17464,0.55045414
17465,0.41547787
17466,0.42231524
17467,0.41547787
17468,0.41547787
17469,0.41547787
17470,0.45444936
17471,0.535374
17472,0.41547787
17473,0.41547787
17474,0.42897215
17475,0.47088748
17476,0.41547787
17477,0.42897215
17478,0.41547787
17479,0.44410157
17480,0.41547787
17481,0.41547787
17482,0.41547787
17483,0.43099397
17484,0.43099397
17485,0.41547787
17486,0.51915556
17487,0.41547787
17488,0.41547787
17489,0.5800451
17490,0.53943855
17491,0.42897215
17492,0.41547787
17493,0.41547787
17494,0.41547787
17495,0.42841014
17496,0.41547787
17497,0.4436219
17498,0.41547787
17499,0.47531888
17500,0.41547787
17501,0.41547787
17502,0.56713533
17503,0.41547787
17504,0.41547787
17505,0.5568367
17506,0.41547787
17507,0.45172405
17508,0.535374
17509,0.41547787
17510,0.48953384
17511,0.42897215
17512,0.44186044
17513,0.42231524
17514,0.50917584
17515,0.41547787
17516,0.42841014
17517,0.5113094
17518,0.41547787
17519,0.5010532
17520,0.4473023
17521,0.52803415
17522,0.41547787
17523,0.43099397
17524,0.41547787
17525,0.42848936
17526,0.41547787
17527,0.41547787
17528,0.41547787
17529,0.5800451
17530,0.425389
17531,0.41547787
17532,0.5800451
17533,0.42231524
17534,0.43674743
17535,0.41547787
17536,0.41547787
17537,0.41547787
17538,0.41547787
17539,0.42848936
17540,0.579466
17541,0.53417635
17542,0.41547787
17543,0.41547787
17544,0.41547787
17545,0.57247967
17546,0.4355693
17547,0.50067544
17548,0.47958416
17549,0.48283893
17550,0.57247967
17551,0.45324677
17552,0.41547787
17553,0.42897215
17554,0.579466
17555,0.42231524
17556,0.41547787
17557,0.42314652
17558,0.42897215
17559,0.42231524
17560,0.44739878
17561,0.41547787
17562,0.45693803
17563,0.5316155
17564,0.41547787
17565,0.41547787
17566,0.41547787
17567,0.45324677
17568,0.41547787
17569,0.4376294
17570,0.41547787
17571,0.41547787
17572,0.41547787
17573,0.42231524
17574,0.45120338
17575,0.45172405
17576,0.41547787
17577,0.45120338
17578,0.5640129
17579,0.41547787
17580,0.5359056
17581,0.43099397
17582,0.41547787
17583,0.41547787
17584,0.42231524
17585,0.41547787
17586,0.41547787
17587,0.41547787
17588,0.41547787
17589,0.41547787
17590,0.43143854
17591,0.49866575
17592,0.41547787
17593,0.5074818
17594,0.41547787
17595,0.4791601
17596,0.41547787
17597,0.43341684
17598,0.48504788
17599,0.48536476
17600,0.41547787
17601,0.44186044
17602,0.49275708
17603,0.41624448
17604,0.41547787
17605,0.41547787
17606,0.41547787
17607,0.41547787
17608,0.43143854
17609,0.5800451
17610,0.41547787
17611,0.43099397
17612,0.41547787
17613,0.4436219
17614,0.41547787
17615,0.48121914
17616,0.45120338
17617,0.42897215
17618,0.41547787
17619,0.579466
17620,0.41547787
17621,0.41547787
17622,0.41547787
17623,0.41547787
17624,0.42231524
17625,0.579466
17626,0.42897215
17627,0.579466
17628,0.41547787
17629,0.425389
17630,0.5316155
17631,0.41547787
17632,0.5629741
17633,0.41547787
17634,0.54284793
17635,0.42897215
17636,0.42314652
17637,0.5683668
17638,0.4833666
17639,0.41547787
17640,0.45120338
17641,0.41547787
17642,0.42231524
17643,0.41547787
17644,0.41547787
17645,0.41547787
17646,0.45120338
17647,0.44805628
17648,0.53943855
17649,0.41547787
17650,0.41547787
17651,0.45120338
17652,0.579466
17653,0.41547787
17654,0.43674743
17655,0.41624448
17656,0.41547787
17657,0.42314652
17658,0.4831366
17659,0.5438526
17660,0.41547787
17661,0.4811137
17662,0.43099397
17663,0.44273734
17664,0.46186927
17665,0.42897215
17666,0.42231524
17667,0.42897215
17668,0.41547787
17669,0.43099397
17670,0.41547787
17671,0.41547787
17672,0.42231524
17673,0.41547787
17674,0.41547787
17675,0.43099397
17676,0.56826365
17677,0.41547787
17678,0.41547787
17679,0.41547787
17680,0.41547787
17681,0.4833666
17682,0.56243527
17683,0.41547787
17684,0.5800451
17685,0.41547787
17686,0.425389
17687,0.42231524
17688,0.41547787
17689,0.41547787
17690,0.41547787
17691,0.41547787
17692,0.42897215
17693,0.43099397
17694,0.41547787
17695,0.5568367
17696,0.46145248
17697,0.41547787
17698,0.48121914
17699,0.41547787
17700,0.41547787
17701,0.42231524
17702,0.43099397
17703,0.535374
17704,0.41547787
17705,0.41547787
17706,0.57679754
17707,0.41547787
17708,0.42848936
17709,0.41547787
17710,0.41547787
17711,0.45053428
17712,0.41547787
17713,0.41547787
17714,0.41547787
17715,0.42231524
17716,0.41547787
17717,0.42897215
17718,0.43099397
17719,0.43099397
17720,0.535638
17721,0.4376294
17722,0.41547787
17723,0.41547787
17724,0.41547787
17725,0.579466
17726,0.5349777
17727,0.48536476
17728,0.42897215
17729,0.43674743
17730,0.4436219
17731,0.56826365
17732,0.41547787
17733,0.43099397
17734,0.471746
17735,0.47283882
17736,0.41547787
17737,0.41547787
17738,0.52234364
17739,0.41547787
17740,0.41624448
17741,0.42231524
17742,0.46186927
17743,0.41547787
17744,0.42231524
17745,0.41547787
17746,0.44273734
17747,0.46992317
17748,0.45053428
17749,0.41547787
17750,0.41547787
17751,0.41547787
17752,0.42897215
17753,0.48953384
17754,0.45120338
17755,0.41547787
17756,0.44214147
17757,0.535374
17758,0.41547787
17759,0.42231524
17760,0.45640266
17761,0.42897215
17762,0.41547787
17763,0.41547787
17764,0.43099397
17765,0.5800451
17766,0.42897215
17767,0.5719546
17768,0.49866575
17769,0.5800451
17770,0.41547787
17771,0.41547787
17772,0.425389
17773,0.41547787
17774,0.45882162
17775,0.55344665
17776,0.51478773
17777,0.41547787
17778,0.41547787
17779,0.54804265
17780,0.41547787
17781,0.49219677
17782,0.41547787
17783,0.41547787
17784,0.45053428
17785,0.41547787
17786,0.42897215
17787,0.5800451
17788,0.41624448
17789,0.42231524
17790,0.425389
17791,0.41547787
17792,0.425389
17793,0.5074818
17794,0.41547787
17795,0.41547787
17796,0.42897215
17797,0.5800451
17798,0.52336174
17799,0.41547787
17800,0.42231524
17801,0.43099397
17802,0.42848936
17803,0.41547787
17804,0.41547787
17805,0.42231524
17806,0.51876944
17807,0.41547787
17808,0.41547787
17809,0.53943855
17810,0.41547787
17811,0.5800451
17812,0.41547787
17813,0.41547787
17814,0.41547787
17815,0.4355693
17816,0.45324677
17817,0.41547787
17818,0.41547787
17819,0.4436219
17820,0.43099397
17821,0.5074818
17822,0.41547787
17823,0.5236285
17824,0.41547787
17825,0.43341684
17826,0.42897215
17827,0.42231524
17828,0.41547787
17829,0.41547787
17830,0.43099397
17831,0.41547787
17832,0.41547787
17833,0.53943855
17834,0.41547787
17835,0.55045414
17836,0.41624448
17837,0.48953384
17838,0.5510422
17839,0.45120338
17840,0.41547787
17841,0.45324677
17842,0.42231524
17843,0.42231524
17844,0.43099397
17845,0.48121914
17846,0.41547787
17847,0.43085665
17848,0.41547787
17849,0.5800451
17850,0.45306313
17851,0.42897215
17852,0.41547787
17853,0.42231524
17854,0.42897215
17855,0.42897215
17856,0.44186044
17857,0.43099397
17858,0.41547787
17859,0.41547787
17860,0.535374
17861,0.45615572
17862,0.5670182
17863,0.42897215
17864,0.41547787
17865,0.5670182
17866,0.43099397
17867,0.56643456
17868,0.41547787
17869,0.41547787
17870,0.41547787
17871,0.42897215
17872,0.41547787
17873,0.41547787
17874,0.48099905
17875,0.41624448
17876,0.43341684
17877,0.4997005
17878,0.41547787
17879,0.41547787
17880,0.41547787
17881,0.41547787
17882,0.42897215
17883,0.42897215
17884,0.43099397
17885,0.52803415
17886,0.42231524
17887,0.41547787
17888,0.535374
17889,0.5800451
17890,0.41547787
17891,0.41547787
17892,0.54542255
17893,0.5800451
17894,0.45306313
17895,0.45963544
17896,0.45324677
17897,0.44140092
17898,0.5153664
17899,0.41547787
17900,0.41547787
17901,0.41547787
17902,0.43099397
17903,0.41547787
17904,0.4791601
17905,0.5800451
17906,0.41547787
17907,0.41547787
17908,0.579466
17909,0.42897215
17910,0.43099397
17911,0.45120338
17912,0.5287377
17913,0.41547787
17914,0.535374
17915,0.41547787
17916,0.41547787
17917,0.42231524
17918,0.41547787
17919,0.41547787
17920,0.41547787
17921,0.43512952
17922,0.5185828
17923,0.41547787
17924,0.45120338
17925,0.41624448
17926,0.41547787
17927,0.41547787
17928,0.44739878
17929,0.43099397
17930,0.57361317
17931,0.48536476
17932,0.535374
17933,0.41547787
17934,0.41547787
17935,0.4833666
17936,0.41547787
17937,0.53943855
17938,0.42897215
17939,0.42897215
17940,0.42231524
17941,0.42897215
17942,0.41547787
17943,0.42897215
17944,0.5719546
17945,0.44805628
17946,0.41547787
17947,0.42841014
17948,0.48953384
17949,0.41547787
17950,0.41547787
17951,0.46186927
17952,0.41547787
17953,0.55344665
17954,0.43341684
17955,0.41547787
17956,0.41547787
17957,0.41547787
17958,0.43099397
17959,0.54222125
17960,0.5800451
17961,0.41547787
17962,0.41547787
17963,0.56852245
17964,0.41547787
17965,0.41547787
17966,0.43099397
17967,0.425389
17968,0.41547787
17969,0.41547787
17970,0.43099397
17971,0.41547787
17972,0.45444936
17973,0.41624448
17974,0.41547787
17975,0.41547787
17976,0.41547787
17977,0.41547787
17978,0.41547787
17979,0.41624448
17980,0.41547787
17981,0.53943855
17982,0.41547787
17983,0.41547787
17984,0.41547787
17985,0.53543943
17986,0.41547787
17987,0.41547787
17988,0.42314652
17989,0.43915808
17990,0.41547787
17991,0.41547787
17992,0.41547787
17993,0.43341684
17994,0.41547787
17995,0.41547787
17996,0.45120338
17997,0.45120338
17998,0.41547787
17999,0.51322705
18000,0.41547787
18001,0.57361317
18002,0.48536476
18003,0.41547787
18004,0.41547787
18005,0.48536476
18006,0.4456403
18007,0.41547787
18008,0.45120338
18009,0.41547787
18010,0.42897215
18011,0.41547787
18012,0.41547787
18013,0.4791601
18014,0.42897215
18015,0.42231524
18016,0.41547787
18017,0.41547787
18018,0.425389
18019,0.43099397
18020,0.41547787
18021,0.5074818
18022,0.52429384
18023,0.43099397
18024,0.55888206
18025,0.42231524
18026,0.47958416
18027,0.43099397
18028,0.42231524
18029,0.54142255
18030,0.41547787
18031,0.41547787
18032,0.41547787
18033,0.44186044
18034,0.42231524
18035,0.43099397
18036,0.41547787
18037,0.41624448
18038,0.41547787
18039,0.46392015
18040,0.43512952
18041,0.42231524
18042,0.5438526
18043,0.41547787
18044,0.42897215
18045,0.41547787
18046,0.42897215
18047,0.42231524
18048,0.41547787
18049,0.41547787
18050,0.45324677
18051,0.41547787
18052,0.41547787
18053,0.5800451
18054,0.41547787
18055,0.53943855
18056,0.41547787
18057,0.41547787
18058,0.41547787
18059,0.51478773
18060,0.48447326
18061,0.41547787
18062,0.41547787
18063,0.42897215
18064,0.42897215
18065,0.57361317
18066,0.41547787
18067,0.48121914
18068,0.41547787
18069,0.41547787
18070,0.46186927
18071,0.41547787
18072,0.5510422
18073,0.57247967
18074,0.45479766
18075,0.41547787
18076,0.41547787
18077,0.41547787
18078,0.41547787
18079,0.41547787
18080,0.41547787
18081,0.41547787
18082,0.42897215
18083,0.41547787
18084,0.44186044
18085,0.41547787
18086,0.5800451
18087,0.51556575
18088,0.5267946
18089,0.41547787
18090,0.41547787
18091,0.5683668
18092,0.45324677
18093,0.4398537
18094,0.5113094
18095,0.42897215
18096,0.41547787
18097,0.41547787
18098,0.41547787
18099,0.43099397
18100,0.53543943
18101,0.54804265
18102,0.41547787
18103,0.45882162
18104,0.41547787
18105,0.41547787
18106,0.5074818
18107,0.41547787
18108,0.41547787
18109,0.5246324
18110,0.43099397
18111,0.45120338
18112,0.44140092
18113,0.41547787
18114,0.41547787
18115,0.425389
18116,0.41547787
18117,0.41547787
18118,0.41547787
18119,0.41547787
18120,0.41547787
18121,0.41547787
18122,0.41547787
18123,0.41547787
18124,0.42231524
18125,0.43099397
18126,0.46105602
18127,0.511818
18128,0.41547787
18129,0.41547787
18130,0.46186927
18131,0.41547787
18132,0.41547787
18133,0.41547787
18134,0.41547787
18135,0.41547787
18136,0.579466
18137,0.5513837
18138,0.43512952
18139,0.41547787
18140,0.43099397
18141,0.41547787
18142,0.41547787
18143,0.5800451
18144,0.41547787
18145,0.41547787
18146,0.43099397
18147,0.41547787
18148,0.4997005
18149,0.41547787
18150,0.41547787
18151,0.425389
18152,0.41547787
18153,0.41547787
18154,0.41547787
18155,0.54804265
18156,0.41547787
18157,0.42897215
18158,0.56643456
18159,0.42897215
18160,0.53943855
18161,0.41547787
18162,0.41547787
18163,0.41547787
18164,0.5074818
18165,0.42897215
18166,0.43099397
18167,0.57361317
18168,0.45963544
18169,0.41547787
18170,0.5701751
18171,0.57679754
18172,0.42897215
18173,0.41547787
18174,0.4313923
18175,0.41547787
18176,0.5800451
18177,0.44186044
18178,0.43099397
18179,0.42897215
18180,0.5800451
18181,0.49743876
18182,0.41547787
18183,0.425389
18184,0.41547787
18185,0.45120338
18186,0.41547787
18187,0.41547787
18188,0.5257723
18189,0.42897215
18190,0.5670182
18191,0.41547787
18192,0.57361317
18193,0.41547787
18194,0.41547787
18195,0.579466
18196,0.41547787
18197,0.41547787
18198,0.56852245
18199,0.41547787
18200,0.43099397
18201,0.5043357
18202,0.44186044
18203,0.43099397
18204,0.43099397
18205,0.42231524
18206,0.43099397
18207,0.42231524
18208,0.41547787
18209,0.41547787
18210,0.41547787
18211,0.42841014
18212,0.41547787
18213,0.45963544
18214,0.535374
18215,0.41547787
18216,0.43099397
18217,0.5074818
18218,0.43099397
18219,0.41547787
18220,0.5074818
18221,0.5096415
18222,0.41547787
18223,0.48099905
18224,0.5670182
18225,0.42231524
18226,0.49282253
18227,0.41547787
18228,0.41547787
18229,0.5425841
18230,0.41547787
18231,0.5404626
18232,0.5510422
18233,0.43099397
18234,0.56643456
18235,0.535374
18236,0.41547787
18237,0.47774372
18238,0.41547787
18239,0.42897215
18240,0.42897215
18241,0.535638
18242,0.41547787
18243,0.42897215
18244,0.56826365
18245,0.4420515
18246,0.42314652
18247,0.42897215
18248,0.45731676
18249,0.42314652
18250,0.41547787
18251,0.41547787
18252,0.41547787
18253,0.49542153
18254,0.45324677
18255,0.5681919
18256,0.41547787
18257,0.41547787
18258,0.4791601
18259,0.41547787
18260,0.41547787
18261,0.41547787
18262,0.42897215
18263,0.42897215
18264,0.41547787
18265,0.53739583
18266,0.48536476
18267,0.49782795
18268,0.41547787
18269,0.56852245
18270,0.43099397
18271,0.41547787
18272,0.45324677
18273,0.41547787
18274,0.41547787
18275,0.41547787
18276,0.5484461
18277,0.41547787
18278,0.41547787
18279,0.41547787
18280,0.41547787
18281,0.45615572
18282,0.41547787
18283,0.43099397
18284,0.41547787
18285,0.41547787
18286,0.42897215
18287,0.41547787
18288,0.41624448
18289,0.43099397
18290,0.41547787
18291,0.41547787
18292,0.43099397
18293,0.43099397
18294,0.42231524
18295,0.42841014
18296,0.5681919
18297,0.41547787
18298,0.41547787
18299,0.43099397
18300,0.41547787
18301,0.41547787
18302,0.5086408
18303,0.41547787
18304,0.41547787
18305,0.47088748
18306,0.41547787
18307,0.42897215
18308,0.5510422
18309,0.41547787
18310,0.41547787
18311,0.43512952
18312,0.41547787
18313,0.41547787
18314,0.42231524
18315,0.4398537
18316,0.41547787
18317,0.43099397
18318,0.41547787
18319,0.41547787
18320,0.42231524
18321,0.43099397
18322,0.5063677
18323,0.41547787
18324,0.51876944
18325,0.55045414
18326,0.425389
18327,0.42897215
18328,0.41547787
18329,0.42231524
18330,0.41547787
18331,0.45324677
18332,0.41547787
18333,0.43099397
18334,0.41547787
18335,0.425389
18336,0.42897215
18337,0.5513837
18338,0.41547787
18339,0.41547787
18340,0.4717857
18341,0.42231524
18342,0.43341684
18343,0.41547787
18344,0.579466
18345,0.5489772
18346,0.41547787
18347,0.41547787
18348,0.41547787
18349,0.41547787
18350,0.53943855
18351,0.41547787
18352,0.425389
18353,0.41547787
18354,0.41547787
18355,0.42231524
18356,0.43099397
18357,0.53943855
18358,0.42897215
18359,0.41547787
18360,0.41624448
18361,0.56735706
18362,0.41547787
18363,0.41547787
18364,0.51686615
18365,0.579466
18366,0.5534748
18367,0.41547787
18368,0.41547787
18369,0.41547787
18370,0.43810773
18371,0.55045414
18372,0.41547787
18373,0.42897215
18374,0.41547787
18375,0.43099397
18376,0.47732657
18377,0.41547787
18378,0.42897215
18379,0.41547787
18380,0.535374
18381,0.5800451
18382,0.4355693
18383,0.4436219
18384,0.41547787
18385,0.41547787
18386,0.5683668
18387,0.53943855
18388,0.47731474
18389,0.41547787
18390,0.47774372
18391,0.5074818
18392,0.42897215
18393,0.45324677
18394,0.41624448
18395,0.44827285
18396,0.53943855
18397,0.41547787
18398,0.57679754
18399,0.42897215
18400,0.42897215
18401,0.41547787
18402,0.48685387
18403,0.47082934
18404,0.41547787
18405,0.43341684
18406,0.52017635
18407,0.41547787
18408,0.53943855
18409,0.41547787
18410,0.41547787
18411,0.41547787
18412,0.41547787
18413,0.5335195
18414,0.4791601
18415,0.41547787
18416,0.43099397
18417,0.43915808
18418,0.52336174
18419,0.4436219
18420,0.41547787
18421,0.579466
18422,0.41547787
18423,0.425389
18424,0.48099905
18425,0.56643456
18426,0.41547787
18427,0.579466
18428,0.41547787
18429,0.41624448
18430,0.56852245
18431,0.41547787
18432,0.41547787
18433,0.42897215
18434,0.41547787
18435,0.43099397
18436,0.45882162
18437,0.41547787
18438,0.43099397
18439,0.41547787
18440,0.45120338
18441,0.42897215
18442,0.43099397
18443,0.42897215
18444,0.41624448
18445,0.55977726
18446,0.5748456
18447,0.41547787
18448,0.535638
18449,0.41547787
18450,0.425389
18451,0.41547787
18452,0.5643673
18453,0.41547787
18454,0.5510422
18455,0.48504788
18456,0.42897215
18457,0.42897215
18458,0.579466
18459,0.535374
18460,0.41624448
18461,0.425389
18462,0.4565127
18463,0.41547787
18464,0.41547787
18465,0.41547787
18466,0.42897215
18467,0.41547787
18468,0.43099397
18469,0.41547787
18470,0.535638
18471,0.5670182
18472,0.41547787
18473,0.41547787
18474,0.41547787
18475,0.41547787
18476,0.43099397
18477,0.41547787
18478,0.5800451
18479,0.41547787
18480,0.5800451
18481,0.41547787
18482,0.5510422
18483,0.42231524
18484,0.425389
18485,0.579466
18486,0.42897215
18487,0.41547787
18488,0.5510422
18489,0.41547787
18490,0.41547787
18491,0.41547787
18492,0.51322705
18493,0.4791601
18494,0.44186044
18495,0.5643673
18496,0.42231524
18497,0.41547787
18498,0.5287377
18499,0.41547787
18500,0.4833666
18501,0.535638
18502,0.43099397
18503,0.41547787
18504,0.41547787
18505,0.41547787
18506,0.41547787
18507,0.42897215
18508,0.41547787
18509,0.41547787
18510,0.45324677
18511,0.41547787
18512,0.4313923
18513,0.5629741
18514,0.41547787
18515,0.42231524
18516,0.42897215
18517,0.41547787
18518,0.41547787
18519,0.41547787
18520,0.41547787
18521,0.41547787
18522,0.41547787
18523,0.41547787
18524,0.41547787
18525,0.42231524
18526,0.42897215
18527,0.5683668
18528,0.41547787
18529,0.41547787
18530,0.41547787
18531,0.41547787
18532,0.41624448
18533,0.41547787
18534,0.43099397
18535,0.41547787
18536,0.41547787
18537,0.5267946
18538,0.43099397
18539,0.41547787
18540,0.47283882
18541,0.41547787
18542,0.42897215
18543,0.41547787
18544,0.42231524
18545,0.41547787
18546,0.42897215
18547,0.42897215
18548,0.5501613
18549,0.579466
18550,0.57247967
18551,0.4313923
18552,0.53943855
18553,0.53496414
18554,0.42897215
18555,0.43099397
18556,0.41547787
18557,0.41547787
18558,0.4238516
18559,0.56852245
18560,0.45963544
18561,0.4306436
18562,0.48953384
18563,0.42231524
18564,0.5800451
18565,0.41547787
18566,0.41547787
18567,0.41624448
18568,0.42848936
18569,0.41547787
18570,0.5359614
18571,0.41547787
18572,0.41547787
18573,0.41547787
18574,0.42231524
18575,0.46992317
18576,0.41547787
18577,0.41547787
18578,0.41547787
18579,0.425389
18580,0.42897215
18581,0.41547787
18582,0.5185828
18583,0.42231524
18584,0.45324677
18585,0.42897215
18586,0.42231524
18587,0.41547787
18588,0.45324677
18589,0.41547787
18590,0.41547787
18591,0.5074818
18592,0.5096415
18593,0.43099397
18594,0.41547787
18595,0.5800451
18596,0.43099397
18597,0.5185828
18598,0.49282253
18599,0.44186044
18600,0.54804265
18601,0.41547787
18602,0.41547787
18603,0.41547787
18604,0.5359056
18605,0.41547787
18606,0.42841014
18607,0.41547787
18608,0.48115873
18609,0.45324677
18610,0.4520687
18611,0.41547787
18612,0.41547787
18613,0.5800451
18614,0.41547787
18615,0.535638
18616,0.41547787
18617,0.5800451
18618,0.42231524
18619,0.41547787
18620,0.42231524
18621,0.41547787
18622,0.42897215
18623,0.41547787
18624,0.41547787
18625,0.41547787
18626,0.41547787
18627,0.43099397
18628,0.41547787
18629,0.41547787
18630,0.425389
18631,0.4437762
18632,0.41547787
18633,0.42897215
18634,0.56480956
18635,0.41547787
18636,0.42897215
18637,0.5074818
18638,0.41547787
18639,0.425389
18640,0.45324677
18641,0.41547787
18642,0.53943855
18643,0.41547787
18644,0.41547787
18645,0.41547787
18646,0.47088748
18647,0.41547787
18648,0.41547787
18649,0.41547787
18650,0.42897215
18651,0.425389
18652,0.41547787
18653,0.41547787
18654,0.4473023
18655,0.41547787
18656,0.41547787
18657,0.41547787
18658,0.42897215
18659,0.42897215
18660,0.41547787
18661,0.41547787
18662,0.41547787
18663,0.43099397
18664,0.41547787
18665,0.43099397
18666,0.42897215
18667,0.41547787
18668,0.41547787
18669,0.41547787
18670,0.46392015
18671,0.41547787
18672,0.579466
18673,0.45324677
18674,0.41547787
18675,0.5351357
18676,0.41547787
18677,0.41547787
18678,0.41547787
18679,0.4313923
18680,0.4833666
18681,0.4355693
18682,0.45640266
18683,0.41547787
18684,0.57679754
18685,0.41547787
18686,0.43341684
18687,0.57247967
18688,0.41547787
18689,0.45640266
18690,0.41547787
18691,0.41547787
18692,0.41547787
18693,0.48099905
18694,0.42897215
18695,0.5800451
18696,0.44323823
18697,0.47531888
18698,0.5683668
18699,0.41547787
18700,0.41547787
18701,0.42231524
18702,0.43099397
18703,0.41547787
18704,0.5681919
18705,0.44739878
18706,0.41547787
18707,0.43099397
18708,0.41547787
18709,0.535638
18710,0.41547787
18711,0.42897215
18712,0.41547787
18713,0.41547787
18714,0.43099397
18715,0.41547787
18716,0.44805628
18717,0.42897215
18718,0.41547787
18719,0.41547787
18720,0.43099397
18721,0.42897215
18722,0.41547787
18723,0.49866575
18724,0.50895274
18725,0.57247967
18726,0.4420515
18727,0.41547787
18728,0.45120338
18729,0.44696295
18730,0.42231524
18731,0.57679754
18732,0.41547787
18733,0.52336174
18734,0.41547787
18735,0.45963544
18736,0.43512952
18737,0.45324677
18738,0.41547787
18739,0.41547787
18740,0.41547787
18741,0.41547787
18742,0.48953384
18743,0.45120338
18744,0.41547787
18745,0.41547787
18746,0.42897215
18747,0.4950121
18748,0.5800451
18749,0.5254731
18750,0.41547787
18751,0.425389
18752,0.41547787
18753,0.4520687
18754,0.41547787
18755,0.41547787
18756,0.42897215
18757,0.41547787
18758,0.42897215
18759,0.4833666
18760,0.41547787
18761,0.41547787
18762,0.42897215
18763,0.5003506
18764,0.42231524
18765,0.43099397
18766,0.43099397
18767,0.43099397
18768,0.45053428
18769,0.41547787
18770,0.41547787
18771,0.41547787
18772,0.42231524
18773,0.42897215
18774,0.45120338
18775,0.41547787
18776,0.41547787
18777,0.42897215
18778,0.41547787
18779,0.41547787
18780,0.42897215
18781,0.41547787
18782,0.41547787
18783,0.52345747
18784,0.55045414
18785,0.42231524
18786,0.41547787
18787,0.42897215
18788,0.45324677
18789,0.5074818
18790,0.5359056
18791,0.41547787
18792,0.42231524
18793,0.42231524
18794,0.41547787
18795,0.43099397
18796,0.43099397
18797,0.41547787
18798,0.41547787
18799,0.41547787
18800,0.41547787
18801,0.41547787
18802,0.5640129
18803,0.41547787
18804,0.41547787
18805,0.44140092
18806,0.42231524
18807,0.42314652
18808,0.5254731
18809,0.41547787
18810,0.5185828
18811,0.41547787
18812,0.41547787
18813,0.42897215
18814,0.41547787
18815,0.41547787
18816,0.41547787
18817,0.41547787
18818,0.42897215
18819,0.41547787
18820,0.48121914
18821,0.5462459
18822,0.42897215
18823,0.5096415
18824,0.5670182
18825,0.42231524
18826,0.5003506
18827,0.56480956
18828,0.41547787
18829,0.41547787
18830,0.42897215
18831,0.5800451
18832,0.56643456
18833,0.41547787
18834,0.54784495
18835,0.46392015
18836,0.535374
18837,0.45120338
18838,0.42897215
18839,0.44739878
18840,0.41547787
18841,0.41547787
18842,0.41547787
18843,0.41547787
18844,0.4473023
18845,0.44214147
18846,0.42897215
18847,0.45172405
18848,0.41547787
18849,0.41547787
18850,0.5609782
18851,0.42231524
18852,0.43099397
18853,0.5800451
18854,0.42897215
18855,0.425389
18856,0.41624448
18857,0.42897215
18858,0.41547787
18859,0.41547787
18860,0.53943855
18861,0.41547787
18862,0.41547787
18863,0.43099397
18864,0.42897215
18865,0.41547787
18866,0.41547787
18867,0.41547787
18868,0.41547787
18869,0.43099397
18870,0.43099397
18871,0.41547787
18872,0.579466
18873,0.4871858
18874,0.41547787
18875,0.42897215
18876,0.5800451
18877,0.41547787
18878,0.47682086
18879,0.42897215
18880,0.57247967
18881,0.425389
18882,0.45640266
18883,0.45120338
18884,0.579466
18885,0.5410661
18886,0.5683668
18887,0.41547787
18888,0.41547787
18889,0.41547787
18890,0.4671029
18891,0.41547787
18892,0.41547787
18893,0.41547787
18894,0.425389
18895,0.5153664
18896,0.52234364
18897,0.425389
18898,0.41547787
18899,0.42897215
18900,0.41547787
18901,0.45120338
18902,0.41547787
18903,0.41547787
18904,0.41547787
18905,0.41547787
18906,0.4287185
18907,0.41547787
18908,0.41547787
18909,0.579466
18910,0.43099397
18911,0.44273734
18912,0.50781846
18913,0.41624448
18914,0.43099397
18915,0.46992317
18916,0.535374
18917,0.41547787
18918,0.5800451
18919,0.45324677
18920,0.43099397
18921,0.4473023
18922,0.48296937
18923,0.5683668
18924,0.41547787
18925,0.45324677
18926,0.42231524
18927,0.42231524
18928,0.42897215
18929,0.41547787
18930,0.4355693
18931,0.5683668
18932,0.45615572
18933,0.579466
18934,0.4313923
18935,0.4473023
18936,0.41547787
18937,0.41547787
18938,0.43099397
18939,0.52017635
18940,0.41547787
18941,0.41547787
18942,0.41547787
18943,0.41547787
18944,0.54590905
18945,0.45640266
18946,0.41547787
18947,0.41547787
18948,0.41547787
18949,0.41547787
18950,0.49743876
18951,0.54142255
18952,0.5074818
18953,0.41547787
18954,0.41547787
18955,0.44410157
18956,0.579466
18957,0.41547787
18958,0.41547787
18959,0.41547787
18960,0.41547787
18961,0.41547787
18962,0.41547787
18963,0.42897215
18964,0.41547787
18965,0.55613375
18966,0.425389
18967,0.51878273
18968,0.57247967
18969,0.45120338
18970,0.52336174
18971,0.41547787
18972,0.43099397
18973,0.41547787
18974,0.43099397
18975,0.41547787
18976,0.41547787
18977,0.425389
18978,0.4398537
18979,0.41547787
18980,0.5462459
18981,0.44214147
18982,0.5074818
18983,0.42897215
18984,0.41547787
18985,0.43915808
18986,0.5683668
18987,0.41547787
18988,0.41547787
18989,0.44273734
18990,0.45324677
18991,0.41547787
18992,0.57247967
18993,0.41547787
18994,0.42897215
18995,0.43099397
18996,0.5351357
18997,0.52198935
18998,0.5096415
18999,0.42897215
19000,0.42897215
19001,0.42314652
19002,0.41547787
19003,0.41547787
19004,0.57247967
19005,0.45324677
19006,0.4671029
19007,0.41547787
19008,0.5510422
19009,0.44140092
19010,0.41547787
19011,0.42231524
19012,0.41547787
19013,0.41547787
19014,0.5351357
19015,0.41547787
19016,0.43099397
19017,0.42897215
19018,0.42231524
19019,0.41547787
19020,0.43099397
19021,0.425389
19022,0.41547787
19023,0.41547787
19024,0.5063677
19025,0.41547787
19026,0.43099397
19027,0.42897215
19028,0.45324677
19029,0.41547787
19030,0.43099397
19031,0.41547787
19032,0.41547787
19033,0.43099397
19034,0.42231524
19035,0.41547787
19036,0.42897215
19037,0.41547787
19038,0.4398537
19039,0.41547787
19040,0.47551793
19041,0.42897215
19042,0.41547787
19043,0.41547787
19044,0.42897215
19045,0.5800451
19046,0.41547787
19047,0.535638
19048,0.41547787
19049,0.48121914
19050,0.42897215
19051,0.42897215
19052,0.5640129
19053,0.41547787
19054,0.41547787
19055,0.45306313
19056,0.45120338
19057,0.42804918
19058,0.4436219
19059,0.41547787
19060,0.42897215
19061,0.41547787
19062,0.41547787
19063,0.41547787
19064,0.425389
19065,0.42897215
19066,0.53943855
19067,0.41547787
19068,0.42848936
19069,0.41547787
19070,0.42897215
19071,0.53943855
19072,0.5185828
19073,0.44186044
19074,0.41547787
19075,0.48536476
19076,0.42897215
19077,0.48504788
19078,0.41547787
19079,0.53943855
19080,0.41547787
19081,0.43099397
19082,0.41547787
19083,0.57247967
19084,0.42848936
19085,0.42897215
19086,0.5670182
19087,0.4643197
19088,0.42897215
19089,0.41547787
19090,0.45120338
19091,0.43099397
19092,0.5800451
19093,0.425389
19094,0.41547787
19095,0.43099397
19096,0.41547787
19097,0.42848936
19098,0.579466
19099,0.41547787
19100,0.5404339
19101,0.50067544
19102,0.41547787
19103,0.42897215
19104,0.41547787
19105,0.41547787
19106,0.41547787
19107,0.511528
19108,0.41547787
19109,0.425389
19110,0.41624448
19111,0.43099397
19112,0.41547787
19113,0.425389
19114,0.4398537
19115,0.45120338
19116,0.42897215
19117,0.53047514
19118,0.41547787
19119,0.45029217
19120,0.41547787
19121,0.43099397
19122,0.41547787
19123,0.41547787
19124,0.41624448
19125,0.41547787
19126,0.42897215
19127,0.41547787
19128,0.41547787
19129,0.44157717
19130,0.5510422
19131,0.45120338
19132,0.51192844
19133,0.41547787
19134,0.41547787
19135,0.56643456
19136,0.43099397
19137,0.41547787
19138,0.41547787
19139,0.41547787
19140,0.42231524
19141,0.43099397
19142,0.56643456
19143,0.42897215
19144,0.43930444
19145,0.41547787
19146,0.41547787
19147,0.41547787
19148,0.45324677
19149,0.43099397
19150,0.45479766
19151,0.41547787
19152,0.5662127
19153,0.5800451
19154,0.44057274
19155,0.42231524
19156,0.5074818
19157,0.43099397
19158,0.41547787
19159,0.43099397
19160,0.5748456
19161,0.43099397
19162,0.42314652
19163,0.42231524
19164,0.41547787
19165,0.41547787
19166,0.41547787
19167,0.42897215
19168,0.48685387
19169,0.42897215
19170,0.535638
19171,0.42314652
19172,0.42897215
19173,0.4313923
19174,0.41547787
19175,0.41547787
19176,0.41547787
19177,0.42231524
19178,0.42897215
19179,0.41547787
19180,0.41547787
19181,0.43099397
19182,0.46392015
19183,0.41547787
19184,0.42231524
19185,0.41547787
19186,0.41547787
19187,0.45324677
19188,0.46392015
19189,0.41547787
19190,0.42897215
19191,0.47958416
19192,0.5025919
19193,0.41547787
19194,0.46392015
19195,0.41547787
19196,0.53943855
19197,0.42544985
19198,0.42897215
19199,0.579466
19200,0.5090907
19201,0.42037305
19202,0.53943855
19203,0.42231524
19204,0.42231524
19205,0.43099397
19206,0.41547787
19207,0.57247967
19208,0.41547787
19209,0.579466
19210,0.5670182
19211,0.5096415
19212,0.5800451
19213,0.41547787
19214,0.42897215
19215,0.5074818
19216,0.41547787
19217,0.42231524
19218,0.47682086
19219,0.41547787
19220,0.45324677
19221,0.42231524
19222,0.4238516
19223,0.41547787
19224,0.4420515
19225,0.50992984
19226,0.5043357
19227,0.43099397
19228,0.41547787
19229,0.41547787
19230,0.46186927
19231,0.41547787
19232,0.43099397
19233,0.41547787
19234,0.41547787
19235,0.41547787
19236,0.41547787
19237,0.43099397
19238,0.41547787
19239,0.41547787
19240,0.41547787
19241,0.41547787
19242,0.41547787
19243,0.579466
19244,0.42897215
19245,0.45324677
19246,0.41547787
19247,0.47552994
19248,0.41547787
19249,0.41547787
19250,0.43099397
19251,0.41547787
19252,0.41547787
19253,0.41547787
19254,0.41547787
19255,0.43099397
19256,0.41547787
19257,0.42848936
19258,0.57247967
19259,0.579466
19260,0.55344665
19261,0.41547787
19262,0.41547787
19263,0.41547787
19264,0.5263015
19265,0.41547787
19266,0.45053428
19267,0.41547787
19268,0.45324677
19269,0.41547787
19270,0.41624448
19271,0.4420515
19272,0.5096415
19273,0.41547787
19274,0.41547787
19275,0.4717857
19276,0.41547787
19277,0.41547787
19278,0.44186044
19279,0.41547787
19280,0.41547787
19281,0.41547787
19282,0.41547787
19283,0.41547787
19284,0.41547787
19285,0.5074818
19286,0.41547787
19287,0.42897215
19288,0.41547787
19289,0.45053428
19290,0.4473023
19291,0.41547787
19292,0.54347366
19293,0.5438526
19294,0.41547787
19295,0.41547787
19296,0.41547787
19297,0.41547787
19298,0.579466
19299,0.42897215
19300,0.42231524
19301,0.42231524
19302,0.45690492
19303,0.43512952
19304,0.55045414
19305,0.43099397
19306,0.42897215
19307,0.41547787
19308,0.43099397
19309,0.4811137
19310,0.41547787
19311,0.43099397
19312,0.42897215
19313,0.42231524
19314,0.535638
19315,0.42897215
19316,0.48953384
19317,0.46186927
19318,0.45324677
19319,0.45963544
19320,0.41547787
19321,0.46186927
19322,0.44410157
19323,0.5185828
19324,0.41547787
19325,0.41547787
19326,0.5410661
19327,0.41547787
19328,0.41547787
19329,0.41547787
19330,0.41547787
19331,0.5800451
19332,0.42314652
19333,0.44632283
19334,0.41547787
19335,0.41547787
19336,0.45324677
19337,0.57679754
19338,0.43099397
19339,0.41547787
19340,0.42897215
19341,0.45053428
19342,0.41547787
19343,0.42897215
19344,0.42456803
19345,0.44273734
19346,0.41547787
19347,0.42231524
19348,0.42897215
19349,0.535374
19350,0.41547787
19351,0.42314652
19352,0.53943855
19353,0.42897215
19354,0.43099397
19355,0.43099397
19356,0.43099397
19357,0.41547787
19358,0.4398537
19359,0.5284964
19360,0.43099397
19361,0.42897215
19362,0.46392015
19363,0.42897215
19364,0.48685387
19365,0.4473023
19366,0.41547787
19367,0.535638
19368,0.5296174
19369,0.41547787
19370,0.41547787
19371,0.5670182
19372,0.41547787
19373,0.41547787
19374,0.42897215
19375,0.41547787
19376,0.41547787
19377,0.5510422
19378,0.43099397
19379,0.41547787
19380,0.41547787
19381,0.41547787
19382,0.4313923
19383,0.41547787
19384,0.41547787
19385,0.41547787
19386,0.43099397
19387,0.41547787
19388,0.45306313
19389,0.579466
19390,0.51915556
19391,0.5800451
19392,0.41547787
19393,0.41547787
19394,0.45120338
19395,0.42897215
19396,0.41547787
19397,0.5318701
19398,0.4791601
19399,0.41547787
19400,0.45324677
19401,0.44140092
19402,0.41547787
19403,0.45963544
19404,0.41547787
19405,0.41547787
19406,0.45324677
19407,0.43099397
19408,0.41547787
19409,0.41547787
19410,0.41547787
19411,0.41547787
19412,0.41547787
19413,0.41547787
19414,0.49866575
19415,0.41547787
19416,0.5262877
19417,0.579466
19418,0.41547787
19419,0.42231524
19420,0.44273734
19421,0.52017635
19422,0.41547787
19423,0.4630284
19424,0.535638
19425,0.41547787
19426,0.41547787
19427,0.41547787
19428,0.41547787
19429,0.41624448
19430,0.41547787
19431,0.41547787
19432,0.41547787
19433,0.41547787
19434,0.535638
19435,0.4313923
19436,0.41547787
19437,0.57679754
19438,0.41547787
19439,0.4986486
19440,0.42010084
19441,0.42897215
19442,0.41547787
19443,0.41547787
19444,0.41547787
19445,0.43099397
19446,0.41547787
19447,0.42231524
19448,0.45324677
19449,0.41547787
19450,0.41547787
19451,0.48099905
19452,0.41547787
19453,0.41547787
19454,0.53943855
19455,0.45120338
19456,0.5010532
19457,0.43512952
19458,0.44410157
19459,0.41547787
19460,0.5800451
19461,0.41547787
19462,0.41547787
19463,0.42231524
19464,0.42897215
19465,0.45120338
19466,0.41547787
19467,0.41547787
19468,0.57247967
19469,0.41547787
19470,0.425389
19471,0.47524875
19472,0.57361317
19473,0.41547787
19474,0.43099397
19475,0.49743876
19476,0.41547787
19477,0.57247967
19478,0.45444936
19479,0.41547787
19480,0.46885565
19481,0.45172405
19482,0.42897215
19483,0.41547787
19484,0.41547787
19485,0.41547787
19486,0.5800451
19487,0.43099397
19488,0.425389
19489,0.46392015
19490,0.41547787
19491,0.42897215
19492,0.42231524
19493,0.48121914
19494,0.4355693
19495,0.41547787
19496,0.44186044
19497,0.4313923
19498,0.43099397
19499,0.41547787
19500,0.57247967
19501,0.41547787
19502,0.5683668
19503,0.52017635
19504,0.5800451
19505,0.425389
19506,0.43099397
19507,0.535374
19508,0.43099397
19509,0.41547787
19510,0.41547787
19511,0.45120338
19512,0.42897215
19513,0.41547787
19514,0.41547787
19515,0.52336174
19516,0.49866575
19517,0.42231524
19518,0.41547787
19519,0.41547787
19520,0.41547787
19521,0.41547787
19522,0.5410661
19523,0.41547787
19524,0.45053428
19525,0.42897215
19526,0.41547787
19527,0.48938838
19528,0.55344665
19529,0.42897215
19530,0.48685387
19531,0.41547787
19532,0.50188094
19533,0.41624448
19534,0.425389
19535,0.42897215
19536,0.41624448
19537,0.41547787
19538,0.4473023
19539,0.56826365
19540,0.53543943
19541,0.41547787
19542,0.41547787
19543,0.41547787
19544,0.48685387
19545,0.535374
19546,0.5351357
19547,0.41547787
19548,0.41547787
19549,0.42231524
19550,0.43099397
19551,0.42231524
19552,0.41547787
19553,0.41547787
19554,0.41547787
19555,0.41547787
19556,0.41547787
19557,0.5800451
19558,0.41547787
19559,0.42897215
19560,0.41547787
19561,0.5683668
19562,0.42758766
19563,0.41624448
19564,0.41547787
19565,0.44739878
19566,0.48121914
19567,0.57247967
19568,0.41547787
19569,0.43099397
19570,0.41547787
19571,0.41547787
19572,0.41547787
19573,0.41547787
19574,0.41547787
19575,0.43099397
19576,0.5113094
19577,0.41547787
19578,0.41547787
19579,0.45324677
19580,0.41547787
19581,0.4939019
19582,0.43099397
19583,0.41547787
19584,0.41547787
19585,0.41547787
19586,0.5316155
19587,0.41547787
19588,0.425389
19589,0.41547787
19590,0.4671029
19591,0.45120338
19592,0.41547787
19593,0.5800451
19594,0.41547787
19595,0.43099397
19596,0.43099397
19597,0.425389
19598,0.41547787
19599,0.41547787
19600,0.41547787
19601,0.5252042
19602,0.54284793
19603,0.579466
19604,0.41547787
19605,0.5074818
19606,0.45120338
19607,0.41624448
19608,0.42897215
19609,0.42231524
19610,0.53498304
19611,0.4997005
19612,0.42897215
19613,0.41547787
19614,0.43099397
19615,0.41547787
19616,0.41547787
19617,0.41547787
19618,0.52017635
19619,0.4398537
19620,0.425389
19621,0.425389
19622,0.5609782
19623,0.41547787
19624,0.51665676
19625,0.42231524
19626,0.54804265
19627,0.42897215
19628,0.50067544
19629,0.42231524
19630,0.41547787
19631,0.44186044
19632,0.46392015
19633,0.41624448
19634,0.42897215
19635,0.41624448
19636,0.42231524
19637,0.535374
19638,0.41547787
19639,0.41547787
19640,0.4313923
19641,0.41547787
19642,0.41547787
19643,0.41547787
19644,0.41547787
19645,0.44140092
19646,0.43099397
19647,0.41547787
19648,0.41547787
19649,0.42231524
19650,0.41547787
19651,0.41547787
19652,0.43099397
19653,0.41547787
19654,0.5510422
19655,0.42231524
19656,0.43099397
19657,0.41547787
19658,0.579466
19659,0.41547787
19660,0.4376294
19661,0.5074818
19662,0.4791601
19663,0.41547787
19664,0.56939167
19665,0.41547787
19666,0.41547787
19667,0.41547787
19668,0.41547787
19669,0.41547787
19670,0.45324677
19671,0.4811137
19672,0.43099397
19673,0.41547787
19674,0.47552797
19675,0.44186044
19676,0.4435658
19677,0.41547787
19678,0.41547787
19679,0.41624448
19680,0.41547787
19681,0.535374
19682,0.5800451
19683,0.425389
19684,0.41547787
19685,0.535374
19686,0.41547787
19687,0.43099397
19688,0.41547787
19689,0.43099397
19690,0.56852245
19691,0.42314652
19692,0.57679754
19693,0.41547787
19694,0.41547787
19695,0.425389
19696,0.41547787
19697,0.4833666
19698,0.41624448
19699,0.44898117
19700,0.41547787
19701,0.41547787
19702,0.535374
19703,0.41547787
19704,0.42897215
19705,0.42897215
19706,0.53943855
19707,0.41547787
19708,0.41547787
19709,0.41547787
19710,0.41547787
19711,0.579466
19712,0.41547787
19713,0.41547787
19714,0.43099397
19715,0.425389
19716,0.41547787
19717,0.42897215
19718,0.41547787
19719,0.41547787
19720,0.45324677
19721,0.41547787
19722,0.54590905
19723,0.5510422
19724,0.41547787
19725,0.45120338
19726,0.41547787
19727,0.425389
19728,0.425389
19729,0.41547787
19730,0.41547787
19731,0.45120338
19732,0.43099397
19733,0.41547787
19734,0.44214147
19735,0.41547787
19736,0.42314652
19737,0.5800451
19738,0.53417635
19739,0.5074818
19740,0.41547787
19741,0.41547787
19742,0.41624448
19743,0.53543943
19744,0.41547787
19745,0.43099397
19746,0.42897215
19747,0.43099397
19748,0.41547787
19749,0.41547787
19750,0.42897215
19751,0.45324677
19752,0.42897215
19753,0.41547787
19754,0.43143854
19755,0.41547787
19756,0.41547787
19757,0.4313923
19758,0.52336174
19759,0.48121914
19760,0.42897215
19761,0.41547787
19762,0.41547787
19763,0.41547787
19764,0.5410661
19765,0.41547787
19766,0.5683668
19767,0.44410157
19768,0.579466
19769,0.41547787
19770,0.42897215
19771,0.41547787
19772,0.41547787
19773,0.48473093
19774,0.5800451
19775,0.41547787
19776,0.41547787
19777,0.44508424
19778,0.42231524
19779,0.43341684
19780,0.41547787
19781,0.4473023
19782,0.42897215
19783,0.41547787
19784,0.45120338
19785,0.41547787
19786,0.41547787
19787,0.41547787
19788,0.43099397
19789,0.41547787
19790,0.53739583
19791,0.45324677
19792,0.41547787
19793,0.48473093
19794,0.5800451
19795,0.41547787
19796,0.42897215
19797,0.45120338
19798,0.41547787
19799,0.5800451
19800,0.41547787
19801,0.41624448
19802,0.41547787
19803,0.45324677
19804,0.54347366
19805,0.4520687
19806,0.41547787
19807,0.43099397
19808,0.41547787
19809,0.41547787
19810,0.42231524
19811,0.41547787
19812,0.41547787
19813,0.41547787
19814,0.4313923
19815,0.42314652
19816,0.42456803
19817,0.41547787
19818,0.41547787
19819,0.41547787
19820,0.41624448
19821,0.41547787
19822,0.41547787
19823,0.41624448
19824,0.43782654
19825,0.42897215
19826,0.45120338
19827,0.45120338
19828,0.48272702
19829,0.535374
19830,0.41547787
19831,0.41547787
19832,0.425389
19833,0.48953384
19834,0.41547787
19835,0.45324677
19836,0.41547787
19837,0.41547787
19838,0.41547787
19839,0.425389
19840,0.42897215
19841,0.45324677
19842,0.41547787
19843,0.5096415
19844,0.45053428
19845,0.45324677
19846,0.41547787
19847,0.41547787
19848,0.42897215
19849,0.42897215
19850,0.41547787
19851,0.41547787
19852,0.42231524
19853,0.42897215
19854,0.57679754
19855,0.4313923
19856,0.4811137
19857,0.5351357
19858,0.43099397
19859,0.56826365
19860,0.56852245
19861,0.5800451
19862,0.42231524
19863,0.48953384
19864,0.41547787
19865,0.42037305
19866,0.4398537
19867,0.41547787
19868,0.41547787
19869,0.41547787
19870,0.42231524
19871,0.45120338
19872,0.42231524
19873,0.5063677
19874,0.41547787
19875,0.45324677
19876,0.41547787
19877,0.42456803
19878,0.41547787
19879,0.41547787
19880,0.41547787
19881,0.43099397
19882,0.41547787
19883,0.45053428
19884,0.425389
19885,0.579466
19886,0.45053428
19887,0.41547787
19888,0.5086329
19889,0.43099397
19890,0.41547787
19891,0.45120338
19892,0.45882162
19893,0.42897215
19894,0.41547787
19895,0.5640129
19896,0.41547787
19897,0.53943855
19898,0.41547787
19899,0.42897215
19900,0.43143854
19901,0.46392015
19902,0.41547787
19903,0.425389
19904,0.41547787
19905,0.41547787
19906,0.43099397
19907,0.41547787
19908,0.41547787
19909,0.42897215
19910,0.5410661
19911,0.51915556
19912,0.41547787
19913,0.41547787
19914,0.42231524
19915,0.47974017
19916,0.41547787
19917,0.41547787
19918,0.41547787
19919,0.41547787
19920,0.41547787
19921,0.42897215
19922,0.535638
19923,0.43099397
19924,0.47774372
19925,0.4473023
19926,0.47774372
19927,0.49883103
19928,0.41547787
19929,0.45120338
19930,0.42897215
19931,0.41547787
19932,0.425389
19933,0.41547787
19934,0.42231524
19935,0.42231524
19936,0.41547787
19937,0.42897215
19938,0.41547787
19939,0.41547787
19940,0.41547787
19941,0.41547787
19942,0.41547787
19943,0.41547787
19944,0.41547787
19945,0.42897215
19946,0.41547787
19947,0.41547787
19948,0.425389
19949,0.41547787
19950,0.43099397
19951,0.44186044
19952,0.41547787
19953,0.45963544
19954,0.41547787
19955,0.42897215
19956,0.43099397
19957,0.41547787
19958,0.41547787
19959,0.41823262
19960,0.43099397
19961,0.41547787
19962,0.42231524
19963,0.41547787
19964,0.41547787
19965,0.41547787
19966,0.45324677
19967,0.48121914
19968,0.535374
19969,0.53943855
19970,0.45120338
19971,0.41547787
19972,0.41547787
19973,0.5800451
19974,0.41547787
19975,0.5800451
19976,0.43099397
19977,0.41547787
19978,0.41547787
19979,0.54804265
19980,0.43099397
19981,0.41547787
19982,0.41547787
19983,0.49720198
19984,0.50188094
19985,0.45120338
19986,0.41547787
19987,0.55344665
19988,0.41547787
19989,0.41547787
19990,0.43512952
19991,0.41547787
19992,0.579466
19993,0.42897215
19994,0.4355693
19995,0.42897215
19996,0.42231524
19997,0.41547787
19998,0.41547787
19999,0.41547787
20000,0.41547787
20001,0.41547787
20002,0.42897215
20003,0.425389
20004,0.53498304
20005,0.44629553
20006,0.5800451
20007,0.49654728
20008,0.5316155
20009,0.41547787
20010,0.41547787
20011,0.42231524
20012,0.41547787
20013,0.41547787
20014,0.42897215
20015,0.41547787
20016,0.42231524
20017,0.41547787
20018,0.41547787
20019,0.42231524
20020,0.41547787
20021,0.41547787
20022,0.44140092
20023,0.42897215
20024,0.41547787
20025,0.41547787
20026,0.41547787
20027,0.5800451
20028,0.41547787
20029,0.5351357
20030,0.41624448
20031,0.41547787
20032,0.45120338
20033,0.51915556
20034,0.42231524
20035,0.43099397
20036,0.41547787
20037,0.5096415
20038,0.57679754
20039,0.51915556
20040,0.41547787
20041,0.41547787
20042,0.41547787
20043,0.41547787
20044,0.41547787
20045,0.5074818
20046,0.57361317
20047,0.5800451
20048,0.41547787
20049,0.535374
20050,0.44186044
20051,0.41547787
20052,0.41547787
20053,0.57679754
20054,0.41547787
20055,0.42897215
20056,0.41547787
20057,0.43099397
20058,0.46179858
20059,0.43099397
20060,0.41547787
20061,0.41547787
20062,0.43099397
20063,0.41547787
20064,0.41547787
20065,0.489225
20066,0.45324677
20067,0.43099397
20068,0.45120338
20069,0.52345747
20070,0.42231524
20071,0.42231524
20072,0.46186927
20073,0.42897215
20074,0.41547787
20075,0.48890963
20076,0.48953384
20077,0.42897215
20078,0.42231524
20079,0.41547787
20080,0.45324677
20081,0.53943855
20082,0.4313923
20083,0.42897215
20084,0.579466
20085,0.41547787
20086,0.41547787
20087,0.41547787
20088,0.41547787
20089,0.41547787
20090,0.45963544
20091,0.44410157
20092,0.41547787
20093,0.46186927
20094,0.4436219
20095,0.50215876
20096,0.535638
20097,0.44186044
20098,0.41547787
20099,0.41547787
20100,0.579466
20101,0.47958416
20102,0.45120338
20103,0.41547787
20104,0.53943855
20105,0.41547787
20106,0.505902
20107,0.49866575
20108,0.41547787
20109,0.54284793
20110,0.49097803
20111,0.42897215
20112,0.41547787
20113,0.41547787
20114,0.56852245
20115,0.57247967
20116,0.4717857
20117,0.41547787
20118,0.41547787
20119,0.45343828
20120,0.41547787
20121,0.41547787
20122,0.45324677
20123,0.45053428
20124,0.42897215
20125,0.41624448
20126,0.41624448
20127,0.42456803
20128,0.579466
20129,0.43099397
20130,0.43099397
20131,0.41547787
20132,0.43099397
20133,0.41547787
20134,0.45120338
20135,0.52017635
20136,0.41547787
20137,0.41547787
20138,0.5800451
20139,0.41547787
20140,0.48685387
20141,0.41547787
20142,0.41547787
20143,0.42231524
20144,0.42897215
20145,0.41547787
20146,0.42897215
20147,0.41547787
20148,0.41547787
20149,0.49282253
20150,0.41547787
20151,0.5800451
20152,0.41547787
20153,0.44614068
20154,0.41547787
20155,0.42897215
20156,0.41547787
20157,0.42231524
20158,0.41547787
20159,0.43099397
20160,0.5800451
20161,0.42848936
20162,0.41547787
20163,0.41547787
20164,0.4376294
20165,0.41547787
20166,0.41547787
20167,0.535374
20168,0.41547787
20169,0.41547787
20170,0.41547787
20171,0.57247967
20172,0.53943855
20173,0.5800451
20174,0.43099397
20175,0.54784495
20176,0.42231524
20177,0.41547787
20178,0.41547787
20179,0.43099397
20180,0.41547787
20181,0.41547787
20182,0.43143854
20183,0.41547787
20184,0.5800451
20185,0.43099397
20186,0.41547787
20187,0.41547787
20188,0.48953384
20189,0.42897215
20190,0.48685387
20191,0.41547787
20192,0.5438526
20193,0.42897215
20194,0.41547787
20195,0.57247967
20196,0.41547787
20197,0.41547787
20198,0.41547787
20199,0.41547787
20200,0.41547787
20201,0.44323823
20202,0.41547787
20203,0.46186927
20204,0.43099397
20205,0.41547787
20206,0.42897215
20207,0.53943855
20208,0.41547787
20209,0.41547787
20210,0.41547787
20211,0.41547787
20212,0.5800451
20213,0.41547787
20214,0.45963544
20215,0.48953384
20216,0.41547787
20217,0.41547787
20218,0.42841014
20219,0.5683668
20220,0.42897215
20221,0.535638
20222,0.41547787
20223,0.42897215
20224,0.43099397
20225,0.42897215
20226,0.41547787
20227,0.56826365
20228,0.57679754
20229,0.45120338
20230,0.41547787
20231,0.48685387
20232,0.5074818
20233,0.42231524
20234,0.41547787
20235,0.41624448
20236,0.4847251
20237,0.5074818
20238,0.43512952
20239,0.41547787
20240,0.41547787
20241,0.41547787
20242,0.41547787
20243,0.41547787
20244,0.41547787
20245,0.5113094
20246,0.579466
20247,0.41547787
20248,0.41547787
20249,0.535638
20250,0.42897215
20251,0.41547787
20252,0.41547787
20253,0.41547787
20254,0.45120338
20255,0.45640266
20256,0.55344665
20257,0.57247967
20258,0.43099397
20259,0.47082934
20260,0.41547787
20261,0.43099397
20262,0.42897215
20263,0.5074818
20264,0.43099397
20265,0.4791601
20266,0.5438526
20267,0.511818
20268,0.42848936
20269,0.42897215
20270,0.42897215
20271,0.43099397
20272,0.41547787
20273,0.43099397
20274,0.42231524
20275,0.41547787
20276,0.5225133
20277,0.54804265
20278,0.42897215
20279,0.47524875
20280,0.41547787
20281,0.425389
20282,0.41547787
20283,0.53943855
20284,0.41547787
20285,0.5438526
20286,0.41547787
20287,0.41547787
20288,0.41547787
20289,0.57247967
20290,0.41547787
20291,0.41547787
20292,0.56852245
20293,0.56852245
20294,0.41547787
20295,0.42231524
20296,0.45120338
20297,0.42314652
20298,0.41547787
20299,0.5643673
20300,0.45324677
20301,0.41547787
20302,0.57679754
20303,0.41547787
20304,0.44739878
20305,0.41547787
20306,0.41547787
20307,0.42456803
20308,0.42897215
20309,0.44410157
20310,0.41547787
20311,0.41547787
20312,0.41547787
20313,0.41547787
20314,0.48685387
20315,0.5800451
20316,0.42897215
20317,0.41547787
20318,0.43099397
20319,0.5510422
20320,0.5800451
20321,0.4313923
20322,0.42897215
20323,0.41547787
20324,0.57247967
20325,0.41547787
20326,0.41624448
20327,0.45053428
20328,0.41547787
20329,0.4791601
20330,0.5287377
20331,0.5462459
20332,0.56643456
20333,0.45324677
20334,0.579466
20335,0.51322705
20336,0.42897215
20337,0.41547787
20338,0.4791601
20339,0.535374
20340,0.41547787
20341,0.43099397
20342,0.41547787
20343,0.4986486
20344,0.41547787
20345,0.5236285
20346,0.43099397
20347,0.41547787
20348,0.51876944
20349,0.41547787
20350,0.42231524
20351,0.42897215
20352,0.42231524
20353,0.41547787
20354,0.43099397
20355,0.41547787
20356,0.41547787
20357,0.5113094
20358,0.41547787
20359,0.42897215
20360,0.45120338
20361,0.41547787
20362,0.41547787
20363,0.41547787
20364,0.579466
20365,0.41547787
20366,0.41547787
20367,0.42897215
20368,0.41547787
20369,0.42231524
20370,0.42897215
20371,0.4400875
20372,0.42231524
20373,0.425389
20374,0.41547787
20375,0.41547787
20376,0.42231524
20377,0.4950121
20378,0.41547787
20379,0.45120338
20380,0.41547787
20381,0.56852245
20382,0.41547787
20383,0.5800451
20384,0.41547787
20385,0.41547787
20386,0.41547787
20387,0.42231524
20388,0.41547787
20389,0.42231524
20390,0.44186044
20391,0.46363452
20392,0.425389
20393,0.42616352
20394,0.54804265
20395,0.41547787
20396,0.42897215
20397,0.41547787
20398,0.57679754
20399,0.41547787
20400,0.43099397
20401,0.44186044
20402,0.579466
20403,0.41547787
20404,0.41547787
20405,0.41547787
20406,0.42897215
20407,0.4811137
20408,0.5074818
20409,0.5085068
20410,0.57361317
20411,0.43099397
20412,0.41547787
20413,0.43099397
20414,0.5683668
20415,0.5701751
20416,0.41547787
20417,0.41547787
20418,0.41547787
20419,0.41547787
20420,0.41547787
20421,0.4656294
20422,0.41547787
20423,0.43099397
20424,0.4398537
20425,0.41547787
20426,0.56852245
20427,0.41547787
20428,0.5800451
20429,0.42897215
20430,0.41547787
20431,0.41547787
20432,0.42897215
20433,0.41547787
20434,0.42897215
20435,0.41547787
20436,0.41547787
20437,0.57247967
20438,0.5629741
20439,0.42897215
20440,0.41547787
20441,0.43099397
20442,0.41547787
20443,0.45444936
20444,0.44214147
20445,0.43099397
20446,0.41547787
20447,0.46577728
20448,0.44140092
20449,0.54784495
20450,0.56044984
20451,0.5800451
20452,0.425389
20453,0.41547787
20454,0.43341684
20455,0.41547787
20456,0.41547787
20457,0.41547787
20458,0.47958416
20459,0.51878273
20460,0.4833666
20461,0.41547787
20462,0.41547787
20463,0.45990095
20464,0.41547787
20465,0.41547787
20466,0.41547787
20467,0.57247967
20468,0.42897215
20469,0.47524875
20470,0.41547787
20471,0.45324677
20472,0.4306436
20473,0.41547787
20474,0.41547787
20475,0.41547787
20476,0.46186927
20477,0.56826365
20478,0.41547787
20479,0.44186044
20480,0.43099397
20481,0.43674743
20482,0.44273734
20483,0.41547787
20484,0.41547787
20485,0.41547787
20486,0.41624448
20487,0.49522346
20488,0.41547787
20489,0.514566
20490,0.5670182
20491,0.42897215
20492,0.42897215
20493,0.41547787
20494,0.425389
20495,0.41547787
20496,0.41547787
20497,0.41547787
20498,0.45120338
20499,0.50345224
20500,0.41547787
20501,0.41547787
20502,0.48121914
20503,0.46994993
20504,0.41547787
20505,0.5513837
20506,0.41547787
20507,0.42841014
20508,0.5126069
20509,0.57247967
20510,0.43341684
20511,0.41547787
20512,0.579466
20513,0.5185258
20514,0.41547787
20515,0.54452205
20516,0.41547787
20517,0.41547787
20518,0.41547787
20519,0.42897215
20520,0.41547787
20521,0.535374
20522,0.41547787
20523,0.42231524
20524,0.425389
20525,0.42231524
20526,0.41547787
20527,0.43341684
20528,0.42897215
20529,0.45120338
20530,0.42848936
20531,0.41547787
20532,0.4997005
20533,0.41547787
20534,0.41547787
20535,0.44273734
20536,0.41547787
20537,0.5670182
20538,0.42231524
20539,0.42231524
20540,0.5359614
20541,0.41547787
20542,0.42231524
20543,0.5262877
20544,0.57361317
20545,0.45615572
20546,0.41547787
20547,0.44214147
20548,0.579466
20549,0.45882162
20550,0.41624448
20551,0.41547787
20552,0.43099397
20553,0.41547787
20554,0.41624448
20555,0.41547787
20556,0.41547787
20557,0.45963544
20558,0.41547787
20559,0.41547787
20560,0.41547787
20561,0.41547787
20562,0.41547787
20563,0.41547787
20564,0.42897215
20565,0.425389
20566,0.43099397
20567,0.43341684
20568,0.41547787
20569,0.42897215
20570,0.41624448
20571,0.41547787
20572,0.42897215
20573,0.41547787
20574,0.48099905
20575,0.41547787
20576,0.42897215
20577,0.46392015
20578,0.57247967
20579,0.41547787
20580,0.41547787
20581,0.43099397
20582,0.425389
20583,0.54784495
20584,0.41547787
20585,0.41547787
20586,0.41547787
20587,0.41547787
20588,0.41547787
20589,0.5541958
20590,0.5074818
20591,0.4435658
20592,0.5113094
20593,0.41547787
20594,0.41547787
20595,0.41547787
20596,0.42231524
20597,0.43341684
20598,0.5074818
20599,0.45615572
20600,0.45306313
20601,0.41547787
20602,0.44805628
20603,0.42231524
20604,0.41547787
20605,0.41547787
20606,0.43099397
20607,0.41547787
20608,0.5800451
20609,0.579466
20610,0.53943855
20611,0.42314652
20612,0.41547787
20613,0.43099397
20614,0.55989856
20615,0.53943855
20616,0.45120338
20617,0.41547787
20618,0.42897215
20619,0.41547787
20620,0.5096415
20621,0.41547787
20622,0.41547787
20623,0.41547787
20624,0.4437762
20625,0.45120338
20626,0.41547787
20627,0.41547787
20628,0.4565127
20629,0.535374
20630,0.43099397
20631,0.41547787
20632,0.41547787
20633,0.41547787
20634,0.53943855
20635,0.41547787
20636,0.41547787
20637,0.43099397
20638,0.45324677
20639,0.42897215
20640,0.5074818
20641,0.42897215
20642,0.41547787
20643,0.43099397
20644,0.44696295
20645,0.4791601
20646,0.41547787
20647,0.42897215
20648,0.42897215
20649,0.41547787
20650,0.4348055
20651,0.41547787
20652,0.45120338
20653,0.44186044
20654,0.5074818
20655,0.41547787
20656,0.5351357
20657,0.4473023
20658,0.41547787
20659,0.5438526
20660,0.44214147
20661,0.41547787
20662,0.41547787
20663,0.42897215
20664,0.41547787
20665,0.41547787
20666,0.425389
20667,0.41547787
20668,0.41547787
20669,0.44140092
20670,0.535374
20671,0.41547787
20672,0.5510422
20673,0.45120338
20674,0.41547787
20675,0.41547787
20676,0.42231524
20677,0.43099397
20678,0.41547787
20679,0.41547787
20680,0.44186044
20681,0.41547787
20682,0.5074818
20683,0.4950121
20684,0.41547787
20685,0.43099397
20686,0.41547787
20687,0.41547787
20688,0.535374
20689,0.52017635
20690,0.41547787
20691,0.41547787
20692,0.46392015
20693,0.42897215
20694,0.41547787
20695,0.41547787
20696,0.41547787
20697,0.5800451
20698,0.41547787
20699,0.41547787
20700,0.41547787
20701,0.49522346
20702,0.42897215
20703,0.53943855
20704,0.41547787
20705,0.44273734
20706,0.41547787
20707,0.41547787
20708,0.42897215
20709,0.43099397
20710,0.4436219
20711,0.42897215
20712,0.4473023
20713,0.56852245
20714,0.53943855
20715,0.41547787
20716,0.43099397
20717,0.42897215
20718,0.43099397
20719,0.41547787
20720,0.43099397
20721,0.42231524
20722,0.45120338
20723,0.41547787
20724,0.42897215
20725,0.41547787
20726,0.41547787
20727,0.57679754
20728,0.44273734
20729,0.41547787
20730,0.41547787
20731,0.42231524
20732,0.43099397
20733,0.5800451
20734,0.43099397
20735,0.4436219
20736,0.41547787
20737,0.47082934
20738,0.535374
20739,0.41547787
20740,0.41547787
20741,0.56826365
20742,0.41547787
20743,0.41547787
20744,0.5074818
20745,0.579466
20746,0.41547787
20747,0.41547787
20748,0.41547787
20749,0.41547787
20750,0.43099397
20751,0.57679754
20752,0.41547787
20753,0.43099397
20754,0.42897215
20755,0.42231524
20756,0.45120338
20757,0.4306436
20758,0.42897215
20759,0.4791601
20760,0.41547787
20761,0.42314652
20762,0.45120338
20763,0.41547787
20764,0.57247967
20765,0.43099397
20766,0.42231524
20767,0.56826365
20768,0.41547787
20769,0.41547787
20770,0.41547787
20771,0.42897215
20772,0.41547787
20773,0.41547787
20774,0.42897215
20775,0.41547787
20776,0.425389
20777,0.41547787
20778,0.42897215
20779,0.52336174
20780,0.5800451
20781,0.41547787
20782,0.42231524
20783,0.535374
20784,0.41547787
20785,0.41547787
20786,0.5800451
20787,0.41547787
20788,0.48953384
20789,0.535374
20790,0.42897215
20791,0.57361317
20792,0.41547787
20793,0.41547787
20794,0.41547787
20795,0.42897215
20796,0.46989852
20797,0.45963544
20798,0.41547787
20799,0.44140092
20800,0.5025919
20801,0.48685387
20802,0.42897215
20803,0.535374
20804,0.43099397
20805,0.43099397
20806,0.56939167
20807,0.41547787
20808,0.42231524
20809,0.43099397
20810,0.45120338
20811,0.43099397
20812,0.47552797
20813,0.41547787
20814,0.43099397
20815,0.5287377
20816,0.42897215
20817,0.41547787
20818,0.41547787
20819,0.41547787
20820,0.5007201
20821,0.52336174
20822,0.45324677
20823,0.41547787
20824,0.41547787
20825,0.45324677
20826,0.41547787
20827,0.45120338
20828,0.505902
20829,0.43099397
20830,0.51876944
20831,0.45279092
20832,0.41547787
20833,0.5748456
20834,0.5328372
20835,0.41547787
20836,0.55045414
20837,0.42231524
20838,0.41547787
20839,0.425389
20840,0.41547787
20841,0.42897215
20842,0.44186044
20843,0.42897215
20844,0.41547787
20845,0.5384024
20846,0.41547787
20847,0.42897215
20848,0.41547787
20849,0.41547787
20850,0.42897215
20851,0.42231524
20852,0.5800451
20853,0.45279092
20854,0.41547787
20855,0.51684755
20856,0.45029217
20857,0.56480956
20858,0.5800451
20859,0.41547787
20860,0.45120338
20861,0.41547787
20862,0.45324677
20863,0.4420515
20864,0.41547787
20865,0.43099397
20866,0.41547787
20867,0.41547787
20868,0.5438526
20869,0.41547787
20870,0.41547787
20871,0.41547787
20872,0.41547787
20873,0.42897215
20874,0.54142255
20875,0.48938838
20876,0.47552797
20877,0.45324677
20878,0.45053428
20879,0.41547787
20880,0.41547787
20881,0.43341684
20882,0.44186044
20883,0.42897215
20884,0.41547787
20885,0.42897215
20886,0.44805628
20887,0.41547787
20888,0.44273734
20889,0.42897215
20890,0.42897215
20891,0.42897215
20892,0.42897215
20893,0.4990372
20894,0.43915808
20895,0.45053428
20896,0.57361317
20897,0.41547787
20898,0.4520687
20899,0.43512952
20900,0.42897215
20901,0.41547787
20902,0.45324677
20903,0.535374
20904,0.41547787
20905,0.41547787
20906,0.42897215
20907,0.41547787
20908,0.41547787
20909,0.41547787
20910,0.4473023
20911,0.5085068
20912,0.41547787
20913,0.5683668
20914,0.4436219
20915,0.42231524
20916,0.41547787
20917,0.4313923
20918,0.43099397
20919,0.41547787
20920,0.43099397
20921,0.41547787
20922,0.56799626
20923,0.41547787
20924,0.5683668
20925,0.45053428
20926,0.5800451
20927,0.42231524
20928,0.45120338
20929,0.4923111
20930,0.41547787
20931,0.41547787
20932,0.41547787
20933,0.41547787
20934,0.42616352
20935,0.42897215
20936,0.5670182
20937,0.41547787
20938,0.41547787
20939,0.41547787
20940,0.43099397
20941,0.41547787
20942,0.50335246
20943,0.44140092
20944,0.535374
20945,0.41547787
20946,0.5800451
20947,0.41547787
20948,0.43099397
20949,0.42897215
20950,0.42804918
20951,0.42897215
20952,0.5351357
20953,0.44273734
20954,0.42897215
20955,0.42841014
20956,0.41547787
20957,0.45279092
20958,0.42231524
20959,0.57361317
20960,0.42897215
20961,0.41547787
20962,0.43099397
20963,0.41547787
20964,0.45120338
20965,0.41547787
20966,0.44579163
20967,0.42897215
20968,0.42897215
20969,0.41547787
20970,0.41547787
20971,0.41547787
20972,0.41547787
20973,0.41547787
20974,0.41547787
20975,0.42897215
20976,0.41547787
20977,0.44831315
20978,0.42897215
20979,0.42897215
20980,0.46989852
20981,0.43341684
20982,0.41547787
20983,0.41547787
20984,0.41547787
20985,0.41547787
20986,0.41547787
20987,0.5683668
20988,0.5629741
20989,0.43099397
20990,0.50345224
20991,0.53847235
20992,0.46392015
20993,0.41547787
20994,0.41547787
20995,0.41547787
20996,0.42897215
20997,0.42897215
20998,0.45120338
20999,0.41547787
21000,0.5800451
21001,0.41547787
21002,0.5800451
21003,0.41547787
21004,0.45324677
21005,0.41547787
21006,0.5438526
21007,0.41547787
21008,0.41547787
21009,0.42231524
21010,0.57247967
21011,0.41547787
21012,0.42897215
21013,0.41547787
21014,0.42897215
21015,0.46186927
21016,0.46885565
21017,0.41547787
21018,0.41547787
21019,0.41547787
21020,0.42897215
21021,0.42897215
21022,0.57147604
21023,0.41547787
21024,0.535638
21025,0.4791601
21026,0.43099397
21027,0.579466
21028,0.53943855
21029,0.41547787
21030,0.43099397
21031,0.535374
21032,0.41547787
21033,0.5501613
21034,0.48386195
21035,0.41547787
21036,0.5670182
21037,0.5096415
21038,0.41547787
21039,0.5683668
21040,0.41547787
21041,0.42897215
21042,0.44214147
21043,0.41547787
21044,0.57361317
21045,0.41547787
21046,0.45120338
21047,0.57247967
21048,0.41624448
21049,0.579466
21050,0.41547787
21051,0.51556575
21052,0.41547787
21053,0.425389
21054,0.52017635
21055,0.41547787
21056,0.43099397
21057,0.5800451
21058,0.41547787
21059,0.53943855
21060,0.51322705
21061,0.45120338
21062,0.41547787
21063,0.42897215
21064,0.535374
21065,0.43099397
21066,0.41547787
21067,0.41547787
21068,0.43099397
21069,0.42897215
21070,0.41547787
21071,0.48953384
21072,0.41547787
21073,0.4473023
21074,0.41547787
21075,0.41547787
21076,0.41547787
21077,0.45120338
21078,0.5096415
21079,0.56852245
21080,0.41547787
21081,0.5662127
21082,0.41547787
21083,0.42897215
21084,0.49275708
21085,0.41547787
21086,0.425389
21087,0.4436219
21088,0.42897215
21089,0.45120338
21090,0.46699557
21091,0.41547787
21092,0.51665676
21093,0.41547787
21094,0.41547787
21095,0.43674743
21096,0.41547787
21097,0.42897215
21098,0.42231524
21099,0.43099397
21100,0.42897215
21101,0.41547787
21102,0.41547787
21103,0.4791601
21104,0.48099905
21105,0.41547787
21106,0.535374
21107,0.41547787
21108,0.43099397
21109,0.579466
21110,0.50895274
21111,0.5800451
21112,0.41547787
21113,0.41547787
21114,0.5683668
21115,0.4791601
21116,0.5800451
21117,0.42897215
21118,0.41547787
21119,0.5800451
21120,0.41547787
21121,0.5254731
21122,0.42231524
21123,0.41547787
21124,0.41547787
21125,0.43341684
21126,0.41547787
21127,0.41547787
21128,0.41547787
21129,0.42897215
21130,0.5670182
21131,0.5047818
21132,0.425389
21133,0.42897215
21134,0.41547787
21135,0.5683668
21136,0.42231524
21137,0.41547787
21138,0.41547787
21139,0.41547787
21140,0.52336174
21141,0.41547787
21142,0.41547787
21143,0.45120338
21144,0.41547787
21145,0.41547787
21146,0.41624448
21147,0.45324677
21148,0.43099397
21149,0.41547787
21150,0.41547787
21151,0.56532836
21152,0.41547787
21153,0.45324677
21154,0.41547787
21155,0.41547787
21156,0.5047818
21157,0.41624448
21158,0.44273734
21159,0.41547787
21160,0.41547787
21161,0.41547787
21162,0.41547787
21163,0.5351357
21164,0.41547787
21165,0.43099397
21166,0.579466
21167,0.425389
21168,0.41547787
21169,0.53739583
21170,0.45990095
21171,0.43099397
21172,0.42897215
21173,0.41547787
21174,0.5420018
21175,0.43099397
21176,0.41547787
21177,0.53943855
21178,0.48775423
21179,0.41547787
21180,0.5236285
21181,0.42037305
21182,0.41547787
21183,0.42231524
21184,0.535374
21185,0.43099397
21186,0.41547787
21187,0.41547787
21188,0.41547787
21189,0.41547787
21190,0.41547787
21191,0.535638
21192,0.44140092
21193,0.4473023
21194,0.51968944
21195,0.42897215
21196,0.42897215
21197,0.41547787
21198,0.41547787
21199,0.4871858
21200,0.41547787
21201,0.43099397
21202,0.41547787
21203,0.49743876
21204,0.41547787
21205,0.41547787
21206,0.579466
21207,0.41547787
21208,0.42897215
21209,0.55888206
21210,0.42231524
21211,0.57679754
21212,0.41547787
21213,0.55977726
21214,0.42897215
21215,0.425389
21216,0.4833666
21217,0.43099397
21218,0.41547787
21219,0.41547787
21220,0.4791601
21221,0.41547787
21222,0.41547787
21223,0.42231524
21224,0.5287377
21225,0.41547787
21226,0.4997005
21227,0.41547787
21228,0.57247967
21229,0.5510422
21230,0.45324677
21231,0.56852245
21232,0.44410157
21233,0.45640266
21234,0.4313923
21235,0.5225133
21236,0.5287377
21237,0.41547787
21238,0.41547787
21239,0.41547787
21240,0.41547787
21241,0.48099905
21242,0.57247967
21243,0.4376294
21244,0.41547787
21245,0.5800451
21246,0.41547787
21247,0.41547787
21248,0.44273734
21249,0.5800451
21250,0.41547787
21251,0.41547787
21252,0.43099397
21253,0.41547787
21254,0.41547787
21255,0.4717857
21256,0.42897215
21257,0.57361317
21258,0.42897215
21259,0.42897215
21260,0.42897215
21261,0.41547787
21262,0.41547787
21263,0.45120338
21264,0.41547787
21265,0.41547787
21266,0.41547787
21267,0.42231524
21268,0.579466
21269,0.50188094
21270,0.43099397
21271,0.54542255
21272,0.4400875
21273,0.41547787
21274,0.41547787
21275,0.42231524
21276,0.41547787
21277,0.41547787
21278,0.535374
21279,0.4473023
21280,0.42897215
21281,0.41547787
21282,0.43099397
21283,0.45120338
21284,0.579466
21285,0.41547787
21286,0.44410157
21287,0.41547787
21288,0.41547787
21289,0.41547787
21290,0.5319045
21291,0.41547787
21292,0.44186044
21293,0.41547787
21294,0.42897215
21295,0.56826365
21296,0.41547787
21297,0.5510422
21298,0.45279092
21299,0.535374
21300,0.41547787
21301,0.5670182
21302,0.57679754
21303,0.41547787
21304,0.41547787
21305,0.42231524
21306,0.41547787
21307,0.41547787
21308,0.4436219
21309,0.425389
21310,0.41547787
21311,0.43512952
21312,0.5074818
21313,0.41547787
21314,0.43099397
21315,0.42897215
21316,0.43099397
21317,0.47524875
21318,0.579466
21319,0.41547787
21320,0.41547787
21321,0.41547787
21322,0.41547787
21323,0.57679754
21324,0.41547787
21325,0.41547787
21326,0.50781846
21327,0.41547787
21328,0.41547787
21329,0.42848936
21330,0.41547787
21331,0.41547787
21332,0.42841014
21333,0.41547787
21334,0.5544346
21335,0.4436219
21336,0.41547787
21337,0.4811137
21338,0.54804265
21339,0.43099397
21340,0.41547787
21341,0.41547787
21342,0.46699557
21343,0.41547787
21344,0.41547787
21345,0.41547787
21346,0.41547787
21347,0.41624448
21348,0.57679754
21349,0.41547787
21350,0.4313923
21351,0.55045414
21352,0.41547787
21353,0.55346394
21354,0.41547787
21355,0.41547787
21356,0.41547787
21357,0.41547787
21358,0.44186044
21359,0.5466463
21360,0.45963544
21361,0.579466
21362,0.41547787
21363,0.42897215
21364,0.41547787
21365,0.42897215
21366,0.41547787
21367,0.52017635
21368,0.57679754
21369,0.41547787
21370,0.57247967
21371,0.57679754
21372,0.41547787
21373,0.41547787
21374,0.42231524
21375,0.41547787
21376,0.535374
21377,0.425389
21378,0.579466
21379,0.4355693
21380,0.535638
21381,0.41547787
21382,0.41547787
21383,0.41547787
21384,0.41547787
21385,0.45990095
21386,0.57679754
21387,0.54784495
21388,0.43099397
21389,0.41547787
21390,0.41547787
21391,0.41547787
21392,0.41547787
21393,0.41547787
21394,0.43099397
21395,0.53943855
21396,0.42897215
21397,0.57247967
21398,0.41547787
21399,0.42897215
21400,0.49720198
21401,0.41547787
21402,0.41547787
21403,0.44450712
21404,0.42231524
21405,0.41547787
21406,0.41547787
21407,0.41547787
21408,0.41547787
21409,0.41547787
21410,0.46186927
21411,0.46392015
21412,0.42231524
21413,0.41547787
21414,0.41547787
21415,0.41547787
21416,0.42897215
21417,0.42897215
21418,0.41547787
21419,0.41547787
21420,0.41547787
21421,0.42897215
21422,0.425389
21423,0.41547787
21424,0.46392015
21425,0.44696295
21426,0.43099397
21427,0.41547787
21428,0.43341684
21429,0.49866575
21430,0.41547787
21431,0.4313923
21432,0.46514776
21433,0.41547787
21434,0.41547787
21435,0.41547787
21436,0.43099397
21437,0.45120338
21438,0.41547787
21439,0.45324677
21440,0.41547787
21441,0.42897215
21442,0.41547787
21443,0.42897215
21444,0.41547787
21445,0.51665676
21446,0.41547787
21447,0.41547787
21448,0.42897215
21449,0.42897215
21450,0.45324677
21451,0.52065367
21452,0.54804265
21453,0.42897215
21454,0.41547787
21455,0.4871858
21456,0.42314652
21457,0.41547787
21458,0.4473023
21459,0.43099397
21460,0.41547787
21461,0.41547787
21462,0.5438526
21463,0.41547787
21464,0.42897215
21465,0.44508424
21466,0.42231524
21467,0.49353984
21468,0.41547787
21469,0.41547787
21470,0.45444936
21471,0.42231524
21472,0.5662127
21473,0.41547787
21474,0.5025919
21475,0.41547787
21476,0.41547787
21477,0.41547787
21478,0.41547787
21479,0.5620525
21480,0.41547787
21481,0.41547787
21482,0.41547787
21483,0.535374
21484,0.41547787
21485,0.42231524
21486,0.41547787
21487,0.46145248
21488,0.45306313
21489,0.41547787
21490,0.41547787
21491,0.41547787
21492,0.41547787
21493,0.4473023
21494,0.4313923
21495,0.42897215
21496,0.41547787
21497,0.41547787
21498,0.41624448
21499,0.4833666
21500,0.46392015
21501,0.41547787
21502,0.42897215
21503,0.4398537
21504,0.4398537
21505,0.50188094
21506,0.41547787
21507,0.41547787
21508,0.5086408
21509,0.41547787
21510,0.5640129
21511,0.49250072
21512,0.41547787
21513,0.43512952
21514,0.42848936
21515,0.41547787
21516,0.5185828
21517,0.42897215
21518,0.41547787
21519,0.41547787
21520,0.41547787
21521,0.41547787
21522,0.41547787
21523,0.42897215
21524,0.41547787
21525,0.43341684
21526,0.535374
21527,0.41547787
21528,0.41547787
21529,0.41547787
21530,0.4687449
21531,0.45120338
21532,0.48685387
21533,0.41547787
21534,0.43099397
21535,0.5254731
21536,0.56852245
21537,0.45324677
21538,0.41547787
21539,0.5074818
21540,0.41547787
21541,0.425389
21542,0.43099397
21543,0.44186044
21544,0.43099397
21545,0.57679754
21546,0.43099397
21547,0.41547787
21548,0.41547787
21549,0.45324677
21550,0.5683668
21551,0.42897215
21552,0.41547787
21553,0.41547787
21554,0.41547787
21555,0.42897215
21556,0.42897215
21557,0.41547787
21558,0.42897215
21559,0.53943855
21560,0.41547787
21561,0.41547787
21562,0.42231524
21563,0.41547787
21564,0.41547787
21565,0.41547787
21566,0.4791601
21567,0.41547787
21568,0.47283882
21569,0.41547787
21570,0.56643456
21571,0.42897215
21572,0.5469157
21573,0.42897215
21574,0.41547787
21575,0.5800451
21576,0.47731474
21577,0.45963544
21578,0.42897215
21579,0.42897215
21580,0.41547787
21581,0.4420515
21582,0.45053428
21583,0.44633052
21584,0.41547787
21585,0.5096415
21586,0.5410661
21587,0.41547787
21588,0.5287377
21589,0.4313923
21590,0.43099397
21591,0.43099397
21592,0.42231524
21593,0.5510422
21594,0.41547787
21595,0.41547787
21596,0.42897215
21597,0.42231524
21598,0.54590905
21599,0.41547787
21600,0.4997005
21601,0.42231524
21602,0.42231524
21603,0.53943855
21604,0.41547787
21605,0.425389
21606,0.41547787
21607,0.41547787
21608,0.41547787
21609,0.43099397
21610,0.41547787
21611,0.43099397
21612,0.41547787
21613,0.42231524
21614,0.43099397
21615,0.41547787
21616,0.45120338
21617,0.535638
21618,0.41547787
21619,0.5316155
21620,0.41547787
21621,0.41547787
21622,0.51556575
21623,0.44273734
21624,0.4473023
21625,0.4473023
21626,0.45324677
21627,0.4473023
21628,0.42897215
21629,0.42897215
21630,0.41547787
21631,0.41547787
21632,0.48685387
21633,0.42314652
21634,0.45120338
21635,0.41547787
21636,0.42897215
21637,0.45053428
21638,0.41547787
21639,0.5438526
21640,0.55344665
21641,0.45324677
21642,0.42231524
21643,0.45053428
21644,0.42897215
21645,0.41547787
21646,0.42897215
21647,0.41547787
21648,0.5683668
21649,0.46186927
21650,0.42897215
21651,0.45343828
21652,0.41547787
21653,0.45882162
21654,0.41547787
21655,0.41547787
21656,0.43099397
21657,0.42037305
21658,0.41547787
21659,0.41547787
21660,0.4473023
21661,0.42897215
21662,0.45324677
21663,0.41547787
21664,0.45324677
21665,0.41547787
21666,0.45324677
21667,0.41547787
21668,0.41547787
21669,0.41547787
21670,0.53943855
21671,0.41547787
21672,0.45120338
21673,0.45963544
21674,0.42897215
21675,0.55344665
21676,0.43099397
21677,0.41547787
21678,0.425389
21679,0.41547787
21680,0.43099397
21681,0.41547787
21682,0.41547787
21683,0.4355693
21684,0.5316155
21685,0.535374
21686,0.41547787
21687,0.41547787
21688,0.41547787
21689,0.50188094
21690,0.53943855
21691,0.42897215
21692,0.44898117
21693,0.41547787
21694,0.49654728
21695,0.42231524
21696,0.41547787
21697,0.42897215
21698,0.41547787
21699,0.4413423
21700,0.54804265
21701,0.45120338
21702,0.42897215
21703,0.41547787
21704,0.42231524
21705,0.42897215
21706,0.43099397
21707,0.41547787
21708,0.41547787
21709,0.41624448
21710,0.41547787
21711,0.425389
21712,0.42897215
21713,0.4986486
21714,0.4630284
21715,0.41547787
21716,0.5800451
21717,0.41547787
21718,0.46392015
21719,0.579466
21720,0.48474416
21721,0.42897215
21722,0.42897215
21723,0.41547787
21724,0.52017635
21725,0.42897215
21726,0.535374
21727,0.41547787
21728,0.41547787
21729,0.42897215
21730,0.41547787
21731,0.50917584
21732,0.41547787
21733,0.41547787
21734,0.47082934
21735,0.4420515
21736,0.54590905
21737,0.41547787
21738,0.42231524
21739,0.41547787
21740,0.56735706
21741,0.41547787
21742,0.41547787
21743,0.53943855
21744,0.45963544
21745,0.41624448
21746,0.41547787
21747,0.54784495
21748,0.41547787
21749,0.41547787
21750,0.41547787
21751,0.41547787
21752,0.45324677
21753,0.42314652
21754,0.57679754
21755,0.41547787
21756,0.45120338
21757,0.41547787
21758,0.56643456
21759,0.41547787
21760,0.45324677
21761,0.5800451
21762,0.41624448
21763,0.41547787
21764,0.5800451
21765,0.45053428
21766,0.579466
21767,0.43099397
21768,0.5800451
21769,0.4791601
21770,0.42897215
21771,0.42231524
21772,0.41547787
21773,0.41547787
21774,0.41547787
21775,0.48504788
21776,0.41547787
21777,0.42897215
21778,0.42231524
21779,0.41547787
21780,0.5090907
21781,0.41547787
21782,0.52336174
21783,0.41547787
21784,0.41547787
21785,0.41547787
21786,0.43099397
21787,0.41547787
21788,0.41547787
21789,0.45279092
21790,0.41547787
21791,0.41547787
21792,0.4456403
21793,0.48685387
21794,0.5096415
21795,0.41547787
21796,0.4436219
21797,0.57679754
21798,0.43512952
21799,0.5420018
21800,0.48121914
21801,0.42897215
21802,0.41547787
21803,0.42544985
21804,0.4355693
21805,0.5438526
21806,0.44186044
21807,0.41547787
21808,0.535374
21809,0.49282253
21810,0.41547787
21811,0.57679754
21812,0.41547787
21813,0.41547787
21814,0.5630067
21815,0.52336174
21816,0.535374
21817,0.48447326
21818,0.5264754
21819,0.41547787
21820,0.41547787
21821,0.43099397
21822,0.42897215
21823,0.41547787
21824,0.41547787
21825,0.41547787
21826,0.41547787
21827,0.49494144
21828,0.57679754
21829,0.41547787
21830,0.42231524
21831,0.41624448
21832,0.42897215
21833,0.46392015
21834,0.579466
21835,0.43099397
21836,0.49353984
21837,0.43099397
21838,0.41547787
21839,0.44214147
21840,0.41547787
21841,0.45324677
21842,0.5063677
21843,0.53498304
21844,0.45324677
21845,0.41547787
21846,0.41547787
21847,0.41547787
21848,0.41547787
21849,0.44186044
21850,0.41547787
21851,0.43099397
21852,0.579466
21853,0.45120338
21854,0.41547787
21855,0.41547787
21856,0.41547787
21857,0.41547787
21858,0.41624448
21859,0.449156
21860,0.45324677
21861,0.41547787
21862,0.41547787
21863,0.41547787
21864,0.41547787
21865,0.41547787
21866,0.5383723
21867,0.41547787
21868,0.41547787
21869,0.42897215
21870,0.41547787
21871,0.42897215
21872,0.41547787
21873,0.4833666
21874,0.42897215
21875,0.41547787
21876,0.52336174
21877,0.4348055
21878,0.5185828
21879,0.5267946
21880,0.41547787
21881,0.42897215
21882,0.42897215
21883,0.41547787
21884,0.5800451
21885,0.41547787
21886,0.41547787
21887,0.49494144
21888,0.5185828
21889,0.41547787
21890,0.56852245
21891,0.42231524
21892,0.48685387
21893,0.42616352
21894,0.579466
21895,0.42897215
21896,0.42231524
21897,0.41547787
21898,0.54452205
21899,0.56826365
21900,0.41547787
21901,0.41547787
21902,0.41547787
21903,0.41547787
21904,0.45120338
21905,0.41547787
21906,0.43099397
21907,0.43143854
21908,0.41624448
21909,0.5609782
21910,0.42231524
21911,0.41547787
21912,0.41547787
21913,0.41547787
21914,0.41547787
21915,0.41547787
21916,0.45120338
21917,0.41547787
21918,0.4313923
21919,0.42897215
21920,0.44410157
21921,0.43099397
21922,0.45120338
21923,0.44273734
21924,0.41547787
21925,0.5096415
21926,0.41547787
21927,0.42897215
21928,0.42231524
21929,0.42841014
21930,0.41547787
21931,0.42897215
21932,0.5438526
21933,0.41547787
21934,0.41547787
21935,0.41547787
21936,0.579466
21937,0.41547787
21938,0.41547787
21939,0.41547787
21940,0.41547787
21941,0.41547787
21942,0.45324677
21943,0.41547787
21944,0.41547787
21945,0.41547787
21946,0.41547787
21947,0.41547787
21948,0.41547787
21949,0.41547787
21950,0.43099397
21951,0.41547787
21952,0.41547787
21953,0.52336174
21954,0.47774372
21955,0.5287377
21956,0.51915556
21957,0.42456803
21958,0.41547787
21959,0.5670182
21960,0.41624448
21961,0.41547787
21962,0.41547787
21963,0.48099905
21964,0.42897215
21965,0.41547787
21966,0.44273734
21967,0.41547787
21968,0.5185828
21969,0.41547787
21970,0.5800451
21971,0.5569448
21972,0.42897215
21973,0.42897215
21974,0.4871858
21975,0.4313923
21976,0.41547787
21977,0.41547787
21978,0.45120338
21979,0.41547787
21980,0.41547787
21981,0.43099397
21982,0.50895274
21983,0.42897215
21984,0.47283882
21985,0.5204011
21986,0.5523982
21987,0.5800451
21988,0.41547787
21989,0.42314652
21990,0.4520687
21991,0.41547787
21992,0.41547787
21993,0.41547787
21994,0.41547787
21995,0.43099397
21996,0.42897215
21997,0.41547787
21998,0.48953384
21999,0.54784495
22000,0.41547787
22001,0.44186044
22002,0.56643456
22003,0.41547787
22004,0.41547787
22005,0.43099397
22006,0.579466
22007,0.45324677
22008,0.45324677
22009,0.41547787
22010,0.48953384
22011,0.579466
22012,0.41547787
22013,0.4791601
22014,0.41547787
22015,0.42231524
22016,0.41547787
22017,0.43099397
22018,0.43099397
22019,0.425389
22020,0.45444936
22021,0.43099397
22022,0.535638
22023,0.42897215
22024,0.41547787
22025,0.41547787
22026,0.5267946
22027,0.45963544
22028,0.45654306
22029,0.41547787
22030,0.41985235
22031,0.41547787
22032,0.43512952
22033,0.43099397
22034,0.5316155
22035,0.42897215
22036,0.46392015
22037,0.43099397
22038,0.50335246
22039,0.43099397
22040,0.41624448
22041,0.43099397
22042,0.41547787
22043,0.41547787
22044,0.42231524
22045,0.42231524
22046,0.41547787
22047,0.45324677
22048,0.43341684
22049,0.42231524
22050,0.41547787
22051,0.41547787
22052,0.41547787
22053,0.41547787
22054,0.42231524
22055,0.42897215
22056,0.4961789
22057,0.44805628
22058,0.41547787
22059,0.44186044
22060,0.41547787
22061,0.43099397
22062,0.45053428
22063,0.43099397
22064,0.42231524
22065,0.41547787
22066,0.4630284
22067,0.41547787
22068,0.41547787
22069,0.41547787
22070,0.43099397
22071,0.41547787
22072,0.42897215
22073,0.41547787
22074,0.51876944
22075,0.579466
22076,0.41547787
22077,0.41624448
22078,0.425389
22079,0.41547787
22080,0.45120338
22081,0.41547787
22082,0.48685387
22083,0.56852245
22084,0.41547787
22085,0.5267946
22086,0.41547787
22087,0.41547787
22088,0.41547787
22089,0.41547787
22090,0.41547787
22091,0.41547787
22092,0.41547787
22093,0.43930444
22094,0.43143854
22095,0.41547787
22096,0.41547787
22097,0.535374
22098,0.5074818
22099,0.41547787
22100,0.41547787
22101,0.41547787
22102,0.42231524
22103,0.53943855
22104,0.41547787
22105,0.41547787
22106,0.41547787
22107,0.45053428
22108,0.54590905
22109,0.5185828
22110,0.41547787
22111,0.4473023
22112,0.41547787
22113,0.579466
22114,0.41547787
22115,0.51192844
22116,0.41547787
22117,0.46186927
22118,0.41547787
22119,0.41547787
22120,0.41547787
22121,0.45279092
22122,0.42897215
22123,0.579466
22124,0.42804918
22125,0.42897215
22126,0.53943855
22127,0.5510204
22128,0.41547787
22129,0.42231524
22130,0.41547787
22131,0.45120338
22132,0.42848936
22133,0.41547787
22134,0.4398537
22135,0.46186927
22136,0.41547787
22137,0.57247967
22138,0.41547787
22139,0.51915556
22140,0.4436219
22141,0.41547787
22142,0.42897215
22143,0.42897215
22144,0.45053428
22145,0.579466
22146,0.41547787
22147,0.43099397
22148,0.41547787
22149,0.41547787
22150,0.41547787
22151,0.46448162
22152,0.41547787
22153,0.41547787
22154,0.42897215
22155,0.41547787
22156,0.51478773
22157,0.41547787
22158,0.45963544
22159,0.53943855
22160,0.41547787
22161,0.41547787
22162,0.41547787
22163,0.41547787
22164,0.42897215
22165,0.41547787
22166,0.43099397
22167,0.47399983
22168,0.425389
22169,0.42897215
22170,0.41547787
22171,0.50188094
22172,0.42897215
22173,0.41547787
22174,0.5510422
22175,0.41547787
22176,0.41547787
22177,0.535374
22178,0.42231524
22179,0.41547787
22180,0.41547787
22181,0.41547787
22182,0.41547787
22183,0.5670182
22184,0.42897215
22185,0.43099397
22186,0.5683668
22187,0.5683668
22188,0.41547787
22189,0.5074818
22190,0.41547787
22191,0.44805628
22192,0.4791601
22193,0.44696295
22194,0.41547787
22195,0.41547787
22196,0.42897215
22197,0.5336122
22198,0.44739878
22199,0.41547787
22200,0.55888206
22201,0.45324677
22202,0.41547787
22203,0.41547787
22204,0.41547787
22205,0.425389
22206,0.42231524
22207,0.535374
22208,0.41547787
22209,0.45963544
22210,0.41547787
22211,0.5681919
22212,0.41547787
22213,0.42897215
22214,0.41547787
22215,0.41547787
22216,0.49866575
22217,0.41547787
22218,0.42848936
22219,0.41547787
22220,0.56480956
22221,0.41547787
22222,0.41547787
22223,0.48953384
22224,0.43099397
22225,0.41547787
22226,0.41547787
22227,0.41547787
22228,0.51556575
22229,0.425389
22230,0.47552994
22231,0.48769388
22232,0.4473023
22233,0.41547787
22234,0.43099397
22235,0.41547787
22236,0.42897215
22237,0.41547787
22238,0.5321032
22239,0.41547787
22240,0.41547787
22241,0.41547787
22242,0.41547787
22243,0.41547787
22244,0.41547787
22245,0.4398537
22246,0.44827285
22247,0.41547787
22248,0.42314652
22249,0.42897215
22250,0.41547787
22251,0.41547787
22252,0.55238515
22253,0.42231524
22254,0.41547787
22255,0.41547787
22256,0.42897215
22257,0.42897215
22258,0.42897215
22259,0.41547787
22260,0.41547787
22261,0.41547787
22262,0.43099397
22263,0.5800451
22264,0.41547787
22265,0.41547787
22266,0.41547787
22267,0.41547787
22268,0.4436219
22269,0.41547787
22270,0.41547787
22271,0.41547787
22272,0.43099397
22273,0.47082934
22274,0.41547787
22275,0.45963544
22276,0.5074818
22277,0.5683668
22278,0.4833666
22279,0.41547787
22280,0.56852245
22281,0.43099397
22282,0.5074818
22283,0.5510422
22284,0.45120338
22285,0.41547787
22286,0.41547787
22287,0.45120338
22288,0.43099397
22289,0.41547787
22290,0.41547787
22291,0.42231524
22292,0.41547787
22293,0.5670182
22294,0.42897215
22295,0.42897215
22296,0.5544346
22297,0.57247967
22298,0.579466
22299,0.41547787
22300,0.42231524
22301,0.41547787
22302,0.43099397
22303,0.5683668
22304,0.42897215
22305,0.42848936
22306,0.42314652
22307,0.41547787
22308,0.5469157
22309,0.43099397
22310,0.5510422
22311,0.42897215
22312,0.54048413
22313,0.41547787
22314,0.41547787
22315,0.41547787
22316,0.41624448
22317,0.4376294
22318,0.5800451
22319,0.42231524
22320,0.51665676
22321,0.41547787
22322,0.425389
22323,0.41547787
22324,0.42231524
22325,0.42231524
22326,0.52336174
22327,0.45963544
22328,0.41547787
22329,0.4376294
22330,0.56826365
22331,0.4473023
22332,0.42897215
22333,0.42897215
22334,0.43099397
22335,0.44739878
22336,0.44410157
22337,0.41547787
22338,0.43099397
22339,0.42231524
22340,0.42897215
22341,0.41547787
22342,0.42897215
22343,0.41547787
22344,0.43512952
22345,0.41547787
22346,0.45990095
22347,0.5410661
22348,0.5510422
22349,0.579466
22350,0.43512952
22351,0.41624448
22352,0.45120338
22353,0.41547787
22354,0.43099397
22355,0.45120338
22356,0.44186044
22357,0.41547787
22358,0.42231524
22359,0.41547787
22360,0.50188094
22361,0.41547787
22362,0.41547787
22363,0.48685387
22364,0.41547787
22365,0.425389
22366,0.42897215
22367,0.41624448
22368,0.425389
22369,0.41547787
22370,0.41547787
22371,0.579466
22372,0.57361317
22373,0.43341684
22374,0.5142355
22375,0.47088748
22376,0.53943855
22377,0.41547787
22378,0.44660145
22379,0.51322705
22380,0.41547787
22381,0.5800451
22382,0.42231524
22383,0.5800451
22384,0.42897215
22385,0.48769388
22386,0.425389
22387,0.5800451
22388,0.41547787
22389,0.43099397
22390,0.41547787
22391,0.41547787
22392,0.41547787
22393,0.45172405
22394,0.5800451
22395,0.42897215
22396,0.42897215
22397,0.54284793
22398,0.41547787
22399,0.579466
22400,0.47531888
22401,0.48953384
22402,0.42897215
22403,0.4791601
22404,0.41547787
22405,0.45882162
22406,0.41547787
22407,0.41547787
22408,0.41547787
22409,0.44410157
22410,0.45324677
22411,0.53943855
22412,0.535638
22413,0.41547787
22414,0.43099397
22415,0.43674743
22416,0.41547787
22417,0.43099397
22418,0.5025919
22419,0.42897215
22420,0.5287377
22421,0.57247967
22422,0.45693803
22423,0.41547787
22424,0.41547787
22425,0.5670182
22426,0.43099397
22427,0.41547787
22428,0.43099397
22429,0.43099397
22430,0.579466
22431,0.41547787
22432,0.52336174
22433,0.42897215
22434,0.42231524
22435,0.45120338
22436,0.49866575
22437,0.41547787
22438,0.43099397
22439,0.41547787
22440,0.41547787
22441,0.41547787
22442,0.43099397
22443,0.41547787
22444,0.41547787
22445,0.41547787
22446,0.4398537
22447,0.41547787
22448,0.57361317
22449,0.41547787
22450,0.4436219
22451,0.43099397
22452,0.48953384
22453,0.41547787
22454,0.4313923
22455,0.41547787
22456,0.5800451
22457,0.46392015
22458,0.41547787
22459,0.42897215
22460,0.41547787
22461,0.41547787
22462,0.42231524
22463,0.41547787
22464,0.5074818
22465,0.52336174
22466,0.46992317
22467,0.41547787
22468,0.41547787
22469,0.41547787
22470,0.47531888
22471,0.4833666
22472,0.5748456
22473,0.41547787
22474,0.41547787
22475,0.41547787
22476,0.41547787
22477,0.41547787
22478,0.47082934
22479,0.41547787
22480,0.42897215
22481,0.42897215
22482,0.42231524
22483,0.41547787
22484,0.45324677
22485,0.41547787
22486,0.53943855
22487,0.5701751
22488,0.579466
22489,0.5800451
22490,0.425389
22491,0.41547787
22492,0.42897215
22493,0.43099397
22494,0.43143854
22495,0.5469157
22496,0.41547787
22497,0.41547787
22498,0.44214147
22499,0.41547787
22500,0.41547787
22501,0.41547787
22502,0.42897215
22503,0.41547787
22504,0.42841014
22505,0.41547787
22506,0.57679754
22507,0.4833666
22508,0.41547787
22509,0.57247967
22510,0.42231524
22511,0.53943855
22512,0.42897215
22513,0.41547787
22514,0.43099397
22515,0.5287377
22516,0.41547787
22517,0.49353984
22518,0.42231524
22519,0.41547787
22520,0.5800451
22521,0.505902
22522,0.42848936
22523,0.43099397
22524,0.43512952
22525,0.4323914
22526,0.41547787
22527,0.5800451
22528,0.42897215
22529,0.5800451
22530,0.46567443
22531,0.43099397
22532,0.44410157
22533,0.425389
22534,0.43099397
22535,0.51192844
22536,0.52017635
22537,0.41547787
22538,0.41547787
22539,0.45120338
22540,0.41547787
22541,0.42848936
22542,0.41547787
22543,0.42897215
22544,0.42897215
22545,0.41547787
22546,0.56826365
22547,0.41547787
22548,0.535374
22549,0.41547787
22550,0.4833666
22551,0.535638
22552,0.4520687
22553,0.41547787
22554,0.56826365
22555,0.45324677
22556,0.41547787
22557,0.43099397
22558,0.42897215
22559,0.45120338
22560,0.45963544
22561,0.41624448
22562,0.41547787
22563,0.43099397
22564,0.5683668
22565,0.5185828
22566,0.47552797
22567,0.41547787
22568,0.43512952
22569,0.42231524
22570,0.41547787
22571,0.42897215
22572,0.41547787
22573,0.42897215
22574,0.41547787
22575,0.4355693
22576,0.53543943
22577,0.4473023
22578,0.5074818
22579,0.41547787
22580,0.535374
22581,0.41547787
22582,0.48099905
22583,0.45324677
22584,0.5800451
22585,0.41547787
22586,0.41547787
22587,0.41547787
22588,0.42231524
22589,0.425389
22590,0.57679754
22591,0.42848936
22592,0.41547787
22593,0.41547787
22594,0.45120338
22595,0.48685387
22596,0.425389
22597,0.43099397
22598,0.56939167
22599,0.42897215
22600,0.41547787
22601,0.42897215
22602,0.41547787
22603,0.5800451
22604,0.41547787
22605,0.41547787
22606,0.43341684
22607,0.43099397
22608,0.56852245
22609,0.41547787
22610,0.41547787
22611,0.41547787
22612,0.5701751
22613,0.43099397
22614,0.5643673
22615,0.41547787
22616,0.4436219
22617,0.41547787
22618,0.41547787
22619,0.5800451
22620,0.579466
22621,0.41547787
22622,0.41547787
22623,0.41547787
22624,0.42897215
22625,0.41547787
22626,0.42897215
22627,0.579466
22628,0.43099397
22629,0.43512952
22630,0.579466
22631,0.41547787
22632,0.57679754
22633,0.48272702
22634,0.4871858
22635,0.425389
22636,0.45324677
22637,0.579466
22638,0.42897215
22639,0.45053428
22640,0.4871858
22641,0.43099397
22642,0.41547787
22643,0.41547787
22644,0.41547787
22645,0.42231524
22646,0.41547787
22647,0.44805628
22648,0.42897215
22649,0.579466
22650,0.41547787
22651,0.41547787
22652,0.41547787
22653,0.42841014
22654,0.54784495
22655,0.42231524
22656,0.50188094
22657,0.41547787
22658,0.41547787
22659,0.48685387
22660,0.41547787
22661,0.41547787
22662,0.5298001
22663,0.42897215
22664,0.41547787
22665,0.42897215
22666,0.41547787
22667,0.42314652
22668,0.44632283
22669,0.41547787
22670,0.41547787
22671,0.41547787
22672,0.42897215
22673,0.41547787
22674,0.41547787
22675,0.48473093
22676,0.41547787
22677,0.5501065
22678,0.41547787
22679,0.41547787
22680,0.45120338
22681,0.41547787
22682,0.41547787
22683,0.42231524
22684,0.41547787
22685,0.45865914
22686,0.5267946
22687,0.43099397
22688,0.41547787
22689,0.45120338
22690,0.41547787
22691,0.43099397
22692,0.579466
22693,0.4436219
22694,0.5510422
22695,0.47531888
22696,0.46392015
22697,0.45053428
22698,0.41547787
22699,0.41547787
22700,0.41547787
22701,0.5225133
22702,0.41547787
22703,0.425389
22704,0.41547787
22705,0.41547787
22706,0.44214147
22707,0.42231524
22708,0.41547787
22709,0.41547787
22710,0.5063677
22711,0.45444936
22712,0.41547787
22713,0.56852245
22714,0.42897215
22715,0.45444936
22716,0.41547787
22717,0.42897215
22718,0.41547787
22719,0.4398537
22720,0.41547787
22721,0.41547787
22722,0.44410157
22723,0.41547787
22724,0.4791601
22725,0.42897215
22726,0.43143854
22727,0.41547787
22728,0.4313923
22729,0.41547787
22730,0.41547787
22731,0.42231524
22732,0.4313923
22733,0.44186044
22734,0.41547787
22735,0.41547787
22736,0.44057274
22737,0.42897215
22738,0.41547787
22739,0.41547787
22740,0.41547787
22741,0.41547787
22742,0.41547787
22743,0.41547787
22744,0.41547787
22745,0.42231524
22746,0.41624448
22747,0.41547787
22748,0.5025919
22749,0.5185828
22750,0.41547787
22751,0.41547787
22752,0.41547787
22753,0.5287377
22754,0.42897215
22755,0.44323823
22756,0.41547787
22757,0.41547787
22758,0.53943855
22759,0.41547787
22760,0.41547787
22761,0.42897215
22762,0.41547787
22763,0.5510422
22764,0.41547787
22765,0.579466
22766,0.42897215
22767,0.425389
22768,0.41624448
22769,0.41547787
22770,0.4436219
22771,0.45120338
22772,0.42848936
22773,0.5410661
22774,0.5225133
22775,0.41547787
22776,0.5113094
22777,0.41547787
22778,0.45324677
22779,0.41547787
22780,0.42897215
22781,0.4867828
22782,0.41547787
22783,0.41547787
22784,0.41547787
22785,0.41547787
22786,0.45120338
22787,0.5246324
22788,0.41547787
22789,0.48685387
22790,0.46885565
22791,0.41547787
22792,0.42231524
22793,0.41547787
22794,0.41547787
22795,0.45324677
22796,0.54784495
22797,0.41547787
22798,0.41547787
22799,0.42897215
22800,0.43099397
22801,0.41547787
22802,0.425389
22803,0.41547787
22804,0.43099397
22805,0.41547787
22806,0.41547787
22807,0.41547787
22808,0.4313923
22809,0.45882162
22810,0.43099397
22811,0.41547787
22812,0.41547787
22813,0.41547787
22814,0.56852245
22815,0.54804265
22816,0.43099397
22817,0.41547787
22818,0.42897215
22819,0.45053428
22820,0.4398537
22821,0.41547787
22822,0.51915556
22823,0.41547787
22824,0.41547787
22825,0.41547787
22826,0.45306313
22827,0.425389
22828,0.42897215
22829,0.41547787
22830,0.41547787
22831,0.41547787
22832,0.42231524
22833,0.4520687
22834,0.54590905
22835,0.579466
22836,0.42314652
22837,0.43099397
22838,0.45120338
22839,0.5662127
22840,0.5236285
22841,0.41547787
22842,0.41547787
22843,0.41547787
22844,0.43099397
22845,0.57361317
22846,0.55344665
22847,0.41547787
22848,0.51322705
22849,0.41547787
22850,0.41547787
22851,0.45640266
22852,0.41547787
22853,0.54804265
22854,0.43099397
22855,0.43341684
22856,0.42897215
22857,0.55344665
22858,0.5800451
22859,0.41547787
22860,0.41547787
22861,0.41547787
22862,0.57679754
22863,0.41547787
22864,0.45324677
22865,0.45324677
22866,0.42897215
22867,0.41547787
22868,0.43099397
22869,0.5585715
22870,0.41547787
22871,0.44632283
22872,0.41547787
22873,0.41547787
22874,0.425389
22875,0.5185828
22876,0.52017635
22877,0.579466
22878,0.41547787
22879,0.425389
22880,0.57679754
22881,0.42897215
22882,0.44410157
22883,0.43341684
22884,0.43099397
22885,0.49353984
22886,0.45120338
22887,0.44140092
22888,0.42897215
22889,0.41547787
22890,0.4313923
22891,0.41547787
22892,0.43099397
22893,0.48121914
22894,0.48237914
22895,0.41547787
22896,0.5074818
22897,0.42231524
22898,0.5096415
22899,0.57247967
22900,0.41547787
22901,0.43085665
22902,0.41547787
22903,0.56643456
22904,0.45306313
22905,0.42897215
22906,0.45053428
22907,0.43099397
22908,0.41547787
22909,0.425389
22910,0.45120338
22911,0.43341684
22912,0.45053428
22913,0.41547787
22914,0.41547787
22915,0.42897215
22916,0.41547787
22917,0.41547787
22918,0.41547787
22919,0.579466
22920,0.41547787
22921,0.57679754
22922,0.53943855
22923,0.43512952
22924,0.41547787
22925,0.41547787
22926,0.41547787
22927,0.41547787
22928,0.41547787
22929,0.41624448
22930,0.425389
22931,0.41547787
22932,0.41547787
22933,0.5719546
22934,0.41547787
22935,0.41547787
22936,0.53943855
22937,0.42231524
22938,0.43099397
22939,0.45324677
22940,0.41547787
22941,0.579466
22942,0.41547787
22943,0.41547787
22944,0.41547787
22945,0.42897215
22946,0.41547787
22947,0.45120338
22948,0.41547787
22949,0.45444936
22950,0.41547787
22951,0.41547787
22952,0.41547787
22953,0.57247967
22954,0.41547787
22955,0.41547787
22956,0.44323823
22957,0.41547787
22958,0.42231524
22959,0.41547787
22960,0.4791601
22961,0.41547787
22962,0.4792948
22963,0.45324677
22964,0.41547787
22965,0.41547787
22966,0.425389
22967,0.41547787
22968,0.57247967
22969,0.41547787
22970,0.5185828
22971,0.41547787
22972,0.41547787
22973,0.41547787
22974,0.4473023
22975,0.51478773
22976,0.41547787
22977,0.41547787
22978,0.41547787
22979,0.4436219
22980,0.51915556
22981,0.41547787
22982,0.44186044
22983,0.4313923
22984,0.42231524
22985,0.41547787
22986,0.41547787
22987,0.41547787
22988,0.43099397
22989,0.53943855
22990,0.41547787
22991,0.42897215
22992,0.42897215
22993,0.41547787
22994,0.41547787
22995,0.41547787
22996,0.41547787
22997,0.41547787
22998,0.41547787
22999,0.41547787
23000,0.41547787
23001,0.48473093
23002,0.52017635
23003,0.425389
23004,0.44508424
23005,0.41547787
23006,0.41547787
23007,0.44214147
23008,0.45120338
23009,0.5800451
23010,0.41547787
23011,0.41547787
23012,0.43099397
23013,0.57679754
23014,0.41547787
23015,0.54784495
23016,0.45120338
23017,0.50704974
23018,0.42897215
23019,0.41547787
23020,0.41547787
23021,0.579466
23022,0.41547787
23023,0.46186927
23024,0.57247967
23025,0.43099397
23026,0.45324677
23027,0.44140092
23028,0.42897215
23029,0.4473023
23030,0.42897215
23031,0.44633052
23032,0.43099397
23033,0.42231524
23034,0.41547787
23035,0.41547787
23036,0.4791601
23037,0.4376294
23038,0.41547787
23039,0.50335246
23040,0.5800451
23041,0.41547787
23042,0.42231524
23043,0.43099397
23044,0.41547787
23045,0.535374
23046,0.42897215
23047,0.41547787
23048,0.41547787
23049,0.42231524
23050,0.55888206
23051,0.42841014
23052,0.43341684
23053,0.41547787
23054,0.41547787
23055,0.579466
23056,0.41547787
23057,0.44186044
23058,0.47624683
23059,0.41547787
23060,0.41547787
23061,0.42897215
23062,0.425389
23063,0.42897215
23064,0.5643673
23065,0.43099397
23066,0.4833666
23067,0.44273734
23068,0.535374
23069,0.41547787
23070,0.41547787
23071,0.5643673
23072,0.5096415
23073,0.5085068
23074,0.41547787
23075,0.42231524
23076,0.41547787
23077,0.42897215
23078,0.41547787
23079,0.43099397
23080,0.41547787
23081,0.43099397
23082,0.41547787
23083,0.41547787
23084,0.52234364
23085,0.42231524
23086,0.41547787
23087,0.53543943
23088,0.43341684
23089,0.43099397
23090,0.41547787
23091,0.42897215
23092,0.41547787
23093,0.43099397
23094,0.41547787
23095,0.41547787
23096,0.42314652
23097,0.42314652
23098,0.43099397
23099,0.42231524
23100,0.41547787
23101,0.57679754
23102,0.41547787
23103,0.42231524
23104,0.41547787
23105,0.43099397
23106,0.41547787
23107,0.41547787
23108,0.41547787
23109,0.53943855
23110,0.42231524
23111,0.41547787
23112,0.45120338
23113,0.43099397
23114,0.41547787
23115,0.47774372
23116,0.42897215
23117,0.57281744
23118,0.41547787
23119,0.41547787
23120,0.41547787
23121,0.41547787
23122,0.41547787
23123,0.45053428
23124,0.5800451
23125,0.4306436
23126,0.44273734
23127,0.41547787
23128,0.42897215
23129,0.579466
23130,0.41547787
23131,0.42897215
23132,0.41547787
23133,0.45324677
23134,0.535374
23135,0.45731676
23136,0.43099397
23137,0.48953384
23138,0.43099397
23139,0.41547787
23140,0.5170468
23141,0.43099397
23142,0.535638
23143,0.41547787
23144,0.5800451
23145,0.41547787
23146,0.53943855
23147,0.42231524
23148,0.41547787
23149,0.41547787
23150,0.42456803
23151,0.41547787
23152,0.41547787
23153,0.46186927
23154,0.53543943
23155,0.43099397
23156,0.41547787
23157,0.41547787
23158,0.4376294
23159,0.42897215
23160,0.47552797
23161,0.4398537
23162,0.5800451
23163,0.4473023
23164,0.41547787
23165,0.41547787
23166,0.57247967
23167,0.425389
23168,0.51322705
23169,0.45343828
23170,0.41547787
23171,0.56939167
23172,0.45324677
23173,0.41547787
23174,0.42848936
23175,0.41547787
23176,0.47552797
23177,0.41547787
23178,0.57679754
23179,0.41547787
23180,0.41547787
23181,0.5469157
23182,0.42897215
23183,0.5701751
23184,0.45120338
23185,0.42314652
23186,0.41547787
23187,0.57679754
23188,0.41547787
23189,0.42314652
23190,0.41547787
23191,0.41547787
23192,0.42231524
23193,0.41547787
23194,0.41547787
23195,0.42897215
23196,0.41547787
23197,0.45963544
23198,0.41547787
23199,0.45120338
23200,0.56643456
23201,0.41547787
23202,0.44186044
23203,0.43099397
23204,0.41547787
23205,0.42231524
23206,0.57247967
23207,0.425389
23208,0.5462459
23209,0.41547787
23210,0.4986486
23211,0.42897215
23212,0.45324677
23213,0.43512952
23214,0.41547787
23215,0.41547787
23216,0.43099397
23217,0.5074818
23218,0.52198935
23219,0.41547787
23220,0.41547787
23221,0.41547787
23222,0.41547787
23223,0.42897215
23224,0.4871858
23225,0.41547787
23226,0.43099397
23227,0.41547787
23228,0.41547787
23229,0.42897215
23230,0.43512952
23231,0.44273734
23232,0.41547787
23233,0.41547787
23234,0.42231524
23235,0.4833666
23236,0.43099397
23237,0.41547787
23238,0.41547787
23239,0.41547787
23240,0.5701751
23241,0.41547787
23242,0.41547787
23243,0.4833666
23244,0.425389
23245,0.5683668
23246,0.5510422
23247,0.42897215
23248,0.41547787
23249,0.47551793
23250,0.5568761
23251,0.41547787
23252,0.42897215
23253,0.45120338
23254,0.41547787
23255,0.41547787
23256,0.41547787
23257,0.41547787
23258,0.46186927
23259,0.45324677
23260,0.5800451
23261,0.57247967
23262,0.42897215
23263,0.41547787
23264,0.42897215
23265,0.41547787
23266,0.53498304
23267,0.4791601
23268,0.55344665
23269,0.41547787
23270,0.57147604
23271,0.45120338
23272,0.41547787
23273,0.4717857
23274,0.45120338
23275,0.41547787
23276,0.56852245
23277,0.42897215
23278,0.43099397
23279,0.52336174
23280,0.535374
23281,0.45324677
23282,0.5800451
23283,0.41547787
23284,0.5351357
23285,0.41547787
23286,0.41547787
23287,0.42897215
23288,0.41547787
23289,0.43099397
23290,0.42848936
23291,0.45120338
23292,0.43512952
23293,0.41547787
23294,0.44273734
23295,0.41547787
23296,0.47774372
23297,0.43099397
23298,0.46392015
23299,0.41547787
23300,0.41547787
23301,0.535638
23302,0.5670182
23303,0.49282253
23304,0.51322705
23305,0.45640266
23306,0.48953384
23307,0.41547787
23308,0.57361317
23309,0.44323823
23310,0.41547787
23311,0.5321032
23312,0.43099397
23313,0.41547787
23314,0.45120338
23315,0.41547787
23316,0.48283893
23317,0.51684755
23318,0.41547787
23319,0.46392015
23320,0.54804265
23321,0.43099397
23322,0.53943855
23323,0.41547787
23324,0.44739878
23325,0.41547787
23326,0.41547787
23327,0.41547787
23328,0.5683668
23329,0.43512952
23330,0.41547787
23331,0.41547787
23332,0.42897215
23333,0.45120338
23334,0.42848936
23335,0.41547787
23336,0.41547787
23337,0.43099397
23338,0.55045414
23339,0.53943855
23340,0.43099397
23341,0.53047514
23342,0.42897215
23343,0.42897215
23344,0.41547787
23345,0.43099397
23346,0.49866575
23347,0.41547787
23348,0.41547787
23349,0.41547787
23350,0.43674743
23351,0.5683668
23352,0.41547787
23353,0.41547787
23354,0.5351357
23355,0.535638
23356,0.41547787
23357,0.4791601
23358,0.5643673
23359,0.41547787
23360,0.42231524
23361,0.42848936
23362,0.46992317
23363,0.44214147
23364,0.48121914
23365,0.55344665
23366,0.41547787
23367,0.42231524
23368,0.43099397
23369,0.44739878
23370,0.42897215
23371,0.45324677
23372,0.45120338
23373,0.41547787
23374,0.42897215
23375,0.4238516
23376,0.56852245
23377,0.41547787
23378,0.5683668
23379,0.50188094
23380,0.41547787
23381,0.45324677
23382,0.41547787
23383,0.47082934
23384,0.41547787
23385,0.42897215
23386,0.43099397
23387,0.5074818
23388,0.56480956
23389,0.43099397
23390,0.57679754
23391,0.41547787
23392,0.41547787
23393,0.42231524
23394,0.51665676
23395,0.41547787
23396,0.43930444
23397,0.535638
23398,0.41547787
23399,0.47237366
23400,0.41547787
23401,0.41547787
23402,0.4398537
23403,0.47774372
23404,0.43099397
23405,0.53943855
23406,0.5800451
23407,0.41547787
23408,0.42231524
23409,0.46992317
23410,0.41547787
23411,0.45120338
23412,0.42897215
23413,0.41547787
23414,0.42231524
23415,0.41547787
23416,0.42231524
23417,0.41547787
23418,0.41547787
23419,0.41547787
23420,0.41547787
23421,0.535374
23422,0.4420515
23423,0.41547787
23424,0.42231524
23425,0.48036027
23426,0.41547787
23427,0.41547787
23428,0.41547787
23429,0.41547787
23430,0.43099397
23431,0.52198935
23432,0.41547787
23433,0.5003506
23434,0.43099397
23435,0.42231524
23436,0.5287377
23437,0.425389
23438,0.43099397
23439,0.44214147
23440,0.45324677
23441,0.41547787
23442,0.5074818
23443,0.41547787
23444,0.5254731
23445,0.41547787
23446,0.42897215
23447,0.41547787
23448,0.54784495
23449,0.45120338
23450,0.41547787
23451,0.41547787
23452,0.41547787
23453,0.5113094
23454,0.5800451
23455,0.41547787
23456,0.41547787
23457,0.579466
23458,0.42897215
23459,0.43341684
23460,0.41547787
23461,0.42897215
23462,0.41547787
23463,0.47531888
23464,0.41547787
23465,0.54804265
23466,0.46992317
23467,0.41547787
23468,0.42897215
23469,0.41547787
23470,0.42897215
23471,0.41547787
23472,0.52345747
23473,0.55344665
23474,0.42314652
23475,0.41547787
23476,0.5415174
23477,0.5074818
23478,0.42841014
23479,0.45120338
23480,0.41547787
23481,0.45120338
23482,0.41624448
23483,0.41547787
23484,0.5800451
23485,0.41547787
23486,0.41547787
23487,0.41547787
23488,0.41547787
23489,0.41547787
23490,0.45324677
23491,0.41547787
23492,0.5351357
23493,0.41547787
23494,0.47826013
23495,0.425389
23496,0.41547787
23497,0.55346394
23498,0.42231524
23499,0.41547787
23500,0.41547787
23501,0.41547787
23502,0.41547787
23503,0.43341684
23504,0.5359056
23505,0.41547787
23506,0.4435658
23507,0.42231524
23508,0.42231524
23509,0.43099397
23510,0.41547787
23511,0.54784495
23512,0.56643456
23513,0.41547787
23514,0.53176254
23515,0.42897215
23516,0.41547787
23517,0.41547787
23518,0.41547787
23519,0.41547787
23520,0.44273734
23521,0.56852245
23522,0.43099397
23523,0.42897215
23524,0.41547787
23525,0.5410661
23526,0.56852245
23527,0.46392015
23528,0.4348055
23529,0.43099397
23530,0.535374
23531,0.49282253
23532,0.41547787
23533,0.4313923
23534,0.41547787
23535,0.42897215
23536,0.41547787
23537,0.41547787
23538,0.44186044
23539,0.41547787
23540,0.43099397
23541,0.41547787
23542,0.42897215
23543,0.41547787
23544,0.41547787
23545,0.425389
23546,0.502151
23547,0.41547787
23548,0.42231524
23549,0.41547787
23550,0.44186044
23551,0.41547787
23552,0.41547787
23553,0.49866575
23554,0.41547787
23555,0.579466
23556,0.42848936
23557,0.42897215
23558,0.41547787
23559,0.42897215
23560,0.41547787
23561,0.57679754
23562,0.41547787
23563,0.45120338
23564,0.41547787
23565,0.46392015
23566,0.43099397
23567,0.4630284
23568,0.41823262
23569,0.53943855
23570,0.5800451
23571,0.579466
23572,0.41547787
23573,0.41547787
23574,0.41547787
23575,0.41547787
23576,0.41547787
23577,0.41547787
23578,0.41547787
23579,0.57361317
23580,0.5248524
23581,0.42897215
23582,0.41547787
23583,0.41547787
23584,0.41547787
23585,0.41547787
23586,0.42897215
23587,0.41547787
23588,0.41547787
23589,0.43099397
23590,0.41547787
23591,0.42897215
23592,0.41547787
23593,0.41547787
23594,0.43099397
23595,0.5670182
23596,0.54784495
23597,0.5074818
23598,0.42897215
23599,0.41547787
23600,0.42897215
23601,0.425389
23602,0.42897215
23603,0.41547787
23604,0.42897215
23605,0.41547787
23606,0.56826365
23607,0.56826365
23608,0.41547787
23609,0.41547787
23610,0.43099397
23611,0.41547787
23612,0.425389
23613,0.43099397
23614,0.41547787
23615,0.53943855
23616,0.43099397
23617,0.41547787
23618,0.579466
23619,0.41547787
23620,0.41547787
23621,0.43099397
23622,0.42841014
23623,0.41547787
23624,0.47552797
23625,0.5800451
23626,0.41547787
23627,0.42231524
23628,0.41547787
23629,0.41547787
23630,0.41547787
23631,0.5438526
23632,0.41547787
23633,0.579466
23634,0.41547787
23635,0.42897215
23636,0.41547787
23637,0.41547787
23638,0.45640266
23639,0.41547787
23640,0.41547787
23641,0.41547787
23642,0.42231524
23643,0.42897215
23644,0.45324677
23645,0.41547787
23646,0.51915556
23647,0.41547787
23648,0.43099397
23649,0.42897215
23650,0.5510422
23651,0.41547787
23652,0.41547787
23653,0.579466
23654,0.41547787
23655,0.50188094
23656,0.42897215
23657,0.44214147
23658,0.535638
23659,0.41547787
23660,0.43099397
23661,0.42897215
23662,0.45120338
23663,0.41547787
23664,0.57679754
23665,0.41547787
23666,0.41547787
23667,0.45120338
23668,0.41547787
23669,0.5670182
23670,0.42231524
23671,0.41547787
23672,0.41624448
23673,0.41547787
23674,0.5236285
23675,0.42897215
23676,0.41547787
23677,0.45444936
23678,0.56852245
23679,0.43143854
23680,0.505902
23681,0.43099397
23682,0.41547787
23683,0.48237914
23684,0.41547787
23685,0.535374
23686,0.43099397
23687,0.5510422
23688,0.41547787
23689,0.41547787
23690,0.47552797
23691,0.47552797
23692,0.41547787
23693,0.54700696
23694,0.579466
23695,0.41547787
23696,0.47774372
23697,0.42848936
23698,0.54784495
23699,0.42231524
23700,0.43674743
23701,0.41547787
23702,0.5410661
23703,0.41547787
23704,0.4811137
23705,0.41547787
23706,0.41547787
23707,0.41547787
23708,0.4355693
23709,0.42897215
23710,0.41547787
23711,0.42314652
23712,0.41547787
23713,0.49743876
23714,0.5236285
23715,0.57679754
23716,0.41547787
23717,0.44739878
23718,0.41547787
23719,0.42231524
23720,0.48099905
23721,0.41547787
23722,0.41547787
23723,0.5800451
23724,0.42231524
23725,0.41547787
23726,0.41547787
23727,0.42897215
23728,0.4939019
23729,0.41547787
23730,0.57247967
23731,0.41624448
23732,0.41547787
23733,0.41547787
23734,0.57247967
23735,0.41547787
23736,0.41547787
23737,0.41547787
23738,0.43810773
23739,0.42231524
23740,0.41547787
23741,0.5351357
23742,0.46992317
23743,0.41547787
23744,0.41547787
23745,0.579466
23746,0.41547787
23747,0.42897215
23748,0.579466
23749,0.47399983
23750,0.47552797
23751,0.41547787
23752,0.579466
23753,0.41547787
23754,0.41547787
23755,0.42897215
23756,0.41624448
23757,0.48121914
23758,0.41547787
23759,0.43099397
23760,0.41547787
23761,0.41547787
23762,0.41547787
23763,0.579466
23764,0.41547787
23765,0.42231524
23766,0.41547787
23767,0.41547787
23768,0.54284793
23769,0.45120338
23770,0.5096415
23771,0.41547787
23772,0.45120338
23773,0.41547787
23774,0.47552797
23775,0.48685387
23776,0.41547787
23777,0.45053428
23778,0.579466
23779,0.45120338
23780,0.57679754
23781,0.42231524
23782,0.425389
23783,0.41547787
23784,0.41547787
23785,0.41547787
23786,0.53943855
23787,0.46186927
23788,0.42897215
23789,0.45324677
23790,0.535374
23791,0.41547787
23792,0.41547787
23793,0.41547787
23794,0.41547787
23795,0.41547787
23796,0.41547787
23797,0.52432877
23798,0.41547787
23799,0.5074818
23800,0.45120338
23801,0.42897215
23802,0.45120338
23803,0.55888206
23804,0.42231524
23805,0.55045414
23806,0.49282253
23807,0.43099397
23808,0.41547787
23809,0.53943855
23810,0.41547787
23811,0.52803415
23812,0.57247967
23813,0.42897215
23814,0.41547787
23815,0.41547787
23816,0.42897215
23817,0.56852245
23818,0.41547787
23819,0.45324677
23820,0.41547787
23821,0.41547787
23822,0.41547787
23823,0.43341684
23824,0.41547787
23825,0.42897215
23826,0.4630284
23827,0.43099397
23828,0.41547787
23829,0.42848936
23830,0.43099397
23831,0.42231524
23832,0.5683668
23833,0.41547787
23834,0.41547787
23835,0.41547787
23836,0.42231524
23837,0.41547787
23838,0.42897215
23839,0.41547787
23840,0.48121914
23841,0.50345224
23842,0.44827285
23843,0.41547787
23844,0.43674743
23845,0.47283882
23846,0.41547787
23847,0.41547787
23848,0.41547787
23849,0.5510422
23850,0.41547787
23851,0.44805628
23852,0.41547787
23853,0.41547787
23854,0.53943855
23855,0.41624448
23856,0.42231524
23857,0.42897215
23858,0.43099397
23859,0.41547787
23860,0.41547787
23861,0.4398537
23862,0.41547787
23863,0.41547787
23864,0.41547787
23865,0.425389
23866,0.42231524
23867,0.57679754
23868,0.48504788
23869,0.41547787
23870,0.41547787
23871,0.5074818
23872,0.41547787
23873,0.41547787
23874,0.49353984
23875,0.41547787
23876,0.41547787
23877,0.42848936
23878,0.5683668
23879,0.41547787
23880,0.41547787
23881,0.5800451
23882,0.5670182
23883,0.43099397
23884,0.41547787
23885,0.5800451
23886,0.41547787
23887,0.41547787
23888,0.42897215
23889,0.47082934
23890,0.41547787
23891,0.41547787
23892,0.46392015
23893,0.41547787
23894,0.46186927
23895,0.41547787
23896,0.48953384
23897,0.45324677
23898,0.41547787
23899,0.42897215
23900,0.41547787
23901,0.42231524
23902,0.41547787
23903,0.41547787
23904,0.42303142
23905,0.42897215
23906,0.42231524
23907,0.41547787
23908,0.41547787
23909,0.41547787
23910,0.41547787
23911,0.41547787
23912,0.425389
23913,0.41547787
23914,0.41547787
23915,0.41547787
23916,0.47524875
23917,0.41547787
23918,0.535374
23919,0.41547787
23920,0.4997005
23921,0.41547787
23922,0.41547787
23923,0.53417635
23924,0.41547787
23925,0.55045414
23926,0.41547787
23927,0.48775762
23928,0.42231524
23929,0.5025919
23930,0.42848936
23931,0.41547787
23932,0.42231524
23933,0.41547787
23934,0.43099397
23935,0.42897215
23936,0.41547787
23937,0.43099397
23938,0.41547787
23939,0.471746
23940,0.43099397
23941,0.54590905
23942,0.42848936
23943,0.41547787
23944,0.43099397
23945,0.425389
23946,0.41547787
23947,0.4313923
23948,0.48685387
23949,0.41547787
23950,0.41547787
23951,0.41547787
23952,0.42897215
23953,0.41547787
23954,0.425389
23955,0.42231524
23956,0.425389
23957,0.41547787
23958,0.46016878
23959,0.41547787
23960,0.425389
23961,0.45120338
23962,0.41547787
23963,0.49098143
23964,0.425389
23965,0.42231524
23966,0.41547787
23967,0.41547787
23968,0.41547787
23969,0.41547787
23970,0.5165396
23971,0.41547787
23972,0.41547787
23973,0.41547787
23974,0.5074818
23975,0.57679754
23976,0.41547787
23977,0.5800451
23978,0.41547787
23979,0.43099397
23980,0.4997005
23981,0.41547787
23982,0.42456803
23983,0.5800451
23984,0.41547787
23985,0.41547787
23986,0.45279092
23987,0.43099397
23988,0.41547787
23989,0.45120338
23990,0.45120338
23991,0.52345747
23992,0.45324677
23993,0.41547787
23994,0.5063677
23995,0.42897215
23996,0.43674743
23997,0.43099397
23998,0.57679754
23999,0.48121914
24000,0.41547787
24001,0.41547787
24002,0.41547787
24003,0.41624448
24004,0.42897215
24005,0.50781846
24006,0.5096415
24007,0.41547787
24008,0.41547787
24009,0.41547787
24010,0.41547787
24011,0.41547787
24012,0.41547787
24013,0.4833666
24014,0.55106235
24015,0.56826365
24016,0.41547787
24017,0.48769388
24018,0.41547787
24019,0.41547787
24020,0.41547787
24021,0.42897215
24022,0.42848936
24023,0.5800451
24024,0.54804265
24025,0.41547787
24026,0.41547787
24027,0.41547787
24028,0.41547787
24029,0.5086408
24030,0.41547787
24031,0.41547787
24032,0.43099397
24033,0.41547787
24034,0.425389
24035,0.41547787
24036,0.43341684
24037,0.41547787
24038,0.43674743
24039,0.5670182
24040,0.41547787
24041,0.5800451
24042,0.52234364
24043,0.425389
24044,0.48536476
24045,0.579466
24046,0.4717857
24047,0.41547787
24048,0.42897215
24049,0.42897215
24050,0.425389
24051,0.41547787
24052,0.41547787
24053,0.44739878
24054,0.41547787
24055,0.52783525
24056,0.41547787
24057,0.42456803
24058,0.45120338
24059,0.5438526
24060,0.56735706
24061,0.41547787
24062,0.42231524
24063,0.41547787
24064,0.41547787
24065,0.41547787
24066,0.42231524
24067,0.41547787
24068,0.42841014
24069,0.41547787
24070,0.44140092
24071,0.425389
24072,0.42897215
24073,0.5670182
24074,0.42848936
24075,0.579466
24076,0.42897215
24077,0.45640266
24078,0.41547787
24079,0.5349777
24080,0.42841014
24081,0.41547787
24082,0.50188094
24083,0.5410661
24084,0.41547787
24085,0.47774372
24086,0.41547787
24087,0.43099397
24088,0.46992317
24089,0.50895274
24090,0.46105602
24091,0.4348055
24092,0.41547787
24093,0.42897215
24094,0.42897215
24095,0.41547787
24096,0.43099397
24097,0.42897215
24098,0.46392015
24099,0.43674743
24100,0.41547787
24101,0.42231524
24102,0.41547787
24103,0.5113094
24104,0.4313923
24105,0.425389
24106,0.42231524
24107,0.41547787
24108,0.41547787
24109,0.579466
24110,0.5683668
24111,0.54347366
24112,0.43099397
24113,0.41547787
24114,0.41547787
24115,0.41547787
24116,0.5800451
24117,0.42897215
24118,0.41547787
24119,0.42897215
24120,0.42897215
24121,0.43099397
24122,0.41547787
24123,0.41547787
24124,0.45324677
24125,0.41547787
24126,0.41547787
24127,0.41547787
24128,0.41547787
24129,0.41547787
24130,0.41624448
24131,0.43099397
24132,0.41547787
24133,0.43099397
24134,0.5683668
24135,0.49097803
24136,0.45615572
24137,0.41547787
24138,0.41547787
24139,0.41547787
24140,0.41547787
24141,0.579466
24142,0.425389
24143,0.49282253
24144,0.49282253
24145,0.41547787
24146,0.425389
24147,0.45120338
24148,0.42897215
24149,0.41547787
24150,0.43099397
24151,0.43099397
24152,0.57361317
24153,0.4398537
24154,0.5254731
24155,0.44410157
24156,0.46186927
24157,0.41547787
24158,0.48504788
24159,0.42231524
24160,0.45120338
24161,0.57679754
24162,0.42231524
24163,0.42231524
24164,0.42897215
24165,0.41547787
24166,0.42897215
24167,0.5513837
24168,0.42848936
24169,0.41547787
24170,0.41547787
24171,0.4791601
24172,0.41547787
24173,0.41547787
24174,0.5510422
24175,0.45120338
24176,0.41547787
24177,0.42897215
24178,0.579466
24179,0.42897215
24180,0.46186927
24181,0.5185828
24182,0.41547787
24183,0.41547787
24184,0.50188094
24185,0.5090907
24186,0.41547787
24187,0.41547787
24188,0.41547787
24189,0.42897215
24190,0.42897215
24191,0.41547787
24192,0.57679754
24193,0.41547787
24194,0.41547787
24195,0.41547787
24196,0.41547787
24197,0.47774372
24198,0.41547787
24199,0.55045414
24200,0.43341684
24201,0.41547787
24202,0.45053428
24203,0.5296174
24204,0.41547787
24205,0.42897215
24206,0.42897215
24207,0.44739878
24208,0.41547787
24209,0.42897215
24210,0.41547787
24211,0.43099397
24212,0.41547787
24213,0.43099397
24214,0.41547787
24215,0.45324677
24216,0.45324677
24217,0.41547787
24218,0.41547787
24219,0.4436219
24220,0.41547787
24221,0.5063677
24222,0.45120338
24223,0.45120338
24224,0.45120338
24225,0.43099397
24226,0.42897215
24227,0.41547787
24228,0.41547787
24229,0.425389
24230,0.5063677
24231,0.41547787
24232,0.41547787
24233,0.41547787
24234,0.41547787
24235,0.43099397
24236,0.53943855
24237,0.42897215
24238,0.42897215
24239,0.49743876
24240,0.41547787
24241,0.4355693
24242,0.41547787
24243,0.43099397
24244,0.44632283
24245,0.41547787
24246,0.45053428
24247,0.43099397
24248,0.42231524
24249,0.41547787
24250,0.41547787
24251,0.41547787
24252,0.41547787
24253,0.43099397
24254,0.55045414
24255,0.41547787
24256,0.41547787
24257,0.41547787
24258,0.42897215
24259,0.42231524
24260,0.43099397
24261,0.425389
24262,0.42897215
24263,0.44410157
24264,0.41547787
24265,0.41547787
24266,0.41547787
24267,0.46992317
24268,0.41547787
24269,0.42897215
24270,0.5681919
24271,0.41547787
24272,0.41547787
24273,0.41547787
24274,0.4313923
24275,0.52441156
24276,0.425389
24277,0.43099397
24278,0.42231524
24279,0.41547787
24280,0.425389
24281,0.41547787
24282,0.48121914
24283,0.42897215
24284,0.41547787
24285,0.41547787
24286,0.52918094
24287,0.52336174
24288,0.54432404
24289,0.41547787
24290,0.43099397
24291,0.41547787
24292,0.41547787
24293,0.41624448
24294,0.42897215
24295,0.42231524
24296,0.41547787
24297,0.41547787
24298,0.48237914
24299,0.45120338
24300,0.41547787
24301,0.4717857
24302,0.41547787
24303,0.41547787
24304,0.41547787
24305,0.41547787
24306,0.41547787
24307,0.5670182
24308,0.57361317
24309,0.42897215
24310,0.41547787
24311,0.4313923
24312,0.41547787
24313,0.41547787
24314,0.41547787
24315,0.41547787
24316,0.41547787
24317,0.48237914
24318,0.5410661
24319,0.535374
24320,0.41547787
24321,0.42897215
24322,0.42897215
24323,0.4313923
24324,0.41547787
24325,0.5800451
24326,0.5800451
24327,0.42897215
24328,0.41547787
24329,0.41547787
24330,0.49275708
24331,0.41547787
24332,0.41547787
24333,0.41547787
24334,0.43099397
24335,0.48121914
24336,0.5800451
24337,0.42897215
24338,0.44323823
24339,0.535638
24340,0.41547787
24341,0.42897215
24342,0.42231524
24343,0.41547787
24344,0.41547787
24345,0.42897215
24346,0.41547787
24347,0.46392015
24348,0.41547787
24349,0.5670182
24350,0.42231524
24351,0.41547787
24352,0.45963544
24353,0.41547787
24354,0.42897215
24355,0.43341684
24356,0.41547787
24357,0.41547787
24358,0.41547787
24359,0.42897215
24360,0.41547787
24361,0.42897215
24362,0.41547787
24363,0.5800451
24364,0.42897215
24365,0.41547787
24366,0.41547787
24367,0.45053428
24368,0.45882162
24369,0.41547787
24370,0.41547787
24371,0.42897215
24372,0.41547787
24373,0.579466
24374,0.43099397
24375,0.54284793
24376,0.45324677
24377,0.41547787
24378,0.41547787
24379,0.50895274
24380,0.5510422
24381,0.5628083
24382,0.41547787
24383,0.45324677
24384,0.52336174
24385,0.41547787
24386,0.45120338
24387,0.5351357
24388,0.41547787
24389,0.41547787
24390,0.43099397
24391,0.5043357
24392,0.46392015
24393,0.42897215
24394,0.42897215
24395,0.41547787
24396,0.5510422
24397,0.41547787
24398,0.41547787
24399,0.41547787
24400,0.42231524
24401,0.41547787
24402,0.41547787
24403,0.53943855
24404,0.41547787
24405,0.42231524
24406,0.41547787
24407,0.44186044
24408,0.54804265
24409,0.42231524
24410,0.53943855
24411,0.41547787
24412,0.45053428
24413,0.41547787
24414,0.41547787
24415,0.41547787
24416,0.41547787
24417,0.41547787
24418,0.56643456
24419,0.42231524
24420,0.41547787
24421,0.41547787
24422,0.54804265
24423,0.41547787
24424,0.41547787
24425,0.425389
24426,0.5074818
24427,0.41547787
24428,0.42897215
24429,0.49542153
24430,0.44057274
24431,0.42231524
24432,0.41547787
24433,0.41547787
24434,0.41547787
24435,0.46186927
24436,0.43099397
24437,0.45172405
24438,0.41547787
24439,0.41547787
24440,0.41547787
24441,0.41547787
24442,0.4313923
24443,0.535374
24444,0.42897215
24445,0.56735706
24446,0.42897215
24447,0.47531888
24448,0.41547787
24449,0.43099397
24450,0.41547787
24451,0.4317455
24452,0.579466
24453,0.45120338
24454,0.41547787
24455,0.41547787
24456,0.43341684
24457,0.42897215
24458,0.41547787
24459,0.43341684
24460,0.41547787
24461,0.41547787
24462,0.535374
24463,0.41547787
24464,0.5153664
24465,0.50188094
24466,0.5565945
24467,0.45053428
24468,0.41547787
24469,0.41547787
24470,0.41547787
24471,0.53237057
24472,0.44214147
24473,0.52336174
24474,0.5096415
24475,0.41547787
24476,0.41547787
24477,0.42314652
24478,0.43099397
24479,0.41547787
24480,0.41547787
24481,0.41547787
24482,0.535374
24483,0.42231524
24484,0.41547787
24485,0.41547787
24486,0.41547787
24487,0.45120338
24488,0.4811137
24489,0.42231524
24490,0.41547787
24491,0.49548632
24492,0.45120338
24493,0.41547787
24494,0.43099397
24495,0.41547787
24496,0.41547787
24497,0.49469578
24498,0.43099397
24499,0.41547787
24500,0.41547787
24501,0.5096415
24502,0.41547787
24503,0.41547787
24504,0.41547787
24505,0.41547787
24506,0.41547787
24507,0.41547787
24508,0.41547787
24509,0.43512952
24510,0.47552797
24511,0.4640069
24512,0.45882162
24513,0.41547787
24514,0.53943855
24515,0.45120338
24516,0.42231524
24517,0.41547787
24518,0.5800451
24519,0.5800451
24520,0.41547787
24521,0.4313923
24522,0.41547787
24523,0.5074818
24524,0.41547787
24525,0.45324677
24526,0.41547787
24527,0.41547787
24528,0.45053428
24529,0.41547787
24530,0.41547787
24531,0.41547787
24532,0.57679754
24533,0.44696295
24534,0.48099905
24535,0.43099397
24536,0.52783525
24537,0.45120338
24538,0.43512952
24539,0.4473023
24540,0.55005735
24541,0.42231524
24542,0.45120338
24543,0.42037305
24544,0.4473023
24545,0.41547787
24546,0.48121914
24547,0.42231524
24548,0.5800451
24549,0.42897215
24550,0.41547787
24551,0.41547787
24552,0.41547787
24553,0.41547787
24554,0.41547787
24555,0.41547787
24556,0.41547787
24557,0.42231524
24558,0.579466
24559,0.42897215
24560,0.5510422
24561,0.4643197
24562,0.579466
24563,0.41547787
24564,0.41547787
24565,0.42231524
24566,0.42231524
24567,0.41547787
24568,0.5074818
24569,0.41547787
24570,0.4473023
24571,0.41547787
24572,0.45120338
24573,0.41547787
24574,0.41547787
24575,0.42231524
24576,0.5800451
24577,0.41547787
24578,0.41547787
24579,0.5719546
24580,0.41547787
24581,0.5800451
24582,0.5063677
24583,0.5670182
24584,0.5800451
24585,0.41547787
24586,0.41547787
24587,0.45882162
24588,0.42848936
24589,0.4313923
24590,0.45324677
24591,0.41547787
24592,0.45882162
24593,0.42456803
24594,0.5074818
24595,0.41547787
24596,0.5800451
24597,0.41547787
24598,0.41547787
24599,0.41547787
24600,0.4473023
24601,0.46992317
24602,0.41547787
24603,0.41547787
24604,0.41547787
24605,0.41547787
24606,0.5510422
24607,0.41547787
24608,0.42231524
24609,0.48121914
24610,0.41547787
24611,0.41547787
24612,0.53943855
24613,0.42897215
24614,0.41547787
24615,0.42897215
24616,0.5510422
24617,0.42897215
24618,0.5510422
24619,0.42897215
24620,0.43512952
24621,0.44186044
24622,0.41547787
24623,0.42897215
24624,0.41547787
24625,0.5462459
24626,0.47524875
24627,0.41547787
24628,0.42897215
24629,0.43099397
24630,0.44991964
24631,0.41547787
24632,0.41547787
24633,0.41547787
24634,0.44273734
24635,0.45120338
24636,0.45324677
24637,0.467631
24638,0.41547787
24639,0.45053428
24640,0.41547787
24641,0.57679754
24642,0.5165547
24643,0.41547787
24644,0.45120338
24645,0.48953384
24646,0.47531888
24647,0.4791601
24648,0.4833666
24649,0.41547787
24650,0.41547787
24651,0.42897215
24652,0.45444936
24653,0.4791601
24654,0.579466
24655,0.42848936
24656,0.41547787
24657,0.57679754
24658,0.54804265
24659,0.41547787
24660,0.41547787
24661,0.43930444
24662,0.53943855
24663,0.41547787
24664,0.42897215
24665,0.42231524
24666,0.41547787
24667,0.43341684
24668,0.5351357
24669,0.54784495
24670,0.50188094
24671,0.5800451
24672,0.42897215
24673,0.41547787
24674,0.4355693
24675,0.41547787
24676,0.41547787
24677,0.5510422
24678,0.579466
24679,0.425389
24680,0.579466
24681,0.41547787
24682,0.41547787
24683,0.41624448
24684,0.5800451
24685,0.41624448
24686,0.42841014
24687,0.42897215
24688,0.53943855
24689,0.53943855
24690,0.41547787
24691,0.41547787
24692,0.57679754
24693,0.44273734
24694,0.41547787
24695,0.43099397
24696,0.44827285
24697,0.41547787
24698,0.41547787
24699,0.5681919
24700,0.43099397
24701,0.41547787
24702,0.42897215
24703,0.41547787
24704,0.41547787
24705,0.45324677
24706,0.4520687
24707,0.5113094
24708,0.41547787
24709,0.45120338
24710,0.41547787
24711,0.41547787
24712,0.5469157
24713,0.42897215
24714,0.42897215
24715,0.41547787
24716,0.4833666
24717,0.41624448
24718,0.41547787
24719,0.43099397
24720,0.45324677
24721,0.45324677
24722,0.41547787
24723,0.41547787
24724,0.42897215
24725,0.5351357
24726,0.43099397
24727,0.41547787
24728,0.535374
24729,0.41547787
24730,0.41547787
24731,0.42897215
24732,0.43099397
24733,0.45053428
24734,0.44214147
24735,0.41547787
24736,0.43099397
24737,0.41547787
24738,0.42897215
24739,0.41547787
24740,0.43099397
24741,0.42231524
24742,0.44186044
24743,0.41547787
24744,0.45120338
24745,0.42897215
24746,0.42231524
24747,0.42841014
24748,0.5003506
24749,0.41547787
24750,0.4420515
24751,0.42897215
24752,0.41547787
24753,0.41624448
24754,0.41547787
24755,0.41547787
24756,0.41547787
24757,0.45963544
24758,0.41547787
24759,0.41547787
24760,0.41547787
24761,0.41547787
24762,0.49743876
24763,0.42456803
24764,0.41547787
24765,0.41547787
24766,0.41547787
24767,0.4313923
24768,0.42848936
24769,0.41547787
24770,0.41547787
24771,0.41547787
24772,0.43099397
24773,0.42897215
24774,0.45324677
24775,0.41547787
24776,0.45120338
24777,0.42231524
24778,0.51556575
24779,0.41547787
24780,0.41547787
24781,0.41547787
24782,0.5681919
24783,0.4376294
24784,0.48121914
24785,0.4473023
24786,0.45120338
24787,0.41547787
24788,0.53943855
24789,0.42231524
24790,0.41547787
24791,0.43099397
24792,0.41547787
24793,0.5025919
24794,0.41547787
24795,0.41547787
24796,0.5800451
24797,0.41547787
24798,0.41547787
24799,0.41547787
24800,0.42231524
24801,0.41547787
24802,0.54804265
24803,0.41547787
24804,0.41547787
24805,0.42897215
24806,0.41547787
24807,0.42231524
24808,0.41547787
24809,0.45324677
24810,0.41547787
24811,0.41547787
24812,0.41547787
24813,0.43099397
24814,0.46186927
24815,0.41547787
24816,0.41547787
24817,0.41547787
24818,0.42231524
24819,0.5074818
24820,0.56643456
24821,0.41547787
24822,0.425389
24823,0.42897215
24824,0.45120338
24825,0.41547787
24826,0.5287377
24827,0.41547787
24828,0.42231524
24829,0.41547787
24830,0.43099397
24831,0.41547787
24832,0.41547787
24833,0.42897215
24834,0.4313923
24835,0.425389
24836,0.43099397
24837,0.41547787
24838,0.44186044
24839,0.45120338
24840,0.5800451
24841,0.579466
24842,0.41547787
24843,0.45120338
24844,0.41547787
24845,0.41547787
24846,0.41547787
24847,0.53943855
24848,0.41547787
24849,0.41547787
24850,0.41547787
24851,0.5087046
24852,0.5185828
24853,0.41547787
24854,0.41547787
24855,0.5800451
24856,0.41547787
24857,0.41547787
24858,0.42897215
24859,0.43099397
24860,0.45120338
24861,0.52783525
24862,0.41547787
24863,0.5003506
24864,0.41547787
24865,0.42897215
24866,0.579466
24867,0.535374
24868,0.43099397
24869,0.425389
24870,0.49282253
24871,0.42897215
24872,0.41547787
24873,0.41547787
24874,0.42897215
24875,0.425389
24876,0.4313923
24877,0.45963544
24878,0.41547787
24879,0.4791601
24880,0.47426602
24881,0.42231524
24882,0.42231524
24883,0.52198935
24884,0.42897215
24885,0.45120338
24886,0.46392015
24887,0.41547787
24888,0.41547787
24889,0.53943855
24890,0.41547787
24891,0.42231524
24892,0.41547787
24893,0.47958416
24894,0.42897215
24895,0.5800451
24896,0.57679754
24897,0.41547787
24898,0.5800451
24899,0.41547787
24900,0.41547787
24901,0.42897215
24902,0.53943855
24903,0.41547787
24904,0.42897215
24905,0.47682086
24906,0.42897215
24907,0.535374
24908,0.44186044
24909,0.41547787
24910,0.41547787
24911,0.41547787
24912,0.46567443
24913,0.41547787
24914,0.41547787
24915,0.425389
24916,0.535374
24917,0.41547787
24918,0.44186044
24919,0.41547787
24920,0.4791601
24921,0.53943855
24922,0.41547787
24923,0.42897215
24924,0.41547787
24925,0.41547787
24926,0.41547787
24927,0.45882162
24928,0.425389
24929,0.43099397
24930,0.4939019
24931,0.5800451
24932,0.41547787
24933,0.41624448
24934,0.41547787
24935,0.41547787
24936,0.51684755
24937,0.5670182
24938,0.5800451
24939,0.42897215
24940,0.41547787
24941,0.41547787
24942,0.41547787
24943,0.41547787
24944,0.41547787
24945,0.41547787
24946,0.41547787
24947,0.42897215
24948,0.41547787
24949,0.41547787
24950,0.425389
24951,0.41624448
24952,0.42897215
24953,0.41547787
24954,0.42897215
24955,0.44140092
24956,0.43099397
24957,0.41547787
24958,0.41547787
24959,0.42897215
24960,0.5170468
24961,0.42897215
24962,0.41547787
24963,0.41547787
24964,0.41547787
24965,0.41547787
24966,0.49353984
24967,0.41547787
24968,0.43099397
24969,0.54804265
24970,0.5007624
24971,0.4398537
24972,0.41547787
24973,0.41547787
24974,0.41547787
24975,0.44273734
24976,0.4520687
24977,0.41547787
24978,0.41547787
24979,0.45120338
24980,0.41547787
24981,0.54804265
24982,0.41547787
24983,0.41547787
24984,0.41547787
24985,0.56480956
24986,0.57247967
24987,0.42897215
24988,0.41547787
24989,0.51556575
24990,0.5800451
24991,0.45120338
24992,0.41547787
24993,0.425389
24994,0.5298001
24995,0.41547787
24996,0.41547787
24997,0.41547787
24998,0.42897215
24999,0.42897215
