id,Exited
15000,0.08698664
15001,0.033294056
15002,0.021645343
15003,0.9212726
15004,0.034493856
15005,0.73116285
15006,0.014525277
15007,0.049189452
15008,0.0036740743
15009,0.017415725
15010,0.028285809
15011,0.98098147
15012,0.057048663
15013,0.055589832
15014,0.025537927
15015,0.0063853404
15016,0.0072838035
15017,0.0062795626
15018,0.6077428
15019,0.014697162
15020,0.0069756364
15021,0.005631181
15022,0.9854982
15023,0.047500066
15024,0.0046778666
15025,0.7737013
15026,0.5565101
15027,0.06702576
15028,0.082713895
15029,0.60900676
15030,0.79714215
15031,0.7215854
15032,0.06785662
15033,0.53090626
15034,0.8721292
15035,0.04202599
15036,0.02797219
15037,0.87481135
15038,0.042062264
15039,0.020725464
15040,0.3578113
15041,0.0019416608
15042,0.0055990266
15043,0.013248561
15044,0.0023303253
15045,0.04353512
15046,0.1181985
15047,0.8104965
15048,0.005413212
15049,0.49940658
15050,0.029285278
15051,0.027848788
15052,0.016938368
15053,0.4741995
15054,0.046154216
15055,0.009093802
15056,0.005500396
15057,0.95690715
15058,0.7653592
15059,0.05799192
15060,0.002192898
15061,0.0033062275
15062,0.7982734
15063,0.863097
15064,0.012887669
15065,0.006710541
15066,0.020705754
15067,0.96784467
15068,0.9516802
15069,0.029574024
15070,0.81307375
15071,0.011581953
15072,0.8853138
15073,0.7355646
15074,0.006500305
15075,0.01140332
15076,0.0022689514
15077,0.046621792
15078,0.0007076723
15079,0.45256078
15080,0.920594
15081,0.21164688
15082,0.074602425
15083,0.10710301
15084,0.0038915386
15085,0.0041707396
15086,0.8910718
15087,0.0022975062
15088,0.003939106
15089,0.03568102
15090,0.009611872
15091,0.017384786
15092,0.0026482593
15093,0.04783668
15094,0.009905399
15095,0.029607145
15096,0.11083828
15097,0.0020528282
15098,0.0638065
15099,0.15200633
15100,0.0070112343
15101,0.80857754
15102,0.6425883
15103,0.58383626
15104,0.10082416
15105,0.027426615
15106,0.06495073
15107,0.9754444
15108,0.01633855
15109,0.009296569
15110,0.13213417
15111,0.054112535
15112,0.23691131
15113,0.009559769
15114,0.008074146
15115,0.008052175
15116,0.002200957
15117,0.9922884
15118,0.026543366
15119,0.022888087
15120,0.0149868615
15121,0.22242752
15122,0.016658844
15123,0.026388515
15124,0.13490275
15125,0.023262376
15126,0.92712176
15127,0.0018335781
15128,0.057439752
15129,0.04335038
15130,0.0011291691
15131,0.86608
15132,0.05794429
15133,0.035188634
15134,0.0035375867
15135,0.8876669
15136,0.36421013
15137,0.07365159
15138,0.06075702
15139,0.0075458665
15140,0.0059001152
15141,0.9727501
15142,0.0026392457
15143,0.8910502
15144,0.10572032
15145,0.013302716
15146,0.007817756
15147,0.30349246
15148,0.019762063
15149,0.9485724
15150,0.014717588
15151,0.084164076
15152,0.958383
15153,0.12855244
15154,0.8419341
15155,0.1625568
15156,0.0039043985
15157,0.2523845
15158,0.050775554
15159,0.682753
15160,0.30917582
15161,0.0015309041
15162,0.0023280226
15163,0.0052450006
15164,0.003148708
15165,0.0892354
15166,0.9790274
15167,0.27128714
15168,0.095802166
15169,0.020854518
15170,0.3173376
15171,0.008454684
15172,0.031363983
15173,0.977562
15174,0.7125636
15175,0.07872536
15176,0.0048371577
15177,0.07937549
15178,0.07008439
15179,0.010308024
15180,0.35416034
15181,0.99425596
15182,0.31787845
15183,0.40072948
15184,0.022046
15185,0.29766726
15186,0.046628874
15187,0.0027407699
15188,0.014168509
15189,0.015664583
15190,0.096228704
15191,0.004271251
15192,0.06563314
15193,0.11126294
15194,0.77606773
15195,0.14579067
15196,0.12379309
15197,0.0025269277
15198,0.26562488
15199,0.011508535
15200,0.41914266
15201,0.005820649
15202,0.0025005583
15203,0.0033252127
15204,0.0015773824
15205,0.045228492
15206,0.08906064
15207,0.095644265
15208,0.012534765
15209,0.031371843
15210,0.00764735
15211,0.034748107
15212,0.8921053
15213,0.011547689
15214,0.012299698
15215,0.041090786
15216,0.9481431
15217,0.014637401
15218,0.06273921
15219,0.007970881
15220,0.049196817
15221,0.034304444
15222,0.20940578
15223,0.010498173
15224,0.011948588
15225,0.10158031
15226,0.43528226
15227,0.005539258
15228,0.73819494
15229,0.13566582
15230,0.95960075
15231,0.2919788
15232,0.009213622
15233,0.0297886
15234,0.9937966
15235,0.0030931982
15236,0.0645238
15237,0.025668353
15238,0.0025539754
15239,0.008927461
15240,0.27930236
15241,0.05368946
15242,0.09955527
15243,0.8063013
15244,0.020504996
15245,0.8076873
15246,0.110414
15247,0.052784644
15248,0.33038095
15249,0.018599022
15250,0.011927076
15251,0.014454047
15252,0.576961
15253,0.2706868
15254,0.01207879
15255,0.009419942
15256,0.0079894
15257,0.13137348
15258,0.8241437
15259,0.023075072
15260,0.009954946
15261,0.9947739
15262,0.014119659
15263,0.9699223
15264,0.25096834
15265,0.5527076
15266,0.08045015
15267,0.07201026
15268,0.009599714
15269,0.017270125
15270,0.18833806
15271,0.00917071
15272,0.04850536
15273,0.08084603
15274,0.9688098
15275,0.95289683
15276,0.102758005
15277,0.004597703
15278,0.0061388225
15279,0.045280017
15280,0.9859833
15281,0.019442843
15282,0.20005392
15283,0.7045102
15284,0.004998083
15285,0.9273176
15286,0.00095486635
15287,0.017147351
15288,0.010152613
15289,0.0318014
15290,0.0020313514
15291,0.0046660793
15292,0.1920171
15293,0.9800772
15294,0.020386448
15295,0.0603967
15296,0.05679185
15297,0.029501518
15298,0.002686144
15299,0.0020638127
15300,0.016881287
15301,0.0472105
15302,0.093172304
15303,0.003508908
15304,0.036093522
15305,0.13817431
15306,0.12051402
15307,0.8266771
15308,0.001684803
15309,0.99223936
15310,0.3680992
15311,0.06326995
15312,0.0041200398
15313,0.019930419
15314,0.003172333
15315,0.0053487555
15316,0.14798023
15317,0.04477098
15318,0.59041023
15319,0.0017707666
15320,0.032019462
15321,0.010307804
15322,0.03971997
15323,0.0031242783
15324,0.77537
15325,0.0012464806
15326,0.007148472
15327,0.45152584
15328,0.181314
15329,0.0037360182
15330,0.057966784
15331,0.0119727235
15332,0.006766071
15333,0.008223994
15334,0.21906096
15335,0.0072081024
15336,0.077387005
15337,0.017712856
15338,0.4999206
15339,0.018304855
15340,0.013566099
15341,0.0013316313
15342,0.9788609
15343,0.03978174
15344,0.08024974
15345,0.15651706
15346,0.8987283
15347,0.073808275
15348,0.05065383
15349,0.017806508
15350,0.028901946
15351,0.014144213
15352,0.033970784
15353,0.76077527
15354,0.007980165
15355,0.055393714
15356,0.8522171
15357,0.004503501
15358,0.014773528
15359,0.0009505452
15360,0.006951069
15361,0.004232333
15362,0.013680461
15363,0.012661825
15364,0.110265695
15365,0.70290977
15366,0.40422243
15367,0.8952995
15368,0.050159413
15369,0.04306004
15370,0.59072536
15371,0.016152881
15372,0.011210571
15373,0.27672982
15374,0.32739198
15375,0.08056154
15376,0.4250649
15377,0.75291586
15378,0.047200475
15379,0.7817397
15380,0.64825773
15381,0.0050543314
15382,0.0021272486
15383,0.00785476
15384,0.40602472
15385,0.42841575
15386,0.11582357
15387,0.04192857
15388,0.008119964
15389,0.03310841
15390,0.45931536
15391,0.09937503
15392,0.0012167774
15393,0.01126748
15394,0.0035245921
15395,0.005792791
15396,0.06147862
15397,0.002507614
15398,0.01679377
15399,0.0052349814
15400,0.57015264
15401,0.014967172
15402,0.0049248515
15403,0.018843878
15404,0.0101853125
15405,0.037486523
15406,0.30525026
15407,0.025155522
15408,0.045741618
15409,0.48669845
15410,0.35895127
15411,0.0067370846
15412,0.07309651
15413,0.85539585
15414,0.9852261
15415,0.003822426
15416,0.006877876
15417,0.5947119
15418,0.029133582
15419,0.15197392
15420,0.045303747
15421,0.010045652
15422,0.13579144
15423,0.2256174
15424,0.00958043
15425,0.93025213
15426,0.6467927
15427,0.051115185
15428,0.08216997
15429,0.058407776
15430,0.004193328
15431,0.005983361
15432,0.049885392
15433,0.0022918514
15434,0.0050584287
15435,0.010670899
15436,0.01676332
15437,0.013942915
15438,0.035731513
15439,0.031569026
15440,0.018223654
15441,0.98533845
15442,0.74517965
15443,0.4830013
15444,0.0046437364
15445,0.009587186
15446,0.085438274
15447,0.006805056
15448,0.962464
15449,0.06350247
15450,0.021583514
15451,0.030432338
15452,0.5337439
15453,0.023650495
15454,0.022936374
15455,0.91448957
15456,0.022780174
15457,0.0021738652
15458,0.015774135
15459,0.6153433
15460,0.68882334
15461,0.0666468
15462,0.014736919
15463,0.0038649973
15464,0.9639509
15465,0.1640292
15466,0.004200097
15467,0.9046597
15468,0.0033936128
15469,0.04673409
15470,0.002673639
15471,0.011264252
15472,0.055683292
15473,0.0132394
15474,0.18991539
15475,0.37286136
15476,0.17287175
15477,0.04987249
15478,0.008863967
15479,0.025001809
15480,0.8588604
15481,0.97664195
15482,0.04956189
15483,0.98612
15484,0.034177057
15485,0.4561012
15486,0.041885406
15487,0.95321345
15488,0.0036113744
15489,0.11924214
15490,0.97793144
15491,0.310621
15492,0.97686565
15493,0.17571396
15494,0.050433956
15495,0.68350077
15496,0.03255724
15497,0.0032092568
15498,0.99060506
15499,0.67830074
15500,0.008415258
15501,0.0017245042
15502,0.031256936
15503,0.9880818
15504,0.06513824
15505,0.016641613
15506,0.054161493
15507,0.0014029719
15508,0.091546014
15509,0.005603515
15510,0.033079877
15511,0.024423324
15512,0.0040711896
15513,0.007559695
15514,0.02234424
15515,0.003891851
15516,0.1405697
15517,0.12073489
15518,0.0057497583
15519,0.028146772
15520,0.23178644
15521,0.04222233
15522,0.14685884
15523,0.04773207
15524,0.09239031
15525,0.002030756
15526,0.0048484434
15527,0.02356777
15528,0.0038965512
15529,0.38573843
15530,0.005086307
15531,0.040466584
15532,0.02310501
15533,0.15691091
15534,0.009431134
15535,0.014428141
15536,0.11118227
15537,0.010633837
15538,0.02607658
15539,0.009872898
15540,0.036671236
15541,0.01579237
15542,0.006328919
15543,0.0072214664
15544,0.0060411254
15545,0.016189462
15546,0.5740732
15547,0.040300075
15548,0.0144263515
15549,0.7852704
15550,0.0031564196
15551,0.006049047
15552,0.009175274
15553,0.04167894
15554,0.63382393
15555,0.0106172
15556,0.00603354
15557,0.0034715582
15558,0.07112637
15559,0.06448184
15560,0.008371456
15561,0.025026014
15562,0.012816435
15563,0.008422387
15564,0.02572268
15565,0.053331673
15566,0.009385503
15567,0.0047877794
15568,0.0026352522
15569,0.014878814
15570,0.16271827
15571,0.7147445
15572,0.97741413
15573,0.027577411
15574,0.005929436
15575,0.012226846
15576,0.044073213
15577,0.75856316
15578,0.6367772
15579,0.24234916
15580,0.012806467
15581,0.07834898
15582,0.010397211
15583,0.0066199442
15584,0.011825428
15585,0.9357793
15586,0.0021945795
15587,0.0005552174
15588,0.04355799
15589,0.006529038
15590,0.021508357
15591,0.04190867
15592,0.043303657
15593,0.9851834
15594,0.8945027
15595,0.016873786
15596,0.7765985
15597,0.851514
15598,0.41636893
15599,0.11616075
15600,0.92059845
15601,0.08201285
15602,0.026771132
15603,0.0041398853
15604,0.0930731
15605,0.02830985
15606,0.0048853965
15607,0.003624495
15608,0.006485848
15609,0.011687495
15610,0.90974265
15611,0.0017406662
15612,0.36935937
15613,0.43862745
15614,0.14980376
15615,0.35625094
15616,0.010665056
15617,0.96265686
15618,0.34956852
15619,0.002876021
15620,0.10631424
15621,0.011607555
15622,0.022518445
15623,0.080008455
15624,0.008073893
15625,0.955948
15626,0.011739786
15627,0.19046947
15628,0.012634565
15629,0.02161631
15630,0.035639033
15631,0.1914098
15632,0.003678703
15633,0.002195416
15634,0.06463893
15635,0.2454209
15636,0.023787519
15637,0.17095359
15638,0.016492259
15639,0.5352862
15640,0.17637669
15641,0.13201885
15642,0.2705243
15643,0.009856504
15644,0.20130539
15645,0.030487193
15646,0.101859
15647,0.0072122733
15648,0.31200308
15649,0.048870075
15650,0.006096719
15651,0.013355022
15652,0.005685562
15653,0.2469405
15654,0.07417316
15655,0.8421869
15656,0.39675513
15657,0.9158292
15658,0.07721546
15659,0.033071414
15660,0.019017406
15661,0.03790757
15662,0.048956502
15663,0.013038273
15664,0.46234375
15665,0.065030284
15666,0.0035199008
15667,0.039230723
15668,0.008692713
15669,0.033159852
15670,0.6361183
15671,0.011285754
15672,0.0024376845
15673,0.1011366
15674,0.32871586
15675,0.8640513
15676,0.012159409
15677,0.452783
15678,0.08556094
15679,0.0030498148
15680,0.07987134
15681,0.0053441455
15682,0.0037427293
15683,0.035596915
15684,0.009968208
15685,0.00796808
15686,0.76650995
15687,0.0035031438
15688,0.6265951
15689,0.30768618
15690,0.0624755
15691,0.00848331
15692,0.03463818
15693,0.032411605
15694,0.001496669
15695,0.022091486
15696,0.032170337
15697,0.006161688
15698,0.11537048
15699,0.00662325
15700,0.00576517
15701,0.04768458
15702,0.039804727
15703,0.17884402
15704,0.002850133
15705,0.9787769
15706,0.17429042
15707,0.046900228
15708,0.65299994
15709,0.0029234497
15710,0.6903253
15711,0.05776088
15712,0.006209361
15713,0.003670885
15714,0.0029111274
15715,0.9406255
15716,0.06336218
15717,0.011748249
15718,0.025992693
15719,0.96728635
15720,0.5655177
15721,0.02952382
15722,0.002334425
15723,0.005193392
15724,0.055751767
15725,0.00483831
15726,0.025496418
15727,0.027927132
15728,0.0030146441
15729,0.90385085
15730,0.14116573
15731,0.0031383724
15732,0.9715237
15733,0.30922836
15734,0.06788502
15735,0.50852257
15736,0.0105247
15737,0.2969821
15738,0.0037152697
15739,0.002600076
15740,0.028053882
15741,0.043825552
15742,0.914713
15743,0.4363738
15744,0.007450774
15745,0.0056767943
15746,0.018603232
15747,0.40077433
15748,0.3303395
15749,0.0058577443
15750,0.050068405
15751,0.0039117066
15752,0.3742244
15753,0.027921034
15754,0.007708607
15755,0.060480006
15756,0.0030681314
15757,0.0017021528
15758,0.08524549
15759,0.06358587
15760,0.067979924
15761,0.13845496
15762,0.45429006
15763,0.97229564
15764,0.021234568
15765,0.02117331
15766,0.04744405
15767,0.0030377717
15768,0.011471555
15769,0.0077766464
15770,0.2938841
15771,0.07251553
15772,0.007884484
15773,0.027010597
15774,0.041279297
15775,0.007789789
15776,0.0834626
15777,0.80257946
15778,0.9762516
15779,0.07925313
15780,0.7807866
15781,0.017733192
15782,0.034223862
15783,0.02154553
15784,0.031188639
15785,0.021025762
15786,0.020628935
15787,0.0035001873
15788,0.3631708
15789,0.92637026
15790,0.04437854
15791,0.0038106185
15792,0.9533742
15793,0.008858702
15794,0.026849702
15795,0.4119047
15796,0.0033670396
15797,0.32833537
15798,0.97124803
15799,0.005480161
15800,0.33330077
15801,0.79445326
15802,0.42253128
15803,0.11732784
15804,0.01255084
15805,0.15218936
15806,0.0062042726
15807,0.49783102
15808,0.22106929
15809,0.0127798
15810,0.90901464
15811,0.059112363
15812,0.19425139
15813,0.0028401576
15814,0.03302422
15815,0.02650428
15816,0.17546396
15817,0.018968869
15818,0.04178565
15819,0.0037953535
15820,0.005382548
15821,0.8640078
15822,0.15889792
15823,0.23681268
15824,0.0075715887
15825,0.003883104
15826,0.020998009
15827,0.041969456
15828,0.006010027
15829,0.25920126
15830,0.93506724
15831,0.048523303
15832,0.03128343
15833,0.66397405
15834,0.017311001
15835,0.009341
15836,0.0028738326
15837,0.3957526
15838,0.002453692
15839,0.002073281
15840,0.0018164329
15841,0.006149121
15842,0.042431217
15843,0.09064815
15844,0.06641701
15845,0.69311315
15846,0.9082526
15847,0.013555766
15848,0.0156846
15849,0.16780336
15850,0.0032874357
15851,0.019525925
15852,0.016819576
15853,0.008522562
15854,0.0022929683
15855,0.14749238
15856,0.028422637
15857,0.05177222
15858,0.0038607623
15859,0.87706965
15860,0.0062625566
15861,0.47660846
15862,0.015406654
15863,0.067885354
15864,0.9995869
15865,0.055363882
15866,0.0071185404
15867,0.077730864
15868,0.0038189758
15869,0.014696775
15870,0.006357884
15871,0.010075295
15872,0.12813447
15873,0.19797221
15874,0.0038188035
15875,0.051688034
15876,0.0042570382
15877,0.007759813
15878,0.31523597
15879,0.64471984
15880,0.0081742015
15881,0.016283752
15882,0.0016576429
15883,0.017036716
15884,0.021039197
15885,0.051402673
15886,0.53446436
15887,0.014838478
15888,0.37152994
15889,0.009436192
15890,0.01577572
15891,0.97883373
15892,0.0064818794
15893,0.17778537
15894,0.0039014216
15895,0.019214066
15896,0.16597578
15897,0.87295955
15898,0.020492995
15899,0.013135697
15900,0.41389567
15901,0.45442396
15902,0.005852249
15903,0.79894024
15904,0.0029943772
15905,0.0027819104
15906,0.035350412
15907,0.2871515
15908,0.03296456
15909,0.1368498
15910,0.032302786
15911,0.20811252
15912,0.0156517
15913,0.005079485
15914,0.2318936
15915,0.03805394
15916,0.026882326
15917,0.009367499
15918,0.011951365
15919,0.13190411
15920,0.32167068
15921,0.5691135
15922,0.011736252
15923,0.0061162794
15924,0.89409363
15925,0.0014330953
15926,0.010511262
15927,0.9489587
15928,0.115252756
15929,0.81581986
15930,0.94155794
15931,0.3729636
15932,0.021679854
15933,0.8120106
15934,0.007355792
15935,0.0019675798
15936,0.0072445963
15937,0.005122295
15938,0.037986204
15939,0.015082131
15940,0.12026049
15941,0.034855027
15942,0.0038402046
15943,0.03313984
15944,0.0037258465
15945,0.0021959906
15946,0.16432048
15947,0.0028482568
15948,0.62480277
15949,0.8932329
15950,0.0009779587
15951,0.024528928
15952,0.9926232
15953,0.802292
15954,0.05994569
15955,0.015742747
15956,0.0050116275
15957,0.015353543
15958,0.97772926
15959,0.1224425
15960,0.0052514304
15961,0.8054444
15962,0.010870006
15963,0.0043910355
15964,0.12570256
15965,0.11907926
15966,0.96151835
15967,0.009700108
15968,0.29811704
15969,0.0031921826
15970,0.060879912
15971,0.043893468
15972,0.99796754
15973,0.008816496
15974,0.2563981
15975,0.09768929
15976,0.0029093646
15977,0.0123834
15978,0.38465428
15979,0.008967902
15980,0.01326318
15981,0.003957365
15982,0.0049259216
15983,0.04240673
15984,0.006953225
15985,0.038341388
15986,0.5925997
15987,0.028647501
15988,0.019409299
15989,0.083409995
15990,0.6137277
15991,0.0020928183
15992,0.9896541
15993,0.12255214
15994,0.008445232
15995,0.020278465
15996,0.9042507
15997,0.21316381
15998,0.0027372895
15999,0.013555511
16000,0.7122572
16001,0.020796152
16002,0.016604122
16003,0.0014670171
16004,0.015743708
16005,0.4192042
16006,0.030105544
16007,0.03099359
16008,0.0082648145
16009,0.64594567
16010,0.0018741426
16011,0.69530886
16012,0.012071031
16013,0.002832519
16014,0.013380562
16015,0.11418907
16016,0.6139933
16017,0.20321748
16018,0.054688826
16019,0.087606385
16020,0.020896973
16021,0.003875402
16022,0.003696251
16023,0.015921954
16024,0.029994223
16025,0.0086685745
16026,0.9092832
16027,0.0033837557
16028,0.014388184
16029,0.008679181
16030,0.026228085
16031,0.07869581
16032,0.1623112
16033,0.032026436
16034,0.8167014
16035,0.073311985
16036,0.09080882
16037,0.056090616
16038,0.08955568
16039,0.02613854
16040,0.044138264
16041,0.99746764
16042,0.012635386
16043,0.0073336256
16044,0.003838742
16045,0.9674202
16046,0.27146816
16047,0.046952896
16048,0.05696568
16049,0.027377935
16050,0.02041344
16051,0.010472776
16052,0.031518828
16053,0.0055889175
16054,0.20029546
16055,0.17373727
16056,0.14206336
16057,0.7256449
16058,0.7080258
16059,0.07119779
16060,0.90432733
16061,0.016037874
16062,0.007060241
16063,0.00626061
16064,0.009962356
16065,0.007179244
16066,0.017339027
16067,0.007729052
16068,0.6708095
16069,0.016284235
16070,0.83084446
16071,0.0022557364
16072,0.009160694
16073,0.44328517
16074,0.016174993
16075,0.06801558
16076,0.63911295
16077,0.8551911
16078,0.89825237
16079,0.28625426
16080,0.006367974
16081,0.017395101
16082,0.16080931
16083,0.06464508
16084,0.0071954704
16085,0.0042884625
16086,0.5425586
16087,0.014377537
16088,0.0044448692
16089,0.0033162488
16090,0.9724991
16091,0.07099156
16092,0.030298162
16093,0.09905481
16094,0.46948847
16095,0.17350993
16096,0.016909126
16097,0.5770771
16098,0.08540713
16099,0.2581477
16100,0.0029286097
16101,0.044311352
16102,0.043559548
16103,0.012107113
16104,0.0035991955
16105,0.9760809
16106,0.027883334
16107,0.012618721
16108,0.88445246
16109,0.18206435
16110,0.008749122
16111,0.29716486
16112,0.023439905
16113,0.08899566
16114,0.004168926
16115,0.9974451
16116,0.0041783634
16117,0.005925935
16118,0.0033173694
16119,0.3023237
16120,0.0032650635
16121,0.0023142728
16122,0.014321816
16123,0.0047710952
16124,0.012224439
16125,0.0009472327
16126,0.12685913
16127,0.008584122
16128,0.022501396
16129,0.042671446
16130,0.9265837
16131,0.0041229757
16132,0.69821733
16133,0.9918032
16134,0.15734707
16135,0.013991312
16136,0.00339673
16137,0.028411541
16138,0.002502944
16139,0.0052539892
16140,0.0023954131
16141,0.02851044
16142,0.016484834
16143,0.0155979395
16144,0.0027007293
16145,0.016086603
16146,0.07169524
16147,0.110714555
16148,0.53083825
16149,0.90408534
16150,0.07029992
16151,0.15092586
16152,0.6127846
16153,0.26312903
16154,0.0043406878
16155,0.45892724
16156,0.007409899
16157,0.6525324
16158,0.15837547
16159,0.4497373
16160,0.09291341
16161,0.5795485
16162,0.01496152
16163,0.007365839
16164,0.82339305
16165,0.14660165
16166,0.00847373
16167,0.7696562
16168,0.023195514
16169,0.060870405
16170,0.012002204
16171,0.3548126
16172,0.014436172
16173,0.6800103
16174,0.06905408
16175,0.01953602
16176,0.008600077
16177,0.45324865
16178,0.003540765
16179,0.11172295
16180,0.005971
16181,0.0037424397
16182,0.032654855
16183,0.0046602255
16184,0.008891171
16185,0.1160413
16186,0.65336084
16187,0.04020971
16188,0.028392466
16189,0.10078652
16190,0.0044117114
16191,0.7578594
16192,0.97298795
16193,0.7256166
16194,0.9890559
16195,0.27825612
16196,0.043938603
16197,0.03821634
16198,0.05729087
16199,0.02806264
16200,0.0385103
16201,0.044289436
16202,0.1007946
16203,0.7979509
16204,0.023039458
16205,0.7096578
16206,0.015218278
16207,0.010236145
16208,0.14409415
16209,0.06852743
16210,0.06027995
16211,0.48283172
16212,0.021966882
16213,0.0614162
16214,0.45084822
16215,0.027966011
16216,0.039475467
16217,0.76857346
16218,0.0064252103
16219,0.028545037
16220,0.008800871
16221,0.026308212
16222,0.577858
16223,0.9405509
16224,0.0021246974
16225,0.025575995
16226,0.051087625
16227,0.0016444988
16228,0.033990256
16229,0.27734345
16230,0.031294603
16231,0.48549435
16232,0.92151207
16233,0.39192212
16234,0.96409744
16235,0.002247504
16236,0.015685279
16237,0.8228384
16238,0.028665764
16239,0.0167613
16240,0.21188805
16241,0.08394284
16242,0.013290679
16243,0.067071654
16244,0.4429457
16245,0.45978138
16246,0.008830962
16247,0.002632057
16248,0.9511562
16249,0.04659483
16250,0.7706266
16251,0.8184939
16252,0.0046629356
16253,0.016206581
16254,0.0033745398
16255,0.022688657
16256,0.024122946
16257,0.005509149
16258,0.00684998
16259,0.051991377
16260,0.00476268
16261,0.08477528
16262,0.021313882
16263,0.0070608524
16264,0.008505
16265,0.005557607
16266,0.8671897
16267,0.005074179
16268,0.06818166
16269,0.019023148
16270,0.09738379
16271,0.0060534696
16272,0.23091637
16273,0.04006159
16274,0.08063468
16275,0.008564532
16276,0.22258681
16277,0.9788614
16278,0.026624193
16279,0.38990825
16280,0.00082609424
16281,0.64093137
16282,0.012192893
16283,0.008182339
16284,0.03924539
16285,0.13624904
16286,0.011311002
16287,0.009878643
16288,0.124230325
16289,0.010946983
16290,0.0028574618
16291,0.0059083262
16292,0.73349935
16293,0.79327285
16294,0.01190799
16295,0.07450634
16296,0.04750137
16297,0.83612525
16298,0.012185319
16299,0.9683164
16300,0.047158044
16301,0.23430212
16302,0.6783518
16303,0.014338433
16304,0.005281006
16305,0.04783021
16306,0.031929076
16307,0.8609312
16308,0.005101984
16309,0.9973183
16310,0.18109441
16311,0.010156615
16312,0.7794115
16313,0.9884864
16314,0.0032468617
16315,0.87824214
16316,0.96718264
16317,0.0057156216
16318,0.008158606
16319,0.6099631
16320,0.24526478
16321,0.014207572
16322,0.13798039
16323,0.009071739
16324,0.0026621064
16325,0.044654824
16326,0.10156712
16327,0.024060342
16328,0.84177196
16329,0.039601725
16330,0.02869106
16331,0.0011944387
16332,0.04436344
16333,0.0014416497
16334,0.021282325
16335,0.04466584
16336,0.05559187
16337,0.0049005575
16338,0.007519188
16339,0.016373055
16340,0.0039052109
16341,0.6481609
16342,0.011006032
16343,0.15530749
16344,0.009793337
16345,0.00543845
16346,0.9840036
16347,0.023841737
16348,0.0074048396
16349,0.36540714
16350,0.027636139
16351,0.015585638
16352,0.010016105
16353,0.005687597
16354,0.11461433
16355,0.39981803
16356,0.9900911
16357,0.98954713
16358,0.009878736
16359,0.107744664
16360,0.013591647
16361,0.95670056
16362,0.0391532
16363,0.007103074
16364,0.006828746
16365,0.5587783
16366,0.5843576
16367,0.02078703
16368,0.9781212
16369,0.38430455
16370,0.07825133
16371,0.025759542
16372,0.005803082
16373,0.21582006
16374,0.030097073
16375,0.0035335012
16376,0.040382534
16377,0.18148819
16378,0.004872973
16379,0.75660723
16380,0.3854831
16381,0.42340502
16382,0.010122573
16383,0.0013559154
16384,0.045139764
16385,0.059597377
16386,0.6325919
16387,0.010178513
16388,0.019871052
16389,0.9672492
16390,0.4786672
16391,0.50757
16392,0.012274651
16393,0.0011422335
16394,0.0022734
16395,0.014440928
16396,0.34264317
16397,0.07965111
16398,0.79430556
16399,0.002279621
16400,0.1904978
16401,0.015399155
16402,0.75658953
16403,0.0013676162
16404,0.002356385
16405,0.027720567
16406,0.6343921
16407,0.90032315
16408,0.60271674
16409,0.097587585
16410,0.013718764
16411,0.0036440855
16412,0.9891533
16413,0.9797763
16414,0.062903106
16415,0.0047674943
16416,0.0054717343
16417,0.03637501
16418,0.006833932
16419,0.03991728
16420,0.11440101
16421,0.011171888
16422,0.030705208
16423,0.26278767
16424,0.004930704
16425,0.08520655
16426,0.027625551
16427,0.0025822683
16428,0.026393445
16429,0.89291817
16430,0.0027167278
16431,0.048560604
16432,0.2955951
16433,0.11903627
16434,0.38657725
16435,0.0028426393
16436,0.00606318
16437,0.0019554454
16438,0.02905291
16439,0.019176424
16440,0.0030875383
16441,0.017453495
16442,0.082362495
16443,0.032871775
16444,0.21908681
16445,0.103124805
16446,0.08023348
16447,0.037322786
16448,0.019787593
16449,0.0032983613
16450,0.017809635
16451,0.0063954527
16452,0.7202913
16453,0.06506427
16454,0.244352
16455,0.030277155
16456,0.009230287
16457,0.0488104
16458,0.039705593
16459,0.010791402
16460,0.00688969
16461,0.022989077
16462,0.0019693868
16463,0.8516124
16464,0.008145016
16465,0.008067516
16466,0.045857217
16467,0.018940184
16468,0.13703996
16469,0.0044511002
16470,0.006433721
16471,0.77562016
16472,0.0105047515
16473,0.015937824
16474,0.004853388
16475,0.9001747
16476,0.85797
16477,0.0117735425
16478,0.007750354
16479,0.007388508
16480,0.009592567
16481,0.0021176594
16482,0.0021526518
16483,0.8365733
16484,0.029613316
16485,0.0020905184
16486,0.018627746
16487,0.008056948
16488,0.012379726
16489,0.98250246
16490,0.031913023
16491,0.0103385
16492,0.4907854
16493,0.013285715
16494,0.54742736
16495,0.01354772
16496,0.01036014
16497,0.032642156
16498,0.2792484
16499,0.020153848
16500,0.020874701
16501,0.012627387
16502,0.5837664
16503,0.015577979
16504,0.010666677
16505,0.0070302486
16506,0.024263974
16507,0.005660225
16508,0.08225738
16509,0.02148366
16510,0.9768216
16511,0.062321898
16512,0.0046394034
16513,0.005518697
16514,0.11349345
16515,0.020664208
16516,0.001967475
16517,0.12356054
16518,0.05030771
16519,0.00444786
16520,0.020547874
16521,0.015150396
16522,0.0117776925
16523,0.77972853
16524,0.021456076
16525,0.24263929
16526,0.04159828
16527,0.002155094
16528,0.7341815
16529,0.24651904
16530,0.00569247
16531,0.0044167824
16532,0.8895185
16533,0.0067968615
16534,0.04934025
16535,0.049391475
16536,0.04258993
16537,0.0022488069
16538,0.005612702
16539,0.40226573
16540,0.5720534
16541,0.0056854165
16542,0.024446143
16543,0.18882598
16544,0.30417505
16545,0.09741008
16546,0.011838603
16547,0.19874935
16548,0.6127799
16549,0.027067393
16550,0.10935021
16551,0.009567534
16552,0.0035829404
16553,0.015889449
16554,0.009772587
16555,0.02124986
16556,0.53094244
16557,0.9200932
16558,0.010938514
16559,0.04164
16560,0.080268964
16561,0.07570681
16562,0.041825227
16563,0.010779848
16564,0.13284992
16565,0.9772348
16566,0.27338108
16567,0.38915402
16568,0.4525506
16569,0.008185637
16570,0.10962807
16571,0.09278838
16572,0.002132688
16573,0.0021322423
16574,0.65912485
16575,0.014220146
16576,0.033786517
16577,0.040839102
16578,0.0017200132
16579,0.0060421247
16580,0.005709682
16581,0.011315301
16582,0.6671046
16583,0.021818576
16584,0.004441362
16585,0.0066394643
16586,0.8997543
16587,0.07230901
16588,0.9630837
16589,0.0047522266
16590,0.8033805
16591,0.0018630339
16592,0.9879061
16593,0.10358221
16594,0.8481688
16595,0.01348099
16596,0.011788737
16597,0.757948
16598,0.8028202
16599,0.026448973
16600,0.35814536
16601,0.0022951728
16602,0.204106
16603,0.0033653553
16604,0.055403177
16605,0.016282294
16606,0.15745865
16607,0.061094947
16608,0.8690615
16609,0.82028913
16610,0.44801837
16611,0.008915297
16612,0.0009459299
16613,0.004587793
16614,0.45081604
16615,0.023717323
16616,0.10928437
16617,0.031581376
16618,0.0037940843
16619,0.07696517
16620,0.01780413
16621,0.8955871
16622,0.6666429
16623,0.027087022
16624,0.22522332
16625,0.005800084
16626,0.0023821478
16627,0.023319384
16628,0.0036077164
16629,0.017668987
16630,0.059564117
16631,0.8390868
16632,0.0054570152
16633,0.40768707
16634,0.0035405364
16635,0.94639164
16636,0.032799557
16637,0.008915829
16638,0.09623084
16639,0.017713536
16640,0.7199486
16641,0.010116516
16642,0.0068524396
16643,0.031643283
16644,0.03416597
16645,0.06740476
16646,0.02240223
16647,0.14202963
16648,0.00985267
16649,0.017768294
16650,0.0024693664
16651,0.0048610675
16652,0.05680916
16653,0.0021401423
16654,0.0046613
16655,0.009557811
16656,0.65038276
16657,0.21939403
16658,0.0037019502
16659,0.023860471
16660,0.9148336
16661,0.26099366
16662,0.03131364
16663,0.01987893
16664,0.00061818765
16665,0.04575828
16666,0.039665285
16667,0.00842898
16668,0.8826473
16669,0.0029984186
16670,0.005525687
16671,0.0027262229
16672,0.1619218
16673,0.81662923
16674,0.0050583472
16675,0.021935022
16676,0.010144603
16677,0.0011412889
16678,0.0032103641
16679,0.0027478156
16680,0.005557172
16681,0.011975895
16682,0.4829028
16683,0.03577266
16684,0.0063608577
16685,0.0367874
16686,0.78306997
16687,0.0019806055
16688,0.53065985
16689,0.14504674
16690,0.99153334
16691,0.12072936
16692,0.006364816
16693,0.52273786
16694,0.01074637
16695,0.0032208047
16696,0.002779373
16697,0.0057883356
16698,0.0035034153
16699,0.016505776
16700,0.013308293
16701,0.93055016
16702,0.0057802848
16703,0.008797784
16704,0.01866302
16705,0.079399504
16706,0.014600316
16707,0.34622198
16708,0.010006077
16709,0.0067312284
16710,0.014144127
16711,0.7763713
16712,0.027019698
16713,0.54599935
16714,0.020821244
16715,0.23623043
16716,0.014298699
16717,0.07961316
16718,0.85121274
16719,0.5583255
16720,0.0023683796
16721,0.28174415
16722,0.08576786
16723,0.0048146374
16724,0.023378516
16725,0.0026522798
16726,0.0065025506
16727,0.8924804
16728,0.26402795
16729,0.023742272
16730,0.0028882239
16731,0.003957275
16732,0.9058755
16733,0.019958926
16734,0.049362626
16735,0.18317522
16736,0.9580186
16737,0.012180734
16738,0.006085042
16739,0.9820609
16740,0.0052461624
16741,0.005758895
16742,0.80493
16743,0.0083722705
16744,0.013646471
16745,0.0028553717
16746,0.0044684815
16747,0.0057025645
16748,0.31043854
16749,0.011314981
16750,0.002390679
16751,0.009319108
16752,0.036844373
16753,0.0015732514
16754,0.030426104
16755,0.014289951
16756,0.029908385
16757,0.006832262
16758,0.00943999
16759,0.05993672
16760,0.0041220165
16761,0.009324441
16762,0.005260096
16763,0.064222336
16764,0.7920808
16765,0.0047164774
16766,0.031888217
16767,0.029132916
16768,0.2841486
16769,0.050600115
16770,0.56586283
16771,0.0041907365
16772,0.37682542
16773,0.004348189
16774,0.0045300396
16775,0.006913771
16776,0.011311471
16777,0.26440346
16778,0.10569305
16779,0.010176082
16780,0.1506325
16781,0.13492079
16782,0.62156546
16783,0.0064767106
16784,0.037976384
16785,0.0027385864
16786,0.013173834
16787,0.0041479236
16788,0.022112573
16789,0.97892636
16790,0.1436094
16791,0.005969401
16792,0.034828737
16793,0.021786299
16794,0.024997182
16795,0.43429092
16796,0.005110787
16797,0.024013093
16798,0.109202735
16799,0.016769728
16800,0.08948792
16801,0.028552523
16802,0.03366736
16803,0.002515094
16804,0.09644444
16805,0.0015303086
16806,0.0014676313
16807,0.36798984
16808,0.0013861008
16809,0.001595559
16810,0.008997168
16811,0.001986094
16812,0.072612464
16813,0.32865748
16814,0.038741782
16815,0.058232255
16816,0.02057213
16817,0.02801514
16818,0.82060784
16819,0.9989066
16820,0.09685026
16821,0.97967243
16822,0.0047802785
16823,0.005562743
16824,0.9635525
16825,0.018324247
16826,0.008968037
16827,0.0030655789
16828,0.0032665192
16829,0.85585326
16830,0.20605662
16831,0.9873376
16832,0.8433357
16833,0.9578755
16834,0.020711431
16835,0.027661279
16836,0.038964767
16837,0.5004243
16838,0.29499826
16839,0.49603695
16840,0.9918826
16841,0.008766181
16842,0.28453687
16843,0.22113356
16844,0.92538005
16845,0.03963293
16846,0.8672106
16847,0.5122883
16848,0.7136042
16849,0.03207633
16850,0.97708124
16851,0.027014567
16852,0.0006250008
16853,0.80186516
16854,0.13193311
16855,0.0114187915
16856,0.36114475
16857,0.53622335
16858,0.73846704
16859,0.0074099023
16860,0.092631795
16861,0.003075174
16862,0.019658322
16863,0.010838056
16864,0.05810656
16865,0.015866619
16866,0.029846372
16867,0.07220947
16868,0.29858312
16869,0.004810403
16870,0.08984624
16871,0.57269716
16872,0.026131192
16873,0.014611928
16874,0.009589578
16875,0.90224105
16876,0.0033264107
16877,0.0059187147
16878,0.003843088
16879,0.005683015
16880,0.15856123
16881,0.018195411
16882,0.004773532
16883,0.28040835
16884,0.07739048
16885,0.024193676
16886,0.0027689754
16887,0.29106194
16888,0.0025852176
16889,0.056603286
16890,0.5087619
16891,0.0050600152
16892,0.05822652
16893,0.06743765
16894,0.1692175
16895,0.10199383
16896,0.43441117
16897,0.07413551
16898,0.07923655
16899,0.010349893
16900,0.0497501
16901,0.010653943
16902,0.95185405
16903,0.023843627
16904,0.6076827
16905,0.0007424424
16906,0.094310865
16907,0.026437495
16908,0.0139754815
16909,0.001261449
16910,0.005392421
16911,0.013947878
16912,0.0061448794
16913,0.0051250393
16914,0.00822567
16915,0.13879235
16916,0.007433479
16917,0.02113662
16918,0.84608346
16919,0.001861808
16920,0.014608838
16921,0.09371882
16922,0.030866439
16923,0.22399288
16924,0.04348361
16925,0.11501822
16926,0.0076422063
16927,0.02549316
16928,0.5074884
16929,0.6197865
16930,0.0021091849
16931,0.8780445
16932,0.24195805
16933,0.011929582
16934,0.01690731
16935,0.007463673
16936,0.861467
16937,0.008272056
16938,0.004371797
16939,0.009551168
16940,0.29051837
16941,0.16327459
16942,0.14839278
16943,0.9775079
16944,0.027610479
16945,0.003919957
16946,0.027161697
16947,0.040550966
16948,0.017381111
16949,0.9965383
16950,0.17851628
16951,0.977107
16952,0.004229844
16953,0.022346199
16954,0.03620695
16955,0.0057993666
16956,0.077229306
16957,0.34304735
16958,0.010666239
16959,0.00342146
16960,0.16480193
16961,0.0037450437
16962,0.0322971
16963,0.031711947
16964,0.00764531
16965,0.020912012
16966,0.9693161
16967,0.21615146
16968,0.95289737
16969,0.0035302588
16970,0.0024001638
16971,0.68417645
16972,0.96150565
16973,0.2949504
16974,0.030292403
16975,0.0011107927
16976,0.009598431
16977,0.09288119
16978,0.1743311
16979,0.0015256933
16980,0.3904717
16981,0.94325477
16982,0.97730017
16983,0.99205714
16984,0.012907058
16985,0.0061012506
16986,0.0011279903
16987,0.011244073
16988,0.0037046382
16989,0.59014755
16990,0.040174164
16991,0.0078057814
16992,0.2961109
16993,0.002499928
16994,0.036275633
16995,0.007416011
16996,0.0049282783
16997,0.028710896
16998,0.9211595
16999,0.02009647
17000,0.0045266757
17001,0.013929842
17002,0.01853724
17003,0.5886578
17004,0.05291548
17005,0.18592077
17006,0.078329325
17007,0.449778
17008,0.02186241
17009,0.8574768
17010,0.033219058
17011,0.03510032
17012,0.013020061
17013,0.0050175823
17014,0.487447
17015,0.83889496
17016,0.0062026707
17017,0.051119827
17018,0.010272373
17019,0.0028910018
17020,0.0122037055
17021,0.0367484
17022,0.025720224
17023,0.9354045
17024,0.005828505
17025,0.0068432367
17026,0.003543192
17027,0.0031726588
17028,0.9094248
17029,0.008586687
17030,0.0016448182
17031,0.0025511587
17032,0.9219468
17033,0.038155142
17034,0.010886928
17035,0.008394112
17036,0.0027224687
17037,0.0058029443
17038,0.05518275
17039,0.008442022
17040,0.018638736
17041,0.0042062723
17042,0.95845366
17043,0.030478645
17044,0.016773399
17045,0.008839381
17046,0.7931047
17047,0.0064444835
17048,0.064399906
17049,0.032984532
17050,0.11880183
17051,0.93667233
17052,0.025948722
17053,0.93085045
17054,0.028675219
17055,0.013844593
17056,0.015941408
17057,0.01844215
17058,0.008333772
17059,0.008589939
17060,0.33577767
17061,0.98798907
17062,0.007324623
17063,0.027600233
17064,0.28397137
17065,0.021071814
17066,0.88549703
17067,0.55435985
17068,0.490828
17069,0.40003625
17070,0.52669543
17071,0.95996565
17072,0.037607413
17073,0.019919561
17074,0.114873655
17075,0.034877405
17076,0.018812075
17077,0.67051536
17078,0.08979018
17079,0.21542616
17080,0.060382295
17081,0.0148719605
17082,0.037634764
17083,0.01305984
17084,0.32741848
17085,0.96509004
17086,0.062996276
17087,0.17086232
17088,0.0045789103
17089,0.026267268
17090,0.0067137266
17091,0.005746137
17092,0.084130146
17093,0.009784199
17094,0.048382472
17095,0.9366726
17096,0.48945737
17097,0.059235517
17098,0.0041745915
17099,0.008161628
17100,0.6037423
17101,0.040398818
17102,0.7813482
17103,0.020355523
17104,0.03479068
17105,0.42703784
17106,0.015156572
17107,0.043884598
17108,0.024147395
17109,0.009168687
17110,0.0027152696
17111,0.009524987
17112,0.54586405
17113,0.009751015
17114,0.004904147
17115,0.18403584
17116,0.46180153
17117,0.007841637
17118,0.5650964
17119,0.029000925
17120,0.13620397
17121,0.0068086633
17122,0.95292336
17123,0.21589462
17124,0.9907832
17125,0.0036330754
17126,0.059055213
17127,0.006104522
17128,0.9398025
17129,0.005013454
17130,0.38054717
17131,0.041918475
17132,0.065317735
17133,0.05092184
17134,0.06658308
17135,0.17951682
17136,0.017791428
17137,0.020784983
17138,0.98542655
17139,0.06939135
17140,0.0030645705
17141,0.32297942
17142,0.055478573
17143,0.4518194
17144,0.001115673
17145,0.007942479
17146,0.19952203
17147,0.01608227
17148,0.0767765
17149,0.03568321
17150,0.054958623
17151,0.08593307
17152,0.019384742
17153,0.010339988
17154,0.014935513
17155,0.009380531
17156,0.10853556
17157,0.0072437385
17158,0.10560074
17159,0.07369715
17160,0.028964179
17161,0.53467363
17162,0.012179547
17163,0.8043629
17164,0.0050301673
17165,0.0018801364
17166,0.11781027
17167,0.017770916
17168,0.016202483
17169,0.42335212
17170,0.015368119
17171,0.014215702
17172,0.036319178
17173,0.05692816
17174,0.071018234
17175,0.45652393
17176,0.11231245
17177,0.33172914
17178,0.047385238
17179,0.44261596
17180,0.008811542
17181,0.17013901
17182,0.10327466
17183,0.0560945
17184,0.17250933
17185,0.010855762
17186,0.005458596
17187,0.008312602
17188,0.36635137
17189,0.013720719
17190,0.01715109
17191,0.04315006
17192,0.0028880069
17193,0.0078223515
17194,0.0042091757
17195,0.015484198
17196,0.003261031
17197,0.00986432
17198,0.27056366
17199,0.9829123
17200,0.060723342
17201,0.2291785
17202,0.09308731
17203,0.030683206
17204,0.98196524
17205,0.027589368
17206,0.00888233
17207,0.22929332
17208,0.0059556994
17209,0.008792874
17210,0.006098574
17211,0.0032793777
17212,0.009401947
17213,0.22444199
17214,0.05295075
17215,0.9885972
17216,0.0042321724
17217,0.8081134
17218,0.08462203
17219,0.033142842
17220,0.0039810822
17221,0.030827157
17222,0.41362008
17223,0.01633599
17224,0.07525239
17225,0.88250804
17226,0.02956023
17227,0.0030258852
17228,0.013793639
17229,0.57978743
17230,0.015725886
17231,0.00200692
17232,0.0080498895
17233,0.028280267
17234,0.018473618
17235,0.045634847
17236,0.009862672
17237,0.008715668
17238,0.21505457
17239,0.04720933
17240,0.0026328983
17241,0.003376869
17242,0.01206948
17243,0.057434373
17244,0.2765359
17245,0.014120694
17246,0.009408656
17247,0.006082124
17248,0.00954435
17249,0.030345717
17250,0.758876
17251,0.3266099
17252,0.045368314
17253,0.07074628
17254,0.091478184
17255,0.007859718
17256,0.008730557
17257,0.9567862
17258,0.30849928
17259,0.9668083
17260,0.054878846
17261,0.109974116
17262,0.21767446
17263,0.014782074
17264,0.5097098
17265,0.004847604
17266,0.0034243048
17267,0.106737
17268,0.14703363
17269,0.37567052
17270,0.0067598796
17271,0.04952907
17272,0.6113987
17273,0.9193914
17274,0.010951253
17275,0.080462135
17276,0.100191586
17277,0.015276156
17278,0.027594289
17279,0.9472256
17280,0.012857809
17281,0.013611498
17282,0.010829017
17283,0.78632987
17284,0.041608367
17285,0.029880652
17286,0.09769484
17287,0.715885
17288,0.0013807944
17289,0.57433784
17290,0.0027972627
17291,0.0028326954
17292,0.09518298
17293,0.63271844
17294,0.7210094
17295,0.06068828
17296,0.0041270503
17297,0.05062052
17298,0.019619064
17299,0.171501
17300,0.026871894
17301,0.7567195
17302,0.010862185
17303,0.07953378
17304,0.07864763
17305,0.0070077665
17306,0.15370281
17307,0.06417905
17308,0.0069104386
17309,0.9790895
17310,0.080112465
17311,0.09764508
17312,0.90623784
17313,0.9715396
17314,0.026504122
17315,0.26163378
17316,0.16957802
17317,0.0017139128
17318,0.00779384
17319,0.021335622
17320,0.99391246
17321,0.11958925
17322,0.01532329
17323,0.9829573
17324,0.01826159
17325,0.0040417635
17326,0.21727169
17327,0.0035654216
17328,0.30714384
17329,0.0012683499
17330,0.008145281
17331,0.028654529
17332,0.18101524
17333,0.078459874
17334,0.09179776
17335,0.03191186
17336,0.02763928
17337,0.061444964
17338,0.014893037
17339,0.029938525
17340,0.060635176
17341,0.09268504
17342,0.59503996
17343,0.0074788854
17344,0.92404
17345,0.08211038
17346,0.1594074
17347,0.97806895
17348,0.52747375
17349,0.0031873614
17350,0.014640593
17351,0.034166444
17352,0.03893163
17353,0.040754706
17354,0.08224187
17355,0.2119019
17356,0.8391869
17357,0.04097366
17358,0.0056863115
17359,0.084003344
17360,0.052613974
17361,0.07944282
17362,0.5430071
17363,0.9958139
17364,0.024724817
17365,0.014738034
17366,0.0060086716
17367,0.04006196
17368,0.021598468
17369,0.0076633943
17370,0.0016265498
17371,0.9918224
17372,0.01041533
17373,0.0024881305
17374,0.0022955528
17375,0.0031610064
17376,0.7146356
17377,0.8684336
17378,0.06277782
17379,0.9902069
17380,0.011230705
17381,0.0017749125
17382,0.001871335
17383,0.19250749
17384,0.0109221265
17385,0.6730158
17386,0.0015386437
17387,0.37326252
17388,0.09856551
17389,0.00493862
17390,0.8801628
17391,0.88763297
17392,0.09123302
17393,0.30899554
17394,0.86283076
17395,0.10111082
17396,0.22488716
17397,0.032964457
17398,0.930792
17399,0.012033671
17400,0.04535471
17401,0.002859033
17402,0.01697338
17403,0.6461714
17404,0.053360138
17405,0.6525076
17406,0.014320026
17407,0.004355009
17408,0.3466677
17409,0.025035843
17410,0.006732848
17411,0.0044842805
17412,0.33093196
17413,0.06699242
17414,0.03847562
17415,0.123254836
17416,0.0037390545
17417,0.026748452
17418,0.8138
17419,0.3108608
17420,0.008638471
17421,0.72474897
17422,0.016921416
17423,0.0118219415
17424,0.21147633
17425,0.0071176672
17426,0.12592486
17427,0.0056064306
17428,0.033440303
17429,0.047485624
17430,0.009809136
17431,0.033885635
17432,0.0534843
17433,0.9930068
17434,0.008346763
17435,0.008425426
17436,0.9452631
17437,0.9064372
17438,0.02950812
17439,0.0024046197
17440,0.021522718
17441,0.0062628444
17442,0.0011918123
17443,0.08363304
17444,0.002653178
17445,0.0033690615
17446,0.9619111
17447,0.0038832074
17448,0.009830947
17449,0.80597794
17450,0.011595099
17451,0.004566079
17452,0.05201682
17453,0.073150784
17454,0.7247231
17455,0.074031554
17456,0.011455457
17457,0.010236763
17458,0.01428517
17459,0.08695972
17460,0.021590993
17461,0.0682232
17462,0.70090425
17463,0.01937053
17464,0.59932125
17465,0.0020169308
17466,0.011521413
17467,0.02170324
17468,0.01618615
17469,0.0033561557
17470,0.19968921
17471,0.58941156
17472,0.007105984
17473,0.018468497
17474,0.0069324602
17475,0.35703656
17476,0.0055156704
17477,0.14803372
17478,0.011841576
17479,0.065720916
17480,0.004622479
17481,0.0059954347
17482,0.020014888
17483,0.55530393
17484,0.04992997
17485,0.006406577
17486,0.04293175
17487,0.0051105595
17488,0.0016635521
17489,0.9863295
17490,0.27073836
17491,0.011948696
17492,0.013788885
17493,0.0007755839
17494,0.003126226
17495,0.03206158
17496,0.008084517
17497,0.08972352
17498,0.008373141
17499,0.6118035
17500,0.005195901
17501,0.0076551884
17502,0.37050518
17503,0.024723563
17504,0.0052665975
17505,0.99253005
17506,0.0056327404
17507,0.34389794
17508,0.70274806
17509,0.0065074563
17510,0.5427276
17511,0.060984597
17512,0.009157391
17513,0.006360517
17514,0.6511397
17515,0.009357473
17516,0.07371435
17517,0.7230448
17518,0.011785187
17519,0.4439331
17520,0.15944931
17521,0.5982944
17522,0.0049213874
17523,0.0076565435
17524,0.009167951
17525,0.043209013
17526,0.0027208754
17527,0.12347036
17528,0.004068014
17529,0.98884493
17530,0.043337896
17531,0.004592479
17532,0.9808554
17533,0.14132823
17534,0.02861855
17535,0.004531326
17536,0.007631712
17537,0.005094201
17538,0.0021542308
17539,0.019930992
17540,0.77108604
17541,0.4419418
17542,0.024166128
17543,0.012131417
17544,0.0013645971
17545,0.9559653
17546,0.16106382
17547,0.552498
17548,0.10128067
17549,0.43200254
17550,0.99207765
17551,0.06250345
17552,0.006874603
17553,0.24403343
17554,0.8599489
17555,0.026411906
17556,0.02525592
17557,0.028508704
17558,0.03421357
17559,0.12937504
17560,0.062067717
17561,0.004704519
17562,0.14268164
17563,0.45479226
17564,0.004164856
17565,0.017040277
17566,0.045925803
17567,0.28232196
17568,0.032091316
17569,0.03579259
17570,0.007916682
17571,0.0032156678
17572,0.0048886756
17573,0.010684127
17574,0.06970553
17575,0.80537355
17576,0.1457729
17577,0.27925912
17578,0.91850644
17579,0.0029638503
17580,0.889786
17581,0.4764864
17582,0.008891553
17583,0.0051269284
17584,0.0050251395
17585,0.011246952
17586,0.026715066
17587,0.0016727381
17588,0.019130107
17589,0.012704573
17590,0.043488443
17591,0.5514461
17592,0.003178497
17593,0.19037555
17594,0.0043840865
17595,0.11466188
17596,0.0058575915
17597,0.050824273
17598,0.3473981
17599,0.17937051
17600,0.00802087
17601,0.11051573
17602,0.6152114
17603,0.034198973
17604,0.010922837
17605,0.0131466845
17606,0.0030924366
17607,0.014637168
17608,0.124116175
17609,0.9704605
17610,0.017192211
17611,0.091033116
17612,0.008138308
17613,0.16459356
17614,0.008890002
17615,0.18983018
17616,0.0209183
17617,0.12279246
17618,0.0152112115
17619,0.9469384
17620,0.00664121
17621,0.00860187
17622,0.005104027
17623,0.0020238466
17624,0.0052877506
17625,0.95462185
17626,0.028447293
17627,0.98100233
17628,0.02929418
17629,0.09104048
17630,0.8073277
17631,0.0018104136
17632,0.9249753
17633,0.0068620327
17634,0.38585
17635,0.014076533
17636,0.035271835
17637,0.9924003
17638,0.26900986
17639,0.01811306
17640,0.04272647
17641,0.009563906
17642,0.13380969
17643,0.00408654
17644,0.03614075
17645,0.00395364
17646,0.05381058
17647,0.45532227
17648,0.72371894
17649,0.022642767
17650,0.0060207793
17651,0.13846032
17652,0.9933642
17653,0.014219706
17654,0.043055933
17655,0.0481606
17656,0.04011523
17657,0.060376845
17658,0.014828646
17659,0.9494358
17660,0.020237273
17661,0.0044629276
17662,0.024506748
17663,0.039367013
17664,0.05909761
17665,0.03058875
17666,0.07000588
17667,0.11956697
17668,0.011549311
17669,0.050122432
17670,0.0035786869
17671,0.0029635627
17672,0.018374382
17673,0.01970844
17674,0.0023619933
17675,0.19794257
17676,0.8305726
17677,0.012315011
17678,0.011992087
17679,0.0013321686
17680,0.009422759
17681,0.24268723
17682,0.6851949
17683,0.031203043
17684,0.9689489
17685,0.019396892
17686,0.08930439
17687,0.008982275
17688,0.006948413
17689,0.006128274
17690,0.004137517
17691,0.013004348
17692,0.018343247
17693,0.12051753
17694,0.00485182
17695,0.9503612
17696,0.14720064
17697,0.0073350416
17698,0.21578866
17699,0.0026679616
17700,0.014451267
17701,0.07223974
17702,0.0827302
17703,0.74383146
17704,0.0022332985
17705,0.0032993536
17706,0.9890969
17707,0.012581401
17708,0.00513126
17709,0.0024925095
17710,0.0023534703
17711,0.023529766
17712,0.0235393
17713,0.008649401
17714,0.011669508
17715,0.0073075253
17716,0.003952442
17717,0.15424414
17718,0.049596474
17719,0.102904506
17720,0.8469853
17721,0.15159959
17722,0.0013734795
17723,0.0048325276
17724,0.11505137
17725,0.8744736
17726,0.6284373
17727,0.48884913
17728,0.04403576
17729,0.013577493
17730,0.23129666
17731,0.27251133
17732,0.0022943714
17733,0.016609658
17734,0.19345967
17735,0.41777062
17736,0.00895333
17737,0.017643843
17738,0.72287714
17739,0.0019261736
17740,0.07646178
17741,0.048811357
17742,0.1064319
17743,0.018988239
17744,0.04270008
17745,0.0039883116
17746,0.064811096
17747,0.3333565
17748,0.16162686
17749,0.0057079038
17750,0.012145769
17751,0.006063261
17752,0.06614104
17753,0.4983133
17754,0.035693046
17755,0.0032293196
17756,0.18166238
17757,0.34982234
17758,0.014300164
17759,0.40271237
17760,0.3200476
17761,0.035871048
17762,0.0141405305
17763,0.012706332
17764,0.040878393
17765,0.94126666
17766,0.22173965
17767,0.9768828
17768,0.5813718
17769,0.9922057
17770,0.016610757
17771,0.057252843
17772,0.02189872
17773,0.0038405182
17774,0.202998
17775,0.8090613
17776,0.19677873
17777,0.0050169565
17778,0.0021301068
17779,0.7511736
17780,0.007312335
17781,0.32283118
17782,0.017155664
17783,0.0066047343
17784,0.052640624
17785,0.0037327523
17786,0.04965366
17787,0.9049226
17788,0.0070783417
17789,0.060478125
17790,0.009902074
17791,0.008378563
17792,0.02288732
17793,0.41663015
17794,0.0035780952
17795,0.021963941
17796,0.022233617
17797,0.9460739
17798,0.7592759
17799,0.005481133
17800,0.08498052
17801,0.06303531
17802,0.010095422
17803,0.061881978
17804,0.0045646816
17805,0.02827698
17806,0.7983064
17807,0.024448808
17808,0.003799977
17809,0.7409863
17810,0.0034836098
17811,0.99493486
17812,0.0112574985
17813,0.009216944
17814,0.023425322
17815,0.115629904
17816,0.13478954
17817,0.0038559076
17818,0.0025299534
17819,0.09109517
17820,0.1155852
17821,0.27138892
17822,0.0019691656
17823,0.9248818
17824,0.0037988527
17825,0.08218295
17826,0.021227103
17827,0.04807381
17828,0.014414912
17829,0.0020770866
17830,0.45116013
17831,0.23602712
17832,0.0034610247
17833,0.6915924
17834,0.0029928843
17835,0.77118874
17836,0.011412
17837,0.28199533
17838,0.90556306
17839,0.35786554
17840,0.006873376
17841,0.122768834
17842,0.0099051455
17843,0.050610837
17844,0.106889375
17845,0.69834507
17846,0.008057238
17847,0.029704178
17848,0.006205719
17849,0.9861892
17850,0.50136536
17851,0.026931992
17852,0.002255732
17853,0.009866798
17854,0.010693178
17855,0.008409617
17856,0.75089186
17857,0.1698523
17858,0.032130085
17859,0.01052123
17860,0.7569216
17861,0.02476451
17862,0.95392483
17863,0.034732085
17864,0.012706881
17865,0.9096597
17866,0.032109745
17867,0.701426
17868,0.0075040613
17869,0.0036071606
17870,0.027846172
17871,0.011305362
17872,0.0025373152
17873,0.012939601
17874,0.22907501
17875,0.033710595
17876,0.11501733
17877,0.5346039
17878,0.019347014
17879,0.011648025
17880,0.0020722027
17881,0.010390515
17882,0.061977368
17883,0.043680314
17884,0.02776718
17885,0.3852343
17886,0.02930051
17887,0.017836086
17888,0.7875514
17889,0.9844461
17890,0.012498195
17891,0.0021493789
17892,0.7277923
17893,0.9210071
17894,0.26579958
17895,0.09028501
17896,0.17464048
17897,0.32597193
17898,0.20092863
17899,0.005042449
17900,0.012752078
17901,0.01756285
17902,0.017429864
17903,0.004571729
17904,0.101478025
17905,0.9457866
17906,0.0040531233
17907,0.022878857
17908,0.91334856
17909,0.012302212
17910,0.058274243
17911,0.38535595
17912,0.82948077
17913,0.0062302197
17914,0.6263513
17915,0.01573711
17916,0.011273453
17917,0.008485006
17918,0.011273672
17919,0.0020393168
17920,0.00916284
17921,0.05382231
17922,0.418509
17923,0.004350312
17924,0.19742137
17925,0.019882701
17926,0.006401728
17927,0.0018104117
17928,0.09248959
17929,0.035636295
17930,0.89644253
17931,0.47459784
17932,0.69725406
17933,0.02760536
17934,0.003397996
17935,0.23279521
17936,0.0024274972
17937,0.70536166
17938,0.01571254
17939,0.049372137
17940,0.07664806
17941,0.10591002
17942,0.003467898
17943,0.016845917
17944,0.9443335
17945,0.4737498
17946,0.004156388
17947,0.0905176
17948,0.44406763
17949,0.0018501264
17950,0.017893288
17951,0.13985318
17952,0.0021142582
17953,0.88747436
17954,0.14343433
17955,0.009150817
17956,0.0029185486
17957,0.016387792
17958,0.21906242
17959,0.9419886
17960,0.9913652
17961,0.0037912577
17962,0.014886345
17963,0.57862467
17964,0.011043799
17965,0.005419883
17966,0.06342671
17967,0.026711602
17968,0.018371735
17969,0.009709568
17970,0.19729036
17971,0.00891523
17972,0.14627813
17973,0.04529037
17974,0.013631359
17975,0.02833294
17976,0.016834747
17977,0.019726157
17978,0.008293523
17979,0.010822481
17980,0.009899672
17981,0.7109139
17982,0.0045300764
17983,0.011843836
17984,0.017014833
17985,0.23484276
17986,0.011122516
17987,0.029113479
17988,0.012481322
17989,0.020636976
17990,0.0021359448
17991,0.0023905856
17992,0.038353898
17993,0.3101277
17994,0.0015901703
17995,0.022623137
17996,0.06644318
17997,0.02985974
17998,0.0032391655
17999,0.8631017
18000,0.002108331
18001,0.89757025
18002,0.08469516
18003,0.014282826
18004,0.0070532174
18005,0.17666519
18006,0.020636335
18007,0.0018392447
18008,0.069325626
18009,0.0070866714
18010,0.075919695
18011,0.00888029
18012,0.008661054
18013,0.06465257
18014,0.0492081
18015,0.006126563
18016,0.034776673
18017,0.0043640225
18018,0.031136358
18019,0.1676688
18020,0.0028921498
18021,0.46874824
18022,0.031063948
18023,0.15825848
18024,0.9295497
18025,0.00495482
18026,0.27723786
18027,0.07211345
18028,0.04146411
18029,0.9846239
18030,0.0036431905
18031,0.04340929
18032,0.014998255
18033,0.072153874
18034,0.048368763
18035,0.1033956
18036,0.05324343
18037,0.0061026593
18038,0.0040589846
18039,0.3703492
18040,0.21039748
18041,0.034983397
18042,0.96029454
18043,0.010545975
18044,0.02421166
18045,0.0038492645
18046,0.02655087
18047,0.0117200585
18048,0.0068955976
18049,0.004983397
18050,0.31857574
18051,0.04193282
18052,0.016837383
18053,0.9367284
18054,0.01981241
18055,0.34112772
18056,0.0037311406
18057,0.009914719
18058,0.022940665
18059,0.12740386
18060,0.6330631
18061,0.015546902
18062,0.024951411
18063,0.026986321
18064,0.011385697
18065,0.90111816
18066,0.012656575
18067,0.32915318
18068,0.0029288686
18069,0.011053265
18070,0.093226604
18071,0.031476595
18072,0.86398673
18073,0.96784973
18074,0.033299867
18075,0.007520615
18076,0.004660055
18077,0.012445145
18078,0.013140475
18079,0.021149922
18080,0.0011544384
18081,0.13935108
18082,0.03338684
18083,0.00096220523
18084,0.061977368
18085,0.022923078
18086,0.9840625
18087,0.16854033
18088,0.6383557
18089,0.011313349
18090,0.0064430153
18091,0.97760826
18092,0.7417713
18093,0.11550289
18094,0.4616233
18095,0.044866197
18096,0.025155686
18097,0.0015056704
18098,0.005448949
18099,0.022244113
18100,0.73352075
18101,0.98161626
18102,0.027200177
18103,0.044439245
18104,0.025216527
18105,0.0055578337
18106,0.5482973
18107,0.004367961
18108,0.013991312
18109,0.44823995
18110,0.016624806
18111,0.063086264
18112,0.122765355
18113,0.0017314604
18114,0.021745462
18115,0.015226313
18116,0.0038964474
18117,0.0039103134
18118,0.010928954
18119,0.01565854
18120,0.009734008
18121,0.004838953
18122,0.015038044
18123,0.017169273
18124,0.08250309
18125,0.07894575
18126,0.051450547
18127,0.7860125
18128,0.01428074
18129,0.0019686879
18130,0.38555443
18131,0.00053747
18132,0.017962659
18133,0.0040904526
18134,0.0016866479
18135,0.015235323
18136,0.93297946
18137,0.92001605
18138,0.07459041
18139,0.014474526
18140,0.087197125
18141,0.0061852913
18142,0.002671866
18143,0.9911361
18144,0.0124610085
18145,0.0075898306
18146,0.1431242
18147,0.011283221
18148,0.6022181
18149,0.0042414097
18150,0.005305044
18151,0.043431245
18152,0.0061195553
18153,0.0041888026
18154,0.008403961
18155,0.8367319
18156,0.0038571807
18157,0.19144312
18158,0.9459289
18159,0.042092536
18160,0.7126645
18161,0.032132752
18162,0.05013845
18163,0.007542389
18164,0.22985259
18165,0.035211015
18166,0.05530689
18167,0.8766842
18168,0.55661356
18169,0.03263995
18170,0.94511133
18171,0.99294245
18172,0.014363719
18173,0.0058110193
18174,0.043188307
18175,0.012282111
18176,0.98227465
18177,0.77715105
18178,0.12959161
18179,0.13292292
18180,0.99657995
18181,0.51290584
18182,0.0024190915
18183,0.07242279
18184,0.021028677
18185,0.20347472
18186,0.0019576822
18187,0.01382572
18188,0.9637743
18189,0.113741644
18190,0.9890148
18191,0.015530513
18192,0.95984054
18193,0.0061307517
18194,0.0032407593
18195,0.9910813
18196,0.0043532127
18197,0.0027752116
18198,0.9482687
18199,0.02099568
18200,0.20123683
18201,0.34340575
18202,0.094368204
18203,0.4892434
18204,0.019493489
18205,0.008652011
18206,0.10150252
18207,0.023549194
18208,0.028649589
18209,0.007024373
18210,0.021475296
18211,0.19797634
18212,0.022855114
18213,0.37355614
18214,0.99077713
18215,0.02454428
18216,0.44206277
18217,0.47094855
18218,0.035328824
18219,0.010336642
18220,0.53905857
18221,0.29405352
18222,0.005771763
18223,0.38973233
18224,0.8370498
18225,0.017334014
18226,0.76538014
18227,0.0027832624
18228,0.0038062949
18229,0.22721897
18230,0.0060688527
18231,0.78425634
18232,0.93129355
18233,0.09169459
18234,0.91511315
18235,0.83930826
18236,0.02189388
18237,0.41374528
18238,0.02151689
18239,0.05093486
18240,0.096324235
18241,0.8588126
18242,0.014275658
18243,0.06978245
18244,0.9088721
18245,0.02693627
18246,0.06957183
18247,0.06884023
18248,0.21916571
18249,0.09669896
18250,0.0068860496
18251,0.010407558
18252,0.0019985542
18253,0.6803399
18254,0.26174515
18255,0.91611785
18256,0.009932343
18257,0.0031599563
18258,0.24793075
18259,0.008304721
18260,0.0038427263
18261,0.0029422753
18262,0.012387605
18263,0.10298834
18264,0.014150311
18265,0.13248572
18266,0.3180089
18267,0.72179604
18268,0.002196071
18269,0.9916455
18270,0.07789778
18271,0.011336001
18272,0.17740576
18273,0.009491454
18274,0.013968222
18275,0.007814195
18276,0.641401
18277,0.015883591
18278,0.007642138
18279,0.008016774
18280,0.0134104015
18281,0.026087318
18282,0.012515373
18283,0.25113198
18284,0.053283896
18285,0.0050724293
18286,0.15281095
18287,0.014350008
18288,0.0052066995
18289,0.5098486
18290,0.008505502
18291,0.0046324087
18292,0.03349742
18293,0.029756997
18294,0.0064160293
18295,0.17477393
18296,0.94684625
18297,0.004678211
18298,0.02988856
18299,0.09879836
18300,0.047403485
18301,0.0034330818
18302,0.83235866
18303,0.06523485
18304,0.006343239
18305,0.31662944
18306,0.04041607
18307,0.008902367
18308,0.978128
18309,0.012661533
18310,0.0469773
18311,0.089810915
18312,0.007233956
18313,0.012969446
18314,0.0038917605
18315,0.026338002
18316,0.048329994
18317,0.0658034
18318,0.0024306423
18319,0.0011258953
18320,0.0136315515
18321,0.27582428
18322,0.7477856
18323,0.028805615
18324,0.74329627
18325,0.96990865
18326,0.05359836
18327,0.021387018
18328,0.01959227
18329,0.038888194
18330,0.033327654
18331,0.23471001
18332,0.006540832
18333,0.0586056
18334,0.0018940206
18335,0.021259578
18336,0.06753851
18337,0.8185097
18338,0.01593152
18339,0.007350084
18340,0.058288805
18341,0.06321025
18342,0.037689213
18343,0.012520172
18344,0.98697543
18345,0.7996406
18346,0.016244624
18347,0.022985175
18348,0.005490016
18349,0.040503286
18350,0.82077163
18351,0.005727601
18352,0.021925097
18353,0.027185349
18354,0.009822855
18355,0.0020270285
18356,0.051841117
18357,0.7868965
18358,0.06369722
18359,0.026397422
18360,0.012939984
18361,0.8962634
18362,0.01354514
18363,0.0033020002
18364,0.85548466
18365,0.94312793
18366,0.23788044
18367,0.0054859673
18368,0.014645705
18369,0.02826439
18370,0.084079586
18371,0.8886679
18372,0.0067397207
18373,0.087387875
18374,0.008867168
18375,0.08843158
18376,0.12178903
18377,0.0056688194
18378,0.12812649
18379,0.0073510716
18380,0.45048273
18381,0.9803217
18382,0.19713809
18383,0.067570396
18384,0.005207527
18385,0.0020494217
18386,0.9252222
18387,0.8517531
18388,0.08255208
18389,0.0067304764
18390,0.19660653
18391,0.19045733
18392,0.046901945
18393,0.33938265
18394,0.024551146
18395,0.1535015
18396,0.8745101
18397,0.0024320984
18398,0.9653044
18399,0.35004655
18400,0.070137896
18401,0.0016772354
18402,0.15751284
18403,0.42363495
18404,0.0018988511
18405,0.19204381
18406,0.7204769
18407,0.035919778
18408,0.87108403
18409,0.010107433
18410,0.025857462
18411,0.017830618
18412,0.011322408
18413,0.9525815
18414,0.043692436
18415,0.008321778
18416,0.049294822
18417,0.015258764
18418,0.9932602
18419,0.12290888
18420,0.0018847954
18421,0.73969084
18422,0.010199196
18423,0.1035302
18424,0.2555945
18425,0.97476995
18426,0.036950912
18427,0.8705498
18428,0.0019525003
18429,0.124254555
18430,0.92283267
18431,0.022519846
18432,0.0054297163
18433,0.008812862
18434,0.011119459
18435,0.14265455
18436,0.2176339
18437,0.011321149
18438,0.017124271
18439,0.027450958
18440,0.0941932
18441,0.14090182
18442,0.053627346
18443,0.015172702
18444,0.107788354
18445,0.67712194
18446,0.9249828
18447,0.0036704459
18448,0.8180862
18449,0.013688454
18450,0.06950146
18451,0.010457182
18452,0.939456
18453,0.006967701
18454,0.9485472
18455,0.27616313
18456,0.045001853
18457,0.0092689935
18458,0.92355686
18459,0.68423814
18460,0.064063005
18461,0.2631601
18462,0.052562956
18463,0.009709082
18464,0.00252302
18465,0.0037850493
18466,0.017687203
18467,0.023539316
18468,0.16741914
18469,0.009765188
18470,0.6188424
18471,0.95424926
18472,0.007413211
18473,0.01481621
18474,0.003231062
18475,0.029920202
18476,0.087730505
18477,0.0030952003
18478,0.9269721
18479,0.013711308
18480,0.9675703
18481,0.0032477367
18482,0.83341426
18483,0.0033884672
18484,0.040545598
18485,0.97579783
18486,0.03709832
18487,0.011221994
18488,0.9345156
18489,0.011057279
18490,0.0013159115
18491,0.003837307
18492,0.887926
18493,0.3166567
18494,0.43150228
18495,0.89614373
18496,0.20590204
18497,0.035270903
18498,0.78434026
18499,0.0056985402
18500,0.19360289
18501,0.7368461
18502,0.012842367
18503,0.0051394748
18504,0.0087832175
18505,0.027662607
18506,0.036135998
18507,0.0047053634
18508,0.002469588
18509,0.0045092213
18510,0.3303046
18511,0.0046491707
18512,0.02327563
18513,0.5942852
18514,0.0034518563
18515,0.02710743
18516,0.035841778
18517,0.0012035748
18518,0.002945639
18519,0.0060588885
18520,0.002060234
18521,0.023060296
18522,0.010454183
18523,0.0027796624
18524,0.039251354
18525,0.016556041
18526,0.1037831
18527,0.9894215
18528,0.013583818
18529,0.0041834973
18530,0.0037797114
18531,0.014174098
18532,0.06627237
18533,0.0016988784
18534,0.6100602
18535,0.009335622
18536,0.0016204835
18537,0.37910873
18538,0.19127259
18539,0.0145839015
18540,0.20346524
18541,0.012732043
18542,0.16395786
18543,0.01278152
18544,0.11898927
18545,0.030360855
18546,0.03955384
18547,0.41860327
18548,0.92190385
18549,0.954623
18550,0.9936051
18551,0.042618874
18552,0.88383806
18553,0.66011834
18554,0.075369924
18555,0.07529185
18556,0.0010990028
18557,0.010035746
18558,0.02365854
18559,0.8353519
18560,0.22001533
18561,0.021979526
18562,0.52993613
18563,0.010358351
18564,0.8500356
18565,0.0013492877
18566,0.018505186
18567,0.020024518
18568,0.0076248785
18569,0.0062164036
18570,0.49779558
18571,0.007981921
18572,0.0028549698
18573,0.01835641
18574,0.097029634
18575,0.10479419
18576,0.011999739
18577,0.06372148
18578,0.012129594
18579,0.102589734
18580,0.0321433
18581,0.012535302
18582,0.24293566
18583,0.018269956
18584,0.4772248
18585,0.03964788
18586,0.10417125
18587,0.009017918
18588,0.52026
18589,0.039130047
18590,0.0016440158
18591,0.49833834
18592,0.7967415
18593,0.055139136
18594,0.011013259
18595,0.9744752
18596,0.10765212
18597,0.42351624
18598,0.38119042
18599,0.24373041
18600,0.8681106
18601,0.0057830145
18602,0.0064144796
18603,0.0068499837
18604,0.93284464
18605,0.010369684
18606,0.0641678
18607,0.03242291
18608,0.49357232
18609,0.1396558
18610,0.15999255
18611,0.0033763587
18612,0.020199677
18613,0.9759582
18614,0.0049848044
18615,0.75106376
18616,0.0019237871
18617,0.9589814
18618,0.04138351
18619,0.008751765
18620,0.08027716
18621,0.0030575534
18622,0.13029067
18623,0.044454325
18624,0.14802437
18625,0.014150471
18626,0.0027037787
18627,0.22380018
18628,0.0022545636
18629,0.043299146
18630,0.06783401
18631,0.80784094
18632,0.018057445
18633,0.0070598135
18634,0.7443374
18635,0.0038757848
18636,0.46229464
18637,0.21880333
18638,0.009888171
18639,0.4615677
18640,0.06243612
18641,0.009309568
18642,0.48573875
18643,0.02384879
18644,0.0077232462
18645,0.009315112
18646,0.13861172
18647,0.006268168
18648,0.033894885
18649,0.0058962563
18650,0.03723765
18651,0.024163507
18652,0.005565083
18653,0.0042105764
18654,0.015784398
18655,0.0058624474
18656,0.07010497
18657,0.0057309526
18658,0.055355594
18659,0.12590791
18660,0.0054200194
18661,0.011939191
18662,0.007851
18663,0.07131018
18664,0.065710135
18665,0.025738176
18666,0.14503478
18667,0.03422055
18668,0.009112479
18669,0.013175353
18670,0.1420046
18671,0.007046362
18672,0.9705353
18673,0.6300677
18674,0.006006633
18675,0.37279975
18676,0.005479272
18677,0.002438631
18678,0.02248143
18679,0.038440607
18680,0.31130236
18681,0.061213456
18682,0.09748505
18683,0.033407874
18684,0.9715647
18685,0.0025704633
18686,0.1968002
18687,0.96168226
18688,0.0154891275
18689,0.12047266
18690,0.0044354284
18691,0.06538955
18692,0.027904008
18693,0.3332303
18694,0.026035717
18695,0.99813205
18696,0.09190981
18697,0.6908094
18698,0.70910937
18699,0.0062467596
18700,0.0026218337
18701,0.014350527
18702,0.18711364
18703,0.0007972961
18704,0.6722257
18705,0.11114948
18706,0.012301174
18707,0.09694467
18708,0.021413356
18709,0.9121041
18710,0.034889933
18711,0.0207585
18712,0.04347444
18713,0.004806556
18714,0.17056072
18715,0.0051756874
18716,0.16155526
18717,0.017043848
18718,0.013423865
18719,0.0021645175
18720,0.059598528
18721,0.042093225
18722,0.0031144768
18723,0.22107615
18724,0.753989
18725,0.95599395
18726,0.07507901
18727,0.010543826
18728,0.20739503
18729,0.5390484
18730,0.0033067523
18731,0.9528637
18732,0.006992241
18733,0.98583335
18734,0.00888094
18735,0.27622133
18736,0.04018806
18737,0.09819555
18738,0.026357248
18739,0.004305036
18740,0.011547395
18741,0.003626379
18742,0.3589842
18743,0.2839683
18744,0.0018128373
18745,0.01063608
18746,0.076949336
18747,0.18366829
18748,0.97985363
18749,0.5244728
18750,0.0049439473
18751,0.09124426
18752,0.0014656808
18753,0.24148123
18754,0.015617713
18755,0.0025263461
18756,0.2812304
18757,0.009293038
18758,0.07162244
18759,0.31089473
18760,0.0043691453
18761,0.015796581
18762,0.17171676
18763,0.7916852
18764,0.010739782
18765,0.026242206
18766,0.030362796
18767,0.060145147
18768,0.13109334
18769,0.007968702
18770,0.0013917729
18771,0.010078801
18772,0.022931565
18773,0.030668726
18774,0.022646965
18775,0.0044664186
18776,0.0022714876
18777,0.009639104
18778,0.009920206
18779,0.0026874281
18780,0.01959451
18781,0.051615745
18782,0.0025199472
18783,0.60069454
18784,0.76779604
18785,0.010152479
18786,0.01279906
18787,0.018483149
18788,0.7416418
18789,0.26783788
18790,0.90506804
18791,0.002595391
18792,0.00965763
18793,0.015416212
18794,0.0052228207
18795,0.11257959
18796,0.025601992
18797,0.007213711
18798,0.028669853
18799,0.005603558
18800,0.011759498
18801,0.013040672
18802,0.78800976
18803,0.034817558
18804,0.005675182
18805,0.27252173
18806,0.02830172
18807,0.044730417
18808,0.5163527
18809,0.003088617
18810,0.28980103
18811,0.026482329
18812,0.00572386
18813,0.0033452334
18814,0.010987052
18815,0.017504973
18816,0.028915575
18817,0.0053933775
18818,0.036290642
18819,0.013493121
18820,0.19246943
18821,0.8159616
18822,0.01921496
18823,0.1198366
18824,0.9512424
18825,0.01021614
18826,0.5414891
18827,0.7857987
18828,0.010490581
18829,0.0036515428
18830,0.10229429
18831,0.85275465
18832,0.9166005
18833,0.007917712
18834,0.8363537
18835,0.18151426
18836,0.8294528
18837,0.47592002
18838,0.09818101
18839,0.18814984
18840,0.004787282
18841,0.0035947298
18842,0.027699579
18843,0.006480826
18844,0.14488904
18845,0.061476707
18846,0.008727541
18847,0.49152744
18848,0.050173625
18849,0.015433584
18850,0.7148283
18851,0.011110518
18852,0.12705244
18853,0.99740773
18854,0.10321801
18855,0.036321137
18856,0.033253074
18857,0.083222136
18858,0.003227127
18859,0.009098178
18860,0.81776994
18861,0.0065477206
18862,0.0058592553
18863,0.11794692
18864,0.25286627
18865,0.0031766258
18866,0.029164715
18867,0.0055407663
18868,0.015852189
18869,0.012799162
18870,0.027697308
18871,0.0044037513
18872,0.9351499
18873,0.5087022
18874,0.020145051
18875,0.0035005915
18876,0.98018116
18877,0.006203279
18878,0.28050682
18879,0.10543471
18880,0.82617784
18881,0.023043023
18882,0.24197522
18883,0.173267
18884,0.95979136
18885,0.9834894
18886,0.9723024
18887,0.016232755
18888,0.026064098
18889,0.004335312
18890,0.19804703
18891,0.002539498
18892,0.0031216654
18893,0.010933238
18894,0.057250325
18895,0.6832396
18896,0.8331204
18897,0.020196266
18898,0.0071427417
18899,0.046460375
18900,0.039352696
18901,0.07569938
18902,0.0060112495
18903,0.016224883
18904,0.030733202
18905,0.013940659
18906,0.08797921
18907,0.006573796
18908,0.007959544
18909,0.8491904
18910,0.17138477
18911,0.09566481
18912,0.8088362
18913,0.091911644
18914,0.3719787
18915,0.026602928
18916,0.85319257
18917,0.0041637365
18918,0.98670644
18919,0.24563581
18920,0.120694004
18921,0.099232934
18922,0.20330846
18923,0.7861901
18924,0.010146754
18925,0.6622535
18926,0.018961558
18927,0.02168903
18928,0.24443448
18929,0.0043808366
18930,0.020994784
18931,0.9682399
18932,0.020859323
18933,0.95724773
18934,0.03685395
18935,0.35708907
18936,0.0056187413
18937,0.0057705455
18938,0.077229865
18939,0.9106402
18940,0.0069673904
18941,0.021414516
18942,0.023504281
18943,0.0021379427
18944,0.79667217
18945,0.1424718
18946,0.0047733192
18947,0.0018324581
18948,0.005529899
18949,0.008245451
18950,0.51972514
18951,0.9775711
18952,0.45595768
18953,0.0039204746
18954,0.0037259986
18955,0.045077335
18956,0.98242515
18957,0.005793887
18958,0.013597197
18959,0.0022150804
18960,0.006165222
18961,0.012827914
18962,0.008651994
18963,0.19930476
18964,0.0035637177
18965,0.8866741
18966,0.060311884
18967,0.875751
18968,0.97413456
18969,0.15964271
18970,0.7289045
18971,0.005912607
18972,0.05915082
18973,0.018649843
18974,0.052814953
18975,0.0041421936
18976,0.004272882
18977,0.008130555
18978,0.6861827
18979,0.013071462
18980,0.90361315
18981,0.043949656
18982,0.57198757
18983,0.04014663
18984,0.011875572
18985,0.015164168
18986,0.95473105
18987,0.0026673642
18988,0.0024835984
18989,0.11120371
18990,0.17883936
18991,0.0023901216
18992,0.9640964
18993,0.017517671
18994,0.042531803
18995,0.20696113
18996,0.53106767
18997,0.51468396
18998,0.20425235
18999,0.058029074
19000,0.03786504
19001,0.029572079
19002,0.018484173
19003,0.003321392
19004,0.9479569
19005,0.029130593
19006,0.36280054
19007,0.004623293
19008,0.9571296
19009,0.101644516
19010,0.012538962
19011,0.010312198
19012,0.008953042
19013,0.0022596526
19014,0.8830083
19015,0.030175446
19016,0.18574558
19017,0.07639025
19018,0.0015197998
19019,0.0075307293
19020,0.022824088
19021,0.011903631
19022,0.012960367
19023,0.17186046
19024,0.68345827
19025,0.015533676
19026,0.056971632
19027,0.089374036
19028,0.40796885
19029,0.0050228704
19030,0.21461947
19031,0.015040531
19032,0.026275862
19033,0.005670521
19034,0.0034751247
19035,0.0048673945
19036,0.02653505
19037,0.019579826
19038,0.006087217
19039,0.0031750996
19040,0.1795679
19041,0.052120533
19042,0.0052522053
19043,0.003831255
19044,0.02770737
19045,0.94595873
19046,0.003889393
19047,0.7872134
19048,0.0072439
19049,0.22537224
19050,0.014172206
19051,0.062276747
19052,0.9930534
19053,0.0069994787
19054,0.028132355
19055,0.58079684
19056,0.083200715
19057,0.008950335
19058,0.18029222
19059,0.027492132
19060,0.046168357
19061,0.0020221611
19062,0.0017367449
19063,0.0023402036
19064,0.07244084
19065,0.018328656
19066,0.833038
19067,0.017199883
19068,0.008583473
19069,0.024690477
19070,0.10304426
19071,0.7704518
19072,0.58623755
19073,0.8711917
19074,0.0014421578
19075,0.4549657
19076,0.1597721
19077,0.34696773
19078,0.013022274
19079,0.204474
19080,0.003856182
19081,0.04189154
19082,0.009452224
19083,0.8688798
19084,0.005621249
19085,0.0059614503
19086,0.93903816
19087,0.56666905
19088,0.08965907
19089,0.04939468
19090,0.14496085
19091,0.42133644
19092,0.95902985
19093,0.043343432
19094,0.02058135
19095,0.06284292
19096,0.00493978
19097,0.011708146
19098,0.8554971
19099,0.017458778
19100,0.7941744
19101,0.6129642
19102,0.0063325423
19103,0.009813496
19104,0.0076088794
19105,0.004702178
19106,0.028349254
19107,0.29488933
19108,0.023701623
19109,0.04858026
19110,0.06441343
19111,0.17759296
19112,0.0032838208
19113,0.023318304
19114,0.0052721035
19115,0.018513976
19116,0.04524204
19117,0.23657994
19118,0.011101646
19119,0.02266518
19120,0.0053502168
19121,0.012242936
19122,0.0051425183
19123,0.011315509
19124,0.015072245
19125,0.017163094
19126,0.09609325
19127,0.0012656781
19128,0.017434862
19129,0.0023777832
19130,0.9093946
19131,0.021511879
19132,0.38956198
19133,0.006305533
19134,0.0010699669
19135,0.8869712
19136,0.5698824
19137,0.009900256
19138,0.0076825456
19139,0.0019727948
19140,0.10464943
19141,0.1562945
19142,0.81129926
19143,0.16627634
19144,0.29171756
19145,0.0022279804
19146,0.0035261984
19147,0.0032027892
19148,0.18909717
19149,0.032135364
19150,0.02250535
19151,0.0066684037
19152,0.6848308
19153,0.99140185
19154,0.09832636
19155,0.06507857
19156,0.2107938
19157,0.09697553
19158,0.008814037
19159,0.11627303
19160,0.98102814
19161,0.41592804
19162,0.030246507
19163,0.035080742
19164,0.04453101
19165,0.013817192
19166,0.0019100704
19167,0.028458674
19168,0.691836
19169,0.063595295
19170,0.8788167
19171,0.032766324
19172,0.14813055
19173,0.041405123
19174,0.008862015
19175,0.006554269
19176,0.025371943
19177,0.051414456
19178,0.0062583527
19179,0.043566223
19180,0.025072332
19181,0.11428483
19182,0.6460635
19183,0.051498335
19184,0.05760112
19185,0.0020135008
19186,0.01714147
19187,0.11344522
19188,0.41707265
19189,0.0047955993
19190,0.029185709
19191,0.3037992
19192,0.44808212
19193,0.051814806
19194,0.11316605
19195,0.01061951
19196,0.98588747
19197,0.012556077
19198,0.097497374
19199,0.9846569
19200,0.84165436
19201,0.36035755
19202,0.8489684
19203,0.008001113
19204,0.0065918514
19205,0.090295404
19206,0.012512592
19207,0.972415
19208,0.004134412
19209,0.8881826
19210,0.9282327
19211,0.6169612
19212,0.9929726
19213,0.014163648
19214,0.047477446
19215,0.6060922
19216,0.014691887
19217,0.0046510245
19218,0.1696191
19219,0.0049157534
19220,0.25422692
19221,0.029605493
19222,0.08173296
19223,0.0091215465
19224,0.3817411
19225,0.5402398
19226,0.6362838
19227,0.2994373
19228,0.011449314
19229,0.014906229
19230,0.20606068
19231,0.03230446
19232,0.0023815325
19233,0.005620836
19234,0.017752191
19235,0.004673932
19236,0.031786896
19237,0.09548868
19238,0.028767807
19239,0.0055932286
19240,0.0023036946
19241,0.012809487
19242,0.0026137151
19243,0.971713
19244,0.014189811
19245,0.16512585
19246,0.0108835185
19247,0.8119701
19248,0.004678797
19249,0.003181726
19250,0.08406363
19251,0.0060348925
19252,0.0071002226
19253,0.002171988
19254,0.011298696
19255,0.020675661
19256,0.027266528
19257,0.03360217
19258,0.9753082
19259,0.9533651
19260,0.9760886
19261,0.022889378
19262,0.009858859
19263,0.001907379
19264,0.3910633
19265,0.011189642
19266,0.03765951
19267,0.0056645316
19268,0.5679275
19269,0.02682208
19270,0.0316052
19271,0.055288333
19272,0.68506247
19273,0.003962735
19274,0.00089300267
19275,0.16264424
19276,0.0335846
19277,0.004721241
19278,0.2937943
19279,0.0068744803
19280,0.029712316
19281,0.0058788974
19282,0.0007171325
19283,0.009547835
19284,0.003822493
19285,0.59533453
19286,0.006487707
19287,0.012880707
19288,0.04501703
19289,0.009251805
19290,0.13164869
19291,0.042552635
19292,0.74523276
19293,0.47954974
19294,0.0042090677
19295,0.0032628977
19296,0.008850725
19297,0.060618296
19298,0.9788593
19299,0.008709503
19300,0.015970515
19301,0.041465938
19302,0.21632214
19303,0.066867575
19304,0.68921626
19305,0.29137328
19306,0.051354937
19307,0.0271653
19308,0.14280024
19309,0.3963419
19310,0.0019448607
19311,0.09171067
19312,0.11752035
19313,0.093703955
19314,0.81535643
19315,0.010640196
19316,0.19718179
19317,0.10560433
19318,0.16206585
19319,0.31338412
19320,0.0028870665
19321,0.21592754
19322,0.16322598
19323,0.5283081
19324,0.002292257
19325,0.20943564
19326,0.49218896
19327,0.00568051
19328,0.010108716
19329,0.007947598
19330,0.003199565
19331,0.8943714
19332,0.01126559
19333,0.022872271
19334,0.024966678
19335,0.010714643
19336,0.07028239
19337,0.9675981
19338,0.38878742
19339,0.0029490776
19340,0.09053042
19341,0.14159553
19342,0.009140723
19343,0.014010409
19344,0.042967558
19345,0.08401226
19346,0.0034425752
19347,0.01679581
19348,0.023772249
19349,0.6773404
19350,0.0088894395
19351,0.023206731
19352,0.37384653
19353,0.09724994
19354,0.023098638
19355,0.083349265
19356,0.042313643
19357,0.01820639
19358,0.12241628
19359,0.3309992
19360,0.2100837
19361,0.0060014133
19362,0.49658695
19363,0.028747885
19364,0.115313135
19365,0.3512437
19366,0.0058664647
19367,0.8559032
19368,0.6431852
19369,0.016314909
19370,0.0032592912
19371,0.76920986
19372,0.0069802064
19373,0.0077044163
19374,0.0023709903
19375,0.008293864
19376,0.003163763
19377,0.9261369
19378,0.16062316
19379,0.003137549
19380,0.0022044037
19381,0.00963116
19382,0.057872884
19383,0.016394211
19384,0.0032077956
19385,0.0039291675
19386,0.12529495
19387,0.003029452
19388,0.6415538
19389,0.99627006
19390,0.43688092
19391,0.5977159
19392,0.0049606776
19393,0.005587246
19394,0.036828358
19395,0.08663179
19396,0.010418451
19397,0.92512256
19398,0.29130608
19399,0.002643371
19400,0.6218223
19401,0.16579899
19402,0.0084369145
19403,0.12286133
19404,0.03260246
19405,0.0017621968
19406,0.12658979
19407,0.32745913
19408,0.019913116
19409,0.024015652
19410,0.0032087425
19411,0.0018275671
19412,0.008560528
19413,0.003354242
19414,0.47732377
19415,0.013261734
19416,0.3546529
19417,0.98782456
19418,0.02588614
19419,0.05641355
19420,0.01606302
19421,0.8427824
19422,0.13424255
19423,0.10848721
19424,0.6308127
19425,0.0008704462
19426,0.00461678
19427,0.020143338
19428,0.010244245
19429,0.07966999
19430,0.0035482426
19431,0.026282798
19432,0.006847574
19433,0.029875522
19434,0.7465227
19435,0.05072832
19436,0.0030081861
19437,0.9784791
19438,0.004203379
19439,0.921246
19440,0.07299021
19441,0.03913779
19442,0.14288458
19443,0.0063621895
19444,0.0035402353
19445,0.05930657
19446,0.004523557
19447,0.007048631
19448,0.15930021
19449,0.0024088637
19450,0.026418576
19451,0.31644276
19452,0.0075755273
19453,0.04518135
19454,0.7819525
19455,0.106578685
19456,0.65489185
19457,0.072497174
19458,0.053613313
19459,0.0067574535
19460,0.9862569
19461,0.03565131
19462,0.010040906
19463,0.008231008
19464,0.2160148
19465,0.10317159
19466,0.036598448
19467,0.020146843
19468,0.9653968
19469,0.0021064389
19470,0.0144282095
19471,0.44036907
19472,0.95307684
19473,0.008463383
19474,0.024676014
19475,0.087019235
19476,0.0032526446
19477,0.9625621
19478,0.40124965
19479,0.002831416
19480,0.07729522
19481,0.38647214
19482,0.3403758
19483,0.0046481136
19484,0.0028894478
19485,0.0030201266
19486,0.9797519
19487,0.22294332
19488,0.09583334
19489,0.20987988
19490,0.0007062976
19491,0.068447426
19492,0.025316417
19493,0.52448195
19494,0.25989658
19495,0.024838852
19496,0.3197725
19497,0.048466835
19498,0.029096557
19499,0.025746124
19500,0.7912696
19501,0.0065549673
19502,0.98305213
19503,0.8634977
19504,0.9608881
19505,0.036256786
19506,0.13345042
19507,0.8441025
19508,0.15972832
19509,0.008725429
19510,0.007176512
19511,0.009217349
19512,0.062070385
19513,0.016106531
19514,0.0044277958
19515,0.47379014
19516,0.5351561
19517,0.10496593
19518,0.026763687
19519,0.0032935834
19520,0.0019463892
19521,0.05634714
19522,0.9200734
19523,0.12399027
19524,0.28438923
19525,0.020527415
19526,0.0026709107
19527,0.16672389
19528,0.8536157
19529,0.013401471
19530,0.8788488
19531,0.006187563
19532,0.13312922
19533,0.01787288
19534,0.10814728
19535,0.030071618
19536,0.0543047
19537,0.009994869
19538,0.1046562
19539,0.8904177
19540,0.7936115
19541,0.011504727
19542,0.01293482
19543,0.00334012
19544,0.88151354
19545,0.8997164
19546,0.811918
19547,0.009574422
19548,0.003818185
19549,0.0038850044
19550,0.2089571
19551,0.1456924
19552,0.027185079
19553,0.00327546
19554,0.079720214
19555,0.012282256
19556,0.0044960207
19557,0.9735901
19558,0.0030314717
19559,0.013768785
19560,0.0065744095
19561,0.97405565
19562,0.07042108
19563,0.04651235
19564,0.027987557
19565,0.081391
19566,0.53196204
19567,0.9716793
19568,0.016183121
19569,0.06703645
19570,0.017833924
19571,0.013795021
19572,0.026539547
19573,0.020967133
19574,0.0027615025
19575,0.20528816
19576,0.8429708
19577,0.006456115
19578,0.002901259
19579,0.028730981
19580,0.019502364
19581,0.22389317
19582,0.14217341
19583,0.00090119644
19584,0.07117886
19585,0.0036374587
19586,0.21310125
19587,0.063458994
19588,0.015357812
19589,0.037025195
19590,0.09591875
19591,0.2922417
19592,0.018251808
19593,0.98261213
19594,0.06541773
19595,0.07557993
19596,0.14542927
19597,0.033057958
19598,0.0032738398
19599,0.014518793
19600,0.01723675
19601,0.9257112
19602,0.9314649
19603,0.943829
19604,0.0054186876
19605,0.17105411
19606,0.043391086
19607,0.03350454
19608,0.019642843
19609,0.004401362
19610,0.2643505
19611,0.7452345
19612,0.14501786
19613,0.0037741312
19614,0.036956403
19615,0.013222653
19616,0.019895827
19617,0.0011552679
19618,0.3276975
19619,0.041833725
19620,0.040970784
19621,0.0096703945
19622,0.9691129
19623,0.004447385
19624,0.63854915
19625,0.022947093
19626,0.8048216
19627,0.0113566425
19628,0.37238446
19629,0.004394952
19630,0.14344448
19631,0.8852532
19632,0.27188495
19633,0.029301723
19634,0.050140444
19635,0.021161623
19636,0.079683416
19637,0.8774673
19638,0.009162217
19639,0.0028106892
19640,0.034244813
19641,0.0051701
19642,0.01858171
19643,0.0032793665
19644,0.007954071
19645,0.06480309
19646,0.06458851
19647,0.013200821
19648,0.020322872
19649,0.049174592
19650,0.0048855543
19651,0.00589094
19652,0.09756111
19653,0.009144772
19654,0.9505844
19655,0.008610096
19656,0.06966678
19657,0.02179145
19658,0.9824064
19659,0.0051211216
19660,0.19755091
19661,0.19336624
19662,0.39579085
19663,0.006411049
19664,0.89725834
19665,0.008459231
19666,0.021441067
19667,0.043703247
19668,0.002592134
19669,0.0035603698
19670,0.16402972
19671,0.34408483
19672,0.021083817
19673,0.04550827
19674,0.28757802
19675,0.5576611
19676,0.0973487
19677,0.0032428224
19678,0.001318177
19679,0.06161368
19680,0.012206736
19681,0.7626654
19682,0.97695005
19683,0.07283673
19684,0.058403175
19685,0.80374646
19686,0.009646923
19687,0.16588578
19688,0.0056404215
19689,0.11246254
19690,0.52520055
19691,0.01809061
19692,0.9318774
19693,0.011162625
19694,0.008389664
19695,0.0307403
19696,0.0064988304
19697,0.16347413
19698,0.017904554
19699,0.43836868
19700,0.0029137514
19701,0.0043155667
19702,0.73666155
19703,0.0064725694
19704,0.057305243
19705,0.04369337
19706,0.64294165
19707,0.002177358
19708,0.010451485
19709,0.005525236
19710,0.005278604
19711,0.9798267
19712,0.024069095
19713,0.0072671217
19714,0.4850213
19715,0.06145819
19716,0.0047569335
19717,0.14891106
19718,0.009201121
19719,0.0054675527
19720,0.29473788
19721,0.0041520004
19722,0.6855013
19723,0.95587796
19724,0.0024035997
19725,0.23165613
19726,0.0035120023
19727,0.044982202
19728,0.16165367
19729,0.027648404
19730,0.027738899
19731,0.2528484
19732,0.20216136
19733,0.0059175617
19734,0.09985866
19735,0.020101758
19736,0.019643242
19737,0.9809263
19738,0.8727053
19739,0.34190378
19740,0.0059080855
19741,0.024709415
19742,0.056635786
19743,0.77148604
19744,0.005466477
19745,0.009581737
19746,0.017833456
19747,0.047608916
19748,0.037831023
19749,0.0018450465
19750,0.02743346
19751,0.45706972
19752,0.06773277
19753,0.0024837991
19754,0.046209488
19755,0.003431888
19756,0.0057884236
19757,0.028525487
19758,0.8473782
19759,0.51768976
19760,0.025062969
19761,0.002167391
19762,0.0054350775
19763,0.0072706933
19764,0.8516377
19765,0.01979911
19766,0.85123086
19767,0.1511029
19768,0.99853766
19769,0.023298286
19770,0.010271549
19771,0.003670439
19772,0.0029844034
19773,0.15009871
19774,0.9881024
19775,0.014584655
19776,0.0014199066
19777,0.22880536
19778,0.35733378
19779,0.032794435
19780,0.009794211
19781,0.042515583
19782,0.0054286523
19783,0.0077877142
19784,0.044091143
19785,0.008286502
19786,0.0034092665
19787,0.0026132206
19788,0.072125085
19789,0.0149686625
19790,0.89923835
19791,0.5349967
19792,0.01105912
19793,0.17734489
19794,0.9062696
19795,0.0032831454
19796,0.039788928
19797,0.11069216
19798,0.003869935
19799,0.9889037
19800,0.0065753716
19801,0.04387091
19802,0.008015731
19803,0.23702423
19804,0.98290366
19805,0.10754559
19806,0.0023792349
19807,0.0771963
19808,0.12954827
19809,0.008337667
19810,0.014379733
19811,0.007047002
19812,0.018375723
19813,0.010703266
19814,0.04588293
19815,0.031829733
19816,0.037998393
19817,0.026524374
19818,0.039407324
19819,0.0038545216
19820,0.076692425
19821,0.0064911386
19822,0.0022521494
19823,0.048302148
19824,0.049436618
19825,0.03832244
19826,0.12646782
19827,0.13920857
19828,0.17783432
19829,0.6652413
19830,0.011895138
19831,0.0071441247
19832,0.13027428
19833,0.5012743
19834,0.0070273764
19835,0.41547912
19836,0.016234994
19837,0.0052942983
19838,0.02517189
19839,0.12706192
19840,0.12854137
19841,0.33502337
19842,0.012477625
19843,0.23804541
19844,0.15329058
19845,0.30543768
19846,0.006251379
19847,0.028853966
19848,0.117891334
19849,0.013903445
19850,0.0048061456
19851,0.007692149
19852,0.14211954
19853,0.03778611
19854,0.98048556
19855,0.1145566
19856,0.123876564
19857,0.63249433
19858,0.3818721
19859,0.901955
19860,0.84530693
19861,0.9914698
19862,0.031521752
19863,0.2223726
19864,0.037464574
19865,0.07333599
19866,0.15692195
19867,0.026919387
19868,0.04001212
19869,0.014683614
19870,0.36642012
19871,0.10781727
19872,0.0155754415
19873,0.1244478
19874,0.0060356962
19875,0.19478269
19876,0.0026484607
19877,0.01944391
19878,0.00215473
19879,0.014987255
19880,0.06760265
19881,0.02228695
19882,0.0025921823
19883,0.05989894
19884,0.13450146
19885,0.9940838
19886,0.086166404
19887,0.014596516
19888,0.9867639
19889,0.24192823
19890,0.039870527
19891,0.27435577
19892,0.0612853
19893,0.03989718
19894,0.0067761987
19895,0.6563855
19896,0.0012972776
19897,0.7479635
19898,0.03779916
19899,0.07160405
19900,0.06433984
19901,0.28260002
19902,0.031399373
19903,0.04716342
19904,0.010076484
19905,0.005395524
19906,0.09340073
19907,0.019289928
19908,0.0043605147
19909,0.0480683
19910,0.78884065
19911,0.13412766
19912,0.011488882
19913,0.025889315
19914,0.050234005
19915,0.33979204
19916,0.0009699738
19917,0.009887658
19918,0.0032013417
19919,0.032446172
19920,0.0116253095
19921,0.057129253
19922,0.34272343
19923,0.028787887
19924,0.065733016
19925,0.09909582
19926,0.28941387
19927,0.45999172
19928,0.03036183
19929,0.19399603
19930,0.019406082
19931,0.011483846
19932,0.21446623
19933,0.005016854
19934,0.018600058
19935,0.021143757
19936,0.0018853282
19937,0.12701122
19938,0.02722024
19939,0.024655886
19940,0.0012225086
19941,0.027277559
19942,0.016512673
19943,0.0019989794
19944,0.0074633416
19945,0.06068831
19946,0.02723911
19947,0.0048897313
19948,0.35107687
19949,0.0045377123
19950,0.028674088
19951,0.2629534
19952,0.039098736
19953,0.52933663
19954,0.019307956
19955,0.014420834
19956,0.435596
19957,0.007864218
19958,0.010947938
19959,0.016892489
19960,0.03182022
19961,0.013104425
19962,0.007846165
19963,0.009155692
19964,0.0044337926
19965,0.0043217307
19966,0.22701581
19967,0.2760745
19968,0.86353546
19969,0.4258687
19970,0.19436465
19971,0.0043517374
19972,0.019374471
19973,0.8983682
19974,0.0040121926
19975,0.9874843
19976,0.02311443
19977,0.02371379
19978,0.017739773
19979,0.91791517
19980,0.2358813
19981,0.0231185
19982,0.023241665
19983,0.24481773
19984,0.5810187
19985,0.06453869
19986,0.0056217206
19987,0.9953176
19988,0.004972512
19989,0.016953405
19990,0.054209422
19991,0.0058181034
19992,0.9713189
19993,0.089629635
19994,0.0365609
19995,0.090884365
19996,0.014412764
19997,0.009235713
19998,0.0022934647
19999,0.005864526
20000,0.038022723
20001,0.004814838
20002,0.018707909
20003,0.11604881
20004,0.021149017
20005,0.47091624
20006,0.97049034
20007,0.15439832
20008,0.6554324
20009,0.012571736
20010,0.005765984
20011,0.046071526
20012,0.009886966
20013,0.029383885
20014,0.14778598
20015,0.035779033
20016,0.006597305
20017,0.025405664
20018,0.0047106678
20019,0.04979339
20020,0.05392962
20021,0.027335104
20022,0.19800186
20023,0.05083609
20024,0.029054677
20025,0.004583224
20026,0.13794695
20027,0.9747893
20028,0.005795392
20029,0.53558844
20030,0.037607245
20031,0.0019636631
20032,0.13748907
20033,0.27201214
20034,0.004780324
20035,0.18759182
20036,0.017621055
20037,0.38694704
20038,0.9787194
20039,0.5588987
20040,0.004279119
20041,0.003551149
20042,0.0084601585
20043,0.018038709
20044,0.0047414787
20045,0.3164721
20046,0.9824814
20047,0.99874336
20048,0.002487721
20049,0.90994024
20050,0.051679447
20051,0.032348566
20052,0.010816194
20053,0.9586939
20054,0.003649316
20055,0.130672
20056,0.0043368028
20057,0.027111461
20058,0.11798913
20059,0.0948298
20060,0.028907755
20061,0.00391984
20062,0.13839607
20063,0.0013154398
20064,0.008019577
20065,0.56954545
20066,0.34447822
20067,0.03614561
20068,0.10949049
20069,0.69205177
20070,0.006073687
20071,0.011087897
20072,0.4044348
20073,0.04417269
20074,0.006551019
20075,0.14870551
20076,0.32924956
20077,0.033993285
20078,0.048699155
20079,0.005650376
20080,0.3797141
20081,0.8661142
20082,0.060364645
20083,0.096039735
20084,0.9530345
20085,0.018834922
20086,0.003449769
20087,0.051489215
20088,0.2880406
20089,0.016329547
20090,0.2079917
20091,0.26084238
20092,0.014688292
20093,0.28356573
20094,0.061525058
20095,0.7397723
20096,0.83163726
20097,0.5097413
20098,0.0016298558
20099,0.015789593
20100,0.9018356
20101,0.36330885
20102,0.049357984
20103,0.01549827
20104,0.8417591
20105,0.027255526
20106,0.16266719
20107,0.8115999
20108,0.0069181332
20109,0.9613114
20110,0.37073657
20111,0.011712522
20112,0.013453262
20113,0.013816022
20114,0.9550216
20115,0.9627665
20116,0.46700066
20117,0.0015809588
20118,0.0013744163
20119,0.04689132
20120,0.019306289
20121,0.010760705
20122,0.1653881
20123,0.062623754
20124,0.12547171
20125,0.07317704
20126,0.064391576
20127,0.024330292
20128,0.9949635
20129,0.15634555
20130,0.42980143
20131,0.0063644666
20132,0.025213597
20133,0.0012673645
20134,0.016953668
20135,0.94144654
20136,0.0042945812
20137,0.0023048872
20138,0.9868172
20139,0.007732417
20140,0.28706956
20141,0.0031417457
20142,0.03288775
20143,0.005629459
20144,0.015533699
20145,0.012805924
20146,0.010024075
20147,0.064158335
20148,0.003207332
20149,0.25622466
20150,0.019504393
20151,0.98741806
20152,0.005124845
20153,0.09477232
20154,0.0030912464
20155,0.015167281
20156,0.0014178068
20157,0.064766094
20158,0.008956851
20159,0.14654873
20160,0.9892925
20161,0.007071568
20162,0.005331475
20163,0.02732927
20164,0.17439654
20165,0.014166152
20166,0.0106093995
20167,0.6422482
20168,0.004725426
20169,0.00202636
20170,0.010245347
20171,0.8885167
20172,0.2819181
20173,0.99359363
20174,0.03469587
20175,0.8951824
20176,0.026159741
20177,0.0053509
20178,0.007826813
20179,0.018581806
20180,0.009045629
20181,0.019473098
20182,0.02255257
20183,0.0032101367
20184,0.96381056
20185,0.35824722
20186,0.012448569
20187,0.0010989457
20188,0.24126127
20189,0.19775318
20190,0.85700214
20191,0.006450504
20192,0.9107412
20193,0.04154942
20194,0.022113366
20195,0.8941917
20196,0.00556279
20197,0.009943443
20198,0.005710448
20199,0.026656842
20200,0.0048701805
20201,0.35419104
20202,0.004515133
20203,0.14398088
20204,0.07073252
20205,0.002779245
20206,0.011966097
20207,0.99195826
20208,0.010778836
20209,0.003526021
20210,0.005383998
20211,0.047806837
20212,0.9679853
20213,0.0056599514
20214,0.4946468
20215,0.024688756
20216,0.012852134
20217,0.005939199
20218,0.088740095
20219,0.9851612
20220,0.06658122
20221,0.7404088
20222,0.008652669
20223,0.015532569
20224,0.048323687
20225,0.076665975
20226,0.0042583966
20227,0.4290316
20228,0.9444424
20229,0.44334254
20230,0.007968012
20231,0.8418577
20232,0.099704534
20233,0.0050719674
20234,0.006391509
20235,0.0150735555
20236,0.841109
20237,0.5808229
20238,0.032478448
20239,0.0011057847
20240,0.00042022415
20241,0.004623291
20242,0.0041532214
20243,0.006482825
20244,0.005921981
20245,0.08161672
20246,0.96703637
20247,0.021370478
20248,0.0103366515
20249,0.5855176
20250,0.018718272
20251,0.011330146
20252,0.004782039
20253,0.0025315003
20254,0.012317772
20255,0.1856736
20256,0.90340036
20257,0.9469138
20258,0.20080416
20259,0.49370793
20260,0.00393165
20261,0.42967075
20262,0.017608505
20263,0.93571687
20264,0.16446455
20265,0.29124704
20266,0.9704531
20267,0.45686296
20268,0.0512689
20269,0.045194406
20270,0.012149734
20271,0.23641224
20272,0.009866351
20273,0.024926962
20274,0.03365354
20275,0.002399052
20276,0.6545454
20277,0.8308842
20278,0.122797765
20279,0.62417936
20280,0.0039965753
20281,0.014922918
20282,0.022259925
20283,0.69514436
20284,0.0056100576
20285,0.507817
20286,0.0054681674
20287,0.0036765733
20288,0.011046012
20289,0.94464564
20290,0.0021400608
20291,0.0016799769
20292,0.9567455
20293,0.8565584
20294,0.007969949
20295,0.108994916
20296,0.33393255
20297,0.019240556
20298,0.012922493
20299,0.9521072
20300,0.06459419
20301,0.00569322
20302,0.99108994
20303,0.0043763905
20304,0.16254346
20305,0.003009216
20306,0.003942691
20307,0.07332548
20308,0.062232688
20309,0.06157975
20310,0.024752088
20311,0.027208941
20312,0.006496909
20313,0.005903279
20314,0.7297551
20315,0.990194
20316,0.01995504
20317,0.0022907439
20318,0.038858518
20319,0.9054577
20320,0.9434334
20321,0.030684836
20322,0.22360815
20323,0.0039452533
20324,0.7977077
20325,0.0025214648
20326,0.048711717
20327,0.047722716
20328,0.047885004
20329,0.25683218
20330,0.9050543
20331,0.9366487
20332,0.42548224
20333,0.13120246
20334,0.96939284
20335,0.8453784
20336,0.009357932
20337,0.008104356
20338,0.2961023
20339,0.85977614
20340,0.009529874
20341,0.16714142
20342,0.016198197
20343,0.85395277
20344,0.0015897806
20345,0.7908789
20346,0.16261397
20347,0.024045847
20348,0.7201715
20349,0.0042012003
20350,0.011605678
20351,0.10368713
20352,0.025711402
20353,0.0056296163
20354,0.34837767
20355,0.011168658
20356,0.003550533
20357,0.3321517
20358,0.023628006
20359,0.03078748
20360,0.10881021
20361,0.011721738
20362,0.0071570706
20363,0.0013804152
20364,0.9593244
20365,0.006437773
20366,0.011516988
20367,0.012139169
20368,0.011029268
20369,0.005644721
20370,0.23303641
20371,0.014939161
20372,0.02399954
20373,0.023059983
20374,0.0023610091
20375,0.035832107
20376,0.048833396
20377,0.12949446
20378,0.0026991963
20379,0.2685371
20380,0.0027870436
20381,0.5359093
20382,0.0068729403
20383,0.97687453
20384,0.010687993
20385,0.0031561358
20386,0.0048174597
20387,0.03556732
20388,0.04424718
20389,0.093734406
20390,0.39543352
20391,0.7300239
20392,0.0941301
20393,0.056916907
20394,0.986291
20395,0.022422431
20396,0.067203835
20397,0.0016672519
20398,0.9789026
20399,0.0068370267
20400,0.051290523
20401,0.8280885
20402,0.73499227
20403,0.002616597
20404,0.0028905221
20405,0.0071282457
20406,0.008036841
20407,0.26290837
20408,0.45160073
20409,0.6103112
20410,0.87484694
20411,0.07228055
20412,0.005339041
20413,0.044855714
20414,0.9742848
20415,0.9583328
20416,0.016642831
20417,0.023756368
20418,0.015591821
20419,0.015388278
20420,0.016526712
20421,0.3986249
20422,0.0027178933
20423,0.029660812
20424,0.17574038
20425,0.006937866
20426,0.961211
20427,0.0034070958
20428,0.98307735
20429,0.06194716
20430,0.0029556844
20431,0.006857595
20432,0.058239177
20433,0.016681075
20434,0.051188044
20435,0.0073170858
20436,0.003902467
20437,0.9751822
20438,0.86329293
20439,0.046609312
20440,0.012681274
20441,0.025782809
20442,0.006162972
20443,0.21235582
20444,0.20988935
20445,0.15082961
20446,0.010522426
20447,0.728992
20448,0.27186516
20449,0.9502122
20450,0.86234444
20451,0.992601
20452,0.03552897
20453,0.010049987
20454,0.088877074
20455,0.014932538
20456,0.002864368
20457,0.0029586793
20458,0.11327409
20459,0.88427347
20460,0.18457365
20461,0.014247793
20462,0.005744301
20463,0.026767045
20464,0.0020125485
20465,0.004789468
20466,0.007148273
20467,0.8954756
20468,0.027218673
20469,0.2688933
20470,0.0037740078
20471,0.30431354
20472,0.04955346
20473,0.0073343576
20474,0.001895644
20475,0.010499584
20476,0.04800548
20477,0.9843179
20478,0.049170643
20479,0.15691009
20480,0.20170578
20481,0.062023487
20482,0.17831643
20483,0.0077549936
20484,0.0071341274
20485,0.0058819326
20486,0.0152376415
20487,0.63309735
20488,0.0042832675
20489,0.41900188
20490,0.9957235
20491,0.09420653
20492,0.021188278
20493,0.0078002666
20494,0.052644227
20495,0.004148715
20496,0.0020652146
20497,0.004543221
20498,0.05954869
20499,0.63812876
20500,0.005349509
20501,0.0038251507
20502,0.41560706
20503,0.5878275
20504,0.0069903047
20505,0.92582357
20506,0.0083905915
20507,0.12578183
20508,0.53957534
20509,0.9573925
20510,0.06677
20511,0.004907368
20512,0.9801281
20513,0.47985357
20514,0.00709038
20515,0.6092618
20516,0.0139963785
20517,0.08122256
20518,0.008963491
20519,0.023482446
20520,0.008780171
20521,0.860063
20522,0.006295502
20523,0.024895227
20524,0.018339405
20525,0.019347595
20526,0.02058257
20527,0.08235717
20528,0.014377126
20529,0.21031472
20530,0.011022804
20531,0.06599072
20532,0.04544336
20533,0.01721035
20534,0.004879438
20535,0.009426516
20536,0.0008551657
20537,0.95115364
20538,0.0974747
20539,0.012065301
20540,0.54701275
20541,0.039258663
20542,0.09040863
20543,0.7397133
20544,0.754542
20545,0.123326465
20546,0.007883879
20547,0.057400912
20548,0.5595772
20549,0.11895401
20550,0.029708652
20551,0.004722767
20552,0.2339967
20553,0.0069645904
20554,0.01994843
20555,0.014180715
20556,0.026914235
20557,0.12066946
20558,0.0012733744
20559,0.00386196
20560,0.01450234
20561,0.0030951824
20562,0.0063027577
20563,0.0028982756
20564,0.040046524
20565,0.041000254
20566,0.1545063
20567,0.06447453
20568,0.0062648864
20569,0.016762707
20570,0.051820394
20571,0.0025291846
20572,0.019051751
20573,0.0123919295
20574,0.086491026
20575,0.022191107
20576,0.122323915
20577,0.5777555
20578,0.85338527
20579,0.011686586
20580,0.0053030546
20581,0.043037195
20582,0.07565699
20583,0.75184083
20584,0.0013172476
20585,0.005621417
20586,0.013893799
20587,0.02316605
20588,0.016870163
20589,0.95343345
20590,0.2856087
20591,0.050310604
20592,0.55290854
20593,0.07549578
20594,0.027383607
20595,0.023121009
20596,0.81186223
20597,0.070682235
20598,0.6453777
20599,0.059330665
20600,0.31770098
20601,0.006104941
20602,0.16520445
20603,0.17021704
20604,0.025099302
20605,0.0045752497
20606,0.13695335
20607,0.017342195
20608,0.9934122
20609,0.9192479
20610,0.36724582
20611,0.06309799
20612,0.006001323
20613,0.2077519
20614,0.9875502
20615,0.8302639
20616,0.32449695
20617,0.00782989
20618,0.039616555
20619,0.0025762867
20620,0.75426215
20621,0.008165887
20622,0.0063414243
20623,0.027285796
20624,0.14495173
20625,0.04684076
20626,0.0057620658
20627,0.018944893
20628,0.36299318
20629,0.7872909
20630,0.033443768
20631,0.05626795
20632,0.021808432
20633,0.0029619245
20634,0.8819737
20635,0.007877097
20636,0.0051015704
20637,0.20970418
20638,0.11464968
20639,0.051229768
20640,0.41007364
20641,0.0213383
20642,0.0027397547
20643,0.015532861
20644,0.5332716
20645,0.21553822
20646,0.008424573
20647,0.100417584
20648,0.048032325
20649,0.022269608
20650,0.15937838
20651,0.051507894
20652,0.08953274
20653,0.24694203
20654,0.47159526
20655,0.018770589
20656,0.8118459
20657,0.084250994
20658,0.014534999
20659,0.8878155
20660,0.04249935
20661,0.009633657
20662,0.0038095904
20663,0.044866044
20664,0.0069819614
20665,0.011995036
20666,0.01019704
20667,0.010632629
20668,0.0113288425
20669,0.17743029
20670,0.98495215
20671,0.015823983
20672,0.9478637
20673,0.05953346
20674,0.006841441
20675,0.002024577
20676,0.20989554
20677,0.022428945
20678,0.01814168
20679,0.029736413
20680,0.40295595
20681,0.0041251592
20682,0.3491348
20683,0.2566699
20684,0.0135587305
20685,0.08836718
20686,0.023249345
20687,0.022372998
20688,0.7896879
20689,0.755673
20690,0.0066998093
20691,0.0021662062
20692,0.68920994
20693,0.09535771
20694,0.0024329976
20695,0.0009793661
20696,0.0039103692
20697,0.990212
20698,0.012413148
20699,0.0058632004
20700,0.0046823914
20701,0.57019305
20702,0.012096961
20703,0.87673545
20704,0.008529567
20705,0.096047655
20706,0.005567197
20707,0.012308314
20708,0.07081009
20709,0.011803111
20710,0.023107884
20711,0.011596542
20712,0.17460634
20713,0.94345325
20714,0.7439662
20715,0.008752538
20716,0.011909231
20717,0.6934957
20718,0.29000774
20719,0.0025806194
20720,0.23631814
20721,0.07478652
20722,0.064662054
20723,0.009477701
20724,0.013625719
20725,0.003829861
20726,0.015972255
20727,0.9141905
20728,0.014617573
20729,0.011797217
20730,0.07018819
20731,0.15611516
20732,0.029554069
20733,0.9267526
20734,0.09429072
20735,0.64104664
20736,0.008753398
20737,0.5647602
20738,0.7442834
20739,0.01395285
20740,0.021534188
20741,0.8857171
20742,0.006354237
20743,0.051299863
20744,0.37756407
20745,0.8096376
20746,0.019822216
20747,0.006903001
20748,0.013325782
20749,0.00715683
20750,0.14403428
20751,0.9851666
20752,0.011531579
20753,0.26799256
20754,0.09658299
20755,0.1498832
20756,0.029681597
20757,0.060309738
20758,0.047830652
20759,0.34994918
20760,0.005827784
20761,0.038791258
20762,0.20764658
20763,0.006246973
20764,0.9138618
20765,0.0724331
20766,0.03801914
20767,0.6379555
20768,0.018689286
20769,0.016367689
20770,0.0033423777
20771,0.019806335
20772,0.007927052
20773,0.002365711
20774,0.021328883
20775,0.018137118
20776,0.03107782
20777,0.0069949063
20778,0.027867945
20779,0.8262543
20780,0.9344081
20781,0.009975655
20782,0.019803863
20783,0.7959223
20784,0.020766921
20785,0.0035177625
20786,0.9918596
20787,0.02439544
20788,0.47900474
20789,0.3656172
20790,0.018102763
20791,0.9093667
20792,0.006730033
20793,0.010224103
20794,0.0020898737
20795,0.013862462
20796,0.53303415
20797,0.24903211
20798,0.006016112
20799,0.11044462
20800,0.86143684
20801,0.4282447
20802,0.11792191
20803,0.94217545
20804,0.053559937
20805,0.019456334
20806,0.6410476
20807,0.029312909
20808,0.0055736713
20809,0.13310218
20810,0.03167138
20811,0.14030576
20812,0.14261232
20813,0.009835236
20814,0.047963005
20815,0.596619
20816,0.04175998
20817,0.0010212624
20818,0.0042057713
20819,0.017245308
20820,0.2968773
20821,0.7570556
20822,0.026432673
20823,0.001511702
20824,0.0155137
20825,0.16716234
20826,0.028821463
20827,0.022219684
20828,0.51245075
20829,0.20329148
20830,0.6071775
20831,0.38032356
20832,0.032124043
20833,0.8899946
20834,0.11248076
20835,0.008263489
20836,0.8710085
20837,0.0046512894
20838,0.008752704
20839,0.024830833
20840,0.012385394
20841,0.0851885
20842,0.011440439
20843,0.019306447
20844,0.0103530055
20845,0.40071616
20846,0.0034540636
20847,0.027258756
20848,0.0046690367
20849,0.0061321785
20850,0.031717263
20851,0.03951729
20852,0.9727078
20853,0.033348635
20854,0.002683903
20855,0.30889952
20856,0.036004987
20857,0.5986582
20858,0.98078316
20859,0.030463696
20860,0.06821936
20861,0.026055591
20862,0.19657165
20863,0.3353236
20864,0.011234026
20865,0.041265808
20866,0.01135417
20867,0.0050061117
20868,0.9616827
20869,0.005344536
20870,0.0054749604
20871,0.002870555
20872,0.015662665
20873,0.007765906
20874,0.8283948
20875,0.34678647
20876,0.12653023
20877,0.21310732
20878,0.10223123
20879,0.0038552629
20880,0.022904146
20881,0.04757995
20882,0.5705617
20883,0.012676194
20884,0.009512767
20885,0.040279794
20886,0.22317673
20887,0.001608788
20888,0.12418551
20889,0.0208334
20890,0.13763236
20891,0.007672461
20892,0.15454204
20893,0.25159597
20894,0.053476423
20895,0.282293
20896,0.82115334
20897,0.0012821344
20898,0.2909996
20899,0.08597451
20900,0.0070624105
20901,0.0038530733
20902,0.035092626
20903,0.7187764
20904,0.018539015
20905,0.03678793
20906,0.022287292
20907,0.039875437
20908,0.0029624202
20909,0.008165176
20910,0.08948728
20911,0.59797204
20912,0.0032625517
20913,0.8100234
20914,0.089552544
20915,0.012739412
20916,0.00350033
20917,0.035873357
20918,0.013298342
20919,0.0075539127
20920,0.012784926
20921,0.0027006918
20922,0.920835
20923,0.008141053
20924,0.92083806
20925,0.08376406
20926,0.99777526
20927,0.030556368
20928,0.06401064
20929,0.26120993
20930,0.019980656
20931,0.026264671
20932,0.0046808096
20933,0.008871414
20934,0.045359094
20935,0.02447729
20936,0.9485461
20937,0.0024067573
20938,0.056157187
20939,0.0055804253
20940,0.29590794
20941,0.018889114
20942,0.33549178
20943,0.23268126
20944,0.8330182
20945,0.013294013
20946,0.9676344
20947,0.01847469
20948,0.015315018
20949,0.15208352
20950,0.009848345
20951,0.017579015
20952,0.7765773
20953,0.028614717
20954,0.019422127
20955,0.035651017
20956,0.0055459337
20957,0.037917823
20958,0.015102765
20959,0.9412521
20960,0.0725987
20961,0.041073788
20962,0.0023378013
20963,0.0022219105
20964,0.027307896
20965,0.0033136962
20966,0.035728425
20967,0.03433571
20968,0.04713374
20969,0.0031644476
20970,0.0015823691
20971,0.019357365
20972,0.008071973
20973,0.022672761
20974,0.0019203821
20975,0.189013
20976,0.006345584
20977,0.19542395
20978,0.08440563
20979,0.017956806
20980,0.09077208
20981,0.055349037
20982,0.014040273
20983,0.029587997
20984,0.007817945
20985,0.0030624748
20986,0.1118451
20987,0.992648
20988,0.77691954
20989,0.11288375
20990,0.68637437
20991,0.992101
20992,0.27087182
20993,0.0010406129
20994,0.05128615
20995,0.065887876
20996,0.028802507
20997,0.07415599
20998,0.07079516
20999,0.00902218
21000,0.9923481
21001,0.007238741
21002,0.9243516
21003,0.0042342283
21004,0.7087647
21005,0.016997432
21006,0.9461691
21007,0.0063782195
21008,0.026002547
21009,0.030089
21010,0.9683557
21011,0.018115262
21012,0.009469468
21013,0.008482921
21014,0.1351717
21015,0.5060772
21016,0.24620593
21017,0.0021297105
21018,0.004125612
21019,0.03023983
21020,0.04413745
21021,0.021855881
21022,0.9328758
21023,0.022933897
21024,0.6156274
21025,0.11971091
21026,0.04189893
21027,0.9834568
21028,0.7150371
21029,0.014571996
21030,0.070765525
21031,0.8409187
21032,0.044000786
21033,0.7819774
21034,0.83668673
21035,0.012108254
21036,0.9940042
21037,0.5433493
21038,0.013099635
21039,0.95109904
21040,0.009650942
21041,0.08346895
21042,0.10467537
21043,0.007103935
21044,0.819588
21045,0.028446626
21046,0.20617136
21047,0.9577996
21048,0.009773866
21049,0.9906846
21050,0.01103981
21051,0.42080998
21052,0.012129776
21053,0.042801853
21054,0.8555754
21055,0.007740378
21056,0.017850494
21057,0.99337983
21058,0.0026460814
21059,0.88537157
21060,0.9167971
21061,0.03650345
21062,0.0029156264
21063,0.017900111
21064,0.44305736
21065,0.22869836
21066,0.0014631309
21067,0.0046022027
21068,0.04263051
21069,0.035262197
21070,0.034318544
21071,0.67273223
21072,0.004103371
21073,0.13707262
21074,0.009694023
21075,0.023880182
21076,0.00643752
21077,0.14914477
21078,0.44723624
21079,0.8460648
21080,0.0121125225
21081,0.992902
21082,0.017384239
21083,0.01977579
21084,0.223253
21085,0.005541244
21086,0.052834135
21087,0.03412758
21088,0.17516367
21089,0.088561304
21090,0.12161887
21091,0.0070021604
21092,0.73029375
21093,0.004720206
21094,0.026817463
21095,0.00752873
21096,0.0070240702
21097,0.03624062
21098,0.013419855
21099,0.054835137
21100,0.026006827
21101,0.0051784697
21102,0.007051435
21103,0.22421467
21104,0.20081542
21105,0.0038044564
21106,0.87608653
21107,0.037081953
21108,0.1186045
21109,0.5347999
21110,0.76607436
21111,0.99911374
21112,0.0012982232
21113,0.016105646
21114,0.78280056
21115,0.11886627
21116,0.9721124
21117,0.02475054
21118,0.003642903
21119,0.9908439
21120,0.003067379
21121,0.20654693
21122,0.069034986
21123,0.03259244
21124,0.012483425
21125,0.05032508
21126,0.0033776811
21127,0.014267924
21128,0.0046926606
21129,0.010459305
21130,0.89651287
21131,0.37886077
21132,0.07264896
21133,0.020444438
21134,0.006723196
21135,0.8910251
21136,0.029351017
21137,0.0034581625
21138,0.0072236587
21139,0.020108188
21140,0.7226448
21141,0.010693476
21142,0.0076157884
21143,0.020714773
21144,0.005227659
21145,0.017569466
21146,0.03035208
21147,0.4015185
21148,0.17978834
21149,0.011761221
21150,0.010393375
21151,0.8873306
21152,0.01768659
21153,0.72286797
21154,0.029594336
21155,0.015741793
21156,0.6320435
21157,0.022910897
21158,0.05991968
21159,0.011885406
21160,0.011500378
21161,0.002892341
21162,0.034267325
21163,0.79311967
21164,0.008851391
21165,0.16581087
21166,0.96363974
21167,0.028692735
21168,0.007522298
21169,0.19386743
21170,0.25728452
21171,0.1298097
21172,0.23835433
21173,0.007831972
21174,0.98799336
21175,0.3075352
21176,0.0052384613
21177,0.78665686
21178,0.35438675
21179,0.004796378
21180,0.9247278
21181,0.04038967
21182,0.0036149635
21183,0.010480711
21184,0.7278063
21185,0.05441183
21186,0.007460054
21187,0.004585768
21188,0.0103547685
21189,0.003125351
21190,0.02260135
21191,0.9390891
21192,0.0689926
21193,0.16733228
21194,0.9905047
21195,0.013361119
21196,0.025023991
21197,0.0023899102
21198,0.008718375
21199,0.3986358
21200,0.0086479345
21201,0.020095583
21202,0.0022889618
21203,0.07964812
21204,0.0140583785
21205,0.0017472635
21206,0.9085157
21207,0.003169831
21208,0.03239947
21209,0.93704504
21210,0.24482478
21211,0.95946115
21212,0.006749323
21213,0.8021307
21214,0.066338375
21215,0.041972592
21216,0.29853708
21217,0.15320939
21218,0.0028663
21219,0.0060801674
21220,0.34046307
21221,0.01236725
21222,0.006881981
21223,0.02071086
21224,0.37685436
21225,0.0017081683
21226,0.20487915
21227,0.0071567143
21228,0.97849953
21229,0.9593852
21230,0.111707814
21231,0.75655323
21232,0.022773
21233,0.21099508
21234,0.014099495
21235,0.8221218
21236,0.66627735
21237,0.0051173936
21238,0.006528039
21239,0.02390671
21240,0.005985724
21241,0.29919216
21242,0.94822437
21243,0.13110946
21244,0.043515388
21245,0.98663366
21246,0.0020005533
21247,0.013320822
21248,0.0050556744
21249,0.9802594
21250,0.004708216
21251,0.007470982
21252,0.09514284
21253,0.008368031
21254,0.017330488
21255,0.054846518
21256,0.02662698
21257,0.8919136
21258,0.22769198
21259,0.014630876
21260,0.08482911
21261,0.017898332
21262,0.017768553
21263,0.07956361
21264,0.0027649202
21265,0.008596499
21266,0.0015886356
21267,0.013022623
21268,0.98456824
21269,0.10503369
21270,0.34105682
21271,0.14686
21272,0.20803823
21273,0.014857513
21274,0.0045213136
21275,0.14697605
21276,0.003164389
21277,0.010232175
21278,0.78457564
21279,0.091881
21280,0.073596105
21281,0.01386846
21282,0.19883348
21283,0.06659928
21284,0.9806708
21285,0.026371736
21286,0.3582037
21287,0.0021323175
21288,0.008176769
21289,0.0033325076
21290,0.39354584
21291,0.001135369
21292,0.7501683
21293,0.0112811895
21294,0.07971453
21295,0.8105404
21296,0.00349597
21297,0.98601806
21298,0.12700094
21299,0.86456704
21300,0.055179644
21301,0.9874298
21302,0.96561164
21303,0.0022296326
21304,0.0025285918
21305,0.0045816996
21306,0.025093853
21307,0.001467627
21308,0.022952639
21309,0.06173264
21310,0.00425094
21311,0.06285211
21312,0.5041964
21313,0.0056603407
21314,0.16288257
21315,0.051454958
21316,0.26907194
21317,0.49819794
21318,0.6788537
21319,0.017232414
21320,0.032208323
21321,0.004091999
21322,0.035711005
21323,0.98385936
21324,0.016971877
21325,0.018329402
21326,0.88070726
21327,0.001150968
21328,0.0077039283
21329,0.026510397
21330,0.0013759218
21331,0.0017041358
21332,0.14350943
21333,0.0013731825
21334,0.8808242
21335,0.2857583
21336,0.009589917
21337,0.60773855
21338,0.8765827
21339,0.18932796
21340,0.007875924
21341,0.0065478384
21342,0.26282653
21343,0.016593559
21344,0.013448142
21345,0.13742293
21346,0.0034964655
21347,0.032333918
21348,0.9884702
21349,0.0023157552
21350,0.06773324
21351,0.95390886
21352,0.004555004
21353,0.8965608
21354,0.008544396
21355,0.022146247
21356,0.0039182836
21357,0.011314047
21358,0.38833085
21359,0.6384666
21360,0.15925358
21361,0.99884415
21362,0.018907476
21363,0.03264564
21364,0.0024595358
21365,0.005663409
21366,0.014103366
21367,0.80903256
21368,0.98955834
21369,0.0011822787
21370,0.84541214
21371,0.94424284
21372,0.008456492
21373,0.0055421297
21374,0.008705848
21375,0.015840461
21376,0.5810107
21377,0.089973316
21378,0.8867331
21379,0.0208016
21380,0.79893565
21381,0.008279475
21382,0.030407725
21383,0.002628227
21384,0.0016394227
21385,0.05807859
21386,0.9697325
21387,0.23362581
21388,0.5945362
21389,0.0090133175
21390,0.003314974
21391,0.01557882
21392,0.009738095
21393,0.006274712
21394,0.027403798
21395,0.6460359
21396,0.14047286
21397,0.96759397
21398,0.0032185595
21399,0.059560157
21400,0.87612814
21401,0.0043489593
21402,0.022773487
21403,0.15880817
21404,0.00841137
21405,0.0049390583
21406,0.0010457858
21407,0.028350383
21408,0.0274883
21409,0.02805812
21410,0.13541389
21411,0.56367767
21412,0.0053602573
21413,0.0038767608
21414,0.009148259
21415,0.015759135
21416,0.029231105
21417,0.08229517
21418,0.011965156
21419,0.015563821
21420,0.0054509784
21421,0.2876868
21422,0.05031296
21423,0.0062235664
21424,0.25630692
21425,0.38179716
21426,0.27220604
21427,0.07406789
21428,0.1452854
21429,0.74584305
21430,0.0038813134
21431,0.06659688
21432,0.19124395
21433,0.0041706166
21434,0.003633222
21435,0.0041665984
21436,0.072082676
21437,0.06100603
21438,0.0029072505
21439,0.21808733
21440,0.012380717
21441,0.019269772
21442,0.0059644147
21443,0.020660356
21444,0.005322084
21445,0.3859878
21446,0.008694855
21447,0.005331998
21448,0.044302125
21449,0.021351853
21450,0.023425775
21451,0.8739235
21452,0.8290354
21453,0.011717789
21454,0.03882208
21455,0.63706684
21456,0.024458336
21457,0.008365753
21458,0.4897263
21459,0.18286267
21460,0.0036118529
21461,0.0057675317
21462,0.9082269
21463,0.0035413725
21464,0.054385696
21465,0.20989491
21466,0.13742866
21467,0.76580226
21468,0.0014138597
21469,0.029061465
21470,0.46108663
21471,0.018915396
21472,0.3435976
21473,0.007222315
21474,0.7404957
21475,0.0015805381
21476,0.003416839
21477,0.006154806
21478,0.0061403587
21479,0.89568883
21480,0.049671497
21481,0.0053481013
21482,0.016321445
21483,0.66991717
21484,0.03498649
21485,0.04482048
21486,0.03046024
21487,0.16451597
21488,0.4842115
21489,0.028722199
21490,0.0058235032
21491,0.010037973
21492,0.062706776
21493,0.3290971
21494,0.039334748
21495,0.20067795
21496,0.009826195
21497,0.004412469
21498,0.012882011
21499,0.16922435
21500,0.23267558
21501,0.010451737
21502,0.059083067
21503,0.2589712
21504,0.20425342
21505,0.74844074
21506,0.002676751
21507,0.007329107
21508,0.7446923
21509,0.003907497
21510,0.82596433
21511,0.5753085
21512,0.0093791345
21513,0.04099247
21514,0.007617713
21515,0.024830548
21516,0.44973594
21517,0.049978998
21518,0.008714663
21519,0.013487758
21520,0.010240561
21521,0.009549021
21522,0.006998418
21523,0.067589335
21524,0.0039194566
21525,0.16015767
21526,0.81623644
21527,0.0019717258
21528,0.005280637
21529,0.030885877
21530,0.3861007
21531,0.14685424
21532,0.7639407
21533,0.0019303986
21534,0.061443366
21535,0.5727853
21536,0.8536032
21537,0.18304949
21538,0.00219551
21539,0.553144
21540,0.005694254
21541,0.06119968
21542,0.14228746
21543,0.35492158
21544,0.026540395
21545,0.9661804
21546,0.25475612
21547,0.0025629716
21548,0.009109896
21549,0.07805759
21550,0.85544455
21551,0.09368331
21552,0.018552845
21553,0.00411632
21554,0.019261066
21555,0.27141663
21556,0.21616267
21557,0.017158069
21558,0.11510538
21559,0.8960496
21560,0.0055566845
21561,0.017536648
21562,0.016790653
21563,0.035079822
21564,0.0028826883
21565,0.0013014575
21566,0.20311761
21567,0.003844797
21568,0.037276845
21569,0.028444413
21570,0.45948812
21571,0.028488757
21572,0.74858075
21573,0.047602408
21574,0.003916172
21575,0.8510759
21576,0.55483294
21577,0.25298956
21578,0.051505428
21579,0.019188782
21580,0.0056006326
21581,0.32838768
21582,0.057564314
21583,0.4394834
21584,0.0150348395
21585,0.15029307
21586,0.87990725
21587,0.009418852
21588,0.8128446
21589,0.01692782
21590,0.22534761
21591,0.110346265
21592,0.0141960895
21593,0.95961547
21594,0.0072393166
21595,0.023274
21596,0.061193597
21597,0.37966502
21598,0.72507024
21599,0.0043538744
21600,0.715299
21601,0.046795864
21602,0.10751213
21603,0.9108681
21604,0.01689263
21605,0.08172867
21606,0.0013115561
21607,0.022340048
21608,0.091384634
21609,0.48262203
21610,0.014759362
21611,0.13559638
21612,0.02897735
21613,0.0032302376
21614,0.47232866
21615,0.016561175
21616,0.17937449
21617,0.8376009
21618,0.00740127
21619,0.56918854
21620,0.007543278
21621,0.011688244
21622,0.7989939
21623,0.00605996
21624,0.24948607
21625,0.27950463
21626,0.16303037
21627,0.6699325
21628,0.0226602
21629,0.023987213
21630,0.006390976
21631,0.01661857
21632,0.76895326
21633,0.013892426
21634,0.16378501
21635,0.0029115565
21636,0.16642986
21637,0.07318071
21638,0.046592403
21639,0.9732851
21640,0.9745909
21641,0.1426713
21642,0.017312575
21643,0.06898202
21644,0.025913516
21645,0.0101810545
21646,0.18540677
21647,0.018580522
21648,0.998539
21649,0.07738238
21650,0.032384705
21651,0.2758611
21652,0.010635709
21653,0.10462647
21654,0.0008426126
21655,0.024727052
21656,0.056085274
21657,0.13953365
21658,0.009842037
21659,0.026631108
21660,0.057309456
21661,0.029299602
21662,0.2814642
21663,0.08213878
21664,0.28467718
21665,0.007623457
21666,0.12750165
21667,0.011768611
21668,0.0043701306
21669,0.024413887
21670,0.6900714
21671,0.00097302214
21672,0.06214696
21673,0.4584246
21674,0.014735472
21675,0.9322474
21676,0.075316325
21677,0.021436466
21678,0.22182235
21679,0.0034173976
21680,0.35202423
21681,0.016680222
21682,0.0030024098
21683,0.035857387
21684,0.4509123
21685,0.4620669
21686,0.0018899217
21687,0.002990182
21688,0.010247678
21689,0.53732824
21690,0.77194166
21691,0.009873551
21692,0.5002667
21693,0.0054496806
21694,0.1895311
21695,0.004574746
21696,0.003673214
21697,0.010028211
21698,0.010140123
21699,0.029600713
21700,0.8783375
21701,0.070596814
21702,0.23377536
21703,0.0089251865
21704,0.1312579
21705,0.04554023
21706,0.4531762
21707,0.008881856
21708,0.0067183576
21709,0.06692993
21710,0.0268505
21711,0.07593013
21712,0.026074795
21713,0.5342532
21714,0.16098519
21715,0.007945729
21716,0.9428755
21717,0.0049625114
21718,0.6648805
21719,0.96942914
21720,0.048036966
21721,0.014560934
21722,0.03175132
21723,0.028931908
21724,0.35437968
21725,0.0050598592
21726,0.13112077
21727,0.002064458
21728,0.013444285
21729,0.047637347
21730,0.008473461
21731,0.6540334
21732,0.008015257
21733,0.0057161367
21734,0.34565234
21735,0.0759841
21736,0.17492853
21737,0.0045842924
21738,0.058877725
21739,0.12885855
21740,0.85080725
21741,0.0012022073
21742,0.00579976
21743,0.76246876
21744,0.6825174
21745,0.02797951
21746,0.036807086
21747,0.7065507
21748,0.012679023
21749,0.001054902
21750,0.01648594
21751,0.006909143
21752,0.30556962
21753,0.035751767
21754,0.91704726
21755,0.016718721
21756,0.13321547
21757,0.004712638
21758,0.792967
21759,0.009701469
21760,0.042895198
21761,0.9930884
21762,0.016750984
21763,0.0032220369
21764,0.9815083
21765,0.06681762
21766,0.83866304
21767,0.06659399
21768,0.984354
21769,0.12641354
21770,0.037181772
21771,0.042391818
21772,0.007209665
21773,0.00994674
21774,0.0066345474
21775,0.73768
21776,0.044730283
21777,0.012685466
21778,0.007100915
21779,0.022311516
21780,0.66941845
21781,0.004191071
21782,0.87922186
21783,0.008798977
21784,0.006975032
21785,0.046765607
21786,0.3540378
21787,0.0024784482
21788,0.0033210164
21789,0.02243826
21790,0.003801154
21791,0.0063453196
21792,0.28667024
21793,0.6598289
21794,0.924125
21795,0.0034402367
21796,0.18830797
21797,0.9529423
21798,0.028186902
21799,0.9952683
21800,0.7836048
21801,0.029291011
21802,0.01141645
21803,0.14974277
21804,0.21407038
21805,0.952188
21806,0.12078875
21807,0.004843557
21808,0.98449165
21809,0.4661033
21810,0.008516938
21811,0.783099
21812,0.0013875768
21813,0.030242704
21814,0.9247008
21815,0.5727292
21816,0.97072744
21817,0.5763556
21818,0.23459351
21819,0.002389535
21820,0.01741362
21821,0.1303488
21822,0.015913485
21823,0.0075529115
21824,0.0025005357
21825,0.030036533
21826,0.008880811
21827,0.55525017
21828,0.9864842
21829,0.0023575055
21830,0.016050724
21831,0.016856115
21832,0.015430231
21833,0.27787966
21834,0.8743939
21835,0.21428351
21836,0.7780668
21837,0.07379518
21838,0.0021681334
21839,0.116987236
21840,0.0051679593
21841,0.041988306
21842,0.66094863
21843,0.1803921
21844,0.7538847
21845,0.008456959
21846,0.0043114442
21847,0.073287025
21848,0.0074378434
21849,0.9723026
21850,0.0053266217
21851,0.29344916
21852,0.9837931
21853,0.0347395
21854,0.041757353
21855,0.013904804
21856,0.013788412
21857,0.006994208
21858,0.008814963
21859,0.006443998
21860,0.12850991
21861,0.0034448563
21862,0.0028463046
21863,0.0031698926
21864,0.0023874193
21865,0.004809043
21866,0.90495294
21867,0.028833328
21868,0.0032425728
21869,0.27078265
21870,0.0058004637
21871,0.09900669
21872,0.002442549
21873,0.38674742
21874,0.017884359
21875,0.011859712
21876,0.8086046
21877,0.037626907
21878,0.6660992
21879,0.7933321
21880,0.0034095207
21881,0.049945842
21882,0.016456649
21883,0.015597149
21884,0.96750534
21885,0.008275976
21886,0.01498235
21887,0.41153958
21888,0.2419265
21889,0.005917918
21890,0.9334473
21891,0.0072349794
21892,0.76241356
21893,0.03963469
21894,0.96908855
21895,0.006949206
21896,0.00555057
21897,0.007601563
21898,0.78800565
21899,0.8000742
21900,0.030342061
21901,0.00447933
21902,0.08830739
21903,0.013286308
21904,0.04909004
21905,0.0029173584
21906,0.14630203
21907,0.049016126
21908,0.08525473
21909,0.80318385
21910,0.008981226
21911,0.023060296
21912,0.0036396526
21913,0.023466444
21914,0.009760155
21915,0.011316992
21916,0.15344268
21917,0.026853101
21918,0.14221296
21919,0.021768207
21920,0.36880422
21921,0.14198324
21922,0.017519634
21923,0.07268526
21924,0.0065275035
21925,0.6004966
21926,0.0038713345
21927,0.02330627
21928,0.031389974
21929,0.21869248
21930,0.008086835
21931,0.021717262
21932,0.93831027
21933,0.0033084687
21934,0.010161957
21935,0.013030318
21936,0.90864944
21937,0.007846347
21938,0.002982816
21939,0.027073188
21940,0.049739193
21941,0.0036967518
21942,0.3635904
21943,0.0017871946
21944,0.002793027
21945,0.002319004
21946,0.013611915
21947,0.004881362
21948,0.012159701
21949,0.0030025768
21950,0.02381444
21951,0.0047932537
21952,0.015796626
21953,0.70145935
21954,0.6127155
21955,0.69196045
21956,0.5721376
21957,0.02298214
21958,0.01428611
21959,0.9766892
21960,0.03935001
21961,0.023665866
21962,0.00208471
21963,0.114756234
21964,0.08389396
21965,0.005910041
21966,0.31276143
21967,0.027017483
21968,0.7234828
21969,0.005701459
21970,0.9596982
21971,0.6017733
21972,0.27587926
21973,0.08635157
21974,0.45172575
21975,0.0601748
21976,0.0056147464
21977,0.023359198
21978,0.009864716
21979,0.010731942
21980,0.013359735
21981,0.032461114
21982,0.4647082
21983,0.023067757
21984,0.14407542
21985,0.96338683
21986,0.97611177
21987,0.9908234
21988,0.0032700545
21989,0.022825655
21990,0.07806749
21991,0.0033325283
21992,0.0034306995
21993,0.003399931
21994,0.07186195
21995,0.09143994
21996,0.05347662
21997,0.008565446
21998,0.23195092
21999,0.73832005
22000,0.0025765172
22001,0.2069318
22002,0.607124
22003,0.0009442618
22004,0.011782734
22005,0.13118288
22006,0.92930657
22007,0.27177566
22008,0.21001184
22009,0.005483153
22010,0.20440644
22011,0.9911438
22012,0.0074465787
22013,0.50654966
22014,0.00783847
22015,0.017057424
22016,0.020507641
22017,0.108998895
22018,0.04498255
22019,0.017685331
22020,0.15325451
22021,0.08269341
22022,0.8782803
22023,0.04883549
22024,0.028055103
22025,0.016059838
22026,0.5254806
22027,0.11699278
22028,0.033155978
22029,0.008307819
22030,0.15565643
22031,0.002070937
22032,0.17016517
22033,0.03040313
22034,0.5055354
22035,0.15229647
22036,0.2537266
22037,0.20823345
22038,0.39348975
22039,0.018334383
22040,0.008469375
22041,0.1185699
22042,0.003217963
22043,0.032662027
22044,0.020252045
22045,0.38780758
22046,0.023493519
22047,0.28231657
22048,0.029201195
22049,0.02024775
22050,0.022929927
22051,0.03542128
22052,0.016137231
22053,0.009088365
22054,0.1834775
22055,0.21090394
22056,0.34624675
22057,0.48085678
22058,0.02005415
22059,0.49724415
22060,0.0051694205
22061,0.22957824
22062,0.06599443
22063,0.19816984
22064,0.009467657
22065,0.012082871
22066,0.26249385
22067,0.04016399
22068,0.050846685
22069,0.0041970373
22070,0.068578415
22071,0.00801825
22072,0.030677432
22073,0.0071914485
22074,0.7350028
22075,0.9920946
22076,0.017473606
22077,0.014992015
22078,0.02190186
22079,0.0031527157
22080,0.07102844
22081,0.003148057
22082,0.98238003
22083,0.68666136
22084,0.0027115392
22085,0.8879059
22086,0.005890424
22087,0.003402606
22088,0.0025297718
22089,0.002318233
22090,0.008221995
22091,0.013072636
22092,0.0022372953
22093,0.17664482
22094,0.057248276
22095,0.006327378
22096,0.0030873928
22097,0.5951703
22098,0.34817684
22099,0.007323354
22100,0.041506622
22101,0.0054443516
22102,0.008922265
22103,0.47059172
22104,0.005068756
22105,0.0023327277
22106,0.009106505
22107,0.21245924
22108,0.42887098
22109,0.5749362
22110,0.011394631
22111,0.18227902
22112,0.015213505
22113,0.931348
22114,0.16061385
22115,0.28777045
22116,0.05154966
22117,0.20336899
22118,0.023169728
22119,0.0046902425
22120,0.00866175
22121,0.3026424
22122,0.2207863
22123,0.89138335
22124,0.02615814
22125,0.039258454
22126,0.90635574
22127,0.9015499
22128,0.01962348
22129,0.04574245
22130,0.015928462
22131,0.082494214
22132,0.06093365
22133,0.039741024
22134,0.098150015
22135,0.29979807
22136,0.004268739
22137,0.9588308
22138,0.11042222
22139,0.4189877
22140,0.024890093
22141,0.021010496
22142,0.16079123
22143,0.062053274
22144,0.13389908
22145,0.97338367
22146,0.015332429
22147,0.024264958
22148,0.0027410903
22149,0.0045027807
22150,0.008459902
22151,0.24438195
22152,0.004567386
22153,0.02565494
22154,0.011644095
22155,0.0052519715
22156,0.23975183
22157,0.0060669174
22158,0.5735204
22159,0.84622675
22160,0.021832705
22161,0.004409592
22162,0.013453047
22163,0.017641488
22164,0.025795078
22165,0.020523854
22166,0.07312811
22167,0.4983314
22168,0.049861003
22169,0.11019118
22170,0.017183915
22171,0.7433594
22172,0.012038781
22173,0.008003411
22174,0.9536829
22175,0.0039555086
22176,0.0022170078
22177,0.65713096
22178,0.0045654527
22179,0.008752666
22180,0.013485475
22181,0.0048834565
22182,0.030694876
22183,0.7289585
22184,0.012299558
22185,0.0025607538
22186,0.97097397
22187,0.44456792
22188,0.0123216305
22189,0.34796977
22190,0.001540931
22191,0.56725097
22192,0.2491788
22193,0.4611136
22194,0.060706887
22195,0.00978546
22196,0.018868448
22197,0.6884254
22198,0.13759173
22199,0.031653672
22200,0.70180595
22201,0.17525099
22202,0.0021142452
22203,0.015190012
22204,0.016232237
22205,0.054034818
22206,0.028958242
22207,0.8069254
22208,0.008349088
22209,0.23123157
22210,0.024976343
22211,0.5172388
22212,0.012365054
22213,0.009887671
22214,0.03852174
22215,0.013831885
22216,0.8007068
22217,0.0042472663
22218,0.10090734
22219,0.005244595
22220,0.93798155
22221,0.0013869287
22222,0.03211729
22223,0.5879656
22224,0.014456207
22225,0.041025553
22226,0.002232417
22227,0.0026721177
22228,0.7877984
22229,0.015988795
22230,0.7240845
22231,0.75941163
22232,0.09046164
22233,0.01389406
22234,0.0681814
22235,0.005167035
22236,0.019941818
22237,0.017168274
22238,0.9249456
22239,0.0594004
22240,0.004195473
22241,0.055807747
22242,0.03409084
22243,0.009345223
22244,0.004404044
22245,0.008651921
22246,0.12760179
22247,0.017201746
22248,0.046665557
22249,0.019282835
22250,0.012982565
22251,0.0059861382
22252,0.94334865
22253,0.027624277
22254,0.03663296
22255,0.005195792
22256,0.034711618
22257,0.094527446
22258,0.023674961
22259,0.0041719936
22260,0.018382471
22261,0.005489449
22262,0.5712555
22263,0.99015725
22264,0.0014742343
22265,0.0031469394
22266,0.004675714
22267,0.016738158
22268,0.100267954
22269,0.006146176
22270,0.008108639
22271,0.0065283384
22272,0.044526216
22273,0.5848815
22274,0.01792295
22275,0.5482421
22276,0.22149399
22277,0.92047906
22278,0.070942156
22279,0.0070231953
22280,0.9369055
22281,0.3963096
22282,0.7793721
22283,0.8816452
22284,0.041180085
22285,0.008552009
22286,0.010178032
22287,0.025771499
22288,0.07443432
22289,0.011175734
22290,0.004852333
22291,0.014028905
22292,0.037927575
22293,0.99529546
22294,0.017866276
22295,0.07797866
22296,0.79412115
22297,0.96485263
22298,0.9809091
22299,0.023105064
22300,0.008424306
22301,0.008215756
22302,0.032252297
22303,0.526522
22304,0.008674436
22305,0.30802637
22306,0.052045707
22307,0.00047542065
22308,0.7016598
22309,0.025947599
22310,0.96339226
22311,0.004755647
22312,0.96159613
22313,0.004501007
22314,0.010623644
22315,0.021212876
22316,0.058971394
22317,0.15040185
22318,0.9667564
22319,0.13402706
22320,0.73333097
22321,0.01200506
22322,0.010461511
22323,0.003406767
22324,0.01761286
22325,0.021836396
22326,0.73808867
22327,0.35684755
22328,0.0026950727
22329,0.1461835
22330,0.58954495
22331,0.08438426
22332,0.014003343
22333,0.033818405
22334,0.095339514
22335,0.1587634
22336,0.10110152
22337,0.015564435
22338,0.07237438
22339,0.15334754
22340,0.027449999
22341,0.013279304
22342,0.00413428
22343,0.0063521387
22344,0.053942237
22345,0.0108651975
22346,0.3282345
22347,0.79741406
22348,0.8813169
22349,0.9712092
22350,0.02543188
22351,0.034614146
22352,0.036347345
22353,0.0076440256
22354,0.042956933
22355,0.20705348
22356,0.4861059
22357,0.0039950684
22358,0.008446458
22359,0.0052328017
22360,0.5517356
22361,0.0148261795
22362,0.03662828
22363,0.7629686
22364,0.0023561644
22365,0.044087287
22366,0.05454606
22367,0.02600018
22368,0.09343494
22369,0.011604535
22370,0.013997925
22371,0.9953376
22372,0.9564609
22373,0.16405721
22374,0.99333197
22375,0.09247726
22376,0.33767983
22377,0.027815158
22378,0.46778595
22379,0.92644423
22380,0.025956953
22381,0.9626965
22382,0.012175749
22383,0.98507905
22384,0.031132651
22385,0.8495221
22386,0.025520582
22387,0.9895974
22388,0.026184693
22389,0.3656915
22390,0.005258754
22391,0.0068032676
22392,0.045099907
22393,0.13430336
22394,0.9888377
22395,0.08159768
22396,0.053263247
22397,0.68831414
22398,0.004673209
22399,0.51787174
22400,0.3963046
22401,0.14159907
22402,0.030818252
22403,0.20365345
22404,0.04112007
22405,0.4510194
22406,0.027352331
22407,0.023861509
22408,0.007637594
22409,0.020728348
22410,0.50229347
22411,0.5758344
22412,0.8421261
22413,0.009717617
22414,0.015240983
22415,0.021449208
22416,0.0046258084
22417,0.12720308
22418,0.75553536
22419,0.060747165
22420,0.8121628
22421,0.9758749
22422,0.2749576
22423,0.008885684
22424,0.003801871
22425,0.91016454
22426,0.19862317
22427,0.023194661
22428,0.45270967
22429,0.054740828
22430,0.9988444
22431,0.027595095
22432,0.8109288
22433,0.036926705
22434,0.00777492
22435,0.050103072
22436,0.29122412
22437,0.007988044
22438,0.09693014
22439,0.004620007
22440,0.0055945334
22441,0.004343873
22442,0.08978835
22443,0.009615199
22444,0.0016510708
22445,0.0023295085
22446,0.05301918
22447,0.004125847
22448,0.95307136
22449,0.0047186757
22450,0.09740805
22451,0.011957148
22452,0.4354359
22453,0.0129953725
22454,0.018545628
22455,0.0062912703
22456,0.96873975
22457,0.34601226
22458,0.013290724
22459,0.019170076
22460,0.0050930823
22461,0.005903416
22462,0.1438137
22463,0.0071671032
22464,0.6088715
22465,0.8886958
22466,0.109001815
22467,0.0047775344
22468,0.006676975
22469,0.0044169896
22470,0.6356759
22471,0.5358641
22472,0.9353532
22473,0.011635302
22474,0.014360438
22475,0.04412672
22476,0.0037819655
22477,0.0039992807
22478,0.44351864
22479,0.02152336
22480,0.0590695
22481,0.06471052
22482,0.049692176
22483,0.009794258
22484,0.44541463
22485,0.0033445994
22486,0.8239987
22487,0.9231668
22488,0.97830874
22489,0.997607
22490,0.055918165
22491,0.0026949162
22492,0.050617687
22493,0.032770395
22494,0.03329563
22495,0.511747
22496,0.00867503
22497,0.0028446445
22498,0.15893705
22499,0.004852183
22500,0.002500507
22501,0.002840032
22502,0.011797483
22503,0.00799582
22504,0.07450054
22505,0.011323578
22506,0.979572
22507,0.15774485
22508,0.0059566204
22509,0.9280148
22510,0.014175592
22511,0.8547847
22512,0.018355658
22513,0.0050546764
22514,0.029753026
22515,0.7133773
22516,0.0068116337
22517,0.6215975
22518,0.018853186
22519,0.0079937475
22520,0.9688724
22521,0.322208
22522,0.006044293
22523,0.22222795
22524,0.04968524
22525,0.030937195
22526,0.015460577
22527,0.93047357
22528,0.0091916695
22529,0.9759688
22530,0.07840341
22531,0.109814875
22532,0.120503455
22533,0.065855436
22534,0.16554813
22535,0.35617396
22536,0.26208162
22537,0.011261342
22538,0.02742331
22539,0.17497578
22540,0.003914794
22541,0.0075514354
22542,0.01699446
22543,0.0125688305
22544,0.06476962
22545,0.0032910549
22546,0.77581805
22547,0.012446553
22548,0.8964684
22549,0.01598482
22550,0.14406848
22551,0.7635464
22552,0.030477332
22553,0.005985576
22554,0.87737
22555,0.67907065
22556,0.006366357
22557,0.06561175
22558,0.41328722
22559,0.066144265
22560,0.279232
22561,0.015771765
22562,0.0028233416
22563,0.22681957
22564,0.97715944
22565,0.8580133
22566,0.46191433
22567,0.0029651779
22568,0.057822693
22569,0.02041487
22570,0.0044738287
22571,0.054660916
22572,0.027712205
22573,0.092688456
22574,0.002492078
22575,0.11990751
22576,0.83028454
22577,0.18566225
22578,0.29984123
22579,0.0015451501
22580,0.7097406
22581,0.0016593403
22582,0.34942913
22583,0.24733716
22584,0.9754578
22585,0.017976282
22586,0.009768154
22587,0.015285899
22588,0.093314074
22589,0.036697768
22590,0.9769843
22591,0.019264014
22592,0.0072532604
22593,0.006980596
22594,0.031717543
22595,0.07979203
22596,0.060091164
22597,0.32830936
22598,0.42367014
22599,0.06517259
22600,0.008915221
22601,0.08551616
22602,0.0060485112
22603,0.99140376
22604,0.0017393841
22605,0.0076090805
22606,0.056968804
22607,0.047203165
22608,0.89817107
22609,0.010209854
22610,0.061092343
22611,0.0071799336
22612,0.9229608
22613,0.027277205
22614,0.9697313
22615,0.01237803
22616,0.03468764
22617,0.014842598
22618,0.014797062
22619,0.97637117
22620,0.89849675
22621,0.0109073995
22622,0.0048375134
22623,0.015584079
22624,0.1832602
22625,0.004478184
22626,0.14397487
22627,0.95523757
22628,0.04787427
22629,0.030510366
22630,0.9421476
22631,0.009106909
22632,0.9686792
22633,0.25267074
22634,0.38677728
22635,0.067027874
22636,0.25418317
22637,0.85709816
22638,0.07066399
22639,0.07280685
22640,0.37233812
22641,0.42084485
22642,0.0016863894
22643,0.003025478
22644,0.00485103
22645,0.014434754
22646,0.001239561
22647,0.036817495
22648,0.010394512
22649,0.6683939
22650,0.002222287
22651,0.021482807
22652,0.014699704
22653,0.15752436
22654,0.7857832
22655,0.0071179164
22656,0.41058415
22657,0.0034117312
22658,0.014040715
22659,0.7294968
22660,0.0084832655
22661,0.05043195
22662,0.8722666
22663,0.06808381
22664,0.0037370853
22665,0.003597988
22666,0.0040523377
22667,0.033705447
22668,0.15027212
22669,0.042270333
22670,0.0054179374
22671,0.008243654
22672,0.0613261
22673,0.009367092
22674,0.01972335
22675,0.16561045
22676,0.011894678
22677,0.93193036
22678,0.0036731127
22679,0.083234504
22680,0.13680132
22681,0.007656561
22682,0.10090605
22683,0.004210069
22684,0.005482029
22685,0.8791328
22686,0.6526961
22687,0.023219371
22688,0.0039280816
22689,0.053142972
22690,0.031623773
22691,0.010641491
22692,0.9604477
22693,0.15540431
22694,0.9216391
22695,0.51507294
22696,0.3931796
22697,0.07361232
22698,0.0034279567
22699,0.004947383
22700,0.002090945
22701,0.18441765
22702,0.002592318
22703,0.03276127
22704,0.0082657635
22705,0.008036551
22706,0.11958791
22707,0.03158188
22708,0.009155536
22709,0.012607777
22710,0.74924904
22711,0.19127569
22712,0.0029927962
22713,0.5142107
22714,0.039148204
22715,0.09275064
22716,0.0045333137
22717,0.09710256
22718,0.051634897
22719,0.03401754
22720,0.054454193
22721,0.019674128
22722,0.018526305
22723,0.022360621
22724,0.44460386
22725,0.0075822026
22726,0.054171946
22727,0.027730728
22728,0.045022726
22729,0.002276503
22730,0.02465677
22731,0.37920102
22732,0.046011608
22733,0.8145352
22734,0.017693575
22735,0.0011735281
22736,0.12095636
22737,0.012189097
22738,0.0034679456
22739,0.0010226152
22740,0.0027882194
22741,0.022040743
22742,0.0066612153
22743,0.004653517
22744,0.025428561
22745,0.029500581
22746,0.022942422
22747,0.01887681
22748,0.6669709
22749,0.6935645
22750,0.010332071
22751,0.0061884285
22752,0.005123858
22753,0.18392922
22754,0.110246204
22755,0.047496915
22756,0.0016740535
22757,0.006623077
22758,0.88036215
22759,0.062355593
22760,0.0022405237
22761,0.013612938
22762,0.008495407
22763,0.74817735
22764,0.012902449
22765,0.9508555
22766,0.043792773
22767,0.020639034
22768,0.057498924
22769,0.0020783897
22770,0.24092005
22771,0.060056023
22772,0.0074718976
22773,0.63534266
22774,0.67234737
22775,0.031157367
22776,0.44172943
22777,0.0066348114
22778,0.05251623
22779,0.007082777
22780,0.07244137
22781,0.5038402
22782,0.022720588
22783,0.01908776
22784,0.035232283
22785,0.0021646752
22786,0.017878823
22787,0.53961205
22788,0.004286205
22789,0.55455
22790,0.18198343
22791,0.0037585334
22792,0.02059019
22793,0.0035827633
22794,0.0059812344
22795,0.8378984
22796,0.83926904
22797,0.0059629846
22798,0.007720024
22799,0.072929256
22800,0.027045684
22801,0.0017719158
22802,0.039274167
22803,0.025334502
22804,0.01473881
22805,0.008439883
22806,0.011268331
22807,0.017162047
22808,0.08522088
22809,0.035264257
22810,0.06728218
22811,0.008794982
22812,0.004756958
22813,0.002864176
22814,0.8670464
22815,0.8622171
22816,0.01951907
22817,0.02268197
22818,0.026827754
22819,0.05195893
22820,0.07386066
22821,0.0075074933
22822,0.5853716
22823,0.0028407152
22824,0.0049224547
22825,0.008292418
22826,0.17409825
22827,0.04527472
22828,0.018755637
22829,0.062605985
22830,0.0036756492
22831,0.0115064075
22832,0.004106646
22833,0.24343826
22834,0.91732943
22835,0.930127
22836,0.017307473
22837,0.16839214
22838,0.5714084
22839,0.8029468
22840,0.83513063
22841,0.0074567003
22842,0.0017916553
22843,0.006670899
22844,0.04074903
22845,0.7613781
22846,0.93380857
22847,0.0029612388
22848,0.7788253
22849,0.014847026
22850,0.023153266
22851,0.07588307
22852,0.0024428614
22853,0.9671
22854,0.037495524
22855,0.25574413
22856,0.026551683
22857,0.5460907
22858,0.9066917
22859,0.013272676
22860,0.029419687
22861,0.015641365
22862,0.9892869
22863,0.008199849
22864,0.119429626
22865,0.1071048
22866,0.04134688
22867,0.0044516837
22868,0.018596182
22869,0.9187357
22870,0.0043109204
22871,0.026104424
22872,0.005430885
22873,0.013897
22874,0.042298313
22875,0.75543004
22876,0.7109656
22877,0.99422884
22878,0.011811117
22879,0.04743311
22880,0.9657227
22881,0.035959363
22882,0.30531904
22883,0.027816279
22884,0.11105435
22885,0.8046422
22886,0.05735729
22887,0.30918342
22888,0.035473246
22889,0.003364388
22890,0.04614021
22891,0.009334035
22892,0.15428285
22893,0.7867473
22894,0.17095658
22895,0.017328847
22896,0.5295831
22897,0.0015391551
22898,0.248673
22899,0.98891056
22900,0.008696404
22901,0.040245384
22902,0.007802396
22903,0.9434557
22904,0.0060951235
22905,0.063070044
22906,0.08324437
22907,0.14785393
22908,0.007392471
22909,0.01767796
22910,0.33584788
22911,0.07083139
22912,0.046737265
22913,0.0065033976
22914,0.010260512
22915,0.014458522
22916,0.04042971
22917,0.0098077
22918,0.011512646
22919,0.9235387
22920,0.0091100335
22921,0.9383006
22922,0.65485317
22923,0.025113044
22924,0.003863382
22925,0.009771291
22926,0.010038181
22927,0.012462393
22928,0.0056361463
22929,0.040343363
22930,0.03677195
22931,0.02618524
22932,0.0391607
22933,0.9297816
22934,0.0079185255
22935,0.0041328436
22936,0.6564966
22937,0.061978005
22938,0.01357888
22939,0.037302118
22940,0.023185302
22941,0.98528326
22942,0.0031796806
22943,0.0028849891
22944,0.10673461
22945,0.016514098
22946,0.007278341
22947,0.14413765
22948,0.004972663
22949,0.06773469
22950,0.035490543
22951,0.012069905
22952,0.12640864
22953,0.9447213
22954,0.011409451
22955,0.008088874
22956,0.047922347
22957,0.001148436
22958,0.047559362
22959,0.009660842
22960,0.40748355
22961,0.0037731044
22962,0.4536557
22963,0.066008694
22964,0.02355969
22965,0.02062111
22966,0.141957
22967,0.0029454776
22968,0.9588662
22969,0.015946778
22970,0.2610624
22971,0.0040761437
22972,0.017478691
22973,0.014147213
22974,0.20073557
22975,0.30067968
22976,0.0048370776
22977,0.0032700188
22978,0.0063321497
22979,0.41121337
22980,0.20934725
22981,0.00801941
22982,0.23898095
22983,0.029711002
22984,0.027265016
22985,0.008499866
22986,0.0014028642
22987,0.0023522053
22988,0.31760976
22989,0.22584464
22990,0.0066560777
22991,0.007890095
22992,0.015489869
22993,0.0096595725
22994,0.005491826
22995,0.0019562365
22996,0.017727138
22997,0.008246414
22998,0.011287238
22999,0.06316586
23000,0.024821736
23001,0.38062054
23002,0.8577242
23003,0.13358061
23004,0.120397165
23005,0.0054784585
23006,0.0037691775
23007,0.053477984
23008,0.085959025
23009,0.9930467
23010,0.0039437786
23011,0.005039811
23012,0.14416967
23013,0.98406214
23014,0.0057960465
23015,0.6797163
23016,0.07315826
23017,0.9548749
23018,0.10189805
23019,0.0031378279
23020,0.003711773
23021,0.9847357
23022,0.0052157124
23023,0.11915669
23024,0.9920997
23025,0.056256454
23026,0.65399766
23027,0.24356566
23028,0.04529921
23029,0.24229744
23030,0.07343215
23031,0.46987575
23032,0.22838424
23033,0.022209622
23034,0.0066048848
23035,0.005028951
23036,0.12715232
23037,0.05949288
23038,0.0020016856
23039,0.39126137
23040,0.98772335
23041,0.010758461
23042,0.19763598
23043,0.18130471
23044,0.0037951316
23045,0.98224336
23046,0.0091771595
23047,0.008881407
23048,0.040329233
23049,0.013178756
23050,0.9838495
23051,0.18744668
23052,0.044313196
23053,0.003938917
23054,0.0037810167
23055,0.8998232
23056,0.015051124
23057,0.23177302
23058,0.09821977
23059,0.0019837362
23060,0.02784794
23061,0.01555572
23062,0.049351357
23063,0.19258788
23064,0.95271206
23065,0.03753066
23066,0.3572186
23067,0.21316938
23068,0.87525827
23069,0.0050651166
23070,0.0025894877
23071,0.83782685
23072,0.27861565
23073,0.5736126
23074,0.026424611
23075,0.005415076
23076,0.04303838
23077,0.010261767
23078,0.01244054
23079,0.02625084
23080,0.0038298047
23081,0.08176573
23082,0.0033830546
23083,0.008155782
23084,0.8030947
23085,0.011213145
23086,0.001473059
23087,0.7532882
23088,0.03737871
23089,0.040409956
23090,0.0069247205
23091,0.08473006
23092,0.002871418
23093,0.23620099
23094,0.09697057
23095,0.0008147225
23096,0.026952611
23097,0.038835082
23098,0.43235916
23099,0.020612719
23100,0.0475436
23101,0.9540952
23102,0.0060018944
23103,0.00290474
23104,0.017313922
23105,0.43837646
23106,0.0039110933
23107,0.004911207
23108,0.0058888826
23109,0.8622997
23110,0.054505683
23111,0.0051789386
23112,0.10246955
23113,0.0543085
23114,0.0030767254
23115,0.54480344
23116,0.039045297
23117,0.95622224
23118,0.0061237537
23119,0.009828682
23120,0.007750299
23121,0.01770276
23122,0.0038011451
23123,0.15451325
23124,0.9703388
23125,0.3822974
23126,0.07628611
23127,0.011609875
23128,0.023886
23129,0.9690878
23130,0.00084862433
23131,0.020872816
23132,0.010506472
23133,0.4008583
23134,0.76427895
23135,0.5764798
23136,0.017689183
23137,0.10922405
23138,0.33951432
23139,0.00073336874
23140,0.9047248
23141,0.006296256
23142,0.5270235
23143,0.020983823
23144,0.9064891
23145,0.05297047
23146,0.878186
23147,0.060951374
23148,0.0022402136
23149,0.0024718095
23150,0.014706293
23151,0.00332921
23152,0.013208867
23153,0.06622901
23154,0.67157
23155,0.056173626
23156,0.004097574
23157,0.032883532
23158,0.018716486
23159,0.014567491
23160,0.12332532
23161,0.042382624
23162,0.98194146
23163,0.10155074
23164,0.0026496348
23165,0.004304758
23166,0.9792916
23167,0.07210887
23168,0.2330369
23169,0.11912374
23170,0.024679245
23171,0.45712996
23172,0.34846747
23173,0.020673586
23174,0.011319073
23175,0.0032079085
23176,0.33001295
23177,0.031159345
23178,0.9715251
23179,0.0015387543
23180,0.0025113942
23181,0.5296981
23182,0.13171157
23183,0.9432431
23184,0.096840255
23185,0.020825692
23186,0.011583699
23187,0.9671689
23188,0.0046893056
23189,0.02566741
23190,0.009455157
23191,0.042101648
23192,0.1362982
23193,0.0048399568
23194,0.0008391784
23195,0.120933816
23196,0.012438554
23197,0.6100144
23198,0.04785224
23199,0.0538923
23200,0.9643244
23201,0.0068327636
23202,0.7071788
23203,0.21274643
23204,0.07444601
23205,0.011549158
23206,0.9520751
23207,0.08693221
23208,0.9339224
23209,0.0028036612
23210,0.39963424
23211,0.07879258
23212,0.050784804
23213,0.011389202
23214,0.01580232
23215,0.012683847
23216,0.08774984
23217,0.060443375
23218,0.658279
23219,0.0053309966
23220,0.027099898
23221,0.017492643
23222,0.017293992
23223,0.039158184
23224,0.2885089
23225,0.010479782
23226,0.012577219
23227,0.0025845992
23228,0.010440268
23229,0.009070089
23230,0.03070582
23231,0.00955721
23232,0.009367095
23233,0.008740805
23234,0.04280675
23235,0.29145595
23236,0.119565494
23237,0.012532587
23238,0.022045027
23239,0.05254631
23240,0.84036857
23241,0.0037146856
23242,0.023070643
23243,0.07023681
23244,0.07491079
23245,0.8834978
23246,0.8678054
23247,0.19494173
23248,0.005702548
23249,0.1842882
23250,0.61890507
23251,0.050723717
23252,0.029077912
23253,0.014428257
23254,0.052111145
23255,0.013959752
23256,0.03635318
23257,0.0098455595
23258,0.08577064
23259,0.14067225
23260,0.9669129
23261,0.9476885
23262,0.0037283057
23263,0.044584706
23264,0.0013963617
23265,0.008664498
23266,0.2657953
23267,0.103543006
23268,0.6841936
23269,0.013636245
23270,0.6698482
23271,0.11720498
23272,0.0075155343
23273,0.07441077
23274,0.055605903
23275,0.026653355
23276,0.9902704
23277,0.049960688
23278,0.15872607
23279,0.7371616
23280,0.79348856
23281,0.09418398
23282,0.9899456
23283,0.012687515
23284,0.58063805
23285,0.007751307
23286,0.0074099344
23287,0.041906368
23288,0.0066790786
23289,0.05326367
23290,0.027647033
23291,0.098918594
23292,0.12884228
23293,0.0049055084
23294,0.060902677
23295,0.023975862
23296,0.41739526
23297,0.17945246
23298,0.34057525
23299,0.003364591
23300,0.014349043
23301,0.8358649
23302,0.8161925
23303,0.51177555
23304,0.9306307
23305,0.27481627
23306,0.52707565
23307,0.0017546937
23308,0.80333936
23309,0.27155063
23310,0.0007552573
23311,0.43595886
23312,0.11449416
23313,0.012713164
23314,0.2504866
23315,0.012619279
23316,0.5721508
23317,0.57887214
23318,0.009168059
23319,0.5919027
23320,0.8949997
23321,0.07886772
23322,0.6280751
23323,0.0056083635
23324,0.04376726
23325,0.006436785
23326,0.0153800445
23327,0.0044349944
23328,0.907622
23329,0.18634157
23330,0.014424799
23331,0.0047681844
23332,0.024637615
23333,0.23337078
23334,0.01874701
23335,0.1014728
23336,0.006664526
23337,0.040212225
23338,0.75006783
23339,0.6535513
23340,0.47280678
23341,0.14232829
23342,0.004734385
23343,0.009634662
23344,0.019017301
23345,0.30220178
23346,0.03443615
23347,0.09615923
23348,0.027825423
23349,0.008067049
23350,0.05034691
23351,0.95326453
23352,0.018754728
23353,0.042115774
23354,0.27626786
23355,0.7341058
23356,0.012943755
23357,0.19655329
23358,0.9269307
23359,0.04671467
23360,0.010161223
23361,0.014827865
23362,0.041112203
23363,0.30985144
23364,0.3661167
23365,0.44888008
23366,0.004887066
23367,0.005486906
23368,0.12631597
23369,0.1407032
23370,0.035560995
23371,0.16213515
23372,0.26193672
23373,0.035740808
23374,0.11166211
23375,0.03048921
23376,0.9912772
23377,0.005299393
23378,0.98844796
23379,0.5884491
23380,0.0036897352
23381,0.020217478
23382,0.009630327
23383,0.57077485
23384,0.005197429
23385,0.060719874
23386,0.012590069
23387,0.737801
23388,0.54554254
23389,0.41696522
23390,0.98928714
23391,0.016776457
23392,0.0025268088
23393,0.08455675
23394,0.5194798
23395,0.00480129
23396,0.12636583
23397,0.80283105
23398,0.029101714
23399,0.597212
23400,0.23643728
23401,0.007265271
23402,0.10848315
23403,0.44297472
23404,0.033877052
23405,0.56948197
23406,0.97920907
23407,0.013043599
23408,0.116723135
23409,0.04410264
23410,0.030479865
23411,0.010911052
23412,0.05864116
23413,0.01143294
23414,0.060758483
23415,0.002536543
23416,0.016938122
23417,0.009321036
23418,0.003834255
23419,0.004658673
23420,0.005553481
23421,0.49454507
23422,0.23524582
23423,0.011011784
23424,0.0042137327
23425,0.21364385
23426,0.016745072
23427,0.008939864
23428,0.037132334
23429,0.0025552025
23430,0.07887371
23431,0.8320922
23432,0.0058063623
23433,0.6884874
23434,0.077063635
23435,0.0025575273
23436,0.80177456
23437,0.025387334
23438,0.14417838
23439,0.17223567
23440,0.024903672
23441,0.008327761
23442,0.31664577
23443,0.016138216
23444,0.30659524
23445,0.012762678
23446,0.058172207
23447,0.01023899
23448,0.45070174
23449,0.1333282
23450,0.015703628
23451,0.00439721
23452,0.004975422
23453,0.7581473
23454,0.9926987
23455,0.004820474
23456,0.0062610344
23457,0.9315714
23458,0.14948131
23459,0.06421828
23460,0.013855312
23461,0.03116755
23462,0.017980466
23463,0.33498213
23464,0.01750526
23465,0.39737564
23466,0.04940398
23467,0.0077881124
23468,0.061173726
23469,0.054310497
23470,0.01591745
23471,0.019356225
23472,0.8574973
23473,0.91076684
23474,0.047030903
23475,0.0014995022
23476,0.3247238
23477,0.32434067
23478,0.040943053
23479,0.10060462
23480,0.016387561
23481,0.08437903
23482,0.013015344
23483,0.0015566851
23484,0.9708944
23485,0.004255577
23486,0.0039313943
23487,0.0031308345
23488,0.0018555481
23489,0.022986967
23490,0.09897805
23491,0.0026548277
23492,0.3579519
23493,0.0021275724
23494,0.10312
23495,0.036187936
23496,0.010106865
23497,0.6181707
23498,0.045694694
23499,0.017753627
23500,0.023438388
23501,0.0137824025
23502,0.010973045
23503,0.026085634
23504,0.56728464
23505,0.017857643
23506,0.018568953
23507,0.008746707
23508,0.023595497
23509,0.106967494
23510,0.012019185
23511,0.78184897
23512,0.8501706
23513,0.003257857
23514,0.99196786
23515,0.166042
23516,0.002961785
23517,0.018706532
23518,0.0045732455
23519,0.012041196
23520,0.14329857
23521,0.9625562
23522,0.010445628
23523,0.02340848
23524,0.0062193
23525,0.5568168
23526,0.8100238
23527,0.06484878
23528,0.02229233
23529,0.025277441
23530,0.5375938
23531,0.42855164
23532,0.004138291
23533,0.12839934
23534,0.007422374
23535,0.01040546
23536,0.007721701
23537,0.007909424
23538,0.32599062
23539,0.0032731679
23540,0.20081535
23541,0.0023987235
23542,0.04996316
23543,0.011430445
23544,0.003142951
23545,0.17211626
23546,0.32826978
23547,0.008494885
23548,0.0670451
23549,0.049653266
23550,0.35342586
23551,0.0014605486
23552,0.007900494
23553,0.6653889
23554,0.003051339
23555,0.9969037
23556,0.045849375
23557,0.020443104
23558,0.008810193
23559,0.059689775
23560,0.012042025
23561,0.97789234
23562,0.0029723719
23563,0.22759016
23564,0.030487934
23565,0.2700579
23566,0.0032877377
23567,0.32984024
23568,0.0281993
23569,0.717928
23570,0.93650347
23571,0.9429882
23572,0.0009082651
23573,0.0042325216
23574,0.0059597013
23575,0.017074175
23576,0.027522638
23577,0.006809876
23578,0.0026294934
23579,0.8732227
23580,0.8557391
23581,0.035256237
23582,0.0036086934
23583,0.0030299819
23584,0.007071525
23585,0.0080545405
23586,0.0136083495
23587,0.0021143297
23588,0.012119376
23589,0.13860203
23590,0.001647449
23591,0.041574094
23592,0.006631491
23593,0.008219215
23594,0.06164189
23595,0.93664956
23596,0.2149917
23597,0.97661245
23598,0.19106181
23599,0.0014574745
23600,0.020827584
23601,0.039981537
23602,0.13230856
23603,0.02069325
23604,0.024304185
23605,0.0049755513
23606,0.9623014
23607,0.9592477
23608,0.004218866
23609,0.029913638
23610,0.11090496
23611,0.011503236
23612,0.05310179
23613,0.15044414
23614,0.00065175846
23615,0.8964873
23616,0.07182537
23617,0.002929455
23618,0.9168655
23619,0.010783723
23620,0.03047933
23621,0.16128246
23622,0.034521975
23623,0.016717969
23624,0.12591958
23625,0.992829
23626,0.0052713933
23627,0.0031195607
23628,0.012646872
23629,0.006381759
23630,0.025488185
23631,0.9858517
23632,0.07219843
23633,0.892017
23634,0.017084701
23635,0.05598398
23636,0.013617031
23637,0.0014528566
23638,0.06618172
23639,0.0052539743
23640,0.0043868623
23641,0.0021399935
23642,0.031988308
23643,0.08028327
23644,0.14915459
23645,0.0040848195
23646,0.7120295
23647,0.0047179973
23648,0.06699973
23649,0.22775553
23650,0.9356103
23651,0.057786886
23652,0.054416265
23653,0.97257984
23654,0.016117658
23655,0.73302245
23656,0.028289001
23657,0.11075633
23658,0.66118824
23659,0.04810715
23660,0.079627536
23661,0.022488175
23662,0.14801224
23663,0.010044243
23664,0.9621612
23665,0.0060849725
23666,0.030033303
23667,0.11742684
23668,0.0039576357
23669,0.9018791
23670,0.0033929322
23671,0.042123992
23672,0.01090832
23673,0.004810887
23674,0.9202242
23675,0.08081315
23676,0.002840337
23677,0.047209803
23678,0.9257916
23679,0.03623557
23680,0.6857601
23681,0.088303395
23682,0.0034787098
23683,0.20083207
23684,0.0019385454
23685,0.1367161
23686,0.06819056
23687,0.9413974
23688,0.0019318663
23689,0.020212706
23690,0.16192624
23691,0.62330204
23692,0.000915735
23693,0.992492
23694,0.99259794
23695,0.0062258136
23696,0.4274682
23697,0.10145022
23698,0.7315546
23699,0.017266542
23700,0.009955483
23701,0.00879012
23702,0.5551125
23703,0.011404094
23704,0.22662824
23705,0.0140047325
23706,0.01600582
23707,0.013185066
23708,0.09631178
23709,0.029189749
23710,0.013021704
23711,0.08940782
23712,0.002043284
23713,0.06053282
23714,0.9388063
23715,0.9892942
23716,0.0634045
23717,0.108206026
23718,0.008248372
23719,0.07463247
23720,0.07528055
23721,0.0041728574
23722,0.008925698
23723,0.99621
23724,0.04170447
23725,0.0055322964
23726,0.055576127
23727,0.14484663
23728,0.3742247
23729,0.0020512803
23730,0.924553
23731,0.0038170477
23732,0.006864688
23733,0.061075374
23734,0.973887
23735,0.030981755
23736,0.0053065917
23737,0.012746923
23738,0.030835813
23739,0.026594238
23740,0.05374138
23741,0.60026777
23742,0.14161883
23743,0.023589319
23744,0.035582185
23745,0.9852239
23746,0.031045752
23747,0.01722112
23748,0.9775358
23749,0.5899747
23750,0.6963577
23751,0.014947458
23752,0.98659456
23753,0.0034317835
23754,0.013439543
23755,0.064003415
23756,0.036295168
23757,0.20234239
23758,0.0042724074
23759,0.43428314
23760,0.026121462
23761,0.002356902
23762,0.006779848
23763,0.92002493
23764,0.0025950035
23765,0.009970509
23766,0.015149941
23767,0.04136174
23768,0.9035435
23769,0.0464284
23770,0.18572682
23771,0.013623706
23772,0.1068616
23773,0.015969563
23774,0.2363344
23775,0.47428218
23776,0.0027753015
23777,0.1115341
23778,0.9613101
23779,0.2070554
23780,0.9036131
23781,0.006790459
23782,0.04327013
23783,0.0055895327
23784,0.0023439373
23785,0.0020186498
23786,0.3834929
23787,0.4713557
23788,0.03478399
23789,0.39943942
23790,0.7646484
23791,0.0046113995
23792,0.009046416
23793,0.005602694
23794,0.0016468466
23795,0.0061909305
23796,0.0019736558
23797,0.89044744
23798,0.007217369
23799,0.27819484
23800,0.112456225
23801,0.17465058
23802,0.092512645
23803,0.28066474
23804,0.009061736
23805,0.87025267
23806,0.6493654
23807,0.139911
23808,0.010249037
23809,0.871921
23810,0.0044820653
23811,0.36415684
23812,0.9698733
23813,0.047681745
23814,0.0040809996
23815,0.024492776
23816,0.013062096
23817,0.8201187
23818,0.0031569432
23819,0.2976036
23820,0.005220215
23821,0.009639131
23822,0.014308474
23823,0.043997727
23824,0.038359236
23825,0.037851203
23826,0.1495768
23827,0.23051868
23828,0.0061845114
23829,0.16996849
23830,0.041647308
23831,0.02562418
23832,0.4975347
23833,0.012322884
23834,0.0047994126
23835,0.01827985
23836,0.031686116
23837,0.09913265
23838,0.004704502
23839,0.014573098
23840,0.62915623
23841,0.7254204
23842,0.14299805
23843,0.017644703
23844,0.17717189
23845,0.17192306
23846,0.0052196058
23847,0.0071028555
23848,0.005613059
23849,0.9051465
23850,0.014489342
23851,0.4477982
23852,0.0055078897
23853,0.0067770234
23854,0.69164455
23855,0.029563919
23856,0.061339397
23857,0.048094906
23858,0.34980804
23859,0.0018721723
23860,0.021994589
23861,0.25055087
23862,0.0046872515
23863,0.009156423
23864,0.0048388476
23865,0.06410984
23866,0.015397181
23867,0.93858165
23868,0.2470767
23869,0.02604844
23870,0.014342874
23871,0.69564587
23872,0.110504165
23873,0.019363122
23874,0.5755979
23875,0.0015552923
23876,0.052393984
23877,0.08640348
23878,0.9353528
23879,0.004646682
23880,0.0065309526
23881,0.9382525
23882,0.85434335
23883,0.01625098
23884,0.011114248
23885,0.9882839
23886,0.004041485
23887,0.0021357914
23888,0.12462544
23889,0.65576106
23890,0.00830315
23891,0.03079823
23892,0.44745857
23893,0.01214491
23894,0.051630277
23895,0.0014929787
23896,0.10795025
23897,0.31101125
23898,0.0066062924
23899,0.025606839
23900,0.030193057
23901,0.0894936
23902,0.007135549
23903,0.018994208
23904,0.065407135
23905,0.012798223
23906,0.004746986
23907,0.049789734
23908,0.0034958357
23909,0.015314484
23910,0.013805671
23911,0.00949218
23912,0.03671676
23913,0.010883406
23914,0.01045329
23915,0.0031591528
23916,0.503588
23917,0.00754926
23918,0.8358873
23919,0.011397275
23920,0.70010626
23921,0.0036147027
23922,0.017484514
23923,0.93715423
23924,0.016945913
23925,0.99194956
23926,0.0016454792
23927,0.104853876
23928,0.10863991
23929,0.585742
23930,0.0049841423
23931,0.008272885
23932,0.16411602
23933,0.0720937
23934,0.029366283
23935,0.008252973
23936,0.08758122
23937,0.060311098
23938,0.0214324
23939,0.26676
23940,0.15823369
23941,0.92063624
23942,0.10327481
23943,0.01266303
23944,0.11166871
23945,0.019787787
23946,0.010282748
23947,0.033348475
23948,0.45791563
23949,0.06318731
23950,0.004411579
23951,0.0029500425
23952,0.046320222
23953,0.0053294566
23954,0.04693024
23955,0.0052218367
23956,0.08184553
23957,0.0039557884
23958,0.69271433
23959,0.011013217
23960,0.19131404
23961,0.04406881
23962,0.0008884827
23963,0.37827474
23964,0.051102377
23965,0.0030938867
23966,0.008912723
23967,0.008854073
23968,0.024095802
23969,0.07616419
23970,0.84400815
23971,0.010414514
23972,0.003002254
23973,0.03431106
23974,0.35477716
23975,0.9426501
23976,0.0032262513
23977,0.9850676
23978,0.004699864
23979,0.22860298
23980,0.47824234
23981,0.007962511
23982,0.033604525
23983,0.9770378
23984,0.055105958
23985,0.0034911712
23986,0.08093595
23987,0.26416105
23988,0.0058850343
23989,0.046643775
23990,0.018258328
23991,0.69152015
23992,0.12519065
23993,0.006296131
23994,0.7552047
23995,0.051902022
23996,0.028015051
23997,0.020861855
23998,0.9710938
23999,0.5555641
24000,0.021578088
24001,0.011335767
24002,0.014255288
24003,0.030266985
24004,0.08791251
24005,0.872165
24006,0.40917805
24007,0.0012889182
24008,0.039483596
24009,0.0017484422
24010,0.004731429
24011,0.0033976391
24012,0.004982922
24013,0.011584895
24014,0.9436821
24015,0.7318523
24016,0.0041993195
24017,0.6804755
24018,0.007874568
24019,0.016225453
24020,0.0061782985
24021,0.08102868
24022,0.016905861
24023,0.992415
24024,0.9378878
24025,0.025164263
24026,0.0057207104
24027,0.09188182
24028,0.006774822
24029,0.22347622
24030,0.00313126
24031,0.0033016203
24032,0.08904053
24033,0.0056480407
24034,0.025220364
24035,0.004969865
24036,0.18476228
24037,0.039787278
24038,0.20524766
24039,0.90873
24040,0.0011452067
24041,0.96961355
24042,0.80491334
24043,0.038025822
24044,0.68158823
24045,0.92109394
24046,0.38780275
24047,0.07119521
24048,0.47357932
24049,0.100850485
24050,0.011216593
24051,0.024309073
24052,0.017553579
24053,0.09542336
24054,0.015495643
24055,0.30652156
24056,0.021866266
24057,0.008786556
24058,0.071882725
24059,0.6816067
24060,0.89631057
24061,0.018821683
24062,0.00827917
24063,0.07169122
24064,0.007590983
24065,0.030728726
24066,0.023432592
24067,0.004497671
24068,0.07152467
24069,0.005965099
24070,0.4727389
24071,0.046426713
24072,0.14761123
24073,0.8408828
24074,0.024822313
24075,0.9802613
24076,0.013980042
24077,0.08600826
24078,0.0071395803
24079,0.5345902
24080,0.08707742
24081,0.0005494852
24082,0.31740522
24083,0.9345417
24084,0.008027828
24085,0.36866617
24086,0.0029154934
24087,0.02012452
24088,0.34206855
24089,0.7154922
24090,0.14728878
24091,0.02878585
24092,0.0010314947
24093,0.023538824
24094,0.055914458
24095,0.0007485196
24096,0.14001518
24097,0.077482305
24098,0.6074716
24099,0.066068515
24100,0.020879898
24101,0.03619731
24102,0.02014483
24103,0.993548
24104,0.07406436
24105,0.06441906
24106,0.031122226
24107,0.0021646123
24108,0.0041482467
24109,0.9538457
24110,0.9607047
24111,0.94265395
24112,0.17111477
24113,0.01972282
24114,0.01815496
24115,0.0053725326
24116,0.9902828
24117,0.18773699
24118,0.015503808
24119,0.07679695
24120,0.017815424
24121,0.18020049
24122,0.004672555
24123,0.006722088
24124,0.112885386
24125,0.010323913
24126,0.026266605
24127,0.006263441
24128,0.0041998
24129,0.0054734885
24130,0.031309735
24131,0.061659686
24132,0.00172669
24133,0.11113266
24134,0.9573051
24135,0.6530223
24136,0.057914145
24137,0.021213058
24138,0.026316801
24139,0.0015449469
24140,0.008365769
24141,0.9345131
24142,0.052246813
24143,0.9563082
24144,0.8291545
24145,0.009275052
24146,0.17262109
24147,0.14812787
24148,0.027706444
24149,0.039034393
24150,0.13880704
24151,0.4588554
24152,0.97956365
24153,0.048693012
24154,0.28081122
24155,0.041271515
24156,0.23130451
24157,0.039469138
24158,0.24081473
24159,0.045527197
24160,0.07236505
24161,0.95421576
24162,0.009243029
24163,0.062337153
24164,0.041096978
24165,0.020074086
24166,0.053413503
24167,0.8913282
24168,0.010260837
24169,0.0022956468
24170,0.009714557
24171,0.16271213
24172,0.024921766
24173,0.002713465
24174,0.9553015
24175,0.055432517
24176,0.027904227
24177,0.030147009
24178,0.9811717
24179,0.013454831
24180,0.21325536
24181,0.55077106
24182,0.0050156596
24183,0.0100845825
24184,0.43100193
24185,0.84607655
24186,0.0071587474
24187,0.014508971
24188,0.008542836
24189,0.062713586
24190,0.306193
24191,0.0020744118
24192,0.9676616
24193,0.0025488846
24194,0.006234703
24195,0.012487618
24196,0.054229535
24197,0.598577
24198,0.0025444648
24199,0.8197448
24200,0.066182785
24201,0.0062962864
24202,0.158899
24203,0.74905765
24204,0.017387848
24205,0.05510037
24206,0.044147924
24207,0.06078132
24208,0.02208304
24209,0.111860655
24210,0.01483344
24211,0.035200924
24212,0.0011437393
24213,0.10294013
24214,0.023494892
24215,0.71373785
24216,0.122112416
24217,0.021279939
24218,0.037813652
24219,0.16617389
24220,0.008995774
24221,0.25552046
24222,0.008216665
24223,0.010533698
24224,0.2304269
24225,0.20277624
24226,0.03116044
24227,0.009639391
24228,0.020965386
24229,0.05369238
24230,0.7476258
24231,0.00851677
24232,0.003589739
24233,0.008562835
24234,0.015464996
24235,0.13732693
24236,0.8313855
24237,0.19024572
24238,0.010987709
24239,0.34932035
24240,0.015324339
24241,0.08609485
24242,0.0016928794
24243,0.031528283
24244,0.013055102
24245,0.030982893
24246,0.059603974
24247,0.018892495
24248,0.006085532
24249,0.0023457387
24250,0.010363842
24251,0.010191112
24252,0.0032933848
24253,0.23574069
24254,0.8272157
24255,0.010047032
24256,0.013271184
24257,0.03707883
24258,0.17180151
24259,0.12728474
24260,0.013817212
24261,0.07429881
24262,0.008032447
24263,0.10769226
24264,0.0058137854
24265,0.04372226
24266,0.0034853928
24267,0.060485784
24268,0.0060703456
24269,0.02540666
24270,0.95253015
24271,0.006293939
24272,0.011566073
24273,0.011700831
24274,0.029747717
24275,0.91678303
24276,0.024105003
24277,0.07824435
24278,0.15814109
24279,0.005306572
24280,0.01673884
24281,0.040893886
24282,0.74039924
24283,0.0029562847
24284,0.011336092
24285,0.012007102
24286,0.05733096
24287,0.45406482
24288,0.90315115
24289,0.023485878
24290,0.10064227
24291,0.010879336
24292,0.014426766
24293,0.015457384
24294,0.09445861
24295,0.007184973
24296,0.031189306
24297,0.014388947
24298,0.4428919
24299,0.13086857
24300,0.018635057
24301,0.032623556
24302,0.009324128
24303,0.0028898022
24304,0.002244482
24305,0.015023798
24306,0.0016287831
24307,0.910549
24308,0.93831486
24309,0.012325027
24310,0.024887437
24311,0.068315364
24312,0.006979615
24313,0.00473314
24314,0.010499733
24315,0.013778611
24316,0.024702515
24317,0.14424731
24318,0.92550254
24319,0.8526671
24320,0.0068425657
24321,0.007745016
24322,0.06941585
24323,0.032088034
24324,0.005064492
24325,0.9749086
24326,0.9950352
24327,0.010402732
24328,0.004527901
24329,0.008356889
24330,0.46222824
24331,0.0066303536
24332,0.006241957
24333,0.012231385
24334,0.18447077
24335,0.5033841
24336,0.9983267
24337,0.40678015
24338,0.034047134
24339,0.81759834
24340,0.1725722
24341,0.07205594
24342,0.11005812
24343,0.0046930728
24344,0.0025655192
24345,0.12756245
24346,0.013432539
24347,0.27649605
24348,0.003609496
24349,0.94147265
24350,0.043514263
24351,0.014027824
24352,0.3034501
24353,0.001181709
24354,0.021700358
24355,0.07406833
24356,0.0061509716
24357,0.031983916
24358,0.007941742
24359,0.005471353
24360,0.016620379
24361,0.067344666
24362,0.0045310766
24363,0.9490794
24364,0.06773896
24365,0.030504951
24366,0.00536639
24367,0.13737148
24368,0.07619295
24369,0.0041669784
24370,0.0019354436
24371,0.08719131
24372,0.004626542
24373,0.9505045
24374,0.06502737
24375,0.8984185
24376,0.07813698
24377,0.034301687
24378,0.008127545
24379,0.78818625
24380,0.89431
24381,0.9240144
24382,0.0025105653
24383,0.24303529
24384,0.21628548
24385,0.008267273
24386,0.20433745
24387,0.76611197
24388,0.0018882011
24389,0.009620967
24390,0.01984958
24391,0.64691114
24392,0.11542679
24393,0.040507395
24394,0.025546143
24395,0.04420959
24396,0.89581406
24397,0.016686603
24398,0.006492694
24399,0.0017392434
24400,0.010466533
24401,0.013682173
24402,0.0022492048
24403,0.98140496
24404,0.017158348
24405,0.20302247
24406,0.0032320316
24407,0.40619132
24408,0.88290244
24409,0.015794402
24410,0.8798622
24411,0.012039586
24412,0.1272489
24413,0.062423486
24414,0.02334431
24415,0.002482024
24416,0.0058287648
24417,0.0050392277
24418,0.8993676
24419,0.0033328957
24420,0.019345434
24421,0.0041717337
24422,0.67530715
24423,0.0033500714
24424,0.0029998245
24425,0.056446936
24426,0.14747706
24427,0.012964277
24428,0.039529346
24429,0.59635836
24430,0.0715258
24431,0.030259507
24432,0.0028335454
24433,0.02628585
24434,0.0011262804
24435,0.28506455
24436,0.100238435
24437,0.34343
24438,0.0017286324
24439,0.06382217
24440,0.009771563
24441,0.030138984
24442,0.06723014
24443,0.5954683
24444,0.02879488
24445,0.96145153
24446,0.12838419
24447,0.2319293
24448,0.0010188726
24449,0.2719813
24450,0.0032420042
24451,0.15437941
24452,0.55829793
24453,0.24543066
24454,0.03764551
24455,0.042481016
24456,0.037567116
24457,0.03766909
24458,0.008132267
24459,0.08037789
24460,0.0024380405
24461,0.0141415605
24462,0.82202214
24463,0.0017590977
24464,0.19617051
24465,0.707899
24466,0.6921307
24467,0.058752738
24468,0.0016617189
24469,0.0041428134
24470,0.019934997
24471,0.9932314
24472,0.07678905
24473,0.87609446
24474,0.08026778
24475,0.0045203953
24476,0.015799688
24477,0.02944327
24478,0.17848895
24479,0.017236266
24480,0.022198671
24481,0.0047991965
24482,0.7033029
24483,0.032163918
24484,0.014518377
24485,0.003952761
24486,0.012251404
24487,0.108380124
24488,0.38242352
24489,0.019927979
24490,0.029884674
24491,0.21203594
24492,0.094662555
24493,0.00512698
24494,0.052702177
24495,0.017692422
24496,0.003861129
24497,0.037594873
24498,0.3225852
24499,0.0061397944
24500,0.0050090197
24501,0.7239139
24502,0.005226228
24503,0.0029441717
24504,0.0025725877
24505,0.0029487116
24506,0.031717863
24507,0.0023895577
24508,0.002275471
24509,0.080243245
24510,0.05085492
24511,0.34013534
24512,0.07349232
24513,0.003946942
24514,0.829198
24515,0.12689373
24516,0.0052722762
24517,0.0033663756
24518,0.9846305
24519,0.9888359
24520,0.0054107965
24521,0.049312357
24522,0.009111071
24523,0.948328
24524,0.021473343
24525,0.22944258
24526,0.0016288892
24527,0.0051075732
24528,0.10369849
24529,0.011945899
24530,0.013969497
24531,0.004274625
24532,0.9678113
24533,0.37179315
24534,0.275935
24535,0.12268558
24536,0.19755985
24537,0.04672802
24538,0.04433039
24539,0.21178019
24540,0.8456368
24541,0.022094557
24542,0.29788345
24543,0.019831395
24544,0.12949383
24545,0.014625831
24546,0.4158924
24547,0.07059991
24548,0.9780532
24549,0.12922984
24550,0.020315006
24551,0.001974428
24552,0.0037665407
24553,0.0045728157
24554,0.015174006
24555,0.024667997
24556,0.0008469073
24557,0.17939267
24558,0.9896415
24559,0.029458174
24560,0.966154
24561,0.28611144
24562,0.98216873
24563,0.010842372
24564,0.008021645
24565,0.08551938
24566,0.05838886
24567,0.016559597
24568,0.43122014
24569,0.01805892
24570,0.17276092
24571,0.0023455112
24572,0.08733463
24573,0.0018982919
24574,0.010215797
24575,0.0044614472
24576,0.9726978
24577,0.004683047
24578,0.0019240039
24579,0.88771206
24580,0.0141331125
24581,0.9836088
24582,0.49246204
24583,0.97016174
24584,0.9606831
24585,0.00382575
24586,0.016270751
24587,0.15215182
24588,0.015115785
24589,0.020907035
24590,0.11380261
24591,0.0016617483
24592,0.3617986
24593,0.038531985
24594,0.41140017
24595,0.0038785932
24596,0.96542203
24597,0.3183436
24598,0.0019335735
24599,0.007143462
24600,0.060523964
24601,0.17859091
24602,0.013858994
24603,0.0047074966
24604,0.0025405008
24605,0.010734389
24606,0.936866
24607,0.0035124796
24608,0.014492781
24609,0.43857995
24610,0.0018100103
24611,0.0063570854
24612,0.78122544
24613,0.008797344
24614,0.0052491147
24615,0.07085431
24616,0.9696258
24617,0.08930755
24618,0.93936527
24619,0.015032868
24620,0.18037355
24621,0.47897467
24622,0.014419208
24623,0.16948661
24624,0.0012862791
24625,0.96580684
24626,0.39351508
24627,0.0117383255
24628,0.09808308
24629,0.023733342
24630,0.39381933
24631,0.0073676594
24632,0.0040232367
24633,0.0012650755
24634,0.12713538
24635,0.04843872
24636,0.07216497
24637,0.48323712
24638,0.0034933048
24639,0.09917735
24640,0.0015675649
24641,0.43966427
24642,0.9186523
24643,0.004243166
24644,0.0071754274
24645,0.15325032
24646,0.74924135
24647,0.34107593
24648,0.2116563
24649,0.014594026
24650,0.016323237
24651,0.014173039
24652,0.16900326
24653,0.46178028
24654,0.9901523
24655,0.008559306
24656,0.0031449043
24657,0.72882736
24658,0.6537912
24659,0.0044782716
24660,0.006677753
24661,0.1844361
24662,0.8849106
24663,0.0055863955
24664,0.07042049
24665,0.0056540584
24666,0.012036388
24667,0.20641208
24668,0.8189029
24669,0.39077422
24670,0.47133276
24671,0.9838921
24672,0.040229306
24673,0.008110115
24674,0.03990923
24675,0.003907328
24676,0.005309948
24677,0.90596694
24678,0.98241067
24679,0.081746146
24680,0.5533903
24681,0.010148081
24682,0.0029079074
24683,0.030565646
24684,0.97065836
24685,0.025146542
24686,0.1940217
24687,0.066023454
24688,0.76897115
24689,0.6447338
24690,0.010272223
24691,0.0052645393
24692,0.95905155
24693,0.017375363
24694,0.045787275
24695,0.02964166
24696,0.067697085
24697,0.0036630246
24698,0.009541804
24699,0.5595058
24700,0.026352985
24701,0.00075333024
24702,0.04754947
24703,0.01564851
24704,0.056089517
24705,0.05503345
24706,0.1529049
24707,0.5895968
24708,0.01454114
24709,0.036109574
24710,0.022998841
24711,0.027613865
24712,0.53036934
24713,0.20654352
24714,0.109034926
24715,0.018006194
24716,0.6381172
24717,0.009318971
24718,0.0021728314
24719,0.2816215
24720,0.4058768
24721,0.39755592
24722,0.005906226
24723,0.0024438738
24724,0.08919613
24725,0.6594238
24726,0.12174155
24727,0.0054322015
24728,0.86826307
24729,0.042265795
24730,0.003054789
24731,0.03036051
24732,0.0855889
24733,0.20545763
24734,0.1680012
24735,0.0036772264
24736,0.10895641
24737,0.0011418549
24738,0.10298013
24739,0.00044222563
24740,0.17637707
24741,0.035627145
24742,0.39957124
24743,0.0056254035
24744,0.18997768
24745,0.15412249
24746,0.011612885
24747,0.124511965
24748,0.80729336
24749,0.0051855934
24750,0.0584468
24751,0.028642274
24752,0.007817893
24753,0.040374555
24754,0.080902345
24755,0.014805425
24756,0.005849095
24757,0.23673916
24758,0.021230709
24759,0.0039174724
24760,0.010144943
24761,0.0038346814
24762,0.36129606
24763,0.022350919
24764,0.0043419697
24765,0.007674393
24766,0.02338914
24767,0.056181967
24768,0.0076236157
24769,0.013169211
24770,0.007900157
24771,0.0026065686
24772,0.13252613
24773,0.04791947
24774,0.12065162
24775,0.004722113
24776,0.094903596
24777,0.008848651
24778,0.8227064
24779,0.01433763
24780,0.00707609
24781,0.0035182857
24782,0.9041383
24783,0.049881123
24784,0.27490187
24785,0.2515995
24786,0.14248258
24787,0.003354644
24788,0.80294865
24789,0.050474677
24790,0.0041762665
24791,0.080550276
24792,0.0046939394
24793,0.7334853
24794,0.0060864035
24795,0.017489398
24796,0.9872127
24797,0.005419893
24798,0.004048398
24799,0.04805761
24800,0.025748404
24801,0.0019326058
24802,0.87245476
24803,0.0025899715
24804,0.0027523888
24805,0.009373018
24806,0.009247445
24807,0.10073378
24808,0.00467713
24809,0.06903586
24810,0.013436596
24811,0.09203154
24812,0.0058472077
24813,0.166661
24814,0.14207408
24815,0.004035045
24816,0.009127129
24817,0.040528238
24818,0.0075673545
24819,0.55479836
24820,0.83601373
24821,0.006593537
24822,0.0062388643
24823,0.07036164
24824,0.098733924
24825,0.0031102945
24826,0.81177527
24827,0.002374696
24828,0.01849989
24829,0.00705016
24830,0.27899384
24831,0.009934285
24832,0.011804135
24833,0.040934104
24834,0.056323938
24835,0.021042155
24836,0.039623845
24837,0.0051349904
24838,0.420668
24839,0.34494868
24840,0.9544405
24841,0.89763355
24842,0.003647834
24843,0.0332067
24844,0.0054163653
24845,0.00287205
24846,0.0031796184
24847,0.77000934
24848,0.013033997
24849,0.03151227
24850,0.023275597
24851,0.3601204
24852,0.4192384
24853,0.012950361
24854,0.010672948
24855,0.98674357
24856,0.0033804337
24857,0.01771595
24858,0.029867565
24859,0.026170557
24860,0.027245661
24861,0.36653742
24862,0.0051223338
24863,0.56874347
24864,0.008956013
24865,0.106399626
24866,0.99759066
24867,0.4404571
24868,0.03815353
24869,0.051023114
24870,0.5394691
24871,0.1394004
24872,0.01484755
24873,0.0096357
24874,0.08615378
24875,0.058830686
24876,0.1100156
24877,0.43250895
24878,0.006978531
24879,0.15088746
24880,0.4110611
24881,0.11375797
24882,0.009030499
24883,0.59467745
24884,0.15704642
24885,0.22537112
24886,0.1387397
24887,0.019686231
24888,0.14135137
24889,0.8652911
24890,0.039091025
24891,0.099055275
24892,0.0145581495
24893,0.25969023
24894,0.041906904
24895,0.9826751
24896,0.98989826
24897,0.04021369
24898,0.98414314
24899,0.029774789
24900,0.030962331
24901,0.01408049
24902,0.53812516
24903,0.008866464
24904,0.0064538424
24905,0.43220463
24906,0.015354964
24907,0.79443616
24908,0.42281854
24909,0.011358099
24910,0.007205117
24911,0.0061304118
24912,0.060664013
24913,0.022363076
24914,0.0072984793
24915,0.011652127
24916,0.852997
24917,0.018283084
24918,0.5423303
24919,0.0033043094
24920,0.103608355
24921,0.8062845
24922,0.007300815
24923,0.060932618
24924,0.005109408
24925,0.02413918
24926,0.002930901
24927,0.2692394
24928,0.12440277
24929,0.07467178
24930,0.28810555
24931,0.9707354
24932,0.05667363
24933,0.030442964
24934,0.0089692315
24935,0.012468821
24936,0.19471312
24937,0.9303799
24938,0.991106
24939,0.013272907
24940,0.027158082
24941,0.0066563142
24942,0.004257782
24943,0.006047287
24944,0.000851162
24945,0.0030431903
24946,0.0028012665
24947,0.04816941
24948,0.015163528
24949,0.008660755
24950,0.053522952
24951,0.042000573
24952,0.042577267
24953,0.011616684
24954,0.09234249
24955,0.07570373
24956,0.1111276
24957,0.0030946925
24958,0.016350923
24959,0.21962616
24960,0.9534399
24961,0.007034891
24962,0.0016578077
24963,0.0039311815
24964,0.0035958008
24965,0.0084509915
24966,0.8579948
24967,0.003367078
24968,0.041131616
24969,0.9658044
24970,0.79698783
24971,0.053630505
24972,0.022735115
24973,0.00617778
24974,0.013888245
24975,0.12533224
24976,0.05820891
24977,0.0038932262
24978,0.009700141
24979,0.15490429
24980,0.005288232
24981,0.51705205
24982,0.014243165
24983,0.009713571
24984,0.019215351
24985,0.5693645
24986,0.9529381
24987,0.02681531
24988,0.0049314573
24989,0.7134765
24990,0.9511013
24991,0.36691755
24992,0.0032969257
24993,0.05138128
24994,0.97081864
24995,0.017658487
24996,0.012539659
24997,0.0009065597
24998,0.058854472
24999,0.15513861
