id,Exited
15000,0.05439791928218771
15001,0.02085845732406676
15002,0.02898601458853435
15003,0.8572999675062501
15004,0.033321160749820486
15005,0.40542012158165364
15006,0.017459531758721347
15007,0.042483292195462374
15008,0.01890787615896196
15009,0.015513721881687469
15010,0.0322269111048721
15011,0.9611070605874868
15012,0.08067818768598435
15013,0.11588923672929065
15014,0.03382577702761446
15015,0.011035107566522602
15016,0.03330839480111283
15017,0.007081524856150315
15018,0.467452476931191
15019,0.009271724758978077
15020,0.006660232511871075
15021,0.007859357912673707
15022,0.9858540211352897
15023,0.1270961904637113
15024,0.010845230845817452
15025,0.7799489456142101
15026,0.634251604973687
15027,0.030345968500183833
15028,0.07419733740909361
15029,0.5655228895205453
15030,0.7138515272146263
15031,0.5998130737818766
15032,0.04565828211924503
15033,0.1005414333859169
15034,0.8987208317512757
15035,0.03535199652380808
15036,0.026641548320334177
15037,0.7830092049004859
15038,0.04518797788590395
15039,0.02044563537412212
15040,0.24704333376799853
15041,0.004239711650753756
15042,0.00668598978950002
15043,0.011134285605527351
15044,0.0016804942500395768
15045,0.04909173416202102
15046,0.1571353030193342
15047,0.8424993934356665
15048,0.006729202072302012
15049,0.46257630139979916
15050,0.03950859585752606
15051,0.028282843139940856
15052,0.013559968501985781
15053,0.3938974703636168
15054,0.11149591490398728
15055,0.010565000234823041
15056,0.005822969316821427
15057,0.9570385609115497
15058,0.7609599443672167
15059,0.08995362895888136
15060,0.003672506985364928
15061,0.002740059060807154
15062,0.7440123383069179
15063,0.8295651993595673
15064,0.01430822665066763
15065,0.012733555030816024
15066,0.029124913098818095
15067,0.954621811683612
15068,0.9305613779912519
15069,0.022834814244713657
15070,0.8233353214078376
15071,0.015853359601594397
15072,0.8503265075588389
15073,0.6862007793421047
15074,0.008618093697715252
15075,0.0063924332531584025
15076,0.0015158756177603826
15077,0.04913760897952682
15078,0.001611931699853545
15079,0.2902129944294382
15080,0.8134497988395737
15081,0.16765636674133322
15082,0.042505142779572035
15083,0.06355201650314932
15084,0.007232059665629333
15085,0.00790182951417457
15086,0.7863000664328964
15087,0.00157706806367089
15088,0.006630088681538923
15089,0.06382433943954537
15090,0.007886188691521938
15091,0.012194552685238703
15092,0.0031559478943232653
15093,0.05398421741678534
15094,0.010319849412017155
15095,0.01400440340919792
15096,0.2235234119868362
15097,0.0025265164046648653
15098,0.03537160899400167
15099,0.24299173078865366
15100,0.013745711679363686
15101,0.7994927181073842
15102,0.5960360141306194
15103,0.5504923177533562
15104,0.1651502764761628
15105,0.05597999020570774
15106,0.10495178272227706
15107,0.9775625555134266
15108,0.014422201703900555
15109,0.005326019035438937
15110,0.1715054586554742
15111,0.04646968708868071
15112,0.3866747178348599
15113,0.011658540908449094
15114,0.008006521043343756
15115,0.01686091450401327
15116,0.002562914784013488
15117,0.9733501409730176
15118,0.09179084690263774
15119,0.06340889574660753
15120,0.011752736340301693
15121,0.20790843136975332
15122,0.0050930272169988165
15123,0.04023624331687609
15124,0.19463809957374809
15125,0.031789081784012956
15126,0.8865680141172092
15127,0.0029700802274413435
15128,0.07024872150944957
15129,0.0744445959071006
15130,0.0011310381731999602
15131,0.8758375583795207
15132,0.09347843486246268
15133,0.04121204422171766
15134,0.005391509258669544
15135,0.8472336500204185
15136,0.3230142639658743
15137,0.06545050252081838
15138,0.04185825616057941
15139,0.005646893917206835
15140,0.008209871444354942
15141,0.8890762659496452
15142,0.003798021873682408
15143,0.8651921753161882
15144,0.13681429781222817
15145,0.015845323816551706
15146,0.013218516773742951
15147,0.34935230375834503
15148,0.014294873263813231
15149,0.9687964569069168
15150,0.028421632840662247
15151,0.2022669741277545
15152,0.9119559178834655
15153,0.11870129005293711
15154,0.7848779427520762
15155,0.22679886401175983
15156,0.004603344894986856
15157,0.13546169927335408
15158,0.14998242588542768
15159,0.5912561632347264
15160,0.31996792117463496
15161,0.003318732845615567
15162,0.0031329047151599154
15163,0.011022251689256359
15164,0.0028590837612682066
15165,0.10498249949697167
15166,0.9414617908485103
15167,0.2911023488361436
15168,0.1260100094564413
15169,0.013636430177681355
15170,0.2881602310085164
15171,0.00817871153453415
15172,0.05059295904521072
15173,0.9745747440246354
15174,0.6946937820117167
15175,0.08407357744456789
15176,0.005564064394040025
15177,0.11850187612054215
15178,0.06928421340429551
15179,0.013413571864865003
15180,0.4438641422126965
15181,0.9835193298606982
15182,0.19794036084622163
15183,0.5828359039727935
15184,0.009784953220357849
15185,0.4268880906900657
15186,0.0769870028767735
15187,0.004280268843751747
15188,0.02759421981045536
15189,0.014229145865622416
15190,0.15426193993365436
15191,0.008021497137319847
15192,0.11338326276133359
15193,0.11436161494515949
15194,0.6245142817929945
15195,0.21238435066181982
15196,0.18119444077828048
15197,0.0034289162316221583
15198,0.4092748472220761
15199,0.03071399180163989
15200,0.33940029873242905
15201,0.014443677459137478
15202,0.0018451066980912005
15203,0.0036161219096683054
15204,0.0020985949694984937
15205,0.11561487992754452
15206,0.11841581611536255
15207,0.10558930531648911
15208,0.012133749113774493
15209,0.10619505560260702
15210,0.0069748889064340045
15211,0.05380533986732613
15212,0.8816279671206969
15213,0.010736771716882898
15214,0.022344370227857284
15215,0.02622892736160983
15216,0.9006307785484386
15217,0.03224907097258499
15218,0.062172833159351196
15219,0.008308051033612868
15220,0.03282874533529416
15221,0.07329797923727985
15222,0.16083122635312355
15223,0.016656034767315232
15224,0.012902840724571023
15225,0.3925431092612176
15226,0.5436027056895171
15227,0.016215765528197736
15228,0.7533877526986225
15229,0.10355944471120596
15230,0.9313033353109917
15231,0.4808394710957935
15232,0.022240970059836534
15233,0.06385581326280969
15234,0.9956326141724965
15235,0.0037418321775861308
15236,0.13058134551207812
15237,0.06333655845749796
15238,0.00421928877151077
15239,0.007542132960592291
15240,0.3339674913395954
15241,0.09080546246270285
15242,0.2799273724923719
15243,0.7087561991976232
15244,0.02046764561223674
15245,0.8018962591696237
15246,0.12295459071322
15247,0.15236626962538735
15248,0.2165237674824033
15249,0.0195463893965961
15250,0.005632994181641219
15251,0.013372413063758472
15252,0.492067345327345
15253,0.17737764488306473
15254,0.011201092535502992
15255,0.013374207241395736
15256,0.0036080106006717762
15257,0.1520649684260115
15258,0.887723352912101
15259,0.05377937721646227
15260,0.011817923398384618
15261,0.9909917629312367
15262,0.022337644897333177
15263,0.904491311153263
15264,0.28735410536241424
15265,0.3259495960702853
15266,0.043428721340316986
15267,0.0918091492402812
15268,0.005375032064417442
15269,0.01096196029331716
15270,0.13671022397420837
15271,0.027233290754421848
15272,0.07112978201808634
15273,0.05382821307752044
15274,0.97343420478746
15275,0.9361269760698607
15276,0.3262735532101522
15277,0.012068740537007327
15278,0.008373348727144347
15279,0.05123478264938713
15280,0.9520873689876296
15281,0.0142759381653601
15282,0.13684813505773388
15283,0.6445536714254674
15284,0.007257836201146851
15285,0.9337186498873719
15286,0.001042366536861423
15287,0.010475060300228852
15288,0.008274585154611788
15289,0.03408027793723434
15290,0.002515035427853286
15291,0.005482958169379054
15292,0.15090294242604743
15293,0.9741465862310174
15294,0.01341000790687756
15295,0.09407611869436758
15296,0.04893016078949209
15297,0.025292577902020802
15298,0.0031953197038903304
15299,0.0025863325673187595
15300,0.029586787131552276
15301,0.11060187903043114
15302,0.14450547792615717
15303,0.0031553629142387156
15304,0.062137796257329986
15305,0.1179864906574612
15306,0.023449095109957758
15307,0.657629038894282
15308,0.0014105730237359965
15309,0.9879552684114573
15310,0.4933566391961364
15311,0.1515119623607814
15312,0.008233314332319705
15313,0.013394779756731803
15314,0.003442021725992924
15315,0.005144004849892993
15316,0.16139885661789471
15317,0.05918938819069991
15318,0.6220655286611717
15319,0.0016114618490641885
15320,0.037736318134515154
15321,0.00842170220272982
15322,0.07989096141905389
15323,0.003231106946008851
15324,0.7829589699359137
15325,0.0014437480463631981
15326,0.02186220279978878
15327,0.4990135769688998
15328,0.13085789863675146
15329,0.005157182106276577
15330,0.03492695446066529
15331,0.017903308403615485
15332,0.007659886206758937
15333,0.01327612341052722
15334,0.28122269026718655
15335,0.013725462277619527
15336,0.14256017069469315
15337,0.02268021067974391
15338,0.12045678005709576
15339,0.027624291124071932
15340,0.01601220068883904
15341,0.0012837370753866256
15342,0.9473743421681345
15343,0.04833053481336595
15344,0.10305988901467031
15345,0.1596065130001239
15346,0.8486365429353212
15347,0.12976901188354167
15348,0.06527510401541234
15349,0.02232789658144916
15350,0.018056047961365278
15351,0.0168492200019006
15352,0.04826225052658766
15353,0.7026574122824152
15354,0.012077260008754316
15355,0.06729606372143343
15356,0.7648186277713216
15357,0.005970494479810816
15358,0.02173702686720308
15359,0.0013493146347672374
15360,0.0134779844191332
15361,0.005340446630950384
15362,0.012892436989227108
15363,0.01632308020129715
15364,0.09395584589636219
15365,0.657337712749622
15366,0.4351457830818201
15367,0.8598287785297953
15368,0.02755112435995722
15369,0.021096244104736497
15370,0.5750386734550019
15371,0.03574124045753558
15372,0.025555964534733026
15373,0.16906434393245148
15374,0.329664465056544
15375,0.09757280700390093
15376,0.3775076410861144
15377,0.7388024395791187
15378,0.073941118118136
15379,0.801599663949783
15380,0.739327514140175
15381,0.030932521703269343
15382,0.0034764060791043147
15383,0.004277857709789055
15384,0.5712656703156611
15385,0.3007312778448137
15386,0.1517016283175537
15387,0.045183709503263
15388,0.009705387163237964
15389,0.07503518550647009
15390,0.5242476180875945
15391,0.10099527760678162
15392,0.0019671003531617766
15393,0.023121876054386165
15394,0.006067690167558654
15395,0.013319089811122642
15396,0.09218232747682076
15397,0.005516189085023467
15398,0.01941306599530751
15399,0.013305748938609344
15400,0.6912471696262966
15401,0.06833441546153134
15402,0.005051272416350644
15403,0.029044645184797952
15404,0.027150342107362
15405,0.042570181500944916
15406,0.2831650463825426
15407,0.04050037002552375
15408,0.08419781333538247
15409,0.46728427085849095
15410,0.3591761378939342
15411,0.0066848217982771
15412,0.06399676061076402
15413,0.8181048230461339
15414,0.961074971138628
15415,0.005659045038512761
15416,0.005408676738627131
15417,0.3598803643031859
15418,0.052478747096338804
15419,0.26294290481349064
15420,0.04979842687275413
15421,0.04924364903658311
15422,0.1782417769575848
15423,0.24813921568652902
15424,0.013330428313171116
15425,0.9036255696424325
15426,0.7275157925611971
15427,0.076807447282247
15428,0.10541313025075075
15429,0.09949605691363905
15430,0.0024621695659665576
15431,0.008013228766094284
15432,0.06854422119931898
15433,0.001802950200242767
15434,0.004886047354303198
15435,0.014875488180445396
15436,0.0210512662649684
15437,0.06513929946273538
15438,0.01372309161867944
15439,0.04164967075547501
15440,0.02348878633167875
15441,0.9328360945248475
15442,0.71559478788332
15443,0.38998460418922604
15444,0.0067190383138771214
15445,0.010209558518391582
15446,0.09463294839657427
15447,0.006375151083088392
15448,0.9416707196447079
15449,0.036832591258034016
15450,0.026498503825995244
15451,0.019467766385977286
15452,0.512151728288258
15453,0.040572423161695056
15454,0.14029573893120387
15455,0.9199099855814759
15456,0.046853520967641636
15457,0.0021531369392326187
15458,0.05074980986141492
15459,0.516637265708203
15460,0.5403227328373188
15461,0.066634364022347
15462,0.04002238329126348
15463,0.003959303769726314
15464,0.927753013453291
15465,0.3080183479867893
15466,0.0075593603068984435
15467,0.8975997830024224
15468,0.0031506903308821097
15469,0.04936815886815429
15470,0.002705879903277987
15471,0.02016762891784014
15472,0.09471883632224048
15473,0.06555399252609344
15474,0.1997291204468419
15475,0.26357444717120565
15476,0.22114483851145136
15477,0.04580569917895937
15478,0.016295169829531567
15479,0.025645825446497354
15480,0.7005585425550922
15481,0.9774037203827814
15482,0.07589820207164412
15483,0.9845960533279215
15484,0.03275136772128927
15485,0.4703815774324907
15486,0.03676771369762042
15487,0.9601618445008054
15488,0.0059665302668743155
15489,0.1628824092083135
15490,0.9607433891148444
15491,0.46706412351429516
15492,0.9755194273167918
15493,0.15195227224896413
15494,0.0743879543405368
15495,0.5444305866026538
15496,0.034696315853300144
15497,0.0022166272515223634
15498,0.9612918105913896
15499,0.5255097502652454
15500,0.009616394617108276
15501,0.0023848796617267076
15502,0.04260044710292446
15503,0.9810012048325776
15504,0.09628678746595565
15505,0.026367523156437672
15506,0.2814751370906169
15507,0.0023141896676056057
15508,0.24685879619021445
15509,0.006121732796781122
15510,0.12200365011508597
15511,0.015311011290945748
15512,0.00491342848670439
15513,0.015119669226607018
15514,0.038926495537211635
15515,0.002816321362577108
15516,0.07643923008051245
15517,0.133244898365635
15518,0.007653334879968641
15519,0.035526218987571946
15520,0.29526158696359406
15521,0.11938927164619713
15522,0.10315169237361682
15523,0.016057114753050977
15524,0.08056958450965941
15525,0.0018762437339253134
15526,0.00988019705832467
15527,0.014743103298876915
15528,0.011523069243597937
15529,0.20999728328972433
15530,0.0035827085869575112
15531,0.07112864526484261
15532,0.013325935354208703
15533,0.17702429781600904
15534,0.006705037254720913
15535,0.10690450993302528
15536,0.18800242696148853
15537,0.0242362667601433
15538,0.022799091186655268
15539,0.0185415096967685
15540,0.05754388951578441
15541,0.016053229145565284
15542,0.004888829262528789
15543,0.009479697157236625
15544,0.011028779232964882
15545,0.036900873349246466
15546,0.6280112410128951
15547,0.06448275680250355
15548,0.005878070979076344
15549,0.8008796628929485
15550,0.004585610895251694
15551,0.009422233767925215
15552,0.030144459429610995
15553,0.04660167103196305
15554,0.41498516284208076
15555,0.00797817976655986
15556,0.01244719319488518
15557,0.013352334332973635
15558,0.06899199853469559
15559,0.07650791178638444
15560,0.010420912733151428
15561,0.019298866028420774
15562,0.005557730540579348
15563,0.010930191399396544
15564,0.06852153956162327
15565,0.07283986847021454
15566,0.012754714522244089
15567,0.010236104986610893
15568,0.0042437537386519324
15569,0.0067060984082949705
15570,0.22091821824552949
15571,0.45917474731837393
15572,0.9885041055089153
15573,0.04091070202718517
15574,0.00719649992537931
15575,0.0142006857153493
15576,0.046303920728059736
15577,0.6797630131819162
15578,0.77194728501925
15579,0.3414589920366947
15580,0.014175034284393581
15581,0.0962165742601543
15582,0.021132699837850703
15583,0.009971265184177255
15584,0.026485881295403406
15585,0.881214794038077
15586,0.004108299206578751
15587,0.004512008947270196
15588,0.04593805289841704
15589,0.012256494479572494
15590,0.026696285217873875
15591,0.044664392158064406
15592,0.043652839438749494
15593,0.9693452968633683
15594,0.8613083429934724
15595,0.0105238876638747
15596,0.8311651852847028
15597,0.75501294733698
15598,0.3817022215080083
15599,0.10896897689924945
15600,0.883801901803363
15601,0.2667901427545566
15602,0.00828242441886068
15603,0.008183063481769897
15604,0.14491657213155232
15605,0.10388916327185224
15606,0.003540613358800441
15607,0.023046607520085784
15608,0.006559187246479625
15609,0.011731811496890364
15610,0.8664056903247893
15611,0.002884452184940957
15612,0.31169274132764474
15613,0.3461521547836763
15614,0.050185660938370756
15615,0.3596640305278452
15616,0.005878482723106007
15617,0.9539067178708409
15618,0.4410540892900135
15619,0.003761864934891282
15620,0.13195363190324683
15621,0.018317703242298974
15622,0.017749526176376904
15623,0.08332445354487973
15624,0.01297663626595163
15625,0.9723728547244077
15626,0.009937258848979228
15627,0.23960614125823443
15628,0.011797959486039867
15629,0.04976977585554783
15630,0.041803617830284974
15631,0.29317618648641924
15632,0.00569860454833464
15633,0.0036394139138419455
15634,0.06458291492023509
15635,0.3407327348557741
15636,0.016588913061676678
15637,0.13605500637269133
15638,0.023807981439987507
15639,0.425463924218374
15640,0.37158201449360806
15641,0.2984339625172998
15642,0.27917958927979714
15643,0.014398047236666812
15644,0.15359297394208948
15645,0.013113205333423044
15646,0.1061646332568177
15647,0.008325003206344021
15648,0.16009709541681078
15649,0.05686326315394977
15650,0.011099702041945096
15651,0.01298250196472326
15652,0.007127514925753105
15653,0.5056289134091462
15654,0.08448634247902441
15655,0.8443212739924612
15656,0.37668438551391714
15657,0.9451289556858428
15658,0.012398925007246217
15659,0.022378876626939343
15660,0.02349730192696385
15661,0.12203613864995765
15662,0.013909483567044405
15663,0.012914380933353559
15664,0.06324339489646166
15665,0.20494258577746297
15666,0.006199369970824357
15667,0.020383343549779047
15668,0.007000885619539399
15669,0.14485465810535553
15670,0.7429961618106102
15671,0.01517050758813143
15672,0.001995247180051852
15673,0.11819276602618799
15674,0.27870071748654535
15675,0.7188212722381959
15676,0.03161476433293332
15677,0.5308961796360154
15678,0.05961196068527281
15679,0.007548035492994056
15680,0.05309647247740886
15681,0.0031617998139197743
15682,0.005268106191226937
15683,0.02388832865660515
15684,0.014001901471011742
15685,0.016182914971475563
15686,0.750407130354953
15687,0.0032164020586323812
15688,0.5262308122383492
15689,0.2693915264269098
15690,0.10294456712937587
15691,0.006031500574576439
15692,0.04595812695456674
15693,0.08438216756038218
15694,0.00341513988059483
15695,0.015484257827656825
15696,0.01781685180453696
15697,0.005867790023669359
15698,0.1740263588626442
15699,0.005595824187665166
15700,0.012210615147881009
15701,0.1371911312666554
15702,0.02831007127326078
15703,0.25925841424239515
15704,0.00173577335303808
15705,0.9719415749434506
15706,0.155584644916202
15707,0.03940092488848725
15708,0.6115044283532948
15709,0.0044675014008746135
15710,0.776127863215331
15711,0.1420336457242888
15712,0.01373572229516074
15713,0.005776445195498631
15714,0.0029780799449824515
15715,0.8336675324140714
15716,0.046089057005035995
15717,0.019152306957526274
15718,0.019977570857471504
15719,0.9475935232751376
15720,0.4198140581267463
15721,0.03524623841626588
15722,0.003568056459496982
15723,0.006089499750882025
15724,0.08736257495585276
15725,0.01046710458976401
15726,0.01905028997110022
15727,0.021720325155533966
15728,0.006885055821077713
15729,0.8902067046794437
15730,0.09157005017654779
15731,0.0031400873089385884
15732,0.9818366004268548
15733,0.34069122725665946
15734,0.04416394732859588
15735,0.3833883524227614
15736,0.013269651962892641
15737,0.38368139025988207
15738,0.006280289234033702
15739,0.0036897842469994805
15740,0.03566253881213266
15741,0.04751435804997696
15742,0.8856811612920968
15743,0.48508467854910414
15744,0.007474837045454199
15745,0.0046285836946515025
15746,0.047457372309828896
15747,0.40828284467164805
15748,0.22386562068490826
15749,0.006170155595755131
15750,0.05446136366670701
15751,0.002756635611734029
15752,0.3813156370426105
15753,0.02339004821778996
15754,0.005140389599853666
15755,0.08225160777577904
15756,0.002934327679318974
15757,0.006975092084980162
15758,0.19121457691760482
15759,0.07255175818719968
15760,0.10736282713456091
15761,0.2032808333217999
15762,0.5661095037483299
15763,0.9554277441500381
15764,0.020010628863119086
15765,0.04456165671370746
15766,0.042740024827578646
15767,0.0033080663698259543
15768,0.014495038805369165
15769,0.006032220048192264
15770,0.2560537663548821
15771,0.053619469442269724
15772,0.007940621763616082
15773,0.0539408948682615
15774,0.046444681869817976
15775,0.02629610027730903
15776,0.10198597978786192
15777,0.8076643089846774
15778,0.9594906341008149
15779,0.07688844685734121
15780,0.7129978761302065
15781,0.00893254311409153
15782,0.03698631409159781
15783,0.02624967277384735
15784,0.025492004132096697
15785,0.0326830309165397
15786,0.02335430813961125
15787,0.004528688983150323
15788,0.5789327378384516
15789,0.926621485809422
15790,0.045907075792497455
15791,0.008872364118933797
15792,0.9510773496715719
15793,0.007124175216368222
15794,0.023477509493738388
15795,0.3030519208012776
15796,0.0050645340535844996
15797,0.20637436951553054
15798,0.9655480199905899
15799,0.007168478163553888
15800,0.32321311703398814
15801,0.7644000838083269
15802,0.3969489585471266
15803,0.12692577334999408
15804,0.018336878185104172
15805,0.09696099055965565
15806,0.020877392314357115
15807,0.5189508207785184
15808,0.2184371891364603
15809,0.028412075395676244
15810,0.9010983775499095
15811,0.1844475528488631
15812,0.08577414483506116
15813,0.0032742205033427173
15814,0.034612143360408174
15815,0.016789707176971848
15816,0.15999422799959045
15817,0.03116537700096303
15818,0.0678848731551955
15819,0.022357787417415478
15820,0.020932424645503284
15821,0.748162297886505
15822,0.12459274414642488
15823,0.10050896381212344
15824,0.005650878404074507
15825,0.002789236274933424
15826,0.014792605463405323
15827,0.035919283904044114
15828,0.009188161293127266
15829,0.21897906035059725
15830,0.8921757430501546
15831,0.06481989390631937
15832,0.03083059052414142
15833,0.5862865384943573
15834,0.0914132096723614
15835,0.007460916800429926
15836,0.0031615345933224165
15837,0.2902025033317591
15838,0.002979584485196478
15839,0.0016945766766572016
15840,0.0041716995970381456
15841,0.005359630474916794
15842,0.10136694791708085
15843,0.11046617122637574
15844,0.10070065441149346
15845,0.5592502533142294
15846,0.8554843683878068
15847,0.019441175280453544
15848,0.02917225888372772
15849,0.18982511586157044
15850,0.0017389575121905686
15851,0.02216353601354098
15852,0.00983885694305364
15853,0.022751615142237763
15854,0.002354729384760766
15855,0.1183974877445919
15856,0.08157914679141066
15857,0.0948603186223911
15858,0.014685495725657484
15859,0.6063123485337544
15860,0.004257809496620075
15861,0.4525526402479267
15862,0.014712395314136045
15863,0.06100876190058321
15864,0.9980459946165633
15865,0.16029795144215808
15866,0.014647855076661647
15867,0.12692859569634593
15868,0.004529655294325997
15869,0.01846964874830152
15870,0.004403376943910497
15871,0.013588740803097884
15872,0.09108414464662541
15873,0.28942308434887515
15874,0.003212163622096591
15875,0.04256060386989945
15876,0.0033231658671883752
15877,0.011301851931976659
15878,0.29224430280427266
15879,0.686592099991658
15880,0.00784195064007518
15881,0.020734151425634454
15882,0.019977630474462153
15883,0.02374386778980792
15884,0.04202192796203128
15885,0.060699840852100104
15886,0.4716949918494832
15887,0.019475260771534008
15888,0.36177808497814473
15889,0.01964455119733837
15890,0.03203834336352549
15891,0.965962073302273
15892,0.014314905825902693
15893,0.2057230673695303
15894,0.0061167185519528985
15895,0.026061830992569014
15896,0.16114007400690677
15897,0.8464295363568225
15898,0.036473922840711506
15899,0.0088499499979044
15900,0.31460432201862404
15901,0.35293557550182736
15902,0.009152451484573233
15903,0.6604016591007017
15904,0.003133287220921105
15905,0.024160284134352606
15906,0.0373753042811162
15907,0.18816332701571223
15908,0.05232326724434128
15909,0.12820962612664252
15910,0.03940861779202339
15911,0.2437488281417354
15912,0.013678802472390872
15913,0.006101854649107982
15914,0.23285962930170387
15915,0.07710670856945644
15916,0.01988415715050809
15917,0.007795240475649718
15918,0.008274410456552918
15919,0.22936118470553854
15920,0.2935150315965399
15921,0.25730651931053017
15922,0.016788595675696
15923,0.006047152348334363
15924,0.8587288084574994
15925,0.004669374095927657
15926,0.012676719295286258
15927,0.9173994342161679
15928,0.15520652630300139
15929,0.7793482507741407
15930,0.9116814750726926
15931,0.26274911495332687
15932,0.03293367375839466
15933,0.8051730297815176
15934,0.005177390569688727
15935,0.002678383061920424
15936,0.013882700804232666
15937,0.0046094864267785165
15938,0.07160199912715785
15939,0.027892086758286055
15940,0.10803633586907292
15941,0.11857300792861754
15942,0.004994380449328828
15943,0.06027531473262825
15944,0.004589111885669733
15945,0.00311180011508613
15946,0.10936784631405182
15947,0.0021446476578356193
15948,0.5870313406970742
15949,0.8564220100685688
15950,0.0034812922940714516
15951,0.031048503598782234
15952,0.9659207974651272
15953,0.57347844670484
15954,0.03335978091607052
15955,0.024902451550128935
15956,0.009868809450583608
15957,0.03544885656571633
15958,0.9441279983599004
15959,0.14167932728797294
15960,0.006967883113578259
15961,0.6535102363757584
15962,0.00938997014063516
15963,0.003349132209977708
15964,0.20424889297532603
15965,0.07265329067119188
15966,0.9760487046362332
15967,0.016983611289835745
15968,0.383213178070439
15969,0.005444451283839855
15970,0.07783274884742993
15971,0.07292428922811629
15972,0.996515474010444
15973,0.005911295449604214
15974,0.17416900959650997
15975,0.10217095317352319
15976,0.0033100079798814843
15977,0.01740905177808937
15978,0.2802117338098154
15979,0.016597814307361465
15980,0.013905804910069116
15981,0.005432781373101504
15982,0.0036493931447290962
15983,0.034900715035523056
15984,0.005527201198798866
15985,0.0931980406009868
15986,0.2974991488049829
15987,0.013369919203452409
15988,0.024978643739733717
15989,0.11734013840215132
15990,0.6030536877550114
15991,0.0027810077654323462
15992,0.9708183138292135
15993,0.13279922481975548
15994,0.005771470307220866
15995,0.01632160692004221
15996,0.8588076861081382
15997,0.2493490777234834
15998,0.0070829648804117285
15999,0.01311614813006748
16000,0.6237489612738717
16001,0.008478924217937287
16002,0.019026215536381653
16003,0.0027702196852517932
16004,0.03590654266910538
16005,0.34604350993125027
16006,0.024377259813367465
16007,0.05604523392740733
16008,0.0051774239032157335
16009,0.6375846991575044
16010,0.0034409211224925938
16011,0.6026496708703077
16012,0.016943712793322387
16013,0.002935015042338921
16014,0.006835725888036729
16015,0.17125895628504068
16016,0.6230620930806431
16017,0.19746133027297513
16018,0.12781056515597258
16019,0.0918126304851416
16020,0.018080529314714912
16021,0.0029928768266650014
16022,0.003921501690158063
16023,0.036417329503132936
16024,0.041914822627504
16025,0.00973940670426312
16026,0.9083590628880084
16027,0.0035085820116664414
16028,0.03178388008276119
16029,0.013990542488370781
16030,0.02076846466167384
16031,0.0708003525414973
16032,0.4392725663761915
16033,0.046154557304405555
16034,0.7167946371091192
16035,0.08645105946993434
16036,0.11554385741301502
16037,0.08371037588091178
16038,0.16183810016282807
16039,0.036717149246514744
16040,0.057393781764665676
16041,0.9945487367196687
16042,0.04744778517487094
16043,0.008279914820176416
16044,0.002891030352908244
16045,0.9772657467690312
16046,0.4261903407625506
16047,0.20032816223025246
16048,0.08258911261682272
16049,0.03437770044023809
16050,0.01570385264274698
16051,0.015432586232916453
16052,0.01852142536090896
16053,0.003690592039830862
16054,0.31539080314588797
16055,0.12268385053122209
16056,0.1751343530130302
16057,0.8331076334917984
16058,0.5536948275805673
16059,0.06926371652351189
16060,0.8532578468188425
16061,0.02418975469917652
16062,0.008848672272597929
16063,0.005027886487343107
16064,0.012068706412203343
16065,0.015084567476309834
16066,0.012461566840746417
16067,0.006205599177337224
16068,0.5684683044570256
16069,0.022522122187810918
16070,0.8008496133009486
16071,0.0036008140292835963
16072,0.0171863592838788
16073,0.5457956136018457
16074,0.012530490984463636
16075,0.09049485327534137
16076,0.48434035717593726
16077,0.5245440976426979
16078,0.8541945832863336
16079,0.4917255232732724
16080,0.012377939741393678
16081,0.01802013989377544
16082,0.17339550721705957
16083,0.14155224933085936
16084,0.005796412826584787
16085,0.005206385667976922
16086,0.5649783203191822
16087,0.01281659559263016
16088,0.0058332449712364814
16089,0.0036497617565013924
16090,0.9480407931141067
16091,0.1062830627401773
16092,0.04769855102667215
16093,0.16499700055777666
16094,0.41301525397461436
16095,0.15333427833491436
16096,0.017532977707384077
16097,0.3997666368806525
16098,0.16028574131250262
16099,0.31992974678809416
16100,0.0035599212907048363
16101,0.027657454219057742
16102,0.056893506629860535
16103,0.013053575042051815
16104,0.0028444918839972263
16105,0.9033484006915444
16106,0.06866436442641018
16107,0.01284716625417634
16108,0.8786683010282011
16109,0.22110257981932918
16110,0.007667180289946797
16111,0.4292907905972203
16112,0.02614782330769983
16113,0.12804666440147341
16114,0.006789488308819195
16115,0.9884661529936888
16116,0.003974846373078405
16117,0.0069435386736855925
16118,0.004225901514456884
16119,0.40456761068147323
16120,0.003856542735860335
16121,0.00472128154670227
16122,0.014211811883689326
16123,0.0034486996784181935
16124,0.0064714074078200574
16125,0.0020177077382520594
16126,0.08298325090348757
16127,0.016606732723462175
16128,0.051674538564034006
16129,0.059732312187890435
16130,0.874487912755999
16131,0.009171438178358906
16132,0.678260556353187
16133,0.9917554827676995
16134,0.3062168132259191
16135,0.017465079919585565
16136,0.015414643823781705
16137,0.028566584886712855
16138,0.0032837344124977655
16139,0.003075009231882999
16140,0.003572666670654053
16141,0.1915706231355872
16142,0.012553512284742932
16143,0.01922507531677968
16144,0.0022788425491649987
16145,0.018997236830197713
16146,0.08504191151576831
16147,0.1207921452534973
16148,0.47015713200486575
16149,0.9162556784063326
16150,0.07214520844175017
16151,0.11923288050080039
16152,0.4839397131060437
16153,0.34059186337449077
16154,0.0032167318972418425
16155,0.1998638259158202
16156,0.006610218064289455
16157,0.4907653047702499
16158,0.19485760046118855
16159,0.3774183610086566
16160,0.15888070560150036
16161,0.5301771489380208
16162,0.01006413850840606
16163,0.009261779426957602
16164,0.6807189182593588
16165,0.12355430149907534
16166,0.009917306702799259
16167,0.7757146683806839
16168,0.03142772806539824
16169,0.039084661510172904
16170,0.01622805000621171
16171,0.36934994611177846
16172,0.024286561598264384
16173,0.6538776547889878
16174,0.093243030644814
16175,0.020034955906242394
16176,0.010575249116512905
16177,0.4481481819756449
16178,0.008720821780884928
16179,0.11151323319557012
16180,0.0045471074173209156
16181,0.0036895236257265206
16182,0.043778840688868836
16183,0.0026053578811561814
16184,0.014961201145014888
16185,0.10203820319663863
16186,0.7425569181488435
16187,0.06384649718099322
16188,0.04752094965309852
16189,0.043654999846883875
16190,0.004062038478107288
16191,0.7786726995368634
16192,0.9559869042380896
16193,0.47114484236332915
16194,0.978176854053116
16195,0.2906642565645321
16196,0.13816820727355325
16197,0.04646401701158785
16198,0.0364328368364333
16199,0.04732726362817289
16200,0.014033971871451618
16201,0.050392921368979555
16202,0.09960363600047172
16203,0.7182653426560915
16204,0.026401134190260588
16205,0.6031547220115404
16206,0.017108854968437167
16207,0.0271630761763266
16208,0.2435189508046563
16209,0.12030447674866307
16210,0.12694674203314846
16211,0.27251449090790225
16212,0.05336188622207575
16213,0.07203205440408254
16214,0.40059521476297416
16215,0.02493262076025893
16216,0.03721200052480943
16217,0.7112330201449101
16218,0.020602539937950942
16219,0.045622760306312814
16220,0.010377611949715286
16221,0.10226103296819351
16222,0.3911579490199494
16223,0.9350772431974275
16224,0.0014794828171708332
16225,0.038495813483405326
16226,0.05969696132733407
16227,0.0023742876889313487
16228,0.05202326214008197
16229,0.3410780370936513
16230,0.04274938641364223
16231,0.49957087506194614
16232,0.628635057874483
16233,0.4728081552082105
16234,0.8973163525706805
16235,0.002568938219250279
16236,0.013349607387453836
16237,0.3854542501030979
16238,0.11484436002646513
16239,0.02121501616323962
16240,0.23871644049150273
16241,0.06865088011234188
16242,0.008192141715103485
16243,0.1002058369950018
16244,0.24483544330298362
16245,0.42842327902986155
16246,0.008928851429047542
16247,0.0031115309652316237
16248,0.9407369734543082
16249,0.16366991236854794
16250,0.7584713144397249
16251,0.7519175415038645
16252,0.004461589545753807
16253,0.010682844816877948
16254,0.00360612338202303
16255,0.04401164984607138
16256,0.02699324956058815
16257,0.017656487041601197
16258,0.027971033306666514
16259,0.06583208803869442
16260,0.007908632029502916
16261,0.07711726261579752
16262,0.021051680759311298
16263,0.03135511629130964
16264,0.009123844813816829
16265,0.006189839996580567
16266,0.80507081767069
16267,0.008517402581957772
16268,0.07127141233951957
16269,0.017647348059227224
16270,0.11447487040911558
16271,0.008885979146480743
16272,0.2076165268084369
16273,0.06117907162549039
16274,0.1424373581493753
16275,0.02080437914540071
16276,0.20178848213515216
16277,0.9523871416443765
16278,0.027731841661426004
16279,0.3711921675038962
16280,0.002105420574148136
16281,0.5123387925982492
16282,0.018910630285255105
16283,0.005696198011761486
16284,0.12040188853896465
16285,0.0972139681061511
16286,0.01697424584516209
16287,0.021017287437036635
16288,0.2738275769118642
16289,0.01849130661146199
16290,0.0025025307606889318
16291,0.006374032497330346
16292,0.6620661191406343
16293,0.7522818236726464
16294,0.025341545984531724
16295,0.13810999827371068
16296,0.04384081951696223
16297,0.8561330712938118
16298,0.013704050585234499
16299,0.9327270820465168
16300,0.04682467024256662
16301,0.2260443858547037
16302,0.5470637806116335
16303,0.018777715440643022
16304,0.007222484345479446
16305,0.12329316255321636
16306,0.06019966086455583
16307,0.7940110454039493
16308,0.004712268162769747
16309,0.9882513238112425
16310,0.14861480235503863
16311,0.030405768152309283
16312,0.8176147344157141
16313,0.9877025175594377
16314,0.0017047360466803216
16315,0.8093927042289238
16316,0.9370535772306035
16317,0.009482676083203119
16318,0.0076835588172595335
16319,0.38014403457582047
16320,0.2886094427558303
16321,0.009772059998288568
16322,0.15068981463382447
16323,0.005400232153425756
16324,0.005310022524269212
16325,0.08634657715957003
16326,0.07620412057001807
16327,0.025007934061546618
16328,0.781315800997434
16329,0.042031621319294436
16330,0.07294484621651458
16331,0.0035493724712717155
16332,0.048847239631878495
16333,0.00569922326645607
16334,0.021592647289060296
16335,0.03419075925983286
16336,0.13950164125674688
16337,0.009254585437107072
16338,0.008965933752374344
16339,0.014077172377351599
16340,0.002446435888064455
16341,0.6144821683471413
16342,0.01385869579240017
16343,0.12677406573510502
16344,0.022427196981975414
16345,0.00534130031284444
16346,0.9027378062985421
16347,0.027491343568143898
16348,0.007285184214590294
16349,0.2934861298551752
16350,0.028918040131007107
16351,0.016198828676918825
16352,0.00522817539567887
16353,0.00807435260582269
16354,0.0976639439682446
16355,0.5898648803615375
16356,0.9863522483169792
16357,0.9876256260419121
16358,0.008689730195763381
16359,0.2091968407200188
16360,0.029227912084379346
16361,0.9427148888783158
16362,0.07887162482571007
16363,0.0028093770311881225
16364,0.008680094754304686
16365,0.4058039090414732
16366,0.5533262023062953
16367,0.0205547110183608
16368,0.8686506059283291
16369,0.15422281062147047
16370,0.24368996830909437
16371,0.028452987144158552
16372,0.009346427081417544
16373,0.16795287417301363
16374,0.046061417419925484
16375,0.0043593533498515365
16376,0.08028202970940318
16377,0.20174903101399125
16378,0.009927938859981104
16379,0.8063963621252841
16380,0.4183792390099195
16381,0.13157308009374236
16382,0.019674391184211937
16383,0.0027113333918246042
16384,0.06767936771028148
16385,0.056805902450848295
16386,0.7815483421051205
16387,0.012818994921759903
16388,0.015872122210307694
16389,0.9393607594311453
16390,0.4168980484606142
16391,0.31435280932631865
16392,0.01328727548082746
16393,0.0012637326257648074
16394,0.002384881982014313
16395,0.022718316349092472
16396,0.3245756320829219
16397,0.10293477295221891
16398,0.6539105873763953
16399,0.00435507314800468
16400,0.19463692286961315
16401,0.02044011580570146
16402,0.8057654082754596
16403,0.0031462417943921303
16404,0.0030268834851860855
16405,0.029286068146869272
16406,0.6845109471331383
16407,0.8293921159726367
16408,0.44936250282224177
16409,0.333862898512069
16410,0.09768858710677296
16411,0.0033376814266374726
16412,0.9687015080599716
16413,0.9858972827398605
16414,0.08396876396834838
16415,0.009385792624522375
16416,0.005796795326717834
16417,0.047082035411167455
16418,0.008613211492497858
16419,0.05007458859876613
16420,0.12833886343247894
16421,0.01835487980444487
16422,0.014930966375423349
16423,0.3321201623678177
16424,0.009028097561008178
16425,0.12128223950344053
16426,0.024125476870962566
16427,0.002458911381273739
16428,0.021826927481375564
16429,0.9216291480386921
16430,0.001804222546031376
16431,0.0380137762113779
16432,0.35061142958258923
16433,0.1372889722380879
16434,0.467534454714174
16435,0.0024451127655225513
16436,0.004246558958307834
16437,0.003284193836833326
16438,0.04223083834892688
16439,0.02465153097082967
16440,0.0036709545047714474
16441,0.005711537391794799
16442,0.10470167756368175
16443,0.0549228247550623
16444,0.21053995915811355
16445,0.14469703571685194
16446,0.053164988213479515
16447,0.05878158825412283
16448,0.026947278115297683
16449,0.004815391013587128
16450,0.02444764390061838
16451,0.008487314906598304
16452,0.6480892094966056
16453,0.06876209637160711
16454,0.1974756339562437
16455,0.05076832968765955
16456,0.018041810726379493
16457,0.1560008069569607
16458,0.032865160206293494
16459,0.005431331195999772
16460,0.005363157230220074
16461,0.027285380960497298
16462,0.0034757745315763472
16463,0.8660318303367639
16464,0.0036912623845631897
16465,0.008694781604732613
16466,0.14065302818388395
16467,0.012859254313226098
16468,0.16420743354593312
16469,0.0060933898524661925
16470,0.009684744474749579
16471,0.6040480362024764
16472,0.012218244196372737
16473,0.015300540254977046
16474,0.005719423688584703
16475,0.8997395893661747
16476,0.8833193289744211
16477,0.009384786419590457
16478,0.009630568589493245
16479,0.009200009677879376
16480,0.018881331751193026
16481,0.01759888058868681
16482,0.0016459518135943966
16483,0.6729308738861831
16484,0.06983041901816657
16485,0.0030938683521646213
16486,0.028149183964104377
16487,0.01215929022536544
16488,0.006888430999224883
16489,0.934757838205004
16490,0.05723491539392387
16491,0.008316496762306775
16492,0.5027058331726977
16493,0.0171500432600285
16494,0.5746721278802934
16495,0.027200476218465178
16496,0.012447235843419563
16497,0.04106420650323998
16498,0.2463452989743696
16499,0.02218178691578281
16500,0.033463265607781366
16501,0.01703202497047988
16502,0.40421720949732814
16503,0.013413825251233844
16504,0.023598308871152565
16505,0.007003257064899542
16506,0.03387561710227502
16507,0.008450252342045368
16508,0.11466555468892102
16509,0.033046631324530985
16510,0.9625085346355915
16511,0.06438876719503318
16512,0.0043037425463132275
16513,0.008633730628956102
16514,0.18426950121010047
16515,0.024662417449058692
16516,0.002678119176590029
16517,0.16238715131914708
16518,0.085898793630455
16519,0.004043890137155764
16520,0.03990840504829994
16521,0.023400124674033466
16522,0.018674400101811827
16523,0.6523777152255763
16524,0.03906179033457051
16525,0.39013494909638424
16526,0.03351326298616975
16527,0.0013174842369513848
16528,0.878415320670918
16529,0.29415920872538187
16530,0.0028362934402950827
16531,0.001864385822090745
16532,0.8072130267554284
16533,0.004690682999631863
16534,0.05821536842514593
16535,0.05227259190591866
16536,0.0931234974211004
16537,0.0018683902856503612
16538,0.014854151799631081
16539,0.40077010355422354
16540,0.4140494575556132
16541,0.005162579912231554
16542,0.028581466593673485
16543,0.31532510674091535
16544,0.31260063107200764
16545,0.1102223621293945
16546,0.005306720168683417
16547,0.30869494597616864
16548,0.6020288126760793
16549,0.02043464886715479
16550,0.10406731554506539
16551,0.011375755000028223
16552,0.02036322756865524
16553,0.02451474857216761
16554,0.013330196889957959
16555,0.02125021297015687
16556,0.602490138910833
16557,0.9224280458851974
16558,0.0177128580080828
16559,0.09737180763999355
16560,0.10161245063633312
16561,0.046194129446034876
16562,0.042920853089833885
16563,0.01729044427005907
16564,0.20800664780905498
16565,0.9809311296428317
16566,0.2790063510341838
16567,0.3681852582766071
16568,0.37374758415166365
16569,0.007477679112903406
16570,0.19787614376779353
16571,0.16042505364548956
16572,0.005404046798558655
16573,0.0014634368048594578
16574,0.648272522330562
16575,0.010877925925319314
16576,0.03512130756669725
16577,0.05714510704749804
16578,0.004559339815530762
16579,0.019498057574066082
16580,0.005228651295825008
16581,0.017115651539604048
16582,0.6252168916635853
16583,0.01178372818500965
16584,0.005122514591845584
16585,0.007177865836377927
16586,0.8516716830864587
16587,0.10812290540841636
16588,0.9436839276185117
16589,0.00395394772042944
16590,0.7343368462791839
16591,0.0020745124995079074
16592,0.9801497844613829
16593,0.13111187284453563
16594,0.839320819961238
16595,0.014396460726546276
16596,0.010586107399349048
16597,0.6731051293397077
16598,0.6577329994615921
16599,0.019730798398433055
16600,0.5361213771660892
16601,0.003804395827267169
16602,0.2857644717710541
16603,0.002286393915110681
16604,0.051942465707313396
16605,0.023804218625831288
16606,0.2510301831218608
16607,0.04926319345922463
16608,0.8926294159761475
16609,0.9271009526338099
16610,0.41621682764061857
16611,0.009376622614338234
16612,0.0030386581080330223
16613,0.00774540366923037
16614,0.36690727405488116
16615,0.02450839155740408
16616,0.13585466844597407
16617,0.03735808230739854
16618,0.0032943912378704987
16619,0.14523447266488185
16620,0.01667701256972593
16621,0.7589126957200582
16622,0.6609743548074409
16623,0.030382515861013426
16624,0.2697955968040048
16625,0.0120620500627102
16626,0.0026423233726913845
16627,0.028084791834750475
16628,0.00563325651186057
16629,0.020248247720618895
16630,0.05623984963843467
16631,0.8183569753246988
16632,0.017750429318263403
16633,0.4140672069469559
16634,0.003016996167513137
16635,0.8736046681481133
16636,0.038948660711763214
16637,0.008344410288451724
16638,0.16754930533572082
16639,0.018141388816712713
16640,0.5672583096402759
16641,0.013615784171561226
16642,0.006658204422144258
16643,0.040387382129391004
16644,0.030315518762788658
16645,0.051607994731813434
16646,0.026537972796760487
16647,0.03861210566377115
16648,0.02298358434791905
16649,0.09920039871589753
16650,0.0017254600716935333
16651,0.004590236701500845
16652,0.07456525713445966
16653,0.0037044169155728193
16654,0.004823190426829925
16655,0.003253382700245975
16656,0.735279019981639
16657,0.2773595182449902
16658,0.004208671836449322
16659,0.025545001545962016
16660,0.8256946756777036
16661,0.3222304945461809
16662,0.024167363307526026
16663,0.021788602359183167
16664,0.0015447906232703456
16665,0.05923019381855891
16666,0.019000281026797756
16667,0.009466884993381016
16668,0.5489363670723884
16669,0.003849979787500705
16670,0.006384709576052267
16671,0.0022615506506940383
16672,0.24638683045156914
16673,0.8399332736844102
16674,0.004067200843122557
16675,0.042399828918717894
16676,0.007015753530952239
16677,0.004357480337684619
16678,0.007203232682189653
16679,0.0022451220534684627
16680,0.005704338773274549
16681,0.01890707775239913
16682,0.4329298861474305
16683,0.047547619473534905
16684,0.00510743422808091
16685,0.04793279418701628
16686,0.6178036557530452
16687,0.005841232661123686
16688,0.46126049498510113
16689,0.16224756240227883
16690,0.9902794093240697
16691,0.18013538945472454
16692,0.00477037719574174
16693,0.4213105678010019
16694,0.011053039616968562
16695,0.003985482876202073
16696,0.0018640378425555128
16697,0.014387874364111751
16698,0.005578309088701022
16699,0.011971639380184406
16700,0.021286279276814663
16701,0.9270979731235992
16702,0.005828303462962295
16703,0.011857652746359772
16704,0.014701076594725089
16705,0.12737143606000534
16706,0.013964378182379151
16707,0.6259381155004854
16708,0.01238754098998831
16709,0.007412025526161928
16710,0.03365031339624385
16711,0.7427051425542576
16712,0.028876692164734093
16713,0.778703342022121
16714,0.06542486522247658
16715,0.256230783273282
16716,0.019605564276993052
16717,0.12515311529940445
16718,0.747645775625517
16719,0.6488067372760918
16720,0.0035923512331292144
16721,0.2878259697456404
16722,0.10653889728869731
16723,0.004790192848090738
16724,0.04034022113678245
16725,0.0053848932105842314
16726,0.005325386469265594
16727,0.8399046927196718
16728,0.33335406708742493
16729,0.02710390622996152
16730,0.005643067858769261
16731,0.005264185609006868
16732,0.9202006173576823
16733,0.027703404811385755
16734,0.042623626799025406
16735,0.067830731022817
16736,0.89976337317435
16737,0.016134665397461858
16738,0.009041022710175563
16739,0.9252484316722777
16740,0.003144240987188066
16741,0.007425170543324474
16742,0.5848451320069464
16743,0.01597233729412615
16744,0.0625735014448643
16745,0.0033597265192273676
16746,0.0027439196932449892
16747,0.0033195464185856757
16748,0.20509332529156526
16749,0.009639663224936033
16750,0.0020239950201265205
16751,0.055116471265825646
16752,0.07409942802281731
16753,0.0045880733821359
16754,0.025614283124202417
16755,0.021394742604108768
16756,0.04276393935943556
16757,0.00973211950712625
16758,0.004196409259379336
16759,0.05971462561185364
16760,0.004098875567909995
16761,0.00765644773375052
16762,0.011649760656896026
16763,0.09547592937380313
16764,0.7452785704885747
16765,0.003964181303378265
16766,0.06373011088766019
16767,0.048175520509951976
16768,0.298823165197141
16769,0.08299636692028459
16770,0.5466262520445955
16771,0.00788324034091195
16772,0.4027287217905279
16773,0.003190119783289372
16774,0.00357919397846803
16775,0.004854756180229547
16776,0.02219835778627513
16777,0.25850858388343756
16778,0.12843306819326553
16779,0.008095763298364037
16780,0.20545896681135856
16781,0.14063491010867024
16782,0.7235903431516616
16783,0.007608529131967715
16784,0.05635370543440079
16785,0.005067617923495124
16786,0.014349941081390412
16787,0.005286484558390946
16788,0.0216756357744229
16789,0.9275061492245275
16790,0.13299707087902937
16791,0.006732665295115694
16792,0.05326116649853039
16793,0.040038185356094276
16794,0.06115682893350139
16795,0.47840767225729514
16796,0.0167500953395373
16797,0.033826796947820606
16798,0.10441240120756864
16799,0.01169126323690183
16800,0.06034712899755846
16801,0.04215745870803926
16802,0.04046907606277128
16803,0.0023663475971211897
16804,0.11154827859836886
16805,0.0024909920047426603
16806,0.00356810165699559
16807,0.3547665348059376
16808,0.003310177951574921
16809,0.0018817728992772933
16810,0.014410039494489256
16811,0.002504989846437012
16812,0.08570318019752282
16813,0.1899646473199913
16814,0.03824792624362496
16815,0.11311208390450364
16816,0.02099513936035881
16817,0.026893027524083703
16818,0.783953247832203
16819,0.9976013988590969
16820,0.13118089774982142
16821,0.9428117112668093
16822,0.007813497721013649
16823,0.0058631243920737024
16824,0.9344928726124154
16825,0.016101963167002117
16826,0.010630926605285576
16827,0.002814415210781109
16828,0.0053725456818507515
16829,0.883309074254078
16830,0.21122293707084178
16831,0.9784183913047231
16832,0.8213180117876567
16833,0.9343174109634698
16834,0.011854382029140792
16835,0.04264411002707172
16836,0.09120800079914257
16837,0.33302345550890855
16838,0.2412034885226227
16839,0.5683071321236268
16840,0.9855293901694104
16841,0.00819949641778798
16842,0.3135890819744631
16843,0.22167105236884121
16844,0.9009012492841915
16845,0.03347503815092958
16846,0.7912548340050721
16847,0.5342705669498684
16848,0.5856493106179582
16849,0.05768371727560496
16850,0.9723319927190068
16851,0.027277845489892767
16852,0.0024904300251461374
16853,0.7062501151960815
16854,0.3424942102551138
16855,0.011734419174071926
16856,0.44954298632919176
16857,0.5542444969204554
16858,0.6262254669945663
16859,0.006891385989302612
16860,0.10543835548445503
16861,0.002534999460427152
16862,0.02806971331143641
16863,0.01644233426105796
16864,0.09038652912833256
16865,0.013129458841539814
16866,0.06036205298690527
16867,0.025929797610948675
16868,0.26092413768440226
16869,0.006913125276448322
16870,0.1702995028434293
16871,0.5513811802443561
16872,0.03168375754638043
16873,0.039989541774062234
16874,0.02684025991092312
16875,0.8910797681243635
16876,0.004983772264084684
16877,0.007089055670969731
16878,0.00519622651732344
16879,0.005110988211939822
16880,0.07993423159413757
16881,0.01428698673217493
16882,0.01105929460241223
16883,0.1885249161237331
16884,0.09745052318599383
16885,0.02498141859739283
16886,0.009656039216945871
16887,0.2751398849290329
16888,0.002525975627635998
16889,0.05597354719203024
16890,0.33884303777714
16891,0.003276858543798549
16892,0.025137185883002
16893,0.10402141590538275
16894,0.038066175138573986
16895,0.19403850897075844
16896,0.32999416892751526
16897,0.0325442441001812
16898,0.0973308304798617
16899,0.03182355400805463
16900,0.029624938651818505
16901,0.014711049055344759
16902,0.9778351485202167
16903,0.02741828555455887
16904,0.6329069527795339
16905,0.002283170462276383
16906,0.1079506003741858
16907,0.013312443692502294
16908,0.013255333821356104
16909,0.0017218754976710785
16910,0.0047958117218568404
16911,0.019644623096279137
16912,0.01261274614585384
16913,0.007783495311066645
16914,0.00756316773607319
16915,0.18712939635747722
16916,0.005007731414529903
16917,0.047873750352855196
16918,0.7690535238126336
16919,0.008222682310473182
16920,0.015158604211776762
16921,0.03889278990254205
16922,0.02998953696052722
16923,0.19583944538618953
16924,0.043213367289980195
16925,0.12942053004400142
16926,0.027805230726464826
16927,0.035048320864389124
16928,0.4742420594093577
16929,0.6201896301979231
16930,0.0018664123852155075
16931,0.8389391061886152
16932,0.2986267564729003
16933,0.014071761355944512
16934,0.0178466199788779
16935,0.010097864359413143
16936,0.6989798375416101
16937,0.01571506242823555
16938,0.004579090833384868
16939,0.01712373500738573
16940,0.3598643615659015
16941,0.0716065817403324
16942,0.12243665004093536
16943,0.9830414439230883
16944,0.02788727719368342
16945,0.005225259328497736
16946,0.04206303055787031
16947,0.035180643191963526
16948,0.02724491381591351
16949,0.9939682356738929
16950,0.15918651885351065
16951,0.9683465364529328
16952,0.009247264059522517
16953,0.020455608841450937
16954,0.04393063412906915
16955,0.005926087478324981
16956,0.07388490710739237
16957,0.3094974409122135
16958,0.029468667649057312
16959,0.0031302520056067135
16960,0.1285728717858091
16961,0.005208588520935424
16962,0.018592821667502615
16963,0.03711236130272259
16964,0.007711096431552063
16965,0.007123452366105461
16966,0.9679350048863039
16967,0.26651683140152044
16968,0.9394920544528399
16969,0.004095859283101747
16970,0.0047462147111465075
16971,0.6331825683289416
16972,0.9589519376825539
16973,0.4756250240462791
16974,0.08666312035294521
16975,0.002941756794631309
16976,0.030221373981383453
16977,0.09621387110269772
16978,0.27524036329036367
16979,0.00816031751113658
16980,0.5045983842671509
16981,0.8956790265641433
16982,0.9070902482334575
16983,0.9708706677982611
16984,0.027162873416229267
16985,0.008836610804381223
16986,0.0011446572072970817
16987,0.0036998881956306936
16988,0.0034466388359010005
16989,0.3841261954531419
16990,0.009293475647974576
16991,0.015722370700585242
16992,0.1974336509636568
16993,0.0018242480306881123
16994,0.06569468560788254
16995,0.010816690049983823
16996,0.0037495230476448744
16997,0.059865753471356295
16998,0.878854549737419
16999,0.021197917615218012
17000,0.009476974216860973
17001,0.015047226217928752
17002,0.017619723006729347
17003,0.6689437549253842
17004,0.06224745107436471
17005,0.20374962168782626
17006,0.08832764101885293
17007,0.40417464014724186
17008,0.022164057332921344
17009,0.7753817367545647
17010,0.05538394331608331
17011,0.0518730905798325
17012,0.019287386895887278
17013,0.006881775294574881
17014,0.48702797097771233
17015,0.7328396791103351
17016,0.009764907070458167
17017,0.07501252501128294
17018,0.011604577246533196
17019,0.006959898969818457
17020,0.028144962059771607
17021,0.029785667077866108
17022,0.08604713485670815
17023,0.9193547111674657
17024,0.007728459403837232
17025,0.009043134584241804
17026,0.0030486752385016722
17027,0.007160561094550389
17028,0.8519728890178685
17029,0.010191190437483934
17030,0.0018651184979142851
17031,0.0044629212360274215
17032,0.8313997777031893
17033,0.05385778353592799
17034,0.01438449184562565
17035,0.016126484251238523
17036,0.00539252553370369
17037,0.0071587181361052864
17038,0.049411249196845426
17039,0.010821098091515987
17040,0.01385331998571149
17041,0.005875907452764047
17042,0.9663772659555976
17043,0.09034095182069979
17044,0.021293013667242483
17045,0.10986405631422885
17046,0.7133609536810714
17047,0.011717061856823672
17048,0.10269252818047916
17049,0.03445554407710574
17050,0.05353688048532805
17051,0.873792179131735
17052,0.052494256817625755
17053,0.9008766614910273
17054,0.025906325618880927
17055,0.018260452702503174
17056,0.023549335447421257
17057,0.02105270010336064
17058,0.010487523122934241
17059,0.00920240191898265
17060,0.3018793587152048
17061,0.9603610352941542
17062,0.005180013519538053
17063,0.05379658663969448
17064,0.2968034496243235
17065,0.019031196939203552
17066,0.8937872337473246
17067,0.4931856767533163
17068,0.47012056462191004
17069,0.30391185247368424
17070,0.4720144717915236
17071,0.9452198532931917
17072,0.015932278304894815
17073,0.020071669357557453
17074,0.13531177142797257
17075,0.034565691720454615
17076,0.018435526229622797
17077,0.6042661877002673
17078,0.2983972510491054
17079,0.29289870880287233
17080,0.15969085647743303
17081,0.012199806321974219
17082,0.04657186189270342
17083,0.030640549298564787
17084,0.3420333425285846
17085,0.9458563436726322
17086,0.07998738594505293
17087,0.15956369682045127
17088,0.004018571860898609
17089,0.01490729329201749
17090,0.007347623289528252
17091,0.01173892935821952
17092,0.14824291310026905
17093,0.012180982572452164
17094,0.052979548386100875
17095,0.8374116779476092
17096,0.5060303082000839
17097,0.1819346364068284
17098,0.008216980968504347
17099,0.005022083983061253
17100,0.6735006428534682
17101,0.09157595217600636
17102,0.6693772437642722
17103,0.013030332517300704
17104,0.047274516156077494
17105,0.49565798813780604
17106,0.019676563759017385
17107,0.13585205834363737
17108,0.10023759893577083
17109,0.012937613564448771
17110,0.004538289757743734
17111,0.008848210916911221
17112,0.3277458318045372
17113,0.03272557029426155
17114,0.006889968985320329
17115,0.23558042226440273
17116,0.41699354213193207
17117,0.006477887482025684
17118,0.5790690465265927
17119,0.03237688893706355
17120,0.16535204094584124
17121,0.012642082922299144
17122,0.8969418518305354
17123,0.1662643918480204
17124,0.9740473396233122
17125,0.010094030866834289
17126,0.08314102972987616
17127,0.017447927014039806
17128,0.9474067038097095
17129,0.01470264422007949
17130,0.34671991113368383
17131,0.05245789041710504
17132,0.14676880218543592
17133,0.06665664872013864
17134,0.1044116779882755
17135,0.2032065921536041
17136,0.027953346385597048
17137,0.03012067630816273
17138,0.9885921795091513
17139,0.2359358914461514
17140,0.0065838322055259595
17141,0.35867250720798743
17142,0.08853054677876249
17143,0.39914886792734544
17144,0.0029613829308215056
17145,0.008165688890243505
17146,0.27591585387487033
17147,0.03835125272813258
17148,0.042296147777747164
17149,0.08310579776877233
17150,0.041921091414549694
17151,0.1287303299197039
17152,0.04195676820424337
17153,0.014888108313688059
17154,0.024042187345068713
17155,0.009611702878985199
17156,0.24818898188846933
17157,0.025243322964555698
17158,0.15699670590652165
17159,0.12513880988867218
17160,0.04183652612237711
17161,0.5099268417580043
17162,0.014039396762559275
17163,0.7568395923198369
17164,0.006142541484105777
17165,0.0023617211449322964
17166,0.12935526082997129
17167,0.016285815452655186
17168,0.029425354006593327
17169,0.4957028568006221
17170,0.013682313746214758
17171,0.013242673656290093
17172,0.05696300623444205
17173,0.07061339994117338
17174,0.03521154930721877
17175,0.4664017043401748
17176,0.06943672229246481
17177,0.31156164418538607
17178,0.035265533961011265
17179,0.41676547321029167
17180,0.013747443488649544
17181,0.16166788440117136
17182,0.07106357389569179
17183,0.08098704369393221
17184,0.15517296606276088
17185,0.005757976199401704
17186,0.00935878661794822
17187,0.021689364938711302
17188,0.49485287229918123
17189,0.012784071299010743
17190,0.04561134786386022
17191,0.059242699268513645
17192,0.0035204063902303686
17193,0.005532033514326573
17194,0.0061522863356624595
17195,0.01672156344226975
17196,0.006421583688272801
17197,0.006586307275398254
17198,0.27835757418205054
17199,0.9837966427584828
17200,0.1069485018934817
17201,0.18659355616569254
17202,0.188808341805129
17203,0.04710875972501145
17204,0.967766985181472
17205,0.021064554571030115
17206,0.009420035925064065
17207,0.30952318972210174
17208,0.010098983708155337
17209,0.024684112259776524
17210,0.012552250054546715
17211,0.005399880150302827
17212,0.05544132197996619
17213,0.200879764411006
17214,0.11798970905060419
17215,0.9626337212419301
17216,0.004086268860508062
17217,0.8342754186256945
17218,0.16130928239405767
17219,0.05377478860422153
17220,0.002994138969729488
17221,0.0348376242091534
17222,0.22920312532057668
17223,0.01875900590070822
17224,0.10692455457308692
17225,0.8195141722400388
17226,0.017395161898109496
17227,0.0027787221270379626
17228,0.03130450806841876
17229,0.4869145126525828
17230,0.011464533277009489
17231,0.004566397897453646
17232,0.01386016706044107
17233,0.023773262645562697
17234,0.017692882935689193
17235,0.049158319165258084
17236,0.013071832813050974
17237,0.010380943772588982
17238,0.2851057631310781
17239,0.05727255978340552
17240,0.0023566773186980837
17241,0.00406171901210186
17242,0.008773474530988081
17243,0.07108311334525179
17244,0.35700239280535323
17245,0.048676484482903425
17246,0.012428673403139674
17247,0.009502315897296222
17248,0.008830550612167188
17249,0.03095425803179423
17250,0.6714804944900762
17251,0.4645048867012213
17252,0.06711466658819462
17253,0.11799518675067355
17254,0.15041458091799542
17255,0.010040869963766543
17256,0.0250285461963824
17257,0.9521419399959684
17258,0.3999321118239094
17259,0.9365677676406923
17260,0.1892314270423648
17261,0.0808646657258441
17262,0.13311189810651264
17263,0.006948440170420618
17264,0.3870529919575369
17265,0.008926809658473037
17266,0.003528296023263091
17267,0.06136913499236541
17268,0.14675624575669702
17269,0.3349516736181964
17270,0.00767463424902674
17271,0.06440684318574491
17272,0.5051902262674846
17273,0.9331323773210891
17274,0.010814419729624061
17275,0.13171317696106935
17276,0.07699298751639039
17277,0.027780643487745803
17278,0.025123983881187178
17279,0.8882859755760669
17280,0.01687616597810176
17281,0.011841385818435793
17282,0.0314943905194381
17283,0.7276256440881165
17284,0.04540533181708258
17285,0.012833276207885677
17286,0.033753615488133486
17287,0.785060485674186
17288,0.0025315887529174397
17289,0.49995840271205333
17290,0.003463858485300889
17291,0.004111898528573398
17292,0.18070330814361651
17293,0.6643790158178459
17294,0.6380579107578422
17295,0.05293379735591336
17296,0.0017012279778118211
17297,0.053739710790677284
17298,0.03885633988279357
17299,0.19748842283010673
17300,0.026071306822589325
17301,0.8600074406374388
17302,0.017195533956394445
17303,0.2186535208103222
17304,0.10162580542323367
17305,0.007186254557560577
17306,0.19451483173287587
17307,0.07965019863809794
17308,0.0057373303504349
17309,0.9824908349820508
17310,0.1775581814038303
17311,0.12898248420433892
17312,0.8780324388410714
17313,0.9346562395677764
17314,0.028435617195849992
17315,0.5220372706358797
17316,0.22318525672795522
17317,0.0030486350426982846
17318,0.015748328989542173
17319,0.01570401084244495
17320,0.9819374050796887
17321,0.13341833187057375
17322,0.035092980518442195
17323,0.9639846530070588
17324,0.012890837739449936
17325,0.004381847787945087
17326,0.2073038653849818
17327,0.0039131874698304136
17328,0.3978836929424486
17329,0.004219862968210562
17330,0.011472135913148654
17331,0.039582268320350764
17332,0.1977881153300855
17333,0.16003630227601776
17334,0.15396207234089557
17335,0.06549322631698494
17336,0.03222979789134082
17337,0.1466409540677104
17338,0.008729834671811095
17339,0.03413046756685036
17340,0.08071188115696694
17341,0.07281231378051542
17342,0.42495044734503357
17343,0.010513869656458792
17344,0.9073635783618871
17345,0.09154653479829859
17346,0.15645740923696966
17347,0.9590735969517808
17348,0.4055038315287409
17349,0.00451973538590298
17350,0.01267182826478684
17351,0.03263476001748072
17352,0.04381553316915665
17353,0.009849456511794277
17354,0.09828364410398512
17355,0.3005980827230621
17356,0.7969468491666456
17357,0.04751757249788523
17358,0.004052488339460254
17359,0.0896588179354266
17360,0.06490349276487622
17361,0.11155844353893787
17362,0.27944435307623133
17363,0.9927929413766098
17364,0.02114850998101616
17365,0.012601727378673858
17366,0.009748627846024096
17367,0.04855106686004505
17368,0.018451805370097666
17369,0.008959943904895405
17370,0.0013572254367723291
17371,0.992797186795741
17372,0.020462191050449722
17373,0.005995476304593925
17374,0.002468557336178787
17375,0.0094128310474846
17376,0.6286784914860561
17377,0.9155108172357708
17378,0.09681848970528144
17379,0.9605359567650618
17380,0.014196300757835506
17381,0.0015705820211325632
17382,0.0059982639903720224
17383,0.09848877206836151
17384,0.008657966619839969
17385,0.6178528413368971
17386,0.0016800186219353976
17387,0.33884212970247124
17388,0.17555883146470608
17389,0.0059816991083893245
17390,0.8294451934921554
17391,0.8746189204730266
17392,0.11429573238830194
17393,0.31577132751641057
17394,0.8319023937634001
17395,0.12504979985534415
17396,0.15600130962157852
17397,0.04781188583062997
17398,0.9041336356941316
17399,0.018880479472427526
17400,0.05094503741669715
17401,0.0038400222508690575
17402,0.022143878237441416
17403,0.6239843933476328
17404,0.05976241570239484
17405,0.6579408509930302
17406,0.016007883416812262
17407,0.004940306939172448
17408,0.40066640590158215
17409,0.048025469348535035
17410,0.016222822306230986
17411,0.0047730376421301155
17412,0.3935757432530587
17413,0.04741208256162545
17414,0.09478949347665197
17415,0.15210444187146596
17416,0.003852134024372907
17417,0.06271774630055282
17418,0.7978306548728106
17419,0.23894805432914795
17420,0.008132493498265114
17421,0.7941782445992573
17422,0.021269479721828882
17423,0.01436033448262941
17424,0.3326639800874556
17425,0.009897265586599197
17426,0.10290535680793111
17427,0.0055521361686349585
17428,0.023490962373052603
17429,0.07908710271624823
17430,0.014629797279333124
17431,0.048158054383154826
17432,0.08172093981573206
17433,0.9827415413530705
17434,0.010688150697871268
17435,0.014273397429422602
17436,0.9033412716071038
17437,0.8608004773713365
17438,0.028983730096473856
17439,0.0028390094154016193
17440,0.03617258330550265
17441,0.0037615900497712075
17442,0.002489817320589159
17443,0.10007970890849657
17444,0.0042201191365861665
17445,0.004739527079153493
17446,0.9758966379157095
17447,0.005434228513667183
17448,0.009546227466296724
17449,0.7430101798849476
17450,0.012867998957799363
17451,0.010239232676858345
17452,0.058713533560239416
17453,0.09767797096534558
17454,0.7017177851481811
17455,0.13818334952193262
17456,0.01294124347196362
17457,0.01596512933150902
17458,0.007688700550984785
17459,0.10842849480007088
17460,0.03924891516175555
17461,0.11267285646987397
17462,0.7019621134456622
17463,0.01001551016940303
17464,0.7259304553096285
17465,0.0023951021052216145
17466,0.013506114613136732
17467,0.06121229932636261
17468,0.012441722828169723
17469,0.005894279019504609
17470,0.22369461725253476
17471,0.7589777119659936
17472,0.007800644426186003
17473,0.019249679791221327
17474,0.0068694016256905
17475,0.5011660119697599
17476,0.01563926807225678
17477,0.01492000677398944
17478,0.017030784566575134
17479,0.08329320264225727
17480,0.0055529414875656975
17481,0.004820436411866767
17482,0.022817564569735587
17483,0.4442317036265744
17484,0.10723477106484804
17485,0.007762594186748643
17486,0.11187618020297255
17487,0.0058794658862717925
17488,0.00203954701252443
17489,0.9823799949320441
17490,0.546346495058316
17491,0.022453091398109033
17492,0.018528821446370348
17493,0.002876647655945032
17494,0.0031900734204441715
17495,0.02683503199235019
17496,0.005164775251277531
17497,0.1313662869287717
17498,0.014103345453510347
17499,0.5073502965504577
17500,0.005722012369619497
17501,0.009360924995533424
17502,0.5120732739829296
17503,0.02027433311407723
17504,0.0043617447588390765
17505,0.9891315940227703
17506,0.010304244640691374
17507,0.39117251169972916
17508,0.7447718268987119
17509,0.0061985750862508255
17510,0.6240176026517408
17511,0.08275209393982448
17512,0.05820389574551366
17513,0.021533480661040664
17514,0.7283280740967553
17515,0.006675612107061518
17516,0.06508383100448696
17517,0.7048213301818369
17518,0.02661367689200546
17519,0.42160453930567376
17520,0.19178630808874897
17521,0.821184705467418
17522,0.007570483165981288
17523,0.04195963666657092
17524,0.0062544001978646485
17525,0.0533495296771124
17526,0.004792901285019186
17527,0.03147451731369911
17528,0.003804738227280624
17529,0.9743081868427419
17530,0.06312775500642447
17531,0.003947412571084421
17532,0.9837640124385424
17533,0.11318096461307252
17534,0.0724104658277032
17535,0.008212955060337012
17536,0.006645333062374099
17537,0.007971006252217045
17538,0.0025782849053646822
17539,0.0322245387348603
17540,0.6796524105185268
17541,0.43446154705204393
17542,0.029075465714252468
17543,0.037973743862860336
17544,0.0016994028040020809
17545,0.9480623721276027
17546,0.2705046381971361
17547,0.5189669085026938
17548,0.18663391841700944
17549,0.4144300019053344
17550,0.9892481785423458
17551,0.13551955206077884
17552,0.00903660725892457
17553,0.24906821150010502
17554,0.956299672503484
17555,0.06143542053951568
17556,0.03601844976718425
17557,0.03332165729523139
17558,0.06423478576596062
17559,0.1009695166759723
17560,0.11149492193006576
17561,0.0037036614406452677
17562,0.20966429604628506
17563,0.5702430887257488
17564,0.00516898971717562
17565,0.010722734829691079
17566,0.03398505810696474
17567,0.32224515342953763
17568,0.03795779443134163
17569,0.06651660972881226
17570,0.0076814933349079375
17571,0.003102941346443881
17572,0.007837414685446516
17573,0.017466854308459522
17574,0.12460699038601353
17575,0.7542165293968913
17576,0.049850960300954476
17577,0.2857587657210678
17578,0.8819084609492619
17579,0.006013518927065332
17580,0.7093214516715306
17581,0.39281604601751247
17582,0.011217364043656917
17583,0.0041834004717215085
17584,0.016856334012681013
17585,0.01786980844265282
17586,0.04282656514066562
17587,0.02437439071242253
17588,0.017980749325738607
17589,0.022598389936598903
17590,0.10024454990372228
17591,0.39618889875824365
17592,0.006541059519021254
17593,0.28376690046970965
17594,0.006863898778748274
17595,0.16796711361187966
17596,0.011771796449082134
17597,0.08301598922932503
17598,0.30804682614392503
17599,0.18437040186626635
17600,0.012121568511595104
17601,0.16539290505422458
17602,0.5969457185022733
17603,0.06401802433650494
17604,0.01455101412551507
17605,0.017755195420456504
17606,0.0027666461476684224
17607,0.005909201519948504
17608,0.14548332596798713
17609,0.9486824922663137
17610,0.013189551904012168
17611,0.1929039769146859
17612,0.008516672272551326
17613,0.1586755643104301
17614,0.012103414599323885
17615,0.18242750173036987
17616,0.12528383021117587
17617,0.1533920591114674
17618,0.02141538917828252
17619,0.9869522897398679
17620,0.0056601282010584324
17621,0.007034993514875493
17622,0.006146281767725603
17623,0.0015065513970203021
17624,0.010816271788749898
17625,0.9036309023761123
17626,0.07929271534464366
17627,0.951119703386103
17628,0.022681709855117613
17629,0.12446561321966622
17630,0.6609359637635696
17631,0.003757077534130739
17632,0.9057230019484301
17633,0.010565915387941894
17634,0.41373193113399936
17635,0.011663852586095416
17636,0.04599381464366404
17637,0.9705480316374293
17638,0.3327485861463673
17639,0.018912482630820626
17640,0.16255126279320817
17641,0.007439076179610875
17642,0.17548899959521508
17643,0.005552572749052664
17644,0.03870780820506003
17645,0.004547764888137725
17646,0.17815810419841016
17647,0.39971126107493765
17648,0.7651418056106314
17649,0.01765588670903154
17650,0.005316010140581236
17651,0.24045185887867468
17652,0.993083141538824
17653,0.015510367124695851
17654,0.10907382376282525
17655,0.1049133509548598
17656,0.02614320215543218
17657,0.0725047359892026
17658,0.026303054427663664
17659,0.8824785481820252
17660,0.02213151475966765
17661,0.048067904862013025
17662,0.05786124900165334
17663,0.06838462633332963
17664,0.11912039751467642
17665,0.01997198456255629
17666,0.03614662121657856
17667,0.12970993938098702
17668,0.016696746870084923
17669,0.0960017629196861
17670,0.004799510064305923
17671,0.0025017825440725883
17672,0.010661662272887524
17673,0.012056643758157374
17674,0.0017269683376527995
17675,0.16102867897202883
17676,0.8902587322241979
17677,0.018124431522360294
17678,0.013345474747100758
17679,0.002369861877773681
17680,0.017760192624970295
17681,0.23798105671717643
17682,0.6376999358875064
17683,0.056298697567326694
17684,0.9484789007806531
17685,0.030628192325981986
17686,0.09550969672362045
17687,0.038772470670059914
17688,0.005635302453631265
17689,0.010433817468260182
17690,0.002751856552768288
17691,0.015012891311935542
17692,0.055307255249191216
17693,0.16225125132723234
17694,0.005497780659907251
17695,0.8843432941726884
17696,0.1958189150206745
17697,0.00938513943968316
17698,0.30094398550699664
17699,0.002878526527788746
17700,0.01098578329915068
17701,0.0314227218516808
17702,0.07210472096537233
17703,0.700089783480196
17704,0.0022344941253979863
17705,0.004221833103376847
17706,0.986639409483285
17707,0.006711915632375417
17708,0.014027471415388973
17709,0.0049824038550616186
17710,0.0038274468202024303
17711,0.05592178526514549
17712,0.0328236123964453
17713,0.004026450901932168
17714,0.011889494486092519
17715,0.01630000636873751
17716,0.0022341546123121154
17717,0.19432639518993478
17718,0.10333154327296923
17719,0.1726893156322272
17720,0.8017200883203572
17721,0.27169025601638785
17722,0.002039637569597403
17723,0.0073645449116871865
17724,0.0785390080372952
17725,0.8764348090440611
17726,0.6352335012318205
17727,0.42348754778451314
17728,0.05379555866438775
17729,0.038055834273048324
17730,0.31343127665260867
17731,0.3907803125326618
17732,0.002564944618708035
17733,0.026187464615235145
17734,0.11205787231837339
17735,0.35754763607106155
17736,0.004768160735950891
17737,0.02458236696907447
17738,0.8023747978554694
17739,0.0015949083451027757
17740,0.1204137684395564
17741,0.02296305735406414
17742,0.10831450989389026
17743,0.01980140185227979
17744,0.029976743407604537
17745,0.003222916886395433
17746,0.11615851631154374
17747,0.3289553687591546
17748,0.09220985701968204
17749,0.004074810763702749
17750,0.009643768568441772
17751,0.00629640509352368
17752,0.08968050042554351
17753,0.5151236009124877
17754,0.0697243571442845
17755,0.0038093731225381164
17756,0.17258101424107214
17757,0.4174571214750719
17758,0.02182252195659132
17759,0.2289774430644746
17760,0.32323778110638873
17761,0.04983917211354657
17762,0.013962304916529573
17763,0.012184179947905695
17764,0.058468190888260795
17765,0.8625131905807777
17766,0.24038280972083384
17767,0.9757499921087315
17768,0.5985982769445384
17769,0.9887757991327132
17770,0.030583446179394538
17771,0.06512044355654646
17772,0.07279086027857834
17773,0.00691581701674742
17774,0.21620480868209765
17775,0.7197620240997203
17776,0.35437387150678135
17777,0.006407927366714875
17778,0.0031868033133516135
17779,0.6951510119149418
17780,0.0055197153027169675
17781,0.4910410539863127
17782,0.021214010300130745
17783,0.00455878246117514
17784,0.11375742679570554
17785,0.003843134179073824
17786,0.038696382399562204
17787,0.9055335967669306
17788,0.020915983319733048
17789,0.059678507889043525
17790,0.032976510278276513
17791,0.03132694404489373
17792,0.029827424589576528
17793,0.4725751046443394
17794,0.01993940574448821
17795,0.013473268416991244
17796,0.01427987077774949
17797,0.8837035309056573
17798,0.6923208928971357
17799,0.0073140274615005755
17800,0.07164807939599226
17801,0.098077353325854
17802,0.03346294284736583
17803,0.06721482691904741
17804,0.005047926632802054
17805,0.04681504780526885
17806,0.70579710932555
17807,0.019681739920016292
17808,0.0024207957890824
17809,0.7602774508137691
17810,0.004906466338163805
17811,0.9948659609068768
17812,0.009198896363728597
17813,0.01845077989497119
17814,0.0186528480039678
17815,0.16652851353834597
17816,0.18259681713654682
17817,0.004650443536639712
17818,0.004414037409215541
17819,0.254589164938267
17820,0.09069066237394932
17821,0.30588358153218437
17822,0.00140890394109238
17823,0.8324716640120843
17824,0.0033103737834267125
17825,0.10252808580445272
17826,0.02632578853937445
17827,0.05908517266718931
17828,0.006773741877222806
17829,0.007732506113435144
17830,0.3550278976898012
17831,0.12969742894607822
17832,0.003720282471437913
17833,0.7566006432985058
17834,0.004021053295067093
17835,0.8119650229186692
17836,0.02172725146101514
17837,0.2372639392377969
17838,0.8658292833997364
17839,0.13129398809681025
17840,0.0051885926491383825
17841,0.28755323578063313
17842,0.013763791052190064
17843,0.07244591987231598
17844,0.08409628152186055
17845,0.6386517772093485
17846,0.004336657068640068
17847,0.027395653502614137
17848,0.014680429880828134
17849,0.985049936744519
17850,0.3820393691865734
17851,0.025194347581857596
17852,0.0018902563957942937
17853,0.015031564735008157
17854,0.02265280261373502
17855,0.009025247665912247
17856,0.6882440223142368
17857,0.2001158052793797
17858,0.02986867494706764
17859,0.012643321269509813
17860,0.6312207767401407
17861,0.056334367099792795
17862,0.881132488580065
17863,0.02181745426237309
17864,0.024828147886743923
17865,0.9531054145429051
17866,0.02739161384813494
17867,0.8511117406523788
17868,0.007991674294692915
17869,0.0031567545705052024
17870,0.02611660866098891
17871,0.013291528955246793
17872,0.0038468323973720213
17873,0.016246798419093447
17874,0.2482819364480401
17875,0.0515922883384306
17876,0.19439071589279985
17877,0.413509034325892
17878,0.019922973224173492
17879,0.00972267860517416
17880,0.0023539484520328576
17881,0.017658410779976395
17882,0.04284112362727493
17883,0.06658060055211086
17884,0.05927336178757355
17885,0.3089238042727229
17886,0.04186009370687143
17887,0.013591019189399953
17888,0.7941944422195837
17889,0.9747667557927053
17890,0.017609449187546554
17891,0.0020395741840418115
17892,0.6934592284802665
17893,0.962405911775537
17894,0.30223874747885554
17895,0.20967110151410026
17896,0.2862712873144486
17897,0.2157040667124997
17898,0.31895335929418356
17899,0.006382335150572624
17900,0.012349024128903189
17901,0.023017201906802297
17902,0.028813826624592895
17903,0.004527402871663342
17904,0.17562229029292717
17905,0.9444709505939219
17906,0.0033075372645617086
17907,0.005936140423859252
17908,0.927649057226982
17909,0.01334035613973057
17910,0.07554116179353407
17911,0.33999741828936986
17912,0.7213609978496952
17913,0.00439295324069398
17914,0.6486011886283024
17915,0.018857747909372544
17916,0.01929170753781172
17917,0.029000425017087057
17918,0.0047394926569373835
17919,0.003908318050870794
17920,0.007691468751879507
17921,0.10188443870575487
17922,0.3321611435000794
17923,0.006880917772543248
17924,0.19223035408785508
17925,0.021415264660064215
17926,0.005182590730655821
17927,0.002154349743431051
17928,0.11647334494774902
17929,0.04217665220789634
17930,0.820641667769488
17931,0.3568845939409268
17932,0.671232437902484
17933,0.017246769100139295
17934,0.0037376309039000555
17935,0.29782113515564795
17936,0.003345561487862877
17937,0.5636018147792968
17938,0.017930145202966798
17939,0.05498330602209989
17940,0.08372496588646346
17941,0.135310785990466
17942,0.0061867234526448356
17943,0.07078374401171045
17944,0.9326635795219924
17945,0.5386224495316811
17946,0.008647039847967386
17947,0.17381551114737318
17948,0.3550442870987705
17949,0.0025033172391725977
17950,0.03820996216442911
17951,0.10457418846303812
17952,0.0016945693350534352
17953,0.8500503395061398
17954,0.09494546792985144
17955,0.010517741570656375
17956,0.0022510587143460886
17957,0.024346861668148027
17958,0.22676569909161418
17959,0.8699306914463402
17960,0.9942788044606357
17961,0.005328764253602298
17962,0.006299165176820844
17963,0.5641305906779825
17964,0.01317324351636505
17965,0.006519129797930806
17966,0.1232958890374398
17967,0.028922819555976798
17968,0.03536477986381928
17969,0.011997980529450211
17970,0.21075398587711505
17971,0.01583749359518374
17972,0.173869425915186
17973,0.044051340495905755
17974,0.014821923486547954
17975,0.03839349430158983
17976,0.02315905106456059
17977,0.0209236793311562
17978,0.010682576791699832
17979,0.023294625477953
17980,0.005413227759266563
17981,0.6490886105890232
17982,0.004906241469699058
17983,0.01085525399413079
17984,0.022383170367360077
17985,0.22141997799878865
17986,0.013222889885501379
17987,0.030250447012330702
17988,0.0195878636679634
17989,0.017977285131875114
17990,0.0028470442230533466
17991,0.0018836375227747266
17992,0.03879563518641077
17993,0.21476082353896184
17994,0.0025951249367601676
17995,0.019551669425999896
17996,0.09781208816780554
17997,0.059489056634881826
17998,0.0019995635470160832
17999,0.8621395509422513
18000,0.0032449479731043304
18001,0.9020899366964591
18002,0.13423474080722783
18003,0.023383468127484017
18004,0.006890291164213911
18005,0.15046707297887768
18006,0.09656332611048668
18007,0.003577577177516876
18008,0.09852327703263405
18009,0.010148825774872078
18010,0.08671484468565328
18011,0.009953371533969163
18012,0.01920068200741022
18013,0.10274418943580299
18014,0.028864131900406036
18015,0.016673659198061023
18016,0.02961952731373736
18017,0.004399847078952948
18018,0.06186757579717187
18019,0.1811674192772166
18020,0.002416527506215883
18021,0.6429055801275932
18022,0.11199183296846428
18023,0.1748765026392861
18024,0.9088636335137311
18025,0.014448169064290525
18026,0.267109966789976
18027,0.08319975169972624
18028,0.049506201479175886
18029,0.8962130186427575
18030,0.011179487005046222
18031,0.03763177255988585
18032,0.011743462231380772
18033,0.07933377870044589
18034,0.043631626730793766
18035,0.09920531093595354
18036,0.04957498860279711
18037,0.014486866367469993
18038,0.00382920679010532
18039,0.25398874844694863
18040,0.1884303271869345
18041,0.10176500167246137
18042,0.9117817039187585
18043,0.016044485515517175
18044,0.022544347321422402
18045,0.004988098141133346
18046,0.02121830219999985
18047,0.017091931091851344
18048,0.007917371092266678
18049,0.012448055090529883
18050,0.38556485310648364
18051,0.10184883020998374
18052,0.011949738715438656
18053,0.8847317018347627
18054,0.031319763429671583
18055,0.34151516586037073
18056,0.005849604942018311
18057,0.02224472244959151
18058,0.01178109280626888
18059,0.13903568239330233
18060,0.5257314737722372
18061,0.01444197315667233
18062,0.07102519542503523
18063,0.040425064022650614
18064,0.024091514739466486
18065,0.8738946243087827
18066,0.022540608106211498
18067,0.34905687868476865
18068,0.0030114714540335386
18069,0.009670403222450993
18070,0.14133792080075652
18071,0.03148533450693543
18072,0.84437924651087
18073,0.9428148030924639
18074,0.013833783315348076
18075,0.008905472138025781
18076,0.0034334220840413782
18077,0.017673367001445804
18078,0.007397306125553465
18079,0.026809970242033895
18080,0.0024392621090689186
18081,0.15842366215518566
18082,0.032241372333009666
18083,0.001295974349646781
18084,0.12804217659473235
18085,0.03788053214065278
18086,0.9796344583072074
18087,0.3651625138958541
18088,0.4886049216556026
18089,0.008249159944315809
18090,0.007693351412372451
18091,0.8905484473283283
18092,0.5774624387897298
18093,0.1544320211684735
18094,0.5480258410429738
18095,0.02501022459455377
18096,0.03891096702478959
18097,0.0012771364852831272
18098,0.0069730426816171425
18099,0.02746182780181809
18100,0.6480544334302093
18101,0.9412459372860787
18102,0.03969787219776754
18103,0.0978103180091817
18104,0.024629056698012474
18105,0.003206201316573366
18106,0.6591332088283972
18107,0.007788226686441139
18108,0.023737554039697926
18109,0.5768452720238104
18110,0.03822298240762797
18111,0.05658303098574005
18112,0.21767826285811692
18113,0.001773031240880328
18114,0.025199238834949803
18115,0.05673935101219442
18116,0.0031154983009673127
18117,0.010381334757706128
18118,0.010706992113057541
18119,0.018169354827180528
18120,0.006251733512585865
18121,0.012162925634145307
18122,0.010357369508294242
18123,0.013580961636656988
18124,0.1189895356276261
18125,0.02744540242190499
18126,0.07013838531234459
18127,0.5595792291072456
18128,0.004171312300329219
18129,0.0017164113086763932
18130,0.34133781108045635
18131,0.002233315794646623
18132,0.00908517573838374
18133,0.005893992247143228
18134,0.002506190510539132
18135,0.015026620411712944
18136,0.8957013745931015
18137,0.8894929887997035
18138,0.09037813691140203
18139,0.029746652830502426
18140,0.10564320917383582
18141,0.005296339169537008
18142,0.007040085863709431
18143,0.9778520371280832
18144,0.01774286876622125
18145,0.010114547680851278
18146,0.23678087820314894
18147,0.012412482003997494
18148,0.6219387754469761
18149,0.0072994448942772065
18150,0.006054646004576669
18151,0.04076037929273907
18152,0.006000752775548993
18153,0.004906674357099065
18154,0.017082702787349087
18155,0.7180304192816435
18156,0.004567556702230959
18157,0.24984723703546105
18158,0.9324387877272269
18159,0.03159531601040019
18160,0.7118753240113372
18161,0.058503864877956564
18162,0.06524445423498602
18163,0.007085768330040333
18164,0.2767036235424632
18165,0.07411091976444237
18166,0.0649546784847111
18167,0.8329148360820303
18168,0.5358809988453492
18169,0.02189612130436192
18170,0.9105712130538903
18171,0.9764168118841152
18172,0.034809456536059644
18173,0.011475955700127775
18174,0.06854826180537475
18175,0.01138292401057228
18176,0.9559693347073658
18177,0.6363354920658234
18178,0.12766536537420234
18179,0.12173060594937522
18180,0.9960697989579606
18181,0.4615575011228518
18182,0.00234213112621374
18183,0.11190270282540912
18184,0.016271361149700476
18185,0.30289534474852914
18186,0.0020388549151708958
18187,0.014451538645716244
18188,0.9218973183062816
18189,0.14201890161101205
18190,0.9878004400027149
18191,0.01127935309046035
18192,0.9556184762726357
18193,0.006955317481115344
18194,0.0038282417482314425
18195,0.9888447630739343
18196,0.004898299131877375
18197,0.00544316862867511
18198,0.8283296297819422
18199,0.021370556974109386
18200,0.22469725199490542
18201,0.5677344484016871
18202,0.29899645934756774
18203,0.41837935943924176
18204,0.030910728972950042
18205,0.015181507556814862
18206,0.09407647547354568
18207,0.10259940476328153
18208,0.015611074684671078
18209,0.009577676227230983
18210,0.03254248303864778
18211,0.17339279891749262
18212,0.0284226437988399
18213,0.30738207960621705
18214,0.9667820134686447
18215,0.01929813941418442
18216,0.32459210564955204
18217,0.5470677497119799
18218,0.0627068202100206
18219,0.011529512532769255
18220,0.6067102705177242
18221,0.42106597894519204
18222,0.008252692631656452
18223,0.3120026574831211
18224,0.8848069072722569
18225,0.013283428052489428
18226,0.7292066600833248
18227,0.011651504273737278
18228,0.006966788532060509
18229,0.33208730921792984
18230,0.0042246271619716695
18231,0.7600759384255018
18232,0.9503434276009439
18233,0.18388361946989418
18234,0.8719697875083555
18235,0.8080697357938821
18236,0.014548534705233292
18237,0.42263693007778147
18238,0.014746409833493885
18239,0.0641995135036196
18240,0.13941741688014117
18241,0.7573940865993396
18242,0.013233051379352555
18243,0.10684601220372035
18244,0.8690884580812763
18245,0.052428488803896375
18246,0.0692730777840403
18247,0.12713879853567947
18248,0.26665238461256124
18249,0.10196859927534938
18250,0.01092878406415043
18251,0.007614139842282849
18252,0.005109147708899065
18253,0.5303331157950956
18254,0.24839781457619392
18255,0.8512879983207472
18256,0.006061977247793759
18257,0.002033054845244165
18258,0.29291597576933553
18259,0.007835263470347959
18260,0.0061011505974217645
18261,0.004808451635730962
18262,0.019994935535329262
18263,0.12147237843480937
18264,0.011573711080112565
18265,0.2968696306980029
18266,0.36852497276080715
18267,0.5676369881315719
18268,0.00585412424279966
18269,0.9936316830312394
18270,0.10128453153468142
18271,0.027183911990645755
18272,0.30435348682834057
18273,0.0069905329619704476
18274,0.008326843612600018
18275,0.0048809758898553475
18276,0.5968730554953009
18277,0.02137502700700083
18278,0.006343830972728532
18279,0.008330259615858987
18280,0.020732915899318825
18281,0.050227696868621885
18282,0.013840691887413749
18283,0.16552721040126678
18284,0.04858221451488806
18285,0.005792041643367159
18286,0.11331508384026485
18287,0.02545962771939679
18288,0.013301188749897844
18289,0.5021978071154563
18290,0.007999387541305211
18291,0.0028147764981292797
18292,0.03512201211888588
18293,0.042357616376603624
18294,0.006290897161632503
18295,0.1989315982156713
18296,0.9212763538933533
18297,0.011411358231846922
18298,0.0332729165238526
18299,0.0768813393118571
18300,0.08887374063658163
18301,0.007771943285403176
18302,0.7434079456315721
18303,0.07321125687185565
18304,0.006863778131058753
18305,0.469244691468401
18306,0.06390006689037328
18307,0.014063737430173093
18308,0.9609222711618172
18309,0.019919651263222933
18310,0.07620743383628062
18311,0.12593539274638968
18312,0.00308494584152906
18313,0.03256233580759875
18314,0.01828202796876288
18315,0.0325407634707903
18316,0.04187458260310937
18317,0.07719912250174121
18318,0.005158185178939448
18319,0.00274878319916031
18320,0.05886089737390907
18321,0.22073874268975413
18322,0.637198563827701
18323,0.023397040823733388
18324,0.7657509998752295
18325,0.9711155259422448
18326,0.06717611686075371
18327,0.027136703045658482
18328,0.015535694008472418
18329,0.0708005904913729
18330,0.0299814883599891
18331,0.22353946813489603
18332,0.0067407399069965455
18333,0.05614962249056004
18334,0.002519244867247465
18335,0.029168617195576826
18336,0.0783056032287573
18337,0.8163943596058404
18338,0.016841927000092294
18339,0.009943433094490094
18340,0.06494412274020599
18341,0.029481677653984472
18342,0.06639611574291167
18343,0.015731639348690218
18344,0.9911699195662982
18345,0.8108828864535852
18346,0.015844793444813925
18347,0.007166430266722941
18348,0.012716827283272353
18349,0.032818717544757146
18350,0.6971003018755028
18351,0.004290697871240689
18352,0.0330274707743355
18353,0.04454820206267457
18354,0.009058973667984587
18355,0.004912317360892839
18356,0.04976948523500626
18357,0.82036824796639
18358,0.10391993309088308
18359,0.026658515534640204
18360,0.01454616867312354
18361,0.8610995370370019
18362,0.015905237916904232
18363,0.0047406923876600815
18364,0.834784645758713
18365,0.889607178288582
18366,0.5830820939104394
18367,0.004986469376206558
18368,0.004208127399431546
18369,0.058732507978041776
18370,0.10655218513928766
18371,0.8391632073173626
18372,0.010484680069545747
18373,0.06288522031921472
18374,0.011853062300993346
18375,0.14616424331061798
18376,0.16336839919915186
18377,0.00515615332154839
18378,0.1869571078643521
18379,0.009235091532094489
18380,0.453685091484055
18381,0.9797652979232893
18382,0.31700934525617724
18383,0.16731435068775283
18384,0.007669034672175078
18385,0.002918887053843289
18386,0.9106711657123405
18387,0.8598589471820228
18388,0.1386991989389392
18389,0.010345483512458363
18390,0.2599485153304523
18391,0.28205043829497783
18392,0.04614609205300142
18393,0.3788801926294942
18394,0.02549634154574418
18395,0.22616352039483126
18396,0.7812706003937145
18397,0.0033392926706538434
18398,0.9085868496593917
18399,0.23905752891147566
18400,0.08915023702795766
18401,0.0016762550672071493
18402,0.2200788990895903
18403,0.39902418725755323
18404,0.006200895048946874
18405,0.14199090414380292
18406,0.48821430646033304
18407,0.07194880744633492
18408,0.8606665892236078
18409,0.009926944052145618
18410,0.015845669673173354
18411,0.022074589529782272
18412,0.012596480617489305
18413,0.9055919202740578
18414,0.11446484526758877
18415,0.006571135718054626
18416,0.07998996554540506
18417,0.028879653479508455
18418,0.9789532160656014
18419,0.1984551689028424
18420,0.002531671650191445
18421,0.8547122748038343
18422,0.004556271556949376
18423,0.06821265539903262
18424,0.3216822538194927
18425,0.9773594499995143
18426,0.061383761867223635
18427,0.7635919820556728
18428,0.002326976233166332
18429,0.15697288720293184
18430,0.9339529167169225
18431,0.028895326790967374
18432,0.005290197268525161
18433,0.013341818408968694
18434,0.012233630306207978
18435,0.18850648513652074
18436,0.19458450834727864
18437,0.005683753121709105
18438,0.04504879887503171
18439,0.033391265656260494
18440,0.08981233752596945
18441,0.1411392632205865
18442,0.059652224440584684
18443,0.016194799251576977
18444,0.17139009884304796
18445,0.7359752565375557
18446,0.8812223176031646
18447,0.0035921502204933078
18448,0.7010590758966844
18449,0.018925156949838096
18450,0.07673408450823718
18451,0.0153345596845663
18452,0.8796147415398939
18453,0.011588593418601687
18454,0.9498990036390815
18455,0.4141959954665956
18456,0.04948048414153836
18457,0.0159325299060788
18458,0.9175280447580431
18459,0.6623425099418567
18460,0.10093851789927738
18461,0.3675867025692437
18462,0.08299327293149265
18463,0.016227560759594903
18464,0.0029256369819758775
18465,0.008883083798635373
18466,0.011207745652055819
18467,0.040987203266161815
18468,0.24066545786071286
18469,0.010639582249942704
18470,0.5338795730654934
18471,0.9388608738849152
18472,0.006352612148721265
18473,0.021138930929347575
18474,0.00367832088302816
18475,0.03293023064400845
18476,0.07690973293074012
18477,0.002753878014238233
18478,0.9531684078839422
18479,0.018172175825598654
18480,0.956726706758166
18481,0.014424880415963438
18482,0.8134247006386417
18483,0.015042056756587433
18484,0.05085667704443256
18485,0.9545051441835659
18486,0.03922139491772546
18487,0.017829221343117627
18488,0.9335047283319601
18489,0.012946512483603451
18490,0.0034009347962392434
18491,0.002569073934871997
18492,0.8608996283598803
18493,0.33783333684913974
18494,0.25291538505240396
18495,0.8824521550197475
18496,0.18346265328891065
18497,0.05159073660372375
18498,0.7631853788600664
18499,0.003307722851364981
18500,0.3353767925262008
18501,0.758816800073228
18502,0.032334251275290236
18503,0.006171627288054951
18504,0.012070132686290593
18505,0.03098960046171159
18506,0.029773711474132606
18507,0.027833477472344822
18508,0.006338780397538521
18509,0.0060208408628261555
18510,0.23791683532282015
18511,0.004963408301400999
18512,0.036739649857266105
18513,0.801243144803623
18514,0.0023411955643662494
18515,0.042663081135079335
18516,0.04058779562023871
18517,0.001484499512190046
18518,0.01138142976235999
18519,0.018021764591835444
18520,0.004684755023421719
18521,0.034298640983307344
18522,0.009532209389806947
18523,0.005978928455470094
18524,0.05727322892916211
18525,0.011642750078402994
18526,0.1150054928654799
18527,0.9691911290665994
18528,0.01344354693576019
18529,0.0023360835767137827
18530,0.0043309354292276605
18531,0.006767546188595755
18532,0.10317573625139488
18533,0.003842784890735248
18534,0.5241430071227574
18535,0.01958566422134578
18536,0.002831894276257094
18537,0.5722521930710265
18538,0.2495259442297702
18539,0.018138528131729913
18540,0.20328821892351046
18541,0.016365701936373142
18542,0.23037360287791717
18543,0.009332458591844955
18544,0.09924627602771297
18545,0.01426883919824519
18546,0.05828231972063619
18547,0.30727859289016884
18548,0.8485290063087494
18549,0.941070609296856
18550,0.9855443940125928
18551,0.07243271169609225
18552,0.8372327052061425
18553,0.5824765507353836
18554,0.06775864141705144
18555,0.11514992073120645
18556,0.0012222490537807502
18557,0.016869297193248065
18558,0.024311357526440387
18559,0.8190185784840662
18560,0.22593765201022306
18561,0.07777724092701502
18562,0.6039060178110086
18563,0.016676997469401513
18564,0.8557574562027623
18565,0.002650774564549724
18566,0.01951349375660016
18567,0.023818005663746766
18568,0.011030059703395843
18569,0.0057240682384063725
18570,0.34004665753476204
18571,0.01768385643885801
18572,0.0023796983770279657
18573,0.017054909981233744
18574,0.09846674474387757
18575,0.1408918283255124
18576,0.016470494126567568
18577,0.0766664659663851
18578,0.008947508230520288
18579,0.0664091822489831
18580,0.02830666707146934
18581,0.01748527502080488
18582,0.18872060925773845
18583,0.02503847341263455
18584,0.3801002154736564
18585,0.03754983799412143
18586,0.04227133232270309
18587,0.013353248763174978
18588,0.5331747311213626
18589,0.04375483948429088
18590,0.006797734595419231
18591,0.35148001930950007
18592,0.7281951941978476
18593,0.06325544792323777
18594,0.013808504783610648
18595,0.9611701226727837
18596,0.1621424795971225
18597,0.3629907795317857
18598,0.5275280674735155
18599,0.3387202448787651
18600,0.7285012943095495
18601,0.006582823314406567
18602,0.003318839970186449
18603,0.007722865980114136
18604,0.9004274438322695
18605,0.017372012698714072
18606,0.10902655497507244
18607,0.04440447708212944
18608,0.5861708173677055
18609,0.20363398716848727
18610,0.16542954134602034
18611,0.004661528163078232
18612,0.02195370782341734
18613,0.9600129348974482
18614,0.006391888469754956
18615,0.7255580257749416
18616,0.00458365364461404
18617,0.943046366040099
18618,0.07154314466571585
18619,0.003295315214166973
18620,0.02708355841785758
18621,0.0034490702671287833
18622,0.02424659830718735
18623,0.0836985968176502
18624,0.13604247937601374
18625,0.012856579372409404
18626,0.001968460433903955
18627,0.25338228889191905
18628,0.0025913254435361434
18629,0.0878832417639714
18630,0.06834324508591738
18631,0.5772373380215803
18632,0.018607808527462053
18633,0.007734443516552489
18634,0.6296198608879962
18635,0.004900996781084578
18636,0.3594759581379869
18637,0.3092670182432659
18638,0.011811261643352246
18639,0.09869983809919265
18640,0.16046662095918457
18641,0.015542552529531716
18642,0.5155863642659311
18643,0.027624555681477002
18644,0.005858601527280013
18645,0.008104535607192258
18646,0.12407018375854557
18647,0.00594897512702661
18648,0.03590192680466755
18649,0.004563642829273522
18650,0.06629583752094309
18651,0.02958411980070738
18652,0.011173427541966456
18653,0.003759179194112887
18654,0.11133367792399913
18655,0.016196901685425112
18656,0.04396905857129025
18657,0.006865144435475451
18658,0.0312787563622673
18659,0.16022481207434391
18660,0.006196413773068037
18661,0.005780503147311284
18662,0.0050483068762798835
18663,0.08315558087913637
18664,0.03360437574323518
18665,0.054833208095970545
18666,0.14615127589093999
18667,0.0213700623706224
18668,0.007503884894971609
18669,0.007289222211174179
18670,0.18735300383698417
18671,0.0074477207545143856
18672,0.9424063215187886
18673,0.5152097638851826
18674,0.005490331214687864
18675,0.5654270978304314
18676,0.01099115880373287
18677,0.003439055471995444
18678,0.018910422904943897
18679,0.04535673895461536
18680,0.4380951269086224
18681,0.19018207254957342
18682,0.11835543902513002
18683,0.04038455770342832
18684,0.9440706819459059
18685,0.004091682043769672
18686,0.1931013054476309
18687,0.9212463991765278
18688,0.018617029163538346
18689,0.11414853291613201
18690,0.0041044430751758084
18691,0.08803944063630742
18692,0.0570567867377563
18693,0.3405807459892684
18694,0.03848200087973234
18695,0.9956277335473211
18696,0.24107257389255535
18697,0.4189210476181258
18698,0.7300588942844318
18699,0.010537687439238348
18700,0.002175926381610489
18701,0.02310092055193135
18702,0.32206616817218003
18703,0.0022139383397143902
18704,0.5785192714452446
18705,0.13143119640726578
18706,0.023390239985205136
18707,0.16596300148569493
18708,0.01641282287732216
18709,0.8291053091680386
18710,0.05192738003608209
18711,0.0162981996152961
18712,0.060096296940775326
18713,0.007740530430710854
18714,0.19059549152782782
18715,0.0026323214637629915
18716,0.5274987207012005
18717,0.02642212269754498
18718,0.01325549534865465
18719,0.00350983819503554
18720,0.10527799501002456
18721,0.04590230111343922
18722,0.003410425725744374
18723,0.5395901081502014
18724,0.8048953052187839
18725,0.9424535265345364
18726,0.13761632102474877
18727,0.013311711803161054
18728,0.3007872665887952
18729,0.5134917429592911
18730,0.007039183549727903
18731,0.9370533292645292
18732,0.013507752798730968
18733,0.9745764527675904
18734,0.007082712868324359
18735,0.2673402891906759
18736,0.061349353932867855
18737,0.15658596466153168
18738,0.06174094766219908
18739,0.004855924367936164
18740,0.01224045195400876
18741,0.00330139732816799
18742,0.38130550876530894
18743,0.10702653286320285
18744,0.0012957985006125017
18745,0.01945211588573401
18746,0.10235129664963914
18747,0.2268833912837354
18748,0.9576846322378216
18749,0.33391590942563903
18750,0.008139636058636211
18751,0.08384783809102438
18752,0.003152854395213232
18753,0.3007272369289788
18754,0.0324017422080689
18755,0.002073654624209363
18756,0.19427387011100236
18757,0.011506426382401964
18758,0.10398420579935065
18759,0.5670516037381069
18760,0.006891762887105968
18761,0.029197002603105073
18762,0.17040534052414513
18763,0.8057840803697945
18764,0.007852466145071024
18765,0.03968702666449148
18766,0.08680198858131993
18767,0.10591516465693254
18768,0.05139155814161814
18769,0.007378742300251973
18770,0.0025623634701949674
18771,0.0043808470918723875
18772,0.040649541669002566
18773,0.02447254262995189
18774,0.08185307156245268
18775,0.0027500616993423907
18776,0.0020483693625713596
18777,0.011686339536118704
18778,0.012540635345216794
18779,0.0035420662498942936
18780,0.05171469839366588
18781,0.023684984461831128
18782,0.008185347581781365
18783,0.5132556166430446
18784,0.8535980509798003
18785,0.02915913590247047
18786,0.01133964814778985
18787,0.02189793347871675
18788,0.5596073917055188
18789,0.2824048256639438
18790,0.8756304055693461
18791,0.005063576775890588
18792,0.013204828482030737
18793,0.019263087376947943
18794,0.006858634610949654
18795,0.17591936428479454
18796,0.02863548122227184
18797,0.00795853886541292
18798,0.013524687183626063
18799,0.005955555690891252
18800,0.006362311743068796
18801,0.009343570982152216
18802,0.8179430247903484
18803,0.021852576451191805
18804,0.01283576475207246
18805,0.17734174967600294
18806,0.030693682204359158
18807,0.060627479908053346
18808,0.4388782432613709
18809,0.011399457175031439
18810,0.43216803015278715
18811,0.01810946776975203
18812,0.006312952961354756
18813,0.007401942103854048
18814,0.016431963386062783
18815,0.014675491635804562
18816,0.0328613415156703
18817,0.0049096609747998335
18818,0.06893458324252258
18819,0.016444353260873824
18820,0.2809823446159755
18821,0.5032669213276278
18822,0.025186509768141532
18823,0.13484983627673566
18824,0.9520651674709539
18825,0.01744149227245251
18826,0.4622495722188666
18827,0.7767831003636686
18828,0.014063785279701146
18829,0.0039796454327593435
18830,0.10357296933216638
18831,0.9419177877480699
18832,0.9221792546734295
18833,0.00612253215666641
18834,0.7019570918790962
18835,0.24099819635668798
18836,0.7168633680545862
18837,0.33593760895660413
18838,0.08659849737749765
18839,0.22334201431961775
18840,0.008021979837192359
18841,0.006468830595193093
18842,0.02540310370404558
18843,0.01127309494797269
18844,0.10892598824904659
18845,0.1199246221004875
18846,0.01236113817926763
18847,0.6158922633970609
18848,0.03844389825640166
18849,0.017549370593323933
18850,0.7362345457735887
18851,0.04032321930676653
18852,0.15953194083399413
18853,0.9967855049007893
18854,0.08188598069777264
18855,0.052479436880082816
18856,0.05953617569609656
18857,0.08690018351937767
18858,0.0033705780212807
18859,0.012654365160385503
18860,0.7915054843553881
18861,0.01030881104042009
18862,0.00580129100522208
18863,0.14288816173502134
18864,0.22982334737168045
18865,0.004712222487989551
18866,0.04245116493137235
18867,0.012912792950015808
18868,0.03525354473599097
18869,0.01710354497794881
18870,0.035297822038279796
18871,0.004924027906637303
18872,0.9103515480151422
18873,0.5359168192377572
18874,0.028466543138162083
18875,0.00845210874162131
18876,0.982264756678314
18877,0.0032733326442554475
18878,0.40715474411566455
18879,0.0957496770773947
18880,0.7629164022400812
18881,0.053395928777760907
18882,0.35611826720053036
18883,0.26698780666672467
18884,0.9720092394850917
18885,0.9491223658029012
18886,0.9700627998425679
18887,0.019703247755427696
18888,0.019365608754001954
18889,0.01229020771570042
18890,0.25965163061051805
18891,0.0019198878514446929
18892,0.002655919679211361
18893,0.013585819974356698
18894,0.0541848710850135
18895,0.5134950887817261
18896,0.7184264723745808
18897,0.02105272693038257
18898,0.006932185008683144
18899,0.072077761249415
18900,0.054338767047656444
18901,0.2314696913990918
18902,0.0031687805433032535
18903,0.041617388117099814
18904,0.02236868428903713
18905,0.02575147576424537
18906,0.05040685379429523
18907,0.0154516016258083
18908,0.0042927856477050705
18909,0.7998034659891197
18910,0.14271961579352882
18911,0.10573489289679533
18912,0.6926308441002553
18913,0.06068786462269839
18914,0.3384365850443383
18915,0.06300159787383185
18916,0.8875121365716881
18917,0.004911728754130506
18918,0.983606395851556
18919,0.3575336775220036
18920,0.1081065637628419
18921,0.1925017955260775
18922,0.3812054837541827
18923,0.880050356982917
18924,0.017586150014377838
18925,0.5469247938225277
18926,0.026657208040856948
18927,0.03366873162108789
18928,0.2304988836549356
18929,0.008416736901209854
18930,0.08926100060345722
18931,0.8946385476500177
18932,0.03876428933958322
18933,0.9316690856418804
18934,0.06883407284500793
18935,0.40534094913199487
18936,0.011137663802052776
18937,0.005892636057467344
18938,0.1478640087165224
18939,0.8025035956365514
18940,0.013600364918435144
18941,0.014900195007433755
18942,0.021471764827466953
18943,0.001261350402096957
18944,0.8617681164256793
18945,0.16618383362136407
18946,0.005728768612851035
18947,0.004423901341818079
18948,0.007607709379887497
18949,0.006256946996176709
18950,0.5106708897597638
18951,0.8699004820066284
18952,0.38270962406413456
18953,0.0031695881721072296
18954,0.0016522363009683332
18955,0.07278268389056908
18956,0.9633604910225674
18957,0.013032681428902917
18958,0.017155931588194555
18959,0.003141510725098842
18960,0.014713425565362556
18961,0.011960716267581838
18962,0.0100420993248375
18963,0.2256192472429742
18964,0.003986495438145135
18965,0.6259806437092958
18966,0.07547952205530216
18967,0.7231839444706665
18968,0.9665592764273393
18969,0.18312403937101202
18970,0.7043530107712417
18971,0.006932309699794831
18972,0.04086807929175255
18973,0.01699383584724793
18974,0.07697806134988393
18975,0.00868364169147337
18976,0.006309798371983636
18977,0.05227693542711495
18978,0.3679773661685242
18979,0.011767201253844107
18980,0.4333950438783031
18981,0.12134065842403532
18982,0.4260361911595042
18983,0.03796653786901413
18984,0.0067030154083867685
18985,0.01647987964081466
18986,0.9360948773032212
18987,0.0019211078651272008
18988,0.004634773586955362
18989,0.15346548488224176
18990,0.17389458687989165
18991,0.00727939086968815
18992,0.9358131073586479
18993,0.010733214745979373
18994,0.06119484004804018
18995,0.10161871531834804
18996,0.6433753106655598
18997,0.49033562969479355
18998,0.16866940891947305
18999,0.04886594367174833
19000,0.050703221136591425
19001,0.03435126745402019
19002,0.022298408037867434
19003,0.0021769324612281467
19004,0.9108874622694256
19005,0.15505057473939918
19006,0.2752957857282388
19007,0.0027662089211609574
19008,0.9558464008009953
19009,0.1823658088454667
19010,0.013524113686238251
19011,0.03380683156968852
19012,0.004059810430507617
19013,0.0042510206681674045
19014,0.7798012252641914
19015,0.042687216047813455
19016,0.1562873279698075
19017,0.04458679610531342
19018,0.007657483436789274
19019,0.011485667847650984
19020,0.04033851561271257
19021,0.03132530351214899
19022,0.005412578476467081
19023,0.029338636138323767
19024,0.60624254494857
19025,0.022887179000806272
19026,0.13904427931636976
19027,0.07783120252009863
19028,0.4350118935623349
19029,0.008640357204267885
19030,0.2429591851464976
19031,0.024435390438161828
19032,0.024235264513827064
19033,0.022973298803203895
19034,0.01303514078058127
19035,0.009792370061703715
19036,0.025995381539780937
19037,0.022067327865723886
19038,0.014601133534082052
19039,0.005746525562818711
19040,0.25437487126980096
19041,0.06426331655239273
19042,0.0035140772206722925
19043,0.009389067119647775
19044,0.03944263956563565
19045,0.9266014706881576
19046,0.005324717145273613
19047,0.697505501088044
19048,0.01452588965347265
19049,0.25957902253637577
19050,0.014152363964594294
19051,0.07896644748600413
19052,0.9858675162388578
19053,0.006848100697721063
19054,0.04834406438253003
19055,0.3067381216425948
19056,0.17127147140825086
19057,0.03517930476137103
19058,0.28606803060376873
19059,0.042835243239286
19060,0.05607131607010562
19061,0.002126962632240995
19062,0.0051703688927583116
19063,0.0033638326937664802
19064,0.10280072060636349
19065,0.03837336929397534
19066,0.7221595030678698
19067,0.022630335001607223
19068,0.015224449779687066
19069,0.028655730630400854
19070,0.0792008125908807
19071,0.756219887721328
19072,0.3495190385703678
19073,0.9276391514441642
19074,0.0015819313453523587
19075,0.44043438844364546
19076,0.1758316530790408
19077,0.27847092758637415
19078,0.009829587313685398
19079,0.3452302650593917
19080,0.0033761434399170046
19081,0.03940067889249489
19082,0.0051057553251742755
19083,0.7351818273520002
19084,0.011079060596599138
19085,0.009055458013291332
19086,0.9418845579826666
19087,0.4543574787777632
19088,0.09896992454399596
19089,0.060110030659621456
19090,0.2104894445480292
19091,0.43811862467880847
19092,0.9110263274336605
19093,0.06584698957591055
19094,0.01672594704914444
19095,0.10850542610720079
19096,0.00883599142780387
19097,0.030330742177282724
19098,0.8541131228896529
19099,0.019353926721030475
19100,0.7775981184386217
19101,0.5874220865365275
19102,0.006503346302308417
19103,0.008349513696586573
19104,0.010428416457737344
19105,0.01161251063091413
19106,0.028020205788620644
19107,0.2153735865486676
19108,0.03156736861966404
19109,0.06890563007554554
19110,0.10374282900893612
19111,0.21580366012588703
19112,0.00330950697574347
19113,0.026419008979030857
19114,0.021840981947180597
19115,0.0475501104576484
19116,0.07150218419341008
19117,0.18765730453434706
19118,0.011040608640819266
19119,0.07922109083579718
19120,0.007980283486384437
19121,0.021950264622649828
19122,0.006959987746232195
19123,0.018499065845115785
19124,0.016708736526687317
19125,0.014567585973781095
19126,0.14170842126976058
19127,0.003025428755672609
19128,0.011063945664385072
19129,0.0051730429741292175
19130,0.9136585740000389
19131,0.0667141400159623
19132,0.3472400052054357
19133,0.017087418386853414
19134,0.0016718868017755115
19135,0.8990980900578288
19136,0.4885359141536038
19137,0.0067034211919653214
19138,0.013072034129549194
19139,0.0023718808399290758
19140,0.02879522013293229
19141,0.11878592152354471
19142,0.8200413203504442
19143,0.1684230213151552
19144,0.21449761975007106
19145,0.0031748711587830897
19146,0.007151446502442348
19147,0.0036325292596201303
19148,0.28721758856100355
19149,0.04096638984672153
19150,0.0348356027203012
19151,0.004068889925208384
19152,0.7475245882726931
19153,0.9935174690804826
19154,0.12168557784691361
19155,0.061749164855384404
19156,0.17970042533271602
19157,0.17971771558220748
19158,0.00909986367621572
19159,0.12910637001341102
19160,0.9630811572711925
19161,0.4213332060157311
19162,0.03417594606136205
19163,0.01550716932315527
19164,0.07774025531161607
19165,0.00826062411754578
19166,0.0019452779819975686
19167,0.027930582510458733
19168,0.72433761946666
19169,0.09110156711921652
19170,0.7501954231496422
19171,0.04551897361232272
19172,0.2339310485517941
19173,0.05625424358126432
19174,0.010770163484328708
19175,0.010509835499401675
19176,0.012755915348495276
19177,0.02993636904558972
19178,0.006499286109460222
19179,0.050945309504529024
19180,0.033346851734938635
19181,0.12298324779636713
19182,0.5510863195138547
19183,0.06670344109895142
19184,0.09459121944063488
19185,0.004441187125190676
19186,0.026888657474609078
19187,0.3216941666098181
19188,0.36966792273943444
19189,0.006815937667168321
19190,0.032845963207564714
19191,0.19730227371950762
19192,0.6120022957473712
19193,0.038958755694082435
19194,0.14377979819110767
19195,0.02433063244383697
19196,0.9505994244910342
19197,0.02810779377083359
19198,0.11357161689834827
19199,0.9844980042607
19200,0.8415407992641246
19201,0.18735627800299995
19202,0.8028383480558273
19203,0.012268581474598146
19204,0.011565383716552776
19205,0.07626208780426451
19206,0.010237621542031476
19207,0.9357931076263823
19208,0.004060847523450925
19209,0.8116207183226412
19210,0.8922660437126811
19211,0.6142450936078434
19212,0.9909428575990522
19213,0.016556102409871386
19214,0.05538652462871492
19215,0.5195545707026765
19216,0.012048337472597488
19217,0.012005875282588278
19218,0.23211563963386136
19219,0.004789972560992031
19220,0.2442995905986643
19221,0.05857897546638267
19222,0.06362628621492342
19223,0.0046614446308038
19224,0.33481410278080614
19225,0.4392100144372977
19226,0.5520695098609956
19227,0.16264003067621707
19228,0.015967509842844178
19229,0.02000950682627013
19230,0.21707889432973612
19231,0.02255063340286173
19232,0.019777677620788258
19233,0.004445211783519889
19234,0.023966027901946296
19235,0.003157015462325807
19236,0.022928135286069146
19237,0.1406641866671665
19238,0.017373559712541557
19239,0.004143086285818818
19240,0.002858179008370691
19241,0.017975409761481924
19242,0.002769367576401906
19243,0.9635332297258736
19244,0.008333727759130412
19245,0.17607886787344804
19246,0.004906210041630672
19247,0.7165837568788854
19248,0.004971180094831322
19249,0.0019922352350028095
19250,0.13512509955296365
19251,0.006112118176240185
19252,0.010102378539736365
19253,0.0016241137206343713
19254,0.011077312904013797
19255,0.027791002638492608
19256,0.030663086664036523
19257,0.029155737639728778
19258,0.9597076962857151
19259,0.9514019231177333
19260,0.942152358108566
19261,0.03929422280681327
19262,0.009523131010852615
19263,0.0036600538077223056
19264,0.32355769018513486
19265,0.028419642154453226
19266,0.030828721840860458
19267,0.004476565770801639
19268,0.4485337042323438
19269,0.03826879683508764
19270,0.040207357380098285
19271,0.0882544218939888
19272,0.45502335416177503
19273,0.0025683701651153888
19274,0.0010376036498557085
19275,0.18977021640738284
19276,0.06495287535671171
19277,0.0063907312162615245
19278,0.3826508239958085
19279,0.009947728244837485
19280,0.026285907045350755
19281,0.010372284718489206
19282,0.0024240938286239915
19283,0.011160970687004496
19284,0.007730299023948386
19285,0.6632761852698774
19286,0.0064232713286990996
19287,0.03552125947529256
19288,0.05712918741111245
19289,0.02082908537125629
19290,0.12274005918122355
19291,0.05650444732786206
19292,0.6307396037740542
19293,0.8223429119899213
19294,0.0021712360746525454
19295,0.0016262755334736792
19296,0.03628266882273261
19297,0.04094686554087416
19298,0.9585152675177863
19299,0.010605099651739057
19300,0.012002791907811783
19301,0.11733764030385732
19302,0.3867974713756995
19303,0.11208200722576833
19304,0.7821943121073699
19305,0.2982196030257375
19306,0.03349198989878419
19307,0.03126878007805997
19308,0.18098687475889358
19309,0.4113607533393179
19310,0.003007185403135818
19311,0.12925227274333798
19312,0.20485794255964596
19313,0.06856754839446984
19314,0.6421553596445413
19315,0.029327381621232412
19316,0.22656491265548573
19317,0.15992247790815908
19318,0.2290465136753367
19319,0.3605377955390036
19320,0.003359548949417592
19321,0.18081822122657365
19322,0.17326171932884368
19323,0.5152863410988868
19324,0.0020299618400663275
19325,0.3417538835930979
19326,0.5866573062243982
19327,0.009482054694797272
19328,0.012501091378466663
19329,0.008357550870501437
19330,0.0029081524866217882
19331,0.9503577365263358
19332,0.02045766132713303
19333,0.043373060473801336
19334,0.013993361999485351
19335,0.005239464530309075
19336,0.10158407011019194
19337,0.9411639163722193
19338,0.4211202624388218
19339,0.0022820766346919098
19340,0.13674519040848562
19341,0.20473776032451177
19342,0.015851282918650733
19343,0.02380322754604715
19344,0.05068321777881713
19345,0.08099976556100137
19346,0.0026980251650321517
19347,0.019549516312860282
19348,0.03639646742020118
19349,0.8131088446866509
19350,0.025678240801223676
19351,0.03554164053937568
19352,0.5815565758749623
19353,0.11797827448591186
19354,0.06204216191658071
19355,0.03672084607369493
19356,0.02718585929609179
19357,0.024240415156914004
19358,0.10666275572684943
19359,0.27391220583534753
19360,0.2231691286081048
19361,0.007452874602649932
19362,0.5398313602706302
19363,0.03865573813768678
19364,0.19612503188930916
19365,0.41338570930113483
19366,0.00450407841730599
19367,0.7802899125701845
19368,0.6280309745866333
19369,0.0337657024169462
19370,0.0042206287635100015
19371,0.7160655533781491
19372,0.006147119598514311
19373,0.008462790274924348
19374,0.009346450849691705
19375,0.01091571178600529
19376,0.003930889295693546
19377,0.850166562251498
19378,0.20276733458169507
19379,0.003735896906723304
19380,0.0018378612294217228
19381,0.0066751575598230145
19382,0.046887419741359994
19383,0.012633819137097177
19384,0.005768119611991303
19385,0.02257530011864329
19386,0.056979476446796476
19387,0.004388532618350131
19388,0.49765775724755823
19389,0.9912036025143283
19390,0.5713247700223457
19391,0.7299003615896688
19392,0.009697889771731394
19393,0.010015133279525445
19394,0.06504516901106898
19395,0.040867745097687896
19396,0.01009586158359471
19397,0.7960125588890775
19398,0.264138088041054
19399,0.003479371281765384
19400,0.5438175646204173
19401,0.14715403360222168
19402,0.00795828124427689
19403,0.1760452531694015
19404,0.012128184274120312
19405,0.0018103553551943002
19406,0.3026741181237832
19407,0.3320214237753735
19408,0.034015978996353495
19409,0.013256684496620475
19410,0.004094835957427027
19411,0.0016534124350971401
19412,0.010312728865359198
19413,0.0027864167720772146
19414,0.5816859775964256
19415,0.020163901197002062
19416,0.30341737113148864
19417,0.9926665974704088
19418,0.029399576978924563
19419,0.06823774105635626
19420,0.06799402174583849
19421,0.7435612863617713
19422,0.11139219138358436
19423,0.11776815137421107
19424,0.7563052541987324
19425,0.003023427645796573
19426,0.005315345090443587
19427,0.05304016683502225
19428,0.011215441934256434
19429,0.09409112133462655
19430,0.004908786262704493
19431,0.04223315732367044
19432,0.007003411453504269
19433,0.028170392862698717
19434,0.6956629325707593
19435,0.05745672115597383
19436,0.002088162863314308
19437,0.9602076566498132
19438,0.00901418204125471
19439,0.6014606455490614
19440,0.12066161458933575
19441,0.033367764659790404
19442,0.30589300663810826
19443,0.008016201566411144
19444,0.004167281999028532
19445,0.05798987456843233
19446,0.005115976647355494
19447,0.011808798627261523
19448,0.1812063892007913
19449,0.001453932103872746
19450,0.02277749071280759
19451,0.4097200864190542
19452,0.010466914526554828
19453,0.02978058404695761
19454,0.7207368302560865
19455,0.17691133970230047
19456,0.5779524452267469
19457,0.1364811580893381
19458,0.06999883284575083
19459,0.007652367815652367
19460,0.9774678635325844
19461,0.021329623304399553
19462,0.010641377163578684
19463,0.015420210431583306
19464,0.14007882475950276
19465,0.16784324515590612
19466,0.026833061184521265
19467,0.03073243022793381
19468,0.9341357764965288
19469,0.0035597646836159477
19470,0.025634833882863754
19471,0.49773679319872394
19472,0.9082231189373751
19473,0.019679208934132157
19474,0.034810723214908974
19475,0.15929490314302658
19476,0.003813862578716603
19477,0.8874955182679282
19478,0.2641663218620271
19479,0.002311017586289628
19480,0.0986915791605796
19481,0.4255156621774733
19482,0.3151975470742809
19483,0.0035055341229466284
19484,0.008447281568754012
19485,0.002091799007063664
19486,0.9165534252160207
19487,0.24077103104100395
19488,0.1044639847055716
19489,0.30504934128817396
19490,0.0028761393698357282
19491,0.12419832697618914
19492,0.06649272953676452
19493,0.46896108005712506
19494,0.24457049166296466
19495,0.02886330634294011
19496,0.42047315430327836
19497,0.041529650677745646
19498,0.05699250940168041
19499,0.039095454619032056
19500,0.808240620757042
19501,0.0064971663230856316
19502,0.9473163473952092
19503,0.6460931661948465
19504,0.9771403657941464
19505,0.10378840347414803
19506,0.1591608503926675
19507,0.7640782798141434
19508,0.18923121237579565
19509,0.007979473564030688
19510,0.015698979424964524
19511,0.0457557690247985
19512,0.08909585112049878
19513,0.014670939525780653
19514,0.004665406980375869
19515,0.6330895596098315
19516,0.5455721797617825
19517,0.15755772726209213
19518,0.03010995758109888
19519,0.004570212080494312
19520,0.003052673540595424
19521,0.05657999814324764
19522,0.8650359565128379
19523,0.37142485935026054
19524,0.2563939136908971
19525,0.021879119389067107
19526,0.004186887031296931
19527,0.22176010664363885
19528,0.7575067152133305
19529,0.01544900791116181
19530,0.8514020137987145
19531,0.009890093763922329
19532,0.1898217116629883
19533,0.03439275860144614
19534,0.1389871885380575
19535,0.0337080533168429
19536,0.09342763176457064
19537,0.009376190078705085
19538,0.1792632752544061
19539,0.8273330561719761
19540,0.6495024232248627
19541,0.00796357559684237
19542,0.009168589055787208
19543,0.005849189884541845
19544,0.8545115194190224
19545,0.8387620295356496
19546,0.7214016530163647
19547,0.007050540456796948
19548,0.003944348268901179
19549,0.007283437379231206
19550,0.31005611502762404
19551,0.07767688797553325
19552,0.017426444557666985
19553,0.005827643999051788
19554,0.056821032660261526
19555,0.01061330022072045
19556,0.00824442400854828
19557,0.9760766963770116
19558,0.0046975740577493855
19559,0.021278708852893815
19560,0.006472082453576892
19561,0.9608006662368223
19562,0.08730991940470997
19563,0.07711075746477966
19564,0.02154014921139998
19565,0.09280547477747329
19566,0.49210803201549896
19567,0.9375904063425696
19568,0.014566808278824783
19569,0.1215604935223075
19570,0.01962601889388029
19571,0.017042401724531506
19572,0.042663666256317276
19573,0.017690046616823395
19574,0.0030294782259108048
19575,0.2235135759248956
19576,0.8598657653604853
19577,0.005982926711077942
19578,0.0035447631753719043
19579,0.10175622743791866
19580,0.01615938214488803
19581,0.30531774081344004
19582,0.09555697158493222
19583,0.002430922411397561
19584,0.04937154499465552
19585,0.004718818631622198
19586,0.2574286582090525
19587,0.08087360906193346
19588,0.04732209702065666
19589,0.05558363591553541
19590,0.19457535938507753
19591,0.24144747466100291
19592,0.04296161922550314
19593,0.9727674182376248
19594,0.04295673792197444
19595,0.0910465743778562
19596,0.21920234096574429
19597,0.05187429073063295
19598,0.007191775621637281
19599,0.02127831464112369
19600,0.01850835493366631
19601,0.8764041282384559
19602,0.8827700333373517
19603,0.9430501744689055
19604,0.013798435180410058
19605,0.2190257069391782
19606,0.1315019563921853
19607,0.039826378516806656
19608,0.029064792157078193
19609,0.015152689265142506
19610,0.3847414525745006
19611,0.6367482697142351
19612,0.26106091963355854
19613,0.006043383260780403
19614,0.05575086000208511
19615,0.009445983637513642
19616,0.03012275070498295
19617,0.005539017329005791
19618,0.308069096166068
19619,0.08966604786614366
19620,0.02887286675529681
19621,0.012815153398261711
19622,0.955788866803693
19623,0.003974128101367599
19624,0.4156737890351484
19625,0.018429852330960558
19626,0.6784630232514991
19627,0.009474323964919318
19628,0.4156251121484948
19629,0.00724773584367911
19630,0.10459142472148661
19631,0.898431731825604
19632,0.38941987399866895
19633,0.06094554298282302
19634,0.03923150917540582
19635,0.06656873645017677
19636,0.09507782715438219
19637,0.8773626669636203
19638,0.01101766678978297
19639,0.005593827972126984
19640,0.044588991376884164
19641,0.004995883409421483
19642,0.028862016604607587
19643,0.004415290517856207
19644,0.004614682633141628
19645,0.09668317788306754
19646,0.12264089065485748
19647,0.012732735627164883
19648,0.03450286886788436
19649,0.12674835892517752
19650,0.0055704652801870065
19651,0.004251927941280665
19652,0.09511144104865919
19653,0.02820715175376523
19654,0.9255420221703563
19655,0.014367035926940403
19656,0.08627943462128146
19657,0.025043144794674285
19658,0.9603938266904974
19659,0.003609765486698029
19660,0.20700807635743174
19661,0.16148919337280246
19662,0.2508579527388148
19663,0.008935106643691286
19664,0.9209777260308116
19665,0.009787567224539502
19666,0.03993229843045632
19667,0.060429161428525266
19668,0.006499168525981344
19669,0.002725257484811212
19670,0.23952165895204897
19671,0.31847234856963824
19672,0.030293775455066774
19673,0.03362116089453519
19674,0.21316398322461083
19675,0.4567068185015908
19676,0.026913844189828427
19677,0.002011525102484415
19678,0.0027336273655327475
19679,0.09602464856859849
19680,0.008841902351166109
19681,0.8436467082358511
19682,0.992214316380614
19683,0.06621350697351937
19684,0.06042837924544337
19685,0.6830836651410864
19686,0.0060319378667017635
19687,0.24054343783488902
19688,0.002766063036074695
19689,0.1405452305320346
19690,0.5879712342653364
19691,0.02288052074921596
19692,0.9317810496839369
19693,0.012749117056040425
19694,0.011773287363784416
19695,0.040215331496976994
19696,0.004745443289832551
19697,0.31866031960463614
19698,0.024944763223257997
19699,0.38894179556445335
19700,0.002953571971225
19701,0.002910305606961449
19702,0.8172856770101131
19703,0.010030705550198813
19704,0.04346626860579127
19705,0.11962772780640221
19706,0.5373744354180894
19707,0.002669852662901046
19708,0.010196058494580924
19709,0.0039557044791556665
19710,0.012502621129614068
19711,0.970729439753945
19712,0.07264229357451348
19713,0.005917203626225308
19714,0.41375113640670164
19715,0.08101011495704312
19716,0.004573682949957142
19717,0.12451177379649545
19718,0.007385070068959235
19719,0.008778419118106454
19720,0.1862285895339039
19721,0.003644220456951759
19722,0.6593590483925708
19723,0.9638358959971857
19724,0.002103361050472544
19725,0.26157945407502625
19726,0.003461908198731237
19727,0.03783894325676697
19728,0.10061241077338236
19729,0.05631102099754313
19730,0.030184534765129126
19731,0.24659259399495076
19732,0.2110040262512425
19733,0.007890307601000892
19734,0.13138072423876715
19735,0.023294788209206538
19736,0.03551821581765987
19737,0.9767398969366373
19738,0.8832211816338693
19739,0.42407345846671163
19740,0.006899824331232836
19741,0.01210783539841038
19742,0.07070126727943003
19743,0.6070416918119179
19744,0.00404831611537879
19745,0.018424206449770386
19746,0.02050150251791344
19747,0.05412443133096625
19748,0.035839975755701525
19749,0.0016392650220758212
19750,0.029048756562241165
19751,0.43108348408972297
19752,0.06287827181231107
19753,0.0022633298874282213
19754,0.12618571237363582
19755,0.005122308318937684
19756,0.016836380944458346
19757,0.031766987440193954
19758,0.7751329842155685
19759,0.4738813959672151
19760,0.03111846700882374
19761,0.0014672171846873555
19762,0.0034547971940569553
19763,0.008066772505784187
19764,0.8302095762589071
19765,0.027588143967743686
19766,0.6773685345616065
19767,0.17919861224666872
19768,0.995086707660407
19769,0.01643020344780869
19770,0.01213341822119126
19771,0.00379283345876934
19772,0.0037064529058250016
19773,0.20000427377968705
19774,0.9852513483975031
19775,0.024658277314731972
19776,0.0016640050888831615
19777,0.27786388328690664
19778,0.195637069090361
19779,0.07044236885716817
19780,0.01532787634002207
19781,0.22577471566136376
19782,0.019104237876191383
19783,0.015222846587625958
19784,0.09219434199973256
19785,0.025584768992748894
19786,0.0026541698860810554
19787,0.004584297647715848
19788,0.05150329010923348
19789,0.008592630143771741
19790,0.8916418606362563
19791,0.448545503001396
19792,0.011030371202155671
19793,0.2790066856348645
19794,0.8777263753685042
19795,0.002833286491624546
19796,0.05577388762111254
19797,0.18615100756467007
19798,0.005497967440749032
19799,0.977772442923301
19800,0.005117215906620146
19801,0.08507402985696902
19802,0.009730528227884668
19803,0.31378750882491585
19804,0.9027043718337557
19805,0.1039486874254974
19806,0.003687371382205777
19807,0.11869556294386407
19808,0.0590630631945238
19809,0.007438106115263774
19810,0.022357419949659348
19811,0.011430566635916451
19812,0.01782839088416616
19813,0.013058000531080107
19814,0.06515918643794842
19815,0.04499558566595848
19816,0.048933831220613115
19817,0.011861897688699887
19818,0.06366062167699514
19819,0.00482762852559166
19820,0.05417366139292426
19821,0.008598311272310482
19822,0.00258742347908866
19823,0.06475036328115823
19824,0.03259683678271078
19825,0.06219036392387914
19826,0.1042246091381203
19827,0.2787660154474811
19828,0.2304163769842927
19829,0.6951515170692808
19830,0.019637301246286952
19831,0.011536503497638875
19832,0.14321575462509684
19833,0.5999123845637834
19834,0.009159941248866888
19835,0.514672861021635
19836,0.0299372283269769
19837,0.0040977116098707255
19838,0.017868565965684848
19839,0.10112977591535507
19840,0.13164891866003176
19841,0.31708651738891225
19842,0.016926451000063982
19843,0.20787804381059172
19844,0.05517577819544116
19845,0.32550911945455646
19846,0.00608490540292068
19847,0.04043430574287786
19848,0.11826092091651635
19849,0.029326386696202984
19850,0.007993797314792795
19851,0.008769437620413073
19852,0.12221864913385846
19853,0.034450612415319166
19854,0.958749840804407
19855,0.0776979473883182
19856,0.20880751275172213
19857,0.6246602160163769
19858,0.26424988024746965
19859,0.8289584533759204
19860,0.5570896878787166
19861,0.9962932012806086
19862,0.057795348201230036
19863,0.2263868497694469
19864,0.05121506841089798
19865,0.06365229169101491
19866,0.11491570618711949
19867,0.019060751736244257
19868,0.028842516643337875
19869,0.01749238423608361
19870,0.12786241727079142
19871,0.16019877104989014
19872,0.024923748548975125
19873,0.1893649791140312
19874,0.005853232163094906
19875,0.12425046596423318
19876,0.002728328086531426
19877,0.03593581341646463
19878,0.0026328958710307216
19879,0.009800291470022978
19880,0.0542417285759454
19881,0.042201218277255856
19882,0.005494519467272891
19883,0.045696620098835926
19884,0.17067900147633644
19885,0.9762046166058709
19886,0.055205671707776814
19887,0.010443119716763084
19888,0.9742353029058701
19889,0.312947069585325
19890,0.049720324780647855
19891,0.2534095233978201
19892,0.07288733545477862
19893,0.05646021863559375
19894,0.010021569013625529
19895,0.6197933328174793
19896,0.0051563694844821775
19897,0.6589871401444279
19898,0.0559524500961449
19899,0.05639810866169243
19900,0.08433313297020038
19901,0.29997297022990504
19902,0.025790487783782026
19903,0.06721215694176944
19904,0.010684077676690787
19905,0.009147634202051697
19906,0.17905498939087594
19907,0.024414641441431816
19908,0.005307591566190779
19909,0.06855081229697463
19910,0.7315252989212122
19911,0.2669084872058635
19912,0.007961375443661158
19913,0.015913455069879904
19914,0.02955158611737487
19915,0.37535333062249665
19916,0.002621150691522562
19917,0.012932939752731121
19918,0.0023777522576349484
19919,0.026617031660409105
19920,0.027201804226472608
19921,0.08962575543898871
19922,0.40737919111168586
19923,0.04444847724394359
19924,0.25715422874787824
19925,0.09076430317415263
19926,0.306007180010526
19927,0.40569477228840295
19928,0.028765575296164518
19929,0.25367193755847867
19930,0.024421867734019446
19931,0.009919064597307521
19932,0.17427575558730624
19933,0.0026575105874763324
19934,0.03398627643223416
19935,0.015925495916197407
19936,0.003153267366725909
19937,0.15468217222183053
19938,0.026727580941364064
19939,0.016440958452459204
19940,0.004048806006921909
19941,0.02968236961790391
19942,0.009804103171407412
19943,0.0020265170224792978
19944,0.019015890566251848
19945,0.03146073389634673
19946,0.030048845509394455
19947,0.008488373829352391
19948,0.23015719251830288
19949,0.007415907949342303
19950,0.0661302502015552
19951,0.30011511307968264
19952,0.04430785928338714
19953,0.49400414261404896
19954,0.0198895593973356
19955,0.012662499416187948
19956,0.32002485474285486
19957,0.0075290805702818465
19958,0.00868938713615576
19959,0.07167151798532351
19960,0.057688509263916304
19961,0.01744272210390076
19962,0.014361090899124478
19963,0.00660530861652922
19964,0.004941950542375014
19965,0.004960533588718878
19966,0.2451268732837662
19967,0.2774318195516979
19968,0.815251460769111
19969,0.5577961442529221
19970,0.30779797249099866
19971,0.006915223139488477
19972,0.008910699531157933
19973,0.890862652741743
19974,0.0037085868263516254
19975,0.9657138113165264
19976,0.07226044311027087
19977,0.0102428690177686
19978,0.009690981077554242
19979,0.8380275636910747
19980,0.28028205217524294
19981,0.027987254257682326
19982,0.043869913056625146
19983,0.5867675374359699
19984,0.5826710915189428
19985,0.13783455052540267
19986,0.006160261983458517
19987,0.9878993166542733
19988,0.004294110914519003
19989,0.01136595400632595
19990,0.13045893734876302
19991,0.010335477231558707
19992,0.9568387179935142
19993,0.10204153821518662
19994,0.21468664156951575
19995,0.08710846083762838
19996,0.040099392488328514
19997,0.007010933436020079
19998,0.005670661746210218
19999,0.008143862055001058
20000,0.03514211669555587
20001,0.006546484427233757
20002,0.046303069182777476
20003,0.10068767788056343
20004,0.09719980967040062
20005,0.39133427300683327
20006,0.9640383419396245
20007,0.2067795862362093
20008,0.4975600715491176
20009,0.010505750145458043
20010,0.00557887072491987
20011,0.04490963973201779
20012,0.00805409048624312
20013,0.055969062580025375
20014,0.13446227039577655
20015,0.036433928138329914
20016,0.010181607413951287
20017,0.016111645898134457
20018,0.003263123133689758
20019,0.02143302566234943
20020,0.03077226296331679
20021,0.019831819208279772
20022,0.23805359796413092
20023,0.07586633216827722
20024,0.04873370248684143
20025,0.005188765031917706
20026,0.049442720501109656
20027,0.9714894625909678
20028,0.0057021552889233214
20029,0.5858373361214538
20030,0.04248519425550355
20031,0.002964373816159109
20032,0.14849762516667497
20033,0.2771936133679052
20034,0.01010062779474395
20035,0.18479784571783928
20036,0.007318166462861402
20037,0.336866623305784
20038,0.9932880572125845
20039,0.4199352572815181
20040,0.006949071261724002
20041,0.006371906735208454
20042,0.01035693781261101
20043,0.03846988667145196
20044,0.0050908751129690325
20045,0.25751388291658855
20046,0.9680015509814134
20047,0.9973207991335411
20048,0.0021681308442916504
20049,0.8934654962948247
20050,0.08923364494104442
20051,0.024886757021716627
20052,0.016700887242748
20053,0.9860119663341077
20054,0.006283357693811668
20055,0.20353974037939612
20056,0.003987687362618135
20057,0.057141100264667094
20058,0.23372481581934698
20059,0.09734152328271793
20060,0.04601891047779447
20061,0.007348107164228668
20062,0.082486962228406
20063,0.0012400917677198168
20064,0.01351115969915804
20065,0.5373278224523457
20066,0.3435320445022054
20067,0.054067592725666525
20068,0.15540561626535732
20069,0.6202988543958858
20070,0.01082997901191149
20071,0.022746390560888678
20072,0.3545181782261405
20073,0.10853705902909798
20074,0.00697364049181549
20075,0.032681829354531095
20076,0.3020742370991518
20077,0.053823311619531404
20078,0.06967950700226945
20079,0.009981748178552395
20080,0.3858917907494068
20081,0.8269659075414121
20082,0.072486258483593
20083,0.1523002965639455
20084,0.9650346078688076
20085,0.020670092115174465
20086,0.005471882258108804
20087,0.03856348206569548
20088,0.1439672125367312
20089,0.01163642838899737
20090,0.22967394495163512
20091,0.2595211977787434
20092,0.01364730244618315
20093,0.2760656067595131
20094,0.08870258531101917
20095,0.637943285456316
20096,0.7644545504839356
20097,0.4418858682679934
20098,0.002247834741153265
20099,0.009181996656319198
20100,0.8461566278939117
20101,0.3124388784233885
20102,0.08601406231814167
20103,0.03650030253096737
20104,0.785652684993466
20105,0.016999438257618415
20106,0.10454245095633377
20107,0.7125061552499158
20108,0.009196589701998189
20109,0.9813816964600518
20110,0.5514935135597188
20111,0.019076296110704927
20112,0.028671504131314952
20113,0.008364813447965908
20114,0.9541629160476335
20115,0.9582335406816828
20116,0.38110794003436843
20117,0.0019995380215385226
20118,0.0014101982337983193
20119,0.056285627834365026
20120,0.01856387207775299
20121,0.0037821379645525304
20122,0.2569578910505773
20123,0.10270089981727652
20124,0.17242082677346998
20125,0.08198229425154639
20126,0.05686494742788245
20127,0.03508526548832032
20128,0.990866249349074
20129,0.20547000700652465
20130,0.46324533048642913
20131,0.012552738563489403
20132,0.03484830210920258
20133,0.0018678052015756081
20134,0.03404126732882378
20135,0.7808560866228057
20136,0.004920585309130724
20137,0.003631739118537959
20138,0.98932224323631
20139,0.009438164008059458
20140,0.2891386288172493
20141,0.0021152894911875735
20142,0.05190117303400549
20143,0.020505530716506244
20144,0.03388182694460074
20145,0.0071832445591213994
20146,0.020294622938150104
20147,0.1254217685727755
20148,0.0027318424480148695
20149,0.39240343635403024
20150,0.043167627068190384
20151,0.990199875757404
20152,0.007257445942561485
20153,0.19433879168606483
20154,0.004490104613641851
20155,0.015808779504579956
20156,0.0015314459733855367
20157,0.16698137677584854
20158,0.009398947527923713
20159,0.16216282518878006
20160,0.9738835261550961
20161,0.03276941081881736
20162,0.003830366146034155
20163,0.02691617293602062
20164,0.23029110019409538
20165,0.022887318721755177
20166,0.004613487017686795
20167,0.6032378338416022
20168,0.0016809534242067455
20169,0.0027859177342487323
20170,0.019117070864138556
20171,0.8166145260297819
20172,0.6257878291065406
20173,0.976497976755737
20174,0.036798235888023716
20175,0.7974541614618319
20176,0.04746492605710717
20177,0.009617648063468013
20178,0.009058428583631966
20179,0.01884663644671622
20180,0.005187821998902294
20181,0.013318642332883887
20182,0.093813809245927
20183,0.00400932712688197
20184,0.9620416336853298
20185,0.40934343035048615
20186,0.019081207846347294
20187,0.00256465099379617
20188,0.20666904101127004
20189,0.20655837679980774
20190,0.8571503967605645
20191,0.006543850642147165
20192,0.8586731351527039
20193,0.06099645785480991
20194,0.01534202067082438
20195,0.7786430803313981
20196,0.004688925144197174
20197,0.01414429466123193
20198,0.0060345203998906334
20199,0.026472858017092857
20200,0.004979202347064667
20201,0.3751821634016725
20202,0.007449105825605195
20203,0.21505215533283412
20204,0.05891014076887632
20205,0.0018097405041145908
20206,0.032737277248738685
20207,0.9715860349586969
20208,0.014086985872480943
20209,0.008767760548803854
20210,0.004999145466293523
20211,0.02096529085266665
20212,0.8952393290885543
20213,0.010207560640854173
20214,0.3310888374162924
20215,0.252996799542332
20216,0.015021410356352311
20217,0.012034496045218439
20218,0.09308205178774133
20219,0.9762160533219363
20220,0.0877004971004245
20221,0.7141079798487172
20222,0.007187369516553619
20223,0.03527058321842172
20224,0.06709645983597827
20225,0.04238825325453163
20226,0.004713218367040612
20227,0.6523511823542045
20228,0.859878468586943
20229,0.2746811527474034
20230,0.007559085787714618
20231,0.753161001713228
20232,0.18027927398172497
20233,0.013345637695667305
20234,0.004499960746588054
20235,0.01838140964476677
20236,0.7704903598224612
20237,0.686223637518263
20238,0.04970375218753939
20239,0.0034844065874784606
20240,0.0015539827277570085
20241,0.010583226592640962
20242,0.007604352940658462
20243,0.004542292312807672
20244,0.006892562031317197
20245,0.1728773187817949
20246,0.9495704419311712
20247,0.02064527539708012
20248,0.01454220691158474
20249,0.5696330139466514
20250,0.032581480572895914
20251,0.01931889863577044
20252,0.011258083328008766
20253,0.005487884868749647
20254,0.025184544777855877
20255,0.15082982657757152
20256,0.8975663461261914
20257,0.9418880038492576
20258,0.21126254975174205
20259,0.3745725654017936
20260,0.00506219066018017
20261,0.4943625715344523
20262,0.030777840441260276
20263,0.9216573528977932
20264,0.15967121997294192
20265,0.37079552416203215
20266,0.9329762224875903
20267,0.5252933666414304
20268,0.09146222369344238
20269,0.09336936082358023
20270,0.024758661203192728
20271,0.17046271225503182
20272,0.009536594633518735
20273,0.054326635448098085
20274,0.03783579302919937
20275,0.0019297573226895696
20276,0.535767511541281
20277,0.845362673084435
20278,0.06708276016772408
20279,0.5647069666420826
20280,0.003785380932078461
20281,0.043442235677912285
20282,0.03030299499625719
20283,0.7123848624727617
20284,0.006850663223871303
20285,0.4859053655381707
20286,0.006122663200329682
20287,0.007470694198755652
20288,0.014969050584043965
20289,0.9415796960769917
20290,0.001405779706940413
20291,0.0050572661284689156
20292,0.9346811977356888
20293,0.8536324012185453
20294,0.008824821284659072
20295,0.08560621741563466
20296,0.2636497115135326
20297,0.02579698029859039
20298,0.011330650953269369
20299,0.893485481437907
20300,0.16739462280922116
20301,0.010749957783517249
20302,0.9595360104882411
20303,0.003976524089165205
20304,0.13116740521158246
20305,0.002482561950016898
20306,0.0016533313687521888
20307,0.07977526736842633
20308,0.14049249794175006
20309,0.10450349070701731
20310,0.039966498981179745
20311,0.01707416590631244
20312,0.011208059973341537
20313,0.010457894405912887
20314,0.7740022823146934
20315,0.9834365048782071
20316,0.03449971451362496
20317,0.002007281242862464
20318,0.07469135232322624
20319,0.8953614910856614
20320,0.9498054999127504
20321,0.04298504710664921
20322,0.25413291901478374
20323,0.0036240696256469715
20324,0.8863483125075384
20325,0.0031952845195633815
20326,0.09689519604444016
20327,0.04520052433258942
20328,0.03096036334000798
20329,0.19153798655479656
20330,0.7699163202467674
20331,0.5225275835583894
20332,0.5216381015450747
20333,0.2696746163009905
20334,0.9372661016756262
20335,0.8067414970360701
20336,0.022280524279582978
20337,0.004710213399388516
20338,0.36673533758991284
20339,0.8276258622213163
20340,0.010406972541823127
20341,0.13619323442929737
20342,0.012797781748694143
20343,0.5813262311844243
20344,0.0035737806362429723
20345,0.7239991412000405
20346,0.1663829316676732
20347,0.03794167216493337
20348,0.6090610725312724
20349,0.010398964818782667
20350,0.015509845231018884
20351,0.13744583247774034
20352,0.054490668466909586
20353,0.0057532128036973836
20354,0.291001747186727
20355,0.025152036327383526
20356,0.0057128757035057685
20357,0.5098899065867611
20358,0.027942075396129112
20359,0.07512724671227766
20360,0.15652289036859515
20361,0.019036131843841855
20362,0.0074292922992970625
20363,0.005673784267095689
20364,0.9269577401788852
20365,0.004094911195460737
20366,0.013800127339193008
20367,0.01854813790285987
20368,0.010966564219068184
20369,0.010147706098864194
20370,0.11639096209165467
20371,0.031156108351079816
20372,0.021859169048415283
20373,0.057679290925852465
20374,0.0030096142555605682
20375,0.03308675139258634
20376,0.03250595049477648
20377,0.3802987838156395
20378,0.0019439323831348199
20379,0.25842027255395533
20380,0.00434640251293805
20381,0.7508616392683373
20382,0.010844429528194085
20383,0.9615753607429024
20384,0.016838579481017104
20385,0.003484095327132631
20386,0.004476194141608489
20387,0.052887876840663074
20388,0.030746777061722772
20389,0.10554783827873011
20390,0.5295375496638102
20391,0.5460140367459871
20392,0.07879061798736413
20393,0.06672393711222792
20394,0.9801766948728678
20395,0.014653492161461088
20396,0.10118946940819393
20397,0.0017086368858108382
20398,0.9428035849916065
20399,0.017296715951659724
20400,0.07676055083046712
20401,0.7731203608846303
20402,0.8218821204600039
20403,0.007263571613610574
20404,0.0022252622246572433
20405,0.005986623697712882
20406,0.01656405546154025
20407,0.25553442408713
20408,0.5502005067339479
20409,0.588303747622216
20410,0.8352950473022125
20411,0.07737478074304732
20412,0.006014942164787497
20413,0.06562157221623588
20414,0.9677326545641451
20415,0.9217942499248017
20416,0.012107029232191677
20417,0.02299743027934302
20418,0.011666876189396878
20419,0.019832642496280847
20420,0.014262132717906738
20421,0.4483398012859659
20422,0.0054180746188095515
20423,0.058387362079153356
20424,0.1729892932132309
20425,0.007252223249273931
20426,0.9314492263551742
20427,0.0035110987749947193
20428,0.9809963193749017
20429,0.07783201876434107
20430,0.002731798355091405
20431,0.007229195307131599
20432,0.04700063148931047
20433,0.021397783323545284
20434,0.06114632262739302
20435,0.004901511339835526
20436,0.002939251334912399
20437,0.9460846008326137
20438,0.9057257718251241
20439,0.04342346014599246
20440,0.014451983545872812
20441,0.044534459121392235
20442,0.004542351318485594
20443,0.26336285005144616
20444,0.2445857526633719
20445,0.11300691125594847
20446,0.008425248186336706
20447,0.7351166297287104
20448,0.23912587919994688
20449,0.9125262163712364
20450,0.8333108814967433
20451,0.9749678035074217
20452,0.03668592483346114
20453,0.00872709752399416
20454,0.09626286439256061
20455,0.02398735164033669
20456,0.002485345794283781
20457,0.001992352305006276
20458,0.15064888527744735
20459,0.7919342150539299
20460,0.3379549615014821
20461,0.013193820375492174
20462,0.005150738075019191
20463,0.0868115035477732
20464,0.0028378160890678576
20465,0.005784900080697425
20466,0.013244867512801507
20467,0.9373926324716925
20468,0.00932559327277845
20469,0.35505627949579477
20470,0.004349703898981716
20471,0.34754821609884834
20472,0.08579415640262776
20473,0.008318272210270265
20474,0.0025541252175433353
20475,0.007611955523153721
20476,0.10885772215659112
20477,0.9493271043785773
20478,0.09942518342889863
20479,0.2792905493861793
20480,0.1865481375235053
20481,0.06443462473319791
20482,0.2084612305496604
20483,0.010331262067285718
20484,0.010916406297552186
20485,0.011411223198656681
20486,0.023854957880434208
20487,0.5314795949973321
20488,0.007625404691502993
20489,0.539964480156135
20490,0.996976261573838
20491,0.12589551889181416
20492,0.025121014860350552
20493,0.013632204749044485
20494,0.08460235636962371
20495,0.011578550897941782
20496,0.005596334532558684
20497,0.005501973675132102
20498,0.07614763520035106
20499,0.6249626064740591
20500,0.006255661214779488
20501,0.0030867369117536622
20502,0.5051862582070104
20503,0.35696333851393
20504,0.012407607977270018
20505,0.900296012489555
20506,0.013480156749307328
20507,0.09185660665380552
20508,0.4752608220439328
20509,0.9193532276272046
20510,0.12504595221361234
20511,0.005059881807192327
20512,0.9695937647838607
20513,0.6238236771524815
20514,0.017963485427716638
20515,0.700462208247892
20516,0.01589462105095044
20517,0.069028396943367
20518,0.003725133826439345
20519,0.018768692947154695
20520,0.01359656601729185
20521,0.8149079709115733
20522,0.0040387997702924245
20523,0.04946701824245784
20524,0.022202254733294888
20525,0.02694685575195431
20526,0.026945865752444256
20527,0.07519876890384451
20528,0.008419050628992304
20529,0.13889208031119463
20530,0.042995084707788914
20531,0.1081217386210245
20532,0.1359630453010728
20533,0.03682867107963537
20534,0.0025609206498912822
20535,0.030296377910330078
20536,0.002747690383416868
20537,0.924194720745081
20538,0.08786059521030821
20539,0.010112403669552236
20540,0.38213112466114324
20541,0.005545576625938148
20542,0.06638990261627975
20543,0.46356470940300387
20544,0.8017078083309372
20545,0.09128789840204055
20546,0.013429615305397925
20547,0.06763727856101731
20548,0.7706953982382092
20549,0.10490832179810294
20550,0.06738634650198085
20551,0.005710433626971519
20552,0.29009112272235144
20553,0.006528479365714759
20554,0.03218781322581684
20555,0.019392979485937243
20556,0.04200962678510606
20557,0.2246399982984056
20558,0.002038219282166537
20559,0.003534561810120089
20560,0.020059809965990234
20561,0.0024279625826807453
20562,0.011828235370812177
20563,0.005578093325580389
20564,0.03175052765671745
20565,0.04314119915509708
20566,0.18646965258433035
20567,0.09083444179564315
20568,0.008985696572542164
20569,0.03312057320129618
20570,0.048903600078826825
20571,0.0023471280655067836
20572,0.02995783648146939
20573,0.012400086444450918
20574,0.1284122350308212
20575,0.025685870301293944
20576,0.24392252171322884
20577,0.432182226533425
20578,0.7597981427151089
20579,0.009614374451458227
20580,0.0036462812234092858
20581,0.07369166330576027
20582,0.11153506904460364
20583,0.8021576093761076
20584,0.004317072052426514
20585,0.007464211826736958
20586,0.012314529250705579
20587,0.03555218768316876
20588,0.01747851741982222
20589,0.7164824765140916
20590,0.32621375455054724
20591,0.010829065553444817
20592,0.6951331973555025
20593,0.11069554983740335
20594,0.06835664695953174
20595,0.008344121501358116
20596,0.1325556632044052
20597,0.09914124198634831
20598,0.7167429457623088
20599,0.074514388407456
20600,0.6014882568267526
20601,0.00707126423058039
20602,0.3660484822489335
20603,0.1357005313040586
20604,0.019109964581170844
20605,0.008018931983692634
20606,0.18329974149324235
20607,0.029270674605432846
20608,0.9819497093511979
20609,0.8719466380949774
20610,0.47584704693538615
20611,0.10376675930275142
20612,0.008002797352898489
20613,0.14569707088237935
20614,0.9656700580045902
20615,0.6852181047901844
20616,0.29709826025493674
20617,0.012342132155610875
20618,0.04644459278481978
20619,0.003093704413105219
20620,0.5421019831108803
20621,0.007983686748250434
20622,0.004280443028903134
20623,0.031051055231928033
20624,0.3144442682987914
20625,0.0599181013587673
20626,0.008192495269720386
20627,0.014291445767517555
20628,0.2683149820513617
20629,0.850580996423354
20630,0.043100617511046525
20631,0.049196074677734854
20632,0.02759744442698677
20633,0.004400587190487107
20634,0.8358665354195054
20635,0.012523102603341324
20636,0.011465319071003573
20637,0.2183078031061716
20638,0.26353764317784567
20639,0.06531324821731205
20640,0.415734815654141
20641,0.04265382541856251
20642,0.007479728278608022
20643,0.05285448407895459
20644,0.41469319259971105
20645,0.1930794864517634
20646,0.004671587039052074
20647,0.11345871042735185
20648,0.03136181478603618
20649,0.02595994526853761
20650,0.09880700071739543
20651,0.05805092063293331
20652,0.11755476382693013
20653,0.188119498781865
20654,0.47337354092850514
20655,0.01726936586735283
20656,0.6866277839777365
20657,0.12013014032988766
20658,0.03605008989644336
20659,0.8127995358459804
20660,0.11617673364145438
20661,0.006108125859934345
20662,0.0043832139657166164
20663,0.06511722019043333
20664,0.01226472543660827
20665,0.00964333486159486
20666,0.032729507060137
20667,0.009589436008045982
20668,0.01423888853119605
20669,0.16847692803440492
20670,0.9865045101051108
20671,0.01124296321840855
20672,0.9437982650543025
20673,0.13104368074468187
20674,0.004552357881102422
20675,0.003015082338341496
20676,0.12877591457328583
20677,0.04589103567039506
20678,0.01471430707920601
20679,0.02725053755192295
20680,0.38232048684556896
20681,0.0052610382974487046
20682,0.3906304245051707
20683,0.5310569141887285
20684,0.01773183897934858
20685,0.16819670663937228
20686,0.019530778682813436
20687,0.02621504408961579
20688,0.8606949593644638
20689,0.535546306260938
20690,0.007649545691350025
20691,0.0016011883555422143
20692,0.5187762488100417
20693,0.06529365440275335
20694,0.0030214667694404354
20695,0.0061290369688821325
20696,0.0027376003979994027
20697,0.9826802665507556
20698,0.015278489091816035
20699,0.00667611920158277
20700,0.005218873484214454
20701,0.5312009624407492
20702,0.007841389881456844
20703,0.841012918830764
20704,0.01007247273110864
20705,0.15025597173100724
20706,0.012913249579072498
20707,0.013059591417754353
20708,0.06591530643881952
20709,0.014509985537059497
20710,0.07565017230079364
20711,0.025095391141715648
20712,0.19408202155437937
20713,0.8798981571588315
20714,0.7919128625214802
20715,0.015212591776315128
20716,0.07494168633209128
20717,0.5351789960151346
20718,0.3665754616469493
20719,0.003115110547220746
20720,0.22849651306961907
20721,0.07712432630606562
20722,0.18117596572243727
20723,0.01789860649711984
20724,0.01761842694579127
20725,0.00480971469737414
20726,0.01723003467401048
20727,0.8960869489935918
20728,0.048185437075010676
20729,0.008064237045371667
20730,0.037350793150425256
20731,0.12502450424123535
20732,0.044390364123978135
20733,0.8667168651418095
20734,0.09437869871572785
20735,0.5949842005150396
20736,0.00981526617418476
20737,0.7347139093040898
20738,0.7424707535333712
20739,0.03794110910760773
20740,0.017433026241983642
20741,0.8380398634458875
20742,0.008334573380477972
20743,0.05506542012359888
20744,0.4376429527112697
20745,0.8663214376379849
20746,0.029689327481404442
20747,0.039290307289185554
20748,0.024349511371152092
20749,0.006189049020537156
20750,0.19669248499043002
20751,0.9718764863219547
20752,0.00907745607106504
20753,0.30212730576477176
20754,0.09602346623655265
20755,0.05753476204925553
20756,0.03478522295942294
20757,0.12191527341710583
20758,0.06589021199131276
20759,0.3711484469000772
20760,0.008025587838096773
20761,0.0584758468455601
20762,0.23378197183146265
20763,0.007955514806952614
20764,0.7971159814188279
20765,0.15261010142093884
20766,0.07173693679226181
20767,0.6156176845923902
20768,0.008820652628590676
20769,0.017651767450440857
20770,0.005902284643763558
20771,0.04170018537632677
20772,0.00795301371320698
20773,0.001682391787483165
20774,0.021983029545842754
20775,0.014400561925846654
20776,0.057895500371622666
20777,0.006160071290120126
20778,0.042166742835194726
20779,0.7573129170273031
20780,0.9232070526374399
20781,0.028462493399472696
20782,0.048760091225915125
20783,0.6619513497471694
20784,0.01147990365048273
20785,0.002261850324522376
20786,0.9842922551968637
20787,0.07469847901525214
20788,0.5567202141541908
20789,0.5122577741661537
20790,0.03897138052217155
20791,0.8613758164132694
20792,0.012181886603424822
20793,0.014618051259409355
20794,0.0031173649647490463
20795,0.03657984357422191
20796,0.5862845796383558
20797,0.4559426417964601
20798,0.005223888163816973
20799,0.08296436743576542
20800,0.7732569174391551
20801,0.5469992335856305
20802,0.12874537314344714
20803,0.9307079814650373
20804,0.0716217054173557
20805,0.05283002564476537
20806,0.5570783086914051
20807,0.030389855873528635
20808,0.01688082650711356
20809,0.2268007258860322
20810,0.04682715198447674
20811,0.09470229798221852
20812,0.11584542176226673
20813,0.007974050614247432
20814,0.0671342670599192
20815,0.5763508127716476
20816,0.07244924084730907
20817,0.0014767905478281142
20818,0.0024963397310369686
20819,0.013346626241706006
20820,0.43941777706057605
20821,0.623328802762434
20822,0.12082973589916941
20823,0.001388033977629309
20824,0.02176383528466099
20825,0.2620204791195137
20826,0.01980977402309546
20827,0.1504995729475288
20828,0.2599273784981643
20829,0.24154615650074612
20830,0.5810239463584822
20831,0.2949758819642322
20832,0.03899527605845849
20833,0.8738425182087478
20834,0.4032693068617521
20835,0.010148396351117545
20836,0.8484903354355751
20837,0.005581267834324659
20838,0.012335344305769151
20839,0.023520369020664223
20840,0.007266814524249
20841,0.10330246772037618
20842,0.11315998144014187
20843,0.008594579849817959
20844,0.020081034466464052
20845,0.5135318515743563
20846,0.0038178517414279474
20847,0.03100525772088357
20848,0.0063176948069285374
20849,0.007319116176935427
20850,0.028101910146007495
20851,0.042475297912284216
20852,0.9661656333052803
20853,0.04902822656266008
20854,0.00555399418688305
20855,0.5863506784368767
20856,0.15562530774959005
20857,0.7478248796595363
20858,0.9490279769007
20859,0.03469532361546117
20860,0.051383447718154104
20861,0.037563743572169794
20862,0.17960839498830586
20863,0.3629589092148687
20864,0.007380290089794357
20865,0.10112415659236192
20866,0.011554773313689119
20867,0.010063939850206635
20868,0.8970496323466693
20869,0.0037143705242370906
20870,0.004442441445163041
20871,0.0033142169537143974
20872,0.014313616620298642
20873,0.008265075969177249
20874,0.7668670563447094
20875,0.2179821092442433
20876,0.11709390678186667
20877,0.12735478721036406
20878,0.044288072175454364
20879,0.0034255591751039564
20880,0.020702562708265707
20881,0.08144403813848182
20882,0.5636044192708011
20883,0.020154896831994742
20884,0.01060511150079665
20885,0.042567632543161205
20886,0.28329353395637963
20887,0.002143590948000989
20888,0.11447782913760701
20889,0.01803202611958724
20890,0.14632016605015702
20891,0.01936553115744125
20892,0.12373114544998659
20893,0.3500357661429067
20894,0.10182323153693185
20895,0.23400352068123373
20896,0.8236428333990927
20897,0.002145289281954817
20898,0.31012789796356843
20899,0.11270642293992875
20900,0.017732951276962304
20901,0.0211509792931842
20902,0.10490942662996516
20903,0.7628926401848422
20904,0.013600577660973497
20905,0.03897780900386338
20906,0.04007895023982517
20907,0.024433940056958467
20908,0.0033396716954415913
20909,0.008534502714962632
20910,0.1289447444182022
20911,0.5387418014113327
20912,0.0034246501499826604
20913,0.6646390804600183
20914,0.09903484204588563
20915,0.014924939107983788
20916,0.0034465647835248384
20917,0.06752210240358832
20918,0.022203835925138797
20919,0.007229990313792732
20920,0.03560332496657404
20921,0.0020915789911566886
20922,0.9480192076524964
20923,0.004866499867771625
20924,0.8792227400875551
20925,0.11368866585044865
20926,0.9964580379696673
20927,0.054078812662154425
20928,0.2196190914339852
20929,0.28536989516684924
20930,0.023779096494603975
20931,0.029148217256014124
20932,0.007302260313610207
20933,0.005995308751780669
20934,0.04222843555960225
20935,0.027111639960644498
20936,0.9538269198828089
20937,0.003978335583179741
20938,0.030389058316538112
20939,0.0054641860581552204
20940,0.32690897907467564
20941,0.01428449416992556
20942,0.14827353647213656
20943,0.25316443111696746
20944,0.7621837874457873
20945,0.021239334789270703
20946,0.9194901312352326
20947,0.024272283288866374
20948,0.03044189779813661
20949,0.1990211738005546
20950,0.019930209319175544
20951,0.03991687979277568
20952,0.6858947460366969
20953,0.042038965116160745
20954,0.029144316964821584
20955,0.057303520037122704
20956,0.007962075298161467
20957,0.05243551385378441
20958,0.021846057586767588
20959,0.9254443057055625
20960,0.08531004200828775
20961,0.057260807932324964
20962,0.02930626397381974
20963,0.008618589479495608
20964,0.05194544839128892
20965,0.006705628421132033
20966,0.14544103533331065
20967,0.09574391022638604
20968,0.06952226039964791
20969,0.008329886035112212
20970,0.002330541931655548
20971,0.021814406977939703
20972,0.00688477080184604
20973,0.035185419960949496
20974,0.005142159497076657
20975,0.14836020821650345
20976,0.0036472178269769087
20977,0.1914881680676011
20978,0.13451965098946045
20979,0.02124589797813122
20980,0.21891843535812136
20981,0.08989662269199605
20982,0.011450006379283726
20983,0.02750457181519701
20984,0.009916937714599816
20985,0.008036334813780898
20986,0.15495768875943886
20987,0.9583213003587051
20988,0.7875531157551009
20989,0.21707432984668343
20990,0.6637519554845261
20991,0.9510296318174242
20992,0.2445567017585045
20993,0.0026772136891597535
20994,0.04890327853662329
20995,0.050001024461778766
20996,0.026751181580702665
20997,0.07623496182834491
20998,0.11726049651161238
20999,0.01701393327815864
21000,0.9820086231925639
21001,0.005247267206280656
21002,0.842994827704095
21003,0.0038146677736672235
21004,0.46579690552968445
21005,0.03295859258052097
21006,0.8917480376380796
21007,0.006090508321935434
21008,0.03166851743800098
21009,0.04704068810895246
21010,0.9238124727434074
21011,0.049201800604426915
21012,0.012337636494132756
21013,0.0036298184116145362
21014,0.16327693678152227
21015,0.43212121024307576
21016,0.0995469151207481
21017,0.005338623745585094
21018,0.00967970344894005
21019,0.05132825497752757
21020,0.05557042303169687
21021,0.028710428381866288
21022,0.8866969565661432
21023,0.04073966801942115
21024,0.6922034213482218
21025,0.25383780766826736
21026,0.10123906050938952
21027,0.9654843408946713
21028,0.7607125808858725
21029,0.025663186431854296
21030,0.15711266755212222
21031,0.8124134001993869
21032,0.07612200301466081
21033,0.8192212311953734
21034,0.8873999265395285
21035,0.015634356322046454
21036,0.9912150486716051
21037,0.4913691300103889
21038,0.015740714703011693
21039,0.9369109232695768
21040,0.015337617439767451
21041,0.08463374649944992
21042,0.07051419789527162
21043,0.007460580237563698
21044,0.8439294011470173
21045,0.04142135799816769
21046,0.21702566984661206
21047,0.9296630345817861
21048,0.013816131933935624
21049,0.9761742267850994
21050,0.0053545458874701204
21051,0.40901482646363846
21052,0.014485928792825446
21053,0.12271338220781378
21054,0.5616093018927467
21055,0.008551109338232577
21056,0.044145611971309416
21057,0.9865947839577978
21058,0.005710691212792287
21059,0.8410417360864534
21060,0.8966867050548856
21061,0.09751124923102236
21062,0.00457867275541125
21063,0.028358664590721692
21064,0.5090373760343325
21065,0.29310400500111594
21066,0.005772145417948671
21067,0.0056730645990047705
21068,0.09453561467931489
21069,0.04395886507282455
21070,0.04229783077421596
21071,0.5740209693758617
21072,0.003836059833273539
21073,0.25725865864627734
21074,0.017711625058035092
21075,0.02142038122126713
21076,0.006195236455568671
21077,0.1700345107509318
21078,0.4226788687087483
21079,0.904052688532207
21080,0.029804597535004577
21081,0.9928581215925586
21082,0.033948478728296906
21083,0.01845830387574359
21084,0.3202553091831209
21085,0.007151744585191656
21086,0.0685578449920871
21087,0.13173556112551565
21088,0.22341855253505125
21089,0.10714864811721854
21090,0.1495480784826716
21091,0.008599029909028276
21092,0.6654927391262743
21093,0.0035703580994370476
21094,0.026416352070123605
21095,0.016205974753736835
21096,0.010611740743720425
21097,0.028706798520607583
21098,0.03564962004089152
21099,0.08368475231495062
21100,0.03459149861668982
21101,0.0035101619259190224
21102,0.0049737413877104
21103,0.21147507394584233
21104,0.19979719037027494
21105,0.007457154639580425
21106,0.7983380466761129
21107,0.05784616452395226
21108,0.12828135085957662
21109,0.8685408392768202
21110,0.7568488666959015
21111,0.9965928912006843
21112,0.0018317951165385512
21113,0.013393938796779938
21114,0.8997981832042979
21115,0.2707777630165984
21116,0.9480627953570915
21117,0.07381276893727637
21118,0.009674633820037649
21119,0.9910582778202182
21120,0.0019279399543909736
21121,0.23370190676705088
21122,0.11468812626659376
21123,0.04709278452022764
21124,0.016468827829495297
21125,0.07800418621652774
21126,0.004445242816071675
21127,0.01077657833470277
21128,0.0018210797901144912
21129,0.015074877008883577
21130,0.9120911541483366
21131,0.4197194872546146
21132,0.05480970601033801
21133,0.017765660738975942
21134,0.0053216829883614945
21135,0.8851276639824468
21136,0.024435967345982194
21137,0.004306088667201815
21138,0.006753600296927815
21139,0.049509097501554106
21140,0.6161262778138469
21141,0.008012459618457363
21142,0.010518242047146915
21143,0.03474618088542536
21144,0.007749443057751859
21145,0.01770923770412942
21146,0.03666857329365187
21147,0.27764640680284247
21148,0.1975071234628696
21149,0.009691116561036196
21150,0.015139473482130423
21151,0.8350651418739916
21152,0.02326682189736832
21153,0.49558119793895133
21154,0.011105506420184283
21155,0.0221293733864963
21156,0.521203202441165
21157,0.03232900090222632
21158,0.14083891144729238
21159,0.011164321900980571
21160,0.007573814035421741
21161,0.0021214211347024264
21162,0.05419007291061279
21163,0.6924248577418516
21164,0.010583518303000009
21165,0.11603504009954785
21166,0.9393590697354693
21167,0.04896728515766118
21168,0.008391912370902296
21169,0.3240524425703115
21170,0.284193767564428
21171,0.24246286403005013
21172,0.21402897099148707
21173,0.014818679279363117
21174,0.9774199112393747
21175,0.24780473643284323
21176,0.0034327144065747993
21177,0.7688655481332003
21178,0.43705211200188177
21179,0.002872135735454129
21180,0.8551821778014385
21181,0.06299679998628163
21182,0.0036628651208473594
21183,0.014681383365972592
21184,0.6478385018716201
21185,0.07017158999310003
21186,0.0066293434872594864
21187,0.0030757445273567234
21188,0.010243895933192557
21189,0.002607684990071065
21190,0.01546434680498035
21191,0.8228352512859731
21192,0.13347132326491634
21193,0.1831692501590188
21194,0.9681559573808717
21195,0.019086387567268583
21196,0.08819344245542991
21197,0.002044629897383805
21198,0.005004708835096944
21199,0.5232325478992553
21200,0.008140123681248947
21201,0.014587979845040658
21202,0.0037982659568810903
21203,0.13314479703106738
21204,0.02127117561536105
21205,0.0017036909745914905
21206,0.8932385003286897
21207,0.002850756196889011
21208,0.044894186758676353
21209,0.9082946378519147
21210,0.22939260655027918
21211,0.9330112293681309
21212,0.00967087521355978
21213,0.762609159890276
21214,0.07753923048068607
21215,0.06145960657613179
21216,0.31449242210248624
21217,0.16204069363558665
21218,0.00910558309502115
21219,0.007989311090155682
21220,0.3794636270096249
21221,0.011771360976946903
21222,0.005088938567333279
21223,0.0313827671043323
21224,0.41904555822675144
21225,0.0028156842682212162
21226,0.3161182657040273
21227,0.010809536365161328
21228,0.969297603404668
21229,0.9639417142976441
21230,0.1867827142270698
21231,0.8093118284655039
21232,0.0515539266779062
21233,0.22746517727635793
21234,0.03125343289329859
21235,0.6153012702482692
21236,0.6137979735913014
21237,0.003813817713166167
21238,0.008235506296414806
21239,0.0324000794011776
21240,0.013763969416193136
21241,0.29026728688749526
21242,0.9052998900799868
21243,0.1870051977302636
21244,0.04700239550601026
21245,0.9916613295199787
21246,0.002449982306746618
21247,0.010549443594322477
21248,0.02408880400187841
21249,0.9666767162072235
21250,0.00500370206901221
21251,0.010925971965129861
21252,0.10627551172284601
21253,0.012229306581618088
21254,0.021460019016693838
21255,0.07671347616744324
21256,0.040551145990948174
21257,0.8291625885242624
21258,0.2339199642596572
21259,0.016636635013658446
21260,0.0953772311314639
21261,0.015030703191485107
21262,0.025718143603455
21263,0.06154465740248011
21264,0.0025881395080452744
21265,0.007201518575094437
21266,0.0025042629107344715
21267,0.012796438462402858
21268,0.9672445671641423
21269,0.21412909743373948
21270,0.3426430069187625
21271,0.2637204706560215
21272,0.09925549879714701
21273,0.024670328005827132
21274,0.006299330058951201
21275,0.16456774442955327
21276,0.0026529227305684857
21277,0.024291163775353734
21278,0.7764810429346085
21279,0.16100964050883593
21280,0.0941618682363886
21281,0.035710186964581406
21282,0.18692866229068325
21283,0.11688909752609929
21284,0.9397078278763068
21285,0.04383303735355198
21286,0.3214694867475568
21287,0.001408525840741396
21288,0.00797309234581751
21289,0.005954024672724849
21290,0.509425466756152
21291,0.002928208402718671
21292,0.9101099238813579
21293,0.010302016126682134
21294,0.08762089797643241
21295,0.6059445573757434
21296,0.004565021662025371
21297,0.9757307810568177
21298,0.13830621366619017
21299,0.7905997359926001
21300,0.09392031405247558
21301,0.9891561079455572
21302,0.9629500885703687
21303,0.0037488700372609257
21304,0.0031544227671971466
21305,0.014699739328722913
21306,0.0288858742587356
21307,0.002494430906680238
21308,0.08488813147868655
21309,0.12584642026464793
21310,0.008137924841924903
21311,0.06329154764954337
21312,0.4201103057185098
21313,0.011214832114470405
21314,0.1690722376336675
21315,0.08728486706792875
21316,0.3260310783318828
21317,0.49961039770828886
21318,0.7247447604817012
21319,0.02422945599121962
21320,0.022302640209370204
21321,0.00790225409554799
21322,0.02873357404863371
21323,0.972401148196751
21324,0.018872057322201687
21325,0.014398298623930232
21326,0.7780435673848541
21327,0.0014960542632938242
21328,0.039410400451887075
21329,0.04143655433958814
21330,0.0020425127478894425
21331,0.0023836711377000384
21332,0.2168204190031652
21333,0.001638630346718805
21334,0.7741209989628008
21335,0.2901065709763381
21336,0.0108615560953123
21337,0.4664338022863091
21338,0.7898771932341597
21339,0.17870149953729966
21340,0.006240995816791944
21341,0.0040708247823134786
21342,0.2688425818683997
21343,0.01661179077363307
21344,0.009926143631650657
21345,0.08921611749841013
21346,0.005439682534633917
21347,0.03813644560568199
21348,0.9895077883747295
21349,0.0019910234280401964
21350,0.0711297374885666
21351,0.9276905520407968
21352,0.0031998047805126186
21353,0.9125412549902336
21354,0.003207598639844432
21355,0.05539245877028158
21356,0.006722631316255274
21357,0.008832039693593197
21358,0.5106577918749043
21359,0.5956218064643989
21360,0.3230333961275218
21361,0.9975983751596766
21362,0.016620729608884707
21363,0.04437557132375357
21364,0.005075303961525959
21365,0.007820291081895529
21366,0.014431494355706917
21367,0.535288576693512
21368,0.9724937450511372
21369,0.0041451428329691165
21370,0.8070315957289574
21371,0.9317947857155419
21372,0.00683909422970804
21373,0.004181532539663588
21374,0.019696324061219676
21375,0.01050993365997045
21376,0.5645680663579217
21377,0.13743419676688617
21378,0.8737136387598865
21379,0.12157399484791821
21380,0.6899358341904654
21381,0.010336779679781695
21382,0.07953497034873795
21383,0.0017836639923701225
21384,0.0037006170245832424
21385,0.11573787752305711
21386,0.9562632722779508
21387,0.19449343988757697
21388,0.4934784296720676
21389,0.03604109816364736
21390,0.006765022305336599
21391,0.026523042591833502
21392,0.013080532806636744
21393,0.010748315203737155
21394,0.07506169735920884
21395,0.6591628232632062
21396,0.15176819595667204
21397,0.9496477465543739
21398,0.008012439814035635
21399,0.1056257699327478
21400,0.7887704524607846
21401,0.001956504767396292
21402,0.014916562043801198
21403,0.2745679310705531
21404,0.018634751094208514
21405,0.004153638367525562
21406,0.0015575354268255563
21407,0.020801724413066693
21408,0.03502702489323109
21409,0.05277988314759486
21410,0.14997138375748717
21411,0.46768032968813245
21412,0.016345104651209124
21413,0.005530915865073786
21414,0.012174965551506175
21415,0.01941584338324242
21416,0.03163747979259585
21417,0.04718235296201966
21418,0.014093078566766422
21419,0.01744432632272122
21420,0.009990167434264214
21421,0.280058138989814
21422,0.05730532041182664
21423,0.006319366749451447
21424,0.24849328674504684
21425,0.4254808018012348
21426,0.27890905407279076
21427,0.09881798077417711
21428,0.13385330421790903
21429,0.5159199390252
21430,0.0035071081711369055
21431,0.05106250470146799
21432,0.26385998819474876
21433,0.007529045048849261
21434,0.006287138874540838
21435,0.004866625243266052
21436,0.08232791833551747
21437,0.11343513298474983
21438,0.002408454504515341
21439,0.21456508825889706
21440,0.008317607486430238
21441,0.0368172885513074
21442,0.006418187097633296
21443,0.023196863318420056
21444,0.006220319322631478
21445,0.29236889899492974
21446,0.013574762455528215
21447,0.006549047395663456
21448,0.04639372713440311
21449,0.026735602291519073
21450,0.0675694087778791
21451,0.7178386743148409
21452,0.7224765449165411
21453,0.030507749047943747
21454,0.03259963610695
21455,0.48869050350155574
21456,0.028056957320648574
21457,0.005826829044946573
21458,0.42547104341766523
21459,0.1433579168212212
21460,0.009001981059839069
21461,0.012775146318986371
21462,0.8879007364546418
21463,0.004902240925373342
21464,0.058742474402854586
21465,0.21431192337467295
21466,0.08772859224909135
21467,0.6955234493701323
21468,0.007312908163348076
21469,0.049753445026531055
21470,0.31877491933049285
21471,0.02750798756328944
21472,0.44356282423647275
21473,0.026204025308864582
21474,0.6134160548154679
21475,0.004592645225706348
21476,0.0023288280023064673
21477,0.005111684605386596
21478,0.010980161746323923
21479,0.900881550288915
21480,0.09479992824813678
21481,0.005640516704241936
21482,0.032193774444572484
21483,0.6150223030513796
21484,0.04732457713379196
21485,0.021252036163683364
21486,0.029438673800521235
21487,0.25412095408810165
21488,0.5744500116083125
21489,0.04419498770041322
21490,0.004062046597266563
21491,0.007037427858164408
21492,0.06557205699928935
21493,0.3175295905374355
21494,0.057751242407719505
21495,0.19057463351902285
21496,0.01241136750058697
21497,0.0035656190763345185
21498,0.022901924705689608
21499,0.2882128420992498
21500,0.32931119688882093
21501,0.04175250627631705
21502,0.08465463346483472
21503,0.20860893361241
21504,0.1576705007445656
21505,0.5709652681775336
21506,0.01775702299545418
21507,0.008722227222100767
21508,0.5449885698086783
21509,0.0023932960749293566
21510,0.761857142663254
21511,0.4480615497358982
21512,0.01056142248757739
21513,0.05356293359350206
21514,0.031856681595916286
21515,0.03960957162020044
21516,0.6014292315434956
21517,0.06242584233620824
21518,0.010577157005644402
21519,0.021290616949419413
21520,0.014524819859306346
21521,0.019479167369079585
21522,0.006541517828628242
21523,0.07302260628525994
21524,0.00614694005678251
21525,0.13360257356592561
21526,0.7873179563712894
21527,0.002782193968093462
21528,0.005344244663650245
21529,0.04525733538384035
21530,0.34650191391715257
21531,0.17243320337001009
21532,0.7241254572574425
21533,0.0048767405294875225
21534,0.11242016113785502
21535,0.4539313992486715
21536,0.8714109298502734
21537,0.18996694675478162
21538,0.001605063167742795
21539,0.5874481710253998
21540,0.023083209306728882
21541,0.05961177148448575
21542,0.13258768681142202
21543,0.4029399209063058
21544,0.05504475832307495
21545,0.917990806848386
21546,0.3296063802182805
21547,0.002402062908002542
21548,0.009441885345236378
21549,0.0650251837106487
21550,0.8539512661313192
21551,0.08369888060145544
21552,0.04698109791812029
21553,0.007558411411620928
21554,0.02006485703903941
21555,0.26518326948633825
21556,0.13405456681034442
21557,0.013896959965985108
21558,0.09180576099579328
21559,0.8670673967756348
21560,0.003763291247822669
21561,0.012991559883847608
21562,0.024972433938798454
21563,0.02609862634816494
21564,0.0036470669902330145
21565,0.0038261478754479574
21566,0.191630691915771
21567,0.009277781479729654
21568,0.12386566135058118
21569,0.020505671348988157
21570,0.584508635553064
21571,0.01928521400335448
21572,0.7489791447043745
21573,0.08377965464441138
21574,0.007687808247422188
21575,0.9351728743567166
21576,0.49688224936919956
21577,0.276688427461952
21578,0.07361288224388023
21579,0.01759312136098416
21580,0.009060174494916034
21581,0.32215750893649003
21582,0.09758146573380984
21583,0.15905489658720748
21584,0.018868880108197403
21585,0.1704025920923919
21586,0.8623388630699385
21587,0.012179610856624926
21588,0.5934992883836603
21589,0.037752526251679665
21590,0.13110811529719296
21591,0.12473189958578587
21592,0.023387376357192305
21593,0.9415125221590129
21594,0.00653305481554003
21595,0.02018481733055607
21596,0.07335308343139912
21597,0.12741356441928223
21598,0.7964998634146083
21599,0.008295642860638313
21600,0.6213506624176401
21601,0.04229434409092499
21602,0.21557904291835497
21603,0.8891019251672015
21604,0.018796839543728044
21605,0.10131226909881491
21606,0.004237603620970489
21607,0.017642072229878066
21608,0.14547359984579616
21609,0.4604855818319672
21610,0.0316363170261213
21611,0.18413966087994546
21612,0.01629006278857133
21613,0.008867979401995687
21614,0.4488651173839501
21615,0.026676148290858608
21616,0.19157217455940653
21617,0.6874779354883542
21618,0.007884419533735506
21619,0.5784799286840827
21620,0.010921327261487618
21621,0.01326472128890624
21622,0.7352685773072972
21623,0.023521859540736913
21624,0.28899843942616793
21625,0.41176607741771193
21626,0.18262990660645997
21627,0.2752286185896892
21628,0.054515568431052736
21629,0.06781478991334211
21630,0.005451132615929019
21631,0.016687017190341453
21632,0.8502914679945618
21633,0.017100138529073765
21634,0.1538749005264181
21635,0.0024031787773390254
21636,0.11843384755572126
21637,0.05231767405336997
21638,0.026406807512896674
21639,0.9850660199740319
21640,0.94753380302969
21641,0.19006448766082154
21642,0.014932435406416483
21643,0.05521129035442401
21644,0.031796489899535894
21645,0.008485424781387056
21646,0.18677214975679363
21647,0.02412191659227787
21648,0.9945684424802299
21649,0.1179126059077671
21650,0.07855378938576217
21651,0.28546394864036345
21652,0.010267451313071118
21653,0.12927262931057992
21654,0.0031883522842533927
21655,0.05414707421786101
21656,0.04677960711577042
21657,0.1165342206771521
21658,0.012394851446843227
21659,0.011499450569884852
21660,0.13500886373516874
21661,0.028463913884301507
21662,0.2707530169761687
21663,0.126870772872977
21664,0.3710948426015921
21665,0.013590220627552376
21666,0.1927580836344957
21667,0.00959040969468987
21668,0.005036919235431043
21669,0.02205688758491554
21670,0.5751747972903423
21671,0.007797215955167382
21672,0.08059399969559429
21673,0.4646552074605172
21674,0.024738940840898494
21675,0.8114904314041859
21676,0.08285517036259205
21677,0.02584176059971046
21678,0.17456285290797835
21679,0.003282721814373516
21680,0.29641809832563554
21681,0.014367675989030314
21682,0.0026851097206243963
21683,0.14079467997347989
21684,0.5236297280745138
21685,0.4376624961186413
21686,0.00655052720546403
21687,0.0017521658476786865
21688,0.01410445274419674
21689,0.5810283945896942
21690,0.7577273200901873
21691,0.018031278092928392
21692,0.34374439594136336
21693,0.005150044204880246
21694,0.265037291584355
21695,0.007226789674235975
21696,0.006625605551570523
21697,0.012770781476868017
21698,0.018769258144136214
21699,0.0455864328410302
21700,0.8971051612393882
21701,0.08437074364305175
21702,0.12853921937055574
21703,0.009167055574599582
21704,0.12316344714830528
21705,0.05129359929070563
21706,0.38747760353949273
21707,0.014109445122190025
21708,0.008219243156223065
21709,0.07732003933344833
21710,0.027254551695271596
21711,0.10935085539988124
21712,0.052754325527402966
21713,0.420450789552454
21714,0.16838738013015836
21715,0.007284243733067689
21716,0.9581932697749335
21717,0.006255785588553094
21718,0.30566043027622825
21719,0.9572019736716412
21720,0.1613465650558905
21721,0.02010847841305404
21722,0.02776231430195709
21723,0.036476345426125205
21724,0.32870217985904
21725,0.007348621629507171
21726,0.3968842409080134
21727,0.005738088062011259
21728,0.012497132777125304
21729,0.022372051967658315
21730,0.00571463388182984
21731,0.6578583785370705
21732,0.004979434709605909
21733,0.03057240523882718
21734,0.3725002553027596
21735,0.09809981908457631
21736,0.40207026644919924
21737,0.00789755326503208
21738,0.12056456677267768
21739,0.10642496756560346
21740,0.8862049709825826
21741,0.0012022204098292785
21742,0.006485866865683981
21743,0.6544574673290666
21744,0.734935572819113
21745,0.038114209986831314
21746,0.07841342775273823
21747,0.6179706961157462
21748,0.01614431278975372
21749,0.0011501777602559967
21750,0.014671182937022633
21751,0.0038598408039995785
21752,0.36562024899163353
21753,0.02937967396970348
21754,0.9190599376081591
21755,0.011824271606001968
21756,0.19820404583447054
21757,0.009810387707956567
21758,0.804487823836884
21759,0.01509573662111992
21760,0.05426823223258805
21761,0.9929547422243573
21762,0.02507676479354522
21763,0.002695352883029236
21764,0.9786316871478034
21765,0.04385214316798655
21766,0.6716716200413553
21767,0.10147877629272153
21768,0.9808366571867415
21769,0.14937492915779224
21770,0.04011941516974647
21771,0.04284929117051045
21772,0.007392377894147063
21773,0.008689052080736455
21774,0.005568506736692873
21775,0.7970342836604287
21776,0.04890632476192844
21777,0.015292431947121325
21778,0.015189162679371773
21779,0.016801332386841263
21780,0.6548030430956483
21781,0.0024024715606840567
21782,0.8387769894050459
21783,0.01738762204291337
21784,0.01900310182534092
21785,0.027923411721344393
21786,0.345303524409351
21787,0.0026548786710379026
21788,0.002867482155273482
21789,0.05617780790842787
21790,0.0037080458044832063
21791,0.004892679594986464
21792,0.4672121811860509
21793,0.7934849623959666
21794,0.8269521666138454
21795,0.0077446813287985325
21796,0.28306728814121296
21797,0.9078242271919669
21798,0.04660840926349373
21799,0.9772263202594867
21800,0.6896994978836423
21801,0.03500828296928732
21802,0.004922639940461936
21803,0.06926190310981976
21804,0.29322384943374996
21805,0.8432638349493873
21806,0.20884413806677019
21807,0.004698096126565256
21808,0.9578277972771637
21809,0.5994718729083324
21810,0.01203017726890322
21811,0.7590793171803396
21812,0.002698593212620178
21813,0.011357059367445002
21814,0.8913472841140082
21815,0.6295587810287057
21816,0.9257527332509738
21817,0.48404291460832727
21818,0.625272603351201
21819,0.001955719554256367
21820,0.008748615259489424
21821,0.17452472380073342
21822,0.015839157121134876
21823,0.015440113646649564
21824,0.0015572462860711318
21825,0.02250494577585381
21826,0.008117611565624407
21827,0.6407055761460825
21828,0.9817078352161938
21829,0.002506059854725465
21830,0.010973553138475676
21831,0.01615853342538773
21832,0.012902617765369079
21833,0.33175975142381675
21834,0.7940280706222765
21835,0.17321485846618717
21836,0.7545593122359652
21837,0.09552782446300977
21838,0.0021619022605285964
21839,0.11481469393689228
21840,0.01225162970616978
21841,0.14608202869270048
21842,0.5871588208990373
21843,0.3276775913923506
21844,0.5652059551312677
21845,0.012814874860590261
21846,0.00879937200016977
21847,0.11241976873123495
21848,0.007178814958011933
21849,0.9429205154698468
21850,0.005651970207748139
21851,0.40832176335013975
21852,0.9506908267060649
21853,0.05659755471349826
21854,0.07570282803249181
21855,0.015611467157953168
21856,0.019957425619059298
21857,0.007728846109927343
21858,0.023247539676541286
21859,0.010238963858201342
21860,0.2444495211572927
21861,0.004410472434979683
21862,0.003934809183937962
21863,0.003732423889962385
21864,0.0023633242473848934
21865,0.009166495077147056
21866,0.7727517089648931
21867,0.013970788545608506
21868,0.0030161493720699322
21869,0.2431940443003634
21870,0.003380058480061928
21871,0.04259769364916283
21872,0.0026738032924970693
21873,0.27421604065835115
21874,0.010153054534494391
21875,0.010112245313380354
21876,0.7108017711447906
21877,0.0587035373166917
21878,0.5518546042633182
21879,0.6369036127989627
21880,0.007475111871047702
21881,0.06543137183725169
21882,0.007530659518163998
21883,0.028278682275721716
21884,0.9711679790190453
21885,0.007444197738017074
21886,0.033135432807451
21887,0.564501805698977
21888,0.37755374449576035
21889,0.005634812173420037
21890,0.9146216971080156
21891,0.018440994987345992
21892,0.7208082895837578
21893,0.04940733344342109
21894,0.9540614690590902
21895,0.008848695357520952
21896,0.017040255176890805
21897,0.005918331733140006
21898,0.6787835805589546
21899,0.8717405421290305
21900,0.009800917735886244
21901,0.004177132226297427
21902,0.10383372003800044
21903,0.022408406889830576
21904,0.053997493205403764
21905,0.004379784857869475
21906,0.11042792404997769
21907,0.2129938164861139
21908,0.07454433869730154
21909,0.759805078026401
21910,0.03156541346473303
21911,0.03921397123383187
21912,0.0062805960248636435
21913,0.028145339607228228
21914,0.009667839609203777
21915,0.03113945609011532
21916,0.12843576222890765
21917,0.030534535785328616
21918,0.12401872110635369
21919,0.05210909335210221
21920,0.33768392131231506
21921,0.13870915087981578
21922,0.049698702535201374
21923,0.11716601794741945
21924,0.005022069327194436
21925,0.5243930439349279
21926,0.009897579011944765
21927,0.014493652893867321
21928,0.03778706907690135
21929,0.19881625274199233
21930,0.007559293952177601
21931,0.02937663569575837
21932,0.9227041041654186
21933,0.0036765936233389388
21934,0.01529962965819995
21935,0.014658653803241675
21936,0.8854276499714784
21937,0.007291539299710059
21938,0.004298445820335834
21939,0.03501011793982333
21940,0.049255979099711474
21941,0.004658660943591274
21942,0.3990317895348347
21943,0.0023222729165087606
21944,0.001711625215759664
21945,0.0046277920730029235
21946,0.015225431739666655
21947,0.008890233238388029
21948,0.00753066471135608
21949,0.0028767574033565276
21950,0.054901629447072484
21951,0.002735150255577263
21952,0.008530951837592974
21953,0.7203556796148387
21954,0.5733356892120652
21955,0.6088842386284806
21956,0.5075960668462951
21957,0.02423318224278558
21958,0.017633792721377346
21959,0.9829123923224671
21960,0.03630081151693581
21961,0.04378938388711269
21962,0.0027361992462773916
21963,0.08474187213069465
21964,0.08350889225927999
21965,0.004660900251682335
21966,0.25961136620985203
21967,0.06698023442190353
21968,0.6950410253934458
21969,0.007638099487552911
21970,0.9655120285934786
21971,0.5637667290347909
21972,0.2727976552248001
21973,0.0886319563385042
21974,0.5597736405330381
21975,0.1329518200652944
21976,0.0027806038661073547
21977,0.042898429278225354
21978,0.06065518929266283
21979,0.004642508148004422
21980,0.015384143808361917
21981,0.054433061135256776
21982,0.5129501068206692
21983,0.013754567865032482
21984,0.17479684498988304
21985,0.9785210299833197
21986,0.9845382585226234
21987,0.9714596106815673
21988,0.0033382849962997375
21989,0.032740054749610406
21990,0.09326655033310986
21991,0.0023818560468057133
21992,0.0035890851455818353
21993,0.0033467485043975854
21994,0.08256521452620652
21995,0.10067498304850693
21996,0.06785264720988737
21997,0.006572683015433673
21998,0.2711119358189578
21999,0.6169657590281844
22000,0.0016177732108064414
22001,0.447002346122608
22002,0.6037615286824876
22003,0.006254300430237339
22004,0.009219062286258366
22005,0.15701611269691054
22006,0.9516226535750717
22007,0.26151391818026337
22008,0.24922833954009846
22009,0.007287576729599744
22010,0.13954912922655907
22011,0.9743114740913903
22012,0.016385411625322716
22013,0.43567960055947796
22014,0.015888421078929564
22015,0.021951085106946117
22016,0.01833775602745591
22017,0.09959358045379277
22018,0.0371061701327964
22019,0.03757517426194659
22020,0.19740450543179394
22021,0.10789741301326981
22022,0.6996157876521597
22023,0.08347722355920317
22024,0.027808510092355437
22025,0.014161763965828335
22026,0.6850156618584436
22027,0.19355959739619918
22028,0.07234645753527659
22029,0.006627017136057488
22030,0.09780000198511184
22031,0.006288855358951127
22032,0.24658692815384511
22033,0.05456383440592747
22034,0.5785870526815778
22035,0.1611941457209844
22036,0.2729761082810442
22037,0.24757572837295289
22038,0.20252635696925167
22039,0.06559918902867187
22040,0.010418995393478542
22041,0.14828335888393748
22042,0.004299373180626109
22043,0.03315078374391797
22044,0.02489139358769295
22045,0.11501741371853255
22046,0.030845498468089955
22047,0.25546480716840914
22048,0.04515634988754506
22049,0.01897815365043439
22050,0.012615759750156743
22051,0.017116693455134432
22052,0.01518621200761896
22053,0.008802502936409991
22054,0.06497730581154078
22055,0.1770983588859098
22056,0.43862345254466695
22057,0.40183465484691816
22058,0.013309696560302963
22059,0.5879768527417693
22060,0.004807647795295626
22061,0.32556022517800853
22062,0.061554376333503524
22063,0.28378291548691076
22064,0.025646229893460167
22065,0.011990079303683045
22066,0.23917075113311007
22067,0.04873000079954464
22068,0.05228290288435253
22069,0.007007764888553594
22070,0.1330545612847759
22071,0.008066215538383248
22072,0.05766785169602116
22073,0.005409792126880593
22074,0.746560836717986
22075,0.9876077968726613
22076,0.015834382620657485
22077,0.02900413079143672
22078,0.035458804817027775
22079,0.00203562297010142
22080,0.10698618857143298
22081,0.002533901274655605
22082,0.971647651134215
22083,0.7397216228697342
22084,0.0018824092541965213
22085,0.6880212816311492
22086,0.006761995050283463
22087,0.0032707594826080376
22088,0.002529552085104938
22089,0.0016126346414483057
22090,0.01584862127203103
22091,0.009322553722596733
22092,0.002568120979693973
22093,0.07759050970827727
22094,0.07700803350860005
22095,0.0054297508191583875
22096,0.0026954507603963447
22097,0.6721488485708278
22098,0.4053109428189988
22099,0.009397954181791906
22100,0.03999629740361409
22101,0.0077903666385069755
22102,0.020100699737194142
22103,0.4783501644275413
22104,0.003264961392409861
22105,0.002952761303316635
22106,0.010226368857535476
22107,0.2676244290858718
22108,0.4621523345385395
22109,0.46505566808295395
22110,0.017629324287470653
22111,0.25839084615397995
22112,0.0442815258607521
22113,0.887054671610069
22114,0.05128297352865459
22115,0.3406861929736886
22116,0.051000792368007405
22117,0.22817645457600103
22118,0.04216488910734299
22119,0.006134321068442007
22120,0.010008536215410918
22121,0.27423379551486127
22122,0.22538435112849867
22123,0.9177558419208544
22124,0.0797401991248276
22125,0.03569913295960367
22126,0.7719550008355714
22127,0.8309630798331805
22128,0.018927296559122786
22129,0.06313766055770965
22130,0.013058784242213274
22131,0.13348521421583148
22132,0.08864846493509382
22133,0.054664347288452195
22134,0.1475422063787438
22135,0.34749948949558507
22136,0.0016708987698995429
22137,0.9477757791226636
22138,0.1978936773173443
22139,0.48310382822550757
22140,0.060713859720005384
22141,0.01734545511112206
22142,0.205986373898854
22143,0.04744401965735186
22144,0.20302788821461196
22145,0.9133873142263679
22146,0.014170284886489089
22147,0.04428311799686165
22148,0.0033830718921576824
22149,0.006129560329653031
22150,0.005477789207972651
22151,0.316286770228648
22152,0.0035858478830320907
22153,0.02275372756288802
22154,0.024248999426824
22155,0.009308573663794943
22156,0.13887288901292139
22157,0.006482132816114625
22158,0.456110113321226
22159,0.7438503816092331
22160,0.009411989164553316
22161,0.005736020983144445
22162,0.03172428271422089
22163,0.02223221609135079
22164,0.040753836667771354
22165,0.016322305858596873
22166,0.13026257186761872
22167,0.40930046659682456
22168,0.09058006762782575
22169,0.11043180918397585
22170,0.03375874609645681
22171,0.5333515696234635
22172,0.03500410526436229
22173,0.006640761333653884
22174,0.9348420385326225
22175,0.003273297529170977
22176,0.0034607924417366606
22177,0.6003980649219474
22178,0.013261323056927473
22179,0.007827453720418584
22180,0.011586030776922341
22181,0.005672763849531082
22182,0.07756206057769177
22183,0.7573547270577349
22184,0.035857527597946616
22185,0.014497652633909968
22186,0.9075292226892838
22187,0.7109338885962554
22188,0.028993649290941816
22189,0.3684415311036173
22190,0.002179651116552161
22191,0.5315473655747074
22192,0.22590589973436087
22193,0.5549005798998651
22194,0.11769779927559583
22195,0.012188076502539176
22196,0.017178643591828816
22197,0.46137437985169716
22198,0.17077182815583997
22199,0.01465418671366268
22200,0.7777973137839232
22201,0.17166009658314377
22202,0.0012584420054274363
22203,0.030545421696423918
22204,0.018540726541720037
22205,0.13134109513930717
22206,0.04502420423410919
22207,0.7852748141213913
22208,0.012398991190218873
22209,0.34942330321839665
22210,0.028638838115299183
22211,0.4986078607424588
22212,0.02455500399778508
22213,0.011656438527632278
22214,0.04418248797232745
22215,0.008067754455119145
22216,0.7080470773997527
22217,0.0038214442031569186
22218,0.18248238783244744
22219,0.007132074239503197
22220,0.8386161746273594
22221,0.0018218805344625494
22222,0.05151707840403821
22223,0.5461658998959369
22224,0.023681517592067915
22225,0.06990869621136059
22226,0.0023828722090725113
22227,0.007960840375601899
22228,0.7719335461621701
22229,0.020997587739076288
22230,0.6636403488389663
22231,0.6662233683458362
22232,0.12407418531176127
22233,0.022500703412889813
22234,0.06413313295947273
22235,0.007699240928891369
22236,0.06783768993676863
22237,0.016425030487513797
22238,0.8401524343480269
22239,0.08095850088298767
22240,0.004857194619365993
22241,0.0754358179617136
22242,0.015602018336925533
22243,0.008323645759368559
22244,0.010570136896436415
22245,0.017035037260287926
22246,0.2111411745039555
22247,0.011987160913132277
22248,0.042039771501773085
22249,0.017751394448890515
22250,0.0189032417112905
22251,0.006307897145330527
22252,0.8873733853715237
22253,0.03341372314743669
22254,0.049538557923416486
22255,0.005139930764761637
22256,0.04825184239712172
22257,0.08182228737588665
22258,0.032164816190369636
22259,0.0036987269713362647
22260,0.024444925462109357
22261,0.005382352641747163
22262,0.46739227770813985
22263,0.972347050439859
22264,0.004389034587124783
22265,0.0034082741845039535
22266,0.005635596014471923
22267,0.022536227860731818
22268,0.1430381528255117
22269,0.00469977504670379
22270,0.009469529689658744
22271,0.003915287559156674
22272,0.08009920174996876
22273,0.4285478794084738
22274,0.017830710973083454
22275,0.4779954549977959
22276,0.3488114989852677
22277,0.9158494954898011
22278,0.19423045776528952
22279,0.020804484339629017
22280,0.8990799252212187
22281,0.43979224121548427
22282,0.5441669123636921
22283,0.7908901721607773
22284,0.09311911591354036
22285,0.018478453504643437
22286,0.01273570920509279
22287,0.03757978065436197
22288,0.156158315839204
22289,0.018766626911571348
22290,0.00477117978106238
22291,0.012443650801531906
22292,0.050256241563953565
22293,0.9913489294817217
22294,0.01710251322777743
22295,0.06730166429722588
22296,0.8455312825276379
22297,0.9150471831531601
22298,0.9563415889967565
22299,0.04614589491393113
22300,0.011991983216774898
22301,0.014699501475509734
22302,0.03174262948431981
22303,0.6760667049603405
22304,0.009567167181564227
22305,0.21856567169913668
22306,0.0638934039406742
22307,0.0015806389124581478
22308,0.7306442347819805
22309,0.0700246147668
22310,0.959122246517139
22311,0.010724635268629662
22312,0.9287000590011824
22313,0.0070382611712280704
22314,0.0052149651605573055
22315,0.016013983895515768
22316,0.05720366549219026
22317,0.1763098060981849
22318,0.9593041377494852
22319,0.35112847850840756
22320,0.6534276293326667
22321,0.00908157496179318
22322,0.015390466873259198
22323,0.003740481384957979
22324,0.01691841947055379
22325,0.04346712701662901
22326,0.701185770689005
22327,0.2559700758716378
22328,0.009696020097444408
22329,0.19077083076777365
22330,0.5612043306928117
22331,0.1804235414196342
22332,0.02507310453187481
22333,0.05966698770458828
22334,0.1015658573878193
22335,0.14842962222321826
22336,0.2062733861858346
22337,0.014997029839064358
22338,0.07486908262200367
22339,0.10980867255113894
22340,0.03599112477286283
22341,0.02016896538945072
22342,0.009909763660027594
22343,0.009913237755478706
22344,0.10080274348825817
22345,0.014428957835476555
22346,0.32686405898701193
22347,0.741857121168156
22348,0.8703482216152748
22349,0.9585606055339827
22350,0.03690478165511457
22351,0.048533565518534966
22352,0.04908537925314768
22353,0.008261785072418796
22354,0.045957769117020125
22355,0.22218638588171044
22356,0.44040168495878373
22357,0.012085673591838956
22358,0.024387852694769892
22359,0.00557544228640072
22360,0.47433044830990867
22361,0.02991191375540284
22362,0.026863622891861123
22363,0.6569253016453886
22364,0.007705055774642586
22365,0.046674032097716533
22366,0.040211131248767386
22367,0.04954135824861185
22368,0.15519183616779142
22369,0.011440869079790321
22370,0.0243283042436213
22371,0.9856906445924696
22372,0.9575576476482215
22373,0.27863817496709764
22374,0.907313570078848
22375,0.16027985926698676
22376,0.520904373479217
22377,0.032992223504521995
22378,0.3676696790316214
22379,0.9003552475993187
22380,0.02721291438595358
22381,0.826555089087021
22382,0.020033104542195285
22383,0.9713518881004863
22384,0.046606991511718356
22385,0.7719543981886243
22386,0.0491732941132574
22387,0.9939977611765414
22388,0.03418731997552687
22389,0.3689091313397685
22390,0.00397698831196491
22391,0.03110264696699197
22392,0.04650475813708619
22393,0.21852119884702836
22394,0.9946495209539401
22395,0.026423012106768673
22396,0.08124525944139944
22397,0.64926910068667
22398,0.013907566658684294
22399,0.6240545876527177
22400,0.29080564416129545
22401,0.18348357078405764
22402,0.04208223994783501
22403,0.29570464690372056
22404,0.012295242496630698
22405,0.36658590681819714
22406,0.04519373402739286
22407,0.012653494776671954
22408,0.007756609848498415
22409,0.05029581624943448
22410,0.4290067922765668
22411,0.6079182857113314
22412,0.7835296278478284
22413,0.00977342853695276
22414,0.0465363304578133
22415,0.09796179456089504
22416,0.005234527610773242
22417,0.11452864059666672
22418,0.5480822785015145
22419,0.037132099629782485
22420,0.7419365199597503
22421,0.9722432213308396
22422,0.2292040297428458
22423,0.010721347658163748
22424,0.007731820666549701
22425,0.9115704251305876
22426,0.25448372931929564
22427,0.01564281586590794
22428,0.4285872146929789
22429,0.0676642116498576
22430,0.9961722832451703
22431,0.029105685183508777
22432,0.6985185935674987
22433,0.06447108846489708
22434,0.012077540803939473
22435,0.07497862390718679
22436,0.3067503630663478
22437,0.00818356672614144
22438,0.10128122474854391
22439,0.0030713194512286
22440,0.004189739146028467
22441,0.005873618887462172
22442,0.09995203152345329
22443,0.008211849751028698
22444,0.0026037728347719532
22445,0.007897297097033478
22446,0.07993955109522535
22447,0.010929157899790813
22448,0.8927017483283608
22449,0.0205485104993687
22450,0.20047732938248816
22451,0.050431472880941186
22452,0.4093726762027618
22453,0.01077664837022663
22454,0.02396682823501899
22455,0.0075317413235914295
22456,0.9774024098752221
22457,0.4197689935442842
22458,0.01473229871674726
22459,0.02855705426583751
22460,0.007901608212199544
22461,0.005109222352050208
22462,0.1024991860444803
22463,0.023137211767977593
22464,0.5777736865688519
22465,0.7769158138584213
22466,0.18998590494306059
22467,0.005688727295194684
22468,0.005948301282495952
22469,0.01671143542079531
22470,0.521100696298386
22471,0.47811555433691316
22472,0.8900148170706503
22473,0.007455063886009713
22474,0.025417474075044466
22475,0.04699690891556224
22476,0.004248665603593832
22477,0.002732818324503689
22478,0.5354978035292275
22479,0.040756463604551124
22480,0.08310132397708206
22481,0.07844145518722596
22482,0.10498240851911117
22483,0.011744814225846223
22484,0.3788414868531771
22485,0.00850147639668279
22486,0.836949261806974
22487,0.9024273062647675
22488,0.9585006245958662
22489,0.9956188544206735
22490,0.04343844210376144
22491,0.003291393858197537
22492,0.07020272546830905
22493,0.030171247142767137
22494,0.07682937653577177
22495,0.5078634523693385
22496,0.018490742331716978
22497,0.003636291215843878
22498,0.16034236244946837
22499,0.005340883061266134
22500,0.009552159989122809
22501,0.0028057698013202728
22502,0.016923706880710668
22503,0.010086358129585105
22504,0.09588483591062305
22505,0.007679622872493535
22506,0.9573111913303457
22507,0.256243135878229
22508,0.006688399374476335
22509,0.9249779316698346
22510,0.01728716526227013
22511,0.8478664874873283
22512,0.024972445069359517
22513,0.007609418741020429
22514,0.058657440064333835
22515,0.6240188894971331
22516,0.006978119068349486
22517,0.5935012110823595
22518,0.01810182598419522
22519,0.016466245378112997
22520,0.9822020579770215
22521,0.11481568044089316
22522,0.02816826123603826
22523,0.2732242675563317
22524,0.06282337595109903
22525,0.030496497780607392
22526,0.02258140226854031
22527,0.9885934861339281
22528,0.01064480790812717
22529,0.9574449343969418
22530,0.14706850026360044
22531,0.10061662759208713
22532,0.10998334004080088
22533,0.0727120857946592
22534,0.13057414052371655
22535,0.4680790009048794
22536,0.2835584683593909
22537,0.009341281426764643
22538,0.03749397950752904
22539,0.19462356504486664
22540,0.0025654143766925797
22541,0.018172578551737758
22542,0.01793800931692556
22543,0.012818009676476092
22544,0.06463859329685667
22545,0.002828195173173826
22546,0.8131478761540506
22547,0.00514305259002469
22548,0.8465507183915321
22549,0.008484810789505805
22550,0.19582883239788798
22551,0.7188675812733704
22552,0.04751819446511663
22553,0.008348891781808873
22554,0.793923101241403
22555,0.5218794187742819
22556,0.007293129713957012
22557,0.03741367798311799
22558,0.3918137990640371
22559,0.09033851663697859
22560,0.21515846701196914
22561,0.02933738895599979
22562,0.0019991665183239546
22563,0.11333654081753317
22564,0.9598867592453129
22565,0.6644603710005097
22566,0.4084120674754995
22567,0.0027854579007897937
22568,0.09962658390949543
22569,0.03995223753580207
22570,0.0035287936741656254
22571,0.09259361057857253
22572,0.04868985694341486
22573,0.07924438776006197
22574,0.005229163158734454
22575,0.2511729379514407
22576,0.7536513165582037
22577,0.20357298924872658
22578,0.2544706815460214
22579,0.0039030324707092796
22580,0.48258249005296827
22581,0.0019119320035453074
22582,0.3666264552739189
22583,0.3513792302075915
22584,0.9775422252036767
22585,0.013617974802017607
22586,0.005080256535475348
22587,0.02371171403417143
22588,0.07490379995532359
22589,0.11144999442713055
22590,0.9646012316720273
22591,0.08045597773118197
22592,0.008152084950239107
22593,0.015114447175925133
22594,0.10873047522432146
22595,0.4687420016265132
22596,0.12117917959246434
22597,0.35515023792922135
22598,0.3691746926962681
22599,0.03581594657877229
22600,0.011263836750460365
22601,0.09636300366144739
22602,0.01791959518982977
22603,0.980685332056043
22604,0.0018828460596798289
22605,0.008143953781247912
22606,0.0633230837451937
22607,0.03726629878406789
22608,0.8781706089329764
22609,0.00837018907281583
22610,0.06316268467928349
22611,0.006303124556309796
22612,0.886976688977412
22613,0.029640660177743014
22614,0.9443173321436443
22615,0.014148368790117787
22616,0.09195078735020205
22617,0.018017602135584634
22618,0.022987109291865697
22619,0.9655286088917759
22620,0.9343673227392804
22621,0.012629950480880375
22622,0.016132632566564463
22623,0.019395648834473787
22624,0.25051951054357163
22625,0.004493195813296342
22626,0.04770668011281157
22627,0.9447283076828841
22628,0.1161540347238588
22629,0.04897202744584626
22630,0.922276862192864
22631,0.01015136501198111
22632,0.9533517519143102
22633,0.12430348257306921
22634,0.4666691268234931
22635,0.15524174381894582
22636,0.32738314550010345
22637,0.8654527199328466
22638,0.07726520749058603
22639,0.0759589611954351
22640,0.4079594792696688
22641,0.21203622328913105
22642,0.003158374659431937
22643,0.011361099339863472
22644,0.007567004833070894
22645,0.009458157458322628
22646,0.003263919430531373
22647,0.08969702865871206
22648,0.010238485011821096
22649,0.8731737593966028
22650,0.002388071119942495
22651,0.011355259724506775
22652,0.030743058845195764
22653,0.1272297334697529
22654,0.824145215131315
22655,0.027738207311521164
22656,0.40292128556000606
22657,0.0056265813310462775
22658,0.03289642567797904
22659,0.8054345911260539
22660,0.007826345366841288
22661,0.04175795848637172
22662,0.8498392118361069
22663,0.1470567585606249
22664,0.004438035733368533
22665,0.006643696983815835
22666,0.002853556479920315
22667,0.03722671219508273
22668,0.047213102330385295
22669,0.018538461319790117
22670,0.005860389006432531
22671,0.009621281054742638
22672,0.05136718167044951
22673,0.008749567147553521
22674,0.01922479338681957
22675,0.12918448829118276
22676,0.0065784372304108826
22677,0.8612949943638641
22678,0.00423490718009495
22679,0.03279911924019696
22680,0.17566963083890655
22681,0.005054574341743556
22682,0.17381220320290097
22683,0.00881663471853117
22684,0.007027477924031004
22685,0.430731887238356
22686,0.5571419325735976
22687,0.04848306715140639
22688,0.011638705285120588
22689,0.06739814275020573
22690,0.04689665452752166
22691,0.02464151631013564
22692,0.9666972896335363
22693,0.2918070623394595
22694,0.8622878984741352
22695,0.49202624556517277
22696,0.4588786960999577
22697,0.08541502858624918
22698,0.005164887744289722
22699,0.007036860627286172
22700,0.00557542709235699
22701,0.22776417714381847
22702,0.002972792080455147
22703,0.04415574697185846
22704,0.007378296852451682
22705,0.013826069189554688
22706,0.1127226827209687
22707,0.05592387381382734
22708,0.014467574221157666
22709,0.007680368704276249
22710,0.626406142434222
22711,0.17613134921553705
22712,0.005373941580081554
22713,0.5249461054669576
22714,0.0418307479480841
22715,0.1439661999337125
22716,0.004887783426331818
22717,0.11785065769186921
22718,0.06215918066712485
22719,0.07218805107343729
22720,0.04361730512878749
22721,0.02921740615181548
22722,0.0549459170081231
22723,0.04277535561881273
22724,0.4275524274827247
22725,0.012102046795452768
22726,0.14739612653305623
22727,0.016574994263301928
22728,0.03345624202348022
22729,0.0044439336156494895
22730,0.01701989465551963
22731,0.2914639005657769
22732,0.05547574242039204
22733,0.7294442940663723
22734,0.01876768366444908
22735,0.0012809881645789636
22736,0.15665999175150894
22737,0.013619789910933466
22738,0.003016598704179584
22739,0.0022536904365182088
22740,0.0026117491671830413
22741,0.02377112824135012
22742,0.010102483132487319
22743,0.0033929165891718733
22744,0.028699525960710237
22745,0.038498057951868885
22746,0.021655812635190806
22747,0.02499654023050433
22748,0.6510367393347776
22749,0.5593968682996207
22750,0.013092966120328233
22751,0.0065084747532087595
22752,0.007418023847879145
22753,0.2691162646748267
22754,0.09460308616294427
22755,0.08590943086649609
22756,0.0015049966617498795
22757,0.00617695703186275
22758,0.8394566912878376
22759,0.10668921759230234
22760,0.005205689885670725
22761,0.013975705878697824
22762,0.02363079203569268
22763,0.6256581094577901
22764,0.01462627386504771
22765,0.9277598728333362
22766,0.09003005368509563
22767,0.030191455126695646
22768,0.05364620480346275
22769,0.0013727016193321524
22770,0.3160079135284689
22771,0.07968219873044229
22772,0.017244131845309357
22773,0.5664980431622609
22774,0.5706254298804099
22775,0.04942279556782245
22776,0.621975214677839
22777,0.005337981393639191
22778,0.09786422502040235
22779,0.004324777738908869
22780,0.08361411155708767
22781,0.534317876746531
22782,0.004272411249497814
22783,0.02101864980852087
22784,0.06926616907456618
22785,0.005251001157663174
22786,0.051492085620734145
22787,0.5826490307742377
22788,0.00800592686257608
22789,0.7354594500631753
22790,0.21588157776638023
22791,0.004587489200426737
22792,0.03211996235676582
22793,0.010537217311536926
22794,0.005288416099616092
22795,0.6005187553403439
22796,0.7101788119248078
22797,0.006800423967439307
22798,0.010337760503476373
22799,0.06872426172102392
22800,0.026292753479425963
22801,0.005078587249055243
22802,0.02465869583099417
22803,0.037949017267693695
22804,0.039157485458302665
22805,0.00849419604646595
22806,0.009355749028244258
22807,0.016658824766625335
22808,0.08115312572456783
22809,0.07331127960580815
22810,0.0959483268684202
22811,0.008925211075699319
22812,0.004218336724969753
22813,0.002726074213452926
22814,0.8886797618745714
22815,0.7290425501456593
22816,0.03347467525390583
22817,0.021589610769836853
22818,0.08485721419716667
22819,0.06013458935768587
22820,0.049837040404222606
22821,0.010867843036891494
22822,0.5302135354141808
22823,0.0025610489731951545
22824,0.013626500004261218
22825,0.007003228116270807
22826,0.35338898571260335
22827,0.05094482688246237
22828,0.02940591709860649
22829,0.06958714169268146
22830,0.005326465319854786
22831,0.011708922506266492
22832,0.009676673393763912
22833,0.1913400643335863
22834,0.8963007051592337
22835,0.9391945212888851
22836,0.0304060417932254
22837,0.08357198552463647
22838,0.45167266774609777
22839,0.7037944921079281
22840,0.69659041246894
22841,0.005332958413053411
22842,0.0036247082562705425
22843,0.007728516666466563
22844,0.048015374910886796
22845,0.7418373022040782
22846,0.8526060698988653
22847,0.0020234120397173215
22848,0.7745024977451811
22849,0.015535986561605184
22850,0.030434885553029773
22851,0.11012394327654505
22852,0.004104714030615676
22853,0.9415770310938454
22854,0.1111977251861432
22855,0.12873088311101144
22856,0.013675255040930754
22857,0.5117584507566973
22858,0.9091752613581126
22859,0.011125233201528134
22860,0.03456745810136552
22861,0.017198142199147448
22862,0.990803241211852
22863,0.008552610907591617
22864,0.1598439884040452
22865,0.21243998116781712
22866,0.1192963086365639
22867,0.008730314409251023
22868,0.021614095260718984
22869,0.8679413518383627
22870,0.005298236721928397
22871,0.02033619347236396
22872,0.00821785942312082
22873,0.011629479762487653
22874,0.05686997628349481
22875,0.7354331373998767
22876,0.4518234125168584
22877,0.9912176613509021
22878,0.008044141618338333
22879,0.05602019979118056
22880,0.9416730848349284
22881,0.04363200093331863
22882,0.2644061503067567
22883,0.08165486780569425
22884,0.10486723489155246
22885,0.7748007285451779
22886,0.08561854941404079
22887,0.2875953302754011
22888,0.04548184376479033
22889,0.002201288233839271
22890,0.06784673128716244
22891,0.013042681558870808
22892,0.179703489432215
22893,0.7474942018649442
22894,0.2422139221377625
22895,0.023338405920641715
22896,0.5027485516916059
22897,0.006410202639396881
22898,0.18280617085279174
22899,0.9749753215325107
22900,0.017603470062314233
22901,0.10854858474676611
22902,0.007368519456540726
22903,0.9453282243738326
22904,0.07297877870518163
22905,0.04922721042191145
22906,0.0827960466967847
22907,0.07103129256703157
22908,0.007765103052261429
22909,0.023335705665289815
22910,0.34989151827071
22911,0.07121296836816157
22912,0.05833995556632936
22913,0.012228240795129948
22914,0.012213672112202317
22915,0.024965229524092008
22916,0.037215274754763154
22917,0.014663865066340744
22918,0.01191289876302693
22919,0.9158281483546339
22920,0.007434300585737495
22921,0.9374974025050798
22922,0.6075213317313376
22923,0.04757692257854958
22924,0.005210743665165711
22925,0.010770460946805064
22926,0.011158325903843167
22927,0.013833093342295384
22928,0.011494896705068806
22929,0.037233590999497704
22930,0.05240890093992256
22931,0.019415377930229027
22932,0.0603766082794104
22933,0.9039974700661337
22934,0.010193051881041875
22935,0.006778222679963275
22936,0.7509835275831618
22937,0.03192652722016567
22938,0.03900103567168536
22939,0.12259892728807795
22940,0.012310724608332995
22941,0.9687798341313122
22942,0.0023373374884869836
22943,0.005603429555896197
22944,0.016266829528338668
22945,0.019014057108057387
22946,0.013744462968543342
22947,0.09797385127717645
22948,0.005010053079193276
22949,0.12311725870849123
22950,0.027556380056539348
22951,0.014325330456215266
22952,0.09560203480013589
22953,0.8982568014000518
22954,0.01671186177545111
22955,0.008882057497937978
22956,0.08260610182794403
22957,0.002432449124841292
22958,0.04257140868024782
22959,0.011752120554210994
22960,0.4361560778099126
22961,0.004062577694796891
22962,0.47874200053952204
22963,0.1041633469433125
22964,0.004831497105983895
22965,0.010972259055590922
22966,0.09843940359813833
22967,0.007169401413872274
22968,0.9358619152565684
22969,0.006087040541658947
22970,0.22003213801872687
22971,0.012720338675256975
22972,0.03237765394645897
22973,0.012634063571790224
22974,0.26139871345725973
22975,0.09755212403966063
22976,0.007191777476769187
22977,0.0025945790675301066
22978,0.00893869543275934
22979,0.46462269734484907
22980,0.23549906224342657
22981,0.004098086194647707
22982,0.2217616390078514
22983,0.04670777186397215
22984,0.11895310970545213
22985,0.006393820824295455
22986,0.00428691849314789
22987,0.0034686763866048566
22988,0.23274770542153103
22989,0.4595053036420261
22990,0.0036992473068088423
22991,0.020525954369215026
22992,0.04084041246773297
22993,0.0062150064742551685
22994,0.0068113111427949595
22995,0.0023539283656174317
22996,0.010094225429862075
22997,0.009325251579981389
22998,0.009043148422394804
22999,0.03313143869489996
23000,0.015011130601035327
23001,0.3992499496172194
23002,0.5485442687503573
23003,0.1342330864902095
23004,0.18843088592468507
23005,0.00808215048139864
23006,0.004704863556514472
23007,0.07590249727882498
23008,0.0856304446394096
23009,0.9884643314778838
23010,0.0035814240105900546
23011,0.005085629683453008
23012,0.2438151547546244
23013,0.9664915620092493
23014,0.00615015913203105
23015,0.6545782591827652
23016,0.14722942115760554
23017,0.9586623084550207
23018,0.12092345722929038
23019,0.001748366603645549
23020,0.005697678307698455
23021,0.9751122845512459
23022,0.006913869223506962
23023,0.18797335411650193
23024,0.9831102510244712
23025,0.08892592964817278
23026,0.5885857500391939
23027,0.21590308399313027
23028,0.05291259268580402
23029,0.2588971649339174
23030,0.0807423441049018
23031,0.12117012011950126
23032,0.24285733347304725
23033,0.03615014997826514
23034,0.005072338851397415
23035,0.007541578948916577
23036,0.3910633154746209
23037,0.0605357048383509
23038,0.004022918015540824
23039,0.25284776491641653
23040,0.9805126427121732
23041,0.012003912119851665
23042,0.18395119185959927
23043,0.12293777621449331
23044,0.0028534269239883217
23045,0.975923013839028
23046,0.015945643067227497
23047,0.010158875389399706
23048,0.01455590193160332
23049,0.029028563051664194
23050,0.9845373359523184
23051,0.32054534604535123
23052,0.06438418584730177
23053,0.004872764896720812
23054,0.0055206672502326505
23055,0.8111022900770086
23056,0.01680088154987524
23057,0.3839664680927135
23058,0.17350618096692919
23059,0.002454179109241976
23060,0.025507660181543133
23061,0.01618249604872572
23062,0.05216498405862591
23063,0.15346519754674828
23064,0.8702433822763993
23065,0.056436348755176356
23066,0.40234902549048884
23067,0.19729825462047434
23068,0.9027036614733447
23069,0.005188253964681413
23070,0.0045866507358912414
23071,0.8548520996049843
23072,0.2667031101688043
23073,0.5418404000058517
23074,0.032686807397974894
23075,0.00890694397451637
23076,0.05429282065776492
23077,0.014527277374504115
23078,0.016644782610480507
23079,0.03960306209134784
23080,0.007442427217187926
23081,0.07259183082467051
23082,0.0027570673311187255
23083,0.008316807823235932
23084,0.6918598239738555
23085,0.008808186106397452
23086,0.002901749710463278
23087,0.6855516436037215
23088,0.049494259250153105
23089,0.09299927043336323
23090,0.004064625713876618
23091,0.09121291033758809
23092,0.0035083742093444796
23093,0.24610390796027246
23094,0.14434780943898784
23095,0.002322442664091877
23096,0.03854824281246746
23097,0.04161793074840074
23098,0.32307831154738426
23099,0.018477980575672626
23100,0.016207055248959296
23101,0.8940617476678554
23102,0.023544181407096642
23103,0.015630100015925952
23104,0.012631643817487685
23105,0.43371893567354175
23106,0.003781620791074445
23107,0.005042368896625076
23108,0.003753900004193904
23109,0.7324202996212397
23110,0.1534925377828368
23111,0.01101229944838614
23112,0.05844554394363501
23113,0.051782898513131476
23114,0.0029180332548750395
23115,0.49535149370044856
23116,0.0496130042906252
23117,0.8834737492885609
23118,0.00643778842956893
23119,0.004570746036011415
23120,0.009875867067096346
23121,0.008742986063336221
23122,0.0025266631025510967
23123,0.1725580493556078
23124,0.9797749600102827
23125,0.23832705071268329
23126,0.0793829135498643
23127,0.005795497548828423
23128,0.029337301269159906
23129,0.9374434980528837
23130,0.0027626715508272037
23131,0.01751240723162404
23132,0.01351024662523983
23133,0.3752236794015265
23134,0.7000851444165136
23135,0.534113256608412
23136,0.04756389629088623
23137,0.18122092404231865
23138,0.35090634985209745
23139,0.0014328206105048396
23140,0.855700558316089
23141,0.021839700357188397
23142,0.38828243850112437
23143,0.013710636972845646
23144,0.8968639783972674
23145,0.051930891872606334
23146,0.7788577024087375
23147,0.06454023412201924
23148,0.005273509977883913
23149,0.0020275739860128946
23150,0.03255339943547352
23151,0.004197418859923764
23152,0.010763709813579865
23153,0.15335731332694577
23154,0.5656251415426528
23155,0.08878826833225789
23156,0.006275329406306114
23157,0.08075101209328153
23158,0.04890150662298328
23159,0.026187896098412933
23160,0.10801473736281408
23161,0.14084002819039815
23162,0.9692946849230296
23163,0.1291996479378474
23164,0.0038364077859372662
23165,0.0048853515946387606
23166,0.96260121315821
23167,0.04753605628870247
23168,0.4075051787833053
23169,0.1184747024733723
23170,0.020436618124548084
23171,0.5013511946925144
23172,0.4737516952535107
23173,0.0354901950387499
23174,0.020764098665191636
23175,0.0018638433419331689
23176,0.3291471934031459
23177,0.032626077757866745
23178,0.8964747765205628
23179,0.002816252185522694
23180,0.010572450975864893
23181,0.47307014267668873
23182,0.15878641163198423
23183,0.8804948427762029
23184,0.1253202340755843
23185,0.025200488872350216
23186,0.007211336723989062
23187,0.9605214327238026
23188,0.007011025916219823
23189,0.061710872812901156
23190,0.029853963468921697
23191,0.04041026320527712
23192,0.09616566189278815
23193,0.0031619491399519826
23194,0.0018902656794693939
23195,0.13371272861696135
23196,0.015418416262901634
23197,0.46164391856389386
23198,0.05665136167361013
23199,0.1566340211931492
23200,0.9769608217490464
23201,0.008065100257447758
23202,0.6777465354883417
23203,0.22227309697411818
23204,0.06656268202127252
23205,0.018712724548819747
23206,0.9628043292967194
23207,0.10589458880566319
23208,0.655304883089094
23209,0.003189426929370784
23210,0.300968401385026
23211,0.06864699441217598
23212,0.17795579546644127
23213,0.05751778859901252
23214,0.024120174006826974
23215,0.010514777345043287
23216,0.0987815142221222
23217,0.09198331642900894
23218,0.6276022129100434
23219,0.0058625284700718604
23220,0.037585020257183764
23221,0.018934743077215502
23222,0.014295082896854954
23223,0.06075212095810632
23224,0.3734631507582954
23225,0.020407178968413778
23226,0.024113216316510915
23227,0.0028807177557186965
23228,0.008521288128509951
23229,0.015220578953599177
23230,0.04747926768797903
23231,0.02742493380769096
23232,0.0077735754304830195
23233,0.011627913839249946
23234,0.05593195049726962
23235,0.29636818142302185
23236,0.11213748503958994
23237,0.023373231135651908
23238,0.0203577213999646
23239,0.10453674600783143
23240,0.8688599855663405
23241,0.003786864571008152
23242,0.027178019998482107
23243,0.1285052860466167
23244,0.09633617926347428
23245,0.7907170521882594
23246,0.6850652885397688
23247,0.1697178662517966
23248,0.009213759668543332
23249,0.4723081470408657
23250,0.5061091221001673
23251,0.01759611443570019
23252,0.02401078476905467
23253,0.060076238018787725
23254,0.06066876546213575
23255,0.014535415409535736
23256,0.029873217281034016
23257,0.012038998615557446
23258,0.09814837382170247
23259,0.19419312531479013
23260,0.9905520951410881
23261,0.9071038833942159
23262,0.009870576363592783
23263,0.06954187138639109
23264,0.00610429606784794
23265,0.009963215369725918
23266,0.36291124826675686
23267,0.18431931002082197
23268,0.9004876770056334
23269,0.016482852838878806
23270,0.7004781674745568
23271,0.2335692360125806
23272,0.006681435927546932
23273,0.10697298672998311
23274,0.1024274523619006
23275,0.008943280131224344
23276,0.9912910349188566
23277,0.07677844894804026
23278,0.1421875543080766
23279,0.6270510532485479
23280,0.7845509372675834
23281,0.23730598130656266
23282,0.9955693993905046
23283,0.02289134733962557
23284,0.7049968227780294
23285,0.011065422267184601
23286,0.00577490286505752
23287,0.049079518486299586
23288,0.007153622047465898
23289,0.0652767643447656
23290,0.04650685767028563
23291,0.08729409168223036
23292,0.1044604143688638
23293,0.002683879188036022
23294,0.0650546288361116
23295,0.0392974462269425
23296,0.5325080336614268
23297,0.1914451013279637
23298,0.23674683730684068
23299,0.0048081993871810615
23300,0.014193514564353001
23301,0.7151107636350541
23302,0.7702547631874155
23303,0.5107502095387116
23304,0.8732728056708603
23305,0.3726635994603578
23306,0.5374474180438588
23307,0.002993682307415567
23308,0.7990325056370711
23309,0.15825893111116207
23310,0.0009479481120339647
23311,0.38583239091946847
23312,0.14995689004505827
23313,0.008430350175676476
23314,0.18321029495624258
23315,0.010317680189580774
23316,0.511739506952125
23317,0.5271303714754092
23318,0.03566835306145658
23319,0.5048207395136799
23320,0.8397190022653371
23321,0.22110244363301185
23322,0.5709971831669337
23323,0.00475690333446365
23324,0.061060710813096594
23325,0.006022805373219563
23326,0.010462692469701353
23327,0.004188463063477938
23328,0.9092186978740394
23329,0.17870590610650605
23330,0.02464091802045153
23331,0.0036654797586252712
23332,0.05802823375922519
23333,0.1999197193689972
23334,0.039798810383158495
23335,0.09963898585956579
23336,0.005679388197720384
23337,0.056422791138596134
23338,0.7251104910281911
23339,0.6772042228758984
23340,0.4055115862185124
23341,0.1759975349589759
23342,0.008888850544687145
23343,0.020107797975955327
23344,0.03764701759195402
23345,0.29254915081086946
23346,0.10399156905589828
23347,0.09076473349931731
23348,0.03754636878329363
23349,0.009197933107743923
23350,0.08383712411801626
23351,0.9385860086241605
23352,0.008370156680283358
23353,0.05608356464431203
23354,0.24168321905512788
23355,0.6610844417394114
23356,0.02364854676173369
23357,0.2011233081337025
23358,0.9175895438554559
23359,0.051909559819331215
23360,0.015028043870521713
23361,0.05360874715841874
23362,0.053029600352662375
23363,0.16450613715263473
23364,0.35747734657736313
23365,0.46483288361773556
23366,0.004273986130480634
23367,0.01023224343545462
23368,0.10175686693728617
23369,0.1609590850082985
23370,0.037273530501662884
23371,0.20828152252206708
23372,0.36293359600697594
23373,0.015305560696894796
23374,0.10591731893876594
23375,0.017835750569221955
23376,0.9887777602579941
23377,0.008147516373118243
23378,0.9832177338576337
23379,0.507878699157809
23380,0.002445293154635717
23381,0.08315046444232492
23382,0.011127454096370958
23383,0.6376868788510636
23384,0.0026876481760929436
23385,0.08044229746155576
23386,0.025659066542063354
23387,0.6654623351252292
23388,0.6054176648955002
23389,0.3350429538175758
23390,0.9735210823618982
23391,0.015046043093997988
23392,0.004469924384819052
23393,0.09085926470301105
23394,0.3155415392860948
23395,0.0047211750871204135
23396,0.11185318071773241
23397,0.7715263081677928
23398,0.02432541643178683
23399,0.32191789877287474
23400,0.15244735773209578
23401,0.006319466221644883
23402,0.05510760259805696
23403,0.44928980550830827
23404,0.057044971241552826
23405,0.5223149116095614
23406,0.9886809721346832
23407,0.010812251585623482
23408,0.08302114367190062
23409,0.18541843480032263
23410,0.019621705106546358
23411,0.06200191295914018
23412,0.05934999771305146
23413,0.01980772929981255
23414,0.017163665321262265
23415,0.005283645056212672
23416,0.027965691242275614
23417,0.012294618644286806
23418,0.008784272929338649
23419,0.0018217166470512465
23420,0.00540737858948308
23421,0.5043108591258377
23422,0.2519598548608724
23423,0.012249924753488253
23424,0.00886781373534681
23425,0.21036571305223345
23426,0.023242551840088718
23427,0.007784305778802499
23428,0.03648506584807701
23429,0.006385017940264423
23430,0.07354938504963758
23431,0.6468113819670551
23432,0.01370604701688307
23433,0.6066709148267763
23434,0.07482530445860025
23435,0.0075450617838362785
23436,0.6933474690891347
23437,0.04785311456909272
23438,0.08452464906449136
23439,0.17214550617576654
23440,0.09778614380980852
23441,0.0052773017036657575
23442,0.3237098448368719
23443,0.020215796520469623
23444,0.2939627063749356
23445,0.009649737900550645
23446,0.062029379761381336
23447,0.0055783701854867
23448,0.34465409100999805
23449,0.2696786330538115
23450,0.008912464926337673
23451,0.007643877465396257
23452,0.007529652901423156
23453,0.731942544682971
23454,0.981677444426922
23455,0.0044188196697740306
23456,0.007973743794903915
23457,0.9511206354608351
23458,0.14855834636829193
23459,0.10897594849856615
23460,0.01806237995779278
23461,0.03324937752047314
23462,0.016961463798585968
23463,0.2550625512790084
23464,0.021543459623537157
23465,0.3418317802525612
23466,0.14258614861712657
23467,0.008440532926939581
23468,0.051644617362758605
23469,0.04727846955897555
23470,0.02334008739645235
23471,0.01974789209950153
23472,0.7162495788294486
23473,0.8367681012427525
23474,0.06122337639386533
23475,0.0018520453635562672
23476,0.5489493025754779
23477,0.3252032808740455
23478,0.05845383666182493
23479,0.09207137429806095
23480,0.007125418167758186
23481,0.10856940605479179
23482,0.016475471004424595
23483,0.0018922647415305382
23484,0.9257048844447356
23485,0.0055752015624934495
23486,0.004057186000322984
23487,0.0041011933866922316
23488,0.0015517514539306494
23489,0.027090079564278294
23490,0.12506078448561533
23491,0.001729631022325929
23492,0.5055303146860878
23493,0.001993936917213352
23494,0.18333983318024227
23495,0.09434494150325921
23496,0.015729754960521553
23497,0.6323191553894434
23498,0.06516814282211009
23499,0.020583753711436545
23500,0.012173463324781378
23501,0.015043103829540374
23502,0.009283584495258245
23503,0.03447641184877989
23504,0.6843589453724164
23505,0.017109399412739246
23506,0.013654223949358932
23507,0.023426834862726002
23508,0.05567864839000925
23509,0.12071333768671728
23510,0.008935428401656835
23511,0.8099160019510463
23512,0.8048249368796563
23513,0.006214360305042108
23514,0.9588672532272579
23515,0.2086435890352971
23516,0.010754842884671564
23517,0.008262600947291466
23518,0.006692880318393778
23519,0.014084568873766187
23520,0.1698345178451496
23521,0.9052635809146847
23522,0.02475357686201097
23523,0.04422210641287456
23524,0.005664232258241149
23525,0.6022761625455145
23526,0.8798713767996927
23527,0.158933154518155
23528,0.05605639063133186
23529,0.03964087183272917
23530,0.7287851629316453
23531,0.3922798349369084
23532,0.036709838966553485
23533,0.10599154303803938
23534,0.0050387372268701075
23535,0.029459960855715894
23536,0.010731233727449706
23537,0.002602512768175914
23538,0.45790442470901777
23539,0.006549124291801943
23540,0.19652965162928698
23541,0.005465772750274924
23542,0.04593158136411978
23543,0.010154638593284367
23544,0.008995625245816732
23545,0.18102447334061414
23546,0.29973274890211193
23547,0.008217276793871171
23548,0.026514516436444063
23549,0.02908343461749926
23550,0.2921341394152443
23551,0.004438353727082975
23552,0.006631150752428298
23553,0.650051289389903
23554,0.006692482198440928
23555,0.9844010446775756
23556,0.08169148912791026
23557,0.04719271794787376
23558,0.010393737126039287
23559,0.03220033111610494
23560,0.011814050081296872
23561,0.9572447778555687
23562,0.002375718520450874
23563,0.15908772047796926
23564,0.025435641361223584
23565,0.356235061972836
23566,0.025751330657052693
23567,0.3256061656827549
23568,0.055246454620378666
23569,0.679697094577112
23570,0.9681465923306972
23571,0.8910382317981009
23572,0.006562285179070648
23573,0.005101960193044152
23574,0.0054095584281818945
23575,0.017364138620893574
23576,0.023165197086186334
23577,0.011044625395711728
23578,0.0064710203922155405
23579,0.8006246332823305
23580,0.7732913704570648
23581,0.04413225832298238
23582,0.004471082731695381
23583,0.001930631480103057
23584,0.005087493845620755
23585,0.013179850907263188
23586,0.022227333482798088
23587,0.002249790509839385
23588,0.033364927495431095
23589,0.25526961128623993
23590,0.0023100858671196997
23591,0.03175116310191765
23592,0.010480876969274364
23593,0.0074300644967090525
23594,0.04354025059815575
23595,0.938989551376981
23596,0.28174060710907534
23597,0.956458384724693
23598,0.20206675794331705
23599,0.008346843639595829
23600,0.03730037368513648
23601,0.06978277380451967
23602,0.10243878255156409
23603,0.01704467245330793
23604,0.03330901628162256
23605,0.006894085321062047
23606,0.8927085792021643
23607,0.9361676346307123
23608,0.010522072327314906
23609,0.04724048988252622
23610,0.13527592411091877
23611,0.015800027514546296
23612,0.07279158183267427
23613,0.1462036176961687
23614,0.0023438650842884353
23615,0.8503747249453073
23616,0.057919171748214746
23617,0.002228689829914151
23618,0.8941893398315004
23619,0.014379592891898186
23620,0.03826735910156065
23621,0.1554978917089952
23622,0.028444185443936253
23623,0.014339948550257848
23624,0.15356675148957213
23625,0.9777212203153153
23626,0.005584361545616655
23627,0.011097102839761522
23628,0.014724768737842802
23629,0.008723642559415209
23630,0.018682776386082726
23631,0.9847999211287757
23632,0.024665423319998016
23633,0.7713815087392187
23634,0.02011897498132889
23635,0.06716075690469629
23636,0.021118335467051764
23637,0.0022201227356644596
23638,0.1316207092009724
23639,0.009019874264451602
23640,0.001760325897489114
23641,0.009657460099810314
23642,0.0342513738723548
23643,0.08886633036176496
23644,0.21336462419945745
23645,0.0034376962092940314
23646,0.644774909305962
23647,0.002636927329690344
23648,0.1346272515580013
23649,0.13436318211663328
23650,0.9361682078166429
23651,0.03727278901911676
23652,0.07011226075468313
23653,0.979462154068181
23654,0.01150265450005001
23655,0.6033519291805044
23656,0.03792877953943066
23657,0.16590845657170647
23658,0.6932279631883362
23659,0.07445901353966744
23660,0.07630788624482877
23661,0.06421544801621125
23662,0.1816191146164284
23663,0.007311807921391551
23664,0.9599176479094664
23665,0.006840883290507201
23666,0.057429572826604124
23667,0.1853482108716657
23668,0.0027459608857533656
23669,0.909935194632318
23670,0.007132408299630832
23671,0.06387957782580576
23672,0.015560969896093754
23673,0.00417869152706733
23674,0.8012154713708979
23675,0.09059021268045975
23676,0.0043874005703585135
23677,0.12285308477872109
23678,0.8862449512567722
23679,0.053226428277122026
23680,0.24383475406040242
23681,0.15769627289176774
23682,0.002185124797820028
23683,0.18726580585481745
23684,0.0016593717202465596
23685,0.2900020345455924
23686,0.03918354112029677
23687,0.9565570689093374
23688,0.002493151242247981
23689,0.04374570911950515
23690,0.19379562820424007
23691,0.7217182968724272
23692,0.0018414700060671
23693,0.9705382084907607
23694,0.9821285005476794
23695,0.001910438532606056
23696,0.3841858433236671
23697,0.07490998850172025
23698,0.8077684409756551
23699,0.01635412972071552
23700,0.01773827146891288
23701,0.010702528343554145
23702,0.5676329991000888
23703,0.010817646372897114
23704,0.31601711746677774
23705,0.013801190250784485
23706,0.016529390634134205
23707,0.017472346911420997
23708,0.20702532120787617
23709,0.04965836955157634
23710,0.0134058843426272
23711,0.07067625068601295
23712,0.0034217938470712836
23713,0.14895169479433332
23714,0.8621928045225218
23715,0.9628269618759487
23716,0.08790323523599433
23717,0.23326850158163384
23718,0.005332794342707081
23719,0.046130592885094995
23720,0.13933174957868003
23721,0.009654671507341105
23722,0.0049526391325919695
23723,0.9969874960246751
23724,0.05833581399762163
23725,0.00855928368962274
23726,0.013877934342570827
23727,0.13656398698097444
23728,0.32263777206290734
23729,0.002654802809853553
23730,0.9090977314218149
23731,0.010216608838636095
23732,0.008984716761299265
23733,0.08107944217757643
23734,0.9395125699167904
23735,0.026771069177865238
23736,0.010024670158680977
23737,0.013959430362771327
23738,0.03344664753384
23739,0.06628686617833304
23740,0.1055458744337982
23741,0.5004348335056522
23742,0.22063150757788058
23743,0.030694824153319478
23744,0.07392621404883348
23745,0.9664025926781002
23746,0.05194410171077719
23747,0.03198539853025114
23748,0.9454330683898235
23749,0.4454515812384182
23750,0.5805128298358777
23751,0.036055927017454255
23752,0.9726569806554622
23753,0.00747189767354449
23754,0.01652912472779074
23755,0.09043716543272805
23756,0.044268700459668596
23757,0.26147550115017426
23758,0.005104671453270524
23759,0.40492149819620377
23760,0.0381590146356439
23761,0.00659953193258326
23762,0.005366955331973816
23763,0.8706260977056373
23764,0.0033692154534545778
23765,0.015340745452495296
23766,0.010186576240670316
23767,0.032065170245572025
23768,0.8364980616045354
23769,0.059726630022157584
23770,0.2545077561178125
23771,0.009665252301061427
23772,0.1095792226711311
23773,0.016422486276087465
23774,0.18911111298992417
23775,0.5789160697382006
23776,0.0061579713172675195
23777,0.0720966997742626
23778,0.9107369025966292
23779,0.26326569003377487
23780,0.9032927179058212
23781,0.010685419588538735
23782,0.04707317856161506
23783,0.011358777555510227
23784,0.0022592440060337413
23785,0.0032729781901664223
23786,0.6087739049182849
23787,0.37352728125356527
23788,0.034503674383000095
23789,0.4403509351997709
23790,0.7097208982591535
23791,0.007820923786487868
23792,0.01055928603246113
23793,0.002816631710603336
23794,0.0016844534347114138
23795,0.01001517308984521
23796,0.003350099312930795
23797,0.7935076783897463
23798,0.0077541202347033485
23799,0.4374057764000053
23800,0.14469663122562243
23801,0.16105341003701173
23802,0.11097638121526711
23803,0.2904848173577778
23804,0.008856133051719091
23805,0.858037155104566
23806,0.595445939376069
23807,0.11080665656426307
23808,0.014700644455961566
23809,0.8496831445457901
23810,0.007863126111825344
23811,0.4145839548585611
23812,0.9560161892228843
23813,0.03566757616383088
23814,0.003689013836424253
23815,0.024230799470941256
23816,0.008612758274027476
23817,0.8276240329747832
23818,0.0036788136304944045
23819,0.3941660431333943
23820,0.0036512191205182007
23821,0.0042557936536499
23822,0.016663985878761615
23823,0.06397099706544775
23824,0.011290227163481072
23825,0.04050791178710408
23826,0.295065569280565
23827,0.25365653798603705
23828,0.0050957504358532454
23829,0.15763669829010724
23830,0.08609958512869795
23831,0.06202752466492293
23832,0.47575047771098317
23833,0.006609665278074131
23834,0.005404289565240361
23835,0.009552813546497245
23836,0.057886367444633616
23837,0.1702386537925483
23838,0.013246776519590251
23839,0.012682595301316789
23840,0.5411333105117342
23841,0.7355384213230829
23842,0.25757416819043283
23843,0.022520981560264233
23844,0.11718198520121999
23845,0.18763418162335782
23846,0.008233861041999085
23847,0.005487031624457316
23848,0.006856829174467923
23849,0.8963298604491784
23850,0.004830699363114849
23851,0.4920864869523221
23852,0.003446591087132856
23853,0.00453171946830811
23854,0.6189093040263997
23855,0.032814412529336374
23856,0.24517587367503052
23857,0.13224872175704502
23858,0.3162591825520215
23859,0.0047629680789069585
23860,0.01741950247551933
23861,0.0599432346765696
23862,0.009320065860630802
23863,0.007006237261875207
23864,0.004329051206414128
23865,0.08496271538036067
23866,0.011422172425207948
23867,0.9249358582867417
23868,0.41182705275608505
23869,0.033286852076359334
23870,0.023385201012021784
23871,0.5134196987911599
23872,0.12149770902471728
23873,0.036862467752873544
23874,0.6675494133954143
23875,0.0025961587163520782
23876,0.06717711937887696
23877,0.11501680858572629
23878,0.9485915883366516
23879,0.00871440994398251
23880,0.003784668949085367
23881,0.9427377462637145
23882,0.8981388331183032
23883,0.05400000743957018
23884,0.012937649453290002
23885,0.9731484683726936
23886,0.005979306070822421
23887,0.004528580766699323
23888,0.16120781288634578
23889,0.5002961530002231
23890,0.00910969793562325
23891,0.035691505769942726
23892,0.4002205150441219
23893,0.026427464984943458
23894,0.12414082379679324
23895,0.0029034738780566683
23896,0.15107343443693796
23897,0.30872507412206457
23898,0.00871605603455666
23899,0.05967085105183279
23900,0.046827612913372105
23901,0.08517388463888213
23902,0.010427883084398381
23903,0.017113640645386705
23904,0.13007561460959996
23905,0.01191457930810486
23906,0.021230003550876272
23907,0.036686580140162205
23908,0.0033976628496712995
23909,0.011004153192540302
23910,0.019293218166207042
23911,0.010048442431068288
23912,0.060378888306509594
23913,0.009780891118036468
23914,0.011250038274046921
23915,0.0027254893909350922
23916,0.4856368885923198
23917,0.003256839347468458
23918,0.8179074375000903
23919,0.013950442137288301
23920,0.5543654343996787
23921,0.009212371754978296
23922,0.044884485509766314
23923,0.8600709944875179
23924,0.007637676210484109
23925,0.9904581149731939
23926,0.0022683615700262666
23927,0.30845384201028275
23928,0.1273215814922239
23929,0.6321877933619796
23930,0.020218577599520098
23931,0.009898299146167753
23932,0.20483267783211823
23933,0.10345593505534315
23934,0.045499760667033595
23935,0.0076385019326317815
23936,0.04404219360696511
23937,0.09029483693226795
23938,0.033415693620920964
23939,0.19874589552687186
23940,0.15259792608779613
23941,0.9087927718201001
23942,0.17844587232914774
23943,0.005057537783095274
23944,0.1898068801230258
23945,0.03736782071405634
23946,0.0055374500354023115
23947,0.04064741232720674
23948,0.4131081882714845
23949,0.061713756077633304
23950,0.00877634460372373
23951,0.0028845489761084304
23952,0.047995056926592165
23953,0.015481955510746534
23954,0.04914324034338609
23955,0.02136580504084273
23956,0.09366366979693577
23957,0.007944414180593959
23958,0.6717216339540176
23959,0.01693475028087789
23960,0.12358459093627887
23961,0.14837371564464308
23962,0.0013064229734414943
23963,0.29455280567997394
23964,0.05521320669592861
23965,0.008010956560569464
23966,0.00816006039909855
23967,0.007309858365930074
23968,0.032906586543016945
23969,0.09011928968274281
23970,0.8258555059277345
23971,0.0043578187384125285
23972,0.004094397789971499
23973,0.032690977623376555
23974,0.2602262486156364
23975,0.9458828449914432
23976,0.008071934161839807
23977,0.9747932575284063
23978,0.01055110885997294
23979,0.2901700623041568
23980,0.4656457056276361
23981,0.005930237120535796
23982,0.053707486777631694
23983,0.9786393070791246
23984,0.05673024555276565
23985,0.00596044361813078
23986,0.05760436618681696
23987,0.34088339713403254
23988,0.006758440775540954
23989,0.08852323864065133
23990,0.06411325651282462
23991,0.6450328946361852
23992,0.24385990549831793
23993,0.013882655897204116
23994,0.6442976144227767
23995,0.033960516610690085
23996,0.055693888247302314
23997,0.020727360100542953
23998,0.9359414685933242
23999,0.5888478129163284
24000,0.009769680501999216
24001,0.012477648816819198
24002,0.048180832614580504
24003,0.04325151917868958
24004,0.10523989078034451
24005,0.7538434848364471
24006,0.39125380985662644
24007,0.00210460765650061
24008,0.04770294507963896
24009,0.005152930590743009
24010,0.008675115127581236
24011,0.006751369663591302
24012,0.01585759227159025
24013,0.05303571149152931
24014,0.8662866335373955
24015,0.8697531490348231
24016,0.0077810737645413125
24017,0.6629622676981236
24018,0.006386964399808753
24019,0.012581596628157438
24020,0.014672398130370943
24021,0.036602444558851296
24022,0.10718641637886099
24023,0.9933609160141318
24024,0.8898172063781931
24025,0.03345321761619892
24026,0.0063955050196341685
24027,0.07442731012788587
24028,0.009846923616621189
24029,0.24416118116204572
24030,0.009593033115754752
24031,0.004462598744619727
24032,0.11112360759031989
24033,0.010818692299353967
24034,0.02526442013829026
24035,0.005739756230629434
24036,0.17062794749218663
24037,0.01651701725364418
24038,0.18560070536146542
24039,0.8939867333517858
24040,0.001917655474398753
24041,0.9669552850447886
24042,0.7110247574946059
24043,0.09312418215344906
24044,0.6922371026762513
24045,0.967702755144058
24046,0.38852728509720114
24047,0.04593872265485912
24048,0.23928929549965214
24049,0.08269587585053427
24050,0.033857906185665046
24051,0.020325248218961544
24052,0.039537444412270535
24053,0.150270727326736
24054,0.021756168535936853
24055,0.2662010810590228
24056,0.020331984499526456
24057,0.04332923424245885
24058,0.1191763054465231
24059,0.8615372903512033
24060,0.8386865708735847
24061,0.00450106934781481
24062,0.017333029126631993
24063,0.07316603628786032
24064,0.02766046826639182
24065,0.008351137177735423
24066,0.06312954546325103
24067,0.005413024834767104
24068,0.09495658821971963
24069,0.00850789648216425
24070,0.4474324706065985
24071,0.04850665486483003
24072,0.11877464324326995
24073,0.7570129035152059
24074,0.056573248211162094
24075,0.9562573539378458
24076,0.026360437958387776
24077,0.13833967535045127
24078,0.005063916756207454
24079,0.746816177832059
24080,0.26054965333792834
24081,0.0017654207799567482
24082,0.3251936301264671
24083,0.8956524024717806
24084,0.011491463859158125
24085,0.39968573940366736
24086,0.0029058755743415743
24087,0.03775609968159242
24088,0.272839971826809
24089,0.699987117728951
24090,0.11751104787097355
24091,0.04673932864030939
24092,0.005293024106583008
24093,0.04278487219124905
24094,0.07069386599579576
24095,0.0013816896316294696
24096,0.16500328610169218
24097,0.10727266111914262
24098,0.5121301461359523
24099,0.11266198307820559
24100,0.028167393873456518
24101,0.07816096054300521
24102,0.010297635602568543
24103,0.9790217655380677
24104,0.04731316015463569
24105,0.09900097042249371
24106,0.011402977503046226
24107,0.002874374153341933
24108,0.0031282705260814204
24109,0.9341646353769519
24110,0.9620196244965009
24111,0.8058452001580879
24112,0.2187074281492316
24113,0.029051026042546713
24114,0.03282309916015214
24115,0.005213148285367925
24116,0.9725708080635866
24117,0.17783093965557686
24118,0.020500242371150234
24119,0.09089298865711946
24120,0.04005637284199455
24121,0.1762560217834902
24122,0.011848294215581102
24123,0.006990873174355835
24124,0.22795565923602465
24125,0.01427658551431088
24126,0.030556712930975737
24127,0.009088930888005557
24128,0.004713580449762807
24129,0.004268876235430872
24130,0.07302660240752833
24131,0.09123585110368179
24132,0.002261936227428681
24133,0.08913712779496256
24134,0.9544769036796988
24135,0.58680024762959
24136,0.0373463220772922
24137,0.017054431564892662
24138,0.01924288817869956
24139,0.004478358766140056
24140,0.007927339893687312
24141,0.916506461316161
24142,0.06644026161463162
24143,0.9507860851045026
24144,0.7100776099311383
24145,0.023203713010330227
24146,0.1843657637940294
24147,0.17509469576471165
24148,0.03917138700122165
24149,0.03975589383392982
24150,0.1116379336226617
24151,0.4329512767496159
24152,0.9669750142878663
24153,0.08020064700570577
24154,0.5156252477756734
24155,0.0648051118304665
24156,0.1523105615083024
24157,0.0605765373407212
24158,0.26501592726724016
24159,0.04175692842364208
24160,0.06233254185163187
24161,0.9603823589296204
24162,0.012833975411463814
24163,0.04753162713803624
24164,0.05735869365233131
24165,0.044224913453633226
24166,0.049014245339422204
24167,0.8359202215801966
24168,0.041007943469530635
24169,0.0017803661340434751
24170,0.00934783879891612
24171,0.2685049800602808
24172,0.019988993730300428
24173,0.001865922625161568
24174,0.911172632901079
24175,0.056711576952675244
24176,0.028493988840541454
24177,0.041455896221932804
24178,0.9709738198420277
24179,0.04234201870572342
24180,0.19823575363162965
24181,0.46935239195973016
24182,0.008298938782395252
24183,0.013748672337943982
24184,0.3719149518929892
24185,0.8573446968926572
24186,0.03645216270067234
24187,0.008890239103978842
24188,0.009756310761666881
24189,0.05773972271585924
24190,0.2472389934133883
24191,0.009461909495443002
24192,0.9394065481194176
24193,0.004056940643149598
24194,0.007747539375998003
24195,0.016320127484079804
24196,0.10183214288013509
24197,0.6128297592407027
24198,0.003265348339204411
24199,0.7768031597784557
24200,0.09930215734569316
24201,0.009632694157207505
24202,0.248138986189221
24203,0.6394512813383405
24204,0.03659553352055344
24205,0.061913919165860046
24206,0.0690154504070987
24207,0.11536301469179042
24208,0.026937620632380196
24209,0.08607576940052905
24210,0.02375658314126896
24211,0.06209686695499929
24212,0.004776625507656096
24213,0.0988523816649844
24214,0.029778586823967303
24215,0.5182273878717806
24216,0.1672101512815685
24217,0.02392559156029066
24218,0.03453459280279243
24219,0.2298464586946298
24220,0.006696298734018621
24221,0.27940387153804674
24222,0.03413484852819617
24223,0.02251550901781041
24224,0.23144028736383643
24225,0.25716179640367826
24226,0.04164006023207425
24227,0.01645196784358026
24228,0.009404320190823684
24229,0.10772752719617609
24230,0.6355017201886834
24231,0.009841655703287834
24232,0.006447317704113574
24233,0.004459877658644277
24234,0.021355724332257228
24235,0.0930603037238332
24236,0.7796311683845382
24237,0.24540020660935424
24238,0.01890318383871944
24239,0.3705638421567669
24240,0.03818358843191834
24241,0.19114231015125474
24242,0.002145360348089321
24243,0.11634540848062261
24244,0.0341719526539277
24245,0.024508130075223882
24246,0.06916446685519449
24247,0.02182285905605735
24248,0.010176330963671125
24249,0.0022765855726859818
24250,0.010141940276808412
24251,0.012759869318380973
24252,0.0024491000991040185
24253,0.14131523224278358
24254,0.8587937616942716
24255,0.007775646696716053
24256,0.008482508366506339
24257,0.05663904914481989
24258,0.2355011235832771
24259,0.09521960772235022
24260,0.04181511878515056
24261,0.10150170379869415
24262,0.010972828813462612
24263,0.15696198768126182
24264,0.002870520062220479
24265,0.056481515727427926
24266,0.005572166468775029
24267,0.10446570176420084
24268,0.009793209478938492
24269,0.02968860584373771
24270,0.9113728064667519
24271,0.006368656652785539
24272,0.01769020035494832
24273,0.0094217015908267
24274,0.04843595040892212
24275,0.882418630763478
24276,0.03008688932465886
24277,0.15826750741638448
24278,0.06506289858779647
24279,0.0056054758622613495
24280,0.04917556637207748
24281,0.05031345994856066
24282,0.6548875616797047
24283,0.007730544494467605
24284,0.00942476008092409
24285,0.021423704079506913
24286,0.13534147688838222
24287,0.35933438179242444
24288,0.7023903540873502
24289,0.035312385486574845
24290,0.12432179922902496
24291,0.028412435568961687
24292,0.047788923123606546
24293,0.02313500181382806
24294,0.12269724604291828
24295,0.00969248364471986
24296,0.015462542234249555
24297,0.013398588393722278
24298,0.40965278457988835
24299,0.2002091552861076
24300,0.009835441606297598
24301,0.06716891362904853
24302,0.009765008634207688
24303,0.004692694905555823
24304,0.0025705549901716834
24305,0.019306785574170256
24306,0.0021391065582402778
24307,0.9063758525619648
24308,0.925053110837174
24309,0.009864408879424955
24310,0.036443929899385406
24311,0.11227157755991805
24312,0.004346250468022825
24313,0.004672988395821811
24314,0.014794655123268548
24315,0.015457674201010454
24316,0.022618531793580324
24317,0.16051573506365774
24318,0.8314923715931455
24319,0.8806346122455783
24320,0.004664762247575
24321,0.008725785466056119
24322,0.042327744338526346
24323,0.04058069079758116
24324,0.009865268673297645
24325,0.971990526773397
24326,0.9959780872764555
24327,0.019803705207456213
24328,0.008462799822980288
24329,0.014193953618548952
24330,0.5111054349310478
24331,0.006512750652243225
24332,0.008017974218184839
24333,0.0228971962928746
24334,0.16235455382061084
24335,0.4020420993210068
24336,0.9978866483402504
24337,0.28784483065424066
24338,0.07044060389441788
24339,0.6981516728640994
24340,0.07314358786223968
24341,0.1003687772286224
24342,0.1324009444880807
24343,0.006517876924476268
24344,0.0030897526462630117
24345,0.16580140501201335
24346,0.023393431204467924
24347,0.16111134409718664
24348,0.01882858396446172
24349,0.9052814100416671
24350,0.06679330765802567
24351,0.007576272354653164
24352,0.3448025271857242
24353,0.002079666585038221
24354,0.02500874674896343
24355,0.05159369582974278
24356,0.009410456874960308
24357,0.06346730922837147
24358,0.010346227822552257
24359,0.008362662553824698
24360,0.016346551077088756
24361,0.128739710390393
24362,0.004724420984315243
24363,0.9551022310283269
24364,0.06155822619912867
24365,0.031764129077382616
24366,0.004417908539869773
24367,0.17593459060242614
24368,0.07993456008033806
24369,0.0032937877862070065
24370,0.0018026983130644389
24371,0.08921256440897336
24372,0.004030631281188918
24373,0.9475346320832033
24374,0.0834985399122061
24375,0.8464799291260545
24376,0.1437065080363073
24377,0.05402173614028415
24378,0.0075125790070688985
24379,0.6852326672550932
24380,0.9252344877387126
24381,0.654671193956094
24382,0.0019171447983722283
24383,0.29838847086970965
24384,0.45462817438200737
24385,0.01614735758312106
24386,0.24936859200219602
24387,0.6010443516834527
24388,0.00724352663726334
24389,0.010396329223218877
24390,0.03573055945131441
24391,0.6165792256734824
24392,0.17062194355545987
24393,0.02960630515447035
24394,0.02520899089075701
24395,0.05649516508244164
24396,0.8937335164434551
24397,0.013363150849311212
24398,0.00528789284691988
24399,0.002873923357003842
24400,0.02242050414820394
24401,0.014296127064448164
24402,0.007143379115357301
24403,0.9518106804247269
24404,0.02603064642099577
24405,0.1578412318266251
24406,0.014851806893446595
24407,0.4239075059038934
24408,0.7669271286339855
24409,0.012650452477349559
24410,0.7693140340443256
24411,0.014272711841490848
24412,0.15338548924838807
24413,0.03636010458667812
24414,0.03058768013939189
24415,0.00217693129429003
24416,0.006574571602990142
24417,0.005345191288685961
24418,0.8856028604918683
24419,0.01751830445486793
24420,0.013448858447676697
24421,0.011344952684978274
24422,0.7341590415220203
24423,0.007319779700187008
24424,0.00583472514846465
24425,0.09759054740604312
24426,0.2506639184845835
24427,0.011302053605004886
24428,0.08133853284277218
24429,0.6026203920345099
24430,0.12175502288807183
24431,0.04261590883325157
24432,0.0038066060280157106
24433,0.028507005628576273
24434,0.007608908080081411
24435,0.23214479256242374
24436,0.18417664485350566
24437,0.4193267547488492
24438,0.0029015340835104467
24439,0.03585827496240173
24440,0.006598895174462026
24441,0.014075474714404245
24442,0.037163775792749355
24443,0.5369130875399175
24444,0.09113749014135972
24445,0.9421689810267724
24446,0.16157109409378728
24447,0.3254889603824428
24448,0.0021874371435080253
24449,0.2737198614242142
24450,0.006785263287106097
24451,0.09372114475399562
24452,0.5778168244956392
24453,0.2777896929806678
24454,0.04262198719336733
24455,0.04315647977914085
24456,0.07290097142356193
24457,0.08483064184654283
24458,0.0073564146944899555
24459,0.10250875441288075
24460,0.0031444137513345896
24461,0.02287260423564851
24462,0.7983786774002216
24463,0.008159005240629525
24464,0.2690979063214534
24465,0.6780349999267077
24466,0.60474371930165
24467,0.0806067669352759
24468,0.004853760240921828
24469,0.005868024730223088
24470,0.01594448068631428
24471,0.9883495263772369
24472,0.055003205164103994
24473,0.8591854221986577
24474,0.08960978460197484
24475,0.003925626384968434
24476,0.01252169447745754
24477,0.06034413986781134
24478,0.20259857249909421
24479,0.012838178133016258
24480,0.022264004178185852
24481,0.004111436536942323
24482,0.6433309676033129
24483,0.0459978119022909
24484,0.03524706127486779
24485,0.004770273993329831
24486,0.008486064445184434
24487,0.10491273721122119
24488,0.27851894816482364
24489,0.01945001775876527
24490,0.028531800790580406
24491,0.5238572715589043
24492,0.1364055833609874
24493,0.0045135040899875085
24494,0.06897927782144112
24495,0.017545013809322312
24496,0.009038031268623518
24497,0.07255487661837343
24498,0.13767103032923428
24499,0.011991929525721647
24500,0.004046105707915338
24501,0.44169623091501525
24502,0.01894831042947941
24503,0.003677727364690838
24504,0.0035902732914422303
24505,0.0056565230021212555
24506,0.021239302527886524
24507,0.0035833135875704444
24508,0.0018385152382467739
24509,0.07169044866387347
24510,0.08271308755075031
24511,0.30638188532367217
24512,0.07701042072962978
24513,0.005338939802752937
24514,0.821331952015778
24515,0.180088419221159
24516,0.013629060487559824
24517,0.005173795570398498
24518,0.9779776493758157
24519,0.976426362347441
24520,0.005198235067758167
24521,0.10626010055007197
24522,0.008388449351227316
24523,0.9335176011752806
24524,0.02789323436701085
24525,0.20674436296747656
24526,0.0023908907942714747
24527,0.004026464639528888
24528,0.11825118030742118
24529,0.008742699348886666
24530,0.011014286681524712
24531,0.0036680442690712445
24532,0.9703849940730409
24533,0.49727555258020767
24534,0.14774382038468803
24535,0.16413592858558668
24536,0.22837009937010253
24537,0.11981885973267677
24538,0.042560072879372954
24539,0.2479563936290496
24540,0.8074703087871348
24541,0.024444643855776414
24542,0.16647265462829655
24543,0.028251249912769446
24544,0.2033460050733416
24545,0.008057600807506808
24546,0.30416529591777647
24547,0.08450084895364496
24548,0.9753386352291683
24549,0.04686283878660853
24550,0.01581410447306569
24551,0.002778540567375052
24552,0.005157037942240822
24553,0.007053468650935788
24554,0.019018751276221837
24555,0.02879460659265307
24556,0.0023871692999740124
24557,0.10636254247059007
24558,0.9890490620423664
24559,0.03511340577414528
24560,0.9344413329482835
24561,0.361988335978533
24562,0.9689073740971652
24563,0.014092339061866927
24564,0.0071746829818869215
24565,0.12439603999265748
24566,0.04188691211777326
24567,0.02077322841645247
24568,0.6279945784647403
24569,0.009958206258474421
24570,0.237198566565279
24571,0.002645578231857151
24572,0.11605974342638914
24573,0.0014590887096379858
24574,0.013312045081770021
24575,0.008823177758503248
24576,0.9695494714481911
24577,0.009828720201334896
24578,0.0027545097542008737
24579,0.8622750473149476
24580,0.015968051282818377
24581,0.9798632877124593
24582,0.41703654804224727
24583,0.977136609446976
24584,0.9379342426307296
24585,0.005699418106281477
24586,0.03007847644048473
24587,0.14020197373503426
24588,0.02594222085424674
24589,0.028506146852220148
24590,0.21839307335399258
24591,0.0013954303544465956
24592,0.26739916057831314
24593,0.05705558112982263
24594,0.4129039794152937
24595,0.006680266823349646
24596,0.9452590536532485
24597,0.12520405520529596
24598,0.0035006877246338383
24599,0.012301658333817895
24600,0.09536319691000712
24601,0.3497915214918822
24602,0.01311224970306943
24603,0.0037957161036392684
24604,0.002733501085108931
24605,0.006891166710964291
24606,0.8868627229686463
24607,0.0034474887992653348
24608,0.026549616893531785
24609,0.4550658630881426
24610,0.0017361733184435204
24611,0.008089194330040036
24612,0.7416027815666235
24613,0.014555601134924292
24614,0.008567682959733822
24615,0.08510337062605199
24616,0.9565625319027159
24617,0.045969999266339504
24618,0.8824661035182516
24619,0.02807793098800323
24620,0.1647838377439077
24621,0.40987234887902324
24622,0.00843233491444362
24623,0.1987361055538908
24624,0.0028155983770601378
24625,0.8584101143474697
24626,0.33394096391974276
24627,0.01007963621281986
24628,0.10739660697454326
24629,0.02392866946341044
24630,0.36017599663738226
24631,0.01252181915920763
24632,0.004338787179403217
24633,0.0027079218006277363
24634,0.1800431553248024
24635,0.052619859981421255
24636,0.11693589973304047
24637,0.3770522194191293
24638,0.006972497915262302
24639,0.08568807767731496
24640,0.0019809464889850637
24641,0.4153865471548209
24642,0.728791673236028
24643,0.008019062957939705
24644,0.03357626332221598
24645,0.24060823103258466
24646,0.5294160788808712
24647,0.30503747238852214
24648,0.2997225321466385
24649,0.01408769748287546
24650,0.03217536865788357
24651,0.027428410942610847
24652,0.14542383641901707
24653,0.3942340437525743
24654,0.967071877777729
24655,0.0251459272584085
24656,0.003709859244993448
24657,0.7775293038579308
24658,0.6139557096854035
24659,0.006016682837877799
24660,0.007271355239656774
24661,0.07303148340856593
24662,0.8782258924012585
24663,0.003945685830270693
24664,0.09666107329447302
24665,0.009076283016949929
24666,0.013912680322838895
24667,0.20076740857654424
24668,0.684679038135139
24669,0.4769277083308858
24670,0.49387010272834797
24671,0.9771413277264205
24672,0.04644606927448249
24673,0.005525455783682448
24674,0.10295195104949252
24675,0.010080777206405878
24676,0.0032771708957825877
24677,0.9362002832269949
24678,0.9669369399280613
24679,0.0707651225515519
24680,0.8034273971178172
24681,0.014825917060508337
24682,0.004055144682058344
24683,0.05908915644776863
24684,0.9679468834069714
24685,0.0426499564341999
24686,0.1623982129045184
24687,0.06628347530069907
24688,0.6041348963176686
24689,0.5759955004459426
24690,0.009929931363659628
24691,0.008780620069750217
24692,0.8208897261657957
24693,0.052004551151923456
24694,0.04782632847891695
24695,0.029833800341382034
24696,0.2885503345976051
24697,0.0024035821666210573
24698,0.012483051890196821
24699,0.5506213397041786
24700,0.04305141765944428
24701,0.002385808143205799
24702,0.04542312046056022
24703,0.008679981571666282
24704,0.08326754317197574
24705,0.1956202844306747
24706,0.18130257320216583
24707,0.5751203584607385
24708,0.01255454246080324
24709,0.08922355116511951
24710,0.03200418709094632
24711,0.03713414089167624
24712,0.6712117505387981
24713,0.1287713014375162
24714,0.1827325932093205
24715,0.028952006616212726
24716,0.3518011076758858
24717,0.015449326409380218
24718,0.0057171666571901565
24719,0.2959348919509391
24720,0.2234402325627408
24721,0.3349240613176061
24722,0.005117050870236378
24723,0.0032435170880604426
24724,0.05201474606599219
24725,0.5371104669917527
24726,0.16024863116300644
24727,0.00926022396692693
24728,0.8658475568047117
24729,0.043139518968863554
24730,0.0020302238905937175
24731,0.037309627304833996
24732,0.10013246879313474
24733,0.12289049968529918
24734,0.2016598234582011
24735,0.006154050787104523
24736,0.19956156224121074
24737,0.0031599351441404045
24738,0.14393234337284078
24739,0.0020488609828301333
24740,0.24375030920568977
24741,0.03502949455775853
24742,0.40378537448929785
24743,0.004211748412447392
24744,0.15383328836774496
24745,0.1656065082539205
24746,0.01583477180819544
24747,0.11046161089805304
24748,0.7025686918968979
24749,0.012186352210138607
24750,0.08023265051694435
24751,0.03164105247197951
24752,0.007127340213157046
24753,0.07954601444074659
24754,0.20614091756249756
24755,0.009304549079123415
24756,0.0041764773477493
24757,0.45251321824831175
24758,0.023904568411137483
24759,0.004523183480375992
24760,0.005956682272418022
24761,0.005053176460899232
24762,0.35096242453214166
24763,0.05654545749233121
24764,0.006587140356444183
24765,0.01468350357892797
24766,0.02426418443788865
24767,0.0760728236648145
24768,0.02404633666387163
24769,0.024699881221608728
24770,0.00985313803664841
24771,0.0034555902440671915
24772,0.15218638335840928
24773,0.04894817619835227
24774,0.22419812289683783
24775,0.007088325884704182
24776,0.15905367418750885
24777,0.01365155679828252
24778,0.8164766282725556
24779,0.01939282955596246
24780,0.008023495631129748
24781,0.005681493938778174
24782,0.9006221872168068
24783,0.06648212717686054
24784,0.43175048612460826
24785,0.32180078170631365
24786,0.2071032050779163
24787,0.003141039666004695
24788,0.7484443212315576
24789,0.02855579839096783
24790,0.0043646900933954035
24791,0.1846983707531746
24792,0.007865559612012305
24793,0.5836003011280478
24794,0.008551162305843487
24795,0.014450158864374266
24796,0.9794365337881796
24797,0.005629776403025557
24798,0.004191179176141852
24799,0.06896353657931156
24800,0.043428931861807095
24801,0.003389131806059828
24802,0.7919414265919756
24803,0.002458108934887811
24804,0.009070391876036464
24805,0.01751038071487265
24806,0.006228591160754004
24807,0.047359803113160064
24808,0.002485791162681941
24809,0.15738488715662907
24810,0.01505429036636825
24811,0.10581838263551901
24812,0.006769612121346651
24813,0.1905279655670289
24814,0.15698405884896616
24815,0.0031210111901744247
24816,0.005469220912599682
24817,0.06717240114809352
24818,0.01461994802168629
24819,0.5704476147039396
24820,0.8896586357873884
24821,0.005963523438948289
24822,0.010116124281789622
24823,0.07195596371857932
24824,0.11518426461469486
24825,0.004573945416507638
24826,0.7467979051848063
24827,0.0032950000889524753
24828,0.02797206382510833
24829,0.01125100748614988
24830,0.40022475421087494
24831,0.007260065496003497
24832,0.009948582139074374
24833,0.040247088232292054
24834,0.04397785883547255
24835,0.03321993630917529
24836,0.05465587778168332
24837,0.007935758388944308
24838,0.40944930997434226
24839,0.3054333262379156
24840,0.907468987656093
24841,0.9273209300879491
24842,0.003495928430086252
24843,0.11570895581550493
24844,0.011609721318904727
24845,0.0038821871724803664
24846,0.004756113761438975
24847,0.6859791556792482
24848,0.010843660725511075
24849,0.019626932365811624
24850,0.03520881243848097
24851,0.3610698237588818
24852,0.44572490278088817
24853,0.021966279349844537
24854,0.005124682046834167
24855,0.9763277526773825
24856,0.0030583519516086356
24857,0.012027533776501799
24858,0.031184946320300534
24859,0.032875928288076714
24860,0.0916419911604204
24861,0.31176218913578835
24862,0.005030208220784164
24863,0.608933832987871
24864,0.006694534951051307
24865,0.18686000528789296
24866,0.9958893689635274
24867,0.6772861065537139
24868,0.0348605942218698
24869,0.04140731312322235
24870,0.484834513300428
24871,0.1439417323343066
24872,0.01645605917874567
24873,0.012260233774894914
24874,0.07833169301884707
24875,0.054592103186050366
24876,0.09847966550352776
24877,0.35277760622161647
24878,0.0216201794110285
24879,0.3702510271898901
24880,0.2564848187876731
24881,0.12152328987318467
24882,0.011597872637811464
24883,0.6521449666111412
24884,0.18830100665176513
24885,0.2394075163361215
24886,0.22952284022330474
24887,0.03288301219874051
24888,0.08543690309561633
24889,0.8683746148707142
24890,0.04495542696160142
24891,0.053459783308206485
24892,0.018998066919385125
24893,0.20832075270543335
24894,0.03427087097197382
24895,0.9648278123572273
24896,0.9721456651783823
24897,0.10781480688423159
24898,0.969165852778254
24899,0.020192331760058323
24900,0.08670647838555477
24901,0.017997681212110747
24902,0.5455102187408294
24903,0.007620495127235375
24904,0.010292985206229966
24905,0.5421780943764427
24906,0.04344015818932508
24907,0.7239329683514613
24908,0.31889674242804433
24909,0.013899173495327431
24910,0.012424942759799822
24911,0.0053148048157886305
24912,0.09782567343239365
24913,0.017551338957900908
24914,0.007608188667283328
24915,0.01837862459825894
24916,0.857347906974956
24917,0.04136074064395274
24918,0.5531552456279775
24919,0.004460310648614644
24920,0.16774129264929025
24921,0.7528044264740448
24922,0.006669102342453294
24923,0.05676568041307011
24924,0.011261028898486217
24925,0.05608894171453186
24926,0.003282737733233656
24927,0.22997531295956794
24928,0.11537605892889274
24929,0.0958469031826576
24930,0.2766457671992716
24931,0.9302308833420185
24932,0.06987315226777954
24933,0.02445530887395047
24934,0.011640375964945578
24935,0.010502524210000187
24936,0.22229687267585785
24937,0.9435800251338997
24938,0.9785106272777891
24939,0.023062821121238992
24940,0.02974281765839654
24941,0.02287975286081526
24942,0.004802429530341841
24943,0.005872494416880931
24944,0.002349664315018085
24945,0.0025663320930604033
24946,0.006923301629489897
24947,0.04984697443668754
24948,0.012040864181450266
24949,0.007882264437481568
24950,0.0628272812574144
24951,0.08146101597841388
24952,0.037198618145226015
24953,0.0153321287922146
24954,0.07818963679513098
24955,0.09974366385410621
24956,0.10457682999558646
24957,0.004061438933468861
24958,0.01486753992584589
24959,0.20043036291254637
24960,0.8610280693497836
24961,0.01030100889069598
24962,0.002353560572999893
24963,0.0037629626853281015
24964,0.003981319770898795
24965,0.007235825589608115
24966,0.8149085918670709
24967,0.003538464913232387
24968,0.027168455777721628
24969,0.9316581100970653
24970,0.71701937951243
24971,0.03670454134987223
24972,0.02838875804306017
24973,0.009742791850136096
24974,0.014952914894685365
24975,0.2741664097427069
24976,0.137685562591172
24977,0.0023547200556465167
24978,0.013751668515815801
24979,0.13120867864466762
24980,0.005608967932213293
24981,0.44479519037174187
24982,0.014768043026790403
24983,0.009560164199425784
24984,0.021447980423713427
24985,0.5053903192930802
24986,0.9418491521471394
24987,0.04963589909876385
24988,0.004427152677441035
24989,0.7774085812004377
24990,0.8667426867243836
24991,0.3412409151663603
24992,0.0026924387705918075
24993,0.04400877089770701
24994,0.9805791675484705
24995,0.004218400123462983
24996,0.005933291330519953
24997,0.004155178122508647
24998,0.08166934922265551
24999,0.15566330216187965
