id,Exited
15000,0.10250619875758583
15001,0.009832720402442116
15002,0.05185071598513413
15003,0.49355503019608216
15004,0.03252075304777929
15005,0.13366126449219998
15006,0.025433510999201756
15007,0.02834453693138853
15008,0.023145771990884113
15009,0.017339003443539155
15010,0.059408109026105604
15011,0.9806741080940674
15012,0.05012492622013725
15013,0.14448634387893927
15014,0.03863387957661217
15015,0.011310422422453661
15016,0.031393417757604035
15017,0.012815669953790465
15018,0.3898127291556352
15019,0.021559402919275616
15020,0.011268928614482882
15021,0.014768901624362623
15022,0.9896549883097873
15023,0.24047615059775765
15024,0.02405924342874964
15025,0.6793294706807584
15026,0.7205497760610792
15027,0.011030849728326039
15028,0.1120569861503884
15029,0.6450602347961183
15030,0.5743629189916754
15031,0.32569624943883413
15032,0.06747452413062738
15033,0.17876626616302782
15034,0.7250274670466595
15035,0.023111371537177204
15036,0.010492682090792743
15037,0.646095037952341
15038,0.047908149210567436
15039,0.02169891009568852
15040,0.18580033515474792
15041,0.007347268328454274
15042,0.0053577732507819435
15043,0.016367628495766257
15044,0.0028450855156377203
15045,0.027774935262645826
15046,0.2832866711859991
15047,0.8958563161290375
15048,0.0065156382753143284
15049,0.4825874467396848
15050,0.024134287914547956
15051,0.03634006360958994
15052,0.024376178767274777
15053,0.5676285842679266
15054,0.21731080333797426
15055,0.010442058475108127
15056,0.0038218677095989066
15057,0.9700522725725069
15058,0.8703837755507656
15059,0.13690691143855954
15060,0.0044770186240011625
15061,0.0036706201866975726
15062,0.7852661558811774
15063,0.7995844536771952
15064,0.01804493252017263
15065,0.03116947468118342
15066,0.030674879969914897
15067,0.9745015662990552
15068,0.9288634006914624
15069,0.014880619190115017
15070,0.7859854924791239
15071,0.019301466450579792
15072,0.6077149447874999
15073,0.66270597557808
15074,0.013028562119894747
15075,0.0064942863484745705
15076,0.002340583122564378
15077,0.028641815855786595
15078,0.003068566887727649
15079,0.09681937364767398
15080,0.8745635971566658
15081,0.06202766180202737
15082,0.06995742947892701
15083,0.06979058772470588
15084,0.004384044402341831
15085,0.01496958414161268
15086,0.6976960720582751
15087,0.002475979589957058
15088,0.01925246417674159
15089,0.03727112301367732
15090,0.009304505140534332
15091,0.016766039917370662
15092,0.0032383662375670523
15093,0.08722155536946781
15094,0.013872928903591372
15095,0.01102455255844143
15096,0.38245535151250715
15097,0.003719298936364685
15098,0.017866591030555677
15099,0.1877501121713488
15100,0.017095058099010376
15101,0.7288971243858036
15102,0.5312052063497078
15103,0.40691191729902526
15104,0.22518264253429227
15105,0.10544908033633876
15106,0.1117719144297883
15107,0.9731431733797182
15108,0.022434466428076994
15109,0.009636349380833204
15110,0.27030602646804813
15111,0.017660771398926658
15112,0.20781376633864956
15113,0.015382810403369548
15114,0.016862983081370464
15115,0.031121915754566177
15116,0.005822223962076951
15117,0.95979031638749
15118,0.03407598230768925
15119,0.07126014464358521
15120,0.010147458742063667
15121,0.2019717870619389
15122,0.0143480928085818
15123,0.026755115328849683
15124,0.28455179410645487
15125,0.007765281240152823
15126,0.9263110855298767
15127,0.003860423121013741
15128,0.06472913770798658
15129,0.08495987423443918
15130,0.0020380476124855604
15131,0.80893839910556
15132,0.04061976454058383
15133,0.07389756950339477
15134,0.004965113501781362
15135,0.6372021531692607
15136,0.48910194553086966
15137,0.14055401843792342
15138,0.040622418600308054
15139,0.006589422579688614
15140,0.008324075590483003
15141,0.9402250123755189
15142,0.003756551354053832
15143,0.8366908425334819
15144,0.20644486377727592
15145,0.015931385851136726
15146,0.010449281157521825
15147,0.49375308978315774
15148,0.014059276666614865
15149,0.9599347706521107
15150,0.05533461093036407
15151,0.3307447181633201
15152,0.93201331472672
15153,0.1077797688732538
15154,0.8047610031796695
15155,0.14277779724693962
15156,0.006767168065385895
15157,0.08238760262254856
15158,0.37463364812843863
15159,0.6427107302185702
15160,0.31727954760223803
15161,0.0034602004654981657
15162,0.002810239830595068
15163,0.007299831545587081
15164,0.0031926742110977555
15165,0.08539518028938133
15166,0.9333539214175848
15167,0.16156717567040024
15168,0.07810378612401105
15169,0.016299286879939843
15170,0.25299430050929683
15171,0.006473178529010949
15172,0.052294678788774536
15173,0.9659933154685328
15174,0.7341845327609346
15175,0.11645583504635136
15176,0.006641021798475397
15177,0.18373224276919153
15178,0.0763230190331867
15179,0.01097294729302007
15180,0.44784796418685174
15181,0.9763956508746816
15182,0.13255538228345198
15183,0.3619310833464139
15184,0.008644949095724865
15185,0.5980331806636165
15186,0.0510040276521266
15187,0.007865874727901448
15188,0.02085973316145601
15189,0.007339452368392163
15190,0.08454198297049315
15191,0.00900646094641433
15192,0.17622536370632666
15193,0.1807743413458658
15194,0.6724997791807417
15195,0.21469126096934837
15196,0.32634109242522547
15197,0.0022184780263563033
15198,0.5361399177406506
15199,0.041314369881625373
15200,0.17974013538144173
15201,0.019280519273355185
15202,0.0030370816765224956
15203,0.004432468501950591
15204,0.004557667022317854
15205,0.1663429359432812
15206,0.0650286869672035
15207,0.09494008352548917
15208,0.012525994026475067
15209,0.14389581094394657
15210,0.008741272241960717
15211,0.0344272517819184
15212,0.60973738397735
15213,0.019432823417726234
15214,0.038493209198487484
15215,0.030459162970577082
15216,0.7344306847351381
15217,0.029606509101212007
15218,0.027631760443167154
15219,0.01182209184430927
15220,0.016074457660822293
15221,0.02343524090491495
15222,0.07247096868831651
15223,0.020315727187757197
15224,0.018318404131316482
15225,0.6549589812423459
15226,0.505014691579126
15227,0.02989516838644253
15228,0.6676220817706715
15229,0.1033957216672228
15230,0.9451526248409078
15231,0.6113619293443793
15232,0.036093266850437164
15233,0.11071002994768815
15234,0.9958871183482768
15235,0.005706616222894558
15236,0.17299320615851055
15237,0.1366397975175845
15238,0.007496718298643199
15239,0.011375279258751042
15240,0.22008965629917981
15241,0.025098531825806472
15242,0.28143316193822754
15243,0.8057129283478736
15244,0.01952915357753561
15245,0.8739851210877789
15246,0.13190924837417098
15247,0.09584254706992866
15248,0.18482338881253985
15249,0.03791008302658645
15250,0.006922428159758202
15251,0.018658706160292755
15252,0.3548314079549043
15253,0.11275590885991064
15254,0.008595114595165767
15255,0.00896070623873073
15256,0.005185111183611791
15257,0.036503506982603795
15258,0.8785673118765169
15259,0.12564215802162543
15260,0.002523369583876173
15261,0.9867218181252617
15262,0.018573921224585527
15263,0.8600430621935871
15264,0.21543618031662157
15265,0.37075691978416264
15266,0.06890233484125677
15267,0.08151434455796001
15268,0.007803729705661969
15269,0.01900405793584993
15270,0.10348802328923061
15271,0.05554669176012864
15272,0.08701337118366095
15273,0.03895782860711735
15274,0.9396686825134084
15275,0.9031956707082462
15276,0.08654675923305377
15277,0.005494113262549338
15278,0.007282925681841193
15279,0.03704555186884013
15280,0.9734831094956864
15281,0.025317736276394505
15282,0.18262202461313937
15283,0.6867892521039507
15284,0.006354242078108508
15285,0.9410115570860906
15286,0.0020203252291409787
15287,0.018417864847945973
15288,0.014015633840497959
15289,0.03589081667579171
15290,0.002194829562373064
15291,0.010017371002513108
15292,0.09055473753988805
15293,0.9784127632252496
15294,0.017022739295634817
15295,0.09575826867519248
15296,0.04525110533973251
15297,0.005858729130258203
15298,0.0026322373756593877
15299,0.0026126454040355475
15300,0.031225854937168486
15301,0.2276592519349468
15302,0.19318823034682206
15303,0.0068157529434675155
15304,0.03733232210199273
15305,0.1767401281938392
15306,0.03009652520258496
15307,0.696390831277656
15308,0.0024348846754507617
15309,0.9594457734264276
15310,0.6366993656384387
15311,0.29760263069224535
15312,0.01822224192927765
15313,0.010576921767177207
15314,0.00264625603976434
15315,0.007784167852629681
15316,0.12665458704113555
15317,0.03634407881856697
15318,0.4657351991087119
15319,0.0028030159481365687
15320,0.023876317000345385
15321,0.011196863180528859
15322,0.06667590593720071
15323,0.002390629377286849
15324,0.8688157916019056
15325,0.001961828233801214
15326,0.032520374401523736
15327,0.3579810797770254
15328,0.11133088102380335
15329,0.0029608666489187962
15330,0.032420129125080896
15331,0.02985734498816657
15332,0.005988169513959595
15333,0.019127253310370376
15334,0.20460045986433
15335,0.00884282097685471
15336,0.09708796573111922
15337,0.04728546023032951
15338,0.14996001306021575
15339,0.031791015567039824
15340,0.008160305474930237
15341,0.0028141330398789356
15342,0.9438351539685279
15343,0.05727154871431752
15344,0.09053507590760242
15345,0.13984206499084637
15346,0.8627647263894528
15347,0.10774474425722715
15348,0.04274157099086523
15349,0.026837849651196358
15350,0.009564586664852442
15351,0.014895220713852655
15352,0.05276735477421458
15353,0.32665166058204786
15354,0.00787430665323403
15355,0.05171629157921114
15356,0.651983464737312
15357,0.007686506257359254
15358,0.03515375867434468
15359,0.0022708437451607294
15360,0.014583488624348278
15361,0.0061200373242460875
15362,0.016361265426411732
15363,0.015207614527041294
15364,0.056202337793350356
15365,0.5820476981602383
15366,0.28080357663034666
15367,0.8356056090191791
15368,0.012198142817036224
15369,0.02732224654835658
15370,0.5354522852974912
15371,0.018157391147139535
15372,0.014336008628594667
15373,0.27287896994289146
15374,0.2355279478365261
15375,0.054826910240435685
15376,0.26041080924985865
15377,0.7489129255687377
15378,0.15004156269950727
15379,0.8209100303522862
15380,0.7924497878093227
15381,0.0178461977873337
15382,0.005702226207395146
15383,0.004667942745497271
15384,0.47950731521344786
15385,0.1780040803241478
15386,0.13421583819425562
15387,0.09297198021874992
15388,0.017514131931598367
15389,0.05228010427788439
15390,0.2105382725998112
15391,0.2480373238183565
15392,0.003956093252639017
15393,0.006427050615832439
15394,0.005540552653918789
15395,0.008851547069942957
15396,0.05999533850686144
15397,0.012969403513454374
15398,0.018760356809155363
15399,0.01495545373516538
15400,0.7624332118397774
15401,0.16356934939349896
15402,0.00922312240621898
15403,0.0697475971496369
15404,0.03864299887916646
15405,0.03458167835783054
15406,0.24390341906542612
15407,0.06485550442661182
15408,0.0693916897440354
15409,0.5064790094843599
15410,0.34555738152136883
15411,0.007329814693774877
15412,0.0600189434933151
15413,0.8422305891074438
15414,0.9769060734375214
15415,0.010207855356075515
15416,0.006781083544047418
15417,0.31580371415837794
15418,0.06219506689826449
15419,0.4497034441520504
15420,0.02896738376281555
15421,0.03375102266476455
15422,0.16144724512227304
15423,0.1493001294814671
15424,0.014893679991750845
15425,0.9551006076837301
15426,0.4331978825294642
15427,0.03254138355145291
15428,0.06641602210058169
15429,0.08180118574910702
15430,0.002492277506711886
15431,0.020165484043263036
15432,0.04924485577651781
15433,0.0027890455453947385
15434,0.00993501744412128
15435,0.006316058008457934
15436,0.046172619516513566
15437,0.0937896240408719
15438,0.019734088557340823
15439,0.016339602878304493
15440,0.024896977504718126
15441,0.9006274911753049
15442,0.6633769659217646
15443,0.5654523414168274
15444,0.0090347475204617
15445,0.008040526289335898
15446,0.09129315324865524
15447,0.010887663314185236
15448,0.9024092821526642
15449,0.03253781804093342
15450,0.02008418495114461
15451,0.01777640874911602
15452,0.5599855648533202
15453,0.07106882481909557
15454,0.1876023454263525
15455,0.9332829424765373
15456,0.06827475740617885
15457,0.005136696069440849
15458,0.12059581221180268
15459,0.5790632435579897
15460,0.4203505863382003
15461,0.06434964654845608
15462,0.06443296157151009
15463,0.010351869435838485
15464,0.9307342191084916
15465,0.299551122208526
15466,0.008006567718821488
15467,0.7999986648933614
15468,0.006563541322951733
15469,0.027286452816459878
15470,0.004479181093695692
15471,0.018677534095242518
15472,0.0984629029123489
15473,0.11418353547340652
15474,0.1813804926223262
15475,0.34240887279492604
15476,0.3673529516388299
15477,0.043586721068748634
15478,0.007185965305055116
15479,0.05902266849011223
15480,0.7191556321839222
15481,0.9699772316910595
15482,0.04992156757932346
15483,0.981608050414226
15484,0.01712818767802146
15485,0.3667907752884617
15486,0.007728587596461325
15487,0.9572441278772932
15488,0.015389160253340294
15489,0.09265268892556508
15490,0.9397481696939353
15491,0.6006657852904067
15492,0.8008409610160007
15493,0.0956203848226591
15494,0.051919325475301786
15495,0.5556108238923474
15496,0.0316494234019567
15497,0.003942723545125976
15498,0.9691994938012408
15499,0.20175839356713712
15500,0.008048023896123977
15501,0.002085862076280648
15502,0.05779094460199942
15503,0.9762073211501875
15504,0.09043222462654711
15505,0.03281344190698195
15506,0.09885496286527878
15507,0.002530305664328474
15508,0.34509055199990174
15509,0.006971249255121566
15510,0.14156300130556237
15511,0.024618253811871015
15512,0.0051762031082957256
15513,0.010271574286986272
15514,0.03555798603135311
15515,0.004319709000266497
15516,0.06911188132814648
15517,0.3061633985519902
15518,0.007579471393390243
15519,0.03447748075590962
15520,0.2289208853813213
15521,0.06002048142180761
15522,0.09146011638351173
15523,0.025700889732939665
15524,0.042929779441629665
15525,0.0022099738246792976
15526,0.004801680166161452
15527,0.019198186616440956
15528,0.005555254766319253
15529,0.05837945359812343
15530,0.0042563803056603925
15531,0.04236369473992134
15532,0.025331095191906555
15533,0.11892084634265612
15534,0.0057163893279928435
15535,0.2746915463425853
15536,0.19950719320907956
15537,0.019982679831422503
15538,0.04900149118506148
15539,0.014537736633012076
15540,0.0374170917482287
15541,0.03660964162594496
15542,0.008263157538054636
15543,0.006257751507799885
15544,0.01653947918696934
15545,0.05982272785227636
15546,0.597427480709989
15547,0.11424419074252157
15548,0.006969833769286729
15549,0.7559612158193826
15550,0.009350042901758473
15551,0.010816145766386537
15552,0.01254623582100634
15553,0.039709714430392055
15554,0.34741880757104654
15555,0.007712073364945818
15556,0.008232811378985249
15557,0.022773279112450882
15558,0.06183801968223846
15559,0.04204694766391771
15560,0.022154386000188007
15561,0.027756608527809222
15562,0.007956058802249128
15563,0.021425642444080132
15564,0.043253079914622634
15565,0.08826846819504977
15566,0.023447295037313333
15567,0.009551868417431787
15568,0.004974230712202969
15569,0.011997092040726765
15570,0.26060976302389227
15571,0.5171459854025389
15572,0.9517194980830742
15573,0.08599428507893528
15574,0.008391361986384058
15575,0.010519232632615559
15576,0.06160191997887617
15577,0.7121325796555749
15578,0.8889160727773725
15579,0.4248517984916977
15580,0.009023832850889788
15581,0.09599954256357833
15582,0.02737841555262873
15583,0.007734377066168666
15584,0.07567289661032335
15585,0.9389076732388749
15586,0.002488599846872702
15587,0.008907413477290873
15588,0.04015387550428892
15589,0.010012346691094028
15590,0.021761776207174274
15591,0.03523746546865238
15592,0.045135841871534174
15593,0.9834229447037629
15594,0.6634993850627773
15595,0.024638509310988283
15596,0.8422473796765213
15597,0.7666797639210484
15598,0.17550924186197175
15599,0.1603720406937404
15600,0.6328906918780098
15601,0.4743939037265149
15602,0.012761886507765005
15603,0.016875271713540668
15604,0.1860122541586666
15605,0.09432392316152823
15606,0.006806492489287908
15607,0.05532635837837207
15608,0.01314225124187456
15609,0.025354386482866895
15610,0.8898705823016476
15611,0.0024419482062961752
15612,0.19843000681742276
15613,0.23755094181061862
15614,0.05608624688314076
15615,0.14318750558911902
15616,0.0030228512709171546
15617,0.9570303764653376
15618,0.3286282635832178
15619,0.006907925710892349
15620,0.12825199070024287
15621,0.013295671855885382
15622,0.01407630127072466
15623,0.07495661555016203
15624,0.01746969648438773
15625,0.9442427994636247
15626,0.014680352766216377
15627,0.43775796935441436
15628,0.019026334655434657
15629,0.09202046774476158
15630,0.016980045019172375
15631,0.23477844428847228
15632,0.0057076021428879515
15633,0.004043695118551619
15634,0.09990362693803277
15635,0.2347218449112654
15636,0.02830936280192925
15637,0.19880174129031122
15638,0.03457254981742792
15639,0.3707699263415572
15640,0.28852603218297385
15641,0.2521776933002234
15642,0.2898305471028431
15643,0.017032536333002547
15644,0.22300126334180442
15645,0.018348564312169507
15646,0.0615895852128878
15647,0.006810037391463527
15648,0.11464951690368204
15649,0.11311434154774895
15650,0.006505047304801941
15651,0.01146192660544712
15652,0.004156851538110209
15653,0.5247834919808262
15654,0.14766319609789527
15655,0.800994224230463
15656,0.3701429878252708
15657,0.7830217417660865
15658,0.008370403724599481
15659,0.04482622644778557
15660,0.016851609692867423
15661,0.2813146309978063
15662,0.009428635988823517
15663,0.030486287916968325
15664,0.08372402518477648
15665,0.1645189713989798
15666,0.008548967075241169
15667,0.020189284652060668
15668,0.00792089869413267
15669,0.30497958894020044
15670,0.8554898376052795
15671,0.02490449747496765
15672,0.003662219406258154
15673,0.11387585860240183
15674,0.20074733183904758
15675,0.7276783908842671
15676,0.007457362099427822
15677,0.5840389770656202
15678,0.017822663060624397
15679,0.012624732496697905
15680,0.06320044639394375
15681,0.004263254531309639
15682,0.0076085166926261015
15683,0.017518153865889646
15684,0.02604661721511479
15685,0.029873121359633374
15686,0.6101543474787691
15687,0.005625176954304211
15688,0.5973332534376969
15689,0.23836976929703632
15690,0.1685032632782022
15691,0.005848722624643391
15692,0.07851696836787098
15693,0.117512930107549
15694,0.006189614998270897
15695,0.018642803781528553
15696,0.0250239227764154
15697,0.012155916145570147
15698,0.27382633633278747
15699,0.00603513390319981
15700,0.00726751563401036
15701,0.29258262703605237
15702,0.01705784006388407
15703,0.25425451696544416
15704,0.0028554812070134094
15705,0.9525041385686905
15706,0.12857893865433684
15707,0.04321693019933063
15708,0.6639421301977874
15709,0.0038226696421758805
15710,0.9064436710937136
15711,0.2723306248698575
15712,0.0065683342886291825
15713,0.005469071768494516
15714,0.005390446609912784
15715,0.7836458836732383
15716,0.05285614963072217
15717,0.010055083968478524
15718,0.025369258352409975
15719,0.9735746507326235
15720,0.3089267456183867
15721,0.056404827064496225
15722,0.002703900747590076
15723,0.006133113690735454
15724,0.09019401251706315
15725,0.02088498345737194
15726,0.020463743978080706
15727,0.020809046793129858
15728,0.016150790337567625
15729,0.9128677664348532
15730,0.07643601781177674
15731,0.005923155236067177
15732,0.9797234955789543
15733,0.36472216371501365
15734,0.03397466268793477
15735,0.441404438575561
15736,0.01790289870959305
15737,0.4385792592026783
15738,0.007376623743941902
15739,0.007420580421201669
15740,0.04854087821113115
15741,0.06162188761121572
15742,0.7963822089755747
15743,0.6219082317583997
15744,0.010650547907065985
15745,0.007424109839927502
15746,0.06485339768237586
15747,0.47491451493948666
15748,0.3327510453105562
15749,0.0037155969362677095
15750,0.059887867126656696
15751,0.0039296488535060185
15752,0.346546189185906
15753,0.0257780910070574
15754,0.005724813822787546
15755,0.1469417148008849
15756,0.0038898986964169434
15757,0.014779519225771745
15758,0.12945436235994595
15759,0.0827233178369889
15760,0.10695084587708484
15761,0.16620112985866922
15762,0.7050731743317172
15763,0.9249293487564489
15764,0.02323516537617264
15765,0.04544182154190232
15766,0.03470732758412267
15767,0.005678776683275921
15768,0.01346873929405067
15769,0.008533663488050782
15770,0.2455047765244469
15771,0.1034612422437939
15772,0.005092006586546464
15773,0.034111625924233425
15774,0.06385576922246546
15775,0.030176806164388136
15776,0.22605777124337684
15777,0.7070295894225578
15778,0.9713205368300329
15779,0.11846002045852516
15780,0.6222843362128189
15781,0.017974143793738444
15782,0.030249599301931628
15783,0.017856797643723304
15784,0.04151709600481594
15785,0.016114968706147342
15786,0.010893823787703538
15787,0.004492078441441579
15788,0.7018578450441539
15789,0.6172873340893813
15790,0.052598518774960364
15791,0.005747409096389531
15792,0.9401228610000053
15793,0.011747909973647119
15794,0.014674053394206521
15795,0.1487411398932809
15796,0.00480735298361584
15797,0.12222202346918866
15798,0.9739625573626042
15799,0.02124048453636896
15800,0.35552231268058443
15801,0.8130124814278465
15802,0.4310382669264424
15803,0.16957866140905475
15804,0.031250355237826134
15805,0.046168999742663315
15806,0.020185569437934155
15807,0.5457664832882133
15808,0.1661517036024064
15809,0.015432574655300079
15810,0.9613840280489964
15811,0.22360305650515672
15812,0.018973768929249422
15813,0.004492668603297472
15814,0.012709290910436256
15815,0.01921950008965019
15816,0.14242895071493375
15817,0.05223710695856254
15818,0.05641361448266347
15819,0.0527868263977467
15820,0.03478110507398855
15821,0.7263767195414972
15822,0.10706136600617096
15823,0.10363171938002615
15824,0.004481151935260206
15825,0.004359631990950064
15826,0.007253986244439541
15827,0.08302802362822556
15828,0.004888189334159378
15829,0.3874032358019403
15830,0.9238086692209202
15831,0.08087588852749367
15832,0.03718942483405219
15833,0.7448605551578615
15834,0.10720855076744464
15835,0.006257324511629295
15836,0.0034337886832397383
15837,0.21783043108605513
15838,0.0030532251507361615
15839,0.003303969766311847
15840,0.005257699018933763
15841,0.006750035851288249
15842,0.11076919582108045
15843,0.08004035989805752
15844,0.08546584943338362
15845,0.44144966619134235
15846,0.560712422757404
15847,0.019839514454848665
15848,0.05397883974109662
15849,0.087935017049953
15850,0.0024149192059064483
15851,0.0406673692174866
15852,0.011658038214103161
15853,0.050660857091356745
15854,0.0029439194490821527
15855,0.17192931335255657
15856,0.08028619740627793
15857,0.08499474904921202
15858,0.015763329028586202
15859,0.5485697606526919
15860,0.007287747618456928
15861,0.46553998810717007
15862,0.02299306506326972
15863,0.03902830319162086
15864,0.9959355261265315
15865,0.30204352764914655
15866,0.03962091785604562
15867,0.18495288774621063
15868,0.0064473547185458155
15869,0.019382498384799347
15870,0.007989139146676013
15871,0.014678294975774902
15872,0.08044063176738811
15873,0.48135852705518906
15874,0.002589288699949126
15875,0.03883357214050202
15876,0.0076006165613852796
15877,0.010912090629302375
15878,0.29321417106857656
15879,0.809017073298029
15880,0.012852295876009332
15881,0.023421901988279526
15882,0.050740343087989546
15883,0.01673593325806713
15884,0.10888982189900025
15885,0.013455243573263498
15886,0.3965264928381578
15887,0.03361145264263975
15888,0.1649397545131101
15889,0.03055408615576079
15890,0.022622448906288582
15891,0.9732249635819283
15892,0.00877849260455465
15893,0.31063347453588236
15894,0.01184145880480459
15895,0.01931886819115885
15896,0.09311084342338806
15897,0.6040998548458878
15898,0.025325284436090965
15899,0.013313346594865836
15900,0.27580292534085976
15901,0.3380034928103214
15902,0.017367078542415725
15903,0.7713803890239643
15904,0.0029387017565745753
15905,0.07606380937988381
15906,0.03738529300216335
15907,0.12115081853574884
15908,0.06125777203300714
15909,0.1916364752307102
15910,0.031136426311134557
15911,0.3313714207617406
15912,0.01981779488318298
15913,0.012553371257802879
15914,0.3050390256158586
15915,0.05670825466964426
15916,0.043360732871219686
15917,0.009968700489638929
15918,0.006694888259975715
15919,0.2399905626493444
15920,0.14267034181469535
15921,0.2667274958823883
15922,0.014554099408388527
15923,0.005026837776136378
15924,0.631510518782387
15925,0.004564725632861484
15926,0.02057186488728795
15927,0.9334435154619324
15928,0.1133298024472864
15929,0.7747394730008376
15930,0.9273225683522905
15931,0.23800254919722022
15932,0.04004780953830161
15933,0.6957453323938704
15934,0.010608933857915283
15935,0.003487139836677142
15936,0.010551812869157769
15937,0.0051811337174664535
15938,0.12890462860617116
15939,0.018083154097850492
15940,0.09210237540819821
15941,0.10676534196277902
15942,0.0030039538358201043
15943,0.047009332607822
15944,0.004604122661970443
15945,0.005716472099206004
15946,0.07648326388857565
15947,0.0037486741229479092
15948,0.6536800087239334
15949,0.9248874507419934
15950,0.009246048146178259
15951,0.01615380091899868
15952,0.9768878993131784
15953,0.24120584923207364
15954,0.04744347848065109
15955,0.04163490416707037
15956,0.022875625649872486
15957,0.04391944701753642
15958,0.9312600077233979
15959,0.29143896682348974
15960,0.009094475037292982
15961,0.7890796924126307
15962,0.014135712937604473
15963,0.006187968890005875
15964,0.13657334073361224
15965,0.0856708248703078
15966,0.9750261404160436
15967,0.016040053921548544
15968,0.25674720921480537
15969,0.005588188163891213
15970,0.07416456271345044
15971,0.093350371580473
15972,0.9950806291666314
15973,0.008336328283067105
15974,0.08719650279252493
15975,0.09271623416221399
15976,0.0031067615953888623
15977,0.029537588316393026
15978,0.20487156148044064
15979,0.008686854684913084
15980,0.018123435675437144
15981,0.009978359364054456
15982,0.005781479765556346
15983,0.014369727585676445
15984,0.00681319921772543
15985,0.2390775185079017
15986,0.158946465788291
15987,0.014093107700962327
15988,0.02236217378149835
15989,0.07708346126139252
15990,0.7499382489685764
15991,0.002777314597163491
15992,0.957496089953703
15993,0.06469714599172481
15994,0.009488478401029775
15995,0.013650297169914933
15996,0.9404173814711281
15997,0.18265173350412106
15998,0.011478452115167272
15999,0.022438932460321193
16000,0.44197076361320026
16001,0.006533706980980108
16002,0.020007521937735733
16003,0.007452162738379902
16004,0.09680968889820689
16005,0.24632204688411088
16006,0.03496326715494574
16007,0.10672697754488789
16008,0.005906730930365957
16009,0.621742014136094
16010,0.006299758958631453
16011,0.6895997126068745
16012,0.014082338717005581
16013,0.006019866287564193
16014,0.011231439456484965
16015,0.26309655442622665
16016,0.7277989775597147
16017,0.25839346069748087
16018,0.12252336792369711
16019,0.08508401660666265
16020,0.025272783317382846
16021,0.0029372314055687225
16022,0.004893968358535506
16023,0.08629116873899191
16024,0.03151140929124285
16025,0.009045864837841346
16026,0.9000619719769684
16027,0.00798596640416667
16028,0.051163179065115354
16029,0.022974167322691343
16030,0.021032449455385543
16031,0.03272527793097793
16032,0.4089859086214645
16033,0.06868379690139113
16034,0.6494930580003134
16035,0.019687876491841984
16036,0.12260150336240683
16037,0.17321409358291037
16038,0.26823588319070046
16039,0.07926557853332603
16040,0.13060869026791413
16041,0.9923212718612444
16042,0.11282040607988998
16043,0.00681256898870772
16044,0.0020659809306573726
16045,0.9767461223307878
16046,0.5688858464153297
16047,0.362103121989597
16048,0.10019237802069876
16049,0.024145985763409615
16050,0.017691858953658914
16051,0.013445520718641149
16052,0.013948874101225642
16053,0.006020077090966999
16054,0.4192305681225899
16055,0.11792234504295919
16056,0.22123829195148217
16057,0.7475889347053194
16058,0.46535905618288026
16059,0.12267625146732804
16060,0.6248026610172063
16061,0.03987772041052306
16062,0.006681769887238833
16063,0.004079891782073802
16064,0.009815992281257332
16065,0.00893001514957247
16066,0.014811059886910059
16067,0.009391829044513146
16068,0.28527540261828244
16069,0.03391082903301999
16070,0.7755292493916184
16071,0.006438529465619042
16072,0.019754567179648158
16073,0.5155983087265685
16074,0.013857818465833014
16075,0.14268296023142996
16076,0.4152234509485615
16077,0.45823126747547416
16078,0.8523847689831341
16079,0.46252684317369797
16080,0.01877156614000697
16081,0.0252437875990968
16082,0.19475365846117706
16083,0.08696956512806002
16084,0.009255067643915255
16085,0.008682572128921536
16086,0.6940585440925797
16087,0.024016626155846477
16088,0.006806678992124629
16089,0.0065487099918740115
16090,0.9516807179311332
16091,0.13449865934867797
16092,0.066546811751321
16093,0.08976030155327026
16094,0.5777311079957532
16095,0.21435084749020805
16096,0.02158653338384864
16097,0.2959181082486643
16098,0.23698689901094638
16099,0.17964513232716964
16100,0.0028707472410398104
16101,0.016990990418068872
16102,0.09048497837519799
16103,0.0187036446640903
16104,0.004901660102660736
16105,0.9199874641774933
16106,0.0967546036023911
16107,0.02520308170750388
16108,0.9318404518869529
16109,0.35509907143377173
16110,0.010427023255530295
16111,0.3717088619197753
16112,0.043969559489944764
16113,0.09793894311432896
16114,0.009921791789018124
16115,0.9571016307058168
16116,0.006850226564399362
16117,0.012343822185502881
16118,0.0031429049491668464
16119,0.5372336215119444
16120,0.004269991888574283
16121,0.008111592053963602
16122,0.02504973877529521
16123,0.006815871067679874
16124,0.014064164996809665
16125,0.0024912542091414572
16126,0.07278249545283592
16127,0.004155092694717007
16128,0.12106820027272554
16129,0.11333487484453628
16130,0.7472147697119452
16131,0.021449308863132125
16132,0.5144983599815003
16133,0.9883509493193059
16134,0.41703173153187334
16135,0.01212932275428278
16136,0.017298070901514914
16137,0.04162952842632836
16138,0.0032593509658885344
16139,0.004355648673823202
16140,0.0042694345824095346
16141,0.27670544994055496
16142,0.015034325339142979
16143,0.011992438822587579
16144,0.0022197877063494923
16145,0.029231526139426187
16146,0.1493613065921002
16147,0.1687437113747879
16148,0.4342252580885364
16149,0.8526713942774763
16150,0.10745224749865177
16151,0.07393324834950975
16152,0.6403794952725538
16153,0.5256683723320932
16154,0.002705686468117372
16155,0.28782806779897774
16156,0.0060078464540496155
16157,0.1613565134878626
16158,0.2767962690918716
16159,0.39377839898331485
16160,0.21483963659186056
16161,0.4547484019044054
16162,0.011204567420898643
16163,0.016766291712643513
16164,0.7819512875734095
16165,0.019483766376385526
16166,0.008063677079823786
16167,0.3912841317001901
16168,0.02036452517823383
16169,0.041572001153030745
16170,0.02181753341624224
16171,0.41956545826684677
16172,0.044520573818184306
16173,0.6768934274702568
16174,0.1857088576403054
16175,0.02578500436601216
16176,0.012988582909979878
16177,0.6529714385009334
16178,0.00791644025941936
16179,0.15514796498767364
16180,0.004134764259480075
16181,0.0064401117036269285
16182,0.0737746448714286
16183,0.003660944624404286
16184,0.01860975525395833
16185,0.07199089502194182
16186,0.8981059769590213
16187,0.04787301418653792
16188,0.06503906489517647
16189,0.05102044155924571
16190,0.004737974477228963
16191,0.8891123630562076
16192,0.9768734343485548
16193,0.4303632744335542
16194,0.9688868388419397
16195,0.1924649588439087
16196,0.1746370393384193
16197,0.05078637034275506
16198,0.05329329564710196
16199,0.05984646525635222
16200,0.0037418896485655944
16201,0.12979454928536466
16202,0.16585093508110274
16203,0.6125455480123073
16204,0.023378521967267012
16205,0.4579862707665473
16206,0.01506599168341715
16207,0.05041825764074605
16208,0.28082075375605436
16209,0.1605088141122893
16210,0.31102816954917967
16211,0.2963836492735705
16212,0.0578893243133031
16213,0.14281725118519867
16214,0.29601713378087047
16215,0.03372714892148058
16216,0.08039528327298028
16217,0.588544492207785
16218,0.037749140393369136
16219,0.0348355837826313
16220,0.011482743415993047
16221,0.1541403318470094
16222,0.3418818195312571
16223,0.9599573167694226
16224,0.002826092474929367
16225,0.08680917000998083
16226,0.05340575933510742
16227,0.004132614868989239
16228,0.052560004903860924
16229,0.18987545692184926
16230,0.043638614976876225
16231,0.4937608552130109
16232,0.5048752254677412
16233,0.6488584878548979
16234,0.9446829283761865
16235,0.002849200798911235
16236,0.017945216214149604
16237,0.3829562939354772
16238,0.20799358721617392
16239,0.014909527773698581
16240,0.15664102945119276
16241,0.023850737591756703
16242,0.009738578071808683
16243,0.09598845422252353
16244,0.15919263432190345
16245,0.33395140451423366
16246,0.010458259350758751
16247,0.005942825133122009
16248,0.9634694979962481
16249,0.1951194107302149
16250,0.717232840688644
16251,0.7923285636041506
16252,0.0032930118399571314
16253,0.01667058575358333
16254,0.007188097171878472
16255,0.05458218226259819
16256,0.018055936811586765
16257,0.009311534382287712
16258,0.04629176430707948
16259,0.08649722479452482
16260,0.013331805948615352
16261,0.14314762553396498
16262,0.021650895743358836
16263,0.07586838798878869
16264,0.013112075182126981
16265,0.004904086565876886
16266,0.8448537626126126
16267,0.017788176034893726
16268,0.06087445092283716
16269,0.01552341540775125
16270,0.10371876855470842
16271,0.005936027730875228
16272,0.12379233801170142
16273,0.06978329266791214
16274,0.3065334908747446
16275,0.01757806853565511
16276,0.10626749390389742
16277,0.9765040328553203
16278,0.027766172897450456
16279,0.3645867475471636
16280,0.002368426748888546
16281,0.6166729771605362
16282,0.028905389103053743
16283,0.006142614349146614
16284,0.16562345002022322
16285,0.06367700335090097
16286,0.017729203377437087
16287,0.03322782616076065
16288,0.36827576096670656
16289,0.018715445212072808
16290,0.0039907757661047615
16291,0.010093804649654857
16292,0.8125011507068611
16293,0.7536420661136581
16294,0.023165695353099716
16295,0.12788266889943173
16296,0.020678582315862202
16297,0.8350637035680003
16298,0.031876970721133234
16299,0.9506266613884332
16300,0.04022860933209048
16301,0.21874387385601812
16302,0.5158690475306333
16303,0.017892696022274696
16304,0.008626385925172161
16305,0.14269841501565717
16306,0.04228249508738003
16307,0.8335033280033727
16308,0.0070434551069515445
16309,0.9871141812197711
16310,0.08832348185335798
16311,0.05969592133068735
16312,0.8011830139314926
16313,0.9874749676754996
16314,0.0025673417766154047
16315,0.6522668189075485
16316,0.9296617799110753
16317,0.015344163882516304
16318,0.011880907380654964
16319,0.2923298538548053
16320,0.3123804565042206
16321,0.012915280549411233
16322,0.13653334293690125
16323,0.0031690750328250933
16324,0.004196363829231588
16325,0.06894425278741727
16326,0.05763721370682118
16327,0.018699627090458668
16328,0.7429708897233471
16329,0.07824685477790526
16330,0.10344152192385647
16331,0.006039995874789409
16332,0.0860907196580442
16333,0.006453469315924879
16334,0.03151097092182299
16335,0.036057130472796725
16336,0.30330034249368076
16337,0.007442827240909452
16338,0.014776037356663739
16339,0.006889666353432768
16340,0.005692169701348091
16341,0.46398420220296765
16342,0.01469442865029504
16343,0.1930338186864636
16344,0.044533903268501325
16345,0.01048137433347388
16346,0.9012108744128836
16347,0.02967960270191123
16348,0.013430226153498315
16349,0.18569915856788588
16350,0.02081292654824143
16351,0.01862372544908081
16352,0.008120162624072972
16353,0.008984482190948849
16354,0.08651788352327691
16355,0.7378196790892848
16356,0.9838570526453309
16357,0.9435606802958648
16358,0.007927446227942784
16359,0.1181519818643533
16360,0.009447770925464546
16361,0.8210216779340749
16362,0.060530007129893953
16363,0.003895769933702667
16364,0.013331304674295993
16365,0.4304615235384737
16366,0.7110178299200007
16367,0.013474273839968832
16368,0.8897608207937662
16369,0.13471587280783834
16370,0.41611472473598254
16371,0.029523326919376213
16372,0.006480947293703285
16373,0.10712667768158174
16374,0.08144958462512349
16375,0.006735654562526003
16376,0.14323441425978156
16377,0.1582597185945941
16378,0.00727142113802224
16379,0.5267211112842979
16380,0.5149282036870442
16381,0.2692363456803667
16382,0.018488752457136867
16383,0.005307354917478781
16384,0.045058753923736206
16385,0.05595837131014937
16386,0.8399301652738458
16387,0.018180405406437897
16388,0.020006263868257032
16389,0.9680330873501057
16390,0.34317617785647686
16391,0.29776898730940526
16392,0.019928128156233404
16393,0.0022532841180431234
16394,0.004019829477824895
16395,0.016493797838136516
16396,0.4198127897445778
16397,0.06417939742243699
16398,0.8368158450189683
16399,0.0051882137791765814
16400,0.13276238036322832
16401,0.014365674336753093
16402,0.9212460272914518
16403,0.006662282796586605
16404,0.0027294611250903763
16405,0.029482135477349392
16406,0.574340467629221
16407,0.699735012018611
16408,0.4433199905153936
16409,0.14401706265979144
16410,0.1021798802653241
16411,0.007517896042500824
16412,0.9783279206400299
16413,0.9257233529856171
16414,0.07665623534860799
16415,0.006408587695107604
16416,0.009625020302211018
16417,0.03992638489175308
16418,0.01074864524462818
16419,0.05476983935164579
16420,0.08747387217015229
16421,0.05046878755393903
16422,0.02150736921658318
16423,0.40971214861349786
16424,0.00679469777512622
16425,0.08589179206779993
16426,0.017963667011809795
16427,0.0024938627870802446
16428,0.016518095978521632
16429,0.911749231682802
16430,0.0030672630226514586
16431,0.03493259108118168
16432,0.23656711017495685
16433,0.14566945285133578
16434,0.5508895678079521
16435,0.00292852881430443
16436,0.008554166997444351
16437,0.0026884239935237204
16438,0.05443680973940258
16439,0.04314789921657767
16440,0.003344702485725162
16441,0.008857463907420584
16442,0.08617322581306873
16443,0.06871588386341348
16444,0.2778938911952244
16445,0.11119063339027223
16446,0.06043103043002317
16447,0.09394098184145636
16448,0.03153285569081831
16449,0.006006670523844449
16450,0.018833769821026105
16451,0.01749474737433363
16452,0.7213736355603435
16453,0.03929490057388704
16454,0.2750726391231396
16455,0.1089493993654426
16456,0.02363860105828608
16457,0.28681469857077985
16458,0.06066179824131241
16459,0.00914716868526006
16460,0.00752169919804357
16461,0.027471688923368563
16462,0.002587196793298508
16463,0.869879221822981
16464,0.004278269977680993
16465,0.016366130508635446
16466,0.13347318825926577
16467,0.01099774565849509
16468,0.27933026684785106
16469,0.009982391070977684
16470,0.011060450965757718
16471,0.3797649023530928
16472,0.02963034581614093
16473,0.027822155355678443
16474,0.006083573512371283
16475,0.9169594140120088
16476,0.931443801200368
16477,0.008120636938144276
16478,0.008120037875491164
16479,0.008801535772208158
16480,0.014124314986243437
16481,0.04820461094055653
16482,0.0026203935034718145
16483,0.44516909912463276
16484,0.11189870105324362
16485,0.0035262458415221535
16486,0.021470279353900182
16487,0.008712398160768155
16488,0.012086895818711182
16489,0.9583737083576797
16490,0.03643025257846031
16491,0.009975033099936649
16492,0.47661863541083127
16493,0.030860227735441288
16494,0.49693148028815537
16495,0.00511359635627561
16496,0.021670374226388074
16497,0.12234220063886818
16498,0.21661883163235376
16499,0.016228584462902314
16500,0.06811261411060887
16501,0.017759302266377276
16502,0.12807691746174937
16503,0.02203106975791795
16504,0.016413480797151814
16505,0.011387355618508068
16506,0.06087096603539485
16507,0.022153417388554576
16508,0.19332586771844856
16509,0.03031784146461063
16510,0.9608975543403152
16511,0.11494149384881627
16512,0.004223226694908753
16513,0.015285241018023412
16514,0.23974828436260992
16515,0.02387495831040134
16516,0.0024913905616307077
16517,0.16295338885738866
16518,0.09671536964134843
16519,0.0035998425694034404
16520,0.02976910337869395
16521,0.01130703815978846
16522,0.029476746735221496
16523,0.6445246460554873
16524,0.05406346639697873
16525,0.31935643650069073
16526,0.039300178541303715
16527,0.0027228294567151557
16528,0.9061654250008481
16529,0.17378575984477743
16530,0.004670881361877902
16531,0.0027035253763186043
16532,0.8595551129391821
16533,0.005387119554920237
16534,0.05268869488475791
16535,0.024860991867430342
16536,0.05157795901861767
16537,0.002173717863809907
16538,0.02490665492125211
16539,0.5060763859373413
16540,0.3906242609583311
16541,0.006186189422291009
16542,0.01854157400458472
16543,0.19043904824729985
16544,0.3572662531457389
16545,0.1880420707522682
16546,0.00538603489320216
16547,0.264123758259029
16548,0.712558346283212
16549,0.019339967992826716
16550,0.15452303054564115
16551,0.01037345464450451
16552,0.015076804938272731
16553,0.025133614466795177
16554,0.030268748402243664
16555,0.039135606601513225
16556,0.23700657680587772
16557,0.9074799398914506
16558,0.029362626123165994
16559,0.13080909984576708
16560,0.06105626842751581
16561,0.05572710615502487
16562,0.027955925289628446
16563,0.017105216264967263
16564,0.16185820701735484
16565,0.974912294442108
16566,0.29378633755711175
16567,0.3992610376268179
16568,0.44313067589326016
16569,0.006311620898785329
16570,0.12274103800719638
16571,0.10607495666264165
16572,0.0087033964695262
16573,0.002941788540990313
16574,0.4678412847981315
16575,0.004985520426090959
16576,0.025561210889443967
16577,0.05364270395472594
16578,0.009587031620971747
16579,0.04958778666335966
16580,0.006871644490180942
16581,0.013980526786067562
16582,0.27549803104190285
16583,0.019920557718610964
16584,0.003400890045899361
16585,0.009444241365870054
16586,0.7524203032527379
16587,0.11712135971930951
16588,0.8901349497414527
16589,0.009404057378025922
16590,0.738204411437882
16591,0.0026199854618334435
16592,0.9811479311898585
16593,0.2844948962759265
16594,0.7405582295970436
16595,0.017811432089597706
16596,0.017698294366460345
16597,0.6452455555063569
16598,0.6263718475502666
16599,0.01869836781085838
16600,0.649073757066658
16601,0.007433238532711254
16602,0.40692042631070474
16603,0.0031292886234451605
16604,0.06274044724168039
16605,0.04764486283625698
16606,0.11588009995933907
16607,0.06375503465262075
16608,0.9046278378955904
16609,0.6978774558217729
16610,0.39811209063549136
16611,0.016811907821160172
16612,0.009079520906202466
16613,0.007859746754506555
16614,0.5751227685613197
16615,0.026088829099553863
16616,0.26451110998032734
16617,0.03653443479982345
16618,0.004388234669999851
16619,0.12488351725242476
16620,0.026780896245777036
16621,0.8078814914219843
16622,0.5764801924927182
16623,0.0630520295238896
16624,0.34973632011048056
16625,0.010866696227031215
16626,0.005220493613067093
16627,0.02753082498842647
16628,0.003347988270914251
16629,0.024990379863894314
16630,0.0615144685091351
16631,0.8299027978398413
16632,0.031301416218343814
16633,0.29853123172589535
16634,0.006522141320382806
16635,0.804866343261621
16636,0.043237129111656655
16637,0.006983259272932775
16638,0.14111169066307672
16639,0.023275026884463576
16640,0.3835642484859618
16641,0.0255747866405525
16642,0.006781867319395882
16643,0.04709235385207812
16644,0.02262638911362096
16645,0.06650615962616285
16646,0.01728341726084461
16647,0.02504182843944778
16648,0.04644270209264402
16649,0.2461730269805051
16650,0.0026975147251891095
16651,0.007428145227554337
16652,0.08286355104081285
16653,0.0034391688372191467
16654,0.007596034815752879
16655,0.006384474934174479
16656,0.6004639031463165
16657,0.3221945789287125
16658,0.008283491271089878
16659,0.010140751041751855
16660,0.917712952959015
16661,0.09429487751249671
16662,0.03710220200807025
16663,0.02447343296606275
16664,0.002984913248033087
16665,0.06074822825393122
16666,0.024395292660053185
16667,0.017141540537194813
16668,0.6480636240145137
16669,0.00605310119963726
16670,0.010045863831471939
16671,0.0040803861217042735
16672,0.3240073649794239
16673,0.7624557059287171
16674,0.007999805453429624
16675,0.07566014921985943
16676,0.009211959967552752
16677,0.01063273549915267
16678,0.006127506742947036
16679,0.0029388522859760085
16680,0.00576393030306547
16681,0.016298092873344258
16682,0.5005386630884114
16683,0.04902312882794096
16684,0.004445561767603489
16685,0.026294872492610966
16686,0.5162483161732712
16687,0.01707656186881632
16688,0.34038453772219074
16689,0.08668195284601442
16690,0.9899446578204925
16691,0.16059568809024638
16692,0.004719175085576531
16693,0.16202044395910267
16694,0.014694586015380153
16695,0.005730390838014963
16696,0.004633178031964148
16697,0.010462185770450499
16698,0.01165616617179834
16699,0.01719123299182023
16700,0.028442405865683956
16701,0.9022021793887378
16702,0.0038662726835082383
16703,0.015686603853015096
16704,0.022116414936081213
16705,0.12390212300368296
16706,0.014772448049583258
16707,0.6315139118314737
16708,0.007949731866459813
16709,0.012491637758387556
16710,0.0727796015313522
16711,0.7051435510223518
16712,0.017454321717762133
16713,0.7612059090404103
16714,0.024763144401483115
16715,0.3797175967255162
16716,0.03261382650137832
16717,0.08596426494596124
16718,0.8890521829298816
16719,0.7899410301969307
16720,0.0072389044374487795
16721,0.43551907063186235
16722,0.202577964884602
16723,0.005837514574111669
16724,0.028706299449293232
16725,0.004717023797423092
16726,0.004488775203710051
16727,0.8770559045787429
16728,0.27765531067060395
16729,0.051509709024698244
16730,0.003928846916593516
16731,0.008031595711692426
16732,0.8856625786571335
16733,0.02220321110843884
16734,0.03360013504482992
16735,0.1259686508000254
16736,0.6637705861504287
16737,0.02059949100153452
16738,0.006212038415591112
16739,0.8347631556568984
16740,0.0050677464715014305
16741,0.01204358375214639
16742,0.7432037192913468
16743,0.008149161364725967
16744,0.14073597116026929
16745,0.006393765047494655
16746,0.0055697756667211175
16747,0.005236603609550303
16748,0.1369097570679773
16749,0.014198544327337304
16750,0.0024426864592513205
16751,0.03349793630515071
16752,0.05531765975970214
16753,0.00555403267911388
16754,0.013503115111340584
16755,0.01696163649452803
16756,0.0591270331057651
16757,0.017926930632172912
16758,0.004243127834735601
16759,0.037685369605811085
16760,0.006615831224507801
16761,0.013210931720240928
16762,0.011552072659734694
16763,0.06728050760838991
16764,0.7161295601183061
16765,0.007269235725618623
16766,0.04983168588171349
16767,0.01960940442835651
16768,0.07371685139369627
16769,0.06344649993787357
16770,0.5403234822083961
16771,0.004984448433304313
16772,0.3275361450422753
16773,0.0045258890857040246
16774,0.005930538010098112
16775,0.011293869524369652
16776,0.032132867090893184
16777,0.3137521483198547
16778,0.23893061294928983
16779,0.005629041659435825
16780,0.20667621169321698
16781,0.2071779587971946
16782,0.7426756289914184
16783,0.009491226426304835
16784,0.1054603068705001
16785,0.006542890364210044
16786,0.021589711517535755
16787,0.008753783013962443
16788,0.023642770882374025
16789,0.784470807881675
16790,0.060949820578518915
16791,0.00999239174249898
16792,0.07865477187065063
16793,0.027175706515682244
16794,0.045333546755813345
16795,0.5892040091688355
16796,0.02952949437183303
16797,0.024822045329711336
16798,0.14948882893955515
16799,0.008319231246949997
16800,0.08976459917676305
16801,0.08270747844312483
16802,0.05065186962779032
16803,0.002042294678788861
16804,0.14912936840099103
16805,0.00307941005872486
16806,0.006165777999454152
16807,0.4542724735009753
16808,0.006055353500656278
16809,0.0022145750871400325
16810,0.0072797884188475085
16811,0.004713355586602657
16812,0.12804007277078913
16813,0.17848467266987295
16814,0.04211127094512481
16815,0.09249053972318297
16816,0.018256882089886878
16817,0.03658048025359377
16818,0.8136164881214129
16819,0.9949621739332547
16820,0.162537410640885
16821,0.9213959652689434
16822,0.007942160186670323
16823,0.010683482222645516
16824,0.9313002678075166
16825,0.023692008816846976
16826,0.014069926411435865
16827,0.003799244877874022
16828,0.006295193728560016
16829,0.9342853941902338
16830,0.35348004512035475
16831,0.960312291221826
16832,0.8077566765099528
16833,0.6781101316951973
16834,0.01148170168468642
16835,0.024765796324015665
16836,0.1193188943995631
16837,0.32316294333130613
16838,0.3771740098645241
16839,0.5869910507175321
16840,0.9820535800946822
16841,0.00835980524144399
16842,0.38489471237173595
16843,0.22093800900835558
16844,0.9501822918048396
16845,0.02399118517464545
16846,0.8368328387039627
16847,0.4050021361037166
16848,0.7519702967119862
16849,0.040478132226207955
16850,0.9623732725002162
16851,0.03520081839947722
16852,0.005836215787482345
16853,0.22821807756761295
16854,0.5155302034943181
16855,0.011673079349713743
16856,0.44056088643057156
16857,0.6442067035706309
16858,0.7824364504014537
16859,0.009241180944762084
16860,0.1744497403269481
16861,0.003363681454721802
16862,0.025798445142282852
16863,0.014752324217872
16864,0.094847627522946
16865,0.029848924309882126
16866,0.04154016287847912
16867,0.03154839653388604
16868,0.18927638914155398
16869,0.007333439802647252
16870,0.3411691821084347
16871,0.6260418056084937
16872,0.03446613088081443
16873,0.03438734479407705
16874,0.005583952859914707
16875,0.8449910633098923
16876,0.005477368103757029
16877,0.0057540288998602475
16878,0.003736553144480131
16879,0.005549257718382535
16880,0.13026122168720697
16881,0.02213928840481678
16882,0.01270001984217021
16883,0.1124657218651579
16884,0.04699785823967245
16885,0.021908765118242468
16886,0.013488617411783813
16887,0.33117211329358753
16888,0.004227954771787268
16889,0.1236761364250954
16890,0.288506358370343
16891,0.005266404678911869
16892,0.041617368147460664
16893,0.12424035645745488
16894,0.028308630619729165
16895,0.12586325779365923
16896,0.24533895105990694
16897,0.04824464649421681
16898,0.056397752746608285
16899,0.029994243426847117
16900,0.02277885653574484
16901,0.010593606428415355
16902,0.9689523512749768
16903,0.011926090343191241
16904,0.5261123812703152
16905,0.005070658918930055
16906,0.11054273780845823
16907,0.012867838452462282
16908,0.019480489289031972
16909,0.0033968519774427003
16910,0.003384640399331163
16911,0.038755384008207404
16912,0.007198096289661893
16913,0.006548350195457283
16914,0.009025465224727395
16915,0.25271878369917544
16916,0.009117085913484058
16917,0.10279353097043668
16918,0.743581903625535
16919,0.007666515644783087
16920,0.015624189864266027
16921,0.009509363268216315
16922,0.021170701926821356
16923,0.11413126977228537
16924,0.034168972081491264
16925,0.08593011223122225
16926,0.06824422590267469
16927,0.005462665213592517
16928,0.6393468984094548
16929,0.493352141977272
16930,0.003207460492938333
16931,0.8121210672507031
16932,0.19555521508292648
16933,0.022681202371279987
16934,0.020679263286584086
16935,0.025703983955452068
16936,0.8181529480085874
16937,0.03905476107393169
16938,0.005057608093257989
16939,0.013074867557161118
16940,0.4385409412818732
16941,0.015929365526688055
16942,0.1561101322725726
16943,0.9392066825106284
16944,0.016782971965597974
16945,0.007860282585354855
16946,0.05394986083607684
16947,0.0967238284745094
16948,0.07672506730040549
16949,0.9929809929821574
16950,0.09504792422745593
16951,0.97828299715942
16952,0.023428566156606746
16953,0.032818437174732186
16954,0.027829656453604048
16955,0.0047274825761222114
16956,0.12748726805336064
16957,0.23449217183797202
16958,0.02566602245530754
16959,0.003565918419584058
16960,0.030786550476677037
16961,0.004580533242462382
16962,0.02432939855391079
16963,0.029765098720464754
16964,0.014117550418661824
16965,0.010649986617586973
16966,0.9637535064057279
16967,0.05391805188462567
16968,0.9142376888390626
16969,0.010133100795368069
16970,0.004234803157831368
16971,0.7242627499324508
16972,0.9369036487409982
16973,0.5032751279321144
16974,0.09443474582568796
16975,0.006372630146778698
16976,0.07400734254967438
16977,0.06503492223526051
16978,0.21824922021389165
16979,0.01569470090517075
16980,0.7131465226679584
16981,0.9052648810716645
16982,0.8337428317346713
16983,0.9725162037134314
16984,0.035437414126904196
16985,0.008869726842766717
16986,0.0023718922727656968
16987,0.005774447895963657
16988,0.0032537202814981905
16989,0.49386361318444555
16990,0.011041286199033593
16991,0.018181312601370524
16992,0.1897064192962531
16993,0.003001905253159044
16994,0.07932636687971827
16995,0.014115985307257151
16996,0.006914152193707922
16997,0.03976718046597847
16998,0.749866924225559
16999,0.015410485168594643
17000,0.007921782386938333
17001,0.005302783454102595
17002,0.027228311624934727
17003,0.5513815452202979
17004,0.11044197523807565
17005,0.1488582042013706
17006,0.08985693022490862
17007,0.38458453320792546
17008,0.032480633185783155
17009,0.6485620693636696
17010,0.07807873478067266
17011,0.030538093046259693
17012,0.017523638027732255
17013,0.00641706517090214
17014,0.6583303259347951
17015,0.5953664078595959
17016,0.013243309373996082
17017,0.11558659527442511
17018,0.011780520241768346
17019,0.018994265245307063
17020,0.06016162125868749
17021,0.0277800474459643
17022,0.05583129850173583
17023,0.9572050184874946
17024,0.007028859223713162
17025,0.022294377267874692
17026,0.004582449030237725
17027,0.01871700131212121
17028,0.7880658355066782
17029,0.01547467419490169
17030,0.0036598111673868334
17031,0.0029900062838853405
17032,0.7274424049860742
17033,0.06061206767284617
17034,0.023634557245174864
17035,0.012083903904607122
17036,0.01620407585996635
17037,0.008089765925939725
17038,0.01771186722796092
17039,0.008600904428195914
17040,0.011513145575456572
17041,0.004818991959676084
17042,0.9312792658983807
17043,0.0979602150479977
17044,0.015424777419824901
17045,0.27871945025441536
17046,0.7370406558400265
17047,0.006416607225256473
17048,0.1197241779043726
17049,0.03166820454890893
17050,0.06491738741409024
17051,0.9289629077561465
17052,0.104529570709949
17053,0.9303853217431021
17054,0.03133510221090706
17055,0.02193548439019709
17056,0.03757925839669142
17057,0.01742498205293108
17058,0.008492329944473537
17059,0.007493082532782174
17060,0.38283005280498594
17061,0.979700272669985
17062,0.006360043282004882
17063,0.10156919779886459
17064,0.27324263972232365
17065,0.02542082812971487
17066,0.8369061318442489
17067,0.6612792762246569
17068,0.5142703429583642
17069,0.17088277382725206
17070,0.42347985349515516
17071,0.9210450388522008
17072,0.0325094235880342
17073,0.021239812511717374
17074,0.2592716860431619
17075,0.07030943353137488
17076,0.012047328498193701
17077,0.6025431625376169
17078,0.3949970805367037
17079,0.3306928983357719
17080,0.16773208899032718
17081,0.020421745622754138
17082,0.025796911834811257
17083,0.075313606465909
17084,0.25623533844387814
17085,0.9297054099604127
17086,0.03151275049119383
17087,0.1366160333487603
17088,0.004955198099715058
17089,0.019571229172769804
17090,0.004420618270454848
17091,0.007401202304908765
17092,0.3073635887186482
17093,0.01408158528104013
17094,0.04270357083145124
17095,0.9209391026543234
17096,0.34782735198451903
17097,0.25203758005658355
17098,0.01127472652978644
17099,0.005173611943397726
17100,0.6813530494650358
17101,0.06997143425468869
17102,0.7671848824151744
17103,0.014955286769918008
17104,0.028918278749279207
17105,0.1742962427455295
17106,0.01214025976941714
17107,0.10177088563958327
17108,0.09957695033507111
17109,0.02688955340331588
17110,0.003501954084927381
17111,0.015014644924255208
17112,0.15269435599690118
17113,0.05268670193930184
17114,0.005755994265845161
17115,0.29921456563924004
17116,0.22987561962451802
17117,0.009104804423029467
17118,0.4211015422360452
17119,0.05274627333125088
17120,0.12121112539292656
17121,0.011793939808518073
17122,0.5970458567616905
17123,0.1403927916161542
17124,0.9730081965813586
17125,0.006286751257540039
17126,0.18590069004664433
17127,0.030991532403324164
17128,0.9041206556113455
17129,0.028872499194167817
17130,0.35652501484491184
17131,0.04990867651560881
17132,0.24249042377056626
17133,0.050594034154939405
17134,0.18569283420893107
17135,0.17731843434296163
17136,0.051506846255496785
17137,0.05033789381999536
17138,0.986956733291446
17139,0.3147553327080844
17140,0.010189477609006788
17141,0.4248466214252128
17142,0.09918939135975073
17143,0.32747618495793057
17144,0.0058720899322471515
17145,0.01283601075938803
17146,0.31891761313574557
17147,0.0466889647093523
17148,0.062264469879148396
17149,0.059766503491505474
17150,0.026558850858335138
17151,0.22651214940136657
17152,0.02373872719258651
17153,0.013106434838526165
17154,0.04832563423878488
17155,0.007102476208858212
17156,0.27009447496883354
17157,0.077293384757028
17158,0.21820141598748471
17159,0.07831316981839757
17160,0.030337339218305035
17161,0.48216489938090157
17162,0.02011832153823693
17163,0.8178026695817334
17164,0.006058645396682644
17165,0.001974557889930958
17166,0.1570634430340573
17167,0.016940073934775847
17168,0.0246031981847321
17169,0.6988331260960106
17170,0.014081447748215823
17171,0.013831152676272732
17172,0.11779471310391029
17173,0.07368521332036955
17174,0.06766073245567245
17175,0.47455177065240084
17176,0.054104053197668915
17177,0.34066052401185487
17178,0.055252177611440925
17179,0.4914507835304488
17180,0.01817341499150757
17181,0.21057348355106076
17182,0.07016163104377403
17183,0.1853700334379279
17184,0.3084137868746033
17185,0.008302915762070566
17186,0.008253780103888962
17187,0.0176977854048595
17188,0.6087375955372883
17189,0.012325878769287655
17190,0.0972862171240304
17191,0.06678840657906948
17192,0.0032754363455372733
17193,0.0031215315019194555
17194,0.007145033413271737
17195,0.026109002065492402
17196,0.01210870058321131
17197,0.006638117883677545
17198,0.3014510506362693
17199,0.9770915246903538
17200,0.09837046782627093
17201,0.26136611770092305
17202,0.12853681811597722
17203,0.03808419237304243
17204,0.9691951622150672
17205,0.01803592143859394
17206,0.008022782779513635
17207,0.07256685414368809
17208,0.019621280294694912
17209,0.008514466569564142
17210,0.0072005956898115306
17211,0.004490202235166845
17212,0.04358765101903943
17213,0.14684515781925506
17214,0.10864668217068885
17215,0.9772287172469883
17216,0.006226226866700131
17217,0.5561623417899788
17218,0.29581922351098283
17219,0.026021223981071855
17220,0.004301935036586694
17221,0.02230564933230612
17222,0.15194126567411018
17223,0.025297832108773587
17224,0.09136148547885106
17225,0.7676785106746742
17226,0.023465958021242753
17227,0.005074951931409313
17228,0.02145375632530392
17229,0.5270022185721885
17230,0.016894581122189348
17231,0.006868606572459799
17232,0.011569302815266821
17233,0.03709687419620345
17234,0.0249140258235541
17235,0.027765094542395573
17236,0.010030700146296805
17237,0.012071495612850838
17238,0.42039013489199495
17239,0.025761132904283737
17240,0.0034022283461137147
17241,0.010356833124125633
17242,0.014373591567299998
17243,0.04060701647051727
17244,0.559804197525969
17245,0.019589480196163408
17246,0.014082196423143662
17247,0.007038684049805279
17248,0.01699932862140657
17249,0.03737619276401717
17250,0.8520811241874308
17251,0.44581471421435337
17252,0.11419759262389935
17253,0.0851369438206102
17254,0.16725187313717493
17255,0.025336620742726506
17256,0.01344482138991813
17257,0.9421900878738821
17258,0.35734559259470505
17259,0.9011343323712668
17260,0.08920001653067972
17261,0.06005743575359151
17262,0.1487353088631318
17263,0.011643234690369974
17264,0.3801542366416468
17265,0.007544976584393375
17266,0.0035079239759505704
17267,0.033560326737692533
17268,0.2058378107284477
17269,0.334393349426563
17270,0.008824218158049568
17271,0.08043929957355103
17272,0.39916761368322984
17273,0.928488002824652
17274,0.013192182457071211
17275,0.07278609754718883
17276,0.14007242668481537
17277,0.01177689653979025
17278,0.04119611333425956
17279,0.9439315155793325
17280,0.03469968119866118
17281,0.02116579312267754
17282,0.05477330704512229
17283,0.805153451794909
17284,0.08658292591861312
17285,0.0267957641633615
17286,0.04500626818518753
17287,0.7237409127017268
17288,0.0030929323730329215
17289,0.12833828990642754
17290,0.003426917269557524
17291,0.007083475859971497
17292,0.2888308112379082
17293,0.6009269903432902
17294,0.7804484911709305
17295,0.024961174414711632
17296,0.00250999248178978
17297,0.012025196469410155
17298,0.03251850014555838
17299,0.21482224330468835
17300,0.02418761832645746
17301,0.8657936773789306
17302,0.03804693891904722
17303,0.09044635336316692
17304,0.10007460122225226
17305,0.007071667896323082
17306,0.252498970116294
17307,0.053128208993331455
17308,0.006570075413563192
17309,0.9720600164005213
17310,0.245437398839319
17311,0.14163736359589893
17312,0.902550061820658
17313,0.9110198096126375
17314,0.004759564278661514
17315,0.5584426948261653
17316,0.12774857372164122
17317,0.006137229722918622
17318,0.02398980252257081
17319,0.03468617340219806
17320,0.9760500528379585
17321,0.14709645100443988
17322,0.053451105228657814
17323,0.9825589075203953
17324,0.023896180747549758
17325,0.005012147310247597
17326,0.09783071872532971
17327,0.006160925676785451
17328,0.5682458828066036
17329,0.007904268095370693
17330,0.008395123220766958
17331,0.08235740993293007
17332,0.17963865150185723
17333,0.41605255376846734
17334,0.31009360441896955
17335,0.1029383189409387
17336,0.030904452547572573
17337,0.22822824648448833
17338,0.01249139931879991
17339,0.02642684223977644
17340,0.07609031131181772
17341,0.11538802744166782
17342,0.4166423140811517
17343,0.008563399443513703
17344,0.9374660515144757
17345,0.17875458578645023
17346,0.1479758388303907
17347,0.9547965089602136
17348,0.4621535684671559
17349,0.00657106511163874
17350,0.022480953844299382
17351,0.05333564710011588
17352,0.03907622200283406
17353,0.016191388343927356
17354,0.1638044549749473
17355,0.2764693424696594
17356,0.8505627532392757
17357,0.05052032399354484
17358,0.0049269161866573735
17359,0.07836991393304062
17360,0.08955538501244664
17361,0.10689593926506889
17362,0.22005308393025277
17363,0.9947949621545441
17364,0.030109474983855942
17365,0.0040985893156813
17366,0.014489040455602344
17367,0.0213253072549166
17368,0.046223570947424124
17369,0.009306280876325271
17370,0.0018283269692437299
17371,0.967142227522712
17372,0.03504818522756944
17373,0.013322005807114618
17374,0.002300751309410829
17375,0.021786658513711463
17376,0.7516542651734349
17377,0.7340819206132259
17378,0.07492875054646506
17379,0.9774162790071512
17380,0.018250470566203443
17381,0.002595729509766429
17382,0.014683267464562043
17383,0.024517862492233845
17384,0.007973717681454485
17385,0.7109216535678807
17386,0.003106472449579061
17387,0.3370932479470165
17388,0.23321351198451143
17389,0.011213822153683418
17390,0.9229071120155831
17391,0.8046472698027993
17392,0.19580284273430387
17393,0.256457252557964
17394,0.7948997897280431
17395,0.2216718169004348
17396,0.10543597105997787
17397,0.06068293160485082
17398,0.9292760962613877
17399,0.02897681103383411
17400,0.08564511254383803
17401,0.00745838837485271
17402,0.01860209076838069
17403,0.6594000977397736
17404,0.035830728333946384
17405,0.6281895754475371
17406,0.01195366754098393
17407,0.004376594586507261
17408,0.2924227232207474
17409,0.031227446712283072
17410,0.02115289915351125
17411,0.0032102087790648742
17412,0.21842470545384823
17413,0.04640635610561762
17414,0.20296666229949675
17415,0.1242894698536395
17416,0.003942399784035213
17417,0.060050934978751525
17418,0.6989903164034178
17419,0.2844806200706853
17420,0.010697308447364669
17421,0.8190749783141998
17422,0.031237264893357836
17423,0.01576101313948565
17424,0.3683254635764609
17425,0.006161841231767786
17426,0.19609620921959015
17427,0.008303392656480255
17428,0.029201740948694793
17429,0.1156646071972553
17430,0.012627358432946571
17431,0.07208644189351852
17432,0.09449523681922102
17433,0.964744042042519
17434,0.017001799163440665
17435,0.02365203817085272
17436,0.894975951547014
17437,0.7721150651434237
17438,0.03062071458592537
17439,0.0037626563477280235
17440,0.07857712522817185
17441,0.0058248628207269205
17442,0.004845607068094734
17443,0.0898006962754536
17444,0.0038489929772380065
17445,0.004666222951745836
17446,0.9646749872852743
17447,0.0033019500315619142
17448,0.01667364977307623
17449,0.7063048182733853
17450,0.018412878077585345
17451,0.010567939966854987
17452,0.05718605191640314
17453,0.022419725042960952
17454,0.7126649769254592
17455,0.10798814102774432
17456,0.009105766400184859
17457,0.01630586575623822
17458,0.015027595803324816
17459,0.12052154562699102
17460,0.029998658246289087
17461,0.08691063456173495
17462,0.6943313341952034
17463,0.012075847844040883
17464,0.8366976468814614
17465,0.0022000316166457283
17466,0.019260290419722728
17467,0.05412065526427732
17468,0.010674569282081698
17469,0.013127994884323623
17470,0.17219539507662796
17471,0.6218503345747924
17472,0.007681002694812879
17473,0.018199519921822623
17474,0.01875226494412954
17475,0.6930268304483109
17476,0.006797813238517919
17477,0.03220183823039503
17478,0.016564172281938568
17479,0.07052855045321302
17480,0.008111457361254548
17481,0.0069315453931233974
17482,0.02754253682504846
17483,0.40101287493646226
17484,0.09657781604324735
17485,0.014411571323713972
17486,0.19416916126532327
17487,0.011355324941582309
17488,0.0034540905177609126
17489,0.9744209219723756
17490,0.5137613240542639
17491,0.04082712837544089
17492,0.03716083263927727
17493,0.008416133194930123
17494,0.003815627578894837
17495,0.026066034357626274
17496,0.017237810278694053
17497,0.27054044742346767
17498,0.018040299609942505
17499,0.687535305462592
17500,0.004068561641400142
17501,0.007847811908671351
17502,0.5882224446719853
17503,0.0380842085469095
17504,0.00622113849323045
17505,0.992568616177792
17506,0.006473697899862274
17507,0.5659067760577075
17508,0.7695745813541491
17509,0.007053840860490569
17510,0.5873510682914606
17511,0.0878349698244066
17512,0.12589390937483386
17513,0.052526008439996115
17514,0.6746176618958531
17515,0.012516494180545177
17516,0.06096581905513585
17517,0.7548943154239302
17518,0.016044221983153806
17519,0.5603190183618241
17520,0.21615796969932913
17521,0.7133809893001622
17522,0.0066681243078975634
17523,0.09390336054844854
17524,0.00915961467442823
17525,0.03416430661153568
17526,0.0029662085714783704
17527,0.03435174048073393
17528,0.005473148766511283
17529,0.9862604750116767
17530,0.12990029747433046
17531,0.006397415770931393
17532,0.9784150206080601
17533,0.09506381381137508
17534,0.14408074720195754
17535,0.017350796580205087
17536,0.005196440995234751
17537,0.005656896704564976
17538,0.003631447308230372
17539,0.023441425673541013
17540,0.6299696677541242
17541,0.43673054603906747
17542,0.021786110103487633
17543,0.02585535202550804
17544,0.0027681918188686505
17545,0.9551891730637627
17546,0.3205130153652964
17547,0.351692516683195
17548,0.20482728489903043
17549,0.5794509237792216
17550,0.9855724412463723
17551,0.15131323646265318
17552,0.005863808161866811
17553,0.2619726699507502
17554,0.9292099787744865
17555,0.06176808792751546
17556,0.03148055621999405
17557,0.03058272085471921
17558,0.038749196151990746
17559,0.07494353834695712
17560,0.0523605149833168
17561,0.005300423674714109
17562,0.17550877693915565
17563,0.4311978039322192
17564,0.007019887605967116
17565,0.01934850457834577
17566,0.01929897112603807
17567,0.24766437384673154
17568,0.017686441123657984
17569,0.0963623154224442
17570,0.00679244646220446
17571,0.007356512229657581
17572,0.004156895715329749
17573,0.01857434534771217
17574,0.09573088535629916
17575,0.6545609324828953
17576,0.04555181240115001
17577,0.28149010766145566
17578,0.8438843404447015
17579,0.00886706982081873
17580,0.5283971019461203
17581,0.4368602810577302
17582,0.005431550715869489
17583,0.007190890893297104
17584,0.01691115019215185
17585,0.027567777463896947
17586,0.03492609836041231
17587,0.03299801542510085
17588,0.009699930012237765
17589,0.04658137388021784
17590,0.11705045250012919
17591,0.40290760158775885
17592,0.01200099225552934
17593,0.3674194814156562
17594,0.0049281406462453594
17595,0.09879922093861244
17596,0.010022854046154368
17597,0.08108084065659958
17598,0.2990896310728733
17599,0.226646371610685
17600,0.02788693687917823
17601,0.2741546610769975
17602,0.48275759758140885
17603,0.08771785101353612
17604,0.006688955047958775
17605,0.0168672241277899
17606,0.0038312896400497453
17607,0.009386286296379128
17608,0.10460947644821031
17609,0.9738674512345566
17610,0.017676002837780622
17611,0.3128206295569056
17612,0.014397379510237264
17613,0.2243603842436335
17614,0.021147980682024652
17615,0.1874800763754752
17616,0.09482485914132154
17617,0.1342702727036387
17618,0.017066106446238342
17619,0.9561315854432021
17620,0.009790511880818187
17621,0.00584774218545747
17622,0.008808487807512052
17623,0.0030199012275273535
17624,0.016147456196327268
17625,0.9536620326781804
17626,0.1326144726272596
17627,0.9613667152615173
17628,0.016567015968543198
17629,0.21757282800739364
17630,0.6052421202491611
17631,0.008635742498272307
17632,0.9476886942912461
17633,0.012175177741324959
17634,0.6015199601323781
17635,0.025294376308476366
17636,0.05118625355961506
17637,0.9805241912119402
17638,0.39579620314517217
17639,0.011677845750567115
17640,0.10893350619894057
17641,0.006739707592659043
17642,0.1323147741487675
17643,0.010651416855462883
17644,0.032412777864962806
17645,0.010129549015074214
17646,0.16423083676420758
17647,0.5443710327492033
17648,0.7828237996360382
17649,0.020774125151668203
17650,0.005842864029975479
17651,0.16017751704079009
17652,0.9949783369777576
17653,0.017986169372584657
17654,0.11687806857397467
17655,0.06640411264165094
17656,0.004663578217247254
17657,0.03603911802751635
17658,0.025163802647495476
17659,0.9302264832796384
17660,0.018123087918706128
17661,0.07942661867824759
17662,0.09620308684252325
17663,0.12982448772686148
17664,0.11146820586956917
17665,0.03270140224578936
17666,0.05194565675092542
17667,0.10903871439878045
17668,0.013975790205550623
17669,0.04329596125571516
17670,0.007022087747126947
17671,0.0021829572108530695
17672,0.029846831852240473
17673,0.00691530285654818
17674,0.003068887502571595
17675,0.18493779543693917
17676,0.805185570373968
17677,0.011716872020220303
17678,0.012443826629353338
17679,0.007453895757480452
17680,0.019725460801317957
17681,0.0882289310227891
17682,0.5675469062434817
17683,0.025281338792845002
17684,0.9657664465893803
17685,0.02476755403523703
17686,0.07014942012656038
17687,0.0437978669991509
17688,0.014387902526381528
17689,0.016645785673859423
17690,0.004263916541370413
17691,0.009415133184003582
17692,0.10621255888417568
17693,0.29716984167658955
17694,0.011016200198987844
17695,0.9338325362764716
17696,0.037927418403379036
17697,0.006324567870336424
17698,0.3068842784008164
17699,0.002943805694093532
17700,0.010030319595746275
17701,0.04465998971132986
17702,0.04892260362959299
17703,0.7372066405305886
17704,0.004676161614956392
17705,0.008445719946855104
17706,0.9825276998331242
17707,0.011742196622634146
17708,0.009511068619669598
17709,0.005726107548835893
17710,0.0046410226986020806
17711,0.0170773497767258
17712,0.057175676687832515
17713,0.006340372149594796
17714,0.016614572436902113
17715,0.029526119720368706
17716,0.003151026306406666
17717,0.17833935129423678
17718,0.16764978635908387
17719,0.28253825982582
17720,0.7669482004043747
17721,0.3582128654193631
17722,0.002216947029333295
17723,0.007630214704708752
17724,0.04011051011596414
17725,0.868411326842002
17726,0.7875108359094508
17727,0.43545409440306043
17728,0.0906613156541124
17729,0.03819849131650133
17730,0.5240427612407309
17731,0.43851739359801684
17732,0.002982126317548231
17733,0.04553226518821376
17734,0.16625541297993143
17735,0.47007923208207736
17736,0.00880404014086051
17737,0.026054130104039525
17738,0.5195231942449561
17739,0.002495470044897518
17740,0.07151370849819651
17741,0.03057283903606565
17742,0.06881939157177315
17743,0.014155851848592624
17744,0.06270937193820675
17745,0.0060921078137615705
17746,0.14815200836212014
17747,0.2679902498832343
17748,0.047805724611288944
17749,0.007284168666920778
17750,0.008052156316687098
17751,0.008223576806727181
17752,0.07017708111681355
17753,0.3859557474259143
17754,0.07741524280483689
17755,0.0072636402825097274
17756,0.25336983186016937
17757,0.38290844935291324
17758,0.014617450993403752
17759,0.10157800219193598
17760,0.28459151603135824
17761,0.070231170511447
17762,0.02056245841962671
17763,0.02024736651675096
17764,0.08284032972553403
17765,0.8646464063240437
17766,0.21387471615507864
17767,0.9450165493534041
17768,0.7210896020115425
17769,0.9788371615648425
17770,0.015973246942115774
17771,0.05666913463019062
17772,0.054697720073052375
17773,0.005589619437184053
17774,0.22497521517529093
17775,0.531189474513562
17776,0.26382136453287375
17777,0.007215389677816175
17778,0.0039990080970085775
17779,0.6475705736960519
17780,0.010183534132031576
17781,0.6927983190095348
17782,0.04439959452367171
17783,0.0068811287251387115
17784,0.03731347489836277
17785,0.004587104107834437
17786,0.06900343068979545
17787,0.9385226030826931
17788,0.030897594092999053
17789,0.06305759503927408
17790,0.05334020893848729
17791,0.0343557741722918
17792,0.06284662263501886
17793,0.4371291293937323
17794,0.022434683217316276
17795,0.020117192046199137
17796,0.027294565812842234
17797,0.9065458708311632
17798,0.7587960806027982
17799,0.005149417866872054
17800,0.08038654153344685
17801,0.17505461493086477
17802,0.00979477167123812
17803,0.06791286327571275
17804,0.00942984003515948
17805,0.02743886972335727
17806,0.8045908286918495
17807,0.02080459736078231
17808,0.0034980694708837174
17809,0.7387002713817423
17810,0.00532858959619196
17811,0.9965665918493234
17812,0.016183686957927382
17813,0.014081583680372897
17814,0.015535238548096915
17815,0.2299738237085042
17816,0.21742221577930917
17817,0.007698410011483928
17818,0.007264641772794601
17819,0.4913915580079306
17820,0.12578194131717085
17821,0.3129727589119048
17822,0.0023724353112869762
17823,0.8544339489400646
17824,0.005771238825999266
17825,0.05953034126376248
17826,0.026454413693520827
17827,0.05400133821537315
17828,0.008677996974948497
17829,0.009904427876081656
17830,0.3169926066481625
17831,0.10541310818970037
17832,0.005236906450176896
17833,0.7072618182017468
17834,0.0024698640798146163
17835,0.770036529058203
17836,0.03753387999137528
17837,0.1794033778735511
17838,0.8850431641201083
17839,0.21669804621411526
17840,0.00783519490321486
17841,0.21429985333506435
17842,0.026848990625429555
17843,0.05937011081356096
17844,0.15267331686397273
17845,0.4467589671890897
17846,0.006059963897097311
17847,0.01705300626988921
17848,0.027162545759696972
17849,0.9831010063624991
17850,0.46540609869367183
17851,0.04542542411825713
17852,0.0025111989201410745
17853,0.016672249328069867
17854,0.038124724389065175
17855,0.016707294113132282
17856,0.7131469588523164
17857,0.2581847282835272
17858,0.02638672756371464
17859,0.020996186070891314
17860,0.6756649997635348
17861,0.09815868655333458
17862,0.9291030647267484
17863,0.031968063646727905
17864,0.015313148298773536
17865,0.9036293593176655
17866,0.0498206565818532
17867,0.7957378063978714
17868,0.011290557312746977
17869,0.00420152358985754
17870,0.028748115245134303
17871,0.020153711984976706
17872,0.007076635707258942
17873,0.010427112385464907
17874,0.2303964670393376
17875,0.037629976892616046
17876,0.11063021925461688
17877,0.44560777113814903
17878,0.02328231767077361
17879,0.007919834562053533
17880,0.0030892432429230478
17881,0.014963628091940415
17882,0.0943801460242604
17883,0.13892281239622734
17884,0.05094123836846326
17885,0.2806112489544857
17886,0.04700244608500001
17887,0.007483258577916591
17888,0.7962862865177001
17889,0.9771355746483664
17890,0.027838413881494557
17891,0.0028840675954149696
17892,0.653699880534655
17893,0.963423681266753
17894,0.5324349535273557
17895,0.26243252360908775
17896,0.2273116238320845
17897,0.1369395264106047
17898,0.2597607569444313
17899,0.005681330872418189
17900,0.02140646202183506
17901,0.02338750463409002
17902,0.05031229098586868
17903,0.004964346741092108
17904,0.16146019298211386
17905,0.935735250436201
17906,0.0028993326249875423
17907,0.008724079313206092
17908,0.906876969439096
17909,0.02264538963510527
17910,0.07783257288272967
17911,0.37305338847724057
17912,0.6893853862194601
17913,0.006867108153172812
17914,0.7557501244681881
17915,0.014341297253818355
17916,0.013701555712328293
17917,0.023803579673389873
17918,0.007989999951250555
17919,0.0072589475792320226
17920,0.015644790053256395
17921,0.10703001308719093
17922,0.1669547262348472
17923,0.005143339134524352
17924,0.19508370428541036
17925,0.028391340319306974
17926,0.010108359067525476
17927,0.003978329361812522
17928,0.06747418144205763
17929,0.07324473045847492
17930,0.8270163626310801
17931,0.47981983518150534
17932,0.7436384250160166
17933,0.012010478723278602
17934,0.004144614970187162
17935,0.3589039100497273
17936,0.004208438963436359
17937,0.6969714732928307
17938,0.01893060405317941
17939,0.07797490344909261
17940,0.058653056515293615
17941,0.13633335251399376
17942,0.004408016271414217
17943,0.16141601883887796
17944,0.9261531121156126
17945,0.5171041628292026
17946,0.003408463565824087
17947,0.12302773629710802
17948,0.28412347259605647
17949,0.0021521408519876934
17950,0.024585976497455135
17951,0.06261234738101405
17952,0.002426980137528046
17953,0.7114857856793947
17954,0.06375455727799352
17955,0.016707778263465086
17956,0.003930832615975245
17957,0.015456704779017671
17958,0.17333985988368408
17959,0.9326735390097031
17960,0.9958619497442984
17961,0.0039572757543024206
17962,0.007123902935181884
17963,0.6159443090130458
17964,0.013148714919312984
17965,0.008162930826384496
17966,0.25545777334347936
17967,0.048004380438389976
17968,0.02224952332154839
17969,0.01705859079808909
17970,0.16647990237716118
17971,0.00766694973669923
17972,0.19377976958896256
17973,0.03454121574953419
17974,0.025426098985569565
17975,0.03431691675449123
17976,0.016481196434726092
17977,0.03922055115713641
17978,0.018331439414727514
17979,0.021453688355923553
17980,0.009355225471282654
17981,0.6961580730101761
17982,0.007261088739994656
17983,0.010480606323412085
17984,0.02620086725146834
17985,0.1559090020008567
17986,0.013616722071284067
17987,0.024081433302835163
17988,0.02612382913084622
17989,0.004758149588279258
17990,0.00546511508904012
17991,0.0025764020075405855
17992,0.046233282164989356
17993,0.20571118599534902
17994,0.006138242165392379
17995,0.01855558142493424
17996,0.11516133436855333
17997,0.08899425699473812
17998,0.004439961763645842
17999,0.8307507003411806
18000,0.001984853909709007
18001,0.8681748346780993
18002,0.14661210803965963
18003,0.01791907819477703
18004,0.01309202864976231
18005,0.1463642000431343
18006,0.17388629295451352
18007,0.003172932310409376
18008,0.06717955581829296
18009,0.00681613432098144
18010,0.0889812578138444
18011,0.010558323839671065
18012,0.028876632458024576
18013,0.08613268469343405
18014,0.016071786030464424
18015,0.017075331187382733
18016,0.01735643710368911
18017,0.005379102171211758
18018,0.08896401108129684
18019,0.1709629240483841
18020,0.003424637815867282
18021,0.62748741696088
18022,0.14102268542780133
18023,0.14020798194472256
18024,0.9171178071988052
18025,0.02344477192570379
18026,0.16917152391799686
18027,0.04123901605583866
18028,0.056314765480710655
18029,0.942752999696137
18030,0.020594170909907946
18031,0.040248453604826005
18032,0.00945822371943183
18033,0.15922798179889608
18034,0.030479347120957387
18035,0.15458505288848623
18036,0.030909967322204
18037,0.01968667907955404
18038,0.004254018753600311
18039,0.131572376050559
18040,0.1359818634998141
18041,0.0958761626955736
18042,0.9526935475530637
18043,0.03407491405843738
18044,0.0209511223763454
18045,0.008483748845123573
18046,0.05301868782215204
18047,0.021674459683589855
18048,0.006912899099426023
18049,0.030874857535993377
18050,0.3569203514327158
18051,0.11550701854954189
18052,0.014609942683475412
18053,0.8909288335751712
18054,0.058186766177108745
18055,0.285127257819123
18056,0.005671194498833093
18057,0.026500069893293562
18058,0.009207206839127203
18059,0.05944992672766966
18060,0.3845913499459544
18061,0.020357686265447962
18062,0.04077390753418239
18063,0.09834594383924615
18064,0.03323063203155592
18065,0.8175774921568791
18066,0.04112770909356348
18067,0.3384495979828224
18068,0.0047150163059055525
18069,0.008485730845011486
18070,0.08902123803723809
18071,0.046796694165414855
18072,0.8764076456632912
18073,0.9429933646554698
18074,0.0031238273216348247
18075,0.007928437129391107
18076,0.007352609334335615
18077,0.03767112407384173
18078,0.012868172274150673
18079,0.017783744751961223
18080,0.005483191489660561
18081,0.10481619099207702
18082,0.03528974960011946
18083,0.002977206017565893
18084,0.24501250055777396
18085,0.0592486865098197
18086,0.976512516824747
18087,0.3245766179902331
18088,0.6349382624697014
18089,0.00842131741475755
18090,0.005276424371001715
18091,0.9241850954773044
18092,0.5832700268597761
18093,0.059770521104546635
18094,0.49486771730872897
18095,0.02417286509316466
18096,0.022542466770490144
18097,0.0025196277869866867
18098,0.006166157869199892
18099,0.056665797430908604
18100,0.5309435395464607
18101,0.9191715377965413
18102,0.008030578626133194
18103,0.09708417035136359
18104,0.02221331771913993
18105,0.003636381445702409
18106,0.5905511359780563
18107,0.007730313291828506
18108,0.01950506024592743
18109,0.2596710413904259
18110,0.1005965076074423
18111,0.12099269570117492
18112,0.1410428089041884
18113,0.002817847727361675
18114,0.017501515857237655
18115,0.07450142563931371
18116,0.006195010809775041
18117,0.008124055288584129
18118,0.020135935055240563
18119,0.018120073904451948
18120,0.013416827263001063
18121,0.00913890682355499
18122,0.013953745276042985
18123,0.011895378579523387
18124,0.13302696736572248
18125,0.05527420509748079
18126,0.08217670677599623
18127,0.3804021973059343
18128,0.005748140789000648
18129,0.002353200585979735
18130,0.30276232479100196
18131,0.005300111066575565
18132,0.014831529305706503
18133,0.011824112152278455
18134,0.0023644075569081947
18135,0.021586142092380987
18136,0.9030943661927993
18137,0.9234396404843528
18138,0.056126530806099265
18139,0.060460593679288584
18140,0.1250316424696725
18141,0.006100975566812506
18142,0.004845893420704638
18143,0.9859840755917483
18144,0.012192641576976956
18145,0.012891688464516058
18146,0.30607266295189356
18147,0.0160591311706664
18148,0.4156723144743773
18149,0.00642100686474232
18150,0.006697393340963088
18151,0.05751032090492792
18152,0.009950235932619546
18153,0.004486014396175124
18154,0.017540149815362005
18155,0.7234275198904934
18156,0.0031506367991408295
18157,0.22814733348091715
18158,0.8913292317798821
18159,0.03513159796809921
18160,0.6571152957562645
18161,0.026185012740563115
18162,0.04858612486861358
18163,0.008366577060107612
18164,0.4282426598928562
18165,0.09930482346942501
18166,0.10794995268221069
18167,0.7644025147462221
18168,0.4225214927556806
18169,0.02347861520122911
18170,0.9406067414873349
18171,0.9814973499387241
18172,0.0907272116672218
18173,0.011905034927090653
18174,0.06362539581776683
18175,0.02735513784153194
18176,0.9495511420297371
18177,0.7740195489825439
18178,0.10083898019469809
18179,0.09058335748357674
18180,0.9943866185689557
18181,0.29712494021894303
18182,0.0023867222067182866
18183,0.12665780175110414
18184,0.018161719031742785
18185,0.2906289803631402
18186,0.0029476440074725323
18187,0.02973372061245303
18188,0.9311932330504884
18189,0.12193117778367307
18190,0.9382981986374433
18191,0.015288285736314982
18192,0.8725439679360336
18193,0.008444112947662437
18194,0.004736530184709646
18195,0.9483224074580343
18196,0.008688170288170843
18197,0.009178498659563982
18198,0.731384046333212
18199,0.01991374055126462
18200,0.36204456130797913
18201,0.5627044642893115
18202,0.34995276051195445
18203,0.42407402831676005
18204,0.03237082301992609
18205,0.014784586610115624
18206,0.16449014443791768
18207,0.09744775916129549
18208,0.024387657444110332
18209,0.008372590622213119
18210,0.01768223117890235
18211,0.09092938716513296
18212,0.01380926927843028
18213,0.16318168431620686
18214,0.9753009697962377
18215,0.01454035779843134
18216,0.31936424828697296
18217,0.6265573148787541
18218,0.11516571581924481
18219,0.02303132896169027
18220,0.5262997638349359
18221,0.12804988522491834
18222,0.009443312431978771
18223,0.40727163701001007
18224,0.7686462905750702
18225,0.01347954216307348
18226,0.6992897557602527
18227,0.016640130075617255
18228,0.005325153148061714
18229,0.3992562746833806
18230,0.009178967154160144
18231,0.8760467169623027
18232,0.9131399200626007
18233,0.3382821606872876
18234,0.8632107634149137
18235,0.8073097525669659
18236,0.023572782626896112
18237,0.29040207725102674
18238,0.02114826111801676
18239,0.07092648084828074
18240,0.1364216645563809
18241,0.6025823048212958
18242,0.012901951011330477
18243,0.05988276255085996
18244,0.8134257553550577
18245,0.08971461749726804
18246,0.04572185645730297
18247,0.1439995151959672
18248,0.3104006795540141
18249,0.038612597836683575
18250,0.006429304014811753
18251,0.01633790244631135
18252,0.00806010523319458
18253,0.7633284427901887
18254,0.3725462506658851
18255,0.8231585938824946
18256,0.006491682268261335
18257,0.002644643956103399
18258,0.18402600406093914
18259,0.005867677140939368
18260,0.007600148471636181
18261,0.003199864529694899
18262,0.020479430262473862
18263,0.23637509706681628
18264,0.012600818831758566
18265,0.40666422143001835
18266,0.4292401149176354
18267,0.6146864805792304
18268,0.006036641916125298
18269,0.9938647277480164
18270,0.09106945823350805
18271,0.04331735548222485
18272,0.4193021473549629
18273,0.010138789758664665
18274,0.014593861079978673
18275,0.006751504506181987
18276,0.7574167173045205
18277,0.014584034925407469
18278,0.010858783077003092
18279,0.006098239972816587
18280,0.04150695895661426
18281,0.05093155538929323
18282,0.017395770797158053
18283,0.15787850567793532
18284,0.06475560635106613
18285,0.006070038455567183
18286,0.06934453819293988
18287,0.012555218090494964
18288,0.02262797595226219
18289,0.3993584897274278
18290,0.012061445355715128
18291,0.003083006497177428
18292,0.0516388987409996
18293,0.0532920246514025
18294,0.013434625041519103
18295,0.14811482051936486
18296,0.8756321315947533
18297,0.007067794269784453
18298,0.02910043549129448
18299,0.12047605360242736
18300,0.16973548965847476
18301,0.005725586681707708
18302,0.7472785217821005
18303,0.044472838684055785
18304,0.007419734668699
18305,0.7286914494419425
18306,0.054722412752953975
18307,0.04248899081447782
18308,0.9566821415724949
18309,0.01748709899761445
18310,0.05343305954895676
18311,0.08127292254652452
18312,0.007949364169710186
18313,0.02024508012569725
18314,0.034968551634840285
18315,0.026341536232506114
18316,0.01220360606944279
18317,0.049257518594396296
18318,0.0057804974481079
18319,0.00854878423113719
18320,0.08501392006312335
18321,0.336020772991063
18322,0.6324677135317639
18323,0.028261521021348327
18324,0.7921455347303283
18325,0.9807885321769978
18326,0.12722369553849042
18327,0.027016680347798663
18328,0.026674576812511674
18329,0.10860550420128735
18330,0.025676429711012118
18331,0.27990652964726803
18332,0.007746723420167351
18333,0.04506885713942076
18334,0.0031472702003351696
18335,0.02129458354502344
18336,0.06524295381483138
18337,0.820091682858873
18338,0.018295198337427435
18339,0.007146371400917827
18340,0.07321717858725496
18341,0.026297425217105597
18342,0.060121036807308896
18343,0.00991410174122331
18344,0.984762109544769
18345,0.924096909164232
18346,0.03342253837274348
18347,0.016843829911758233
18348,0.007992349817390615
18349,0.032541450963514976
18350,0.6417051457747585
18351,0.0033209724575115666
18352,0.08673030789087127
18353,0.024285370978540458
18354,0.013750773915818472
18355,0.00998080314890951
18356,0.03881636506489759
18357,0.8149572548924723
18358,0.14727517229893172
18359,0.024666641703447373
18360,0.024062890018449315
18361,0.9116294559679687
18362,0.017679731014030604
18363,0.0033989919484143263
18364,0.5745245831652301
18365,0.9048493780079583
18366,0.6182282135444476
18367,0.005678384851683882
18368,0.008835638074817758
18369,0.052589877074872116
18370,0.1379348796799392
18371,0.7591835794367614
18372,0.009757239943050604
18373,0.08365965656533447
18374,0.009240319954502708
18375,0.2845779958385446
18376,0.14259503151273403
18377,0.005379595125244561
18378,0.18733268909429676
18379,0.010603664867118296
18380,0.5224632959022198
18381,0.9740040519007254
18382,0.3900985115230122
18383,0.17977554997546746
18384,0.005978454820947534
18385,0.0027348057466737422
18386,0.9215678277501063
18387,0.8451101367228241
18388,0.1903197433764257
18389,0.011430502317644704
18390,0.3217368023220356
18391,0.3192444645384525
18392,0.09663819629109797
18393,0.3772032962102619
18394,0.042160092221759884
18395,0.4017157974760311
18396,0.8096821642341908
18397,0.003985527170091907
18398,0.9534045535603557
18399,0.22617484902232174
18400,0.10923391567968806
18401,0.0022257962953449316
18402,0.35153987977274204
18403,0.4855104044837092
18404,0.01354063491280418
18405,0.08950140832082815
18406,0.5466659989922363
18407,0.03640207748608767
18408,0.8441520488022611
18409,0.011167880648685926
18410,0.016415830809381395
18411,0.015586318847163914
18412,0.01343838579123072
18413,0.9581547842734482
18414,0.0841603445333069
18415,0.00757223470752433
18416,0.1473650245011366
18417,0.005898647806450754
18418,0.9788727373161736
18419,0.4274040976590145
18420,0.005670645586483434
18421,0.9111126944482777
18422,0.006327913056917864
18423,0.09604624178513002
18424,0.4466798837517051
18425,0.9900636134905724
18426,0.0960120364471728
18427,0.7629557104928404
18428,0.0030280486165535515
18429,0.10822599139532718
18430,0.866672503185734
18431,0.014782404980605133
18432,0.002789465662967064
18433,0.022159411323549354
18434,0.015044131330484139
18435,0.18754817272154617
18436,0.33859223200316707
18437,0.006360364978441449
18438,0.09014447250294651
18439,0.02044214028550086
18440,0.10655698070928041
18441,0.19640599715552268
18442,0.057710154321309784
18443,0.01960823309686898
18444,0.11804271518454205
18445,0.813081829400266
18446,0.791092108335861
18447,0.006435209988605505
18448,0.7125464733763862
18449,0.01579839606634355
18450,0.05629002970714634
18451,0.007492138841647749
18452,0.8981228286687206
18453,0.03598738697694669
18454,0.9121718789790029
18455,0.3384201744860687
18456,0.027950114348043047
18457,0.05078748336800746
18458,0.9334872093382481
18459,0.6440164458097205
18460,0.045376953983933994
18461,0.29570546226819516
18462,0.04052782326516293
18463,0.012852673215262931
18464,0.0032683397363120897
18465,0.005667699989819126
18466,0.019056524611819572
18467,0.06549402167830719
18468,0.4482700136495244
18469,0.011704868452269167
18470,0.44893007145907354
18471,0.9385599896090407
18472,0.00677754929233071
18473,0.04827491928809938
18474,0.0030761626466484604
18475,0.024579180354785474
18476,0.11377903745210348
18477,0.0034962039814417025
18478,0.9739534315143923
18479,0.03568564721225042
18480,0.9632031932488017
18481,0.01860855479219067
18482,0.6947847360076478
18483,0.0256974897535349
18484,0.04558142102308605
18485,0.9643326814375308
18486,0.08853565892010634
18487,0.018928881244583935
18488,0.9407023464394811
18489,0.015688113680336718
18490,0.01141860960982823
18491,0.006394292718924054
18492,0.6788364221004733
18493,0.2630588106979563
18494,0.38063588423828404
18495,0.9235637368189192
18496,0.10318437563556336
18497,0.026171573726260933
18498,0.8044529237103986
18499,0.0025285036289663604
18500,0.24126341839879878
18501,0.6961264672393289
18502,0.02811250790204573
18503,0.007684691160341635
18504,0.010890082810538809
18505,0.01700647040307046
18506,0.05813915271104055
18507,0.056086264900886085
18508,0.01308600440572357
18509,0.006392357018237477
18510,0.27127468155159323
18511,0.005638465715602974
18512,0.03299939544969663
18513,0.8094973642605604
18514,0.0023963912706021096
18515,0.06231278160840095
18516,0.07008363852367319
18517,0.0020551473757665123
18518,0.028535467334311622
18519,0.027732622856409418
18520,0.005197039477709089
18521,0.035269337620803996
18522,0.01576873460852333
18523,0.008707393448458615
18524,0.02815501530518835
18525,0.01783867355710426
18526,0.23967536050549718
18527,0.9819526253093878
18528,0.01661940432382462
18529,0.004716702799943303
18530,0.004804933528587719
18531,0.012383046529019042
18532,0.08235138814631304
18533,0.004390993790634405
18534,0.34178490778325843
18535,0.013121385072788861
18536,0.0031429527596781364
18537,0.5624299178043755
18538,0.35532445398089396
18539,0.027640215204839013
18540,0.17995020976757511
18541,0.02042983380762541
18542,0.2776620708488241
18543,0.013748844332321455
18544,0.14510899313876433
18545,0.019645329405699127
18546,0.11034179287862013
18547,0.17434871607234925
18548,0.8051244131425177
18549,0.9563298475447134
18550,0.9909136454924868
18551,0.06226928374284612
18552,0.7426428522527571
18553,0.6112417553042563
18554,0.12543634226432981
18555,0.054080367406554315
18556,0.002499940119949218
18557,0.010178351024683832
18558,0.02380629960175411
18559,0.825671883060224
18560,0.19260453092519397
18561,0.021304111287444985
18562,0.5178822830850937
18563,0.013749914020594896
18564,0.8143462602459457
18565,0.005110945663593417
18566,0.005885237513729258
18567,0.03190670747762262
18568,0.0103044893120116
18569,0.005751778675377856
18570,0.35093566945915206
18571,0.01382433466807236
18572,0.002594699203086067
18573,0.018456385460035998
18574,0.12271469174554848
18575,0.08845374209075102
18576,0.015476964480921876
18577,0.04465778833274075
18578,0.009222394744203945
18579,0.1179774381943952
18580,0.06189086852340821
18581,0.013039699692737643
18582,0.08331976456853146
18583,0.01739235955462905
18584,0.37249229308798604
18585,0.03757327953256286
18586,0.06558102551474763
18587,0.013192710885715605
18588,0.5525894639400136
18589,0.04550164792035055
18590,0.014358882276684767
18591,0.3948966124014218
18592,0.40258579924595794
18593,0.0692746127814834
18594,0.03398973182986336
18595,0.9719682041892594
18596,0.20069277280086054
18597,0.11503843479577686
18598,0.7210272781635778
18599,0.4368493684259701
18600,0.6168190796754351
18601,0.00681742268383559
18602,0.005516318058489487
18603,0.007313621621670313
18604,0.6411252673074743
18605,0.012797857886301126
18606,0.08170844212090617
18607,0.07340975117677753
18608,0.7461232123270903
18609,0.30969015521064097
18610,0.21586786270286604
18611,0.004744197386251069
18612,0.04357448073246352
18613,0.9751258851535114
18614,0.011724416154416785
18615,0.662313889227463
18616,0.005406883724794175
18617,0.9496896661858829
18618,0.06234040397351537
18619,0.004363973168198187
18620,0.024442746842907898
18621,0.006247186112225375
18622,0.031232596467023383
18623,0.06743736016360943
18624,0.03131330819185483
18625,0.01595938721236336
18626,0.0023219772300028868
18627,0.26351302704923313
18628,0.0035665432723404242
18629,0.052676265736935866
18630,0.08997477951469703
18631,0.7457435004849082
18632,0.019364836465894982
18633,0.014452455505527635
18634,0.3979008418815726
18635,0.0033266985415711125
18636,0.20499448181588564
18637,0.3393814377373003
18638,0.011025324993851508
18639,0.11352396060517454
18640,0.21534974459375053
18641,0.008942886563251594
18642,0.45797191043729607
18643,0.020126687503927456
18644,0.005257440480448455
18645,0.005435146463339982
18646,0.25812737590142093
18647,0.007291596940477604
18648,0.04615672349345369
18649,0.005678041412689296
18650,0.08862875898613587
18651,0.02150287673837021
18652,0.009552052658134441
18653,0.005930553852823959
18654,0.21867171845406458
18655,0.04698190499890137
18656,0.029672211845509066
18657,0.006789102916029782
18658,0.06278320959147791
18659,0.12044505414975937
18660,0.006727001888646314
18661,0.007726582984192179
18662,0.005906250623330531
18663,0.13723883671225467
18664,0.02123012414935894
18665,0.08710197812872401
18666,0.18882847859844656
18667,0.02526101700279668
18668,0.016890444833436043
18669,0.012868957323828683
18670,0.12323203890240468
18671,0.007804113614461011
18672,0.9473356456808396
18673,0.47085923208241426
18674,0.007374883786239473
18675,0.6701145414735324
18676,0.007312551988121229
18677,0.008999949224470763
18678,0.024224734249131453
18679,0.029928369169673202
18680,0.48439509821468085
18681,0.27988298976867226
18682,0.08219032387896995
18683,0.07781791404811869
18684,0.9658718273209795
18685,0.003259648550928763
18686,0.14327563597318874
18687,0.956308323740914
18688,0.02478957344948548
18689,0.09926278859339778
18690,0.0064984855775465965
18691,0.07698191205495206
18692,0.0796014921695242
18693,0.5088278296515693
18694,0.07110709060138302
18695,0.9948040461314741
18696,0.37179437976696633
18697,0.5022998531455868
18698,0.8450938302684672
18699,0.0077246153402078434
18700,0.00250869620501709
18701,0.02649743558977925
18702,0.19631830780900697
18703,0.0064630643532598495
18704,0.46860421259874097
18705,0.056648825962691336
18706,0.040996606960416127
18707,0.18692810282216926
18708,0.024756214917839765
18709,0.735005471962559
18710,0.0465265868209179
18711,0.027867384162939778
18712,0.01400371576825338
18713,0.009387559314861082
18714,0.12376216059982525
18715,0.004543144592773696
18716,0.4587879115600423
18717,0.04658887274341155
18718,0.018310481707619973
18719,0.00937999165892897
18720,0.1215962862409243
18721,0.08493818763792207
18722,0.0055539695932017566
18723,0.7143049363079406
18724,0.6741197298566927
18725,0.9167999011863325
18726,0.15524594001699904
18727,0.010979386738727564
18728,0.2889849113706673
18729,0.6787957362170887
18730,0.01681446884890778
18731,0.95330791933044
18732,0.01193342823530645
18733,0.9858521127705088
18734,0.007534573956334685
18735,0.19463248730552576
18736,0.07873917479258163
18737,0.20582755742230666
18738,0.11491235185173335
18739,0.004293283688444766
18740,0.01024838387903839
18741,0.0038596374382688235
18742,0.4117184723236039
18743,0.11952707055678079
18744,0.0025944579591702928
18745,0.013548806666022688
18746,0.19144866551002482
18747,0.3490730939836166
18748,0.9728284452157933
18749,0.2024074129136466
18750,0.016930312511277343
18751,0.08369554056263635
18752,0.002080464437284601
18753,0.2865577757787282
18754,0.049978924428967446
18755,0.003413808962497334
18756,0.1883260163258812
18757,0.022432374814005576
18758,0.10243826990448172
18759,0.540188087835071
18760,0.013174107684310606
18761,0.017327817958484534
18762,0.2597560822528469
18763,0.6147862320634562
18764,0.010980436469162925
18765,0.043388509590142205
18766,0.13727248396442376
18767,0.061706926227239854
18768,0.022660315435552428
18769,0.008470735856048673
18770,0.006103739500706061
18771,0.005868774977497136
18772,0.027963591191312233
18773,0.05205586097354421
18774,0.14897069090123344
18775,0.0041876197655034055
18776,0.003463656322237459
18777,0.026939387616968517
18778,0.007428191740073868
18779,0.002786164995362341
18780,0.04681567063410391
18781,0.012068527121987712
18782,0.007993862592908569
18783,0.5061051424369386
18784,0.8567232427534573
18785,0.06253944785161179
18786,0.01346674329319522
18787,0.01704891864305017
18788,0.43415207640370695
18789,0.22581920691300802
18790,0.6776212339554608
18791,0.0030371450008672717
18792,0.02987005317220916
18793,0.015167916685775471
18794,0.005588252020304254
18795,0.31189027946833314
18796,0.034940375770814436
18797,0.011389376592636882
18798,0.009055205603044205
18799,0.009727054734932818
18800,0.006789943474198505
18801,0.008284376264139807
18802,0.7906619998761654
18803,0.018255274686686414
18804,0.03387584447462283
18805,0.13147234536684957
18806,0.04014639811496537
18807,0.06621009411299869
18808,0.3936509588652623
18809,0.02015278991227504
18810,0.1453506637625973
18811,0.02321426041422318
18812,0.012721405799435198
18813,0.015716026108105838
18814,0.030745176084165635
18815,0.022019197747247383
18816,0.016596524254151625
18817,0.007976787324816416
18818,0.07393477846860685
18819,0.01627983183468672
18820,0.2559579411085763
18821,0.7025970451059498
18822,0.050681305067978744
18823,0.06271539783978908
18824,0.9400746162365342
18825,0.03586039800768466
18826,0.5680494149262979
18827,0.6684641267662597
18828,0.01672696027768382
18829,0.004179467527077382
18830,0.17750534472347385
18831,0.9192416168968743
18832,0.8793795607054048
18833,0.010659699254799156
18834,0.5817026053781147
18835,0.21310867034323747
18836,0.6160001595372594
18837,0.17557161379390746
18838,0.13784503510899832
18839,0.0970949906213713
18840,0.006479465364644326
18841,0.005144288544776739
18842,0.021286106643343482
18843,0.00998100709782512
18844,0.15384399239237917
18845,0.12098111264512702
18846,0.01570307700906385
18847,0.6184837693688814
18848,0.033041310237857634
18849,0.00791303520598518
18850,0.8804999251942176
18851,0.022334291303595426
18852,0.16289226947374835
18853,0.996287663036623
18854,0.15377330028374905
18855,0.061434569637546135
18856,0.05019701733657825
18857,0.1392691025199473
18858,0.0041956787860722025
18859,0.023903169013351044
18860,0.7587711069645835
18861,0.009499632434484836
18862,0.008505183148751502
18863,0.11979528817505088
18864,0.15417343964108873
18865,0.007663845095347128
18866,0.032997287691095924
18867,0.012076134434190281
18868,0.016223721466700175
18869,0.03562777645466789
18870,0.06906486510924759
18871,0.009720291840499514
18872,0.8739367186800135
18873,0.482725052585824
18874,0.022570958720331998
18875,0.015074408221123974
18876,0.9756112509170625
18877,0.0057467703631593255
18878,0.6018943831023242
18879,0.0927522477824199
18880,0.7212599942093892
18881,0.07919276080094162
18882,0.23950598768192272
18883,0.2494990584681678
18884,0.940728465715416
18885,0.9263632301820436
18886,0.9806923882631422
18887,0.010664572436817335
18888,0.017751817326902397
18889,0.024143570781292287
18890,0.29515140448753246
18891,0.0029166233006606224
18892,0.0050143731330886485
18893,0.015503654879387378
18894,0.055890637096265135
18895,0.37240811485250547
18896,0.4712650474327103
18897,0.051464166450157056
18898,0.010031775071238747
18899,0.05142935219096748
18900,0.038794902309335626
18901,0.20535149523839236
18902,0.005457687987676746
18903,0.008793748954020332
18904,0.02307908164409087
18905,0.012109871359600765
18906,0.09491172786877095
18907,0.011554488379972456
18908,0.010733825759589272
18909,0.7622069983922005
18910,0.18739348327225525
18911,0.18632626383485493
18912,0.5715495489970008
18913,0.06658321781794842
18914,0.31754866337242443
18915,0.06396688973886476
18916,0.8059179307733266
18917,0.004451341952430355
18918,0.9787262772895363
18919,0.41882123563589974
18920,0.2007421648495325
18921,0.19609044710693135
18922,0.5299689971957582
18923,0.9280683484389377
18924,0.01649965902764997
18925,0.5430272372886678
18926,0.05355732446940425
18927,0.026984263628243237
18928,0.14077759939706244
18929,0.008995301557650616
18930,0.13955451071153238
18931,0.9234267705290087
18932,0.07997341495918735
18933,0.8219800348933186
18934,0.03342839063254227
18935,0.3467330172330513
18936,0.0076971497474111
18937,0.00923869860891535
18938,0.25673448889668843
18939,0.7421912124521611
18940,0.009371483570802861
18941,0.019025471624957723
18942,0.024011946614816652
18943,0.0023048182896811776
18944,0.9312050399387115
18945,0.09170253837737453
18946,0.009738256388399435
18947,0.002185016031865919
18948,0.013744103466330036
18949,0.008070344158089023
18950,0.3733190200859434
18951,0.9067243763092205
18952,0.32840359807279806
18953,0.005742359707530483
18954,0.0024628484863060806
18955,0.1263853363288781
18956,0.9526384902061411
18957,0.007361497630036542
18958,0.021660098471919135
18959,0.002987254535155737
18960,0.023425604715794555
18961,0.011660345911102963
18962,0.0066870190251173125
18963,0.15664990539880586
18964,0.004618249470598314
18965,0.6854173398050731
18966,0.08116062683977208
18967,0.7544673825227929
18968,0.936316728261215
18969,0.17377403863673388
18970,0.7910925786980803
18971,0.004436682702375228
18972,0.04473277479473072
18973,0.02353438459774792
18974,0.037824658530925606
18975,0.006535474317247169
18976,0.014035635022082028
18977,0.11935471621167686
18978,0.2611539268180179
18979,0.013673114712888906
18980,0.6010485559477017
18981,0.13795783675098441
18982,0.459360600911428
18983,0.06445832580345755
18984,0.011701019400877883
18985,0.004164119275585951
18986,0.9686105111217165
18987,0.0036165495013936112
18988,0.0032047555548205715
18989,0.13702705549724786
18990,0.31259613851423296
18991,0.006474817713802644
18992,0.9482381416854949
18993,0.007379564780545669
18994,0.15072788705843246
18995,0.15794168542786652
18996,0.7736771708382795
18997,0.7327819520529077
18998,0.09244615866560946
18999,0.056646159091644895
19000,0.08415500470000732
19001,0.02576558020208737
19002,0.019444955815554592
19003,0.004291486475591768
19004,0.9450077410748593
19005,0.25826586225382525
19006,0.21575872159519943
19007,0.00451796973328022
19008,0.9277266996494574
19009,0.17999591123463826
19010,0.014492523148724304
19011,0.03473310709463501
19012,0.004551094314789601
19013,0.004563796973776012
19014,0.8378547333534649
19015,0.03341529177267417
19016,0.17543340434137444
19017,0.06125809796931872
19018,0.00948771106474853
19019,0.016299478430635797
19020,0.05320912613927901
19021,0.05678677890758581
19022,0.0070562255526424675
19023,0.029717479994210413
19024,0.6593060643726655
19025,0.02575098598125347
19026,0.22015559451714728
19027,0.1337475346612767
19028,0.46976780858591055
19029,0.011500624544907904
19030,0.17472816647898734
19031,0.022994523725501485
19032,0.03168594109675864
19033,0.03162669723563718
19034,0.021106248759585545
19035,0.007035839245474612
19036,0.026256791792766392
19037,0.01784011435347834
19038,0.020094736233281802
19039,0.006422047747325369
19040,0.24060813666159558
19041,0.0688666574879635
19042,0.004482495296226278
19043,0.005473149891622208
19044,0.042647647300402484
19045,0.8260039504201263
19046,0.00436194673411205
19047,0.6922377612381712
19048,0.03767208938399509
19049,0.1905996697769549
19050,0.030041567623261985
19051,0.12633359689548151
19052,0.9836024632841813
19053,0.007105239465788913
19054,0.0625098188607784
19055,0.18962752812981332
19056,0.18191065514954005
19057,0.040689177497184106
19058,0.4972206468181206
19059,0.08343907294085608
19060,0.04640961131290641
19061,0.003138116808589744
19062,0.010926312536340575
19063,0.003186554088847715
19064,0.10980791742400305
19065,0.08182461173209814
19066,0.7521480316074532
19067,0.02254426671890604
19068,0.009000677512791643
19069,0.01827464613919748
19070,0.12355872510842296
19071,0.7345369824393566
19072,0.18128158186426876
19073,0.971004552054029
19074,0.002349149752642611
19075,0.44544399204801155
19076,0.0830050892052539
19077,0.30227373725775775
19078,0.014333500720159572
19079,0.24892471374274852
19080,0.006554394269230707
19081,0.039713914067122366
19082,0.0035091641787317017
19083,0.7642352293302617
19084,0.008648756594350477
19085,0.022517580153443108
19086,0.8860846682032901
19087,0.5584063797482983
19088,0.10278922065521022
19089,0.045578422688433755
19090,0.27017021814033026
19091,0.47457735102684495
19092,0.8779774762109935
19093,0.06254728985788441
19094,0.016108907598800567
19095,0.1874090868440958
19096,0.022922314819487914
19097,0.02394862109576629
19098,0.8881555795382208
19099,0.020301569411844633
19100,0.8083653386974624
19101,0.39473495739307013
19102,0.008072823416713679
19103,0.01534477659099034
19104,0.012190971257324696
19105,0.018352656361180084
19106,0.021885168415973426
19107,0.2586537873576462
19108,0.024477395008002893
19109,0.07265362932250582
19110,0.05101440279741721
19111,0.1138945833496376
19112,0.0037985582006511724
19113,0.046166452979494704
19114,0.022111482450082254
19115,0.101790692572129
19116,0.09386873317443836
19117,0.09472192461260778
19118,0.012192515586582721
19119,0.13991779261602919
19120,0.00846587404506173
19121,0.027510160729859748
19122,0.005573131572228666
19123,0.023010728651607682
19124,0.024779393844478404
19125,0.017035271177901202
19126,0.08827370721086418
19127,0.0066850917865262545
19128,0.015804439273705673
19129,0.008261256653193157
19130,0.9350921640176485
19131,0.12075039538880417
19132,0.510586589603987
19133,0.013618339740597556
19134,0.0026375629531091363
19135,0.8192722784461846
19136,0.35796732727270647
19137,0.008881113854296852
19138,0.008192602039457824
19139,0.0024010924211352487
19140,0.0412934677619246
19141,0.16230475067340255
19142,0.8222365074651374
19143,0.30685011870773315
19144,0.1391352507971306
19145,0.006976640230037392
19146,0.00701698056351315
19147,0.003826080156416678
19148,0.32511800295963167
19149,0.04185965249149166
19150,0.008963927896887167
19151,0.007779334623779228
19152,0.8647255692489786
19153,0.971676244535609
19154,0.09205173356120093
19155,0.05774978767334653
19156,0.21213488777172337
19157,0.11538578567535497
19158,0.006629378624541156
19159,0.12702989537294768
19160,0.7924374644218904
19161,0.41373489248867706
19162,0.02107729314773742
19163,0.02517225226713095
19164,0.03929085181746029
19165,0.00663348993056852
19166,0.0024573114752038687
19167,0.035696029608286765
19168,0.7846116914976429
19169,0.173653751444313
19170,0.7308386160140453
19171,0.024552812062686794
19172,0.195467654156905
19173,0.04228909851644514
19174,0.008742600794489653
19175,0.01817487742560159
19176,0.020319845752520323
19177,0.028666003685074222
19178,0.014553845111073386
19179,0.047228968214377116
19180,0.01673808825697721
19181,0.11778650518838303
19182,0.49820625194601437
19183,0.034097176783365324
19184,0.056711167312718413
19185,0.0023293756335631775
19186,0.019297991518097985
19187,0.2550574525535177
19188,0.2851079192723783
19189,0.008504570262284893
19190,0.03342387572864796
19191,0.13953195977764457
19192,0.8152228480448888
19193,0.03418539343230296
19194,0.13501138426360576
19195,0.047010473839558586
19196,0.9379678214551357
19197,0.03535848090104527
19198,0.11225028324546432
19199,0.9682926251236224
19200,0.8172637076240049
19201,0.12689551974846752
19202,0.7799966581578448
19203,0.023495735378165676
19204,0.009209939849382339
19205,0.08785561036388416
19206,0.012048239505520501
19207,0.9581111171072829
19208,0.005314279700372054
19209,0.9001782524047155
19210,0.9145436951132677
19211,0.22294593262075363
19212,0.983041672656653
19213,0.02222104331415498
19214,0.05669663948808888
19215,0.299283030268066
19216,0.015374852432607406
19217,0.01151884237982531
19218,0.25541522780623765
19219,0.010953623684285992
19220,0.3852844453076391
19221,0.04582182980468804
19222,0.13773122229169496
19223,0.004288216285573914
19224,0.32614716756797146
19225,0.5971021533569331
19226,0.4921676946401274
19227,0.2574275749619979
19228,0.01255580348922756
19229,0.01640152507259657
19230,0.14982494720822015
19231,0.02515687630567678
19232,0.05382638321896244
19233,0.010297862113583073
19234,0.02378815368567845
19235,0.0060595597846327814
19236,0.015421490292740675
19237,0.25635257075150786
19238,0.013345728116368201
19239,0.004422373407794196
19240,0.0036909320539735687
19241,0.03490028378510186
19242,0.00289694269883943
19243,0.920212791726785
19244,0.016904036908007514
19245,0.1905119189532303
19246,0.002473433859702032
19247,0.8091974871828251
19248,0.007748032454140968
19249,0.003216242413501264
19250,0.2472728428490514
19251,0.008461676275490425
19252,0.01333302010892114
19253,0.0025169794055548813
19254,0.005433614013971312
19255,0.05339831720458414
19256,0.03520012969254644
19257,0.02243261047290863
19258,0.9584585645715114
19259,0.9363382816982768
19260,0.7628557955053482
19261,0.018824118505107627
19262,0.006248143829094845
19263,0.0034422267396828406
19264,0.3588431371431644
19265,0.06395270240551268
19266,0.01802085757294181
19267,0.007022210981837263
19268,0.49282850243756915
19269,0.04201055203533726
19270,0.06014454335239991
19271,0.09201016086034638
19272,0.3145527444387095
19273,0.003988253182723765
19274,0.002448258223114825
19275,0.27757977351322743
19276,0.048022708973009726
19277,0.006340009671977203
19278,0.4960494659001296
19279,0.005735161627952264
19280,0.033517194623678075
19281,0.017942477592744626
19282,0.004777979044926846
19283,0.007900892244214556
19284,0.007372221521087149
19285,0.6022176704016671
19286,0.004624906678745481
19287,0.02347584758012159
19288,0.04705379180650157
19289,0.012640086566842026
19290,0.2148501089072933
19291,0.06901255478801134
19292,0.8082464397843389
19293,0.9188635961735394
19294,0.003040790021157018
19295,0.0025350163327010084
19296,0.017935717177337496
19297,0.0442522385001635
19298,0.9444176464964678
19299,0.026522571686577685
19300,0.021542276078004987
19301,0.12354918588561206
19302,0.15755092563853954
19303,0.07556283636544642
19304,0.786541274724327
19305,0.3145682630187923
19306,0.0294694480265388
19307,0.023187476572321026
19308,0.2120847512809664
19309,0.3369950028089223
19310,0.004679909886642126
19311,0.2114289640163364
19312,0.21898547423140272
19313,0.0736485269584359
19314,0.6785617551674993
19315,0.035786894905479136
19316,0.2037343413092938
19317,0.12839394652832503
19318,0.29187243176864996
19319,0.29415413650372724
19320,0.006771698684362767
19321,0.10366004854695432
19322,0.2324737400010079
19323,0.33516455800988093
19324,0.0019234805905203138
19325,0.24186584730659227
19326,0.5679953005528119
19327,0.009817888670742675
19328,0.009704790067491377
19329,0.010167565712513055
19330,0.005010133411521022
19331,0.9720298485251678
19332,0.02082898286170205
19333,0.03844801102194949
19334,0.009987532384260535
19335,0.009109901177298015
19336,0.17714712063393837
19337,0.9587301733281675
19338,0.4058130708260538
19339,0.0032450597011688285
19340,0.13727846082933473
19341,0.08111187780906841
19342,0.0031971872220045833
19343,0.055307825546518904
19344,0.05761449893682636
19345,0.09990528869893803
19346,0.0030567055170751378
19347,0.023749101967938335
19348,0.017979987526552173
19349,0.5799858512364426
19350,0.020501203839072352
19351,0.04524209126235604
19352,0.695367598576105
19353,0.13085240678071708
19354,0.1081555446451661
19355,0.0609936252177673
19356,0.04922840288907681
19357,0.03445542054077365
19358,0.06311648685521459
19359,0.14229667272539237
19360,0.20821605506093227
19361,0.015450271092389207
19362,0.432358724601971
19363,0.09098190576629248
19364,0.2582779130572864
19365,0.39340239248433445
19366,0.006144444842889153
19367,0.6598027868794861
19368,0.23099740918405953
19369,0.05143077788004728
19370,0.004323515913999283
19371,0.7550165902960793
19372,0.01221103136242303
19373,0.008136815917890576
19374,0.015912789498635616
19375,0.011614653070252423
19376,0.007055359717756775
19377,0.9063319244127733
19378,0.17711681747663735
19379,0.0043747181469154265
19380,0.0028393035318937518
19381,0.005602697296104377
19382,0.0324975564175578
19383,0.02034029596453637
19384,0.005723803655665811
19385,0.056511771209874384
19386,0.043774015782098996
19387,0.004767075524830499
19388,0.5873577395128624
19389,0.9856552298700454
19390,0.620716027453236
19391,0.8127716877265543
19392,0.027254032540376665
19393,0.008891117623200493
19394,0.11930204322816235
19395,0.10962573913378372
19396,0.015177972630995103
19397,0.7466828827397134
19398,0.18173627966236033
19399,0.004193293552777989
19400,0.5726776029126108
19401,0.09574944116240004
19402,0.00562196025838188
19403,0.22649864975698947
19404,0.022570497539952945
19405,0.0024797688574498206
19406,0.5419966928175852
19407,0.3208958791539315
19408,0.020133120551056028
19409,0.011977537743127795
19410,0.003957397152288061
19411,0.002306195797919191
19412,0.009860548052745844
19413,0.004113736675653333
19414,0.7448722221484713
19415,0.013317788945860238
19416,0.12077889501529514
19417,0.9909049684375587
19418,0.017193508046250562
19419,0.1321356173667225
19420,0.1178174683084822
19421,0.7722350258362206
19422,0.05902578052500274
19423,0.14945452907427179
19424,0.7431345444351881
19425,0.005651891313533517
19426,0.009186944957082544
19427,0.029267976135686772
19428,0.00925455644424177
19429,0.04671159042779136
19430,0.005487910981038042
19431,0.028646282216614322
19432,0.014691482525673821
19433,0.027472628516785554
19434,0.5533785361566309
19435,0.038745168842494696
19436,0.0028024612511917154
19437,0.9766809564268925
19438,0.0057941236412841325
19439,0.738379879003357
19440,0.0720206565997871
19441,0.07788690790558464
19442,0.23659500504939793
19443,0.013703559852152457
19444,0.0069423173177192345
19445,0.07168714410013609
19446,0.003249946847773163
19447,0.015636061771570398
19448,0.14018152598590877
19449,0.0028164780309027945
19450,0.028661775142795363
19451,0.5320809825140165
19452,0.006267789202919478
19453,0.020720528824120014
19454,0.7611339968360818
19455,0.20843559889675348
19456,0.6554974613533957
19457,0.05697307879974575
19458,0.09371084438588319
19459,0.008677521417944029
19460,0.9830338107361569
19461,0.017302205780640643
19462,0.013716013725678674
19463,0.023448812653562735
19464,0.15525594977916546
19465,0.2027356181954643
19466,0.03393152249746548
19467,0.05635314570524159
19468,0.9145188791424175
19469,0.006436558951704668
19470,0.03463966476147343
19471,0.36345223182241104
19472,0.654660187616068
19473,0.014938019303763594
19474,0.06333884607303424
19475,0.07163956463535119
19476,0.005705643238949265
19477,0.93255433982878
19478,0.1622884397833669
19479,0.003387622406032431
19480,0.07835263960871239
19481,0.6354029924449793
19482,0.2182244269716322
19483,0.00578912413249004
19484,0.0042065766572922485
19485,0.004091687742633424
19486,0.9220683867929113
19487,0.2242529547150137
19488,0.10296627153112707
19489,0.2532695400135651
19490,0.003935183332837484
19491,0.11718997052531316
19492,0.05503199855389909
19493,0.17744962024281621
19494,0.4607877444722784
19495,0.02355657015504383
19496,0.5356551533796382
19497,0.02625268046881381
19498,0.13676874499733843
19499,0.01019165804404627
19500,0.7133443961795551
19501,0.007787553473680904
19502,0.9681485259125582
19503,0.7047371636634486
19504,0.9743903851853839
19505,0.09353545976220513
19506,0.15287865700161016
19507,0.7025804416576301
19508,0.1616289121942427
19509,0.011103357472982061
19510,0.009054968583463193
19511,0.07320704056677141
19512,0.19776232580685213
19513,0.018438192299940998
19514,0.004248831935257286
19515,0.7978913323944159
19516,0.6144484430061153
19517,0.11709300965710852
19518,0.01729254866125348
19519,0.012366574610629783
19520,0.005871631250942768
19521,0.058754352068405354
19522,0.6903763667206784
19523,0.3015887769742937
19524,0.1702059143502399
19525,0.021241152646488765
19526,0.00530695419495809
19527,0.2220070252211573
19528,0.6091673093178755
19529,0.028339239161965138
19530,0.867897072250568
19531,0.007786175794500369
19532,0.2910275701120282
19533,0.04260176313463981
19534,0.07946987348827388
19535,0.03466403037387158
19536,0.10034333246981642
19537,0.015511023206764932
19538,0.17784411170354136
19539,0.784343667875465
19540,0.5092384849701275
19541,0.010169355341449035
19542,0.007174405791959677
19543,0.007412957553349365
19544,0.8264187289353734
19545,0.6765382878361288
19546,0.8336053814961699
19547,0.012114655741333158
19548,0.004746743710143121
19549,0.013212847138448473
19550,0.2628946565456772
19551,0.06974844651361685
19552,0.020851449695003067
19553,0.003538843225450708
19554,0.05172307337212192
19555,0.019196169453944673
19556,0.006720256228588231
19557,0.9777737878332122
19558,0.004157814188458779
19559,0.04310574178285289
19560,0.00900112185617664
19561,0.978758599483155
19562,0.051901190968575664
19563,0.08785006890335086
19564,0.012710926963413869
19565,0.05325132573708176
19566,0.4057676128308529
19567,0.9391297999504442
19568,0.017352458652002876
19569,0.23659245567438794
19570,0.016652661851127924
19571,0.01119399465742109
19572,0.0732323171523364
19573,0.01358832632613012
19574,0.005247282907502242
19575,0.29861722601420926
19576,0.7654742784948535
19577,0.00702075918151448
19578,0.005939474659842915
19579,0.28097242101283965
19580,0.019808096111737616
19581,0.6096345524467452
19582,0.12088607715958369
19583,0.005257504095086191
19584,0.02246225056049229
19585,0.0031004104234753646
19586,0.1849727830562356
19587,0.08822670804604377
19588,0.0436248819112925
19589,0.038561176841632475
19590,0.2613664329057348
19591,0.12882493956115273
19592,0.02523056963914023
19593,0.9766908664298629
19594,0.04799262901183072
19595,0.19499432332632954
19596,0.2290167721261461
19597,0.039068002854522915
19598,0.004961757328522217
19599,0.018378141534566992
19600,0.023077570188714286
19601,0.8569065841182978
19602,0.9369551272697013
19603,0.943893019551344
19604,0.033543868023797656
19605,0.3873478916258335
19606,0.16836824895589453
19607,0.02586191398731727
19608,0.030602935893563762
19609,0.03553502220684911
19610,0.39191560950565557
19611,0.48509693299246426
19612,0.29893758653586977
19613,0.0029940016528004435
19614,0.07652184060470331
19615,0.00612767186984878
19616,0.006196801079576477
19617,0.007996066423012854
19618,0.5041176490696188
19619,0.03847275614186854
19620,0.06282193363301461
19621,0.029264229420804276
19622,0.9744335714742711
19623,0.007122981889407635
19624,0.12282478177791462
19625,0.019829774228355756
19626,0.6521552450800361
19627,0.016042167662332223
19628,0.3570600389611534
19629,0.011874688836519168
19630,0.037649538527176854
19631,0.9671702035110723
19632,0.2430999315973362
19633,0.15205352809113704
19634,0.03760262260797494
19635,0.04029338011557402
19636,0.15503983217329131
19637,0.8513634508183066
19638,0.018381870018388487
19639,0.004333532550864385
19640,0.036136851182027675
19641,0.009694580203031287
19642,0.01544256651949912
19643,0.005468222188617365
19644,0.008049076133989738
19645,0.1160609653770558
19646,0.11135755071317671
19647,0.024195106153370585
19648,0.03782501726771407
19649,0.25504919330053893
19650,0.003136810884558155
19651,0.006939392475495418
19652,0.18142167179915253
19653,0.015999021428913903
19654,0.9375354601170565
19655,0.020908938660254797
19656,0.09314737525152704
19657,0.019295853720797722
19658,0.9496667661419212
19659,0.003336209517798579
19660,0.31403989172753427
19661,0.20490654585916931
19662,0.15633846480051783
19663,0.010567200839816729
19664,0.6564614476014162
19665,0.020531333538542487
19666,0.024521017082906403
19667,0.061638798177406105
19668,0.006774862133030801
19669,0.004213682633409139
19670,0.3538667686194793
19671,0.20142537978561623
19672,0.05609598351982849
19673,0.03731330270828434
19674,0.1209074364324279
19675,0.5626361951920118
19676,0.0350972189773287
19677,0.0020283699804137974
19678,0.0042154245003019584
19679,0.05682855156455646
19680,0.009262101242863084
19681,0.8595625823261132
19682,0.9841154825832263
19683,0.09196563046502418
19684,0.0419764371042537
19685,0.571747003093527
19686,0.006151569289316487
19687,0.18180189125639176
19688,0.004726098844905942
19689,0.10586540393481388
19690,0.556826512325811
19691,0.04160891227860576
19692,0.9464178264251426
19693,0.010015874539267427
19694,0.010117492029955226
19695,0.06182079643262005
19696,0.00957508534205457
19697,0.3737580027619648
19698,0.03680333992851634
19699,0.39442515128794425
19700,0.0025683407513737194
19701,0.0025141916129907565
19702,0.7779354809368367
19703,0.010843008626344802
19704,0.07680746249315423
19705,0.24896797371781282
19706,0.5190114866803687
19707,0.004263551894380962
19708,0.01676120360650471
19709,0.005597816536645697
19710,0.0070238072131395
19711,0.9616076501208527
19712,0.1507779180678619
19713,0.008229347677154226
19714,0.4480405744794054
19715,0.05503652859121429
19716,0.005472101999526559
19717,0.1353181449780556
19718,0.005077679976307542
19719,0.00636629793442374
19720,0.29709396190396226
19721,0.0038170131935585908
19722,0.8204498243671805
19723,0.9516663598177817
19724,0.0029538857471390037
19725,0.23230968188109338
19726,0.0027578389661402935
19727,0.0776821344048612
19728,0.1306189700823795
19729,0.046374347226808985
19730,0.014503466120140125
19731,0.3413846412587857
19732,0.14902500345779524
19733,0.014148031263350931
19734,0.15183024384607569
19735,0.034981930911971215
19736,0.044482282081504274
19737,0.9754417959148779
19738,0.8525475301665848
19739,0.28943028331037485
19740,0.012656449424174323
19741,0.008785660853446564
19742,0.06435066928375832
19743,0.5839246103418786
19744,0.002987116493692603
19745,0.04175215115037434
19746,0.03435214726584549
19747,0.0740023095015241
19748,0.07052055622986876
19749,0.003395498248806318
19750,0.021864918236606648
19751,0.5548881182462797
19752,0.05293948454987111
19753,0.002716153870353348
19754,0.1551555165459948
19755,0.004285486855761585
19756,0.015163214082002881
19757,0.027402878907306926
19758,0.7725433372851684
19759,0.32117168891104053
19760,0.05726648063140178
19761,0.0027364334865479776
19762,0.0057326399203803165
19763,0.00540749850769345
19764,0.8015933250659137
19765,0.0152421416310829
19766,0.8147563085355504
19767,0.2980241811709071
19768,0.996530931342062
19769,0.02628576781120761
19770,0.026726105422337703
19771,0.0026260719995633303
19772,0.004336024133200164
19773,0.10588003268242284
19774,0.9765007401845089
19775,0.017350209407532582
19776,0.002117508653655415
19777,0.36501461255780393
19778,0.13995095900266052
19779,0.07822645431312722
19780,0.014265306485930449
19781,0.40132182357448115
19782,0.03864831672766083
19783,0.00835438911640712
19784,0.08416495122354818
19785,0.005092847720085691
19786,0.004316100528190777
19787,0.009743382014565384
19788,0.042563266798694266
19789,0.011938904971734271
19790,0.9079781845185549
19791,0.5821062049698066
19792,0.02002705878956021
19793,0.11720925909898762
19794,0.8450734642544936
19795,0.0073309767677358926
19796,0.10393266783748858
19797,0.11514178049567039
19798,0.007443802197198093
19799,0.9819539594681157
19800,0.010485145166655194
19801,0.058217547550627934
19802,0.009940272190878893
19803,0.398432499950992
19804,0.8734594806114839
19805,0.12729314166548641
19806,0.003327411649455672
19807,0.06991625802842384
19808,0.07776876010251245
19809,0.009431687561658658
19810,0.04397959438816047
19811,0.007092584440205696
19812,0.019832886985162907
19813,0.012458637672036815
19814,0.05250680896738367
19815,0.058166095962608196
19816,0.048677500706274135
19817,0.00810621804600504
19818,0.04819287074733735
19819,0.0031501925705939744
19820,0.0906937557115036
19821,0.015943933223788353
19822,0.0020829119253617423
19823,0.058887041737788255
19824,0.02442387322091866
19825,0.13599836152520114
19826,0.09473671145117094
19827,0.19288552585230453
19828,0.0470551378187054
19829,0.7188624001438862
19830,0.04274529643027159
19831,0.011309786790431669
19832,0.0906023147471847
19833,0.5346601373055798
19834,0.008144559771282409
19835,0.4332828459897848
19836,0.02136546336759816
19837,0.005738568884498151
19838,0.013223955925422783
19839,0.08633192041761042
19840,0.22084329103443306
19841,0.5018579629202983
19842,0.011180510472839444
19843,0.12215923138200421
19844,0.01611039267073678
19845,0.5331199673512028
19846,0.004598621302319148
19847,0.02926561268729106
19848,0.0888751666820047
19849,0.037802016058766125
19850,0.009493954674668098
19851,0.016296364874960237
19852,0.14719769374544128
19853,0.07288774077473721
19854,0.974664711895091
19855,0.05143915520239059
19856,0.1243195568951687
19857,0.6783746367930513
19858,0.2224724595800284
19859,0.7370880946229577
19860,0.5907444616758395
19861,0.9973105455824567
19862,0.059622218673213
19863,0.25991441785359354
19864,0.03262314902363774
19865,0.036939121532687594
19866,0.05640606337241623
19867,0.018568546308907825
19868,0.059037886628546817
19869,0.043940030880451036
19870,0.20038817084392993
19871,0.18744091777519223
19872,0.0347100449640173
19873,0.34779642322875304
19874,0.005572089608613966
19875,0.14167996694776758
19876,0.005190504386325909
19877,0.06219074592310229
19878,0.003958672983831034
19879,0.0150448621549048
19880,0.044683351794996176
19881,0.02844312673640663
19882,0.005742744868028363
19883,0.03242341611686099
19884,0.12378777527517676
19885,0.9676520340022203
19886,0.03138328652759784
19887,0.009101667727229151
19888,0.9848301420132388
19889,0.3152302493886768
19890,0.05438707660693747
19891,0.34425303481137276
19892,0.07864300360307333
19893,0.04450859856045176
19894,0.015630038792349043
19895,0.48745419243499744
19896,0.0070879399993539465
19897,0.6687361593468758
19898,0.04176954742357788
19899,0.07383318773169446
19900,0.09852215282979056
19901,0.1713719752993258
19902,0.017209601494432424
19903,0.05957636704902854
19904,0.01248708573094076
19905,0.010992064530602419
19906,0.15664165868684457
19907,0.023429784975616857
19908,0.0033220600113517892
19909,0.06981692094874951
19910,0.8134709436787334
19911,0.37903972914330863
19912,0.006154971710866526
19913,0.014961383076451095
19914,0.0318524027550523
19915,0.42928718615064787
19916,0.003028014186388246
19917,0.026901291382557688
19918,0.004121773452217884
19919,0.021665188496660968
19920,0.053355461590791055
19921,0.058694393886365666
19922,0.3332781229951369
19923,0.07145866234447348
19924,0.24826059231986325
19925,0.14086306566356982
19926,0.26704217116343343
19927,0.43577900178626994
19928,0.016291879664399652
19929,0.19735706168156045
19930,0.048410364994355574
19931,0.005702102694375038
19932,0.0944414265703232
19933,0.003687291806950812
19934,0.04225244224260264
19935,0.0199391304790303
19936,0.0025535132023585742
19937,0.19184475500120043
19938,0.025926435262892334
19939,0.025338498040402068
19940,0.005531276827907884
19941,0.01733103284058613
19942,0.018429624524201042
19943,0.004154534920470722
19944,0.020492313494822154
19945,0.055794166487738876
19946,0.02991243041720596
19947,0.00805879221147434
19948,0.11766489506325069
19949,0.013923041063905402
19950,0.14620208146348887
19951,0.43090743370210755
19952,0.03000771479187994
19953,0.36646467122023135
19954,0.020379970432693385
19955,0.019777612555011245
19956,0.37528652278379926
19957,0.010321242246503918
19958,0.007598484345098083
19959,0.1222190250011287
19960,0.12674397267055132
19961,0.015461547561337436
19962,0.05211912152789664
19963,0.009408782718429915
19964,0.004830857101298247
19965,0.010075201367602024
19966,0.3365171517326601
19967,0.19603364709616436
19968,0.7956319307511713
19969,0.432165915029071
19970,0.38924420880486893
19971,0.007132418755754851
19972,0.006788824581207773
19973,0.928471358713448
19974,0.0030381306639941396
19975,0.978661940843187
19976,0.05946788136382249
19977,0.014757316959375804
19978,0.010974987523151354
19979,0.7603345147305193
19980,0.3028454837014869
19981,0.019922815317152988
19982,0.04553641231870549
19983,0.4698697539319135
19984,0.7192398828339492
19985,0.2529370874176664
19986,0.005999059452121748
19987,0.9634956082125171
19988,0.006784480448655843
19989,0.009730553139329724
19990,0.13696146417060506
19991,0.006475443458751369
19992,0.9493633295653353
19993,0.104447593888083
19994,0.3396208471448359
19995,0.08810105747213588
19996,0.03914097614105314
19997,0.005790091813065553
19998,0.00408146749135468
19999,0.007930137556650708
20000,0.023968970193152545
20001,0.006011180899991982
20002,0.07400274745145477
20003,0.15728166504285035
20004,0.099906865115779
20005,0.3232727830988745
20006,0.9792560034417427
20007,0.19981401348523575
20008,0.4243566566698998
20009,0.009712786008484308
20010,0.0073579517903055525
20011,0.09223212553407739
20012,0.012118924927477537
20013,0.04125030143399755
20014,0.1253547800721643
20015,0.041007611802219075
20016,0.01916926207708789
20017,0.01474674594256067
20018,0.005204464832800268
20019,0.015145824388760887
20020,0.02217349762823542
20021,0.01722074299638258
20022,0.13711666206695672
20023,0.09812921898281009
20024,0.026196484890651926
20025,0.014931904693559662
20026,0.024628417452549057
20027,0.9773032753088249
20028,0.00719371353124384
20029,0.7677627788794742
20030,0.032851068910641094
20031,0.005187062541420926
20032,0.09093614618251868
20033,0.2776282697706769
20034,0.010488239548277342
20035,0.3764862564317531
20036,0.011032126375477264
20037,0.07748008578543822
20038,0.9973571741495877
20039,0.3470234411264679
20040,0.011709202985837733
20041,0.006860801741209201
20042,0.01854059391064853
20043,0.030358336356676154
20044,0.010852768346102767
20045,0.2455023005709165
20046,0.8573732781673423
20047,0.9933475540149669
20048,0.004894974396683736
20049,0.806286017170232
20050,0.11298670416730218
20051,0.018927193533116216
20052,0.03627732899837324
20053,0.9938825939532216
20054,0.008415112152723298
20055,0.21897625360007297
20056,0.0028675266504977403
20057,0.047167434408500464
20058,0.2819163625941023
20059,0.1783683032317216
20060,0.07207468618194784
20061,0.017949868346840397
20062,0.04988155557409536
20063,0.0022906983723495196
20064,0.008617276581081681
20065,0.4491632861324494
20066,0.5153480292371402
20067,0.0459346952844606
20068,0.24091177846653203
20069,0.5696581387701722
20070,0.014628034700438912
20071,0.016516343687768723
20072,0.2210190967876982
20073,0.08964863526786875
20074,0.006413494535062174
20075,0.004349802266179585
20076,0.2671742947718507
20077,0.08300590569130262
20078,0.06369430791095473
20079,0.011973411389883695
20080,0.39486863478736645
20081,0.7608545206350513
20082,0.04303901381890759
20083,0.2216388803524333
20084,0.9524606534760302
20085,0.013992639977121885
20086,0.0032150845054921794
20087,0.034475251250884215
20088,0.08404454450379055
20089,0.01931650014980783
20090,0.21325761046283628
20091,0.27324861976298276
20092,0.011637781919777592
20093,0.18546552027860957
20094,0.20022394613247058
20095,0.6194568165332754
20096,0.7463293750123118
20097,0.3491282251241275
20098,0.002491175882468324
20099,0.013299207118806493
20100,0.9281515779173612
20101,0.18810573759149235
20102,0.10613492671820388
20103,0.03889379089404823
20104,0.8568810375869164
20105,0.020762693751725268
20106,0.03087118743114393
20107,0.7275578080481668
20108,0.01655704806540388
20109,0.9911138118047462
20110,0.7413235843861632
20111,0.036895215208640614
20112,0.03209104164517653
20113,0.015768044030369435
20114,0.9214860364225663
20115,0.9561742581025383
20116,0.2909096394708908
20117,0.0022261162274553477
20118,0.002877976715237229
20119,0.07682803395108989
20120,0.03326498130999686
20121,0.005995861664791742
20122,0.3166827210400548
20123,0.05031929243984035
20124,0.19154588383949675
20125,0.04754763624650595
20126,0.04007612083261927
20127,0.06338825598524853
20128,0.9566728341440529
20129,0.2079884702781929
20130,0.481287564490994
20131,0.007506607747806619
20132,0.05414470143001237
20133,0.0033561063300894356
20134,0.06323730128444578
20135,0.6680274171473538
20136,0.0030239067344233045
20137,0.004291901862926739
20138,0.9903182833243461
20139,0.011145442876881143
20140,0.37352349282791586
20141,0.002550076573025667
20142,0.023856898479382042
20143,0.013162739308967471
20144,0.09690931138901746
20145,0.0061241409320707185
20146,0.02348226519285424
20147,0.05491009861746656
20148,0.004024237696112952
20149,0.5573685543690333
20150,0.058012702628211135
20151,0.9882554012306703
20152,0.012443358112068972
20153,0.08517059704653225
20154,0.006253389974713556
20155,0.016688951750167325
20156,0.002342933271250182
20157,0.19376001470051224
20158,0.018889721789392747
20159,0.1745734395627155
20160,0.9768411237748587
20161,0.014684703332351768
20162,0.005960760721039948
20163,0.048579953856745704
20164,0.3410178375724787
20165,0.04151477558205929
20166,0.007110539342213366
20167,0.6301428338392209
20168,0.002229608785194055
20169,0.006534268505476634
20170,0.017427206876830987
20171,0.8254438570283525
20172,0.6986329584085347
20173,0.9839898803711767
20174,0.05679724967268426
20175,0.5059094659176789
20176,0.07873040650817709
20177,0.008138436639102764
20178,0.013623850407985872
20179,0.02820360265401696
20180,0.012157553733181954
20181,0.00936152239141419
20182,0.1726540359729071
20183,0.007898241722781136
20184,0.9623638166520476
20185,0.3052676669094958
20186,0.0426911278532427
20187,0.0034590202581551424
20188,0.20092245658558838
20189,0.14459294322242658
20190,0.8778585149877263
20191,0.007846227155251713
20192,0.9241409503440245
20193,0.06512428749458393
20194,0.021374854966862433
20195,0.7982507783248503
20196,0.008155182742779455
20197,0.021015863104867253
20198,0.004478316685280935
20199,0.026888704220993282
20200,0.0061671021193516916
20201,0.4922064585721787
20202,0.00670166630161627
20203,0.14066276895542693
20204,0.06215710713159339
20205,0.004510424704780461
20206,0.040187166649332924
20207,0.9740208036231183
20208,0.010435902914971627
20209,0.006683722245264371
20210,0.012242291986062685
20211,0.026930411616549493
20212,0.8804332467425866
20213,0.006453507239143773
20214,0.24799360249255734
20215,0.13898110964076063
20216,0.016754685229285467
20217,0.02945089242164602
20218,0.06108179469242803
20219,0.9829459948110708
20220,0.17132253794304003
20221,0.6910951845163974
20222,0.012677839455028575
20223,0.09554196010760413
20224,0.054628429070605784
20225,0.07593460839560782
20226,0.0060847464203945675
20227,0.7110921820457184
20228,0.9214851540367549
20229,0.1573100237577704
20230,0.009096794059531873
20231,0.7939337351510948
20232,0.2817878329485999
20233,0.022352695631750432
20234,0.008098968312934818
20235,0.023118572562911378
20236,0.7131620550373501
20237,0.6604504019512065
20238,0.06014880546080049
20239,0.008372587502907789
20240,0.002239087037036054
20241,0.006035291481096282
20242,0.0050941766197080355
20243,0.009268657102585627
20244,0.007499392293828151
20245,0.18998293987803466
20246,0.9557983698101066
20247,0.026773836201229848
20248,0.027318043305956156
20249,0.6317158367662489
20250,0.033072931960165655
20251,0.018054268399404882
20252,0.01355781912771179
20253,0.005047851064663631
20254,0.06755656423603075
20255,0.11301562635912286
20256,0.6933147058053087
20257,0.9470823323888379
20258,0.4292663430377381
20259,0.237507570151436
20260,0.009164859846028663
20261,0.4977011063348497
20262,0.04374088571567218
20263,0.9562746241833213
20264,0.15130889068385875
20265,0.1982482400162836
20266,0.945897246546919
20267,0.37250694097727105
20268,0.05841056835195689
20269,0.0930204132383085
20270,0.04149463718645694
20271,0.2617494975438585
20272,0.015347017191135497
20273,0.06957719372251266
20274,0.134161857547195
20275,0.002743854973408141
20276,0.5128286854388207
20277,0.7768730459804036
20278,0.0617841324260584
20279,0.38824014102062615
20280,0.006668438889546674
20281,0.040417207489641775
20282,0.02348584930094619
20283,0.7792481127464393
20284,0.01240959586060425
20285,0.6334195252063131
20286,0.005558164404713587
20287,0.005134161337515771
20288,0.014119477040140927
20289,0.9309131167502691
20290,0.002981775011309728
20291,0.009852009736727929
20292,0.8695664171646796
20293,0.8338964623439497
20294,0.009105167057639325
20295,0.11604588073119722
20296,0.22754328257974082
20297,0.025215397695039367
20298,0.012222690355486183
20299,0.9378474203892945
20300,0.18177013825157987
20301,0.0066642240875480355
20302,0.9798504159418636
20303,0.0031644889651683624
20304,0.04250789031040755
20305,0.003183441738803371
20306,0.0021592740414154562
20307,0.07450484802149814
20308,0.14179055717666442
20309,0.10808385679041736
20310,0.03332462478954426
20311,0.009417286039523007
20312,0.02032234590673384
20313,0.007573755575545918
20314,0.8428409837415388
20315,0.9780459709272779
20316,0.06364468072213153
20317,0.0024582007984769046
20318,0.07387785825037223
20319,0.9327872445883931
20320,0.9684820554340771
20321,0.03311202331495338
20322,0.16556285233331108
20323,0.004965988157437317
20324,0.8152248834027818
20325,0.005502046838446907
20326,0.11470731932214309
20327,0.029260130465858764
20328,0.015332660310172134
20329,0.10543561139995711
20330,0.7398369521577447
20331,0.6164453789559438
20332,0.4129520542804836
20333,0.2673777673797239
20334,0.9416837013390877
20335,0.6285190354073759
20336,0.06283657098068476
20337,0.006755757323036497
20338,0.21848438895560676
20339,0.799172477802156
20340,0.015679906304129732
20341,0.13594710907383015
20342,0.009897763702137262
20343,0.5919529839737662
20344,0.007066141260744066
20345,0.8396903221542169
20346,0.14131940723818917
20347,0.022894769798003492
20348,0.7222487383314126
20349,0.018727591701855735
20350,0.012163254530570364
20351,0.15523222310508494
20352,0.13847506884100647
20353,0.013825032820919889
20354,0.2938706133621205
20355,0.02573042328828105
20356,0.007517105349711603
20357,0.48430622889156716
20358,0.013854911055912234
20359,0.06851075988868281
20360,0.32557205901660036
20361,0.012345850641460671
20362,0.011951661624092965
20363,0.0076331316869880745
20364,0.9440278901404343
20365,0.008170858402008546
20366,0.008283560349765783
20367,0.029458917459038277
20368,0.012242316418376281
20369,0.016036049573500154
20370,0.11234728232281616
20371,0.055650303528365384
20372,0.016377317038289187
20373,0.07046190517317474
20374,0.003250896609698318
20375,0.040893188483573574
20376,0.02920742781324624
20377,0.5830125029508545
20378,0.0031893622742189655
20379,0.26242934771425125
20380,0.004581233590710336
20381,0.7292351130972596
20382,0.017453202965147296
20383,0.9673734587355458
20384,0.010783456566688868
20385,0.006414923567459354
20386,0.007069938942825886
20387,0.0592483829738197
20388,0.02393987416293806
20389,0.10149934112459474
20390,0.6535091983836367
20391,0.4159486265625366
20392,0.09633926804166532
20393,0.028393698834826724
20394,0.9685570166655819
20395,0.026707658605774853
20396,0.10164266928414706
20397,0.0027716860882526203
20398,0.9719108831144497
20399,0.015198891301136956
20400,0.16014589426013334
20401,0.8945515193101578
20402,0.8929280593173998
20403,0.013873920586094634
20404,0.0037510208366521754
20405,0.009713370197631474
20406,0.014087171371361796
20407,0.3237045930731167
20408,0.546009198089645
20409,0.5997212476251131
20410,0.7056441386884242
20411,0.07265804931125076
20412,0.007225527091412629
20413,0.10869659201796124
20414,0.9770623253730959
20415,0.9278646475565034
20416,0.0323674706562378
20417,0.02223068540019052
20418,0.01093410593522692
20419,0.01852337289410648
20420,0.024470213389513724
20421,0.18109496470146672
20422,0.005995583061874275
20423,0.0428722442931123
20424,0.11461026602221928
20425,0.004673572206477289
20426,0.8572398925149266
20427,0.002987728107212902
20428,0.9755992557717084
20429,0.1418282170773104
20430,0.004371203247922115
20431,0.013567168543833642
20432,0.08711857556997656
20433,0.026147990517838268
20434,0.05694802027747042
20435,0.0029290738243686948
20436,0.003396021754940535
20437,0.9343581274161299
20438,0.9619532608991519
20439,0.0584099853789117
20440,0.017594149848840345
20441,0.06880816027243208
20442,0.003128839658867937
20443,0.22399211999921181
20444,0.24303142514675324
20445,0.1900697177605904
20446,0.012754248711097545
20447,0.6535178903225304
20448,0.14614587175297095
20449,0.8789276840732895
20450,0.7872184539010646
20451,0.9731706619229392
20452,0.07548141209966
20453,0.007035435981066223
20454,0.07577750488915683
20455,0.014778163732416798
20456,0.0039858681053906685
20457,0.002599977137614895
20458,0.18158680072898517
20459,0.8199734689974848
20460,0.23624832701306356
20461,0.023669830332467428
20462,0.009056584843634995
20463,0.1492733390240298
20464,0.002942776132669106
20465,0.009664611956787953
20466,0.018011695503617663
20467,0.9219828589539106
20468,0.0223398656525962
20469,0.37711996945661863
20470,0.003583934259974791
20471,0.38729290939566047
20472,0.02692904222267674
20473,0.007397410885682569
20474,0.004555249184281353
20475,0.00465150480397276
20476,0.061361269710459895
20477,0.9331334746086408
20478,0.0818176392767213
20479,0.35331981211869923
20480,0.18709687962589044
20481,0.1340752367729918
20482,0.2930781021450513
20483,0.02001733502120526
20484,0.01249178604511195
20485,0.0032171539001942615
20486,0.039112352544801256
20487,0.5783523526737884
20488,0.006960803557353736
20489,0.3394617701846258
20490,0.9917163267916779
20491,0.06911996207696397
20492,0.04744391666022476
20493,0.021196688236964068
20494,0.07586507857624519
20495,0.005307773614667392
20496,0.006231483390891047
20497,0.005450942273190996
20498,0.1030902603087035
20499,0.6834291544248509
20500,0.0043524305109958255
20501,0.004396504335662835
20502,0.37737981105709667
20503,0.3186822047620715
20504,0.029262263240540255
20505,0.9375358495088412
20506,0.009949863496081485
20507,0.0880027116943949
20508,0.33831585080269266
20509,0.9346007294843491
20510,0.09894880614286557
20511,0.0031297983847793777
20512,0.9524304383764
20513,0.5999556523917751
20514,0.022107623771018412
20515,0.736394949495757
20516,0.015555101598910496
20517,0.03981648212036196
20518,0.00696891353667495
20519,0.019165385826849686
20520,0.014581609351441477
20521,0.8651161488250914
20522,0.005423134990862167
20523,0.08783256794284075
20524,0.041754340934724216
20525,0.029087881312778632
20526,0.014765886057604751
20527,0.053122196328927986
20528,0.015376158469632039
20529,0.14904816372303573
20530,0.026261401517970837
20531,0.07292121320162401
20532,0.18173317170377382
20533,0.029216649938190425
20534,0.004072870515484851
20535,0.0677514196374184
20536,0.003862808570619041
20537,0.7151130589565973
20538,0.08505149089229806
20539,0.02052471003621827
20540,0.3877720852353008
20541,0.006281383075502076
20542,0.061194764490019135
20543,0.14541885272432176
20544,0.7597055304295509
20545,0.06524495328423836
20546,0.008063122827345268
20547,0.12578169841702805
20548,0.8445536765857677
20549,0.07278041419988222
20550,0.07112047070567602
20551,0.006682806539279943
20552,0.2908301155715027
20553,0.010022128568337726
20554,0.048882956981148154
20555,0.03806692750025657
20556,0.06914556439600794
20557,0.21122544121090744
20558,0.003450029443679688
20559,0.0037581778071464483
20560,0.0203542459510185
20561,0.0033180077833823117
20562,0.011216746279884636
20563,0.005897905618794414
20564,0.06993835705439799
20565,0.06205008430504556
20566,0.17713312617295648
20567,0.06133680115896446
20568,0.011926823696390861
20569,0.038510383454369475
20570,0.08126850356681015
20571,0.002329054417967325
20572,0.07337387831844565
20573,0.013227345880120794
20574,0.16677161377567842
20575,0.03524242973693438
20576,0.18856848994764458
20577,0.36054414946929236
20578,0.7784679610509545
20579,0.011460865996915667
20580,0.0037512292267421993
20581,0.14990250147995107
20582,0.10298110084627411
20583,0.6068260509728161
20584,0.008862285455049877
20585,0.013827642796777305
20586,0.01281708449123753
20587,0.02636219771235414
20588,0.025410487104528957
20589,0.7446603403129194
20590,0.2840934652449732
20591,0.01781688981463609
20592,0.6297700203015454
20593,0.21791082445255253
20594,0.05363954138659126
20595,0.013890800763175278
20596,0.20654916806369006
20597,0.04017697830413945
20598,0.5791532385252246
20599,0.11266341890853235
20600,0.7248588071257871
20601,0.010996949797753565
20602,0.5256099511831304
20603,0.061579862098282916
20604,0.02331765657915893
20605,0.010313066967040025
20606,0.33665834062268407
20607,0.014306499370381746
20608,0.9851056509819717
20609,0.9040307408678544
20610,0.39069060089430285
20611,0.04396319263767488
20612,0.006528727785202396
20613,0.23445137981457648
20614,0.9561682930922689
20615,0.689408620231693
20616,0.21829221874952298
20617,0.011258039981432736
20618,0.029404834983406326
20619,0.0036772883948223843
20620,0.2329654094781967
20621,0.008705276472927933
20622,0.004449734629502003
20623,0.029044316268708487
20624,0.535578650588558
20625,0.1463381145318078
20626,0.011949239377279831
20627,0.016154854073672405
20628,0.15209410609956772
20629,0.8096318779248194
20630,0.05723856276170808
20631,0.020331082798667046
20632,0.03869890722295245
20633,0.005135405298174107
20634,0.8236085310090088
20635,0.007981967592575221
20636,0.006075857520847477
20637,0.33691003613155923
20638,0.40513534521971545
20639,0.039961604491494676
20640,0.3246844036153798
20641,0.07088837788511174
20642,0.014702328075574226
20643,0.04849855062026144
20644,0.6019425465106001
20645,0.11443270746024581
20646,0.006697934469353765
20647,0.07631805639155631
20648,0.03868541904981396
20649,0.01945862364704779
20650,0.08717159571270573
20651,0.047930609178449046
20652,0.24431509252985953
20653,0.10656638147920282
20654,0.5450117423729477
20655,0.02702712263363245
20656,0.8279022690025228
20657,0.18914638923284527
20658,0.04928944697452993
20659,0.8883272316895737
20660,0.1627551259906672
20661,0.014201590582556238
20662,0.005867965186330324
20663,0.0873986232120454
20664,0.015142164803182496
20665,0.022456208545055742
20666,0.06015456639617494
20667,0.018094653810362387
20668,0.01673244264218626
20669,0.10126486054768707
20670,0.9733103685949952
20671,0.012673692404011906
20672,0.9509508492952188
20673,0.09772975894320292
20674,0.00707583627590047
20675,0.004832885818765086
20676,0.08059062273739866
20677,0.051235349141055944
20678,0.020713908246817733
20679,0.017822528517065377
20680,0.5172277247759397
20681,0.003433729409781693
20682,0.37133397876098534
20683,0.6534670640522492
20684,0.01778776943160394
20685,0.10353351059358172
20686,0.024420161294800256
20687,0.037118383113224934
20688,0.8420413414810454
20689,0.5901982038936722
20690,0.007553323025356707
20691,0.0021913377783995117
20692,0.40065238447559925
20693,0.08878092413610623
20694,0.0033608171472662308
20695,0.0183373739605846
20696,0.002936497907426812
20697,0.9842876660286262
20698,0.046677585387455325
20699,0.006005509955165823
20700,0.004295732320686424
20701,0.5802499592356133
20702,0.017648852668650444
20703,0.8742255428293858
20704,0.008079139665206195
20705,0.31711552058211895
20706,0.011054239836358285
20707,0.019363511947442055
20708,0.15499281948433138
20709,0.03961799099250478
20710,0.16395891823452138
20711,0.0543958869720183
20712,0.2825452908033981
20713,0.86045587423907
20714,0.826722010235136
20715,0.008701991636575321
20716,0.14586968150238291
20717,0.1963944833673314
20718,0.2945288069111143
20719,0.0024999953071516835
20720,0.17295380190753534
20721,0.09842880619464187
20722,0.1846845086481294
20723,0.020180856278997374
20724,0.024335272023536574
20725,0.007709982681008318
20726,0.015322242030611409
20727,0.9366807427861169
20728,0.08345467642565044
20729,0.010252865201203429
20730,0.01896574083615532
20731,0.120721275381637
20732,0.045959700630141646
20733,0.8971297423316824
20734,0.11749920058553394
20735,0.6147223374005888
20736,0.00709236437357013
20737,0.6773434536162769
20738,0.7627966381602717
20739,0.029974345892621525
20740,0.01921587219551969
20741,0.5491378779906897
20742,0.013503895015672692
20743,0.04886440300176155
20744,0.45234993885971236
20745,0.8723748475808428
20746,0.051135823198748445
20747,0.06032831819200951
20748,0.04386083582243509
20749,0.006396206845763584
20750,0.24225575333027172
20751,0.9783063909519293
20752,0.008190601635507387
20753,0.40649634181878663
20754,0.11073596537344263
20755,0.07965104514836623
20756,0.1008663810386056
20757,0.026990019796525534
20758,0.06692359984220057
20759,0.21695655988465645
20760,0.017402844154640666
20761,0.040942701215375854
20762,0.23235428703368546
20763,0.007557904046759692
20764,0.7640304799603512
20765,0.0966409736448
20766,0.05963723927487906
20767,0.6571011943694998
20768,0.0051150066674375315
20769,0.03095391890591381
20770,0.008833505203694275
20771,0.08851043307015773
20772,0.012230647884836913
20773,0.0025208807307821697
20774,0.025009537206003518
20775,0.012922618184702177
20776,0.10681789929245371
20777,0.006866006483815339
20778,0.031131481739410452
20779,0.8099866446551934
20780,0.9108780412052434
20781,0.05592286606173198
20782,0.046533549840067946
20783,0.6033393292379244
20784,0.009369225993501826
20785,0.00342309955687452
20786,0.977100586303973
20787,0.07111023264761072
20788,0.4686304674004841
20789,0.5962331117454237
20790,0.046838876751897865
20791,0.5047984848365964
20792,0.0098948760088668
20793,0.00358905087822565
20794,0.004765106591716566
20795,0.08302225860107262
20796,0.5950221932615339
20797,0.36994760295011814
20798,0.009133468559161395
20799,0.0579103390119093
20800,0.8391081008895532
20801,0.5850433181734875
20802,0.21689266666854518
20803,0.834692624005068
20804,0.15158652127374025
20805,0.07900421124838142
20806,0.3302276122645629
20807,0.017164413327863476
20808,0.019295479018652206
20809,0.33664961208949534
20810,0.08253606791288184
20811,0.09459649419257868
20812,0.072242320690924
20813,0.00888521137985324
20814,0.09440829344731017
20815,0.677428191909329
20816,0.15862068163805945
20817,0.0021384208680007284
20818,0.002500744065780209
20819,0.0171654504866603
20820,0.3167209344521542
20821,0.7366644918877593
20822,0.14846234156347574
20823,0.0023241305961635927
20824,0.014573010924860198
20825,0.2943687573180064
20826,0.032472958483905336
20827,0.1242846896249845
20828,0.08741993386923058
20829,0.24806157922051214
20830,0.7259598101548732
20831,0.16984567912204632
20832,0.030938057498001104
20833,0.8013443538944164
20834,0.5745763087001048
20835,0.01213819401446864
20836,0.908743592160395
20837,0.010968315421622573
20838,0.02131570976726147
20839,0.05656478412799219
20840,0.011443753218650722
20841,0.11649279567472924
20842,0.24107836632673113
20843,0.017588285322388056
20844,0.03203971242568091
20845,0.6878860873614888
20846,0.00345900290846639
20847,0.06484935158524553
20848,0.010198991701853486
20849,0.009608317547562984
20850,0.028462192080015408
20851,0.06374860597889394
20852,0.9718920896160129
20853,0.04757977715149561
20854,0.004330549291028622
20855,0.14990809579759798
20856,0.22157870794190437
20857,0.5838416871530866
20858,0.9685686797604245
20859,0.023747316687661453
20860,0.13634980024027774
20861,0.021454490756906378
20862,0.23218316447933432
20863,0.3309169518738957
20864,0.012639629553716966
20865,0.07649692192453036
20866,0.025104992246987683
20867,0.007629991344376532
20868,0.9395663961305571
20869,0.00342824252524612
20870,0.006816408635288887
20871,0.005614593284187779
20872,0.008800336697352851
20873,0.015130085004410414
20874,0.8444767537210199
20875,0.19563622450935744
20876,0.09856445614297543
20877,0.19769743401912104
20878,0.0324408096235882
20879,0.006822529626090557
20880,0.024908177039335847
20881,0.06881120075957191
20882,0.6218664999603529
20883,0.022036801136670454
20884,0.0074811874891895225
20885,0.0438003949014092
20886,0.20564408392064687
20887,0.005202040295442458
20888,0.11568842912341296
20889,0.03215830716294056
20890,0.1800582048489594
20891,0.032631677911515874
20892,0.11603768913243123
20893,0.49283113095296743
20894,0.020121002333202354
20895,0.0683255331267373
20896,0.870953936851352
20897,0.002957164770392451
20898,0.26133111372261464
20899,0.16158061504124566
20900,0.03657321140006152
20901,0.021875339511743024
20902,0.2976697864172336
20903,0.793358469014669
20904,0.014880172379857635
20905,0.04078293151948993
20906,0.10723708136092677
20907,0.021050620727924386
20908,0.0028018452825504287
20909,0.009727063973763222
20910,0.2622448835425769
20911,0.4446579472526243
20912,0.003159242570586274
20913,0.7479192687682962
20914,0.1756226400436535
20915,0.030418991436335925
20916,0.00698684727459538
20917,0.04895304621714139
20918,0.034110280829941914
20919,0.007822286703415959
20920,0.06795494751654386
20921,0.0028186687142924874
20922,0.8355052778845669
20923,0.0029197604716408297
20924,0.9463794754130053
20925,0.07073577137360093
20926,0.9957867184056218
20927,0.03044586678664411
20928,0.17381843838434294
20929,0.3481828376163558
20930,0.04538162624590663
20931,0.015973583576178216
20932,0.0050307378851466526
20933,0.008147987632422924
20934,0.027108506312048777
20935,0.07034389116231139
20936,0.9404832077679051
20937,0.007535902886146602
20938,0.022130574066365264
20939,0.008918304561985915
20940,0.35074568280737295
20941,0.010119802766032684
20942,0.03923705445611172
20943,0.1719040013595142
20944,0.763882950505935
20945,0.019112266726275196
20946,0.8865088208095386
20947,0.018173176826103508
20948,0.05050545533344855
20949,0.1990572733747694
20950,0.0160034993889709
20951,0.04112788862732159
20952,0.820457867561208
20953,0.11554999887387003
20954,0.044718622851271594
20955,0.03813226354722117
20956,0.01754507776223115
20957,0.043827535046473014
20958,0.039214385028490215
20959,0.7250348190514716
20960,0.1158669577198621
20961,0.0378929025090451
20962,0.08532797553202877
20963,0.010717166038859437
20964,0.09791341267538853
20965,0.014432743063627091
20966,0.29752452205253194
20967,0.23754031847024665
20968,0.08350216004208973
20969,0.013723053631464007
20970,0.00441813057693132
20971,0.02494179907040552
20972,0.005789973281052408
20973,0.02411491365080778
20974,0.005562489844001817
20975,0.23755888517519577
20976,0.004825061456217131
20977,0.12496158474979359
20978,0.17031824651855168
20979,0.02243409072041611
20980,0.2471220529055446
20981,0.041935511045207985
20982,0.008539643863971873
20983,0.03799865480282228
20984,0.00875605547479246
20985,0.013989403312820992
20986,0.11899581130760599
20987,0.981157906290457
20988,0.8363820040348109
20989,0.12880118413608163
20990,0.5517960889141968
20991,0.9488324751482802
20992,0.19424085916303202
20993,0.006217723793161324
20994,0.0319307223803629
20995,0.043108666654877746
20996,0.03951329893034659
20997,0.14362745016286055
20998,0.19002741715972485
20999,0.008793281572471189
21000,0.9835822259400392
21001,0.008905491948876547
21002,0.8270803873061664
21003,0.0038505285224867992
21004,0.5780702781454671
21005,0.020093290131639206
21006,0.9379356337960162
21007,0.004947116153066264
21008,0.017880521856647732
21009,0.0721615783768066
21010,0.9369361781197996
21011,0.10772233396319568
21012,0.029580707345591994
21013,0.007238850533852476
21014,0.1704229499823247
21015,0.17319349934441797
21016,0.05155862646787216
21017,0.005424118053115114
21018,0.005312947063644347
21019,0.08316210043685895
21020,0.05009215064328551
21021,0.035745781128102214
21022,0.6704716910741109
21023,0.025614847244572463
21024,0.7348653078308189
21025,0.1683176028525054
21026,0.1964720922588227
21027,0.9524006123402047
21028,0.7271118583323372
21029,0.021977977660845933
21030,0.1755113943504332
21031,0.7741274587909905
21032,0.06591508750942325
21033,0.8291113013770228
21034,0.9592812934542927
21035,0.026456307547532875
21036,0.9264444590691497
21037,0.3682794468463503
21038,0.011573913956793632
21039,0.9585386876172255
21040,0.012833132735478966
21041,0.11838149232205063
21042,0.1303449742777592
21043,0.018145166037676835
21044,0.7473053172470487
21045,0.03081446570941879
21046,0.3635239991915351
21047,0.9542337198233645
21048,0.022756947445334845
21049,0.9607737644899036
21050,0.0067331015956283175
21051,0.3128998302960657
21052,0.0076504054299775985
21053,0.1245779842274023
21054,0.5903770301082267
21055,0.01666583406880267
21056,0.07643259758872414
21057,0.9851775904491575
21058,0.00863032227837317
21059,0.8620966325287015
21060,0.812796442508397
21061,0.18323596496988145
21062,0.006390709198621423
21063,0.03198386800282073
21064,0.6619398630879539
21065,0.28625834761435087
21066,0.00648787013662131
21067,0.0037545459464287164
21068,0.15571115867311022
21069,0.07515396928190153
21070,0.01994915881990353
21071,0.5804002795868065
21072,0.006457590701323328
21073,0.3210708696878741
21074,0.012293375439429984
21075,0.03289868547802311
21076,0.015900777628598584
21077,0.1689881195537639
21078,0.36729621774182125
21079,0.9117357623421853
21080,0.05884085435346975
21081,0.9701091376483413
21082,0.06825574308931118
21083,0.02441379011595729
21084,0.4599823534958505
21085,0.006614915942608708
21086,0.118633954287657
21087,0.22368450932148026
21088,0.22293404643807369
21089,0.17330165170152056
21090,0.03312413679601168
21091,0.010965807970504343
21092,0.29207088053048713
21093,0.005433165927921643
21094,0.017464507416276396
21095,0.04270621555076597
21096,0.007026858771803058
21097,0.025015489079739456
21098,0.024748428333612148
21099,0.09393942596220015
21100,0.0641741053074929
21101,0.008046435546595915
21102,0.010159384189946727
21103,0.1198538359967808
21104,0.16985816935327536
21105,0.007042291632599671
21106,0.75989293356682
21107,0.05312569181357228
21108,0.274948853323249
21109,0.9281363561531013
21110,0.6262090087870824
21111,0.9952285842208951
21112,0.0030860135455515144
21113,0.015065914740401249
21114,0.9627600786869547
21115,0.2631207284240837
21116,0.9714244402226982
21117,0.1519754618840854
21118,0.005364865509817096
21119,0.963317477882515
21120,0.003922370175725797
21121,0.25863977630007096
21122,0.0595195033505398
21123,0.05976513241545969
21124,0.031202357527828555
21125,0.07971164922927065
21126,0.007178034953852677
21127,0.025831783089598187
21128,0.0028966699623327315
21129,0.028503362731544395
21130,0.874703210579027
21131,0.5323079942614573
21132,0.11180031962379097
21133,0.031052981695562556
21134,0.009061642016617858
21135,0.9325082580308969
21136,0.03078876023722736
21137,0.0054584196892148345
21138,0.012671841151945244
21139,0.03091511441662664
21140,0.6958851092572311
21141,0.009756320705199266
21142,0.02149938795701681
21143,0.10747821432088257
21144,0.008622218255519457
21145,0.02261519127607016
21146,0.0625029800800829
21147,0.3833057658529842
21148,0.35144700659027067
21149,0.015018868959659986
21150,0.011465913145472356
21151,0.8642205928744752
21152,0.012546057612527086
21153,0.49313711904529467
21154,0.009947775648993042
21155,0.029646078195099443
21156,0.613309345138951
21157,0.03890126649919163
21158,0.3040465758052745
21159,0.00759634496936209
21160,0.012191379363359966
21161,0.003172560035974558
21162,0.03388832860260612
21163,0.8252473062424587
21164,0.015459250259187568
21165,0.2486760412300071
21166,0.9318371443627184
21167,0.05177161816918962
21168,0.009970858123309476
21169,0.46235905268322613
21170,0.4628569750859264
21171,0.26121706357914226
21172,0.12903438626304448
21173,0.009603582278638082
21174,0.9761740835365963
21175,0.29151034001080733
21176,0.006617706818626131
21177,0.7584309913472254
21178,0.6491747488254367
21179,0.003587500855590459
21180,0.9076092894066761
21181,0.045354893612651374
21182,0.00365866331950592
21183,0.038709145638976705
21184,0.7095841722761164
21185,0.15843908655471425
21186,0.007264144200937207
21187,0.003990391543841389
21188,0.0069574407628775455
21189,0.003846440559966115
21190,0.020396261641743452
21191,0.827654918448507
21192,0.11245522813306238
21193,0.30207521716179453
21194,0.933879358453891
21195,0.035265170423851605
21196,0.20226551063147347
21197,0.004091465358794012
21198,0.012973288782672046
21199,0.6128784815732571
21200,0.013863177758227794
21201,0.02792090626990757
21202,0.00971383410791003
21203,0.10728915855006614
21204,0.01311640935593886
21205,0.0025154389631164473
21206,0.9096301317593763
21207,0.003374711216758311
21208,0.04864882460677624
21209,0.9475256876340682
21210,0.17091939384181684
21211,0.9643973254201463
21212,0.005971158155966094
21213,0.8027024555885485
21214,0.12641916502002723
21215,0.07920337847679351
21216,0.32688328437628567
21217,0.2717313705090652
21218,0.007089460720001288
21219,0.008274030046419276
21220,0.23202977878922126
21221,0.012168914187034904
21222,0.010482101838392838
21223,0.04614379810419774
21224,0.4059689529485155
21225,0.007058536043426149
21226,0.26815970973754294
21227,0.00957253611605155
21228,0.9266924954042595
21229,0.9478344453710549
21230,0.28851338504707014
21231,0.8278245884285274
21232,0.09322007762036846
21233,0.23879202305072014
21234,0.022272777361476776
21235,0.5404824664178659
21236,0.733304672149098
21237,0.004673592691844236
21238,0.006953454227925419
21239,0.016575700267581928
21240,0.01084719187154759
21241,0.44500509476433603
21242,0.9384894170954536
21243,0.29922964122931517
21244,0.03358482594567706
21245,0.9656857835329333
21246,0.003045237723319324
21247,0.01644914872888765
21248,0.07201908671290451
21249,0.9786695442767671
21250,0.003351962871957054
21251,0.00966831724080555
21252,0.09101635312575546
21253,0.009331410162856024
21254,0.01217840389305226
21255,0.07479412291631066
21256,0.079156337533212
21257,0.7397385294402494
21258,0.14091286818708815
21259,0.04272379653854119
21260,0.16049065108301191
21261,0.022635830378021325
21262,0.01919288632128266
21263,0.09809443580603161
21264,0.006086769065528963
21265,0.013125442878727597
21266,0.0023899719803257983
21267,0.028983172539942658
21268,0.9654178873658199
21269,0.3624675522013822
21270,0.2627722092760703
21271,0.22531282428097055
21272,0.14305276682600387
21273,0.005787530207621893
21274,0.005976689725278582
21275,0.14404697247976692
21276,0.0026361094809895544
21277,0.031053882980539814
21278,0.7052470798551939
21279,0.2536988904819273
21280,0.09624485293202675
21281,0.01132798101123654
21282,0.3329803980467816
21283,0.2210709115583911
21284,0.9563208061296474
21285,0.028019831411198785
21286,0.36781976234025365
21287,0.002889709510065079
21288,0.015592519066629108
21289,0.01080271447423659
21290,0.41438951568722876
21291,0.005074273615847218
21292,0.9593509524481781
21293,0.014198319012286069
21294,0.15814514437932514
21295,0.48667214177116547
21296,0.006348675050508206
21297,0.9838624247020237
21298,0.1756461914999369
21299,0.5698103703449181
21300,0.15854589264356325
21301,0.9561994327740873
21302,0.9692744990464233
21303,0.0038622998869434675
21304,0.0052177872670518535
21305,0.02085830393290624
21306,0.0229222038044388
21307,0.003179267130556355
21308,0.17933728441559627
21309,0.11475888924221565
21310,0.006824382273627865
21311,0.0783236291597466
21312,0.4850975839201813
21313,0.012069931846926871
21314,0.17241094774447688
21315,0.11174214284236839
21316,0.48185547256474115
21317,0.3084462703266088
21318,0.7450579405656423
21319,0.017659541376967285
21320,0.017495183211846874
21321,0.004862809546481338
21322,0.04037746638773921
21323,0.9756828241756096
21324,0.014289377581801111
21325,0.024656779092269272
21326,0.6468356471464087
21327,0.0028704045160353616
21328,0.022456612088599077
21329,0.02923675381356124
21330,0.004066650353032999
21331,0.004232882880923219
21332,0.20379329035764648
21333,0.002833208948258783
21334,0.8757127405529164
21335,0.46086929383793646
21336,0.014340532751059685
21337,0.3400464562887671
21338,0.7730438491669862
21339,0.13160841864837125
21340,0.013058846157326482
21341,0.006596728337528648
21342,0.09158577775744631
21343,0.0378636307766585
21344,0.016918505831909462
21345,0.016645531820735093
21346,0.004096427720844528
21347,0.020988226514554228
21348,0.9965409458985685
21349,0.0032410908841560143
21350,0.06166687375278893
21351,0.8669581835461612
21352,0.005550122359957392
21353,0.9598891076206221
21354,0.005383562187057095
21355,0.10485608747813127
21356,0.012067301118990343
21357,0.008992230631068477
21358,0.6725652685551292
21359,0.7820253897606585
21360,0.2719871577079085
21361,0.9934083628238494
21362,0.024854889121047847
21363,0.09078640278947805
21364,0.008028932924292579
21365,0.0239181508373707
21366,0.016811195200492356
21367,0.40294295094337124
21368,0.9744967060144427
21369,0.0074623290831336625
21370,0.7554563713803868
21371,0.9647501661945334
21372,0.011858650299118013
21373,0.003632449350264971
21374,0.026141268046477834
21375,0.017963088865164043
21376,0.5811751404736228
21377,0.1227947480809616
21378,0.9113196592469225
21379,0.2616693648423541
21380,0.5674441140019593
21381,0.010990152416666158
21382,0.06970832144014329
21383,0.002512637293194347
21384,0.004727911466027067
21385,0.15444393215746147
21386,0.9738473376877816
21387,0.16873512490169482
21388,0.3509957786507963
21389,0.08636701640286389
21390,0.0044680920111094405
21391,0.01901502048363331
21392,0.009720755523984723
21393,0.006196590439429273
21394,0.0861963623115827
21395,0.6915897414262908
21396,0.20060437611874876
21397,0.9349467362410804
21398,0.00439191399531995
21399,0.11039710122248995
21400,0.7896366565042136
21401,0.0033478539541560368
21402,0.013262176930240071
21403,0.1445946588740726
21404,0.03501423485413685
21405,0.005073011214495843
21406,0.0030389137938820437
21407,0.027275836014384908
21408,0.022963122883872825
21409,0.036315400016768244
21410,0.12135017446328844
21411,0.33067382448760846
21412,0.05756574202334525
21413,0.0072773280777468415
21414,0.01089581635541763
21415,0.01576016442494314
21416,0.06626429760126985
21417,0.0946214885743086
21418,0.01923895746425774
21419,0.023748595037800472
21420,0.006485820652430715
21421,0.2736937312340284
21422,0.11181862209001202
21423,0.00615772466091394
21424,0.17631711854416854
21425,0.529837861226806
21426,0.21247707170241167
21427,0.10039552228663992
21428,0.04274020964463397
21429,0.5002013753965898
21430,0.0040977377239693885
21431,0.02462037137686412
21432,0.4943354408058777
21433,0.006059480865213251
21434,0.012397746248967348
21435,0.004441168737710277
21436,0.09265140578219294
21437,0.1871280049440338
21438,0.003246013389483847
21439,0.3733790949499871
21440,0.015685542994506776
21441,0.04422830296188007
21442,0.009706257038829581
21443,0.049737570446626946
21444,0.006567103442711753
21445,0.08236694280541366
21446,0.016333368994595646
21447,0.009839710825613298
21448,0.1312918309972828
21449,0.03926781856331331
21450,0.1319691637067346
21451,0.7206746128414214
21452,0.7261833764864885
21453,0.08997372153524598
21454,0.028209260956100463
21455,0.6035423072781831
21456,0.03528698989293973
21457,0.00962036111349484
21458,0.5417468493636786
21459,0.13962282089710326
21460,0.01424475318485664
21461,0.032064049810921896
21462,0.9409957824166802
21463,0.008377001218224552
21464,0.10389683809787498
21465,0.25270653316776576
21466,0.038722236975299536
21467,0.7935637126738923
21468,0.01576007918912184
21469,0.06003860580057624
21470,0.21424526186119575
21471,0.03234579453737446
21472,0.5596759262783118
21473,0.00827724621718832
21474,0.8383556900357408
21475,0.010793053653463202
21476,0.0030518232793916023
21477,0.005903252383317389
21478,0.012105910479136622
21479,0.9198273909361574
21480,0.025855895316991197
21481,0.006186394242389073
21482,0.020609562321662767
21483,0.631586816557553
21484,0.03546395840704197
21485,0.031937935330280214
21486,0.03559980000737803
21487,0.07153677582473737
21488,0.6759188346073861
21489,0.03952848180271707
21490,0.006031304246653438
21491,0.0056419207232412715
21492,0.05997541543386633
21493,0.3230176714327123
21494,0.05157157346541831
21495,0.14112728461618426
21496,0.018063554558955024
21497,0.004754547872159274
21498,0.030656042995699937
21499,0.23637409890744893
21500,0.2813002118781113
21501,0.04625773678321855
21502,0.06581003685665998
21503,0.13188277041529708
21504,0.11063350263314123
21505,0.618605580296162
21506,0.04694247390568013
21507,0.014756226229014619
21508,0.5383225313416822
21509,0.0032875083174329902
21510,0.6810132722885615
21511,0.5751870522516307
21512,0.02056959991016997
21513,0.06016925271974206
21514,0.019614841186708795
21515,0.06628603244499835
21516,0.38384011905492305
21517,0.1254359094101362
21518,0.012446563720601649
21519,0.015620525040806913
21520,0.01088553287136596
21521,0.031419544636886794
21522,0.012071132178421092
21523,0.06725956147911363
21524,0.004532174339198193
21525,0.08347366912213272
21526,0.7865967276688955
21527,0.0025675790631875493
21528,0.01120171252817447
21529,0.018102773200047002
21530,0.23732221462516348
21531,0.22225837431204734
21532,0.7200776440134565
21533,0.003899443979691003
21534,0.09349431800492897
21535,0.20509555857669473
21536,0.8750014875297761
21537,0.2617573858835642
21538,0.0021628368085181197
21539,0.6431658315241789
21540,0.05576450668098175
21541,0.11834705972156014
21542,0.21559893651307557
21543,0.47414819333441227
21544,0.05809652379420847
21545,0.9502906689867864
21546,0.27221146046023414
21547,0.0024829261536532653
21548,0.018908813422852545
21549,0.13773863275874035
21550,0.9200346741323807
21551,0.15564685538514575
21552,0.06967607726669181
21553,0.012665957812552848
21554,0.008325120829496609
21555,0.16669049505331182
21556,0.07751862511061473
21557,0.012479228290573907
21558,0.1384212885719488
21559,0.8159582022872822
21560,0.0022419407448540326
21561,0.022195210811255403
21562,0.019034864970341764
21563,0.02305649487410329
21564,0.0023265172181224304
21565,0.005364689779949103
21566,0.0974505667450078
21567,0.006267220970481696
21568,0.16829486782180356
21569,0.02509247004904399
21570,0.5368424785626219
21571,0.018155478514962128
21572,0.7634841263706338
21573,0.06917325265594573
21574,0.007724090359152183
21575,0.9591003643663673
21576,0.4921148916477328
21577,0.19045016887409824
21578,0.058777706892763966
21579,0.033181549367342814
21580,0.0108393946362189
21581,0.2629215688240448
21582,0.07116423733801278
21583,0.17965478479965058
21584,0.020873555249690073
21585,0.13321932019433755
21586,0.7722641306672988
21587,0.012888089627832144
21588,0.5182701569491258
21589,0.023080128979045666
21590,0.14422198813202233
21591,0.11316409511187121
21592,0.01765775479789558
21593,0.9456343098715719
21594,0.009650020786356264
21595,0.013340082554630789
21596,0.057470149180280865
21597,0.08881544534552742
21598,0.8695054640606386
21599,0.004645214984228564
21600,0.5140918599064984
21601,0.05903855397554482
21602,0.2034545051364778
21603,0.8991486101235813
21604,0.032688455601628905
21605,0.0810978419061026
21606,0.005611479734703517
21607,0.020798791793512402
21608,0.08686636767140155
21609,0.4769454632984844
21610,0.06520688087912326
21611,0.1979246666851057
21612,0.027903534592943955
21613,0.025284390340626295
21614,0.3246893365705309
21615,0.026009173864863882
21616,0.21851215236739643
21617,0.7453562976005454
21618,0.01628964154883233
21619,0.5314213783973811
21620,0.006472089556741286
21621,0.0265102731436872
21622,0.7805434774260851
21623,0.06884017963160961
21624,0.42193035070913637
21625,0.47501881280148106
21626,0.2214910893684128
21627,0.34109452252958
21628,0.0989313981252591
21629,0.03838569973596104
21630,0.0040064715130006074
21631,0.017204411988636637
21632,0.7954740174234514
21633,0.02473970673958967
21634,0.1509275826831401
21635,0.0032764195600043108
21636,0.06911686496393539
21637,0.017725396994940627
21638,0.018801569021563203
21639,0.9907978191051955
21640,0.7729392292206764
21641,0.21863366320370325
21642,0.02505928161030254
21643,0.043531630786353734
21644,0.01879388899019721
21645,0.013218522070883922
21646,0.16517462479606412
21647,0.018102027077429795
21648,0.9960313801644352
21649,0.06900533617847195
21650,0.11437643042193288
21651,0.21921075819998498
21652,0.012375191051621093
21653,0.22712005291651707
21654,0.00810990007241961
21655,0.027310084365488155
21656,0.0641162957047803
21657,0.03380982471412378
21658,0.00854526356484934
21659,0.002313791673195096
21660,0.1776066969057199
21661,0.055568742704559033
21662,0.5247322618443031
21663,0.09107787135454284
21664,0.3355639788398592
21665,0.009791767482134034
21666,0.2128183327195461
21667,0.01521509851055094
21668,0.0061145610965742695
21669,0.015405212185784353
21670,0.600812949924228
21671,0.020869824656496023
21672,0.1865023180311534
21673,0.42248037874873484
21674,0.035083972967201026
21675,0.6006631715682719
21676,0.04587409393381093
21677,0.022802256731906907
21678,0.31729766504890117
21679,0.005026354167997451
21680,0.31483236628016864
21681,0.010967519284601109
21682,0.0045305342090789895
21683,0.2858059693219377
21684,0.4490061701812716
21685,0.46298860406291187
21686,0.01471885600174295
21687,0.0022617872147928254
21688,0.011362247983390868
21689,0.6908403051729686
21690,0.6136445859005577
21691,0.033902971679666015
21692,0.3926783638345934
21693,0.005392504697462313
21694,0.18118252410330088
21695,0.018145308982830045
21696,0.007882586299165663
21697,0.030753498407687214
21698,0.018810928731260973
21699,0.012962813315448225
21700,0.7841956577655416
21701,0.10971750622941001
21702,0.13006326955738465
21703,0.015549547035378659
21704,0.11249216650171132
21705,0.10334801131164978
21706,0.3201464892234113
21707,0.018000241363864557
21708,0.011251169077630595
21709,0.07063398668011679
21710,0.019352809797476705
21711,0.08512555437729614
21712,0.03407426644436197
21713,0.546385652251157
21714,0.21594516234934066
21715,0.012771478158661002
21716,0.963353397145417
21717,0.005186209472201511
21718,0.1598265954990099
21719,0.9337215841585961
21720,0.19896702273108488
21721,0.022516527568504984
21722,0.020859649408200804
21723,0.029247029952088246
21724,0.48497888920789495
21725,0.01850533697696065
21726,0.39233131942772015
21727,0.005373014506996053
21728,0.011218499074434065
21729,0.02233810758085939
21730,0.005878841251733484
21731,0.6662975801247003
21732,0.003779277238068629
21733,0.02593999519159097
21734,0.2813514489954749
21735,0.07824120502686513
21736,0.6098896413063052
21737,0.006401504366390175
21738,0.05789058509237876
21739,0.08558780309900219
21740,0.9297965896848202
21741,0.002321977299002234
21742,0.008164561928292194
21743,0.7125422160510396
21744,0.3791655695230494
21745,0.06268692955002578
21746,0.036212216194802326
21747,0.5713267869953884
21748,0.04028719292612926
21749,0.0023563325036282706
21750,0.02445115905790686
21751,0.006023422449220908
21752,0.2623880389704589
21753,0.03542467532786446
21754,0.9522512578549419
21755,0.00765511109674389
21756,0.28891097016353684
21757,0.006148967155725248
21758,0.7819088359743559
21759,0.04249525118612619
21760,0.18722238550940937
21761,0.9477162749755877
21762,0.033239185501371074
21763,0.002965011788917469
21764,0.9749829754509327
21765,0.018229400971954954
21766,0.8226359486435287
21767,0.12929691091403722
21768,0.9660595927671006
21769,0.14749437682114833
21770,0.08086374933536225
21771,0.06803993817329825
21772,0.014830384391383303
21773,0.0056505527903945255
21774,0.0069483292688570595
21775,0.4583765188067816
21776,0.048997730146916135
21777,0.03163371413095762
21778,0.02797915971687133
21779,0.02954172307018846
21780,0.6673411869767562
21781,0.0038870972702240423
21782,0.8651473682808508
21783,0.0179621092395964
21784,0.03313690665527802
21785,0.04067277872595424
21786,0.30002434107840154
21787,0.0034025140332836646
21788,0.004914427587025479
21789,0.030166632307944138
21790,0.004776058883022777
21791,0.00927427590989559
21792,0.5637528953716398
21793,0.8367950383299972
21794,0.3950581541280757
21795,0.005202446879200331
21796,0.44988367498354376
21797,0.9116268592386905
21798,0.056511536249276365
21799,0.9744044547786778
21800,0.5125861790401393
21801,0.03459642832756928
21802,0.00708279665320607
21803,0.07392379168951106
21804,0.3290222325042433
21805,0.8944977016670642
21806,0.2524993712905688
21807,0.0075398963836543174
21808,0.9687492265952323
21809,0.7742241616512899
21810,0.013863310978735333
21811,0.8450076708610416
21812,0.00506041782833528
21813,0.015384184516708204
21814,0.940764924583673
21815,0.7483330999942079
21816,0.9306132176965765
21817,0.3212034073052443
21818,0.6208787085052885
21819,0.0030549117477836276
21820,0.006751222255089058
21821,0.09615492393047781
21822,0.03919245398732907
21823,0.02903884738993461
21824,0.0034951501179537083
21825,0.027672365723967907
21826,0.0065444651829126115
21827,0.7089085519199452
21828,0.9917108145634643
21829,0.002406082298347139
21830,0.015178562555275665
21831,0.02741399271801718
21832,0.02244262970256759
21833,0.22990994319210561
21834,0.6652752518485896
21835,0.16902138487417137
21836,0.7188164451514096
21837,0.09299803272298164
21838,0.002555791680795551
21839,0.17054780646441867
21840,0.007816332955828922
21841,0.243439000452905
21842,0.6627004242619892
21843,0.21459318365031785
21844,0.49632706477694494
21845,0.015244920289238403
21846,0.004963346048309986
21847,0.03138951927188523
21848,0.005033772057465863
21849,0.9548150980871501
21850,0.0033785791104752713
21851,0.3666213921685256
21852,0.9473278687510837
21853,0.09083687156001355
21854,0.05941398345952841
21855,0.015031054121803585
21856,0.03537911823464099
21857,0.00493218898783621
21858,0.02782114667051488
21859,0.019425716301448508
21860,0.3791484420647291
21861,0.00811089885412174
21862,0.003561235122691276
21863,0.00423543842241897
21864,0.0022205547184462717
21865,0.012971893976711227
21866,0.856353954155912
21867,0.0026845782479480947
21868,0.0044772811521735425
21869,0.180811183355539
21870,0.002996214639037593
21871,0.07291724533146896
21872,0.0042086719901221785
21873,0.20748250462193474
21874,0.024699767765715083
21875,0.005468280496309648
21876,0.7693074119948
21877,0.08408570900265018
21878,0.3234826907215809
21879,0.6701089826593963
21880,0.006024438768366955
21881,0.08916300283450235
21882,0.014702492393021538
21883,0.00538963301524557
21884,0.9586046585240382
21885,0.005370503273432597
21886,0.018524783408459405
21887,0.6213375239813618
21888,0.2569343396233743
21889,0.011198695218729854
21890,0.8614949051024162
21891,0.0181521198701841
21892,0.7122523227999029
21893,0.019723497698869715
21894,0.9578131914722561
21895,0.028455055517549427
21896,0.019400679361674767
21897,0.010166418761041155
21898,0.64701830807486
21899,0.7883903462438332
21900,0.009599673743231172
21901,0.0062744757246805585
21902,0.054261024603392896
21903,0.01582112732545026
21904,0.09261377503732021
21905,0.003760093785515766
21906,0.12046717130644288
21907,0.17401399037937243
21908,0.06552397075389729
21909,0.8767195080985934
21910,0.04250637600655053
21911,0.027789171728572808
21912,0.007275415001745977
21913,0.012768363872332301
21914,0.014216599824782078
21915,0.04757703050752488
21916,0.1933907667045946
21917,0.017310393027971712
21918,0.09582190938751747
21919,0.11325086896419212
21920,0.32342313819617063
21921,0.21282538513215943
21922,0.09830609530572196
21923,0.23916053764962436
21924,0.006553773596056148
21925,0.10490227786017674
21926,0.01048220044365304
21927,0.02926615513250498
21928,0.040867307472309544
21929,0.11709951046789023
21930,0.016764885639640865
21931,0.0724714669260673
21932,0.956919996034518
21933,0.005121464140425415
21934,0.017056810947053462
21935,0.017142813265348188
21936,0.8309199819295998
21937,0.011675760141694852
21938,0.0035461276879472313
21939,0.018832731459588067
21940,0.02969972796107901
21941,0.004192965006101689
21942,0.38393485181457176
21943,0.004197446461409194
21944,0.003202609056913452
21945,0.008585765613574303
21946,0.023500242559435034
21947,0.009189493405302415
21948,0.01375814270407563
21949,0.0027467367798666566
21950,0.09423623002753441
21951,0.004188967001720407
21952,0.016761460470127172
21953,0.8479424665345509
21954,0.27210376318951995
21955,0.6475311633926917
21956,0.5041732953982601
21957,0.045678018369504754
21958,0.03658018686960219
21959,0.9523244533529606
21960,0.02782710533113431
21961,0.07397629358705685
21962,0.00697018794012794
21963,0.139073253358964
21964,0.08957557460997881
21965,0.007387081418724359
21966,0.22910544199774607
21967,0.03430321076412728
21968,0.26482619772689053
21969,0.015013794343822112
21970,0.9879409962531109
21971,0.6780351069550837
21972,0.20078597700552986
21973,0.12139759094170217
21974,0.5741572598812704
21975,0.029288576667565673
21976,0.005989728967856752
21977,0.06945732887513423
21978,0.07113593971942989
21979,0.007119389082080071
21980,0.02419225228544309
21981,0.12089998211365045
21982,0.6161235858534841
21983,0.030662767718478194
21984,0.24063679690302134
21985,0.984484000485959
21986,0.9874507292164731
21987,0.9826665311902459
21988,0.0026453299912426427
21989,0.03646369681244601
21990,0.08777522791453389
21991,0.0044539633199889034
21992,0.0029246314025549824
21993,0.004638773780079742
21994,0.03969829496414507
21995,0.08315393900133468
21996,0.09957584366628547
21997,0.008369486373252657
21998,0.1714242891290014
21999,0.5440684743673062
22000,0.0022546711170866544
22001,0.477693670091746
22002,0.4858640398455372
22003,0.01585130265321722
22004,0.01194655157980602
22005,0.2727850244027649
22006,0.9430898533754992
22007,0.4616375670886754
22008,0.32470435524461244
22009,0.007715885853677376
22010,0.13733194775223856
22011,0.9547905699915716
22012,0.008749510966394614
22013,0.29961323324750627
22014,0.009044779857609726
22015,0.025090453121491725
22016,0.021566278955890583
22017,0.09994578633205976
22018,0.08238680263775117
22019,0.08591416989403539
22020,0.14445251443860865
22021,0.09006738764903666
22022,0.7041497507782561
22023,0.06843472651137417
22024,0.018592501170044174
22025,0.020668696940579743
22026,0.8627392348972832
22027,0.2171866834302716
22028,0.11429061514216865
22029,0.006974896849192327
22030,0.017501683882600177
22031,0.0042866299980824875
22032,0.12611535666377374
22033,0.11937423571411027
22034,0.622423468822775
22035,0.19891475861070432
22036,0.12932776174475805
22037,0.25222258922199786
22038,0.04793713561024491
22039,0.08619760934109481
22040,0.019583821562396495
22041,0.2689259481902926
22042,0.004115710296012667
22043,0.05130722008788943
22044,0.03878284455283601
22045,0.10726352301089999
22046,0.027718155299282884
22047,0.27751545542580736
22048,0.039014500514691915
22049,0.030143653185979925
22050,0.02059861407609429
22051,0.029440735466955043
22052,0.01755244359272156
22053,0.011305597690914042
22054,0.11337266688743451
22055,0.1257723421263488
22056,0.5077090239472658
22057,0.44806841213687176
22058,0.019459600409158586
22059,0.6601495032327055
22060,0.0056085510426941996
22061,0.2582846250053805
22062,0.02957261392124365
22063,0.40290994529266755
22064,0.04057868152923062
22065,0.016654329864775677
22066,0.40039327428515653
22067,0.04561811379625172
22068,0.0263011067829359
22069,0.005274538073600625
22070,0.2572050134491448
22071,0.019309587204761454
22072,0.08387757957713728
22073,0.009399493721999145
22074,0.8003987626378046
22075,0.9940692724667597
22076,0.014949074896863828
22077,0.046608676573208184
22078,0.05843968322943938
22079,0.0023178301241840887
22080,0.07138941121173
22081,0.004959200827629165
22082,0.9785927456263538
22083,0.7681108818365404
22084,0.0030687471062653786
22085,0.6667228163435513
22086,0.010765724714377275
22087,0.0035086879818932762
22088,0.0032536397517337803
22089,0.0021529008954446487
22090,0.014739587444260353
22091,0.013329154290699684
22092,0.0024204780279482095
22093,0.08159973689880522
22094,0.09007037663339507
22095,0.006147795873669462
22096,0.003637462259094969
22097,0.6162153049751113
22098,0.36774569503719745
22099,0.017814975079810152
22100,0.03587532843195315
22101,0.00934399772611641
22102,0.018395856991738672
22103,0.3972877054131546
22104,0.007042219380566843
22105,0.002830040422744199
22106,0.008415740482702952
22107,0.09382756946063647
22108,0.6584817791440855
22109,0.19486481018499413
22110,0.03366595865351676
22111,0.20647389706975974
22112,0.0178794092462086
22113,0.8427642096436612
22114,0.05081771094806591
22115,0.6047377547610009
22116,0.038210078357482545
22117,0.1350885294072893
22118,0.06697449857507623
22119,0.006512004028131389
22120,0.01010246146440514
22121,0.16203933437490764
22122,0.14325994849213133
22123,0.7495356783472445
22124,0.0699170603911146
22125,0.0685463303990117
22126,0.6736602445894097
22127,0.8729335950512546
22128,0.020503384468208468
22129,0.07239145035182505
22130,0.0186156988393286
22131,0.06800391922826905
22132,0.06223962053263311
22133,0.025824207974507726
22134,0.1699070301845388
22135,0.23525333761336603
22136,0.0023294693241408876
22137,0.9433099520707958
22138,0.21028069179030867
22139,0.5427702030550196
22140,0.1552934234251133
22141,0.030248122636418014
22142,0.20064883327965444
22143,0.07783227739494905
22144,0.1401384740152397
22145,0.8968039285661262
22146,0.030698957653513336
22147,0.09754222242984228
22148,0.003387065376369385
22149,0.00885273161708685
22150,0.0070775552807699985
22151,0.3124550795814041
22152,0.0030296525469811317
22153,0.03376199612342844
22154,0.02976010213928588
22155,0.005616460806886242
22156,0.11375523242758954
22157,0.008635772700208317
22158,0.32424185551010637
22159,0.7702718011814018
22160,0.019074733225593686
22161,0.010155466475920269
22162,0.023781404067871968
22163,0.03886836651099723
22164,0.03291001071153497
22165,0.018958380239363047
22166,0.1277800183712943
22167,0.32862110920796606
22168,0.12969444007634504
22169,0.1950826607846818
22170,0.021949752659474926
22171,0.5530727737027203
22172,0.07271143877483122
22173,0.013454833806810692
22174,0.939327297629848
22175,0.005388368427846446
22176,0.004874283290357136
22177,0.4422259265826115
22178,0.010754784011765555
22179,0.010106594029909226
22180,0.00768172112367913
22181,0.010240232087363996
22182,0.03754826715812825
22183,0.761334445133292
22184,0.09849423665466177
22185,0.028234659088461615
22186,0.9505136720645633
22187,0.8495924114626272
22188,0.027555855488560547
22189,0.342266915707468
22190,0.0027634279334140463
22191,0.6316541527751682
22192,0.2128480991041283
22193,0.6575304174085148
22194,0.07283392419476442
22195,0.014402627232094734
22196,0.03035048531769926
22197,0.15357336395743285
22198,0.08288803307186317
22199,0.019780767712200283
22200,0.8889863347535757
22201,0.1702111974867493
22202,0.00243519709465049
22203,0.014081104068552081
22204,0.013056177482290793
22205,0.12521077229441724
22206,0.11523717439268308
22207,0.7226301797903518
22208,0.006257565410196638
22209,0.26809606084941096
22210,0.022375584249073533
22211,0.5188158666058735
22212,0.04039225895376258
22213,0.034659442957047364
22214,0.039527078199779624
22215,0.007128259653086626
22216,0.8084903389666291
22217,0.005228417422307187
22218,0.04953015631300438
22219,0.015031541355364593
22220,0.7035142867150823
22221,0.0032679701364220965
22222,0.033354303334497334
22223,0.48045774606487784
22224,0.051164652046156944
22225,0.04310246070564505
22226,0.003221333844071831
22227,0.006772948751145521
22228,0.7344336232777691
22229,0.022024647531690287
22230,0.8026609494928723
22231,0.5873465993683861
22232,0.19295247945586091
22233,0.010546047275206524
22234,0.12134749774750042
22235,0.009968113367854189
22236,0.10663518363741888
22237,0.019155556227252495
22238,0.7686618907525242
22239,0.0487061537634536
22240,0.007811908762343735
22241,0.04216989417391823
22242,0.03786894607146268
22243,0.008177239385313324
22244,0.007217521390849939
22245,0.01806013983084829
22246,0.30742907535977637
22247,0.020095706710659543
22248,0.03126875002382671
22249,0.0421547629187187
22250,0.0411304874303944
22251,0.010483092582032115
22252,0.9487645309598582
22253,0.07019145918861075
22254,0.03309445298916816
22255,0.003973413518721777
22256,0.06511745689449654
22257,0.09904634465161063
22258,0.06356093604165768
22259,0.004809149200550754
22260,0.018392212662298853
22261,0.005033212335577462
22262,0.4211598043858705
22263,0.9810230635714735
22264,0.01136634841345258
22265,0.002562714662230861
22266,0.007923696675576635
22267,0.025334201553886534
22268,0.2253375953390554
22269,0.0043317243947624115
22270,0.009591755745630464
22271,0.0046694419812472925
22272,0.09260295831812031
22273,0.5341449112681146
22274,0.028354016051529957
22275,0.3699287363225979
22276,0.18694768584525792
22277,0.9457527411709902
22278,0.1588733672214871
22279,0.01751920078683754
22280,0.8912629167853242
22281,0.4774830341037516
22282,0.507163470189911
22283,0.7075021730991411
22284,0.1645825588014132
22285,0.0114349669274845
22286,0.00973111715441706
22287,0.0908922552696144
22288,0.25081073329040593
22289,0.01710929332483266
22290,0.0034053923777117062
22291,0.026725584018235167
22292,0.04577893516153206
22293,0.9867893211807786
22294,0.022217551020262596
22295,0.11477799430327532
22296,0.9388169622945883
22297,0.929681614610919
22298,0.9519776122889185
22299,0.06786808620141026
22300,0.019873329642326628
22301,0.026960676752564073
22302,0.054034556039647685
22303,0.8426942582323453
22304,0.015231364766593447
22305,0.07013475256340206
22306,0.03215984360306098
22307,0.0028863047449568884
22308,0.750415020688102
22309,0.15263127487880523
22310,0.9447386697627326
22311,0.025575406398746038
22312,0.9623734619981361
22313,0.0048918124282124635
22314,0.012183308760714906
22315,0.029522394633963195
22316,0.05161711381952365
22317,0.2903566280271764
22318,0.973168903584132
22319,0.32785365210447515
22320,0.2561700887699483
22321,0.006871119561764433
22322,0.02190576507660371
22323,0.0034688469058410695
22324,0.012258878085094287
22325,0.07254719192337923
22326,0.8039320037007169
22327,0.19711895524762216
22328,0.024277669649369994
22329,0.26380871580623655
22330,0.6743333926433037
22331,0.29041023515305503
22332,0.036912640163097456
22333,0.06354975478484158
22334,0.20323918164270713
22335,0.08316476570824176
22336,0.22875181555618185
22337,0.019763718035628517
22338,0.07130330066480191
22339,0.17843159224917132
22340,0.09413628888155733
22341,0.01851152941433254
22342,0.0239650996927987
22343,0.010725309795189548
22344,0.06803539495561613
22345,0.013586952360963096
22346,0.4965161112652186
22347,0.729367236746049
22348,0.9015829640222213
22349,0.9619244329756357
22350,0.05925727646822151
22351,0.07147599350026834
22352,0.09124348009701597
22353,0.010168227586884203
22354,0.0349506134957505
22355,0.22105310911064796
22356,0.49050950389942044
22357,0.007647150559949421
22358,0.022792304103076387
22359,0.008122268224530665
22360,0.665628206422729
22361,0.014203082276156407
22362,0.026288100640838027
22363,0.5374331781510224
22364,0.011447047638568573
22365,0.08003236529792304
22366,0.04657419261997708
22367,0.07777858730210754
22368,0.09316496855245797
22369,0.006170269491513629
22370,0.013732780461200909
22371,0.9780021916313246
22372,0.8767588365553224
22373,0.13635293711668678
22374,0.9129630197454056
22375,0.2778743522354116
22376,0.6913006014437431
22377,0.022772912611964003
22378,0.360513111716535
22379,0.75864498419011
22380,0.020511536753074416
22381,0.868598729272813
22382,0.03603317846655252
22383,0.9731535177319054
22384,0.06635150608838561
22385,0.5984888791434053
22386,0.09751323142173246
22387,0.9743692490938862
22388,0.026202253071716804
22389,0.37426772706770756
22390,0.00534915764991254
22391,0.005608168830844621
22392,0.03543508906294861
22393,0.2728784130072531
22394,0.9808773713578613
22395,0.02225547982249886
22396,0.06335187587943288
22397,0.7587846264715918
22398,0.030767699272354104
22399,0.7077814475719943
22400,0.35731793442594334
22401,0.18677274224020307
22402,0.04020911936239151
22403,0.1776013295724868
22404,0.01012371638536689
22405,0.30692691588668125
22406,0.021812525969230157
22407,0.02470386926873992
22408,0.005957735967303828
22409,0.062321856886434226
22410,0.4476641229380614
22411,0.6316247178277439
22412,0.7424059160657979
22413,0.018818517216771406
22414,0.06403305408952854
22415,0.178543349447909
22416,0.012506736634263467
22417,0.2033160789291817
22418,0.6873954917939487
22419,0.025478950612084085
22420,0.7334905007336482
22421,0.9380234224231924
22422,0.18613273725374554
22423,0.0073367468532944775
22424,0.01448839905228231
22425,0.9138154248443305
22426,0.40158623144558486
22427,0.026418886137008678
22428,0.4396226984806211
22429,0.06811592772887404
22430,0.9951698983405886
22431,0.017736740229870235
22432,0.7259149724379406
22433,0.05461076097715561
22434,0.019929551277665804
22435,0.1361463166604373
22436,0.32632720670784604
22437,0.012299403366460971
22438,0.1744164990713607
22439,0.003676480972623221
22440,0.008132301360498221
22441,0.008078408770420691
22442,0.1530119647962069
22443,0.023707285286612347
22444,0.0045249168340363854
22445,0.009440570045624543
22446,0.034539370164546196
22447,0.00941654216170247
22448,0.6696074332132051
22449,0.027626243942955396
22450,0.3687144739913439
22451,0.15445060855080775
22452,0.30594859698188887
22453,0.017595849205180127
22454,0.014951134399757328
22455,0.007417065647069173
22456,0.9678614488671365
22457,0.26069841964894463
22458,0.01954978459554453
22459,0.027790131143335468
22460,0.015639759446325147
22461,0.008170704963759922
22462,0.11541367814006076
22463,0.026499350766194155
22464,0.47315359294959064
22465,0.8189193105812246
22466,0.20322750740012344
22467,0.009716530220229126
22468,0.006182835440380788
22469,0.03512846620934647
22470,0.5766449074956563
22471,0.31458016177297193
22472,0.8242031800267
22473,0.009577513854501004
22474,0.011175599768904709
22475,0.02739024546667954
22476,0.007088629079682117
22477,0.005653548375827183
22478,0.5983140139289526
22479,0.07431321017246678
22480,0.20051279510682962
22481,0.10812549941638269
22482,0.08307313039380317
22483,0.018978576223586986
22484,0.42087240269831294
22485,0.0059886271315167106
22486,0.779466273281426
22487,0.902084345266643
22488,0.9419629753337553
22489,0.9948119976134189
22490,0.06226191015718933
22491,0.0024067587062623517
22492,0.07367792001345237
22493,0.035431648371868844
22494,0.1687106358574907
22495,0.5559994791232049
22496,0.033605538559934256
22497,0.008453655447472076
22498,0.23737221273231449
22499,0.008886381763794643
22500,0.01547297012961521
22501,0.004098141837909136
22502,0.017551021993310205
22503,0.007444077422801995
22504,0.05293215044129111
22505,0.011828607302087412
22506,0.9743249292720013
22507,0.2801737524487687
22508,0.007646139088869261
22509,0.9408608062162869
22510,0.018442729544851804
22511,0.8229902070117039
22512,0.03994533657450345
22513,0.00994438056464999
22514,0.1120806044461273
22515,0.6687087372499123
22516,0.012311835406469374
22517,0.743283244213696
22518,0.03106554209417848
22519,0.010474250353224518
22520,0.977316088580326
22521,0.018293757527343774
22522,0.019203252372429296
22523,0.31476056529001223
22524,0.07345037672619324
22525,0.04727292202694086
22526,0.035199685485779904
22527,0.9823174581656957
22528,0.026610414553328663
22529,0.9682191821203671
22530,0.07520125901946584
22531,0.1784401863663587
22532,0.12223577452577154
22533,0.04366097113838204
22534,0.13471427462796196
22535,0.6018371697499416
22536,0.45568971575364137
22537,0.017780270188859325
22538,0.03296566785351283
22539,0.26224127671155
22540,0.0027556801489085478
22541,0.011828312805191763
22542,0.01497644774701051
22543,0.012626372532628839
22544,0.08498810379926049
22545,0.003495648514380698
22546,0.8051076682288906
22547,0.008082542952125574
22548,0.631113534282275
22549,0.008207167373147492
22550,0.2450130893142561
22551,0.7845397130081143
22552,0.07288460664077193
22553,0.023569109196188907
22554,0.8092513730641369
22555,0.4969325105058648
22556,0.00912235606386806
22557,0.06334714693139523
22558,0.2751067537064439
22559,0.10391602459176211
22560,0.13983289256198966
22561,0.04496926852777689
22562,0.002856887107461062
22563,0.07011492697753735
22564,0.9788616770905412
22565,0.2332930317749677
22566,0.293358720425802
22567,0.003607605350504913
22568,0.09995474372205478
22569,0.03290927764631667
22570,0.0062972696317247345
22571,0.048347113219827306
22572,0.029138609792079846
22573,0.09535849304173179
22574,0.005396576571124262
22575,0.37353463789432306
22576,0.6115048716731785
22577,0.25913280329256155
22578,0.24057639127965263
22579,0.006462680498656202
22580,0.33737717371755593
22581,0.003519163820614416
22582,0.5053713135534561
22583,0.4614545336263723
22584,0.9820599863388446
22585,0.026195046651958147
22586,0.006622416992021348
22587,0.017615709408375504
22588,0.04431816422461625
22589,0.06580032160865154
22590,0.9799044344501938
22591,0.022580486520604258
22592,0.00931545417510122
22593,0.022112702757671295
22594,0.1436173477829936
22595,0.6048848590306114
22596,0.11734602804187552
22597,0.40198459768176903
22598,0.2282405368642498
22599,0.04600737697081603
22600,0.0105655622676308
22601,0.1307092845222606
22602,0.01096400439383141
22603,0.9775956749164996
22604,0.0028299209800898358
22605,0.005750306458917492
22606,0.0473100014823857
22607,0.07309519425620582
22608,0.8441622072951249
22609,0.008181573622634936
22610,0.027940322060648327
22611,0.010754029092942971
22612,0.9336677622341009
22613,0.04485791468411442
22614,0.9406146608456067
22615,0.030894288271915104
22616,0.1700141040890351
22617,0.02814402976142089
22618,0.01924743868092411
22619,0.9744812041603087
22620,0.9266493333423389
22621,0.015735462266530685
22622,0.0208467852578858
22623,0.0287639598716018
22624,0.24874350870923856
22625,0.006524193249621859
22626,0.03749692435599438
22627,0.9420208111336413
22628,0.1887327083616838
22629,0.04491723152807807
22630,0.912175357405268
22631,0.014405227471367117
22632,0.9618032452327662
22633,0.036514983713698095
22634,0.6259996421736612
22635,0.1435362547584691
22636,0.2536562687184953
22637,0.8921569810843352
22638,0.16066029420842864
22639,0.044551350529884626
22640,0.47475731818235084
22641,0.15432209985918222
22642,0.002070801609230124
22643,0.008263116817672047
22644,0.006776123368278108
22645,0.012410605833597953
22646,0.006730906718678712
22647,0.15057653383863118
22648,0.019958597675559565
22649,0.9086806049978553
22650,0.0036385904364155783
22651,0.012616056073309
22652,0.007089190505748007
22653,0.11658227353694126
22654,0.6096761731724407
22655,0.04354648235367786
22656,0.6450321383711952
22657,0.008413233191509441
22658,0.015409668111978391
22659,0.7695526263489383
22660,0.009691590116432737
22661,0.022576815357519382
22662,0.9158146380037071
22663,0.15598705353348008
22664,0.003288866454965395
22665,0.015340117151146885
22666,0.004156600581461428
22667,0.0454991357715797
22668,0.05038017817401304
22669,0.02620616553882928
22670,0.004126856105488283
22671,0.02026759585247179
22672,0.09284065591829813
22673,0.011548627608237702
22674,0.01723980269610224
22675,0.12062022013962276
22676,0.008054376551616638
22677,0.862668196640115
22678,0.006593998618390493
22679,0.024801632314691006
22680,0.08250444791796538
22681,0.007782430261298922
22682,0.19794425541250327
22683,0.012457490954211285
22684,0.0101751624914982
22685,0.3358006015526851
22686,0.6655093203248842
22687,0.0818358184362742
22688,0.028614053276151033
22689,0.12133077475380592
22690,0.03806767117156049
22691,0.03857551088304928
22692,0.9716783577258306
22693,0.4197443796823515
22694,0.8779734920907549
22695,0.6426900594651487
22696,0.4306389694191872
22697,0.05217448822126751
22698,0.004839826634103501
22699,0.017238798857648282
22700,0.005608467114469013
22701,0.2408209084420894
22702,0.003133415808309652
22703,0.1113384975623225
22704,0.0045115614507654014
22705,0.0271296603403315
22706,0.13670833725676756
22707,0.05251815501728469
22708,0.026313563383143414
22709,0.013219590528529442
22710,0.7305584925140693
22711,0.15022548530515922
22712,0.005274625562589116
22713,0.5497064715117658
22714,0.056288788596125065
22715,0.15271851730897595
22716,0.005667531367056741
22717,0.12799861897634152
22718,0.03314488155554262
22719,0.05202765647815485
22720,0.04496913138364224
22721,0.03623864284333891
22722,0.11618699613314146
22723,0.02775168137210314
22724,0.4243209972399651
22725,0.024892013837928093
22726,0.2567699759026645
22727,0.023549390445933276
22728,0.0327632800391879
22729,0.00424245689425029
22730,0.012119497348788647
22731,0.21693949655013237
22732,0.035425648219081736
22733,0.8236610235709112
22734,0.02230491773372215
22735,0.002357557593991923
22736,0.10555516119909396
22737,0.03124455188451577
22738,0.002985895192928542
22739,0.0024695582105763642
22740,0.005577124796344145
22741,0.020318038859136522
22742,0.005988240182545582
22743,0.0028760707927099915
22744,0.013347249318242117
22745,0.06705124200777719
22746,0.023436135019505283
22747,0.01984311263164641
22748,0.7502868928836895
22749,0.47885665554384566
22750,0.022496832349035423
22751,0.006292200513331751
22752,0.006125896716433948
22753,0.391944067418237
22754,0.18341938248882217
22755,0.14868159934140046
22756,0.0026121025276302032
22757,0.014523867222597494
22758,0.8121134694961744
22759,0.08080229122243897
22760,0.0031584218969347285
22761,0.029239993467811913
22762,0.08529023650922046
22763,0.5963841952322715
22764,0.028911451453477864
22765,0.9315458309969485
22766,0.17790783661658832
22767,0.06390980937906415
22768,0.049584097610674775
22769,0.0022741235313060945
22770,0.5133326307651345
22771,0.1263724023352269
22772,0.00864132732779792
22773,0.39425954367466975
22774,0.47156399667411114
22775,0.029449906444956757
22776,0.6358830764096535
22777,0.009775539055550949
22778,0.19964724480503582
22779,0.004630792261511945
22780,0.08452425707791855
22781,0.47205993538278096
22782,0.005983334466578619
22783,0.0156890270773226
22784,0.03203147220822418
22785,0.0075020068878392165
22786,0.10204404586500009
22787,0.47238052116048956
22788,0.00755659170138283
22789,0.7885463989754218
22790,0.13100946680043232
22791,0.006802256359709694
22792,0.0819714437323747
22793,0.017250930933699435
22794,0.002770451975285641
22795,0.373544451341622
22796,0.6563411115230953
22797,0.005205179407009363
22798,0.007356455641500812
22799,0.12090185328093371
22800,0.05383131051750831
22801,0.00417192577343764
22802,0.023961807901097767
22803,0.07324504142070958
22804,0.051986690482942695
22805,0.006356934323837209
22806,0.017161881162400392
22807,0.015234422771592732
22808,0.052779007102500934
22809,0.07770098120061454
22810,0.08475293889312434
22811,0.009466732045199988
22812,0.008807226819446071
22813,0.0036977006680986332
22814,0.8498781332239694
22815,0.6510248411501904
22816,0.05158265433984053
22817,0.01535530896109465
22818,0.10417757014078587
22819,0.021934131211007908
22820,0.03139793968054569
22821,0.022204926858018736
22822,0.4622009464457454
22823,0.0029786832715853954
22824,0.0070352044706010735
22825,0.01698405271519038
22826,0.47562686219324607
22827,0.09611013109586879
22828,0.03350623243828885
22829,0.03942094099275675
22830,0.004938461096245838
22831,0.00908639093258383
22832,0.013879597297290495
22833,0.28615299363203
22834,0.9284830967913699
22835,0.919569750110661
22836,0.033793586124015666
22837,0.07170434169058812
22838,0.2631351854713012
22839,0.7512538379904118
22840,0.806338457241083
22841,0.013106839635944466
22842,0.006113255502870938
22843,0.0066028880863959845
22844,0.05558366197310939
22845,0.6243147385716264
22846,0.742022397839358
22847,0.00331243312813342
22848,0.5568388816528642
22849,0.025120744479550382
22850,0.0209619858659608
22851,0.09758563449010732
22852,0.005296162507434383
22853,0.6725357549375889
22854,0.09051359581693018
22855,0.06968401545390618
22856,0.024591965191964302
22857,0.457712649817213
22858,0.893260396633535
22859,0.011924289984684462
22860,0.026694635308433554
22861,0.013920078480482014
22862,0.992927201378936
22863,0.013136268154620217
22864,0.2054162075629898
22865,0.29080223799555993
22866,0.0686058362766428
22867,0.008135678803924884
22868,0.029842032493450757
22869,0.8660130202385512
22870,0.006449708014097485
22871,0.015666895273684946
22872,0.014038049653243281
22873,0.012903854631020109
22874,0.08886757840788803
22875,0.37749312189722173
22876,0.5956619512415161
22877,0.9598672024047116
22878,0.013569005277167031
22879,0.08450676823784022
22880,0.968283542529524
22881,0.10033254392861014
22882,0.273422859072784
22883,0.049581173809500036
22884,0.07608658374384626
22885,0.7445856664011422
22886,0.174434748548942
22887,0.22770512475846377
22888,0.08288494407924757
22889,0.0031674454452089752
22890,0.06706299106945524
22891,0.014391643462930105
22892,0.1871418564437011
22893,0.5528824132654158
22894,0.20372019392846438
22895,0.03214620101638858
22896,0.33055775634714557
22897,0.02090939607347024
22898,0.09356259474151646
22899,0.9068050377927622
22900,0.025458480023272684
22901,0.12956540051202406
22902,0.016128722937862237
22903,0.8743471312786705
22904,0.1422888615465505
22905,0.08860853361679799
22906,0.05675583415981988
22907,0.13762585490834378
22908,0.014854681652230242
22909,0.037715807555837116
22910,0.35144139347036657
22911,0.05556553741968717
22912,0.039737491744178746
22913,0.007747830666988343
22914,0.007828664449420335
22915,0.051794393092738956
22916,0.04527845281512499
22917,0.010020432319144653
22918,0.011557772212753574
22919,0.9527669660552421
22920,0.007322204602722229
22921,0.9471040935130715
22922,0.6202565888422022
22923,0.049666404019378184
22924,0.010528678752142796
22925,0.02478118892922554
22926,0.01214492653398655
22927,0.009966509905887311
22928,0.020247825414639056
22929,0.03178820570990995
22930,0.0673756455486487
22931,0.010344486303933371
22932,0.029971264171385844
22933,0.9383853263515651
22934,0.010432192263327667
22935,0.01021064898897107
22936,0.7467100404218291
22937,0.02847144816102837
22938,0.06645738525318805
22939,0.27707302110776655
22940,0.023708783695746014
22941,0.9685922146152144
22942,0.003136862838914769
22943,0.00728178013117626
22944,0.022445657061119072
22945,0.03563195608643332
22946,0.008430188103599962
22947,0.1372727367009195
22948,0.004561482091402896
22949,0.09481594218014336
22950,0.03545774921068066
22951,0.021671596200774575
22952,0.07759456332692136
22953,0.9419103393994926
22954,0.012237436317292167
22955,0.007216332190883097
22956,0.1319595070378926
22957,0.006134505618481089
22958,0.0875159253129707
22959,0.010078581187776317
22960,0.2904814514867851
22961,0.003330310491651558
22962,0.26391337347373955
22963,0.18082165136632886
22964,0.006356225874030976
22965,0.006717460067670668
22966,0.09823954282456217
22967,0.008905840907603857
22968,0.9506309190508098
22969,0.010054175127875669
22970,0.10758612577813956
22971,0.030443957098899976
22972,0.019021837862994502
22973,0.017591388058635898
22974,0.3341498406577886
22975,0.0573621467110138
22976,0.006998887395200582
22977,0.0030507703298220694
22978,0.016068045704453346
22979,0.5547923861445414
22980,0.23443497593633997
22981,0.006528298847986173
22982,0.35835848144689586
22983,0.021145843335691195
22984,0.17079036752854587
22985,0.013051922476858902
22986,0.007222839188598128
22987,0.0077999484721197904
22988,0.34223925493780566
22989,0.5332001631369003
22990,0.005990885214666797
22991,0.015764310131796293
22992,0.049018995149090076
22993,0.015460567408935285
22994,0.005738341991512634
22995,0.005105474075678642
22996,0.007641232524518585
22997,0.017481350156014538
22998,0.014902463871327638
22999,0.050375496375002084
23000,0.024277385418727346
23001,0.2901791480461983
23002,0.5906834388867779
23003,0.15557203951122014
23004,0.3611041418942095
23005,0.015810376905961588
23006,0.0033048556471655527
23007,0.12803625754913894
23008,0.0946038818997075
23009,0.980161226624316
23010,0.0052100240906748
23011,0.006419970466194691
23012,0.2484608694689609
23013,0.9659985312083108
23014,0.006074656085158018
23015,0.5197398238316618
23016,0.27633933839208147
23017,0.972308606458289
23018,0.10421268142882485
23019,0.0023860805699413663
23020,0.004557693905882933
23021,0.967149280424488
23022,0.00798868843725424
23023,0.11991831709512597
23024,0.9359481235804513
23025,0.1594128986093683
23026,0.5085171393613892
23027,0.1714242247089996
23028,0.04020753005473329
23029,0.2750776750635052
23030,0.13530386767912525
23031,0.18902901161250302
23032,0.21029370289407007
23033,0.020139213033741266
23034,0.009827977672684837
23035,0.014899391110084462
23036,0.22399817829479174
23037,0.10165109798132474
23038,0.0038334156568325347
23039,0.05578838796095799
23040,0.9810121324899332
23041,0.008074705788166646
23042,0.20408318402364656
23043,0.14608614345741872
23044,0.005324748092592317
23045,0.9810589591008672
23046,0.011170155126776837
23047,0.01584746153090873
23048,0.014222820637918075
23049,0.032009357565175506
23050,0.9904017186516254
23051,0.11317233899251393
23052,0.04071977755249238
23053,0.004186641368213962
23054,0.00690962976747187
23055,0.6983406657620637
23056,0.03887508521777134
23057,0.5208946174668732
23058,0.04205523494050479
23059,0.003558750267139537
23060,0.03309540244837539
23061,0.035751652668766024
23062,0.08066823324756235
23063,0.13787446873802806
23064,0.917682878603545
23065,0.06215274335608002
23066,0.3351708446982571
23067,0.2741336992852016
23068,0.8903517515732527
23069,0.005464211508734198
23070,0.008378551160994414
23071,0.8886878307368523
23072,0.08293365106097562
23073,0.48394482300371144
23074,0.015434012729156645
23075,0.013734274767838294
23076,0.02900807513088869
23077,0.02681776819823685
23078,0.033074814234331715
23079,0.052572652146235445
23080,0.016914314592880914
23081,0.1117275840866404
23082,0.00433409637080744
23083,0.010222068765339095
23084,0.6716615752701369
23085,0.013739860837206677
23086,0.003358562747190649
23087,0.48602955451517943
23088,0.04234313541517013
23089,0.17253495003040847
23090,0.007695392701108691
23091,0.10073666856907415
23092,0.003259962263550692
23093,0.2542804220192851
23094,0.20435969219676142
23095,0.005226014426166441
23096,0.04908425050766184
23097,0.04701307555602153
23098,0.3315865244602092
23099,0.022462935235602676
23100,0.010956096115956483
23101,0.9537505256345763
23102,0.020302874833362784
23103,0.034215174671417575
23104,0.012002071122576344
23105,0.46633651403379983
23106,0.0037693674623804417
23107,0.0067557688614989595
23108,0.005329061395060496
23109,0.7859967505219132
23110,0.33571043320891414
23111,0.0024798914778480373
23112,0.10977125530606052
23113,0.03918988286256053
23114,0.003322177500501021
23115,0.30870233141301034
23116,0.05191626947935126
23117,0.9280809673606198
23118,0.006368288329461237
23119,0.006811012019697835
23120,0.011782202316858692
23121,0.011302911829416297
23122,0.002673000688273738
23123,0.12530893501154575
23124,0.9793638398257392
23125,0.11594527962644162
23126,0.12854671438381945
23127,0.007708337483042818
23128,0.049408512261879395
23129,0.9105903529103249
23130,0.007081796193374066
23131,0.03386387134411621
23132,0.010288510553384025
23133,0.3829500674746894
23134,0.5906896482819733
23135,0.6441893138262799
23136,0.08911729512010802
23137,0.14834121356566204
23138,0.32630433278144677
23139,0.0030388353267216703
23140,0.5632567547112685
23141,0.05885335766624836
23142,0.36838750921656177
23143,0.01413126174401009
23144,0.9188891219209044
23145,0.01888752323472235
23146,0.8432861207367021
23147,0.0894145577161739
23148,0.012160346219569521
23149,0.004443156346234172
23150,0.04814175720878295
23151,0.005116260617581069
23152,0.014686147558121589
23153,0.09634790202293024
23154,0.49093957845931213
23155,0.06329602891716186
23156,0.007456686214591371
23157,0.06559483634613568
23158,0.08637394957529453
23159,0.0657208075132631
23160,0.10088326227994643
23161,0.0565707060483778
23162,0.982093523486434
23163,0.19098451502940492
23164,0.0026491175493591956
23165,0.006361436945532609
23166,0.9833578692761374
23167,0.029790620746241003
23168,0.35696393153806305
23169,0.100351596709138
23170,0.015942297224878502
23171,0.45292585608832064
23172,0.3494355471314619
23173,0.03272936775268292
23174,0.01895498906197573
23175,0.0031861829689125583
23176,0.246570570427676
23177,0.0438809766694984
23178,0.9616706605818706
23179,0.003542488794082876
23180,0.02609035924131958
23181,0.479311129831795
23182,0.23602008621032547
23183,0.8710418352483097
23184,0.12183094285813159
23185,0.028501767025241497
23186,0.013691766991373923
23187,0.9799159951344014
23188,0.009433768988465131
23189,0.039915847209514334
23190,0.04548220325014851
23191,0.044138947205249954
23192,0.08094681534168181
23193,0.0031598495018251346
23194,0.0034098344594801757
23195,0.09045615782413015
23196,0.02771836976171392
23197,0.3489213943730409
23198,0.05708824782693442
23199,0.1578937090117873
23200,0.9225650617392018
23201,0.013344460402721608
23202,0.7001723088778602
23203,0.2559837321501594
23204,0.06951038041522876
23205,0.015115851236368117
23206,0.9668067150224694
23207,0.10192430530302446
23208,0.7643813549245523
23209,0.003184418251498287
23210,0.45715415324496006
23211,0.07603702187952313
23212,0.31630560751063264
23213,0.08387855533073306
23214,0.02419240272701325
23215,0.01429842548575024
23216,0.09667032024837967
23217,0.11651644219729701
23218,0.7401961204024821
23219,0.007430184623615698
23220,0.03087685528623889
23221,0.028329277259313074
23222,0.015684852435875956
23223,0.07226649926150869
23224,0.5663193183434798
23225,0.02907743699480449
23226,0.04010583508596661
23227,0.004249735635101969
23228,0.012560178016902252
23229,0.02482070052479039
23230,0.06000965195862827
23231,0.05679707345385013
23232,0.010976000306695122
23233,0.013088752598121745
23234,0.040793728905879754
23235,0.21367353796501204
23236,0.13114566683849244
23237,0.050771490015858144
23238,0.01817547654558423
23239,0.07229464990207059
23240,0.7782292985455939
23241,0.007953984169046472
23242,0.032047167857678124
23243,0.15408274118662785
23244,0.08974762869693179
23245,0.8588426217038572
23246,0.701215388239041
23247,0.2762329367538924
23248,0.006951545014984217
23249,0.5046802192276887
23250,0.5082798914226037
23251,0.0186478058950364
23252,0.016587690263644237
23253,0.11209420640657265
23254,0.08143632157234508
23255,0.0144386390889581
23256,0.029581784747527966
23257,0.007616252265878762
23258,0.06959612279075748
23259,0.30532309599734386
23260,0.9641395012090733
23261,0.9072154406040311
23262,0.021931814686356552
23263,0.04771606776029762
23264,0.016005527932889133
23265,0.02076380030182545
23266,0.35424331765751915
23267,0.10695221250744046
23268,0.7548486920731465
23269,0.016978907317322756
23270,0.6248702818367273
23271,0.1677946282994935
23272,0.005397359783890816
23273,0.10042454089783319
23274,0.16433094861185765
23275,0.009175085918798275
23276,0.9719611041801255
23277,0.15445728941331976
23278,0.07566749529693571
23279,0.721617012783699
23280,0.7290766824671954
23281,0.3496846136278694
23282,0.9953152952581272
23283,0.024303025884141648
23284,0.7960380771900395
23285,0.005923753095766609
23286,0.002925493961227667
23287,0.08425836316667212
23288,0.013870523767564572
23289,0.03886177952624739
23290,0.020815587071238043
23291,0.1538034440803014
23292,0.0774017978066985
23293,0.00500358157651864
23294,0.0743257189318965
23295,0.02507274649463467
23296,0.27556943207468254
23297,0.2894375271035475
23298,0.20484957218574498
23299,0.012116966030917815
23300,0.00999950916011993
23301,0.7358103609354744
23302,0.6719055945643856
23303,0.6924697115949789
23304,0.760883185663125
23305,0.25778068926740605
23306,0.37839192169586544
23307,0.004310803479950339
23308,0.7448407718192579
23309,0.13516933676986073
23310,0.0020219614454762827
23311,0.37674371347798014
23312,0.16781353783789799
23313,0.005496294201334271
23314,0.29519799457234025
23315,0.00621663597797018
23316,0.6497919483686484
23317,0.34641484071209755
23318,0.029569193344828784
23319,0.43441515780804274
23320,0.7922216277131867
23321,0.14693275487990287
23322,0.567332938157128
23323,0.00480138053173763
23324,0.06171021843134645
23325,0.009203473510087434
23326,0.008398518837886138
23327,0.004118743801439008
23328,0.9495212109079254
23329,0.10207211255796654
23330,0.02449244989621568
23331,0.002873157117729934
23332,0.11706515626222092
23333,0.2537938657554954
23334,0.027754175135381136
23335,0.09441071516397259
23336,0.007522978349486748
23337,0.12201913923409352
23338,0.733508722785084
23339,0.746459510473488
23340,0.39017866411969465
23341,0.1269511912272214
23342,0.0196436079153052
23343,0.03665164355792229
23344,0.029254580411921936
23345,0.32504046282229443
23346,0.10873374297828552
23347,0.06487161817562494
23348,0.01580055288440138
23349,0.00864853933466221
23350,0.14671605548795733
23351,0.9590310034008314
23352,0.007789891746184635
23353,0.032093823982860446
23354,0.2631371867978851
23355,0.6355130977138577
23356,0.024711185559405192
23357,0.09661201589492241
23358,0.9617923198563867
23359,0.028150508604729133
23360,0.027290827454662752
23361,0.023342616915581642
23362,0.0349345122661453
23363,0.12442014971385586
23364,0.20504734977573671
23365,0.42937405939025797
23366,0.006893106272483731
23367,0.030169927740684242
23368,0.09667012257139478
23369,0.053483066422572424
23370,0.07578268335737315
23371,0.15512612585916893
23372,0.17550113464058678
23373,0.008403256040833952
23374,0.04930763253761037
23375,0.02912646855930363
23376,0.9822035599060709
23377,0.009024370722158406
23378,0.99054131641819
23379,0.6638423879659039
23380,0.0029027269903087118
23381,0.21242102098356577
23382,0.012072218280041385
23383,0.7232651461184239
23384,0.003834867575712448
23385,0.09022693562114652
23386,0.046207030752645054
23387,0.5173461390177846
23388,0.5726373351613872
23389,0.4540116676232519
23390,0.9761676599267227
23391,0.012453698760857307
23392,0.007288875587393549
23393,0.09337052822885525
23394,0.09454962038135864
23395,0.004721172527240218
23396,0.14457741690664386
23397,0.6483715609589309
23398,0.019633930563789984
23399,0.20085129828253862
23400,0.10533057601907994
23401,0.008132766793245705
23402,0.03376917605351804
23403,0.2892707490633204
23404,0.09065150954242934
23405,0.631957021015617
23406,0.9756042895612876
23407,0.01501117528625533
23408,0.05767482374591855
23409,0.1447837094237027
23410,0.021324644431444075
23411,0.09001465065537986
23412,0.12156868317549324
23413,0.03206879533513431
23414,0.023080068000287647
23415,0.008185295601947806
23416,0.017178790219531632
23417,0.018002577544467956
23418,0.02755585953116507
23419,0.0027628360890549326
23420,0.006144919862632511
23421,0.5930542968379591
23422,0.22447303034235808
23423,0.02424176898301409
23424,0.008031319115188743
23425,0.11489837363265194
23426,0.029807729003314812
23427,0.007282759561560859
23428,0.03947285760445145
23429,0.011907409288633288
23430,0.05381872825044549
23431,0.7971591595560131
23432,0.007273492265924681
23433,0.5902868775549512
23434,0.08086249443291019
23435,0.02147751182725007
23436,0.6971098315360761
23437,0.03508191653054139
23438,0.16606475816003535
23439,0.2360318683569788
23440,0.19479080110470784
23441,0.009805153301165631
23442,0.5218621439436644
23443,0.04309390445859633
23444,0.20192721345640974
23445,0.028350162121047528
23446,0.04673947349159745
23447,0.008038625253808447
23448,0.22624353953944415
23449,0.30703633903716515
23450,0.015430207245753686
23451,0.007536650806454438
23452,0.018870837139344378
23453,0.7859722332106072
23454,0.9704832108879111
23455,0.005753549195758649
23456,0.008862022235802089
23457,0.957008004211482
23458,0.2166138153242106
23459,0.04542868694822948
23460,0.031126194234672232
23461,0.07275169380064356
23462,0.009110875056604273
23463,0.3471659194234641
23464,0.015554639722005072
23465,0.3374393421057108
23466,0.1415825796704422
23467,0.012199135309448541
23468,0.0900229695110328
23469,0.03894045310468781
23470,0.05577098360942401
23471,0.033227771494284894
23472,0.4482861183770357
23473,0.761428503520491
23474,0.032738122380213966
23475,0.0028943099597632154
23476,0.7119039832628488
23477,0.31195434231773206
23478,0.06616106568588255
23479,0.13386283704222432
23480,0.008592436842999499
23481,0.10076895216543172
23482,0.027708640621134595
23483,0.0032000236990038454
23484,0.9144488358206
23485,0.012242651083816008
23486,0.00697265915554134
23487,0.005104744187547981
23488,0.0031484653293137295
23489,0.024841661102944796
23490,0.2671682310687829
23491,0.0032255921405766326
23492,0.7024228076387019
23493,0.0034068118066887527
23494,0.0895645668584475
23495,0.1442384156589138
23496,0.037086175951633764
23497,0.6961191136112659
23498,0.0588194419257008
23499,0.013848819082138124
23500,0.009409978768604131
23501,0.015818947325987605
23502,0.01418265717961057
23503,0.027807793648675742
23504,0.6949405347014269
23505,0.015240368373544623
23506,0.028112962908921436
23507,0.03707555438675215
23508,0.05216870971261872
23509,0.105206140778359
23510,0.013410423952458847
23511,0.5535583803112449
23512,0.8155366985924886
23513,0.01806404985236994
23514,0.9468204403297713
23515,0.25945236907881214
23516,0.009356085211109116
23517,0.014671719237278566
23518,0.00940741388510669
23519,0.014233911205659111
23520,0.22199671025517986
23521,0.8939227520133253
23522,0.04119878128800788
23523,0.07110400967895339
23524,0.006712978515399131
23525,0.5806935323653707
23526,0.7833082027606896
23527,0.132989144594319
23528,0.10827146036732813
23529,0.06837349277320125
23530,0.7228759530460112
23531,0.37567530798011073
23532,0.0954431901426673
23533,0.0776603771424393
23534,0.008296736976248336
23535,0.06507696487401655
23536,0.012152690083478343
23537,0.004572031383760995
23538,0.6626584037463378
23539,0.005022421170211968
23540,0.2168764833879835
23541,0.010695836846659777
23542,0.06653077530295831
23543,0.013930175953748652
23544,0.0072691361181842105
23545,0.16399442005506878
23546,0.5996672975661032
23547,0.004674859569703064
23548,0.04580086901543461
23549,0.03160256998191516
23550,0.3685891775631686
23551,0.009891540124515074
23552,0.008480444434877768
23553,0.7351613421274867
23554,0.015372322053483833
23555,0.9927728801669864
23556,0.03242152890330124
23557,0.10988904490242417
23558,0.0028092398942834128
23559,0.0179742514003332
23560,0.031075367462171117
23561,0.9771044034605928
23562,0.0038108626259726166
23563,0.21904855379291713
23564,0.015073225596966463
23565,0.255758391486276
23566,0.05830907869471992
23567,0.4859955827173401
23568,0.09595014279598554
23569,0.7568041629916336
23570,0.9676630086068084
23571,0.9247005670314634
23572,0.007868925230806827
23573,0.006518060580169357
23574,0.006999163497410156
23575,0.01575122408854589
23576,0.02015028095294356
23577,0.01617837463815547
23578,0.009947504503158454
23579,0.7366789024350824
23580,0.404963871871881
23581,0.04294646838326922
23582,0.0032512696779078637
23583,0.003104433806431626
23584,0.01017612249985466
23585,0.008277658069667505
23586,0.03682538005999808
23587,0.003311303039370525
23588,0.011101203328007611
23589,0.3540780036504777
23590,0.0030856882323092257
23591,0.045793292330086104
23592,0.025182773765007493
23593,0.005784478360474311
23594,0.041111598246812014
23595,0.9281512603459966
23596,0.19349472260063216
23597,0.9682315675115336
23598,0.2103509902050063
23599,0.006714750691636747
23600,0.07198761491650431
23601,0.09859068372749472
23602,0.05406467620313128
23603,0.01874870237401114
23604,0.057375580482952694
23605,0.006293783930528141
23606,0.780535167021063
23607,0.8460785974933611
23608,0.023724282074857196
23609,0.04060665937141992
23610,0.08637126846765439
23611,0.023434102491531782
23612,0.06950433459449921
23613,0.20472326458939544
23614,0.004924474548379554
23615,0.8500628702932912
23616,0.14186332529579912
23617,0.0025550874395514097
23618,0.9193017985820959
23619,0.013109782161807186
23620,0.03214650389751017
23621,0.1982723969338018
23622,0.026870253316743965
23623,0.01926726488407675
23624,0.09402858701458836
23625,0.9833342374151961
23626,0.010523082217791056
23627,0.025668302981652066
23628,0.011047671063910384
23629,0.006888771428654101
23630,0.04238969361925929
23631,0.9894474524673781
23632,0.04066161822978023
23633,0.7588365496696925
23634,0.01928580067259298
23635,0.047706238885161845
23636,0.04119533261412118
23637,0.003331897350140377
23638,0.10214300305433052
23639,0.008699051427061066
23640,0.002362433306010093
23641,0.022217976674092223
23642,0.05750759181576826
23643,0.07757907508125875
23644,0.3152178846661388
23645,0.004060619788189323
23646,0.5232380346706137
23647,0.0057634946716322594
23648,0.2812827924995479
23649,0.14729364399821016
23650,0.9124927150271765
23651,0.034756980972424
23652,0.04426852262942438
23653,0.9291318153146739
23654,0.015800321692886577
23655,0.6473528689166703
23656,0.07005428840305317
23657,0.1776969354045299
23658,0.6992674663667484
23659,0.04450501513754609
23660,0.06141964202964433
23661,0.083516218484265
23662,0.200902139562183
23663,0.00783264247371071
23664,0.9539282755434437
23665,0.005561444811355359
23666,0.023607101606292903
23667,0.16043303058269887
23668,0.004220781237623994
23669,0.8962285126623611
23670,0.01849169137668777
23671,0.04693697263256006
23672,0.02711668917414648
23673,0.008265794266221356
23674,0.9058884362930417
23675,0.14899700242510852
23676,0.0052230987216281945
23677,0.13693912791998872
23678,0.8469951997147981
23679,0.15596270544577193
23680,0.0587751934028516
23681,0.34364535323204326
23682,0.003630438542506048
23683,0.19012283600352525
23684,0.0033515219730397804
23685,0.29223301953972347
23686,0.04560577458182571
23687,0.9217053964016659
23688,0.0034161234472212688
23689,0.08005832216060935
23690,0.11645138530608594
23691,0.33095907322264106
23692,0.00298244811222099
23693,0.953795082979745
23694,0.9736615032560404
23695,0.003509505989924639
23696,0.2866473403392442
23697,0.039202253900171014
23698,0.6030729899454705
23699,0.03898395860244526
23700,0.034092262489849215
23701,0.011082311418468547
23702,0.4072982979727552
23703,0.015744640754542478
23704,0.2714400829562618
23705,0.015446814333360879
23706,0.010493467433457443
23707,0.02019826925147221
23708,0.24357765966407946
23709,0.07893278547342585
23710,0.014413411275258378
23711,0.03238205900971523
23712,0.0025026831558898756
23713,0.10907340002198362
23714,0.8931113843742028
23715,0.9792584102382976
23716,0.08432673154094052
23717,0.10469911010242344
23718,0.0100551395260792
23719,0.05115180897131016
23720,0.18798836457423154
23721,0.005264193514539557
23722,0.009570220222899347
23723,0.9957676088454541
23724,0.044544353519543556
23725,0.018341623499100658
23726,0.008720748237769022
23727,0.13530354847450807
23728,0.47658062499373993
23729,0.0021581452810200356
23730,0.956894759502429
23731,0.021335930133689
23732,0.0400903203702303
23733,0.013495079263210768
23734,0.9597480787282037
23735,0.03777049275374982
23736,0.011637890723749324
23737,0.025712615412413597
23738,0.035045636273879965
23739,0.16387150386015384
23740,0.08408854987562836
23741,0.6516242364093615
23742,0.11823245719284013
23743,0.0248986183941712
23744,0.04778368176081949
23745,0.956183207291744
23746,0.04628013354395903
23747,0.02979808790015541
23748,0.9504904363694123
23749,0.3611436353774819
23750,0.2170143113765884
23751,0.01720034486484306
23752,0.9593592731976562
23753,0.011574847283833596
23754,0.013374346071587192
23755,0.09121358738769178
23756,0.02911828783982776
23757,0.23627659888577138
23758,0.00433214395796421
23759,0.43873460813783516
23760,0.020580335499126943
23761,0.010794226333356373
23762,0.0066888303699379195
23763,0.9316992416288077
23764,0.007079941178117567
23765,0.013850720332722652
23766,0.01877690452125786
23767,0.04591842755808641
23768,0.9057470684398066
23769,0.08001655372820982
23770,0.1604319184849265
23771,0.014397123449449099
23772,0.17865542245484262
23773,0.019020808632294956
23774,0.11509604214328492
23775,0.638644559990485
23776,0.011580870581845204
23777,0.03713568665711809
23778,0.9427137563650131
23779,0.2564597178019264
23780,0.9510888087299109
23781,0.014238157145026867
23782,0.09540374556564636
23783,0.011044881968637236
23784,0.004401212870665307
23785,0.007577612612619609
23786,0.5727582051192017
23787,0.24796414355709917
23788,0.07328535632732143
23789,0.25912521386954157
23790,0.6662922386875477
23791,0.006364492800414025
23792,0.009787829541447225
23793,0.004385051410030237
23794,0.003157385317483398
23795,0.008384472320297633
23796,0.009068342219158825
23797,0.8921128087635065
23798,0.0040877993648186966
23799,0.49249293805102473
23800,0.1632520626184043
23801,0.09277035833567339
23802,0.19914015664515342
23803,0.4953329103452806
23804,0.014151244527840879
23805,0.8043818666329925
23806,0.7533402925299261
23807,0.1655442370277663
23808,0.03502805467796228
23809,0.7887372845375727
23810,0.0075258494290142905
23811,0.35842392994846983
23812,0.9450198021812619
23813,0.06417177344611315
23814,0.004271351022212011
23815,0.015397577119416639
23816,0.01976752436095311
23817,0.8728530815016686
23818,0.003625993794032396
23819,0.5813449255242402
23820,0.005166728951228473
23821,0.009529359133799577
23822,0.017695299786103326
23823,0.04385410637710631
23824,0.011631474032669646
23825,0.027768101642613337
23826,0.5045708781584085
23827,0.24432018577713185
23828,0.005677125385503197
23829,0.07781344148125253
23830,0.08405281339729115
23831,0.1355373850922928
23832,0.7314556557067069
23833,0.01075812834385635
23834,0.004180594102876994
23835,0.016623935586076395
23836,0.05247337849630828
23837,0.10320382895433618
23838,0.02262280068035727
23839,0.015570259990240453
23840,0.354102076043477
23841,0.819511895430283
23842,0.3440152008328263
23843,0.01861275944001749
23844,0.15470474346754415
23845,0.23449090564861255
23846,0.004252470318996169
23847,0.0060853107148444606
23848,0.01324061065171449
23849,0.9402781442503843
23850,0.009463640640999523
23851,0.4668193060691751
23852,0.005912096879662328
23853,0.007339213717430766
23854,0.6180211654659038
23855,0.02288793249758413
23856,0.25938811974692977
23857,0.19098293636180724
23858,0.36995271642806266
23859,0.003977015070607717
23860,0.023554781431606654
23861,0.04218842355984148
23862,0.006662575210760127
23863,0.006134675140969703
23864,0.005758188078472144
23865,0.14294641029420746
23866,0.021205648633663986
23867,0.9199864103789743
23868,0.41337715919257
23869,0.03328822522024731
23870,0.03965622348205905
23871,0.5303755815621365
23872,0.11259002993674089
23873,0.07106343156641477
23874,0.7711606662362264
23875,0.0053538972631130815
23876,0.058524235075629455
23877,0.06787727793220463
23878,0.9716944849262855
23879,0.01993573992892727
23880,0.006077980273806967
23881,0.957697229099239
23882,0.8577722033432391
23883,0.13666626697567097
23884,0.014202719996009376
23885,0.9836714332636465
23886,0.009035179607417832
23887,0.004132974876407069
23888,0.1676938134268961
23889,0.3745509780966684
23890,0.008460164758418409
23891,0.02187621566873845
23892,0.24818320837989205
23893,0.013873874200454507
23894,0.0591623098244855
23895,0.0024988089969997206
23896,0.11719636483412714
23897,0.1770342996394723
23898,0.018121132895375834
23899,0.04525615469266404
23900,0.028161600893132296
23901,0.10042809359474134
23902,0.014305806310650817
23903,0.012820241367816386
23904,0.19356255786665816
23905,0.012011143309303108
23906,0.01871434650996572
23907,0.042920434349342285
23908,0.005894051707297913
23909,0.016795136836982916
23910,0.01343794441603969
23911,0.009796267247508808
23912,0.061481841606461876
23913,0.014790798527859089
23914,0.012665288616231231
23915,0.0057357537985402805
23916,0.4037429679726427
23917,0.005781445970806966
23918,0.7859633364598806
23919,0.013054198716551156
23920,0.3896746160293871
23921,0.011734291194291726
23922,0.033621844553505975
23923,0.7981078709375525
23924,0.014307664302044736
23925,0.9812810949492786
23926,0.0033719535738885938
23927,0.33736643633987584
23928,0.12227219962968637
23929,0.6171587639384577
23930,0.014336824415591387
23931,0.00999635568008381
23932,0.14324421781873636
23933,0.06919292169709193
23934,0.06580010444919374
23935,0.01929364571880119
23936,0.048208433400161746
23937,0.054611785052488704
23938,0.02429711277550115
23939,0.18784194630575202
23940,0.1391596182797463
23941,0.9332306016839549
23942,0.06766693244124247
23943,0.005820576011470762
23944,0.2973654533592355
23945,0.03557759981702044
23946,0.005405188524662192
23947,0.03475498289367907
23948,0.5546418557113426
23949,0.016196511234079204
23950,0.011072394503095781
23951,0.0032481117564116717
23952,0.028553785715974188
23953,0.009952003173657731
23954,0.06892761646980242
23955,0.033037777961135016
23956,0.09068744452307992
23957,0.012161816046689445
23958,0.606400116232025
23959,0.008495185863573456
23960,0.24149713930004293
23961,0.1500541821153999
23962,0.0022277255553056936
23963,0.44391585223758784
23964,0.06111438175476622
23965,0.013996036246867521
23966,0.008754690437275314
23967,0.006202333319996452
23968,0.04221299577196366
23969,0.10942556349934367
23970,0.8037508472781364
23971,0.005564801936990224
23972,0.007252759531623092
23973,0.010843405701746365
23974,0.21851038066756365
23975,0.9630064522211403
23976,0.004864856802365917
23977,0.9813372442607652
23978,0.00664805772747156
23979,0.4409735481087048
23980,0.5710662678665955
23981,0.003939260084551524
23982,0.05700900431996302
23983,0.9851236813117513
23984,0.03539883456773533
23985,0.013876934354081475
23986,0.07073934276435083
23987,0.3434421326486129
23988,0.009746489247470421
23989,0.15580852953687102
23990,0.0720616764151107
23991,0.4522479253056003
23992,0.3916249412446918
23993,0.009941185277535769
23994,0.6967027033878381
23995,0.06128132417450461
23996,0.10368667932672021
23997,0.04788188871109389
23998,0.9688996319461017
23999,0.44067566377075956
24000,0.00939592754662774
24001,0.013496325317495653
24002,0.05765002217725202
24003,0.030932493442102475
24004,0.2398142067216485
24005,0.6598213687407741
24006,0.2611654387999654
24007,0.0031662180286472002
24008,0.01986838318270858
24009,0.004049808844362968
24010,0.0073504617484424625
24011,0.006445766488401177
24012,0.009339644204661771
24013,0.06387418122427173
24014,0.8129783420448056
24015,0.7535053486032122
24016,0.00970735634395279
24017,0.6465540886232544
24018,0.00838307462062615
24019,0.00989873212382015
24020,0.03562968383675375
24021,0.035270584859401224
24022,0.030091628262121962
24023,0.9695198283315339
24024,0.7247170770399461
24025,0.034704511068291775
24026,0.010769046637571689
24027,0.024637690929169696
24028,0.014005144463131645
24029,0.34197807409742575
24030,0.0246090576792905
24031,0.007338409173075421
24032,0.14649201816287405
24033,0.013943404065431451
24034,0.045570194415632155
24035,0.004527109997566842
24036,0.14692122510126843
24037,0.028341029874332777
24038,0.13106076282609572
24039,0.9245757037481837
24040,0.0025632223264078565
24041,0.9622743372760204
24042,0.6340583937957709
24043,0.10377237045067923
24044,0.6061009994674734
24045,0.9861521115861224
24046,0.3370661094384673
24047,0.023376800080954784
24048,0.20025938081136238
24049,0.0935067426015429
24050,0.026963802384863213
24051,0.017447871410343582
24052,0.030466739181500332
24053,0.05509894621535783
24054,0.015663188952469237
24055,0.29542366029418426
24056,0.03192276745929286
24057,0.09528244847643638
24058,0.14648280597710653
24059,0.9266682733694738
24060,0.9194361513805133
24061,0.0051701074001879715
24062,0.017074753201094243
24063,0.09122665174841822
24064,0.06254285940026486
24065,0.010761436392187027
24066,0.05291705924689697
24067,0.00527516451802695
24068,0.06858410714394267
24069,0.019635815529011055
24070,0.15540563367179833
24071,0.06926631366574351
24072,0.1595126682552398
24073,0.7160937066761556
24074,0.032708153798472764
24075,0.9532306266310651
24076,0.020500877736399716
24077,0.08459216794556075
24078,0.004685510422918106
24079,0.8517886432235364
24080,0.07542462682615046
24081,0.004375104968398309
24082,0.3997518686989357
24083,0.8496522976259481
24084,0.016851409076378363
24085,0.38881030025721414
24086,0.00505484091446859
24087,0.03928243587652838
24088,0.12749804056431724
24089,0.637216452932028
24090,0.10918812942969225
24091,0.10272271125696512
24092,0.012570246979134789
24093,0.038657420919024084
24094,0.11061738899112937
24095,0.0030642903142476274
24096,0.33126514692293113
24097,0.15316687038002869
24098,0.36897923557833895
24099,0.20571891577750007
24100,0.02183307274510745
24101,0.07023052539151009
24102,0.007707199115079378
24103,0.9560985397779387
24104,0.03983828670835519
24105,0.1947542724563603
24106,0.016459011940509635
24107,0.005513389353359958
24108,0.004708426654622115
24109,0.9030576879758393
24110,0.9547297982358606
24111,0.8437848634810234
24112,0.39491168719718306
24113,0.012635039012224469
24114,0.023458031678020706
24115,0.008805615370639595
24116,0.9796889115482967
24117,0.09828053018055648
24118,0.038631374801429294
24119,0.0882256597755357
24120,0.0470007765840042
24121,0.13580101470410275
24122,0.007551501251233195
24123,0.008309754663619929
24124,0.4655874766181936
24125,0.013617176921966498
24126,0.02402317284241886
24127,0.009581872973764857
24128,0.005047059182429752
24129,0.005402923562157226
24130,0.06209392883836818
24131,0.06981644933225829
24132,0.0036310668571896375
24133,0.07772077262344707
24134,0.9703026674100266
24135,0.7717903726828454
24136,0.07669213297477102
24137,0.015215390334189558
24138,0.026247631474461904
24139,0.0054902062664149475
24140,0.0047434388760699804
24141,0.9437464511156054
24142,0.045868796764356484
24143,0.9418977813212347
24144,0.6775802176563462
24145,0.02002380468837419
24146,0.09483628258689653
24147,0.147503212231372
24148,0.03359650131933239
24149,0.02280620707909717
24150,0.0867423510267773
24151,0.3758654931468293
24152,0.854137081645115
24153,0.037258301183456154
24154,0.4218566998214324
24155,0.11522547960123931
24156,0.08098749516771062
24157,0.036472718392503926
24158,0.31393744408896573
24159,0.038191838764910925
24160,0.11144063845075095
24161,0.9778521704768056
24162,0.009527206470268182
24163,0.09713589528967467
24164,0.03926773783348715
24165,0.017646377064427905
24166,0.03431865736636551
24167,0.8654073786810168
24168,0.028824792197293683
24169,0.002105479309008763
24170,0.018720422084602704
24171,0.15282720586884102
24172,0.02842683587767555
24173,0.003420599353857065
24174,0.9276686536468701
24175,0.06592804725340232
24176,0.03389563035276983
24177,0.09541874341791587
24178,0.9549892409415907
24179,0.02954800967304181
24180,0.1319781980619673
24181,0.21104915082126233
24182,0.0077382135745242405
24183,0.016656300846853114
24184,0.3746632956036035
24185,0.8473358725834464
24186,0.01842094165853663
24187,0.019851899427921385
24188,0.012990623213333882
24189,0.06590696717306886
24190,0.1309776659413953
24191,0.008722435442852432
24192,0.9761908598170541
24193,0.0029500751232526662
24194,0.006943471011175254
24195,0.015806803145636455
24196,0.08980883390066244
24197,0.4241949039498101
24198,0.007258594318109847
24199,0.8411633079527646
24200,0.05464359943300338
24201,0.01079023385950617
24202,0.09584503650344664
24203,0.465419463346372
24204,0.038481067337584385
24205,0.0561829269852939
24206,0.12705705270984138
24207,0.06666345185290574
24208,0.038760307641270995
24209,0.07512251017811852
24210,0.04065748986415343
24211,0.06105755301138252
24212,0.008014224539685559
24213,0.1757085432702581
24214,0.01916688835657801
24215,0.5595487322477708
24216,0.16342778777985384
24217,0.017620604895117634
24218,0.0446048100268383
24219,0.48437686800069046
24220,0.008205815012526757
24221,0.2608766787154796
24222,0.08462383004481461
24223,0.07176456038455684
24224,0.2848797761017878
24225,0.18861856368344163
24226,0.10971903544814325
24227,0.018317548778056254
24228,0.006428829507841906
24229,0.07624570762231653
24230,0.6254090168172518
24231,0.011310377580871105
24232,0.011010289160340034
24233,0.008286663321644804
24234,0.017580876046637356
24235,0.14700396680154176
24236,0.8426516463842345
24237,0.14558033973968906
24238,0.036800189569016095
24239,0.23116783438788194
24240,0.02807287357448304
24241,0.32373196257962994
24242,0.0027720967495938283
24243,0.2533776328474769
24244,0.04419294017763297
24245,0.021141428183709867
24246,0.04347436899907207
24247,0.043611642060818745
24248,0.027688341126969107
24249,0.0043273997987764165
24250,0.014527439225682478
24251,0.014837641562013166
24252,0.005681136798134191
24253,0.1017593697349794
24254,0.8434169090523962
24255,0.015423249487498047
24256,0.01086262052414604
24257,0.024058028313061863
24258,0.17720943533301858
24259,0.20392947392040595
24260,0.1117035554266349
24261,0.09153380909912892
24262,0.02113172478081635
24263,0.15305406273654376
24264,0.005437557397205941
24265,0.0843380232415739
24266,0.004670367027877302
24267,0.05148495760815204
24268,0.01907795980842252
24269,0.0797584611603021
24270,0.8502570563151437
24271,0.0071398586646006955
24272,0.01078605418109717
24273,0.010415746343585087
24274,0.03169298685543192
24275,0.811109487242948
24276,0.05365135590058485
24277,0.2887507112579317
24278,0.04401230190554846
24279,0.010226103446554327
24280,0.06575760482140557
24281,0.02763663643816058
24282,0.5799607540407358
24283,0.022480635311569835
24284,0.022260662046989746
24285,0.014250968734797271
24286,0.18616633431917468
24287,0.4692952239400653
24288,0.5169976680217236
24289,0.027299314332880822
24290,0.14680277320108803
24291,0.08095310936925802
24292,0.030968814633070385
24293,0.04278498880317515
24294,0.2127150824543368
24295,0.016095922928570424
24296,0.01876756258489637
24297,0.018391702879737327
24298,0.45381184587488144
24299,0.18877732259231766
24300,0.01628132248030963
24301,0.07010488351760212
24302,0.008989369476078897
24303,0.005296818430984973
24304,0.0033114691963931344
24305,0.027952548575950583
24306,0.004269154547678501
24307,0.9101704257234355
24308,0.7715277812435104
24309,0.02504760575833665
24310,0.0346434484986587
24311,0.06478502084532739
24312,0.004562482969762011
24313,0.009185163960604904
24314,0.02708544038028179
24315,0.034220041861885105
24316,0.035806772832644836
24317,0.16363220270330534
24318,0.802701240104235
24319,0.8034480406731361
24320,0.008913373324544413
24321,0.020666628780576846
24322,0.071450244297029
24323,0.03244464683496884
24324,0.008909930178052151
24325,0.9644658121635629
24326,0.9931527804680991
24327,0.02171542054486263
24328,0.007700533255698516
24329,0.008505152520808216
24330,0.4276946378313531
24331,0.004347942531532208
24332,0.007919195166182447
24333,0.050481015721354626
24334,0.23440509887717526
24335,0.251071319531437
24336,0.9909184835382066
24337,0.21324593395445032
24338,0.14006449284866374
24339,0.6311470772822292
24340,0.039985676804913856
24341,0.10152276334737745
24342,0.10990147298876679
24343,0.0067772826147735055
24344,0.005114882399247676
24345,0.18389380564098004
24346,0.034407719921147537
24347,0.0758057125746121
24348,0.01296126536988839
24349,0.9056134005313788
24350,0.06874941166757206
24351,0.008523230520991265
24352,0.285257085921341
24353,0.004500657117593824
24354,0.049144943942453216
24355,0.030835511098397387
24356,0.007657818573564045
24357,0.04635069656123509
24358,0.009110435856214325
24359,0.013125024494937115
24360,0.025523843399826846
24361,0.1933369803204107
24362,0.0036257187210340072
24363,0.9646364716624454
24364,0.13396888245178046
24365,0.0284854846613908
24366,0.0060991390781191986
24367,0.12706690296038745
24368,0.08691526665869095
24369,0.00437883971731636
24370,0.003288321112530171
24371,0.09421710274980821
24372,0.0058166453257432055
24373,0.9444261806786991
24374,0.16100279177860669
24375,0.8944230088772914
24376,0.20234218401035375
24377,0.02775617229106534
24378,0.006145821972277852
24379,0.6636264314035372
24380,0.9319299009731715
24381,0.7403522278483204
24382,0.0034681638257026957
24383,0.36948026808745954
24384,0.6245343976246712
24385,0.02667317595071404
24386,0.20803599133174072
24387,0.7056978048195239
24388,0.015849023352903575
24389,0.015494778150445159
24390,0.06751211872825737
24391,0.5464570429475624
24392,0.1165679048856291
24393,0.04492869913065228
24394,0.06800445959231753
24395,0.048431440682194994
24396,0.9361850325990038
24397,0.02591372466666487
24398,0.010015331450096268
24399,0.003230523555080728
24400,0.017126429768326065
24401,0.014957399455435843
24402,0.01356395866371394
24403,0.9503256524373408
24404,0.017402812855554926
24405,0.0781031974138466
24406,0.014648688983695172
24407,0.563815407108337
24408,0.7421866875190957
24409,0.01040720020390452
24410,0.8027570132544765
24411,0.02231386118492827
24412,0.05378569215399262
24413,0.02176221916030379
24414,0.035251434908984275
24415,0.0033889333712523494
24416,0.006133817494610085
24417,0.007619613623753959
24418,0.8053425894481522
24419,0.02096835451628726
24420,0.021641608570345094
24421,0.00605517579764623
24422,0.6131243260804639
24423,0.008740628307789341
24424,0.008161829135418424
24425,0.10371158287876406
24426,0.19542543277653582
24427,0.023751986560268147
24428,0.13482302739472807
24429,0.739910486163831
24430,0.06975758569255329
24431,0.042925729605488544
24432,0.004829535169282447
24433,0.04172194217949565
24434,0.015290202274781875
24435,0.14127281024041854
24436,0.16139242501110743
24437,0.5604263292581756
24438,0.0022646543940227576
24439,0.012116859400427614
24440,0.005380808818293875
24441,0.011447753555919026
24442,0.01494660300527349
24443,0.5163555909573331
24444,0.19547438390021052
24445,0.9585299086626842
24446,0.15394298491931485
24447,0.36332515232673546
24448,0.0025386052070373233
24449,0.41910803474451785
24450,0.003906379195176398
24451,0.0654102467455264
24452,0.7111993892247681
24453,0.29344443838314815
24454,0.034113759041190114
24455,0.040883358052757196
24456,0.060386383036573184
24457,0.07135980587721838
24458,0.00639306041687905
24459,0.08652963905301318
24460,0.0036462910031931158
24461,0.014058588648649258
24462,0.8086012937344329
24463,0.015940386717305216
24464,0.1889721200319939
24465,0.7037805668761626
24466,0.7820045825909867
24467,0.0624570238595204
24468,0.0048858352712742555
24469,0.005748102852937299
24470,0.018466052605186974
24471,0.9868947393351819
24472,0.10429823381578741
24473,0.9022185315519319
24474,0.051533512383891665
24475,0.004426962131037824
24476,0.010164074457550699
24477,0.03465943954370271
24478,0.18803411203393003
24479,0.010835217750322335
24480,0.014507719501934873
24481,0.0070969059196075
24482,0.6997353894989471
24483,0.09194355479425563
24484,0.05931494962451299
24485,0.007420721719202299
24486,0.014136145415787013
24487,0.20008876416872093
24488,0.2635505226346669
24489,0.03292535648300028
24490,0.04799308666381999
24491,0.47739643410797916
24492,0.10498272257604198
24493,0.005992338228040976
24494,0.13128796627963463
24495,0.03170338212202447
24496,0.005499730279798729
24497,0.042274198333807834
24498,0.1317435154887365
24499,0.007707528089981138
24500,0.003658211936179251
24501,0.16090119163934696
24502,0.043785859588413585
24503,0.007239208631001333
24504,0.002450245096094644
24505,0.0060372056909544025
24506,0.023992711803871598
24507,0.006687306158083477
24508,0.0030175065942701397
24509,0.05681996480778403
24510,0.056103526808161754
24511,0.3440450456170405
24512,0.12984086711044582
24513,0.004390050064906268
24514,0.8156881879810746
24515,0.2162366338613793
24516,0.013817852271808458
24517,0.005320952371383053
24518,0.9793231146496313
24519,0.9803686893887271
24520,0.006415083759087472
24521,0.06873945386225482
24522,0.010056683212016315
24523,0.6842324641088235
24524,0.016661987038947914
24525,0.22981824971813225
24526,0.004222612415504003
24527,0.0062306726587131895
24528,0.040476861061382645
24529,0.012736504176148966
24530,0.019706187247537595
24531,0.005683458477943404
24532,0.9816678936475443
24533,0.5724321112511364
24534,0.20581478211899326
24535,0.17657134958139314
24536,0.2880454244533771
24537,0.11700100898291951
24538,0.0582046220499837
24539,0.26037221234979246
24540,0.8880486898897558
24541,0.023325778279271542
24542,0.18710797623317527
24543,0.05010536591707872
24544,0.2238152152299875
24545,0.012992844876256952
24546,0.291610632747498
24547,0.06620578212568151
24548,0.9674170682439333
24549,0.08145130444307834
24550,0.021408080332837746
24551,0.00406652371287267
24552,0.006698735134261457
24553,0.008504365250992922
24554,0.03172734149529413
24555,0.021852821407886438
24556,0.0064206332286780654
24557,0.092956296416256
24558,0.9848013903110374
24559,0.09767468261798717
24560,0.919038607150407
24561,0.406875657092486
24562,0.9611210809332712
24563,0.02400917553479593
24564,0.010013809033559534
24565,0.098995272986264
24566,0.045356286565903015
24567,0.02417300956484974
24568,0.40276777340943154
24569,0.008598467623180915
24570,0.2893702654920132
24571,0.004359486240667378
24572,0.14168875781871937
24573,0.0025312595432314022
24574,0.011110471629026385
24575,0.011267899402966932
24576,0.9717991947021426
24577,0.016226040109752135
24578,0.005262432419236092
24579,0.9225535275404181
24580,0.012875501205908692
24581,0.9800312369014547
24582,0.46705755269131904
24583,0.9450709987595353
24584,0.9628135809224632
24585,0.004460374451085928
24586,0.02318841445142232
24587,0.12962817085159936
24588,0.017469236229385347
24589,0.020085265439045052
24590,0.347127595961072
24591,0.0026839837667340747
24592,0.21199949838259982
24593,0.05752316025652196
24594,0.42023459551740644
24595,0.008328640797653736
24596,0.9683109879779302
24597,0.054478822777266525
24598,0.003498251755817368
24599,0.011593343255259573
24600,0.19318253551120798
24601,0.22588491068106803
24602,0.0066943665500704885
24603,0.007400783712943765
24604,0.003735282398597548
24605,0.017844849172279024
24606,0.9123650782673508
24607,0.00559125047543805
24608,0.03233085831908167
24609,0.3305677653423001
24610,0.002396239368282953
24611,0.007330277109719042
24612,0.6766677392340393
24613,0.027892187651667347
24614,0.004889553025464298
24615,0.10210420517256696
24616,0.9238121012299475
24617,0.09220442510291636
24618,0.9265265571943548
24619,0.07130380886298249
24620,0.11325580315778308
24621,0.6114464945247196
24622,0.009154181183347532
24623,0.1615330386901889
24624,0.005418172187438309
24625,0.7363324367251494
24626,0.32424076678565716
24627,0.018412414554995923
24628,0.20395182593426395
24629,0.03618127962700648
24630,0.3656617814446647
24631,0.01832756893826862
24632,0.002939846447904279
24633,0.006730726475885558
24634,0.30544294988574794
24635,0.09695318593138011
24636,0.21283476434914178
24637,0.143339762028622
24638,0.013823294176226531
24639,0.02191167106260299
24640,0.004564738529340633
24641,0.6702432352545948
24642,0.6753046639327321
24643,0.009378746814885685
24644,0.09783561857031796
24645,0.16643161555186228
24646,0.6777986016692379
24647,0.2011817352472063
24648,0.36215874405103526
24649,0.017108503387420607
24650,0.03958229183078633
24651,0.028305158007905312
24652,0.20834133433839688
24653,0.24156757782523722
24654,0.9568621363488791
24655,0.01588785670631944
24656,0.008490412900527182
24657,0.9197424048910956
24658,0.4807880059002201
24659,0.004572705729059409
24660,0.008109467783866002
24661,0.08247425966505241
24662,0.8808383446103271
24663,0.0055200904169099615
24664,0.07031728824478199
24665,0.014794284258492779
24666,0.007406346897590818
24667,0.06822431096414178
24668,0.8056827204754687
24669,0.5458768010873762
24670,0.662678383315869
24671,0.9827684647437551
24672,0.09151838179006935
24673,0.006031450347163137
24674,0.2269711359963556
24675,0.006667340130395916
24676,0.007060874103231926
24677,0.9169330779918227
24678,0.964128698938381
24679,0.08281671677985179
24680,0.8629638956971011
24681,0.00928181740116697
24682,0.0025476200475652608
24683,0.07037065662189503
24684,0.9687973779118901
24685,0.07390320826749934
24686,0.092788390041518
24687,0.07342579572241861
24688,0.6162041643343021
24689,0.5447260803373021
24690,0.006515135097864222
24691,0.006853243217662733
24692,0.8150815779629239
24693,0.07523860256968935
24694,0.02456648904603915
24695,0.03355232125025075
24696,0.3263278174153226
24697,0.0026507144560846785
24698,0.02260512176958368
24699,0.5052934213192446
24700,0.040980730409535836
24701,0.005449800036635791
24702,0.0975231003033383
24703,0.02016174940419706
24704,0.0723577659484313
24705,0.3381138226574465
24706,0.2707378777563507
24707,0.47351237689675146
24708,0.012518505724393982
24709,0.15946587018071604
24710,0.028102179157573987
24711,0.024645378605753332
24712,0.6262685302970178
24713,0.07897241688165926
24714,0.18178255724203599
24715,0.05100160909531037
24716,0.3414323998816005
24717,0.02644535237826859
24718,0.004292290012853796
24719,0.20823079210532158
24720,0.2725997611563548
24721,0.40404911005402505
24722,0.00563782714744448
24723,0.005668442570156792
24724,0.06321145404193797
24725,0.5458683202713028
24726,0.23010775186429008
24727,0.011775585596273445
24728,0.8021254976397748
24729,0.020812088437432263
24730,0.003383472324885953
24731,0.08214425024846367
24732,0.04966545340049818
24733,0.057749966307655255
24734,0.28600931063799
24735,0.00482791618048243
24736,0.29954449878744
24737,0.0026509324073103946
24738,0.2616233821609316
24739,0.004314669644612287
24740,0.25164985972590603
24741,0.06808234710649602
24742,0.5966139998880818
24743,0.010234091467740363
24744,0.08869195196595679
24745,0.16462399787715348
24746,0.023188357643513954
24747,0.061798106596494824
24748,0.5746632029139928
24749,0.009536177361277744
24750,0.06165192119688386
24751,0.05540794429904847
24752,0.010300936698630992
24753,0.109870379672576
24754,0.33110554725335606
24755,0.00944709855602742
24756,0.0024097727535142173
24757,0.32508562160472376
24758,0.025935980476300236
24759,0.0033606745493803217
24760,0.004664657465653459
24761,0.008822316260435004
24762,0.3137655370830825
24763,0.08254126562808269
24764,0.010251139374083385
24765,0.02613899350145937
24766,0.019350731002086584
24767,0.04605793646130665
24768,0.01764691826071561
24769,0.018248266745575056
24770,0.01081130290836407
24771,0.005758666106781133
24772,0.15778635730899293
24773,0.04178380583642682
24774,0.18626744682341798
24775,0.004414293949583171
24776,0.2433395508967742
24777,0.026710372437296778
24778,0.7836852308973643
24779,0.013019010318461395
24780,0.019713481416879654
24781,0.011382311607330432
24782,0.8846524579419541
24783,0.09309441629786301
24784,0.321283592216373
24785,0.32395820984963075
24786,0.20667383164107742
24787,0.006424095549717977
24788,0.7717053139090555
24789,0.07290241196029888
24790,0.00483583303123017
24791,0.2607336818488367
24792,0.008338833205063734
24793,0.6593510198485305
24794,0.008526299272951501
24795,0.007398937484197112
24796,0.9807524027263247
24797,0.006402962036554689
24798,0.00597553748497693
24799,0.037588721584662366
24800,0.05082474146420682
24801,0.004779492201304038
24802,0.7170454517880759
24803,0.0026965560925042162
24804,0.00671282771400022
24805,0.061967908761897283
24806,0.005071161230025205
24807,0.07142698209966163
24808,0.0038584125272003032
24809,0.3437713224962245
24810,0.02193821712576043
24811,0.023792324220320907
24812,0.007155529563911977
24813,0.188417792761204
24814,0.10028884101854055
24815,0.006547342547289623
24816,0.0058134971520725194
24817,0.030256378722588753
24818,0.013484853684465777
24819,0.3735119464313748
24820,0.693341831294738
24821,0.007396832568141306
24822,0.021636587233596898
24823,0.08410851792899535
24824,0.13423163554045942
24825,0.007112692790328642
24826,0.7416889811720627
24827,0.00822992672578369
24828,0.027903335705513954
24829,0.017500906711068204
24830,0.3839965603491777
24831,0.006695876597986743
24832,0.013013355941094956
24833,0.09377412138308275
24834,0.033303374614407
24835,0.06570648198642383
24836,0.05820348012940656
24837,0.006025497759200231
24838,0.6552544833095997
24839,0.23898619923501088
24840,0.885728042764472
24841,0.918907166579986
24842,0.003780013033883448
24843,0.13348234813777138
24844,0.008138293043216657
24845,0.004359707581524546
24846,0.007869480635644069
24847,0.7316699336152002
24848,0.014283260353969781
24849,0.018690325804049272
24850,0.018638201536027375
24851,0.5118552583434736
24852,0.1612047960492617
24853,0.021946839002088867
24854,0.007810178169416715
24855,0.9771036943481431
24856,0.003111746702817879
24857,0.01724551942011201
24858,0.06389198601178317
24859,0.07277677985939943
24860,0.15872880078890272
24861,0.22257191587950503
24862,0.00562239371720605
24863,0.4708454338249622
24864,0.015671168516146593
24865,0.2902820203348715
24866,0.994243632322738
24867,0.6692573847097689
24868,0.03462336973369102
24869,0.07018305145646775
24870,0.6686549188964807
24871,0.16495925344166046
24872,0.022119512639605765
24873,0.015837756367528842
24874,0.11020190678782735
24875,0.06280264514294916
24876,0.09937218490357094
24877,0.2687362430909321
24878,0.020190460088751624
24879,0.2207567901413208
24880,0.09126998527787451
24881,0.10517053442353573
24882,0.03496756186339454
24883,0.7830979801010476
24884,0.19252516095788144
24885,0.19023728857603472
24886,0.119752050414214
24887,0.016674641911305427
24888,0.027898407608919484
24889,0.8312893073740639
24890,0.03873268658297465
24891,0.05011562093113499
24892,0.01948668458073614
24893,0.20339405729114032
24894,0.030221356240610744
24895,0.9768199193352731
24896,0.9824838033765555
24897,0.0827249938005535
24898,0.9764471133633776
24899,0.02208737606469327
24900,0.06959123245838642
24901,0.028337740964200307
24902,0.40804321229092044
24903,0.019483746330047555
24904,0.018427471075368924
24905,0.7302681286567023
24906,0.06542613064561272
24907,0.5157516497459609
24908,0.31661452949982943
24909,0.01692749459245223
24910,0.007812961779423594
24911,0.004176025114938907
24912,0.06069168142862925
24913,0.02284401508110839
24914,0.005556106645361401
24915,0.030823936479650007
24916,0.8438971365564274
24917,0.02656502648972776
24918,0.7698394562910643
24919,0.006565834181276408
24920,0.12269141055701911
24921,0.7263135737396629
24922,0.007501782157126273
24923,0.05928275736203562
24924,0.00893748481496585
24925,0.03718698304714349
24926,0.0023651522008901367
24927,0.10028495343185102
24928,0.0719952551934308
24929,0.0826380567111222
24930,0.4892508516368497
24931,0.9652210204679877
24932,0.06647086097032985
24933,0.041828596997295124
24934,0.009334081939203896
24935,0.021696469911290775
24936,0.1008867815015306
24937,0.9043478601095397
24938,0.9761138492403055
24939,0.05530980718264633
24940,0.013027224790298563
24941,0.04601814699712673
24942,0.005447177532649996
24943,0.005075149950697324
24944,0.005368468601110789
24945,0.005841843742059077
24946,0.006812733829988792
24947,0.028233262881676432
24948,0.013856785696379516
24949,0.009415168272828359
24950,0.051866279921769676
24951,0.04760462511936709
24952,0.06254032697182216
24953,0.020848773275712978
24954,0.09533087845772081
24955,0.09200163629847034
24956,0.050724426088185635
24957,0.006824414384049083
24958,0.007117901101094137
24959,0.2048703758307876
24960,0.5890856776765415
24961,0.017747543012636785
24962,0.003166227007862257
24963,0.004023164442681545
24964,0.008200087168131557
24965,0.00675358797240363
24966,0.7896099847971754
24967,0.004530107662017339
24968,0.04922190988453098
24969,0.7474370946743013
24970,0.8115793402198362
24971,0.036572929000289495
24972,0.023165562856560587
24973,0.013834538791354361
24974,0.028107782587912654
24975,0.31564813922700746
24976,0.2567097507148716
24977,0.0033735358048571735
24978,0.013698574395035946
24979,0.23030698775368444
24980,0.01103489517546466
24981,0.33970170512879444
24982,0.014584101968695628
24983,0.016506291278569316
24984,0.030950897709102237
24985,0.36772233269745586
24986,0.9479525418425221
24987,0.10212408868324702
24988,0.007939257828506066
24989,0.764323725467414
24990,0.8872061760390388
24991,0.271564286685312
24992,0.003966607952270036
24993,0.0618211672135525
24994,0.9911523793548882
24995,0.007097849703437515
24996,0.007984048976059687
24997,0.004601579157563182
24998,0.10447515761650862
24999,0.12198669688268116
