id,Exited
15000,0.09715994213358158
15001,0.015003637315633629
15002,0.04477148084130857
15003,0.5348971540517337
15004,0.030884188279160906
15005,0.2338054498228478
15006,0.027017127112726608
15007,0.022651982259808794
15008,0.02149874322492178
15009,0.015628916036349687
15010,0.04687567557195641
15011,0.9814421839421574
15012,0.05175278441913204
15013,0.14443732959515987
15014,0.03861652812107083
15015,0.011502979523468059
15016,0.0374487160315781
15017,0.012265936697652934
15018,0.4110272424474109
15019,0.017583092933424502
15020,0.010308462021531217
15021,0.010149535546238314
15022,0.9847167653161202
15023,0.2399559682264573
15024,0.014231620702460254
15025,0.6796996594110101
15026,0.7157228889106514
15027,0.013480463042955361
15028,0.11476731966554676
15029,0.7100566790902832
15030,0.6365276337216319
15031,0.3014960411821824
15032,0.0836635299369391
15033,0.1945170427103277
15034,0.7490433388738581
15035,0.030015584227151965
15036,0.01446752038119988
15037,0.6016181465771651
15038,0.034190478042213174
15039,0.018297625071504106
15040,0.26470250780177257
15041,0.005978794843375501
15042,0.0051351227959897565
15043,0.01746665310970033
15044,0.0038167101016268147
15045,0.028705554173181946
15046,0.3227211516516018
15047,0.8852433602965776
15048,0.008466669296309862
15049,0.4252287714368369
15050,0.021737653398947232
15051,0.04078934054268594
15052,0.03211551063726734
15053,0.48409942008806867
15054,0.2092731493238818
15055,0.0143168513443121
15056,0.007607700641877602
15057,0.9568421840465452
15058,0.8387543862434289
15059,0.12918896122527643
15060,0.0051854115092200195
15061,0.007564464903976549
15062,0.7177304303449216
15063,0.7829805306990787
15064,0.023673570303420263
15065,0.024826541417915758
15066,0.029122984467065
15067,0.9748040371574369
15068,0.9272905966298208
15069,0.017675689199507245
15070,0.7804023921725134
15071,0.018986732576195264
15072,0.6491905909407938
15073,0.6302403430297717
15074,0.01642216441818539
15075,0.012041460898906148
15076,0.003122135058751615
15077,0.02734009127079945
15078,0.0037716241395601385
15079,0.11402722594311868
15080,0.8871408138672896
15081,0.05274430745090345
15082,0.07831319228401262
15083,0.07776257832919423
15084,0.00705577932037196
15085,0.019465894990145706
15086,0.7873445039367409
15087,0.0036959181718264535
15088,0.013780430818515531
15089,0.04806633903758013
15090,0.013271874473046777
15091,0.012726375399239112
15092,0.005596787326568008
15093,0.06264523209387249
15094,0.012599588050676161
15095,0.0154361393101499
15096,0.3891141965927859
15097,0.004739458882347525
15098,0.014441624937194527
15099,0.20298874460964952
15100,0.01781742961213978
15101,0.7631548511312034
15102,0.5722530940127323
15103,0.40119540856862984
15104,0.28151779703925944
15105,0.06227228602862119
15106,0.10128468756993186
15107,0.9841697087352252
15108,0.013099155243496663
15109,0.008019121621474348
15110,0.23089599131643268
15111,0.02053889313185575
15112,0.24658975781015247
15113,0.014683717310232158
15114,0.019061118981981037
15115,0.027273119204480178
15116,0.007167891450709578
15117,0.9440870916552528
15118,0.024769791032462442
15119,0.05257084644606581
15120,0.01383042538503048
15121,0.20247916056408782
15122,0.01325386919340599
15123,0.02068560928162742
15124,0.2876425395370256
15125,0.006795860717491379
15126,0.9028704735556721
15127,0.005549356019750267
15128,0.06173820315985658
15129,0.08978749367419947
15130,0.0025694247749233866
15131,0.8651861883056066
15132,0.046840011031381676
15133,0.05772052603924487
15134,0.006685172625205518
15135,0.6628921279847839
15136,0.5761795785800444
15137,0.18576776565169936
15138,0.08039709319779505
15139,0.008237859645173587
15140,0.0160850064717269
15141,0.924665467231264
15142,0.006895475685904315
15143,0.9052826673348876
15144,0.30207306314570254
15145,0.015842938821798404
15146,0.0164510132897676
15147,0.5362664549035661
15148,0.02201174774553566
15149,0.9654757196602302
15150,0.05247442291429362
15151,0.33066860021964317
15152,0.9402673424350816
15153,0.11421526699785593
15154,0.836283766205824
15155,0.15559121427987857
15156,0.006422365461360192
15157,0.09915732920603028
15158,0.32726556266745227
15159,0.6943898796774743
15160,0.3590446277334182
15161,0.004252978906010453
15162,0.003581144375783481
15163,0.007551061238066126
15164,0.003378929456633232
15165,0.06487629008942726
15166,0.9560346790000223
15167,0.1388485687235204
15168,0.07745454247399432
15169,0.01995007218184991
15170,0.22737922011391234
15171,0.01044923416908152
15172,0.05725851196671634
15173,0.9712797151161441
15174,0.7124860543476893
15175,0.11726718431056736
15176,0.00679753780076639
15177,0.16619028439050285
15178,0.09694877970804096
15179,0.01715494485392066
15180,0.47953770794004
15181,0.9755153955770538
15182,0.13182527103790292
15183,0.3857257456104251
15184,0.015712753861297
15185,0.6135491142722963
15186,0.04118587698731906
15187,0.006498225997833644
15188,0.02033427016067013
15189,0.011286678366484748
15190,0.08503475680210781
15191,0.009311870883074893
15192,0.22404063382533587
15193,0.1720489662841703
15194,0.6707035982697306
15195,0.14124739660256286
15196,0.3194503616509886
15197,0.003827362486960138
15198,0.5064145257608499
15199,0.04871805377193425
15200,0.1571948555743517
15201,0.022305223619796727
15202,0.0037210316477830256
15203,0.005649294643451005
15204,0.005489846813085909
15205,0.15758061126983955
15206,0.06581424690728263
15207,0.08825764513569438
15208,0.014732282448831662
15209,0.1133403809973634
15210,0.010659869955823638
15211,0.0811854580773942
15212,0.6402684124358908
15213,0.01867248576660685
15214,0.03927145862771645
15215,0.03193514712854148
15216,0.737537327436128
15217,0.04615833497954441
15218,0.038021985224416875
15219,0.015014259124245947
15220,0.023866581142666286
15221,0.01961188140716138
15222,0.08026197006885612
15223,0.02243747757851795
15224,0.01493432139248045
15225,0.6758234254151129
15226,0.5204484398153492
15227,0.02419939426996469
15228,0.7552579653246412
15229,0.06356819751604001
15230,0.92526694615632
15231,0.5306249339008251
15232,0.030620278477819642
15233,0.06946430069863928
15234,0.9934154160348947
15235,0.005684841941830122
15236,0.1853827892250708
15237,0.12374805870739775
15238,0.008056131930827002
15239,0.014056190488036613
15240,0.20325833629569573
15241,0.021175058012082325
15242,0.27393761696685826
15243,0.8287582020759191
15244,0.015335976077584813
15245,0.8137069914403233
15246,0.15733168974038736
15247,0.09277546116862355
15248,0.21068404341515715
15249,0.0349454401924238
15250,0.012843940489169908
15251,0.018573813393239047
15252,0.3027045894604092
15253,0.13285048921129117
15254,0.009263148463911427
15255,0.007638023898965054
15256,0.008559856415100224
15257,0.04310400117471173
15258,0.8425816846157791
15259,0.09215909980323199
15260,0.003443184375984672
15261,0.9707673774348021
15262,0.02058610340322179
15263,0.9172354499122336
15264,0.20076033336839802
15265,0.3395182278537717
15266,0.09002596472294645
15267,0.08347509721550918
15268,0.011535741543767188
15269,0.010576571323625354
15270,0.0977302796415571
15271,0.03753543515242189
15272,0.08346998490578865
15273,0.05200783873944353
15274,0.9378256842361817
15275,0.8937621092586531
15276,0.07376118342587092
15277,0.006545929334840768
15278,0.006971909325832788
15279,0.043128796592946564
15280,0.9726939423868869
15281,0.018795110659873222
15282,0.172687874929385
15283,0.6723089735353289
15284,0.006203045062783577
15285,0.9344564723993343
15286,0.003250985518321835
15287,0.027054807782773426
15288,0.011724557421870774
15289,0.0406749067671773
15290,0.004272614605633035
15291,0.008300926890740428
15292,0.16926755999425935
15293,0.982439861013994
15294,0.020550813543377386
15295,0.10151324496940119
15296,0.042957104514988805
15297,0.010604510121315948
15298,0.003323003421906958
15299,0.0038739250908648142
15300,0.018271038727297732
15301,0.2001660134734404
15302,0.25710793121818576
15303,0.006310858030377765
15304,0.03424520200114614
15305,0.13937182941396023
15306,0.038291871867956136
15307,0.695062004994708
15308,0.0037612546613432943
15309,0.9371907485108922
15310,0.6254833649241923
15311,0.32736695140479305
15312,0.011604384690038888
15313,0.015457253982940043
15314,0.003744222939105229
15315,0.0068356581576988675
15316,0.11696634165781149
15317,0.042520786081324126
15318,0.4218202231234208
15319,0.003229094916159547
15320,0.026348046032315744
15321,0.013395063908976932
15322,0.05096632877446716
15323,0.003562224534390403
15324,0.9357938249652169
15325,0.002914199899144279
15326,0.022603853729701313
15327,0.4174298399016921
15328,0.14489732248630227
15329,0.004603551279141496
15330,0.03142100783299601
15331,0.029780370758603476
15332,0.008550982292641392
15333,0.023114690947562244
15334,0.2031245370585443
15335,0.01019495320498803
15336,0.10402723256243855
15337,0.051444867016986355
15338,0.22012206119650324
15339,0.030647172276278258
15340,0.008580313254581052
15341,0.003460635081691173
15342,0.9575234209763052
15343,0.05171296551856966
15344,0.07450533381915382
15345,0.14847895519410093
15346,0.9062115570568183
15347,0.08666866258260436
15348,0.04080178091915636
15349,0.021018751655058246
15350,0.0325498490583958
15351,0.013410286241472794
15352,0.052671760755858395
15353,0.33566590541131314
15354,0.01180253634274153
15355,0.05842913650899731
15356,0.6721324124686918
15357,0.006182185506296793
15358,0.04531688026613327
15359,0.003136579652870564
15360,0.013107247215625825
15361,0.005189849988281555
15362,0.012369759279672765
15363,0.024729713852785794
15364,0.04411152991425716
15365,0.6105475154869076
15366,0.24560005675273605
15367,0.780928530940079
15368,0.018838352011561237
15369,0.02165022615291756
15370,0.47601319106982853
15371,0.015670750378092686
15372,0.017157062082501114
15373,0.2867877323845682
15374,0.23004910071340706
15375,0.07173396108774774
15376,0.31380112831627155
15377,0.7791104292597024
15378,0.11940066456547867
15379,0.8190634160690254
15380,0.8138748436058653
15381,0.011426345614047286
15382,0.006380726933763805
15383,0.007760330651980066
15384,0.4946600959319075
15385,0.21058418419204844
15386,0.11937629606840994
15387,0.09218464000335524
15388,0.019553306453630584
15389,0.042018081989757684
15390,0.1918908871150519
15391,0.21917127557495153
15392,0.006616041353523327
15393,0.0066949991142174975
15394,0.005551576659497617
15395,0.007471852519160971
15396,0.057610905789388704
15397,0.0078016993901744635
15398,0.013037028329135399
15399,0.01182714723976958
15400,0.7108377216710842
15401,0.16612492374788407
15402,0.007371393724331681
15403,0.07776429328615468
15404,0.06118809801081406
15405,0.035186154782193106
15406,0.2602656325667214
15407,0.059470697282649136
15408,0.07603546439951239
15409,0.5994166237181477
15410,0.3569196108276899
15411,0.0064978869003934755
15412,0.0540352891730816
15413,0.7776990859431528
15414,0.977543716903024
15415,0.011341991251344526
15416,0.00968983637132649
15417,0.3243648263095891
15418,0.04382385105626914
15419,0.4211433682581324
15420,0.0294498731077605
15421,0.024535085602823352
15422,0.11568335007844742
15423,0.18508617575207886
15424,0.015093183788068303
15425,0.9320638754412638
15426,0.4880249829701166
15427,0.029250855636455176
15428,0.06194432930291887
15429,0.07201710265092895
15430,0.00369136392393621
15431,0.020028045118458626
15432,0.03978765706285773
15433,0.004073608465095509
15434,0.007302502224940681
15435,0.00691289346478776
15436,0.040588760643220465
15437,0.07087558538195783
15438,0.02211118622755468
15439,0.019261626709250773
15440,0.024696796152195135
15441,0.9594063204485721
15442,0.6741126032329431
15443,0.5806181796490026
15444,0.009610563052171334
15445,0.010697844800101466
15446,0.05352002130213062
15447,0.010673809578431764
15448,0.9068959056356389
15449,0.039791446818695064
15450,0.018925978878350746
15451,0.021638324576563225
15452,0.6219374593189249
15453,0.07963174328304379
15454,0.148753907566536
15455,0.9394039587129138
15456,0.07678735081848588
15457,0.008462216390618168
15458,0.07134239199558286
15459,0.5396836192914479
15460,0.4337640136148743
15461,0.07285639608531355
15462,0.050066084345876304
15463,0.010148902010085765
15464,0.9492106188888838
15465,0.23920304166494874
15466,0.007320975142940348
15467,0.8175792569918218
15468,0.005216551096302229
15469,0.03095646858757577
15470,0.0051854115092200195
15471,0.02017213415733792
15472,0.0945859215924446
15473,0.0943767130086162
15474,0.13457910256740915
15475,0.3510138921323435
15476,0.43270988071425015
15477,0.056648718543505054
15478,0.007649717052201548
15479,0.05606572523776825
15480,0.7913474548053074
15481,0.9805258492442805
15482,0.06310414702328454
15483,0.9810046477525429
15484,0.017130826509560496
15485,0.3926060204701469
15486,0.011459954217959548
15487,0.9408135289209717
15488,0.013475924646322917
15489,0.0875147488778456
15490,0.9123005901655211
15491,0.6100660999638319
15492,0.8461055715378939
15493,0.08848834384529645
15494,0.056316397545092045
15495,0.7065361290075026
15496,0.03130985942426658
15497,0.007760468986311055
15498,0.9782846703050093
15499,0.19315404285143495
15500,0.008334849904987337
15501,0.004145381812997724
15502,0.05891611732032768
15503,0.9819907650014208
15504,0.09985188385399912
15505,0.027474597719198142
15506,0.09972748692024104
15507,0.0036549954097198144
15508,0.3222895298573091
15509,0.00894303499458173
15510,0.11536669632817553
15511,0.025073907081524224
15512,0.009318066161790204
15513,0.009665102262497527
15514,0.022983351931231487
15515,0.006552103130414566
15516,0.07011306226958894
15517,0.2806230878172076
15518,0.011040959617284315
15519,0.040083265820448535
15520,0.2360024616180268
15521,0.08627637616005765
15522,0.1314410032388567
15523,0.037680136994136484
15524,0.04366582089134922
15525,0.002830683506176984
15526,0.006358862143591537
15527,0.01494609887193887
15528,0.007024783994601029
15529,0.046711116158288365
15530,0.006168596058042392
15531,0.05553836992178957
15532,0.03787000189834279
15533,0.12090452703763405
15534,0.00732666553799376
15535,0.204796949138889
15536,0.2420851076006034
15537,0.01788752318321378
15538,0.06319205818759262
15539,0.01568709120637602
15540,0.03521893887197566
15541,0.03856381668830774
15542,0.013138386161452312
15543,0.008305769184661041
15544,0.01690126615243372
15545,0.05306484325873941
15546,0.6562257419809332
15547,0.13620691205999852
15548,0.00816162512874183
15549,0.8212290514720104
15550,0.007167473413476412
15551,0.012172213706195846
15552,0.015464946795295925
15553,0.039421797562918914
15554,0.35858903710407314
15555,0.012512063268735057
15556,0.00699118316944888
15557,0.01837349379934993
15558,0.04125802702958947
15559,0.045405619458284606
15560,0.01892634227960611
15561,0.03164981366114885
15562,0.00992279683053793
15563,0.017585469896216597
15564,0.02750479508404456
15565,0.0704271241562897
15566,0.03258506871694508
15567,0.014407886881438339
15568,0.009059355323163166
15569,0.010170952818299578
15570,0.24817866097778907
15571,0.5373578806846969
15572,0.935917544503361
15573,0.07602229084787569
15574,0.007800952453538622
15575,0.017496234363137644
15576,0.04358542835408135
15577,0.7349348349584588
15578,0.8788140884377289
15579,0.4803974839340248
15580,0.010667977942081925
15581,0.08886315520183757
15582,0.015019407142555794
15583,0.012748811753059688
15584,0.06146839291306032
15585,0.9610098198220713
15586,0.003543447275323025
15587,0.006085941901700414
15588,0.04174833296519005
15589,0.010306962510307384
15590,0.01695188387795022
15591,0.029209757099520783
15592,0.05078731891569382
15593,0.9794922478266027
15594,0.7167290295358503
15595,0.03467537356530315
15596,0.8152832969279765
15597,0.7252175413202135
15598,0.16840147556552562
15599,0.14758413953550062
15600,0.6343907082275098
15601,0.5046619034741067
15602,0.017307868078627664
15603,0.011329692530025488
15604,0.19725711123773604
15605,0.07006549180894817
15606,0.009865498447489632
15607,0.05638280614248553
15608,0.011286113809357312
15609,0.020158828757230057
15610,0.8788862511529382
15611,0.003281932411682439
15612,0.2049391888664535
15613,0.2316123635323596
15614,0.0507390832665283
15615,0.23619500553249634
15616,0.004527907269332661
15617,0.9326982343507724
15618,0.34928737382549896
15619,0.006301088233944997
15620,0.1252101834377435
15621,0.010993268527150837
15622,0.016477686614196997
15623,0.05775283821924493
15624,0.019964312709706264
15625,0.9415661852071145
15626,0.014770589486253472
15627,0.4260481850332774
15628,0.028771630265768282
15629,0.09018886714454209
15630,0.015690256442491373
15631,0.19649768849738466
15632,0.00548298957581501
15633,0.005771843924906346
15634,0.10846828778384378
15635,0.2699795246683888
15636,0.026498469849001005
15637,0.18076528132488973
15638,0.025667183457077313
15639,0.42536697232174314
15640,0.32547363762600157
15641,0.39144053390538686
15642,0.27577714775500906
15643,0.01608282547761571
15644,0.20531786861206758
15645,0.02536096874741734
15646,0.08215791615788925
15647,0.011220328923931868
15648,0.1390474765100368
15649,0.10838534484669587
15650,0.006079770102712675
15651,0.01222880338188089
15652,0.00846465649865195
15653,0.42277190654209734
15654,0.1687878852144469
15655,0.8178603233464267
15656,0.3868324567881976
15657,0.9004268128572359
15658,0.008982465147540857
15659,0.04637219701659256
15660,0.023423687312314274
15661,0.23295333270583457
15662,0.018477005879720728
15663,0.024822635239256725
15664,0.08324332046914794
15665,0.12457838675840019
15666,0.008270273951121962
15667,0.029954857857154935
15668,0.007993016966131692
15669,0.27313777806680134
15670,0.7727396144539349
15671,0.03538641354747668
15672,0.006649676355114014
15673,0.12800153201721898
15674,0.22266145121597736
15675,0.7619123215940257
15676,0.008294770864254734
15677,0.5734197534016888
15678,0.020502530890135706
15679,0.010928467936774275
15680,0.10108347845812608
15681,0.007859802343853823
15682,0.00858059472094664
15683,0.025612102691405472
15684,0.025307855542990188
15685,0.02823158218235022
15686,0.6522700618074057
15687,0.0076469623207406565
15688,0.5933041442172147
15689,0.193258990741801
15690,0.13762896200902391
15691,0.00852655503490291
15692,0.07233844276691424
15693,0.11756890155539443
15694,0.006707514853034335
15695,0.022686464425225362
15696,0.021970184555383403
15697,0.01377455047108029
15698,0.21877329754043492
15699,0.014343736989209776
15700,0.011217968648152969
15701,0.2456883494292756
15702,0.01790902988005921
15703,0.24949101562634762
15704,0.003578133076849107
15705,0.9625933223696493
15706,0.11283668632255518
15707,0.04278660558369388
15708,0.7018702933695302
15709,0.005343873702315975
15710,0.8814979877214533
15711,0.2948362130747995
15712,0.013239318442162423
15713,0.006157131000954785
15714,0.006384060985839051
15715,0.8102928030459029
15716,0.05865702087574983
15717,0.013974130955849366
15718,0.037884038179467096
15719,0.9596415448032162
15720,0.3709527696715675
15721,0.05796099500534009
15722,0.003443184375984672
15723,0.007504287613550674
15724,0.07637125133688355
15725,0.014804568951467312
15726,0.0264793281706928
15727,0.017495622113421275
15728,0.013633716904634977
15729,0.9079970413251941
15730,0.08099613793578843
15731,0.00634974817245245
15732,0.9760099089796337
15733,0.3731160930286191
15734,0.04232563453875314
15735,0.4924929201518608
15736,0.019473702731402854
15737,0.39705424633895875
15738,0.006984177362065983
15739,0.0111295424243168
15740,0.046096990566479666
15741,0.06409289280802574
15742,0.8089013879777818
15743,0.700804762475331
15744,0.008013735432050124
15745,0.012512063268735057
15746,0.052915371817968154
15747,0.4651393720645589
15748,0.4135289038048835
15749,0.006354531630781712
15750,0.050056640630378714
15751,0.0053572071116288235
15752,0.3763815272537941
15753,0.03060681219384188
15754,0.00934141204213596
15755,0.20001763676947223
15756,0.005511295869706272
15757,0.01804714968267565
15758,0.13800717074274055
15759,0.08136844927267126
15760,0.08886680295919369
15761,0.1361666987587333
15762,0.6991343808223968
15763,0.9640089071320016
15764,0.018989420785386606
15765,0.04598115255023085
15766,0.027889499586154075
15767,0.007458896613245174
15768,0.008705638128303791
15769,0.013148799291983024
15770,0.2516609538493604
15771,0.10519616152510752
15772,0.009185612427421313
15773,0.03678343662287484
15774,0.06843945243088607
15775,0.03549588768386669
15776,0.30973205307433677
15777,0.6877322740274153
15778,0.9742205118881125
15779,0.129263786270451
15780,0.6891110285544849
15781,0.02529383659941594
15782,0.027828477869384083
15783,0.020156833726487095
15784,0.046894629355572474
15785,0.01693594390188888
15786,0.016715976331609168
15787,0.008705356983008847
15788,0.7265093684324853
15789,0.6709230682248067
15790,0.03590303887868305
15791,0.005303144585121043
15792,0.9651136125486713
15793,0.011101186999730034
15794,0.014137492471375898
15795,0.14238217838830494
15796,0.005565048549729542
15797,0.1430494845652859
15798,0.976018183672358
15799,0.01680558522910827
15800,0.3565730123306399
15801,0.7834180133236106
15802,0.5096470847597967
15803,0.17540699250540392
15804,0.03037020551043032
15805,0.04040952767002765
15806,0.019587526290558276
15807,0.5448385730420551
15808,0.15645981373433618
15809,0.012039597467485794
15810,0.9322520569453684
15811,0.2687807292441565
15812,0.025410083128896397
15813,0.007687389968870271
15814,0.009836488573995324
15815,0.023596035952923557
15816,0.15663378721756419
15817,0.03536464904090817
15818,0.05292264069991043
15819,0.03847821850849803
15820,0.025915537009056296
15821,0.7898879942064524
15822,0.11120976158279139
15823,0.08978543443426695
15824,0.0067125355141743025
15825,0.00522439287439317
15826,0.01030006649154972
15827,0.08443020643887161
15828,0.005700946847499294
15829,0.40895026076209867
15830,0.9305876003236319
15831,0.07257677731659128
15832,0.039196910310720506
15833,0.7666587574931858
15834,0.07902816674133858
15835,0.009062167109784053
15836,0.004496168315785644
15837,0.2233442596812419
15838,0.003645601050924375
15839,0.005455308120129326
15840,0.004702115402962475
15841,0.006907555630956186
15842,0.10949016851187342
15843,0.09836372109463237
15844,0.06196322152263591
15845,0.5465886397197266
15846,0.5807866864657644
15847,0.019526353490653372
15848,0.04447435570569357
15849,0.08922935496635294
15850,0.003261576989345039
15851,0.03199229896729516
15852,0.016286562189934337
15853,0.04272950016997766
15854,0.006719304255132992
15855,0.15557404035312067
15856,0.1173914501682241
15857,0.07799891087735965
15858,0.016336676665561448
15859,0.5675599385953584
15860,0.005649829079377624
15861,0.45138461288842835
15862,0.027798158083431244
15863,0.03170948298289749
15864,0.9953009152721235
15865,0.29164564159763867
15866,0.03493995410875838
15867,0.14708782204474669
15868,0.008567105300160817
15869,0.021457382738025815
15870,0.008272832697457187
15871,0.01090670904719508
15872,0.15101354218856658
15873,0.4647329425308069
15874,0.0055052861761863605
15875,0.03351898473831528
15876,0.008097360522934374
15877,0.012661799840304036
15878,0.2878355442258708
15879,0.8372331558009171
15880,0.02006031329788091
15881,0.02572894948179575
15882,0.05447145401138904
15883,0.019545165087199477
15884,0.09161077376637297
15885,0.016905894661123792
15886,0.47368826406488324
15887,0.03314666508656786
15888,0.14437689742753873
15889,0.029839155882161794
15890,0.02101998155923528
15891,0.9732407518898119
15892,0.009550685579847647
15893,0.36568439758008786
15894,0.010105463382205193
15895,0.014872606288222436
15896,0.102974151250681
15897,0.7303842540239027
15898,0.02989907713204991
15899,0.01540823120662829
15900,0.2622427267196245
15901,0.29959964384950594
15902,0.014522057213841495
15903,0.7467652007390794
15904,0.004461688928861335
15905,0.05825736419207405
15906,0.035186154782193106
15907,0.17349793149839687
15908,0.04568138941674787
15909,0.16365771697222506
15910,0.03649342191028427
15911,0.26813977656455157
15912,0.014719442948354004
15913,0.010882096969443105
15914,0.35751835516201214
15915,0.04976992794336695
15916,0.03358033274008278
15917,0.013775967657489667
15918,0.006889222686936402
15919,0.22688290465179484
15920,0.17899000481790037
15921,0.2977756735045414
15922,0.020203196367743072
15923,0.004917667706427878
15924,0.7245097848261062
15925,0.006722041168158543
15926,0.017776653255448336
15927,0.8923066601063264
15928,0.11144454578652331
15929,0.7792297697000669
15930,0.9152212468681631
15931,0.2784389527845146
15932,0.03926869541102292
15933,0.7179601975826746
15934,0.011287146771315001
15935,0.00425053085245262
15936,0.010040211849272786
15937,0.007773310416857456
15938,0.12294671047000998
15939,0.014583410181680998
15940,0.0962904261920634
15941,0.11840234315412643
15942,0.004360859518120905
15943,0.036829588076768255
15944,0.004417757927634322
15945,0.005506661364905718
15946,0.09929915336235236
15947,0.0052663173574677025
15948,0.4945094099682351
15949,0.9422983836609913
15950,0.011113342416670094
15951,0.016187668789101405
15952,0.9829154281739605
15953,0.2163064703454267
15954,0.03901689774659614
15955,0.0447165188846366
15956,0.019873786609694345
15957,0.02414022080708142
15958,0.9424900010394457
15959,0.2867561735888636
15960,0.00857828950948431
15961,0.8534288741155531
15962,0.01812591893910591
15963,0.005679033034024336
15964,0.1267697532954598
15965,0.1013404158245056
15966,0.970283898961023
15967,0.024414177901383997
15968,0.2373852386570351
15969,0.00524548261435643
15970,0.08882626323877997
15971,0.08980950587194833
15972,0.9870244282962627
15973,0.010939511273108516
15974,0.0788296250293114
15975,0.08257094933413306
15976,0.004621132533055147
15977,0.03608271186186932
15978,0.15576199831209397
15979,0.01412533107412956
15980,0.01108736985166676
15981,0.008923145369300643
15982,0.008290614947543015
15983,0.01879403076790851
15984,0.007598698417852085
15985,0.24500955861869808
15986,0.16049250986175218
15987,0.015730738485164264
15988,0.01711636800132958
15989,0.06326294105530225
15990,0.7532863718112034
15991,0.003362067075162218
15992,0.9597641031383088
15993,0.07339518137622827
15994,0.015772880398768223
15995,0.015373461379145024
15996,0.9303732231216878
15997,0.1916791841962564
15998,0.011806643174345923
15999,0.01959385755698021
16000,0.5040214653321163
16001,0.010273146351659417
16002,0.017388857438518725
16003,0.007588499426804002
16004,0.07101161061592581
16005,0.3025523279334548
16006,0.03085427288849558
16007,0.094364125233934
16008,0.007604223119167407
16009,0.692086897117597
16010,0.00803385113347437
16011,0.7875191797865219
16012,0.017809333850335195
16013,0.005057588303172872
16014,0.012356646092051678
16015,0.18226998157064792
16016,0.7642062449476061
16017,0.21935194415266399
16018,0.13954554779441236
16019,0.09853298172665095
16020,0.028102209708918628
16021,0.004244142156322875
16022,0.006607658745415507
16023,0.06576917153125149
16024,0.029696919229629987
16025,0.009940132953342057
16026,0.8580320993174376
16027,0.009136974906166108
16028,0.036055953502590415
16029,0.023873859119468585
16030,0.019956875324165946
16031,0.027230036523629906
16032,0.40522849474362727
16033,0.0746047094861076
16034,0.6633653670966232
16035,0.01894715971296921
16036,0.11526330642247466
16037,0.15642294244804086
16038,0.24166495650876307
16039,0.06928222137933344
16040,0.11600520009186457
16041,0.992680984085113
16042,0.1578741389902119
16043,0.01153564543324238
16044,0.0029754339758828827
16045,0.976553594457001
16046,0.5795215049364073
16047,0.3266478068909845
16048,0.06847171456585267
16049,0.022715368665417186
16050,0.01726137437460758
16051,0.01281283936891964
16052,0.01981028737773478
16053,0.007762354632408381
16054,0.4562785039767319
16055,0.10216409942135797
16056,0.15615878806759576
16057,0.7258158979584848
16058,0.5419612279442815
16059,0.11647883289548873
16060,0.607047353553346
16061,0.05784049867199422
16062,0.017130631393270482
16063,0.005235644800793359
16064,0.009177295349088005
16065,0.00814143192104992
16066,0.010845753121557106
16067,0.012875163593674266
16068,0.18767934015373053
16069,0.033226450827649266
16070,0.7711685121628519
16071,0.011955727060021161
16072,0.018443032532328655
16073,0.5474137950856381
16074,0.016477686614196997
16075,0.10713520188135346
16076,0.3839158705061934
16077,0.6648362165457826
16078,0.8566907396877125
16079,0.4296825794574266
16080,0.017999839679595717
16081,0.021110109583062288
16082,0.1985494241693682
16083,0.05934978537334504
16084,0.008352934501378261
16085,0.008640888007259697
16086,0.6855637626111467
16087,0.01862121960910577
16088,0.00621491461939355
16089,0.004581702765600178
16090,0.9426753396048969
16091,0.15311882639172206
16092,0.058819130094922595
16093,0.1009422359724361
16094,0.6884687349247187
16095,0.21300182014877075
16096,0.019202684523848334
16097,0.28001714652806514
16098,0.2361018650438165
16099,0.24328857126224424
16100,0.0033227454371462157
16101,0.022046513393502835
16102,0.07439066888216286
16103,0.015472221337398891
16104,0.006733807660298982
16105,0.9124544522802356
16106,0.09134861518438203
16107,0.019463961479463037
16108,0.9433333993445926
16109,0.3247517842997233
16110,0.01380127373281982
16111,0.3874068632849222
16112,0.028712920724231813
16113,0.0809884123344891
16114,0.011885217086479029
16115,0.9500156240684026
16116,0.00644722790730342
16117,0.010386065486397363
16118,0.00405890334028585
16119,0.5789620910527505
16120,0.005793668428337129
16121,0.00784914911423227
16122,0.03218169117176623
16123,0.006107068526603206
16124,0.01725060886135824
16125,0.00391371526113367
16126,0.05945925786085875
16127,0.005573941850639635
16128,0.12577040869476194
16129,0.08692654104815936
16130,0.7628543410089171
16131,0.0207169371083095
16132,0.5325856499533027
16133,0.9702042506418374
16134,0.38843960988657406
16135,0.016787136952060203
16136,0.00717579906311732
16137,0.05910870620057332
16138,0.004261808816422249
16139,0.008118085861527584
16140,0.004514253519454394
16141,0.22348450865382016
16142,0.017031218336728802
16143,0.017202724219716182
16144,0.0029056227553197634
16145,0.029690674220245687
16146,0.12190769284926559
16147,0.17022985374350036
16148,0.37378518079024864
16149,0.8896758156716034
16150,0.1297201676937323
16151,0.09096564771481384
16152,0.738055238316655
16153,0.47485700980320694
16154,0.008826967890166553
16155,0.3849767266541221
16156,0.005591344574086724
16157,0.1413101205722154
16158,0.2719907343066335
16159,0.3694205307802058
16160,0.2635483061808336
16161,0.45138461288842835
16162,0.008198544924735264
16163,0.01427623040011983
16164,0.7731788114900964
16165,0.027006907095856125
16166,0.013130628448904003
16167,0.3588421258400151
16168,0.025491467517773172
16169,0.03696265604701868
16170,0.01879336420921945
16171,0.24672349384912137
16172,0.03521907916481708
16173,0.7361395269963111
16174,0.1787873411689194
16175,0.01921705344530163
16176,0.017943392402522466
16177,0.6081036320698638
16178,0.010418342520163564
16179,0.15906662781684147
16180,0.005554556581454025
16181,0.009554550698976289
16182,0.08348028381392678
16183,0.0066397043776783545
16184,0.02336707535203956
16185,0.06545934382884164
16186,0.8188577897114547
16187,0.04881914778457154
16188,0.05447244763192361
16189,0.057104419726911465
16190,0.006516728965344729
16191,0.8849328433397913
16192,0.979010019968251
16193,0.476218132841421
16194,0.9621117199052185
16195,0.17654406841268566
16196,0.15056066257618936
16197,0.04728086647059977
16198,0.0451344294949118
16199,0.059333633225124485
16200,0.005228847309037217
16201,0.16267602707941248
16202,0.13038893853277994
16203,0.622363142467
16204,0.022510787136567866
16205,0.4693134318422037
16206,0.012867817297760636
16207,0.041766713251483345
16208,0.2592644826354073
16209,0.1651103518219478
16210,0.22518288635287054
16211,0.30111459798632517
16212,0.04567783137866119
16213,0.11186447540882011
16214,0.3802636275002314
16215,0.04744902857051838
16216,0.09465023690612683
16217,0.594395636983223
16218,0.03477585531463524
16219,0.025770076778063946
16220,0.008016569090060549
16221,0.1746676208173541
16222,0.29505236752276687
16223,0.9674301975391902
16224,0.00351773387653727
16225,0.09377925139691391
16226,0.0699163239204496
16227,0.005292643303846875
16228,0.043444493714404155
16229,0.20262026626006624
16230,0.037712921516927525
16231,0.43836482170674124
16232,0.6079033619765598
16233,0.5908136687464592
16234,0.9295912304013783
16235,0.0037928900952043576
16236,0.023613968595301956
16237,0.4971173894365273
16238,0.18832622978988023
16239,0.017082386849347157
16240,0.18027270236732276
16241,0.02602050396512217
16242,0.0116171738001275
16243,0.07961503425680433
16244,0.2887142779927544
16245,0.2547576214099817
16246,0.013810228910814282
16247,0.006315072397717995
16248,0.9585181306461484
16249,0.18812840181216398
16250,0.7505462078243698
16251,0.8536885499615917
16252,0.00441054140853882
16253,0.017545085628092955
16254,0.005729184871353721
16255,0.04573681860508222
16256,0.017688503291990697
16257,0.008500661443878673
16258,0.026014318000088306
16259,0.08727396076781069
16260,0.011582984723380615
16261,0.14569305072213076
16262,0.02810019631198939
16263,0.07287228601565762
16264,0.017640162076538304
16265,0.00820658684723779
16266,0.8684999043247703
16267,0.012808524170339765
16268,0.046082114768589526
16269,0.01648179823602742
16270,0.11556942766778246
16271,0.006825880490216209
16272,0.13319425198142917
16273,0.054846316669997223
16274,0.2764425989391965
16275,0.02885792956064249
16276,0.11538820514127426
16277,0.9747585611329057
16278,0.031066366100985333
16279,0.30111311965288545
16280,0.0032274081525180396
16281,0.6868194447250334
16282,0.020846110430193233
16283,0.009167291962209867
16284,0.21347436567546313
16285,0.04102563209221602
16286,0.015152795504505346
16287,0.028489764663511333
16288,0.37974904471048665
16289,0.025035587190138396
16290,0.004167495859966023
16291,0.008378371948048606
16292,0.8160570694897766
16293,0.7257236868693099
16294,0.023336546120086028
16295,0.1316335254053224
16296,0.019412433900508307
16297,0.7753361926805049
16298,0.04376983257665002
16299,0.9210117767893792
16300,0.03048799562484992
16301,0.25554625715231094
16302,0.49030538053731537
16303,0.01564404964447071
16304,0.011751491467229275
16305,0.1724105729111888
16306,0.02852479646521006
16307,0.8214663953802148
16308,0.006971909325832788
16309,0.9696782701703455
16310,0.1117396493080026
16311,0.042071616271315976
16312,0.7849124285540375
16313,0.9788608499855072
16314,0.0034203794283461076
16315,0.6278872416788545
16316,0.9392862556912158
16317,0.018501500425021772
16318,0.015446712888363525
16319,0.44903929148932353
16320,0.35415861127382187
16321,0.01775060661208593
16322,0.1773455942497089
16323,0.003652426619370705
16324,0.00524981744798886
16325,0.0600213941828337
16326,0.05812194489648337
16327,0.024830697126976123
16328,0.7242404984337885
16329,0.08196664091781437
16330,0.06889981506489593
16331,0.008044640909594855
16332,0.0921032971282049
16333,0.006909457387608141
16334,0.03744247993750918
16335,0.04068803033821362
16336,0.2750417558502832
16337,0.0063114952576047816
16338,0.020448031511541453
16339,0.011007670558875911
16340,0.0082949715861665
16341,0.5467193900407536
16342,0.012674282306813979
16343,0.16176597769146647
16344,0.04715642319057676
16345,0.01759688435289287
16346,0.744364672317221
16347,0.027484825657742913
16348,0.016029641597134946
16349,0.18812833374709792
16350,0.02154627821217689
16351,0.015856830090088637
16352,0.011322331522391826
16353,0.011660940343595145
16354,0.083488515455563
16355,0.7774608457954857
16356,0.9850561211838593
16357,0.962806583202135
16358,0.009087489896801564
16359,0.11577742990700077
16360,0.010234562343419603
16361,0.8815227352509524
16362,0.06272065785135894
16363,0.005020702947890484
16364,0.01965111923092662
16365,0.4687989358731681
16366,0.7002905835884659
16367,0.018544846529248135
16368,0.8765826026197326
16369,0.14757550813069362
16370,0.4558035867752391
16371,0.032556692142494605
16372,0.01079740426294346
16373,0.12551150433348446
16374,0.07295633027222784
16375,0.005437802971968613
16376,0.12854209514801124
16377,0.17168779209267365
16378,0.007445044669156105
16379,0.5587332807861559
16380,0.5774792260146936
16381,0.26019738467783227
16382,0.02663969721128725
16383,0.0040699313551616195
16384,0.04579967691657542
16385,0.051183406726610196
16386,0.7920229542987149
16387,0.014339518248455765
16388,0.020036220449244344
16389,0.9488666464449365
16390,0.30241405939013943
16391,0.29676399845577345
16392,0.03073054730012508
16393,0.0030480465435881853
16394,0.00317810650136633
16395,0.014364111561176316
16396,0.3994319838637824
16397,0.07830763980881791
16398,0.8560866275925003
16399,0.007026247615286974
16400,0.1381825239755418
16401,0.012518934392460292
16402,0.8701294298993391
16403,0.006086050557739296
16404,0.003123511024962727
16405,0.03141003387521254
16406,0.5831841307396223
16407,0.7935621128983403
16408,0.5341725674816533
16409,0.14426490567930458
16410,0.09952218075055064
16411,0.005631335986493766
16412,0.9813476014297995
16413,0.9385089784490666
16414,0.06487222764233766
16415,0.00711451223728854
16416,0.008802610695565333
16417,0.039532615522198056
16418,0.009491387810047774
16419,0.04450733188322045
16420,0.09538858184289667
16421,0.031127251694941287
16422,0.02460327848119881
16423,0.4231257395945327
16424,0.0067208174903614065
16425,0.06647779495751131
16426,0.020377137508080585
16427,0.0034366950872724822
16428,0.012723774366609224
16429,0.9190947402714101
16430,0.003806827647157085
16431,0.03316315396459577
16432,0.21818234044206958
16433,0.12619135787227426
16434,0.5757104129557808
16435,0.0035645685028898506
16436,0.007143786616583692
16437,0.003208160908389959
16438,0.05300435236348631
16439,0.047401775935367346
16440,0.004318486233517425
16441,0.014395094477343797
16442,0.05903111223217572
16443,0.051459482906815165
16444,0.25261625583739006
16445,0.11597680236697237
16446,0.07567637570899137
16447,0.10438528734351173
16448,0.034770703408118726
16449,0.009697602747991387
16450,0.017173186100202527
16451,0.020875124781273936
16452,0.6513315589286379
16453,0.03916553337213816
16454,0.2901297640747017
16455,0.10074773377933205
16456,0.025338143700359538
16457,0.2225474951127433
16458,0.02884106034833897
16459,0.005782483699983565
16460,0.013127022916773172
16461,0.025333653180810437
16462,0.0033784560034264685
16463,0.8636922605621102
16464,0.005479922951306584
16465,0.01790807938747712
16466,0.1286997305092396
16467,0.013035638606962224
16468,0.27401524340460975
16469,0.008802610695565333
16470,0.012688347737944583
16471,0.41995709626131017
16472,0.02666853873598329
16473,0.041344471063936385
16474,0.008778966427185833
16475,0.9053910818845383
16476,0.9384391416459503
16477,0.009601939627267407
16478,0.009795550264553485
16479,0.012480522560478196
16480,0.01994055635579963
16481,0.04149691931408761
16482,0.0031797779202520924
16483,0.6217028296270743
16484,0.125176326151377
16485,0.0037863743256989994
16486,0.02265682814752433
16487,0.012999427358649217
16488,0.015017848619658087
16489,0.9598811264031487
16490,0.028612681144734836
16491,0.010682900455791414
16492,0.5235393898307504
16493,0.02874565234626713
16494,0.5026839262394587
16495,0.0072976163354967205
16496,0.02533388616724972
16497,0.12321684141341206
16498,0.23746936826394258
16499,0.02707379139616896
16500,0.04870551508162684
16501,0.0160221771730895
16502,0.13969661192571944
16503,0.023382340242851116
16504,0.022024169750198008
16505,0.012464729958033934
16506,0.04409138255869365
16507,0.022386583207022918
16508,0.16716635100615626
16509,0.03747447528522015
16510,0.9263205842510273
16511,0.1004723210708004
16512,0.008564980953563664
16513,0.016577256074089913
16514,0.22163068914933406
16515,0.028527574018539583
16516,0.003372868133776442
16517,0.15022212625650874
16518,0.09836046299325478
16519,0.005209748101467974
16520,0.02869913558878231
16521,0.010033530107402435
16522,0.019987898194631648
16523,0.6684308491602087
16524,0.042824062660002105
16525,0.3264815166781824
16526,0.028966642093959178
16527,0.004053263130342948
16528,0.8964125343044244
16529,0.1562711529750913
16530,0.006017025886831463
16531,0.0040584155035000395
16532,0.8433649010549068
16533,0.01044122382302859
16534,0.048374425544986235
16535,0.033620668601535605
16536,0.02335509437527717
16537,0.0033740963893312374
16538,0.026273650889423118
16539,0.5247291198831991
16540,0.40895026076209867
16541,0.00871542162954085
16542,0.018031920875580622
16543,0.16051972155184735
16544,0.3594648363682382
16545,0.1873691615061888
16546,0.01259763731475958
16547,0.24370886693907465
16548,0.7332458946495001
16549,0.022247838067744587
16550,0.13767800968032287
16551,0.014792165421713983
16552,0.022521097126595856
16553,0.03011567468494479
16554,0.027926492932756203
16555,0.029487436686167646
16556,0.2069032438666123
16557,0.9211053003773173
16558,0.023686762206009564
16559,0.09875192575004185
16560,0.055693094733140554
16561,0.059555317129364564
16562,0.04194023979982093
16563,0.01383844942239871
16564,0.14177549302480813
16565,0.9838745740640363
16566,0.3289202763626514
16567,0.4098275685870935
16568,0.5261636836896241
16569,0.00980150783780642
16570,0.11318773419239878
16571,0.11145232722504175
16572,0.014360026451788542
16573,0.0038758205954428243
16574,0.5693695934428222
16575,0.0051882667192993635
16576,0.0350727115050076
16577,0.05007279182653612
16578,0.012479408334853934
16579,0.037502282285021636
16580,0.010349589761149412
16581,0.014035866854379384
16582,0.25937599783064785
16583,0.012977711437935704
16584,0.004089715933148533
16585,0.011457418933495033
16586,0.8110341183268646
16587,0.1888289063966849
16588,0.9000292334738478
16589,0.006658324051128657
16590,0.795828091604187
16591,0.004270464791356545
16592,0.9784459660960262
16593,0.24581185402728062
16594,0.7621955790701549
16595,0.02230044886989811
16596,0.017348728980813178
16597,0.6925645989714719
16598,0.6272396126225043
16599,0.01795959874196986
16600,0.7144547798687138
16601,0.01247979650659899
16602,0.39764838456391843
16603,0.003596774016629068
16604,0.0646968091039111
16605,0.03265574923960976
16606,0.09268074763035325
16607,0.055328108848396236
16608,0.8763621205727962
16609,0.7621262843214872
16610,0.43226984744366115
16611,0.018599160964497607
16612,0.007047196457787174
16613,0.006135102001704816
16614,0.5845573654902034
16615,0.019664807777071764
16616,0.22263848673508327
16617,0.03300560141441199
16618,0.004300881687671239
16619,0.09526382611872383
16620,0.030146121133506253
16621,0.7088234032299785
16622,0.5313571338314871
16623,0.0639460764379594
16624,0.3469508277265296
16625,0.01764579820181692
16626,0.007702119908675672
16627,0.02724606381622656
16628,0.0051557851075664796
16629,0.024875359225605357
16630,0.04709090636694933
16631,0.7630427675996051
16632,0.02975153883830447
16633,0.29176948786538337
16634,0.008237859645173587
16635,0.8655460816259661
16636,0.05054873624318295
16637,0.011762576328635066
16638,0.13524035592415415
16639,0.029046459822813977
16640,0.40325263199351113
16641,0.012322366727071822
16642,0.007417918927492932
16643,0.03436009747379817
16644,0.02463315070533938
16645,0.07795051348252285
16646,0.015589330059181838
16647,0.04203279357096541
16648,0.05012629711883257
16649,0.3084775633047749
16650,0.0030120484809133936
16651,0.006995378436212889
16652,0.0652826929578731
16653,0.003950158365249363
16654,0.0077207859106780555
16655,0.00591908088777606
16656,0.5400570870216496
16657,0.36663410135225044
16658,0.00720784073430992
16659,0.009049346601062616
16660,0.9187814476558412
16661,0.0965150217811379
16662,0.043446681452842965
16663,0.02269531454968955
16664,0.005221751909182411
16665,0.05056322037957582
16666,0.02044115124824596
16667,0.018666317762196846
16668,0.6687484424069657
16669,0.00905143103549896
16670,0.007273406682713853
16671,0.006077109380759933
16672,0.3113865191276487
16673,0.7429589648179824
16674,0.007498559305124918
16675,0.08237527043492691
16676,0.010659869955823638
16677,0.011146217049751545
16678,0.0061197878696261305
16679,0.004414123403979029
16680,0.008662045485163371
16681,0.018857153875433436
16682,0.4591358407481892
16683,0.0374814060042689
16684,0.005935178900513576
16685,0.023848836502563874
16686,0.6000715268300735
16687,0.01887601820559805
16688,0.33452151696508126
16689,0.07135074000475713
16690,0.9924705365135709
16691,0.17887915242628957
16692,0.006986594832000166
16693,0.19138877931110035
16694,0.014879202983894148
16695,0.005523437941721264
16696,0.004919326085796974
16697,0.013652782722788066
16698,0.01298847433753279
16699,0.02061033317565595
16700,0.031926937015900735
16701,0.9091668843874867
16702,0.0067377185739444165
16703,0.014745329230761611
16704,0.02518696116230915
16705,0.1348544074083094
16706,0.014978125132154716
16707,0.7265400387517805
16708,0.009991181300015162
16709,0.010213703872409944
16710,0.0801835354027111
16711,0.7391930305717372
16712,0.01126939265077322
16713,0.745368332810837
16714,0.02253111408177195
16715,0.3843107786620867
16716,0.025179968082666825
16717,0.09131679548301334
16718,0.8882554859644384
16719,0.7339387377326536
16720,0.00793022227341874
16721,0.41500177995021653
16722,0.16303851494439925
16723,0.009069404250068339
16724,0.03279685802394137
16725,0.005942891011267386
16726,0.00491448865909578
16727,0.7452310761950738
16728,0.2348511843054623
16729,0.05404379766001133
16730,0.006695554353031462
16731,0.010079858338285208
16732,0.8086211072007651
16733,0.016449634479822672
16734,0.037036829051135874
16735,0.17566078877692615
16736,0.7434653788171401
16737,0.03416765756679491
16738,0.008921028467914713
16739,0.86710950971588
16740,0.007705998952298439
16741,0.017431874844247484
16742,0.7608970682840737
16743,0.01345071560073931
16744,0.1234772599316577
16745,0.007918991069734137
16746,0.008081936223245278
16747,0.006807337231932805
16748,0.13446092526823716
16749,0.017943392402522466
16750,0.0033743018148368865
16751,0.03564996040943617
16752,0.050721579744484074
16753,0.005409837530252583
16754,0.02029982774374212
16755,0.01271240365606737
16756,0.06623894436145013
16757,0.013906539667152405
16758,0.011023743035609438
16759,0.03501978066591141
16760,0.006013182523735893
16761,0.015240299739480241
16762,0.0139163711558939
16763,0.07655965311768644
16764,0.6953480371982472
16765,0.006956566340895984
16766,0.06937766656653958
16767,0.020170536109373936
16768,0.10165029535387266
16769,0.04923834532281925
16770,0.6000712817926862
16771,0.006130881692316546
16772,0.335955339243071
16773,0.005745290767325013
16774,0.005507619809503384
16775,0.012851444454484948
16776,0.041975266007495966
16777,0.31405619054435163
16778,0.2316948522510627
16779,0.0057692378086573815
16780,0.17622512687565386
16781,0.20135762559864404
16782,0.69861313318042
16783,0.007989798511422373
16784,0.08647722446317095
16785,0.009577011463478924
16786,0.026168177412276953
16787,0.01384654618349422
16788,0.017780706017651894
16789,0.8428200317079528
16790,0.06336078319491936
16791,0.011064616268286809
16792,0.07078766848664446
16793,0.016148349042358567
16794,0.033215491766873426
16795,0.5588564717580407
16796,0.027052380439544256
16797,0.02664203333916164
16798,0.1453592869199746
16799,0.012150457283909533
16800,0.06721014722109646
16801,0.0891256912505998
16802,0.051129209750676564
16803,0.004028262075380326
16804,0.21047664105171587
16805,0.004106662161632501
16806,0.006353112512080429
16807,0.4164226065054321
16808,0.005637627679686107
16809,0.002862032594440074
16810,0.014547252591493755
16811,0.006270194222286623
16812,0.10825644871169622
16813,0.10846709291475165
16814,0.056565813088847526
16815,0.07885744074432272
16816,0.02429123260458723
16817,0.05168492740277702
16818,0.8730191319833067
16819,0.9893133873670106
16820,0.14022041657793327
16821,0.9501459762653476
16822,0.006605939917119109
16823,0.008898737189757304
16824,0.9185039572596957
16825,0.022562659056889634
16826,0.014967371499553035
16827,0.007139634026630202
16828,0.008182934853854485
16829,0.9543785344955529
16830,0.30157527093729647
16831,0.9691090761287522
16832,0.7930566117264802
16833,0.7741836365322236
16834,0.016592878760096557
16835,0.0228144135119434
16836,0.16612336153852375
16837,0.26641868708579475
16838,0.4589881730402461
16839,0.6807005175111632
16840,0.9802806016545306
16841,0.010262604914049626
16842,0.3540551135943374
16843,0.26285764668698913
16844,0.9271623811822121
16845,0.02534261177304289
16846,0.7984931724046774
16847,0.35575018372806005
16848,0.7535273896676603
16849,0.04584258472437857
16850,0.942266540013081
16851,0.03943030134968803
16852,0.004864262353607015
16853,0.27666962643071563
16854,0.4994206179251595
16855,0.013852690327130254
16856,0.446971965168098
16857,0.6205187619562306
16858,0.7834004399481752
16859,0.008738679921510105
16860,0.15250843258491859
16861,0.004218324667429567
16862,0.020438431002402956
16863,0.019775259553749012
16864,0.10822856095908691
16865,0.02710244902266592
16866,0.042926935027576184
16867,0.02365345919435547
16868,0.19815922123288882
16869,0.007057940694146663
16870,0.3357152626462038
16871,0.5546307114193457
16872,0.03453002259558814
16873,0.015690672837655795
16874,0.006011004411670736
16875,0.8349346065221446
16876,0.010427063507944723
16877,0.00968471955866306
16878,0.004508452425027488
16879,0.005739879204699373
16880,0.2299675380676584
16881,0.02321908492994148
16882,0.015609182002239165
16883,0.14348803705652685
16884,0.03950497475951423
16885,0.01979124128710205
16886,0.015533646858010522
16887,0.3815192332162008
16888,0.005774844400466566
16889,0.1386855266316757
16890,0.2828385169818683
16891,0.01038178210245251
16892,0.056968246130306766
16893,0.08725066095908307
16894,0.0432355678731235
16895,0.1407640398763918
16896,0.26239256182763593
16897,0.04699745390127976
16898,0.12433515479232321
16899,0.03229838507106635
16900,0.01851503215547964
16901,0.006203768799113833
16902,0.9695448576318428
16903,0.015239864832854878
16904,0.548121346655895
16905,0.005015271389517381
16906,0.10673365917534282
16907,0.03243786802099162
16908,0.023743535072530336
16909,0.003643012741973463
16910,0.005370132256894593
16911,0.034149028037340136
16912,0.006033292793947452
16913,0.007582778347420646
16914,0.0072774739796409955
16915,0.2257538842284507
16916,0.011216208669450214
16917,0.09080843808249353
16918,0.7950654163061591
16919,0.010458344741518515
16920,0.013864479165209722
16921,0.011331248157988345
16922,0.026318537272073672
16923,0.10168788395902004
16924,0.039516480862234284
16925,0.0839212090827846
16926,0.08570677830406606
16927,0.005413853258357707
16928,0.607063180774889
16929,0.6060882928508448
16930,0.0047135143236713495
16931,0.783506716837319
16932,0.2231086955011009
16933,0.01720595956584095
16934,0.01881271219972783
16935,0.026677153048645676
16936,0.8157791342800567
16937,0.01995879325972825
16938,0.005968075914030035
16939,0.011810013596528822
16940,0.4246284778978879
16941,0.023160834595649857
16942,0.16258391088079754
16943,0.9597810515951749
16944,0.02322748621801223
16945,0.006795755530408593
16946,0.052759503959390934
16947,0.10966846891296567
16948,0.06427161715512969
16949,0.9917464472960879
16950,0.09952650549404737
16951,0.9799079488126065
16952,0.022613728312982383
16953,0.029576503272507198
16954,0.0256168395263237
16955,0.007455335265019776
16956,0.12545680296591327
16957,0.2721433112790002
16958,0.019574637514183254
16959,0.005487222750012331
16960,0.04355162972320766
16961,0.00656302729657594
16962,0.020540215370001596
16963,0.02107083664027864
16964,0.012850825273043003
16965,0.009341319702069504
16966,0.9705982182779882
16967,0.08385394155825786
16968,0.9281217073330751
16969,0.012469020866920807
16970,0.003562984516356295
16971,0.6813059236958701
16972,0.9287397570787784
16973,0.34190932239505606
16974,0.04680714575876844
16975,0.008315686719617495
16976,0.08051680709087408
16977,0.06893038511666738
16978,0.23987350146217307
16979,0.012758657339237787
16980,0.642779320790534
16981,0.8796135472711576
16982,0.8491018295922558
16983,0.9754556924862675
16984,0.020880115401989467
16985,0.010440651672401075
16986,0.003818724383555932
16987,0.007839417228947024
16988,0.0042799851502233
16989,0.5922946444448111
16990,0.013295829191559997
16991,0.02305596968556437
16992,0.1988152786935317
16993,0.004571912600670473
16994,0.07441165452059384
16995,0.012612418506399907
16996,0.008465989091113204
16997,0.03871982408821866
16998,0.7824279648791556
16999,0.017595507819338437
17000,0.012870613400312222
17001,0.00820484769468521
17002,0.02688717622190107
17003,0.5007279252066973
17004,0.14112748220463733
17005,0.1535610802648557
17006,0.0891550474373246
17007,0.3677194601290382
17008,0.037920746375381925
17009,0.6495436174224074
17010,0.10921406701449952
17011,0.04319076416504089
17012,0.019036369813139043
17013,0.008165648858945182
17014,0.7326346683509838
17015,0.6867952930770927
17016,0.01792782055158961
17017,0.12615913903942014
17018,0.012846226005666794
17019,0.018849367070190755
17020,0.06431234002832355
17021,0.03292190121946745
17022,0.06971737697884647
17023,0.9503249958647941
17024,0.010542542293786076
17025,0.019997074756227282
17026,0.005095072545369448
17027,0.017552005763525093
17028,0.8215273459820711
17029,0.013959190896582485
17030,0.004418972718976607
17031,0.004141621377627635
17032,0.7144946995949506
17033,0.05014288147211544
17034,0.021546266620773635
17035,0.022554393935553425
17036,0.01933550523562252
17037,0.007988765156716234
17038,0.023111913854857356
17039,0.00969496329746416
17040,0.016056107620261995
17041,0.006890217709456546
17042,0.9575477398210843
17043,0.12185356575643634
17044,0.011357515929665394
17045,0.2628803683990953
17046,0.7226848376998221
17047,0.008083582589822922
17048,0.11376768583285846
17049,0.041754344631150984
17050,0.08491518560393992
17051,0.9237698676253339
17052,0.0845585304542126
17053,0.9318837450008275
17054,0.02960681355458054
17055,0.025453272274493264
17056,0.038078659698839494
17057,0.010271820935168771
17058,0.010863859387083747
17059,0.010125225700863678
17060,0.3803239579397008
17061,0.9780683271408848
17062,0.008296302340536585
17063,0.13045007700581127
17064,0.24832471763511663
17065,0.026475431288911156
17066,0.8349311350769674
17067,0.6647495467799316
17068,0.4811825160789908
17069,0.19750891369687804
17070,0.5179238032869573
17071,0.9069418548576739
17072,0.023843125122369954
17073,0.014854675293031066
17074,0.3572774482130806
17075,0.0679921587815104
17076,0.010284468688405912
17077,0.6183910468531987
17078,0.3372049441645749
17079,0.29057236591565266
17080,0.19064736074492702
17081,0.016738126887289657
17082,0.03253790982016008
17083,0.07918721977610811
17084,0.19804487341768007
17085,0.9290794837107176
17086,0.03805092144880838
17087,0.14480317153529
17088,0.005795775850557945
17089,0.022195712617776888
17090,0.0064667927946096375
17091,0.007499577984136651
17092,0.3395582369269031
17093,0.019654649248087058
17094,0.03358552917227405
17095,0.8828007661756425
17096,0.3437232823931859
17097,0.24915143463491846
17098,0.010817999621301106
17099,0.007791461597804473
17100,0.6401367745505169
17101,0.0898252209365556
17102,0.7605784090460136
17103,0.021564017985513818
17104,0.035626853076525106
17105,0.183560491271159
17106,0.014702961054540102
17107,0.1300026547773438
17108,0.10330436005427983
17109,0.023634877032366414
17110,0.004463158895513052
17111,0.01642314662018415
17112,0.1709449749422181
17113,0.06856569200352639
17114,0.006871816099706108
17115,0.2719491172646759
17116,0.2855175079533286
17117,0.013094029288727094
17118,0.4347488289197208
17119,0.03857884719699029
17120,0.13716412218712387
17121,0.013798236376910154
17122,0.7305549104259388
17123,0.13436616291891612
17124,0.9759381904500422
17125,0.006533932391960176
17126,0.16022156538790458
17127,0.03897835393572884
17128,0.879647418575634
17129,0.015496172991696469
17130,0.3545732477418229
17131,0.03931920395125271
17132,0.249940078851983
17133,0.0630968407594916
17134,0.16905774664462042
17135,0.18229110474130644
17136,0.04213629422274356
17137,0.05496006656268701
17138,0.9885966393815153
17139,0.2338505961174229
17140,0.012623127705149405
17141,0.4254607759757759
17142,0.10246711272837518
17143,0.3294959835767477
17144,0.007265736219219009
17145,0.015963961213147682
17146,0.3558410298229608
17147,0.05186399422361951
17148,0.05609263839455177
17149,0.04471332112857495
17150,0.030146121133506253
17151,0.2160817130358592
17152,0.02131410610198466
17153,0.011900691044175975
17154,0.04162939770078429
17155,0.013557025964803716
17156,0.2847930739012706
17157,0.06477910225845626
17158,0.1962547700193705
17159,0.06545341463864578
17160,0.03718317474875272
17161,0.5008013316357955
17162,0.017664973749347026
17163,0.8691867257105671
17164,0.007995764728967148
17165,0.0027451544391339272
17166,0.14177549302480813
17167,0.020448307696354112
17168,0.03769718359626914
17169,0.763721872177807
17170,0.011785005797615978
17171,0.009886903912975017
17172,0.12054310207656799
17173,0.10109384636496425
17174,0.07730398575661772
17175,0.5055123388893311
17176,0.060317500000224816
17177,0.41529237299356625
17178,0.06020786195884878
17179,0.5771284626040999
17180,0.017666053598965413
17181,0.19042096520748492
17182,0.08945845018068278
17183,0.22040135759033788
17184,0.2837627156501267
17185,0.01242042968729395
17186,0.007518221735622216
17187,0.0173491535002756
17188,0.5781425652859188
17189,0.015691698228685897
17190,0.10731926614223106
17191,0.05149300188416952
17192,0.005324678060626016
17193,0.004746559421520153
17194,0.010584072063985036
17195,0.024033387424378688
17196,0.012187823956641574
17197,0.007529932443960751
17198,0.26132039438290444
17199,0.9804411307602713
17200,0.10078574735638526
17201,0.23247956312132467
17202,0.1526589443534226
17203,0.029169397127717597
17204,0.9456695833934338
17205,0.014438547161284475
17206,0.013579719600526877
17207,0.08348459492352243
17208,0.014896055596349437
17209,0.009651798835048946
17210,0.007588121990319959
17211,0.005310452652711978
17212,0.020886884213650096
17213,0.13409366653879606
17214,0.09653410112332562
17215,0.9798940058935983
17216,0.007537225494322483
17217,0.5724116944764183
17218,0.26232746239695726
17219,0.019358645847711416
17220,0.005387216087683007
17221,0.016230280143289925
17222,0.1772887445546168
17223,0.024231681439339087
17224,0.09587922535664818
17225,0.8508215861018337
17226,0.03875157526157338
17227,0.00872195877225886
17228,0.02828907686137457
17229,0.6296859702235871
17230,0.02374686944392136
17231,0.006713343422979039
17232,0.011091636033079659
17233,0.043225843626945974
17234,0.024309106455829104
17235,0.04304662006942138
17236,0.006892504984786134
17237,0.015607282153354328
17238,0.34342752118300834
17239,0.029508063854836706
17240,0.0041914506683188
17241,0.005944839471035556
17242,0.022771395734947183
17243,0.04996119860149809
17244,0.605656302306647
17245,0.02622639752704679
17246,0.014652203083225467
17247,0.007627569870248094
17248,0.02021134936479922
17249,0.02523078352478102
17250,0.8361320415084885
17251,0.39712527458786534
17252,0.10721052145207026
17253,0.07956414930197465
17254,0.15086066278158664
17255,0.020686680501320175
17256,0.01297868916313618
17257,0.9416548545772317
17258,0.36811980924070137
17259,0.9077887557446509
17260,0.12276031542096433
17261,0.06683280412257869
17262,0.12450390774276501
17263,0.011280916404725954
17264,0.4188430780557883
17265,0.006031997600577603
17266,0.0045308582123047845
17267,0.04626890265005529
17268,0.23639549310936764
17269,0.3339105724549256
17270,0.007055793410095417
17271,0.07527070586812724
17272,0.3668716261632082
17273,0.9093350864229487
17274,0.013408169702146266
17275,0.07679180133835307
17276,0.1540837449277041
17277,0.016672378387037456
17278,0.03455512243182391
17279,0.942715313158391
17280,0.027750244775233184
17281,0.022867883974317396
17282,0.0466787678510966
17283,0.844619526866744
17284,0.07226519467894166
17285,0.029291202516841423
17286,0.04168604959087552
17287,0.7273773068938236
17288,0.0036236989702779785
17289,0.14915599021610987
17290,0.004496168315785644
17291,0.009517120179211226
17292,0.23264882842551446
17293,0.6484700156318276
17294,0.8025046529529556
17295,0.03220050753387998
17296,0.0030947317758216273
17297,0.01928575091034411
17298,0.024648786344507956
17299,0.23575882067270096
17300,0.020958100651065594
17301,0.854787458095808
17302,0.032684901048623156
17303,0.06991109896637662
17304,0.10861659707533956
17305,0.007262950750011724
17306,0.24294097453696561
17307,0.043558588467178666
17308,0.009017385242021248
17309,0.9592636950472953
17310,0.17852892993080813
17311,0.11942787020570163
17312,0.8521421959737183
17313,0.9369407634227943
17314,0.004761784284809833
17315,0.5379921202738734
17316,0.1313385481476709
17317,0.009887455828987701
17318,0.028692824389888044
17319,0.03416509153229881
17320,0.9751669760925457
17321,0.14760025966695253
17322,0.04993658461646076
17323,0.9833053030682565
17324,0.027534858907730764
17325,0.008648488448719852
17326,0.09271385858148648
17327,0.008946454995531804
17328,0.5324810232947542
17329,0.007825616056064006
17330,0.00986953539241514
17331,0.0535952428068526
17332,0.19502635971417895
17333,0.39506518504246096
17334,0.3135798056139431
17335,0.07819724772173493
17336,0.035380190140441074
17337,0.20638987334358222
17338,0.015211227018367256
17339,0.033804485646989
17340,0.0585894334294123
17341,0.12646320253479754
17342,0.4798624467978431
17343,0.010705581794542299
17344,0.9517927196701275
17345,0.16419553285165409
17346,0.14781963128445458
17347,0.9160140463076295
17348,0.5241322774991668
17349,0.00701675166988157
17350,0.020815953017962477
17351,0.051904479413084015
17352,0.036356190375412656
17353,0.018222361202918
17354,0.12543347952042644
17355,0.23253357821495804
17356,0.8149378378942924
17357,0.05272236237293379
17358,0.005486906108213325
17359,0.07382720496979733
17360,0.09281839096219596
17361,0.07414437909041982
17362,0.20116201720069543
17363,0.994414832633822
17364,0.0352691767059471
17365,0.00852608957859809
17366,0.017184117864394395
17367,0.018483094694741346
17368,0.04575427799618752
17369,0.01133150225888902
17370,0.0023674411599803394
17371,0.9570458184668222
17372,0.02848163252621087
17373,0.014841873588762792
17374,0.0030372149137883734
17375,0.02593545310267604
17376,0.7090722978277676
17377,0.7360251785574423
17378,0.06155113920621209
17379,0.979230394746196
17380,0.01480763336515717
17381,0.0027507525788071532
17382,0.013040871666330627
17383,0.026546082747362795
17384,0.0078406698750722
17385,0.732680901054336
17386,0.0036703719744802126
17387,0.42818273975874405
17388,0.2072864065147518
17389,0.009476618360814133
17390,0.8984226821878051
17391,0.773733077487002
17392,0.1737110903722499
17393,0.2110371321701942
17394,0.793990211076426
17395,0.26013499438335447
17396,0.1310069939981712
17397,0.06357523049441528
17398,0.9449595684861184
17399,0.022111220986790588
17400,0.09283772060760165
17401,0.007445966396405606
17402,0.01731305860172344
17403,0.6706539366525236
17404,0.041958913148593076
17405,0.6317765866815732
17406,0.01113048935610773
17407,0.006161344370124162
17408,0.2587925851089401
17409,0.03449100551049959
17410,0.03200395857628604
17411,0.005286037391136494
17412,0.13059796181999583
17413,0.041072138014974044
17414,0.21696213282113272
17415,0.11451927436509322
17416,0.0048243928390264285
17417,0.05102113553748566
17418,0.6692003259441675
17419,0.3014012180682445
17420,0.008859599837811923
17421,0.8029740693943338
17422,0.03816629020758412
17423,0.017882263050704804
17424,0.40207177924528115
17425,0.008003484121765169
17426,0.15821641512146709
17427,0.009072711202216305
17428,0.02665222460488176
17429,0.15420306720755772
17430,0.013940832602620471
17431,0.05862361222798894
17432,0.10714776136788011
17433,0.980277113200164
17434,0.015479813575704302
17435,0.03019225075464777
17436,0.917206298275963
17437,0.8483658235376141
17438,0.032157700480970476
17439,0.003781055754866577
17440,0.06869140586744682
17441,0.0059627065616915075
17442,0.006902505766879754
17443,0.09760524096868604
17444,0.004747853614541787
17445,0.007707393177329163
17446,0.9583480953969982
17447,0.003958452264440311
17448,0.015417582852389769
17449,0.6485650717739834
17450,0.0224164672573932
17451,0.012162952400092939
17452,0.05796009129974181
17453,0.016915018362969818
17454,0.6780499322461963
17455,0.10427327226905887
17456,0.012083126690977159
17457,0.01643162053704643
17458,0.017031218336728802
17459,0.08531752383064849
17460,0.05199611867898242
17461,0.12475872325355798
17462,0.7205218940398229
17463,0.01244160510249587
17464,0.8461039139441863
17465,0.003040765719621277
17466,0.018418677827648257
17467,0.05447099888853049
17468,0.014199916321520343
17469,0.01110006615627784
17470,0.17422913972613266
17471,0.6715750950452998
17472,0.011098882487660935
17473,0.016887759633019122
17474,0.020371924197947974
17475,0.690144286429054
17476,0.007785767554185828
17477,0.05963912598488824
17478,0.01587007196945707
17479,0.08009769648130981
17480,0.005743558180397449
17481,0.00590431148679433
17482,0.036083390231650955
17483,0.4196543618925569
17484,0.08569290841263237
17485,0.008265345937200552
17486,0.17859662247472435
17487,0.010153547033785336
17488,0.006426673031379633
17489,0.9803953597113456
17490,0.3645382313487092
17491,0.03364955984164212
17492,0.029544632424360385
17493,0.007565370186336749
17494,0.004489989329303092
17495,0.024560414478947586
17496,0.011757166523473733
17497,0.23688560524094193
17498,0.01513454540750454
17499,0.6969280844580111
17500,0.0048445997612663536
17501,0.007041515950810393
17502,0.5627779978375708
17503,0.03994889195231213
17504,0.009167291962209867
17505,0.9732219449778344
17506,0.00781958811210939
17507,0.6398526753488466
17508,0.7630811295290156
17509,0.011370001247729062
17510,0.6728846129521288
17511,0.08900272345009991
17512,0.15342009094817327
17513,0.06444456296446227
17514,0.6697173289417762
17515,0.014839962608553964
17516,0.07511218797370799
17517,0.7092672131737808
17518,0.017319322818513685
17519,0.6430783350284798
17520,0.23296025371669646
17521,0.7513404888780681
17522,0.0062410252460040816
17523,0.0850319900964722
17524,0.011167999209735203
17525,0.052419086670721926
17526,0.0034520043878920547
17527,0.05308473475831162
17528,0.0071624526764683455
17529,0.9858593123413489
17530,0.1389648396784447
17531,0.007826384578639586
17532,0.977936161292251
17533,0.05968672393669348
17534,0.15712047440121807
17535,0.013326335740482764
17536,0.007916092459403562
17537,0.00521897252464151
17538,0.003908209736478922
17539,0.019621400432866868
17540,0.5187339129248977
17541,0.5030932429147703
17542,0.02123156666865762
17543,0.0285025319986871
17544,0.003454516061728206
17545,0.9457234748557158
17546,0.39059608784531513
17547,0.3821363764952314
17548,0.20899120605332788
17549,0.5988778591168152
17550,0.9846748570941534
17551,0.1777051937293926
17552,0.008074252806130024
17553,0.2709364529701231
17554,0.9062551353541027
17555,0.0819040789020919
17556,0.0222587105572023
17557,0.030640041618453143
17558,0.03652686983579909
17559,0.06269874258137413
17560,0.05550357759187118
17561,0.007508865449433122
17562,0.18571200025627144
17563,0.4577531375215811
17564,0.006799772713696201
17565,0.026021979991839986
17566,0.014800409092702532
17567,0.2716072826709682
17568,0.016263118788593385
17569,0.10099869394173151
17570,0.006451314347223481
17571,0.005824730038352134
17572,0.005474655073229466
17573,0.030551256947784895
17574,0.07688222965608907
17575,0.6822211459948059
17576,0.03356750738272774
17577,0.29526209894701094
17578,0.8419798885359058
17579,0.008285519787629548
17580,0.585005753713841
17581,0.4652159542665611
17582,0.009211994651695967
17583,0.005406774125307335
17584,0.026539449723704447
17585,0.02519573781707066
17586,0.02497733312491152
17587,0.032352472937133565
17588,0.010131239888255268
17589,0.04484679131826751
17590,0.10859407042558239
17591,0.473902683141748
17592,0.013478734998031455
17593,0.37140098775285474
17594,0.006857602415526847
17595,0.118601350871048
17596,0.014782649221658844
17597,0.07736812232593648
17598,0.293426867785481
17599,0.21953884443705424
17600,0.019056940380429654
17601,0.26150766689902644
17602,0.6022301823055815
17603,0.0993752920760829
17604,0.013265362290930982
17605,0.022132344914774216
17606,0.005765889760046961
17607,0.014715488529116314
17608,0.1124958045967554
17609,0.9777857234254389
17610,0.01988247533910513
17611,0.28709658783458036
17612,0.016601257614699126
17613,0.2914522176985545
17614,0.024795534391902543
17615,0.24353983228670756
17616,0.09230688269978878
17617,0.1284219015332572
17618,0.01610633555084709
17619,0.9613260214588158
17620,0.013214828682788515
17621,0.007116604893267174
17622,0.01054176811773116
17623,0.004043738860153698
17624,0.015156206703391087
17625,0.9550123040188899
17626,0.11649505766420229
17627,0.9688771897131239
17628,0.015677004380059343
17629,0.20647459191053935
17630,0.664395099741228
17631,0.00874653040919397
17632,0.9220149978786623
17633,0.012432142275756333
17634,0.5964890184693319
17635,0.026213148321713998
17636,0.04791405045635616
17637,0.976761384736105
17638,0.29119191743066153
17639,0.016180458237291286
17640,0.09772223767991815
17641,0.012406213147919527
17642,0.1657838764146787
17643,0.012515684253233761
17644,0.03346289529851886
17645,0.006898832204305344
17646,0.15984425328031374
17647,0.5130337455161847
17648,0.7801981832282407
17649,0.015993251147902184
17650,0.0063778885130599825
17651,0.1247754740005942
17652,0.9861023013546837
17653,0.023802386736104436
17654,0.13232417313594866
17655,0.06822836305626348
17656,0.00662141789662998
17657,0.03503724716398008
17658,0.02698379437518544
17659,0.8765736010832856
17660,0.01729147287432302
17661,0.08006753643481539
17662,0.09336133692748279
17663,0.10469307250802885
17664,0.09542331559123145
17665,0.03107519189232252
17666,0.04738681466747845
17667,0.1392498257068826
17668,0.019174013745677697
17669,0.035857154878206454
17670,0.006698851153304769
17671,0.002895984909591581
17672,0.030407290564867302
17673,0.011071042267682456
17674,0.004034611416701151
17675,0.27784217346653256
17676,0.7808356587134286
17677,0.010165189692510183
17678,0.01838347592583956
17679,0.007693728450779212
17680,0.01876488982480603
17681,0.1278222789142428
17682,0.6444047641719334
17683,0.02868069003782779
17684,0.9392378652658617
17685,0.02023158846522535
17686,0.06999887041623103
17687,0.04929537884855556
17688,0.016524682625420062
17689,0.014742373145399015
17690,0.004386101227972273
17691,0.009198278869702049
17692,0.08257578442140423
17693,0.2965848941921176
17694,0.009862291639560938
17695,0.9197045805188915
17696,0.038321757846036655
17697,0.006800057394401057
17698,0.22835614333766857
17699,0.0033004148996920698
17700,0.017512132039291486
17701,0.05162302029197063
17702,0.06359636464178449
17703,0.7349839418425954
17704,0.005032127466736716
17705,0.011967893373191832
17706,0.9678883128838217
17707,0.008417067544923785
17708,0.01013926328650036
17709,0.006326396491216063
17710,0.005451389463298583
17711,0.020455463387541655
17712,0.04378423072049535
17713,0.010770077580027388
17714,0.01563895833741237
17715,0.02086593189686935
17716,0.004257180820223997
17717,0.1723477040607958
17718,0.1590442445962147
17719,0.24163271913722184
17720,0.7935214923832331
17721,0.3204917648879997
17722,0.0036356115031267386
17723,0.008582920564567293
17724,0.025265403402326168
17725,0.7822083104070554
17726,0.8100884916529895
17727,0.44127750750284017
17728,0.10287252061155733
17729,0.04095154715219436
17730,0.5267714278255234
17731,0.36130890260769494
17732,0.0032824028777572387
17733,0.042075006273353886
17734,0.21420360022844834
17735,0.518034326701229
17736,0.00565984375045745
17737,0.020040742639993163
17738,0.572217559237639
17739,0.0033964198430783883
17740,0.07128527462604477
17741,0.034460336780518616
17742,0.07381368569123875
17743,0.015953428347107015
17744,0.04463451712694156
17745,0.007063779453266184
17746,0.10458298195221956
17747,0.2562279847360199
17748,0.0795295978892258
17749,0.005575200919156465
17750,0.011902553967126828
17751,0.009734811393426256
17752,0.05781956973873427
17753,0.43056206848765904
17754,0.10960838614076966
17755,0.007641824797152876
17756,0.25936760321754876
17757,0.44792185349203517
17758,0.014392107144501518
17759,0.15271801573794525
17760,0.29315364767529384
17761,0.06805030313872892
17762,0.023743535072530336
17763,0.02369645828356475
17764,0.08808391322078601
17765,0.8310496908548536
17766,0.207354359524147
17767,0.9387648005672777
17768,0.7216153600510379
17769,0.9800228968882226
17770,0.015447128083961554
17771,0.05699386101435647
17772,0.0679752405685843
17773,0.005781774817047392
17774,0.23511676907944623
17775,0.5651311674084237
17776,0.247471563117734
17777,0.007959879057061135
17778,0.00458981291058504
17779,0.6553396817783537
17780,0.00988848633080237
17781,0.7043227362457825
17782,0.030558006112619298
17783,0.009095780879227465
17784,0.03720761323105369
17785,0.005394773984486235
17786,0.09832900235042906
17787,0.9256517091089295
17788,0.02740018901026101
17789,0.07405274079862172
17790,0.04605501905167145
17791,0.028075898179964524
17792,0.03216120026449712
17793,0.4735508175323666
17794,0.009476554379818225
17795,0.015618057200579197
17796,0.028034320814875634
17797,0.9135260060983906
17798,0.7537312831738378
17799,0.006409328429015695
17800,0.10024584993063158
17801,0.16997928732848272
17802,0.01328297042648612
17803,0.050940890105405895
17804,0.007367290883620674
17805,0.0449243650631559
17806,0.8490493017642391
17807,0.02241234950773596
17808,0.004489324751277655
17809,0.6757889810751818
17810,0.005700797567319541
17811,0.9960136585805197
17812,0.0232331332280016
17813,0.015692915883474982
17814,0.03209266876388009
17815,0.21953315446041236
17816,0.2159622869766034
17817,0.008023656022729116
17818,0.00637207362093431
17819,0.5959046360577864
17820,0.12113787888198504
17821,0.28455252074282217
17822,0.003447733111398956
17823,0.8402808586843911
17824,0.005739879204699373
17825,0.0731487607557542
17826,0.03180862188258404
17827,0.04618193315642859
17828,0.014002829383173125
17829,0.012245436830293126
17830,0.264230087273247
17831,0.10635395221009974
17832,0.005739879204699373
17833,0.6466070428764292
17834,0.0036730973678051086
17835,0.7769637512044203
17836,0.031114436867401448
17837,0.1841506102272686
17838,0.9048862841773035
17839,0.19489033548266962
17840,0.012189433723900266
17841,0.2809734442000795
17842,0.0228716198913955
17843,0.0814786135447219
17844,0.1471662333730344
17845,0.45332787274084596
17846,0.008729647808953654
17847,0.023819455725954845
17848,0.03216949851869782
17849,0.9841698331560856
17850,0.6073781207797595
17851,0.04595081461089234
17852,0.004044142874442892
17853,0.020773332261073096
17854,0.04338340612573863
17855,0.019162417939520286
17856,0.6920280955906326
17857,0.23318847115997288
17858,0.030146121133506253
17859,0.022322267077117344
17860,0.6881646926119317
17861,0.09934165918534531
17862,0.9527887931114948
17863,0.035601548640879
17864,0.01261687313856755
17865,0.8874968169775438
17866,0.04415910866021484
17867,0.8275857145026845
17868,0.01581879644422239
17869,0.004676273242687223
17870,0.03551607625870518
17871,0.023640614959138405
17872,0.010494616422819104
17873,0.015538298468935707
17874,0.2104158378717338
17875,0.030989177821051036
17876,0.11816760265477495
17877,0.45987049906469707
17878,0.01671986407105222
17879,0.010648345627860283
17880,0.004201611488109032
17881,0.010905693231435877
17882,0.07704132849498889
17883,0.11828366211277323
17884,0.0645661522096915
17885,0.3098746352979568
17886,0.09703330282317563
17887,0.012179886621652106
17888,0.810430443536704
17889,0.9751141030441818
17890,0.02090625143916821
17891,0.003094653238773146
17892,0.7278883287735984
17893,0.9614512959141621
17894,0.5401326112507127
17895,0.2511714605859212
17896,0.28246143423235986
17897,0.14050951381644472
17898,0.28761823755549876
17899,0.007995764728967148
17900,0.020922393760930694
17901,0.02683284023204004
17902,0.03765043790505517
17903,0.007635441281486561
17904,0.1452000992775283
17905,0.900877994753373
17906,0.003741810225472445
17907,0.009158595977982721
17908,0.9289110303358402
17909,0.030457558449973585
17910,0.06359337968198142
17911,0.3500212216873542
17912,0.6971374166471859
17913,0.011036041113696674
17914,0.7141881948661909
17915,0.015094392776702902
17916,0.01559533555133761
17917,0.02746139671974235
17918,0.01658899439244195
17919,0.007820080593632213
17920,0.020076518468461493
17921,0.09648590759863854
17922,0.1813630976281221
17923,0.00584371531200602
17924,0.21409497048688278
17925,0.024215742815640005
17926,0.010364660039840419
17927,0.00517906569200681
17928,0.05864329678574923
17929,0.04406103565461876
17930,0.7635647458768102
17931,0.5199566494654622
17932,0.7113708721005989
17933,0.014360547035638261
17934,0.00432937727863869
17935,0.37160253181306385
17936,0.004873472958729789
17937,0.6791821762637137
17938,0.02163046448652191
17939,0.0832200438789866
17940,0.07460903839129916
17941,0.1424886001935023
17942,0.005927551614017205
17943,0.17713612737933077
17944,0.9181452410808355
17945,0.5726832613316674
17946,0.0044947065973041135
17947,0.2797093286609289
17948,0.2489291602889306
17949,0.002691429898625385
17950,0.007581289092395666
17951,0.07111902449733072
17952,0.004204418625118198
17953,0.743287060720554
17954,0.05971634668609328
17955,0.011794339860556773
17956,0.007302845592156851
17957,0.01439164812986829
17958,0.19714828878212895
17959,0.9478926682026023
17960,0.9948517535528258
17961,0.004636112422758005
17962,0.013671714903395613
17963,0.5879661448180677
17964,0.015064650778845168
17965,0.006309282162092463
17966,0.212005008561158
17967,0.046340209742188034
17968,0.020628044475997556
17969,0.0114465265326367
17970,0.1483500592188748
17971,0.008309420115784224
17972,0.16317498042667547
17973,0.030411142678443977
17974,0.020516249407954906
17975,0.04275868011720719
17976,0.013442799581983491
17977,0.03360194825598703
17978,0.021300549025275124
17979,0.021798653321010098
17980,0.008690618403794186
17981,0.7277723530933933
17982,0.006971909325832788
17983,0.013020771950049758
17984,0.023089485962700693
17985,0.14527681109611154
17986,0.013473308285727126
17987,0.01940653802275998
17988,0.02520504952970769
17989,0.005336941069325164
17990,0.005621890483988737
17991,0.003045401177951533
17992,0.03209228980798737
17993,0.17694834358641257
17994,0.0059796400870386415
17995,0.019882247457045293
17996,0.11756779384093811
17997,0.08865497265883494
17998,0.00531406138369868
17999,0.8688386696618428
18000,0.0033392230170511353
18001,0.8485018998659226
18002,0.11974199312530678
18003,0.022757592447159802
18004,0.01596930922791783
18005,0.14439490769528393
18006,0.14758849563533777
18007,0.0053527829832199034
18008,0.06180523871846295
18009,0.006066470939095906
18010,0.0916996645951914
18011,0.01618148359124914
18012,0.0327746841471087
18013,0.07697282912901345
18014,0.021327146231721873
18015,0.017986937355481906
18016,0.016628737359221074
18017,0.009555393056714209
18018,0.06247020730422448
18019,0.17765212128470373
18020,0.004269053545543746
18021,0.5969809160216344
18022,0.13433100217070487
18023,0.12514702960521717
18024,0.913676076469838
18025,0.02523663130935109
18026,0.22152976746953482
18027,0.046043604667218734
18028,0.049515673799936585
18029,0.9420736008001028
18030,0.01512419018186031
18031,0.03693840894199487
18032,0.008950567111010752
18033,0.1529631618075183
18034,0.030232705005949406
18035,0.14124179042618698
18036,0.035526084898211685
18037,0.021598756537398466
18038,0.008492081116007284
18039,0.16360285771392682
18040,0.16488633409942605
18041,0.09803666791832168
18042,0.9382286770661762
18043,0.038567569506278765
18044,0.0277118585668965
18045,0.007457493576082577
18046,0.05354979127832214
18047,0.015186807986220586
18048,0.012414661196426589
18049,0.021175252451281816
18050,0.283478366873163
18051,0.10170703037760939
18052,0.009816143514569444
18053,0.8629637008304237
18054,0.05356317666623274
18055,0.3137836560888444
18056,0.007410702351094322
18057,0.03659932745566227
18058,0.013151789553260141
18059,0.08695571297781043
18060,0.3410619548667814
18061,0.02795998154156391
18062,0.03591192000904868
18063,0.08395602607225316
18064,0.039981949724329446
18065,0.8487395893037298
18066,0.023323116336246372
18067,0.3374070121936656
18068,0.005942606771416519
18069,0.011221211177788185
18070,0.08728883836258577
18071,0.03898864748333806
18072,0.8866842510699543
18073,0.9188932852534888
18074,0.004550937170284433
18075,0.012445639397782711
18076,0.006217920147185872
18077,0.030869937041488764
18078,0.015130832618116145
18079,0.016510682018270214
18080,0.006505504964118514
18081,0.10057289395410085
18082,0.04404628592583294
18083,0.0033389188966031756
18084,0.2611138207533817
18085,0.04699353166386385
18086,0.9756464312936276
18087,0.32492200837524815
18088,0.6888719804313472
18089,0.009754300259650829
18090,0.007454590111809301
18091,0.9403970481783662
18092,0.6019900101378987
18093,0.09348606706162925
18094,0.5763250960234845
18095,0.03867045279751268
18096,0.027596156377196
18097,0.0031068095518872697
18098,0.006395545648076985
18099,0.05355695394490618
18100,0.5460348555921773
18101,0.9001838951989818
18102,0.006508531573982396
18103,0.06989746975024964
18104,0.02147475514821774
18105,0.006460471236491957
18106,0.5415288633942574
18107,0.0068356581576988675
18108,0.016222234657165976
18109,0.31254610765176416
18110,0.09765227101459995
18111,0.117739552865692
18112,0.14968729757151053
18113,0.0030777441559567123
18114,0.016106913232016788
18115,0.07700715367640024
18116,0.00497565463590637
18117,0.013829456057957374
18118,0.020414582881085077
18119,0.017870832025506572
18120,0.014291160079072706
18121,0.009241184797908527
18122,0.01969353244057199
18123,0.03570323329104524
18124,0.15991414101122883
18125,0.05831915234668564
18126,0.07540798459671828
18127,0.4107457633599704
18128,0.01109848641462017
18129,0.0033995969675420404
18130,0.41445205012047515
18131,0.005576027083004819
18132,0.014997801680742663
18133,0.007965634691801214
18134,0.0037009408385294605
18135,0.022710797469544877
18136,0.8667083886001237
18137,0.8916657557087566
18138,0.0668874990147674
18139,0.03818698597001982
18140,0.0958733792452815
18141,0.007531930370235668
18142,0.00487395728903802
18143,0.9870686421699517
18144,0.014023511158307427
18145,0.016357683780372077
18146,0.2774237513112736
18147,0.016709664984680843
18148,0.4440431774462065
18149,0.006390436456944884
18150,0.007732381599883937
18151,0.061853817732064865
18152,0.010795962507431324
18153,0.007023795688924346
18154,0.021793123205839565
18155,0.7413140277130065
18156,0.0035952397578879994
18157,0.2602243393928164
18158,0.8813835165706154
18159,0.03371763831670344
18160,0.6690143438331332
18161,0.027979937098510713
18162,0.0510488522669237
18163,0.010705581794542299
18164,0.46078718601795304
18165,0.08500771987742747
18166,0.07299422141202445
18167,0.797735380485676
18168,0.4724755252418493
18169,0.01864161809422137
18170,0.9404758665013544
18171,0.9818419745868786
18172,0.0919281803211329
18173,0.007592362300846234
18174,0.07062878087879454
18175,0.0255433685361906
18176,0.9253648485321332
18177,0.7797915985387771
18178,0.1256601842233801
18179,0.09717540475835636
18180,0.9959850755991221
18181,0.31160383351050924
18182,0.0033743018148368865
18183,0.1373331684923259
18184,0.018404861343251176
18185,0.23185930448728242
18186,0.003476104839218682
18187,0.03176550269866135
18188,0.9355387572633876
18189,0.11822112621854143
18190,0.9269079251285032
18191,0.020109513449324695
18192,0.9098226844351571
18193,0.010126750135720659
18194,0.006827767483520481
18195,0.9642730137649975
18196,0.012155790311126142
18197,0.012735430301456439
18198,0.7163929914326174
18199,0.015474789241053041
18200,0.3736765072720288
18201,0.5194846122322939
18202,0.4531378159717006
18203,0.3633721694446304
18204,0.043465864333506146
18205,0.022496872899396243
18206,0.1395867252862385
18207,0.09479689046192634
18208,0.01827479815550711
18209,0.009830021491958395
18210,0.016009572405265106
18211,0.1300720709095017
18212,0.015787739693480966
18213,0.18446436235868283
18214,0.9508039972606919
18215,0.01859453446380932
18216,0.413880089465628
18217,0.6018294484001403
18218,0.12676306517047983
18219,0.02338171826505623
18220,0.5813381933043253
18221,0.13475628574956222
18222,0.009148262175689249
18223,0.3854308300889256
18224,0.7797661441663605
18225,0.013896623546114567
18226,0.7172751086608684
18227,0.01690126615243372
18228,0.005778907026015272
18229,0.5042947010750275
18230,0.007127464515717357
18231,0.9089475106253133
18232,0.8787738989986846
18233,0.3892089989090367
18234,0.8270730570368079
18235,0.8437772302728225
18236,0.017506948718470545
18237,0.3578464706897119
18238,0.020299535004280538
18239,0.08237431299489449
18240,0.13889010523860376
18241,0.5821327977993108
18242,0.01235310813729397
18243,0.07012478534574587
18244,0.8019814099983467
18245,0.08952890984055027
18246,0.048108371513289123
18247,0.1171227697226611
18248,0.27739843046288126
18249,0.03565622300007576
18250,0.0077313570727295345
18251,0.01990640122193954
18252,0.011664382973908103
18253,0.8274104543668351
18254,0.3612444598012671
18255,0.8523364246193066
18256,0.008237859645173587
18257,0.003323191662265901
18258,0.2196433010175016
18259,0.008585810574263634
18260,0.006853725432530404
18261,0.004548674351991131
18262,0.019828827120100465
18263,0.1860511065901865
18264,0.014270163117957861
18265,0.4355679875503022
18266,0.41586326605273555
18267,0.7024616715993353
18268,0.005306913378756383
18269,0.9850070410035692
18270,0.12811516758626112
18271,0.03557266317562724
18272,0.4280240731062426
18273,0.013963707675439354
18274,0.017240775065241704
18275,0.009906430923214781
18276,0.730979717285916
18277,0.014998095322353184
18278,0.01665325555696193
18279,0.009548504676668871
18280,0.03306749193542224
18281,0.04204092430526453
18282,0.022414421615540057
18283,0.19287226644647812
18284,0.05376975164115006
18285,0.007803598491194444
18286,0.07184912516489327
18287,0.013668708852278302
18288,0.022684571918833975
18289,0.3065230736739581
18290,0.012070487166362706
18291,0.004902936682436049
18292,0.05823474582967375
18293,0.042743090394357273
18294,0.01583492874202877
18295,0.18240264130032088
18296,0.9041241284952378
18297,0.006549964141340195
18298,0.028684478531056056
18299,0.13532323468461047
18300,0.12391135640535968
18301,0.0060265736396764155
18302,0.7854707062728633
18303,0.04565873453103927
18304,0.012874568227873012
18305,0.6630841882175811
18306,0.0374547114341338
18307,0.04499109674994131
18308,0.9466961030154555
18309,0.013980140679778607
18310,0.04613038143168225
18311,0.09791762919068266
18312,0.010008022269673893
18313,0.01968623732651641
18314,0.043516341815640396
18315,0.024003947823837052
18316,0.019252175045494514
18317,0.05068649645396666
18318,0.006082400304895772
18319,0.007047196457787174
18320,0.07088362246683629
18321,0.31552010789655094
18322,0.7148368372791184
18323,0.025166203128074067
18324,0.8286929862763377
18325,0.9741517017893637
18326,0.1577953733617713
18327,0.026766067555249854
18328,0.032715246326050836
18329,0.11075477510341175
18330,0.023907937245618575
18331,0.2563751438769097
18332,0.013293427698330789
18333,0.038412579801663176
18334,0.0038332325073418654
18335,0.031673721150467425
18336,0.05565429503468853
18337,0.7872265564998107
18338,0.017161162673875026
18339,0.008397877901184805
18340,0.0783850715485384
18341,0.03164124234791995
18342,0.046867712653691704
18343,0.015538298468935707
18344,0.9906364522080122
18345,0.8739273851381745
18346,0.050005480879197844
18347,0.017911491727999662
18348,0.006965552603953519
18349,0.02729273311168756
18350,0.7144666989535087
18351,0.0037334756593772524
18352,0.10141033871562367
18353,0.032912351835120826
18354,0.013739799917223357
18355,0.0077297476400824666
18356,0.031229401256222235
18357,0.8101780661835036
18358,0.12028410023494439
18359,0.018191384471075066
18360,0.018948746924459737
18361,0.9150577478022203
18362,0.02045409600932973
18363,0.00612223282798083
18364,0.61467857504706
18365,0.8689523131613489
18366,0.6495436174224074
18367,0.0067638372364326495
18368,0.007306034786442988
18369,0.01846606981535972
18370,0.15307520532851243
18371,0.8036973996627138
18372,0.015456180212340511
18373,0.08047789920562265
18374,0.012503744487146716
18375,0.24116827692904802
18376,0.1063810382660079
18377,0.007449601578520644
18378,0.1908932203241707
18379,0.008586740633254108
18380,0.5185496005200888
18381,0.9863834034858332
18382,0.4252706689894168
18383,0.1646133733113535
18384,0.009618405252946254
18385,0.003767055867347809
18386,0.9441751093777132
18387,0.8429090884558063
18388,0.19698514605350154
18389,0.014285270395465972
18390,0.3089702104238861
18391,0.34446919688903543
18392,0.09453984741893552
18393,0.38208681008120027
18394,0.044766439947928
18395,0.3993839716656867
18396,0.8070610118820902
18397,0.004012457490713901
18398,0.9615964888408541
18399,0.36418933868941555
18400,0.11840234315412643
18401,0.0027499277208851893
18402,0.3433901112945635
18403,0.592544729197373
18404,0.01556570521967009
18405,0.11043512805382596
18406,0.7849230214392078
18407,0.037670351134545386
18408,0.8162048722721921
18409,0.0150272985680031
18410,0.015738628412452438
18411,0.015219310349184747
18412,0.009808425982033882
18413,0.9422129368192227
18414,0.06801000004558173
18415,0.008612084618311006
18416,0.11833027403446157
18417,0.00465732181434614
18418,0.9614793256376467
18419,0.3778447860184767
18420,0.00646461354047954
18421,0.887124504665293
18422,0.009249918590205648
18423,0.1028578207108535
18424,0.4043251458517605
18425,0.971823610519332
18426,0.06974735650278002
18427,0.68991755540231
18428,0.0032155819658397115
18429,0.10891783872754315
18430,0.8746421858834373
18431,0.0110778871210584
18432,0.0042040394026374855
18433,0.024615834077958636
18434,0.01167348304189998
18435,0.20170074673356614
18436,0.28982595506015296
18437,0.010327372006307955
18438,0.09135858035005175
18439,0.024282012712086198
18440,0.11810267979129492
18441,0.15358634466220325
18442,0.041750908322463795
18443,0.02566456463760473
18444,0.12523400831791234
18445,0.8458088553414684
18446,0.8496341986385914
18447,0.005470003419218183
18448,0.7290024984538043
18449,0.011469511752813424
18450,0.0740709165998857
18451,0.008152643774971288
18452,0.9104461668198953
18453,0.03749424541418037
18454,0.9007200006560934
18455,0.35844589880785516
18456,0.031644162318147144
18457,0.04661034644732055
18458,0.8736582199618942
18459,0.6654117654967213
18460,0.042426052732553524
18461,0.22450061915691097
18462,0.041182813491815184
18463,0.01293899103648599
18464,0.0037805362655263016
18465,0.004804378031324477
18466,0.025846826152452027
18467,0.07290567925507907
18468,0.398741007054211
18469,0.007270518162563507
18470,0.4261581505005303
18471,0.9378506751038722
18472,0.006372855739068659
18473,0.033990261493602104
18474,0.00416524583499261
18475,0.034319900249904486
18476,0.1314608601163183
18477,0.0069704980865301705
18478,0.9784505971201999
18479,0.026617941068424775
18480,0.9360132141998998
18481,0.01275116122466292
18482,0.7428506624356958
18483,0.01675665352897566
18484,0.060965156666394335
18485,0.9567640723391688
18486,0.06343519649096928
18487,0.017871126693124503
18488,0.9191802178360415
18489,0.012416335055488802
18490,0.009480740117594654
18491,0.005623343740477176
18492,0.7946511415804964
18493,0.252074708461719
18494,0.42374121803347636
18495,0.9100498246557459
18496,0.14043387791839293
18497,0.029462946459927773
18498,0.7882074885402627
18499,0.0034366950872724822
18500,0.3197617991355903
18501,0.7175881364140978
18502,0.02982722096715133
18503,0.012379946459387909
18504,0.017023138717426146
18505,0.013370344634783518
18506,0.03352390513127165
18507,0.03800722568728876
18508,0.016383889641303214
18509,0.007381526187939251
18510,0.269074386463866
18511,0.007828127766804424
18512,0.026927129558509712
18513,0.7965593045982409
18514,0.0026864730435234587
18515,0.08926571346725266
18516,0.058307188497038066
18517,0.0028565267868793077
18518,0.024474624472710316
18519,0.025561276242957103
18520,0.006005630557650847
18521,0.029857966813655375
18522,0.014584932040555533
18523,0.0087955239629917
18524,0.029194156372329513
18525,0.02113476731466273
18526,0.21410101830308823
18527,0.9870045599230235
18528,0.016795619422457126
18529,0.008137341247026579
18530,0.006492232379481645
18531,0.015039017316616232
18532,0.08683821967114543
18533,0.005770569321210988
18534,0.3052861965068147
18535,0.012640432486259226
18536,0.003795726444161595
18537,0.7405160007188342
18538,0.3307654427758479
18539,0.027750058429535162
18540,0.19796839858411827
18541,0.01878006612730199
18542,0.2829891246241032
18543,0.011287020888617614
18544,0.2239406712645433
18545,0.02432825614409654
18546,0.0795919373827907
18547,0.1282094946350354
18548,0.8549583597929652
18549,0.9655488533109331
18550,0.9732940815806057
18551,0.07224872028837849
18552,0.7758849278706762
18553,0.6360790453820155
18554,0.12234881403470113
18555,0.06248682581012533
18556,0.0033068559599725264
18557,0.016573456995788965
18558,0.03767907082715573
18559,0.8328830361956797
18560,0.18561694503534432
18561,0.015103113430149796
18562,0.4997313096030873
18563,0.012567317975491946
18564,0.7805524707077418
18565,0.006252767491092749
18566,0.01357005312863737
18567,0.024477282208420725
18568,0.01153401722834096
18569,0.007749905438005911
18570,0.4127591741662788
18571,0.008755574275470796
18572,0.0034801591105457262
18573,0.012186806117560253
18574,0.13278154556145902
18575,0.0915376365339662
18576,0.012057904823821505
18577,0.04212422857049271
18578,0.010818006290035808
18579,0.10249000912214402
18580,0.06712775282871276
18581,0.01317823336692957
18582,0.10093527785093934
18583,0.02131520914893376
18584,0.28909527023461984
18585,0.037051843484215544
18586,0.07676591718041674
18587,0.012367584994215742
18588,0.48419342580305663
18589,0.046807159100567236
18590,0.014656428686626026
18591,0.38595531412787715
18592,0.4385970176189624
18593,0.06784870534384975
18594,0.0386833995169939
18595,0.9756759656179615
18596,0.18617586778041761
18597,0.13231867556014928
18598,0.7331003069453448
18599,0.3842064534439016
18600,0.6320905612986301
18601,0.007759116931372951
18602,0.00489887679644507
18603,0.010019441483565584
18604,0.7169066251441463
18605,0.016787136952060203
18606,0.08100464445653532
18607,0.09453285109367891
18608,0.7449523567359717
18609,0.25334026996273307
18610,0.2146465099670338
18611,0.0059452857122383055
18612,0.027898652478873208
18613,0.9463424298594081
18614,0.011268276696911946
18615,0.6779672697059032
18616,0.005632771703587888
18617,0.9133319622206232
18618,0.05968499431216509
18619,0.007710386847727621
18620,0.03017870108157284
18621,0.005319043367307928
18622,0.04939383839984365
18623,0.050373507536306386
18624,0.032882032174697574
18625,0.012723774366609224
18626,0.003228342035395575
18627,0.24013044628811872
18628,0.0058607784896292665
18629,0.035940201138050715
18630,0.06978994796375194
18631,0.8441638395773108
18632,0.017874564518692595
18633,0.018407758917114717
18634,0.6029913364877193
18635,0.005895602035169391
18636,0.19945541218280594
18637,0.3552382429281748
18638,0.01331211970052019
18639,0.1539132919199393
18640,0.22500912432700795
18641,0.012408359894888926
18642,0.39060978442570315
18643,0.01874829451776345
18644,0.008404615434924198
18645,0.007588420665972684
18646,0.21478232558366353
18647,0.011757860671336632
18648,0.0600656623073258
18649,0.00926956419185944
18650,0.1123593790396939
18651,0.03339649835397788
18652,0.0082804954508778
18653,0.009258479008109785
18654,0.2211414566295234
18655,0.05059304785006238
18656,0.045576003767008696
18657,0.0071480157263928154
18658,0.058677009255756744
18659,0.13234081127054587
18660,0.007443310571236536
18661,0.011848434468645567
18662,0.01010302142923195
18663,0.12201634049531948
18664,0.01815051402975799
18665,0.1161593842627226
18666,0.26525545878492524
18667,0.0297835248242944
18668,0.022974199097822542
18669,0.017220370833359287
18670,0.14995332682368734
18671,0.007957340532892827
18672,0.965263735462912
18673,0.653145715805374
18674,0.009482101245604117
18675,0.6592998923488009
18676,0.006634735142956933
18677,0.008187441833863407
18678,0.029448448442789984
18679,0.033286686399579914
18680,0.4063076001909241
18681,0.2144268794210513
18682,0.09762026992494821
18683,0.059894663222801375
18684,0.9706165973486048
18685,0.004269053545543746
18686,0.140694964744337
18687,0.9167659269148398
18688,0.0251142847018027
18689,0.11272071037120492
18690,0.005540018666369935
18691,0.0666523871882498
18692,0.058099455629951585
18693,0.5292828569945786
18694,0.07518826046628761
18695,0.98914310291183
18696,0.30854041889845263
18697,0.576797632521402
18698,0.8235097946805096
18699,0.009089470399696587
18700,0.003443184375984672
18701,0.034327219387471755
18702,0.21032613829994476
18703,0.005734306669923848
18704,0.5520765264557265
18705,0.05689978458466056
18706,0.02993804976772228
18707,0.15877989528578476
18708,0.01881701940767087
18709,0.7922545771959313
18710,0.035630450751507364
18711,0.03266880239076501
18712,0.01603955646086603
18713,0.007640392760403476
18714,0.14369510082952033
18715,0.0038514676251650325
18716,0.4675281915590491
18717,0.05408350263925902
18718,0.014436695711237655
18719,0.0085151291398109
18720,0.10828881759420003
18721,0.07875522427598702
18722,0.00524548261435643
18723,0.7491170265604148
18724,0.6840744914948863
18725,0.9160946729449195
18726,0.19033212289525578
18727,0.013395697398690693
18728,0.345144186549288
18729,0.6539885221003173
18730,0.016853141490174844
18731,0.9554439911340527
18732,0.01108371492222279
18733,0.972421054762944
18734,0.011950031465226862
18735,0.16421789189853503
18736,0.08073476207639341
18737,0.18209884190206785
18738,0.09697909223621452
18739,0.0057575914407558566
18740,0.01282602302790618
18741,0.005007003541407358
18742,0.40744790520668994
18743,0.1279687753353564
18744,0.0030196037450624467
18745,0.011990967160566881
18746,0.1845835418674812
18747,0.3265693022976869
18748,0.9791855014231948
18749,0.10405126531779749
18750,0.011543732398843487
18751,0.10762369070486326
18752,0.0032229247424897635
18753,0.25730185237162156
18754,0.03302762025139763
18755,0.0036723282797700907
18756,0.17222418275116178
18757,0.021952983245275014
18758,0.097073569142658
18759,0.5341013816686787
18760,0.011651946910810864
18761,0.01678067380885903
18762,0.3004808793733132
18763,0.6254593109057722
18764,0.010558492842234922
18765,0.046566238620550496
18766,0.11788345593762378
18767,0.06322613336785024
18768,0.032414595778384486
18769,0.007280054963611751
18770,0.004685360293747307
18771,0.0070669870979175545
18772,0.03691545517221233
18773,0.05813954105001478
18774,0.09375664460313657
18775,0.005274629249855471
18776,0.004802615831143001
18777,0.01962903012198435
18778,0.008047222262446554
18779,0.0028007692074624693
18780,0.047353761404561
18781,0.019556657082164322
18782,0.009832345206066082
18783,0.6030981240755846
18784,0.790028144256151
18785,0.04541795038250105
18786,0.016763087074664014
18787,0.020455463387541655
18788,0.3565015872409929
18789,0.2965942267606212
18790,0.7447576457962282
18791,0.004285330222882947
18792,0.031252755103436586
18793,0.014436846910303797
18794,0.009465293922804546
18795,0.27585303821862983
18796,0.03595891047775823
18797,0.014141687065304243
18798,0.016955770459908575
18799,0.012490406120889155
18800,0.008417007931803482
18801,0.009192994911250394
18802,0.6936926361267775
18803,0.02068211644926106
18804,0.022453062204465114
18805,0.11040340673214047
18806,0.0421866165052358
18807,0.06566237197450504
18808,0.369821868905961
18809,0.01664917873949339
18810,0.13331540926945087
18811,0.019355051997060946
18812,0.008934039118310847
18813,0.023110994112908463
18814,0.03811051491374065
18815,0.014759794644209998
18816,0.016209129668230383
18817,0.010659869955823638
18818,0.07632526065018307
18819,0.017292024665563278
18820,0.22847147167487739
18821,0.8958936422467678
18822,0.043184215112780415
18823,0.0770241279006737
18824,0.9366365490503976
18825,0.036809796997351873
18826,0.5364199145556258
18827,0.6794412450149087
18828,0.027291779370170875
18829,0.005401058530427314
18830,0.18328087287186104
18831,0.9193078920148702
18832,0.8368139872157858
18833,0.014105269296785482
18834,0.6504272873732866
18835,0.1768415367460131
18836,0.6550372191575792
18837,0.20494307911887705
18838,0.10515382662239332
18839,0.09905400320166853
18840,0.008783473113711485
18841,0.005009126462222993
18842,0.022619656382543665
18843,0.00851031580801343
18844,0.12236907539822492
18845,0.11256880293345546
18846,0.018976913035806557
18847,0.6482474858821868
18848,0.024355418134709338
18849,0.011836682758757256
18850,0.8570980639530793
18851,0.018164998354640714
18852,0.1660305211625751
18853,0.9938665913867926
18854,0.10242861962838404
18855,0.05778529405690969
18856,0.04295686585869649
18857,0.1551893607650104
18858,0.005924574560988899
18859,0.017965251746475345
18860,0.7737948267784256
18861,0.006606695265983088
18862,0.009928818335361522
18863,0.07943612847655196
18864,0.14932618543518308
18865,0.009175949652991325
18866,0.039079560472715866
18867,0.010768775767925395
18868,0.01752042211727782
18869,0.031017983966518205
18870,0.07162485279945757
18871,0.01707012306846301
18872,0.8587476960008724
18873,0.44193594571836864
18874,0.01745269022833357
18875,0.021361820401653304
18876,0.974441440564349
18877,0.007213362894540998
18878,0.579803367824965
18879,0.11574074025387313
18880,0.6704810113173949
18881,0.09333630004078718
18882,0.20889218513751143
18883,0.19294977994050452
18884,0.9306674953108409
18885,0.8744149633869776
18886,0.9780145055862607
18887,0.010165087600568954
18888,0.02242508793360386
18889,0.027513979538695187
18890,0.32566263983268895
18891,0.005172413879867258
18892,0.007717211584629235
18893,0.012723774366609224
18894,0.04647947734578539
18895,0.3297065943518481
18896,0.512166990600369
18897,0.048844490128234955
18898,0.015464430697421214
18899,0.060904622384632956
18900,0.030048973188694324
18901,0.15646996112614767
18902,0.007280981253597506
18903,0.00882736173816133
18904,0.0199556993830869
18905,0.010420556976678225
18906,0.0757462576512049
18907,0.011743895347763196
18908,0.007904236624569365
18909,0.7373377646155402
18910,0.19990533942481273
18911,0.19591413661945703
18912,0.643656602647259
18913,0.09521943476834945
18914,0.24027079484030944
18915,0.07212129969065391
18916,0.7824970795352013
18917,0.005941912689486557
18918,0.9838094024359743
18919,0.4208210322508092
18920,0.19041350643878477
18921,0.18537111832553274
18922,0.4864320852060241
18923,0.9462966362824611
18924,0.01631802436147828
18925,0.6126840352840589
18926,0.03134601563195778
18927,0.03122816398626495
18928,0.14110698843099825
18929,0.01140522143081236
18930,0.10276003587980576
18931,0.9415306289790892
18932,0.05820423010883846
18933,0.816120991059343
18934,0.04260104788868892
18935,0.36122984705045746
18936,0.007046896731292566
18937,0.011430933903153839
18938,0.2592026023244863
18939,0.8130676009493211
18940,0.014754056902838111
18941,0.02292568015130908
18942,0.024533611654338268
18943,0.003562645000522194
18944,0.8844405426709806
18945,0.11167396864335533
18946,0.01304389139331137
18947,0.0034105712529898134
18948,0.010898288282921633
18949,0.009490242411275664
18950,0.36205767814899803
18951,0.8948142782037404
18952,0.37851061968556926
18953,0.00719110356828988
18954,0.002929183489070074
18955,0.12473966555885233
18956,0.9455889594177284
18957,0.007512033453648497
18958,0.02020568858255497
18959,0.0037892203829087783
18960,0.021745143427324955
18961,0.015599855162410685
18962,0.007529932443960751
18963,0.18151424863662585
18964,0.0051854115092200195
18965,0.8521171971173988
18966,0.10354755050593074
18967,0.8266381587544834
18968,0.9171774561338337
18969,0.15086066278158664
18970,0.8046020158984952
18971,0.007015616806983125
18972,0.039087830810152165
18973,0.02700223660223552
18974,0.0400106556964161
18975,0.010663522684534221
18976,0.013330696290908056
18977,0.0658529107140067
18978,0.28774425606502546
18979,0.016905894661123792
18980,0.7277114522448062
18981,0.1442326478569054
18982,0.44675380623197636
18983,0.06031006922910909
18984,0.016592878760096557
18985,0.006165116288562096
18986,0.9723075210679321
18987,0.0053730620830250665
18988,0.004766837340701612
18989,0.10367836774230739
18990,0.3146161297866068
18991,0.008485893854684005
18992,0.9423401706885445
18993,0.013690233302746142
18994,0.12234499980922628
18995,0.2462292460262413
18996,0.7538317877899223
18997,0.7908189491411856
18998,0.1134021129334851
18999,0.08306905123275585
19000,0.09042809789544207
19001,0.02574385828377591
19002,0.018224805469673925
19003,0.00621461321320055
19004,0.9231297882017615
19005,0.30287576565455515
19006,0.23308050329738958
19007,0.005160668486527889
19008,0.9057815592585765
19009,0.14350495397498833
19010,0.018022925645812742
19011,0.03058815172718802
19012,0.0056049006152345164
19013,0.008322529485633931
19014,0.8153218937897692
19015,0.022680002872327687
19016,0.14495331107730666
19017,0.06376712957015784
19018,0.00955816755047634
19019,0.014211118720789966
19020,0.03351733609831523
19021,0.07609068232248654
19022,0.012794775286225761
19023,0.024271036260766297
19024,0.6687758557189581
19025,0.01746941241718266
19026,0.2284284819129909
19027,0.1265540078906949
19028,0.4120766446316012
19029,0.011106571339557466
19030,0.15852591924366427
19031,0.019046621964271114
19032,0.020237932468695957
19033,0.035327054131226415
19034,0.024466529611475617
19035,0.0070245682315793374
19036,0.028555605593976394
19037,0.016273251113908087
19038,0.014294499083152138
19039,0.00709864837661876
19040,0.22892483366234162
19041,0.059919445754910775
19042,0.004339852289013289
19043,0.005354424157909721
19044,0.04757518359763619
19045,0.8229208555506881
19046,0.006669931795768313
19047,0.7079045072732664
19048,0.02325089142079878
19049,0.21716116589840048
19050,0.0315210024400048
19051,0.11131424163946653
19052,0.9736415190633515
19053,0.011641042032531669
19054,0.03771217569617895
19055,0.27813557080784496
19056,0.16032872179892246
19057,0.037156205584045324
19058,0.4828160269230749
19059,0.07558353403119147
19060,0.053890228770159206
19061,0.004976049923817891
19062,0.013286377752931317
19063,0.00440314037776514
19064,0.11733175864917114
19065,0.099125400904444
19066,0.7530236382739411
19067,0.020316672614303304
19068,0.011135144334784233
19069,0.019683979237606713
19070,0.14295954402412553
19071,0.7361140300379259
19072,0.19386450879585013
19073,0.9706707287117364
19074,0.0027232708476036074
19075,0.37103188907177426
19076,0.09902850926073944
19077,0.24957600167427071
19078,0.023976380420526845
19079,0.3318106273486499
19080,0.004941113465042089
19081,0.037130912183322616
19082,0.005074684344595373
19083,0.7276232582288691
19084,0.007277527347569216
19085,0.027568265548914745
19086,0.8628940238905319
19087,0.5486169082521051
19088,0.11016109515164081
19089,0.040162844987302
19090,0.2729153972945892
19091,0.5020153159417097
19092,0.915192371948893
19093,0.05758594991807093
19094,0.019869146004140404
19095,0.1709814116208654
19096,0.023182361779368017
19097,0.017704759874701582
19098,0.8704492904249022
19099,0.022946297869041364
19100,0.7952618263694846
19101,0.3781788580580361
19102,0.01510100650239433
19103,0.01875452720750312
19104,0.011909962396847362
19105,0.014564819388903978
19106,0.01988579316919534
19107,0.2482520156324345
19108,0.018001498207775468
19109,0.0791503600406522
19110,0.054488169567821314
19111,0.19679316500487945
19112,0.0044899549571413636
19113,0.040588760643220465
19114,0.021903844705042936
19115,0.0784613436985534
19116,0.08925365319035138
19117,0.12762401382757535
19118,0.01689791120590507
19119,0.1679742121369786
19120,0.009211657328252024
19121,0.031178250409085107
19122,0.005644661832578534
19123,0.020699004126524027
19124,0.02359031670251383
19125,0.01598783602425972
19126,0.09350087015027576
19127,0.005141010992637558
19128,0.01524314489302673
19129,0.0102826540169841
19130,0.9030621701997212
19131,0.13390792174343474
19132,0.5200576124337977
19133,0.012712199232435877
19134,0.0032213384317675404
19135,0.8295005851747692
19136,0.3649837101912816
19137,0.00798278296995081
19138,0.009614447567605468
19139,0.0031032438894903268
19140,0.04683703048049953
19141,0.15593789645080483
19142,0.8274665995003688
19143,0.2848003511324125
19144,0.20122523368265474
19145,0.006163685769727088
19146,0.006722884807991853
19147,0.005013470517066341
19148,0.26812344542986877
19149,0.0477610433660582
19150,0.009454472158613492
19151,0.01583301967059187
19152,0.8466909284758678
19153,0.9821785267080241
19154,0.07607061532347224
19155,0.05335608987490071
19156,0.2221605113264437
19157,0.07089518163069242
19158,0.009663225260209555
19159,0.14639503305760768
19160,0.874088120594521
19161,0.38005226652987145
19162,0.022359571703863552
19163,0.024265063390681813
19164,0.036938612538048136
19165,0.009189465729305102
19166,0.0031797779202520924
19167,0.04737686127576866
19168,0.7805065981293202
19169,0.1467453195462603
19170,0.8046714095558873
19171,0.024242207229150232
19172,0.14116822904232543
19173,0.047450649949605725
19174,0.011634104609699132
19175,0.013664765108175438
19176,0.024824133748091524
19177,0.039857504091708344
19178,0.017888614254024254
19179,0.03465651692390116
19180,0.018907201516946106
19181,0.10166201053893469
19182,0.43143849181605537
19183,0.028912454702055414
19184,0.061183367133105224
19185,0.0034298390385385127
19186,0.017923419990847567
19187,0.22455562225861778
19188,0.2644469466725079
19189,0.009711470239136074
19190,0.03537161060677732
19191,0.18312082657940973
19192,0.7494138231876138
19193,0.032156796275112136
19194,0.13659749528132895
19195,0.03598451017809014
19196,0.8502130119200899
19197,0.025840538137523298
19198,0.11840234315412643
19199,0.9724780645926744
19200,0.8615583220367398
19201,0.14097155699644376
19202,0.7432857110021981
19203,0.018450626460812157
19204,0.008496762602236141
19205,0.10662565281365625
19206,0.018365572641549085
19207,0.9455681961309162
19208,0.005252482108404539
19209,0.8766441224424425
19210,0.9131332325231456
19211,0.2799451295427993
19212,0.9798436151265812
19213,0.018746302942701097
19214,0.06347844948453742
19215,0.3028913010227035
19216,0.012893509603153126
19217,0.012212950097624298
19218,0.2853029983114082
19219,0.013258803201409543
19220,0.4341364077149625
19221,0.057582986998378695
19222,0.1531892921660588
19223,0.006338584853692569
19224,0.312935731372639
19225,0.5290424594479747
19226,0.5576717730140014
19227,0.24645444042516512
19228,0.01001788263829082
19229,0.016676090556441075
19230,0.1177174265269431
19231,0.026852610760396887
19232,0.05187965679104687
19233,0.009471300294709618
19234,0.018230756499763568
19235,0.0049145353312946985
19236,0.01839611833798802
19237,0.22673548816220174
19238,0.010893453464881696
19239,0.0061507705507645866
19240,0.0033527803374377306
19241,0.020680087506522827
19242,0.004017355569845678
19243,0.9324412869231957
19244,0.019700256532784836
19245,0.1846880165815877
19246,0.0036966527918699307
19247,0.8627594146273333
19248,0.012349551754573408
19249,0.003239295857745988
19250,0.23656043559759482
19251,0.012285856929766192
19252,0.012072636772011813
19253,0.003406837701150104
19254,0.007307295921205363
19255,0.05221174294612269
19256,0.02868684300396144
19257,0.02449172433079542
19258,0.9454908369808922
19259,0.9268448775889366
19260,0.81720979479307
19261,0.019264271908411602
19262,0.011635263442441335
19263,0.005547116835810436
19264,0.3409593510403715
19265,0.04919523309923305
19266,0.024918613852106832
19267,0.008933551714057755
19268,0.5376662982579326
19269,0.031729391915625245
19270,0.056044718193225866
19271,0.08316444505154869
19272,0.34546436431869343
19273,0.00842660674924962
19274,0.004397569774868904
19275,0.25156353909467377
19276,0.043896404475612924
19277,0.008113165874260248
19278,0.5232761217346112
19279,0.007841917635054861
19280,0.04279288372220629
19281,0.01708889811298714
19282,0.0045426674712643654
19283,0.007237134967842642
19284,0.0072764530714052155
19285,0.5692409670561811
19286,0.008773664363857386
19287,0.026815949627813866
19288,0.02806239209776364
19289,0.021983473920148034
19290,0.2583481102447868
19291,0.044603345940708285
19292,0.6610076914824679
19293,0.8761314601433078
19294,0.004792732600300285
19295,0.0033690013852943654
19296,0.02016248505608329
19297,0.04074532812648028
19298,0.9329089012978484
19299,0.028517478281946874
19300,0.026047532031925003
19301,0.12311174307811651
19302,0.08561433851007147
19303,0.06746224355054312
19304,0.7814329629792962
19305,0.33073503582759955
19306,0.02890923927388121
19307,0.019885557429422947
19308,0.2627721073242877
19309,0.3214479918217944
19310,0.006629524279112428
19311,0.17539189067250693
19312,0.1876524020757658
19313,0.06893705004391787
19314,0.688584453376835
19315,0.031790874572728334
19316,0.21663428474558194
19317,0.1347152852566583
19318,0.2627513709044141
19319,0.2404367724841381
19320,0.00704835534299762
19321,0.1501106604087805
19322,0.23613345188537233
19323,0.3848731605480903
19324,0.0027538933011134995
19325,0.15804445540641443
19326,0.5379546105469772
19327,0.0071812065215465775
19328,0.008117955623869475
19329,0.009106220866628188
19330,0.005784451280709591
19331,0.9832098260770635
19332,0.020221516548696826
19333,0.05777648911323235
19334,0.020572181699120017
19335,0.01321529631487188
19336,0.17288239251691867
19337,0.9636630488741559
19338,0.3170135736148707
19339,0.0043603580607793615
19340,0.15131956599307955
19341,0.0629232872857307
19342,0.004065625372308679
19343,0.050136990093839665
19344,0.05166346029571273
19345,0.08262379404143361
19346,0.004745639177279012
19347,0.03697738527577709
19348,0.02683558995899206
19349,0.5610002889576999
19350,0.009186749334758739
19351,0.04107229187161603
19352,0.5268213743311064
19353,0.12536759916064014
19354,0.07770859441708469
19355,0.05713696076437619
19356,0.05426936696411486
19357,0.01993607768667568
19358,0.07907404044217549
19359,0.15555762567420534
19360,0.26402447228594467
19361,0.021004067941429838
19362,0.4023213005657586
19363,0.07821381715763537
19364,0.29032072094576417
19365,0.40522901195420946
19366,0.006460192876105088
19367,0.7071061283977761
19368,0.26639025093253704
19369,0.03814948274220977
19370,0.004884080877838806
19371,0.7543719440372523
19372,0.009079261750306331
19373,0.010302221611380724
19374,0.02048606796355474
19375,0.015531415463766076
19376,0.006181294270778966
19377,0.9157903264382475
19378,0.1571948555743517
19379,0.004594733627831359
19380,0.004704938432841978
19381,0.00869530590092069
19382,0.06784454775844508
19383,0.0173371896927371
19384,0.0060265736396764155
19385,0.03687069083659377
19386,0.056065119513410665
19387,0.007794972660925722
19388,0.5987074180296607
19389,0.9810489191923861
19390,0.6680433635023068
19391,0.757453425552695
19392,0.021225869249478606
19393,0.010635726432396731
19394,0.10895853571742149
19395,0.16487473318334656
19396,0.021264948230563737
19397,0.9141167973474313
19398,0.13510426940334042
19399,0.005074424980238919
19400,0.5767482758432584
19401,0.09011695610175234
19402,0.015321788346969635
19403,0.23445767052172603
19404,0.009305762142442808
19405,0.003543884761956164
19406,0.4992777322945609
19407,0.2632052120781704
19408,0.0237414288535845
19409,0.015621830062686451
19410,0.005113846639248637
19411,0.0034203794283461076
19412,0.009740531824188986
19413,0.0050390126763919406
19414,0.6849634252836944
19415,0.013638639335645988
19416,0.13302601137189676
19417,0.9903502291364129
19418,0.015498296805491167
19419,0.13168239743624593
19420,0.11474255410040098
19421,0.7857572348259315
19422,0.06037954178643044
19423,0.15418597160112404
19424,0.7672187731885772
19425,0.008429766065827638
19426,0.005538766098158602
19427,0.035541639569873495
19428,0.017156582145229898
19429,0.04235999696450032
19430,0.007141835718016467
19431,0.03428549271189947
19432,0.012478164947681836
19433,0.02331284461473394
19434,0.6092851972444745
19435,0.04106107590973275
19436,0.0032938431103878706
19437,0.9750719185836139
19438,0.004872163371714284
19439,0.6877572851314986
19440,0.07859120080894175
19441,0.04547703360745389
19442,0.09614805877275255
19443,0.009682539103096525
19444,0.009379855122469015
19445,0.05077667109175725
19446,0.0050424030502959055
19447,0.01826028019085337
19448,0.18054111219700636
19449,0.003934924560338287
19450,0.04403011798729527
19451,0.549401180631365
19452,0.007968987356314421
19453,0.026186470541781644
19454,0.7697607415465701
19455,0.1633883075661452
19456,0.7348736600352628
19457,0.0561603138220386
19458,0.09368096044897646
19459,0.011691352398254206
19460,0.9824743703640567
19461,0.01671803920523152
19462,0.01281283936891964
19463,0.020085377884086958
19464,0.15838265817922942
19465,0.18527315956169682
19466,0.02312638307597603
19467,0.05694210577528507
19468,0.9105001340350983
19469,0.00723832973589819
19470,0.04580335789921639
19471,0.42181184421885354
19472,0.747423657817566
19473,0.017701451172417573
19474,0.061598135942794924
19475,0.07588228728966276
19476,0.005508202677913865
19477,0.9219995540346031
19478,0.15883297064931412
19479,0.003114605855658111
19480,0.09818045188163582
19481,0.6769209412391434
19482,0.27149835559192337
19483,0.008635148015560125
19484,0.0052012866012051155
19485,0.0039781702385651855
19486,0.9421491123635923
19487,0.1895796354875043
19488,0.1476743358301706
19489,0.2314544561188944
19490,0.004520861009272235
19491,0.09822525131598618
19492,0.05883517640498417
19493,0.19392443992522473
19494,0.5032575560260939
19495,0.027481937888303134
19496,0.48555338326175956
19497,0.026420167013000838
19498,0.1242706204169702
19499,0.012724893187577602
19500,0.8379117996732307
19501,0.010659869955823638
19502,0.9709054356626877
19503,0.7724858635089416
19504,0.9711093968363749
19505,0.1288975308434691
19506,0.1813904557543038
19507,0.7631692308622816
19508,0.1527237915242035
19509,0.01707756807001371
19510,0.010026853057210745
19511,0.07491088803859296
19512,0.1483152517282706
19513,0.021238734264922055
19514,0.0056141821357522425
19515,0.7809618470056723
19516,0.653730239114175
19517,0.14256767472951865
19518,0.018724871954892103
19519,0.011405505827366307
19520,0.005111116974923273
19521,0.044264700353177665
19522,0.7412022187990951
19523,0.18696742727391175
19524,0.18972923074213424
19525,0.024034477828796388
19526,0.009801080187522898
19527,0.2334160921103143
19528,0.6633727801605802
19529,0.03834224779004435
19530,0.8730513941549288
19531,0.009621304488878383
19532,0.2942176841816402
19533,0.035243836346719154
19534,0.08456351061665522
19535,0.05609866160472779
19536,0.09425284117022605
19537,0.012861512519643287
19538,0.14108710717673315
19539,0.7729643689115732
19540,0.538631509232713
19541,0.011944916853515026
19542,0.010645667592986963
19543,0.013771908061242183
19544,0.8259021139860674
19545,0.6777691455040891
19546,0.8053110897773182
19547,0.012209219500649926
19548,0.007436158585160422
19549,0.010563930358840882
19550,0.2275233725415165
19551,0.08009367864821947
19552,0.017717486357242913
19553,0.008066163872763562
19554,0.0599966164597797
19555,0.017878423791275314
19556,0.010288329272496382
19557,0.9717901600107468
19558,0.006072146078156108
19559,0.042986844673227165
19560,0.011588760275342593
19561,0.976853513778456
19562,0.07060211649878384
19563,0.09186304400188311
19564,0.01455083534888603
19565,0.050311504392652494
19566,0.3442462055332069
19567,0.9261043329449097
19568,0.01920935440920345
19569,0.2329742976404539
19570,0.018274353021498987
19571,0.014283676183418132
19572,0.059894663222801375
19573,0.012296547470335773
19574,0.004840638868833435
19575,0.2957496690275689
19576,0.8181762931591073
19577,0.011091626273780499
19578,0.0068099264420879825
19579,0.23018910988864924
19580,0.01801135414435011
19581,0.5473325400564903
19582,0.12201386560269328
19583,0.00711592951789816
19584,0.0277394440927602
19585,0.004290077681775185
19586,0.17802458421626213
19587,0.06798072160751083
19588,0.02920941865757766
19589,0.025438584004605722
19590,0.23434306417587786
19591,0.1525030070259267
19592,0.017463865022624467
19593,0.9843688188226946
19594,0.03615007969962804
19595,0.18006701120626964
19596,0.17792511330725533
19597,0.03986219887356244
19598,0.006330258877809489
19599,0.016107474270134096
19600,0.022680313233213293
19601,0.8982949264057593
19602,0.9063462049645893
19603,0.9450332493533949
19604,0.02295644383332378
19605,0.3260900512881951
19606,0.1664626954596445
19607,0.023826295549635456
19608,0.02416320620330223
19609,0.0529062304152044
19610,0.3909975822214514
19611,0.5676447520282355
19612,0.2847699187492802
19613,0.0048635618820779825
19614,0.06399240839880356
19615,0.009146532552683257
19616,0.008505584624643863
19617,0.008574415613007888
19618,0.5688764357697021
19619,0.04235741618870115
19620,0.06533633157327291
19621,0.034526156292555794
19622,0.9826094190129049
19623,0.00648934263308761
19624,0.1626488975293458
19625,0.028776771206354072
19626,0.6773295379577681
19627,0.021687247773117944
19628,0.3510744487040328
19629,0.01029335736969856
19630,0.026380620676629715
19631,0.9448560649101588
19632,0.2581693907669369
19633,0.0701149680426172
19634,0.04426359361730323
19635,0.037439512569911876
19636,0.18899810851770582
19637,0.843700947413466
19638,0.02100878838273322
19639,0.006406554800401942
19640,0.035455352644771544
19641,0.008515547370482114
19642,0.012281213370414334
19643,0.006394449805566994
19644,0.007973747011060994
19645,0.07836877028301789
19646,0.11041182882696268
19647,0.023947445102815868
19648,0.023321772734954355
19649,0.2495645182094936
19650,0.0065111192598386524
19651,0.012029025979540746
19652,0.17545392433489934
19653,0.015313858488090451
19654,0.9252171855733938
19655,0.018072005300185743
19656,0.07574982985430638
19657,0.016619990342272777
19658,0.9539863426981505
19659,0.006968328263077292
19660,0.338208874471104
19661,0.23344099964316553
19662,0.1554534435551197
19663,0.012394134866761919
19664,0.72419863063202
19665,0.025932224001612117
19666,0.022172840581653547
19667,0.06172102330938947
19668,0.007445044669156105
19669,0.004799368374251672
19670,0.35177571300879906
19671,0.1869390009683421
19672,0.049630323736795275
19673,0.021934868948123774
19674,0.12171991400758624
19675,0.6004113309084397
19676,0.0412300485272117
19677,0.0032457845279072572
19678,0.005633345558070173
19679,0.04741395167643853
19680,0.013598044128385754
19681,0.8273353940535576
19682,0.9878620313976133
19683,0.11052491520408185
19684,0.03957208165505499
19685,0.6352517105098058
19686,0.00743292932868499
19687,0.15954686011494784
19688,0.0051854115092200195
19689,0.08381665452702164
19690,0.5254688826611149
19691,0.03368193365979706
19692,0.9552769409466352
19693,0.008739252157611484
19694,0.012658212539031885
19695,0.07629259256635657
19696,0.013553125465810629
19697,0.46767206679771284
19698,0.03352906110537573
19699,0.439887443854229
19700,0.003259348228283024
19701,0.004575281986694592
19702,0.7416480390023071
19703,0.012136232325545577
19704,0.2039398763300892
19705,0.2490874276913412
19706,0.5900331399144527
19707,0.005794627965705404
19708,0.020933413051446297
19709,0.005112063469424575
19710,0.0067399595161493076
19711,0.963870490184657
19712,0.05600160773382206
19713,0.009839973234680083
19714,0.34258794573840057
19715,0.05671517835699306
19716,0.008811943011449743
19717,0.10941845770014519
19718,0.010781786091369738
19719,0.007153456077550889
19720,0.29506291108289523
19721,0.00523252753089665
19722,0.7796233188482031
19723,0.9457629588648087
19724,0.0035283695807899196
19725,0.3055026226520045
19726,0.0044448882320877
19727,0.08953922332800458
19728,0.13448647150387627
19729,0.029504241509360037
19730,0.012949548670685877
19731,0.32137885060014587
19732,0.20627422146740482
19733,0.018860768502786177
19734,0.16957493451983585
19735,0.034197181560882764
19736,0.04699885886982751
19737,0.9741916838353386
19738,0.8949534680009883
19739,0.27262971677813197
19740,0.01147165732157364
19741,0.010659869955823638
19742,0.054462870944236894
19743,0.5353660159021437
19744,0.0035529618068710694
19745,0.03949542305288847
19746,0.03377785527939506
19747,0.108243385998695
19748,0.06878551201455264
19749,0.00489664742488574
19750,0.021625935828483964
19751,0.5706649994700198
19752,0.056316397545092045
19753,0.004214156484503962
19754,0.12867648798591777
19755,0.005460695708288486
19756,0.013759531928846627
19757,0.030287696293682397
19758,0.8020048651992364
19759,0.38038519378195107
19760,0.05609131027695654
19761,0.0026368771466947012
19762,0.007572986681030079
19763,0.008975661067241285
19764,0.8539574931800289
19765,0.013668672339402207
19766,0.882202719433876
19767,0.3344868375610026
19768,0.995701497272733
19769,0.02909329293560071
19770,0.031227013436092826
19771,0.003781512582897634
19772,0.005033002781741959
19773,0.10409153798907249
19774,0.9833775436420892
19775,0.014429552375638558
19776,0.002978338468351071
19777,0.3818350287459539
19778,0.15810721057851684
19779,0.07279384349138891
19780,0.01283952082270931
19781,0.36927940413582655
19782,0.033311238673601494
19783,0.007956960992375556
19784,0.08449673467692484
19785,0.006697349884679225
19786,0.004884080877838806
19787,0.0061763072078143445
19788,0.06479176398188423
19789,0.013699863096810093
19790,0.9465566580511375
19791,0.5999325871233018
19792,0.01914345081922547
19793,0.11229995084178561
19794,0.814054852654864
19795,0.005920886654039853
19796,0.07984640414073516
19797,0.09739101772621137
19798,0.006238298639716282
19799,0.984939760300119
19800,0.014407671402779449
19801,0.04782369929102063
19802,0.013697983848188915
19803,0.48331851163056316
19804,0.8277700456500859
19805,0.10499914710667281
19806,0.004197502468314686
19807,0.06711391558891647
19808,0.05651165283968543
19809,0.008147469596731379
19810,0.08154185955035163
19811,0.006306634688814977
19812,0.01696214362919696
19813,0.010736683668355262
19814,0.05764134629097845
19815,0.04981449364470822
19816,0.05072752250424617
19817,0.013675336607479952
19818,0.04375991559330696
19819,0.00744802309396819
19820,0.0790547830321629
19821,0.01846378587714243
19822,0.003196095576444768
19823,0.041685074463331466
19824,0.02574385828377591
19825,0.11642219779460197
19826,0.12373489351142325
19827,0.16451363865680668
19828,0.02909397804843263
19829,0.6515886813740729
19830,0.037888393735275305
19831,0.013524796887128017
19832,0.058400460537378664
19833,0.5485723825529503
19834,0.010124364305294365
19835,0.41730534131322317
19836,0.019756816944503416
19837,0.010427063507944723
19838,0.011602129864782965
19839,0.10236802072421602
19840,0.2089796749909851
19841,0.4947843288511322
19842,0.014914840954058772
19843,0.1630691140319027
19844,0.03564125991815278
19845,0.5541426710278078
19846,0.007543103348080971
19847,0.027710211760862427
19848,0.10155025433270805
19849,0.04257010944611471
19850,0.007819972991962723
19851,0.014404980321855625
19852,0.19278930393298196
19853,0.08041680520762674
19854,0.9751152071907864
19855,0.04887518214204356
19856,0.08994260149354762
19857,0.7194907383882068
19858,0.2612890646009866
19859,0.7511836595722836
19860,0.5345898633683651
19861,0.996708948510894
19862,0.060140385065027474
19863,0.22217638230046008
19864,0.0386833995169939
19865,0.0350368100805035
19866,0.07964868928162859
19867,0.02292568015130908
19868,0.04553589251078163
19869,0.03421899677633858
19870,0.19343938802975805
19871,0.18143207797242986
19872,0.06903400328024402
19873,0.3763181611410026
19874,0.007525870229611641
19875,0.17431335092467587
19876,0.004309924095838943
19877,0.05601890025121655
19878,0.004247320991583654
19879,0.014742062992977489
19880,0.048283209467335324
19881,0.04025633513313356
19882,0.00524548261435643
19883,0.04028616201948878
19884,0.1412588926400807
19885,0.9721522566790275
19886,0.03805758867445816
19887,0.012015123197787561
19888,0.9792530802552174
19889,0.27057561797112706
19890,0.049306655808000845
19891,0.3384471760824074
19892,0.11810529957322609
19893,0.04036214747186424
19894,0.01394680028025566
19895,0.5951735048011003
19896,0.009022443189711606
19897,0.6947790013821409
19898,0.038145727961675376
19899,0.06907148654064174
19900,0.14611949465272125
19901,0.1639741238417205
19902,0.02235360523912025
19903,0.08319406019230383
19904,0.019102353291869427
19905,0.010623537976417036
19906,0.1265513330519371
19907,0.022019296561701204
19908,0.004935197933140259
19909,0.08562657079390085
19910,0.8161120138774881
19911,0.34594324833746165
19912,0.013105969893415772
19913,0.014312644139958692
19914,0.023320608407609755
19915,0.4910949915578788
19916,0.004244142156322875
19917,0.0336554208971855
19918,0.00395896528527056
19919,0.019126777030700343
19920,0.040655381790113396
19921,0.055940015328336534
19922,0.40621169729651796
19923,0.07576540295331458
19924,0.24564070233707794
19925,0.12244888984743466
19926,0.3169372055743829
19927,0.42802943865031007
19928,0.01801823827426624
19929,0.15698583750529427
19930,0.05126924708874319
19931,0.008309058760793108
19932,0.14494644094436956
19933,0.004356379280229158
19934,0.04269399620960227
19935,0.01734435791317825
19936,0.0036164069663930467
19937,0.16044534155063467
19938,0.019007438835837744
19939,0.021008911594981514
19940,0.011528757853328986
19941,0.016119764568834443
19942,0.020614227246626777
19943,0.008017049455019675
19944,0.021584533873579437
19945,0.04951295862636831
19946,0.021666472350134098
19947,0.012041254131111574
19948,0.20772712866458215
19949,0.013372037121715656
19950,0.15454918902719644
19951,0.4169739455157409
19952,0.03733363773112551
19953,0.3595558419384845
19954,0.013429274536973606
19955,0.02064355832480314
19956,0.39462049728304116
19957,0.014145023586517086
19958,0.010491269081469938
19959,0.10523019908726892
19960,0.11240033879890435
19961,0.01643395351676583
19962,0.048763589264278456
19963,0.01199312646642017
19964,0.006668740761024938
19965,0.012349414615637965
19966,0.28622865165187156
19967,0.21493166777699105
19968,0.7622297434373146
19969,0.46903582263955734
19970,0.35227409021108197
19971,0.007388916229935789
19972,0.01009575848458581
19973,0.9364891042794404
19974,0.004464102570575147
19975,0.9786233463290178
19976,0.05680271746527169
19977,0.014549404337401615
19978,0.013166992094319728
19979,0.818540900874274
19980,0.21787847420277875
19981,0.02018189322766757
19982,0.04220040786377064
19983,0.5286722574787939
19984,0.7347720354052668
19985,0.26091382404068525
19986,0.007634044817057896
19987,0.9394213288026404
19988,0.012022339869845616
19989,0.012245000121772428
19990,0.140371242876032
19991,0.009040987800565874
19992,0.9588327744180324
19993,0.0833129448276837
19994,0.2611874657025168
19995,0.07975844955560299
19996,0.0425476437776949
19997,0.007529009469113387
19998,0.005605307517390035
19999,0.00672336488849507
20000,0.018390914532838074
20001,0.006310102546317632
20002,0.09763128486808509
20003,0.11917799647346748
20004,0.09013761655231343
20005,0.3363187383590096
20006,0.9845521068162986
20007,0.22547585914970242
20008,0.39519210037985736
20009,0.014190268273666536
20010,0.008545260685084677
20011,0.07483767348145447
20012,0.009163755448670555
20013,0.024466545504630725
20014,0.1166802779916307
20015,0.04396269448818387
20016,0.022012954438941183
20017,0.015145106691028896
20018,0.007290834775295346
20019,0.015765870763155113
20020,0.015960401041649617
20021,0.018493657678967226
20022,0.12350108192743194
20023,0.12920284444838648
20024,0.019966019725151427
20025,0.013050370473783426
20026,0.020554015525056247
20027,0.9738358248090178
20028,0.012947700959475441
20029,0.7972140298495264
20030,0.026981360311791783
20031,0.005201895319442626
20032,0.10016147943619835
20033,0.2648411576210437
20034,0.013136760815441855
20035,0.30471759691549366
20036,0.010125352866989281
20037,0.10141118228641542
20038,0.9967588910651527
20039,0.3071470336892117
20040,0.01237893576602149
20041,0.006525180319608026
20042,0.018113688017403852
20043,0.0256453336292846
20044,0.011048978250189273
20045,0.3264340742008228
20046,0.8838618758709053
20047,0.9900893973266022
20048,0.005471889464079691
20049,0.8167820255186541
20050,0.11847936691123456
20051,0.02205642269847232
20052,0.023138543423869982
20053,0.9850855475837744
20054,0.012321408160714972
20055,0.19199915157624628
20056,0.0034706771292071356
20057,0.04470128951386518
20058,0.21631187995473886
20059,0.172748030323931
20060,0.07157845756245632
20061,0.02103196649235073
20062,0.04785740375572909
20063,0.0027499277208851893
20064,0.01338188474553606
20065,0.47075215992625896
20066,0.5199721688426276
20067,0.06107098789708408
20068,0.24538713320756936
20069,0.562711800897784
20070,0.018060971306818007
20071,0.02209970168537858
20072,0.21894947478471902
20073,0.08862877814828275
20074,0.007622073518201592
20075,0.005035513657349254
20076,0.2404945754161408
20077,0.07255269658233673
20078,0.04499754398902375
20079,0.0111669377085638
20080,0.3585093930094272
20081,0.7814613517742597
20082,0.06535274456705822
20083,0.15214645801910545
20084,0.959022128288439
20085,0.013979353244365606
20086,0.004758178815716145
20087,0.03822219751584524
20088,0.10764089670840454
20089,0.015066709939279384
20090,0.2236556314659358
20091,0.2964784414857323
20092,0.013176025779061715
20093,0.1954077155646898
20094,0.23959689984199203
20095,0.6338847833010733
20096,0.7426850567864647
20097,0.3268010303030154
20098,0.0034881254032373093
20099,0.01030416961693799
20100,0.8976841256351547
20101,0.22623705313334697
20102,0.09516140373706022
20103,0.026646531964717925
20104,0.8411882250676515
20105,0.020340550471784256
20106,0.03088982842792885
20107,0.7355308220811024
20108,0.01509810512911106
20109,0.9873407673516365
20110,0.7889785379224735
20111,0.03697441400661865
20112,0.019203912707039618
20113,0.014116111994740872
20114,0.9215478575189918
20115,0.9332096458277936
20116,0.28610903138004873
20117,0.0033922090636543008
20118,0.004442383548499021
20119,0.08274896926127993
20120,0.03453002259558814
20121,0.007003082926736825
20122,0.3487780963315172
20123,0.04508334381953349
20124,0.15930214895451528
20125,0.04848037617667546
20126,0.03373244070364238
20127,0.043376340337960166
20128,0.9528421689320503
20129,0.2426791508391716
20130,0.45138461288842835
20131,0.006669183034316447
20132,0.05503975019207326
20133,0.004173871445040764
20134,0.061998955321337285
20135,0.7084263236657278
20136,0.005100171013704325
20137,0.005691214520156564
20138,0.9878856099263928
20139,0.017437899774156447
20140,0.2926891244736404
20141,0.0027512139446953404
20142,0.03418691803683604
20143,0.010015428186784369
20144,0.05664117873902847
20145,0.009306277013097703
20146,0.027641142708664225
20147,0.05721477810148702
20148,0.005250058776045619
20149,0.6079610905262657
20150,0.052464332251452896
20151,0.9876679434811327
20152,0.011117611475633853
20153,0.10801122488589644
20154,0.005361845293114211
20155,0.02544792628294541
20156,0.0029393602253375084
20157,0.24234078468189862
20158,0.016128235249940105
20159,0.15483252423838065
20160,0.9841234510011827
20161,0.012400619171839782
20162,0.008395115855029792
20163,0.03510470004977346
20164,0.28733025443615295
20165,0.030591067914247313
20166,0.00872125933720259
20167,0.6105115244364747
20168,0.0028988473416988007
20169,0.00736693193278188
20170,0.023149829731204864
20171,0.7710949822520873
20172,0.5376590418127211
20173,0.9875547393870493
20174,0.05234721104761574
20175,0.4890785997605908
20176,0.08817176998588704
20177,0.007320975142940348
20178,0.017551394258892735
20179,0.03252118088583837
20180,0.013171002389419947
20181,0.012589628766347765
20182,0.14138170073712494
20183,0.006853725432530404
20184,0.9433219447212757
20185,0.3003341061869528
20186,0.03210420743139846
20187,0.004617976316786585
20188,0.20185349962548907
20189,0.14048684214022764
20190,0.8393733531097772
20191,0.012379946459387909
20192,0.9158222582137199
20193,0.07212403033021
20194,0.020543726152183632
20195,0.7881890736177245
20196,0.00597583165810606
20197,0.026943774224262855
20198,0.0072632773713588615
20199,0.028961502848100708
20200,0.00598474426005179
20201,0.5002056231791697
20202,0.0045854812949519645
20203,0.14404835108386543
20204,0.048916509538580365
20205,0.004715539614698458
20206,0.04112053166137135
20207,0.97008289343819
20208,0.014413172936877284
20209,0.006858965535265644
20210,0.015960907281756673
20211,0.03087749016036405
20212,0.9072427239585146
20213,0.010736881867090563
20214,0.31074847582546294
20215,0.12413851769478183
20216,0.01894270787591294
20217,0.019801010156826684
20218,0.0824806166607392
20219,0.9782422401411337
20220,0.16990940173542574
20221,0.7002330750977319
20222,0.010646127925738533
20223,0.09771543803665497
20224,0.055261048903617806
20225,0.07930134176535912
20226,0.0071872356537039436
20227,0.7262035184662622
20228,0.9290486475829195
20229,0.19360567629442438
20230,0.007548134122823347
20231,0.8195570401634038
20232,0.2653326725063093
20233,0.024659739069132616
20234,0.010675180352873985
20235,0.016266848713796713
20236,0.7042121567350672
20237,0.5989362630088507
20238,0.05796331609794092
20239,0.005691210451014926
20240,0.0031333738053276675
20241,0.006906243408558704
20242,0.009180436095834613
20243,0.008237915783235199
20244,0.006971909325832788
20245,0.3212363460177856
20246,0.9597345954656951
20247,0.03186005249315005
20248,0.017018942002463153
20249,0.592011311856373
20250,0.031685137476930816
20251,0.015463891680847127
20252,0.013786645576156891
20253,0.0054723175666506986
20254,0.07296601906629159
20255,0.11316820032218522
20256,0.7113791356725506
20257,0.9214046930460964
20258,0.4556895082362343
20259,0.3101581290920551
20260,0.008019121621474348
20261,0.3879145879461328
20262,0.03787522452544408
20263,0.9258506620590171
20264,0.10671773902468332
20265,0.1972123557422214
20266,0.9309937775846653
20267,0.36676469448553933
20268,0.03993355979154776
20269,0.11113138764245616
20270,0.041541598802408014
20271,0.2682092337631341
20272,0.014361263998636737
20273,0.05463442391315859
20274,0.08933669294782402
20275,0.004978183829071713
20276,0.4566367405929746
20277,0.8319628763294505
20278,0.05222417103877785
20279,0.42181184421885354
20280,0.006934916435094217
20281,0.031489205707737354
20282,0.012626641393584426
20283,0.7708174817544143
20284,0.01567496127169462
20285,0.6559124553237508
20286,0.0077236960493799155
20287,0.005990943806611173
20288,0.013694152852195373
20289,0.9288311176661217
20290,0.003980274583777802
20291,0.012419343989628484
20292,0.8588937025632404
20293,0.8245183453116858
20294,0.007694116979428696
20295,0.1187722993527147
20296,0.2834671752910944
20297,0.02494360901460631
20298,0.016746989963756287
20299,0.9013966789290622
20300,0.18888284438806346
20301,0.006595947840009521
20302,0.9815170279217382
20303,0.004472116720289265
20304,0.061838869672453715
20305,0.0041794987469667534
20306,0.0025072953225794945
20307,0.06663232094893215
20308,0.1398630996346934
20309,0.10190554483368865
20310,0.038071585399424186
20311,0.01669881374641821
20312,0.013849305631942694
20313,0.007439755771544819
20314,0.8485212255872986
20315,0.9797647642354427
20316,0.04773840443312289
20317,0.003719210842716379
20318,0.10174852207379269
20319,0.9234710979663958
20320,0.9461507198666385
20321,0.058638958190933815
20322,0.1450955816231333
20323,0.00603673174571231
20324,0.8304333210604902
20325,0.006689396763106956
20326,0.10975027195253666
20327,0.031928573243310984
20328,0.02224646689358019
20329,0.12475978722801367
20330,0.7986240265826754
20331,0.579705217935998
20332,0.4326572847599621
20333,0.2457631665848064
20334,0.9642981567142791
20335,0.7106741823608197
20336,0.06056023923203002
20337,0.009122108715155435
20338,0.2069377458216476
20339,0.7946675192456413
20340,0.016240739749990622
20341,0.1617357400064101
20342,0.016003415078756526
20343,0.764028126331649
20344,0.00757140528064791
20345,0.8607698387981705
20346,0.12504636857916138
20347,0.019688251163359663
20348,0.7663981066549439
20349,0.01990379040436967
20350,0.021101469449955987
20351,0.11375408118927312
20352,0.14073766910285906
20353,0.013776724588320228
20354,0.2989138747021406
20355,0.02160120113893605
20356,0.009277943621958072
20357,0.4580371548783156
20358,0.012702306327456864
20359,0.0569352977931652
20360,0.2880115095909453
20361,0.012939837307593778
20362,0.01239745165524625
20363,0.007498559305124918
20364,0.9538356132332989
20365,0.0062820412549924555
20366,0.0071758571977903595
20367,0.02970485169361486
20368,0.015599632328776238
20369,0.02009375841999176
20370,0.0950576118506036
20371,0.0855479369956147
20372,0.020369676157399805
20373,0.10371769609377342
20374,0.003464294521861386
20375,0.03807084118583061
20376,0.04084898128391207
20377,0.46032838693295486
20378,0.0041794987469667534
20379,0.2118990602467301
20380,0.005734666725265362
20381,0.7211285941769044
20382,0.018404861343251176
20383,0.9474206841535295
20384,0.012848297977634733
20385,0.010717984066632016
20386,0.006971909325832788
20387,0.05265408107959512
20388,0.028188676399500127
20389,0.062375321155082084
20390,0.6137732002201584
20391,0.4144126177281729
20392,0.17891927545631345
20393,0.025975620294487252
20394,0.9745059479828185
20395,0.02843069444262851
20396,0.1015915281747981
20397,0.0026161804673540145
20398,0.9850361067474867
20399,0.01862096269219906
20400,0.15238515055446308
20401,0.8039208423568431
20402,0.857048312983889
20403,0.011541082811366316
20404,0.004658669123189195
20405,0.01192792119957985
20406,0.017381741596455294
20407,0.2953973160498587
20408,0.5805146804279511
20409,0.5950874824822903
20410,0.7425635565465492
20411,0.09035792126225915
20412,0.013640896842186103
20413,0.11216921186321471
20414,0.9837670812678392
20415,0.9007571062236487
20416,0.028283171428025344
20417,0.024010033455511958
20418,0.014135685233762699
20419,0.015049149673285534
20420,0.02890298399520867
20421,0.17631922629285163
20422,0.005668010847800356
20423,0.04194667890671426
20424,0.13713292526753013
20425,0.0075912887736236945
20426,0.8364640904424142
20427,0.004170699876884204
20428,0.9721289835570027
20429,0.15559793582958212
20430,0.005873677714978836
20431,0.013299812533338557
20432,0.10061742296871387
20433,0.0307973567286121
20434,0.04818853559287294
20435,0.005233055244902266
20436,0.004729215531386955
20437,0.9323512369310384
20438,0.9453516965691141
20439,0.0599224950950601
20440,0.020501901604646468
20441,0.03789769188541803
20442,0.00417316083451349
20443,0.23944594272033198
20444,0.2626804901725502
20445,0.18982111108874916
20446,0.015682192636351622
20447,0.7193532142297949
20448,0.14152859012441005
20449,0.8124195388830899
20450,0.8319138094938917
20451,0.9727116077887441
20452,0.09833216008667944
20453,0.008292676860981372
20454,0.08957661334550909
20455,0.01381980393071969
20456,0.004778904468839093
20457,0.0032565664089396398
20458,0.19175899899762003
20459,0.8366618821288223
20460,0.25901008333885644
20461,0.01686965611847
20462,0.006009884854086674
20463,0.15966625498248316
20464,0.004425178003127582
20465,0.006753143629114533
20466,0.020499819200112932
20467,0.9231989356500173
20468,0.022803674851459472
20469,0.3357689909881569
20470,0.004006462885813459
20471,0.3457304073110947
20472,0.03854659759441589
20473,0.007440684966562829
20474,0.006119510976594538
20475,0.006609721331874404
20476,0.07118911643690616
20477,0.943056535681772
20478,0.07492516762349945
20479,0.43432932599902513
20480,0.165623543347314
20481,0.15714479830671454
20482,0.30760302973566284
20483,0.012842924094611843
20484,0.013722646929727463
20485,0.0043603580607793615
20486,0.03612584184623343
20487,0.5413371454066566
20488,0.006411799036417902
20489,0.3508752003901182
20490,0.9826895263023308
20491,0.1023869313431406
20492,0.034868104239740315
20493,0.018390734643506133
20494,0.0918748875385102
20495,0.006632503963592222
20496,0.009608232142470466
20497,0.006067040623257071
20498,0.10368713945442891
20499,0.7623650273756043
20500,0.011468191369654776
20501,0.00870932319135156
20502,0.48897694349965726
20503,0.2900028917758889
20504,0.03519306998078195
20505,0.8994607068815015
20506,0.008860904902571017
20507,0.08822088796179202
20508,0.3421664176064578
20509,0.9191737690132044
20510,0.10736263275019534
20511,0.006000511701346817
20512,0.9457194765129612
20513,0.6049517012962768
20514,0.015899130700629482
20515,0.7799373508363083
20516,0.01837472668552914
20517,0.0461758163430986
20518,0.010115456487806856
20519,0.023127436066975787
20520,0.014674984651804975
20521,0.8255980563009286
20522,0.006958752130705719
20523,0.10260044910505971
20524,0.03241188265465874
20525,0.02718888305042216
20526,0.013668708852278302
20527,0.06381572117190511
20528,0.018828002022373967
20529,0.15266392267030676
20530,0.03825311948294378
20531,0.064201413290039
20532,0.20088471658467363
20533,0.02609069875805901
20534,0.005355780229306557
20535,0.06801910260589182
20536,0.005507672063583184
20537,0.7104756252183423
20538,0.07351987573181047
20539,0.0243418820505503
20540,0.4750610815208504
20541,0.007915423965537884
20542,0.05712457150905362
20543,0.1530193726361605
20544,0.6473908692571714
20545,0.07946368126611565
20546,0.006689611476447712
20547,0.16552513558601517
20548,0.8300669049313618
20549,0.059581116474370165
20550,0.08227445951984366
20551,0.00804483561420632
20552,0.36842992097785526
20553,0.008873119700016361
20554,0.04357293234234909
20555,0.030230821740191934
20556,0.05820362335884458
20557,0.17268799912452396
20558,0.003511332706318433
20559,0.004666532484368112
20560,0.01855922556619981
20561,0.0041794987469667534
20562,0.011360141324125633
20563,0.006135268857964958
20564,0.0737438496060448
20565,0.0525338325125733
20566,0.15841104561892144
20567,0.044353059915987474
20568,0.013385862573894016
20569,0.033429936668528615
20570,0.07230131976677573
20571,0.003136579652870564
20572,0.08804620032322227
20573,0.015620732296075801
20574,0.15420358935925216
20575,0.012059560891077275
20576,0.14846456616350104
20577,0.363040727145331
20578,0.7637957027308971
20579,0.0138291870515368
20580,0.004824412605189268
20581,0.10351003672417139
20582,0.1351888208823776
20583,0.6246549525321246
20584,0.011891615635613976
20585,0.01800588307354157
20586,0.013526255396937619
20587,0.03135324560911466
20588,0.032113736453987844
20589,0.8439206608908069
20590,0.26757794884363334
20591,0.027279758077965024
20592,0.6807521794274283
20593,0.15580958222623037
20594,0.06909518902746017
20595,0.01610035832247376
20596,0.24244550549646673
20597,0.052580696461091016
20598,0.584406659729699
20599,0.09055365484685927
20600,0.7507166928574944
20601,0.013503615381904392
20602,0.5032172110425048
20603,0.06615891662248007
20604,0.024541292910914413
20605,0.012719022066721923
20606,0.37830422161085175
20607,0.01688271855500858
20608,0.9865964965964245
20609,0.8895485989071817
20610,0.39037775452966916
20611,0.04709612498115553
20612,0.013701620411759624
20613,0.23494850364580355
20614,0.9462258592195391
20615,0.686595742172441
20616,0.22331731547372954
20617,0.012296113350271294
20618,0.026994961460129894
20619,0.004565386050828217
20620,0.22920919954629052
20621,0.01215912453541421
20622,0.007402458853068041
20623,0.01858808324657426
20624,0.46885839701869036
20625,0.17337179546824402
20626,0.009283598684111466
20627,0.013889985393461915
20628,0.25959392674477083
20629,0.8376456436606274
20630,0.050049529527147994
20631,0.021770692866206975
20632,0.02557696744317832
20633,0.005647627248755529
20634,0.8373717732521878
20635,0.011134848223365901
20636,0.007898430068342732
20637,0.32631879040365996
20638,0.4362831168935511
20639,0.03580327300282331
20640,0.2539165465244903
20641,0.08283493951001575
20642,0.011491369299847832
20643,0.03826461757068924
20644,0.549541775732556
20645,0.13649441621702502
20646,0.008484594643426034
20647,0.08511081493552831
20648,0.06470536862483445
20649,0.02658773943803203
20650,0.08601021911501187
20651,0.03309777208780346
20652,0.1749264286093598
20653,0.137864953110116
20654,0.4824757384438604
20655,0.02198144358530067
20656,0.8160674814827301
20657,0.14343010426017863
20658,0.04385741685631462
20659,0.890827139888276
20660,0.16598956616948685
20661,0.016562201223767236
20662,0.005943153888862659
20663,0.09349865366149614
20664,0.018286886091784672
20665,0.02145344799505016
20666,0.03629874195170275
20667,0.012932054748198236
20668,0.019463130206177754
20669,0.10579393797396892
20670,0.9528855384505951
20671,0.013579311628660813
20672,0.9282196359012437
20673,0.10957739105466688
20674,0.01279832102242199
20675,0.006090061247246289
20676,0.06804194600579988
20677,0.04488867074052482
20678,0.0192701046171462
20679,0.017858389900152077
20680,0.5094736354788019
20681,0.003917320769774317
20682,0.3864494127088227
20683,0.5212891470035719
20684,0.013196694918691741
20685,0.10570078971668338
20686,0.025647358086085707
20687,0.0324984269880377
20688,0.8561839182081044
20689,0.5066947288189728
20690,0.011983831315485348
20691,0.0036578094081634116
20692,0.32811387859981633
20693,0.0848048105572019
20694,0.0053355692937265215
20695,0.007663595817076604
20696,0.0032290407643706617
20697,0.9866502426008688
20698,0.026504769413593556
20699,0.011854736857306753
20700,0.00566131591508313
20701,0.5828815184999517
20702,0.02023684593544872
20703,0.8609256969688189
20704,0.01470668526492005
20705,0.3283251959099248
20706,0.01331520050603988
20707,0.01788903607745018
20708,0.16363206966321486
20709,0.03751362805388482
20710,0.11428502508101038
20711,0.06056690617704924
20712,0.2717118769791681
20713,0.7934674400386057
20714,0.8269617866261749
20715,0.00973866866524513
20716,0.14858143030378365
20717,0.17409203606312304
20718,0.2773839163913634
20719,0.0034366950872724822
20720,0.16065285968488072
20721,0.09730545988861951
20722,0.13539751865428143
20723,0.010265356554513758
20724,0.025528740952971838
20725,0.007320975142940348
20726,0.01580834376318929
20727,0.9443509669968528
20728,0.06780240282791362
20729,0.01280995955394275
20730,0.01923526622384711
20731,0.15469008026780026
20732,0.050879318993614885
20733,0.9203338840357698
20734,0.10933267101408584
20735,0.5552258658445696
20736,0.01484631065482673
20737,0.6897421328373963
20738,0.7955403179310088
20739,0.042067665512245396
20740,0.01788258101408356
20741,0.5441966885923336
20742,0.009554532226026369
20743,0.040228836387811766
20744,0.3762162753547194
20745,0.8480816230499418
20746,0.03672705398351976
20747,0.052459244378038984
20748,0.02906272694323497
20749,0.00853703311419335
20750,0.2125316690730485
20751,0.9819222951168797
20752,0.008013871930214262
20753,0.3768030032356558
20754,0.11644060079415233
20755,0.09272997640806671
20756,0.10978194515069156
20757,0.029353918349864692
20758,0.06347287169697045
20759,0.1933720086886683
20760,0.013560405591716666
20761,0.0367158206032276
20762,0.21419558286398047
20763,0.006927121370130411
20764,0.7637627762614586
20765,0.10554738383905456
20766,0.06894090261237892
20767,0.6000792308551826
20768,0.00833841351187819
20769,0.024900719947092233
20770,0.007931052215443433
20771,0.07108541452391882
20772,0.015286716304513007
20773,0.003613896666166076
20774,0.027204338582648542
20775,0.013198422184942939
20776,0.11956449397627868
20777,0.011688766283036616
20778,0.03392464757000815
20779,0.8061463589031544
20780,0.9219319251358284
20781,0.04650813132340867
20782,0.038024508726027396
20783,0.650779076195999
20784,0.010670462610112025
20785,0.00410015990295812
20786,0.9817421141184057
20787,0.0532310488447778
20788,0.5279965184641235
20789,0.5386943876760845
20790,0.05716859257504337
20791,0.5465835955138396
20792,0.010025334680350325
20793,0.005710485911238125
20794,0.006090061247246289
20795,0.0969896918242094
20796,0.6677716946867415
20797,0.27310223433828695
20798,0.007288622145337216
20799,0.05697161710388616
20800,0.8567679375947265
20801,0.6150568948559565
20802,0.2305394519708801
20803,0.8025591663730909
20804,0.12989355162618177
20805,0.06596974541987793
20806,0.3656663009991201
20807,0.018066551037559702
20808,0.018900794171495088
20809,0.27616747513382833
20810,0.0788830974368046
20811,0.07465603243055763
20812,0.06306806289907015
20813,0.015723792462044105
20814,0.11689925761810441
20815,0.6815739081608152
20816,0.1282225091506392
20817,0.0030480465435881853
20818,0.00322464775538202
20819,0.013456317217013333
20820,0.27044014018545837
20821,0.6868966955647474
20822,0.17368264001815856
20823,0.0025141403228494718
20824,0.013064978044412201
20825,0.2096302924344881
20826,0.034520162319924136
20827,0.09265316888151924
20828,0.06483912359087968
20829,0.2192217958067656
20830,0.7255611451001183
20831,0.18236706909525502
20832,0.029988996736507383
20833,0.8352976188285012
20834,0.637108715887224
20835,0.012109357072693326
20836,0.8919135475655573
20837,0.010347823980385494
20838,0.017530810029284808
20839,0.050379738462664254
20840,0.013675957642464374
20841,0.10163401906990827
20842,0.18346450237513193
20843,0.019030669596611063
20844,0.03616732336635374
20845,0.6517131074303838
20846,0.003920697756922442
20847,0.056813303584035406
20848,0.010415277914875176
20849,0.009046936839589393
20850,0.02931720372993177
20851,0.06067101480797851
20852,0.9412548003515007
20853,0.05933625196330405
20854,0.008802349011375155
20855,0.11314067493117061
20856,0.20468598642317382
20857,0.5882637918322051
20858,0.975747075049959
20859,0.017710656543178212
20860,0.12004855121383877
20861,0.027354468533702818
20862,0.23196998665633406
20863,0.3311925929466335
20864,0.01550605293000857
20865,0.09086441348987555
20866,0.028300109916923853
20867,0.00927295675067796
20868,0.9137910514596673
20869,0.006494536662658753
20870,0.004665549399550387
20871,0.007391823713028694
20872,0.012955765312521328
20873,0.019643943776001573
20874,0.8941858793166884
20875,0.21752286974725454
20876,0.09908506905482736
20877,0.183848631715534
20878,0.03735894719953978
20879,0.008127860719765482
20880,0.015906189302225007
20881,0.05452374316273474
20882,0.6304202138094189
20883,0.02590802152356966
20884,0.00870971636601535
20885,0.04417764255648691
20886,0.15501400625647688
20887,0.007419405166572325
20888,0.11929341205802775
20889,0.04547158045969913
20890,0.17435536749104408
20891,0.03747286444499506
20892,0.09358109969873082
20893,0.4228972442854213
20894,0.03041756977516144
20895,0.05421496350974308
20896,0.8166419891463039
20897,0.003996391339572236
20898,0.2974753159830734
20899,0.20992773166774945
20900,0.03799361738379621
20901,0.018481333839313316
20902,0.21187447674595625
20903,0.7968003958932207
20904,0.016795619422457126
20905,0.03602143729058109
20906,0.0995852735355456
20907,0.022372665001205487
20908,0.005224352697245921
20909,0.007070743427033675
20910,0.2966912699750241
20911,0.4772993513413525
20912,0.004991231776974719
20913,0.822354725394664
20914,0.22428615523279613
20915,0.028906911243500737
20916,0.008994085954167397
20917,0.056778216839801714
20918,0.03293083948438314
20919,0.011575514351605445
20920,0.067826003892807
20921,0.0038948701554220467
20922,0.841480469637465
20923,0.004319110180264556
20924,0.9538404949423192
20925,0.09604986003224693
20926,0.9902927884372039
20927,0.03536968669702788
20928,0.12753237560024078
20929,0.38079429453692626
20930,0.03442652236949065
20931,0.017567496022520102
20932,0.005469875809388191
20933,0.014386400826679512
20934,0.026450383964423497
20935,0.06313831895756856
20936,0.9379411301953601
20937,0.005957112034337371
20938,0.020883339288645098
20939,0.01160269746571118
20940,0.354501426024528
20941,0.011275414571282111
20942,0.02888789899431563
20943,0.16933881823609132
20944,0.775711450300731
20945,0.012358336621569698
20946,0.8923283295226854
20947,0.014788056802557762
20948,0.04603173885238172
20949,0.18868401517181882
20950,0.017579925650316807
20951,0.039991252799811465
20952,0.8053110897773182
20953,0.09368096044897646
20954,0.05177099334415496
20955,0.05053896519738598
20956,0.013885945234613407
20957,0.04614339486136003
20958,0.04883109060749273
20959,0.7479417209344781
20960,0.11288953975494823
20961,0.03282263803899876
20962,0.06589976509924554
20963,0.01325873820799312
20964,0.07988357647624372
20965,0.01484269369669823
20966,0.35598032942383445
20967,0.23824970805287204
20968,0.07909853263484777
20969,0.02247237027747581
20970,0.005347580898440405
20971,0.025790858675859465
20972,0.008123411186623263
20973,0.01971248994407986
20974,0.006222162188290716
20975,0.237729626215529
20976,0.0059873762965586596
20977,0.12553580049490712
20978,0.15368630033036887
20979,0.023771222197897506
20980,0.26213700776520876
20981,0.04684607730376975
20982,0.01683700401393395
20983,0.028737845371897715
20984,0.012041751198955375
20985,0.016052108330000675
20986,0.11605511143653659
20987,0.9860744846729237
20988,0.8082863243006982
20989,0.1357311683625084
20990,0.6848081415719686
20991,0.9597823690430025
20992,0.152279819575247
20993,0.005891523847818766
20994,0.02325749266528097
20995,0.0362663464384059
20996,0.04038880458169584
20997,0.1535265895404689
20998,0.13699782187898166
20999,0.013229307784178577
21000,0.9838271397747984
21001,0.008996727592214803
21002,0.8259965018447365
21003,0.008329676972447683
21004,0.5655127355230422
21005,0.02905234255827291
21006,0.9153321427485689
21007,0.008318984885947301
21008,0.029472927184608137
21009,0.0637931169862033
21010,0.9145783761215729
21011,0.05052460323242054
21012,0.027579953008562898
21013,0.009814849471963134
21014,0.14246088438023594
21015,0.2081091725573813
21016,0.09051938570845285
21017,0.006317715421933236
21018,0.0059206350768326
21019,0.07589008084632469
21020,0.048693652941996374
21021,0.03772179768486012
21022,0.7959790959564613
21023,0.027461298029112045
21024,0.7549227112676349
21025,0.13178496738911138
21026,0.24219419251594682
21027,0.9604764573682939
21028,0.6930859544192918
21029,0.026349360907972304
21030,0.17296296349114398
21031,0.791318895716876
21032,0.053057946308315916
21033,0.8609502127846597
21034,0.966650425645362
21035,0.034401380765219036
21036,0.9395848946603887
21037,0.44437498135854414
21038,0.011761679369536267
21039,0.9390793353421757
21040,0.01517345528858677
21041,0.16092716904710994
21042,0.1300343536870866
21043,0.011636129836329105
21044,0.6842538820602763
21045,0.03143718066140731
21046,0.36673025941457726
21047,0.946038244613886
21048,0.023073246337285087
21049,0.9615428098356964
21050,0.01143850511520922
21051,0.31525138188316765
21052,0.012244046091530725
21053,0.11980689967829534
21054,0.6881945957309185
21055,0.018826618864900366
21056,0.08576530725297177
21057,0.9871695632798262
21058,0.012002547868963868
21059,0.8709874811676874
21060,0.8712062594458178
21061,0.11832292487079465
21062,0.0077444757053084685
21063,0.022572761400640635
21064,0.610783769537145
21065,0.19219073733086955
21066,0.005810923832134556
21067,0.00426455333325327
21068,0.1489388425271201
21069,0.0634223317952722
21070,0.03067707151024488
21071,0.621034222431187
21072,0.006460204577878485
21073,0.30594415466170893
21074,0.01870996262547817
21075,0.04153073343809895
21076,0.01480568019225838
21077,0.16076250214237275
21078,0.3462612565076164
21079,0.8965665566742045
21080,0.04776842189191412
21081,0.9484328940949401
21082,0.06528507227443961
21083,0.03370629691717855
21084,0.46723353890439395
21085,0.00868890752145391
21086,0.09375627163549796
21087,0.1567469172886211
21088,0.16372081756850493
21089,0.15572719472404717
21090,0.02613519753248082
21091,0.016795590824674547
21092,0.2672378374356946
21093,0.004876933744818614
21094,0.013669695473885404
21095,0.04449338369561156
21096,0.00510154571205237
21097,0.032031618556425966
21098,0.025423192760941033
21099,0.059103572411179174
21100,0.04488267184895865
21101,0.010481221936392901
21102,0.007298923546006741
21103,0.08065855727894679
21104,0.18426763125725956
21105,0.006041059390963223
21106,0.646320359397677
21107,0.05855019580032278
21108,0.23009945652588995
21109,0.9472871130934143
21110,0.6121059131794324
21111,0.992593377244158
21112,0.00459019448823939
21113,0.01753678632941474
21114,0.9643533175388177
21115,0.23086053970467693
21116,0.9717645634126278
21117,0.1466341138262364
21118,0.00520918644289734
21119,0.9442908938341535
21120,0.005138714890878737
21121,0.3148905306627094
21122,0.051291655812943926
21123,0.0717420640026077
21124,0.025408419525658425
21125,0.08013455910782435
21126,0.007140488042773496
21127,0.018810821241865328
21128,0.0037091519660531654
21129,0.03160406611991569
21130,0.9079056590076711
21131,0.4757750882319704
21132,0.11713430036853996
21133,0.038291871867956136
21134,0.010160527109553603
21135,0.9231068172186033
21136,0.04409205512225713
21137,0.005443612498313094
21138,0.012368048956940545
21139,0.034420309476944425
21140,0.67280709256815
21141,0.01590599571045936
21142,0.01911905707903435
21143,0.0757060959388094
21144,0.007607545980934201
21145,0.01988579316919534
21146,0.05109879686146521
21147,0.46198377591769124
21148,0.3248863975982764
21149,0.016007590514458953
21150,0.01135958916056442
21151,0.8883175954300797
21152,0.013732923117554903
21153,0.5515269823793653
21154,0.01556024580582456
21155,0.029102579761107875
21156,0.6377835865537527
21157,0.03875124772444477
21158,0.3289340330287502
21159,0.010749437834972089
21160,0.014163423167680678
21161,0.0036676845877253623
21162,0.04136890883048512
21163,0.8053110897773182
21164,0.018473840236890433
21165,0.26271232294731084
21166,0.9629304542252936
21167,0.05932216188042372
21168,0.007939451361230953
21169,0.42944573884753084
21170,0.46701709281223985
21171,0.22814839530540731
21172,0.16604001023541276
21173,0.010221033647033228
21174,0.9770602501552232
21175,0.27333858396490057
21176,0.007901369311291343
21177,0.7552757051530581
21178,0.5880201465407544
21179,0.003716082031301802
21180,0.9238883123684759
21181,0.03375517952179824
21182,0.005816326372860632
21183,0.04227164493088915
21184,0.6223842322983604
21185,0.10977283403613518
21186,0.009009067286947853
21187,0.005176809473225067
21188,0.0075704148453903455
21189,0.004720490602090681
21190,0.013861106477581209
21191,0.8062457216894702
21192,0.069216802676779
21193,0.2776825587916604
21194,0.9518306308840279
21195,0.03534797443144
21196,0.1852362219363739
21197,0.0053719539463374264
21198,0.014408216988719837
21199,0.6486595196193
21200,0.011639879617186192
21201,0.031338977404580484
21202,0.009312566044936781
21203,0.10954238321528398
21204,0.017100373449868707
21205,0.0031459844919125846
21206,0.8998911822699511
21207,0.0042285289013301915
21208,0.04967746566749752
21209,0.9416744712558119
21210,0.1631723567551433
21211,0.9403501137406747
21212,0.008422167701315505
21213,0.8818622592824693
21214,0.11703477205247967
21215,0.09420516840484137
21216,0.3690814783814028
21217,0.22033342799175457
21218,0.005892928411197185
21219,0.01476307836119649
21220,0.20860644933591302
21221,0.014141687065304243
21222,0.008930924385126533
21223,0.05160888412201112
21224,0.49770419795782167
21225,0.009796167390869297
21226,0.25554625715231094
21227,0.012576646009510913
21228,0.9284657758985562
21229,0.9416744712558119
21230,0.24388647151982976
21231,0.7418343219210263
21232,0.13682958013410176
21233,0.2530671785339821
21234,0.024368722699337434
21235,0.4905788640008953
21236,0.7671739198944368
21237,0.00621461321320055
21238,0.0076737097413822385
21239,0.015075270707256436
21240,0.008495732966118883
21241,0.41355870853257093
21242,0.9359006648623301
21243,0.30236970260748125
21244,0.03241793642564822
21245,0.9718195005739294
21246,0.003543111734649291
21247,0.01812252758284825
21248,0.06288948018518763
21249,0.9834694361032482
21250,0.005227856173268376
21251,0.01707257903538259
21252,0.07729243391855736
21253,0.009246519356766012
21254,0.012269191753198107
21255,0.05218549741241375
21256,0.06564392060731422
21257,0.761409357846519
21258,0.15873478177840816
21259,0.044437568012671035
21260,0.11781382868140944
21261,0.020071960961542533
21262,0.022973178862629017
21263,0.08818043254163135
21264,0.006247748824904604
21265,0.01632741414657422
21266,0.0034363990038307965
21267,0.018471074228542248
21268,0.9606386317805313
21269,0.4082921193542012
21270,0.2382821713837219
21271,0.22745315676502312
21272,0.1127574056859548
21273,0.013229569042979098
21274,0.008155809573968067
21275,0.16067981461031686
21276,0.00327701124753877
21277,0.021301696060395902
21278,0.701171705703281
21279,0.27155495732259155
21280,0.08526346064850938
21281,0.012274834798702798
21282,0.3294286110979795
21283,0.16734887541459167
21284,0.9631688243800451
21285,0.02303210163495739
21286,0.42661105275234745
21287,0.004303556902251633
21288,0.017071665111380384
21289,0.009944769868879476
21290,0.4336484209948735
21291,0.0044831088711538795
21292,0.9516002329467902
21293,0.014221225018441436
21294,0.1709159929842379
21295,0.5305611984283445
21296,0.0073798881037654435
21297,0.9795076044789782
21298,0.19213118905679355
21299,0.5473162385249346
21300,0.17724674720253672
21301,0.9421791170997783
21302,0.9738251599216972
21303,0.004702901211857027
21304,0.005179884650467361
21305,0.023146696954247165
21306,0.020692262071233626
21307,0.0044188483559902845
21308,0.1607483990107981
21309,0.06960586131227962
21310,0.010512094984097475
21311,0.08285057288065814
21312,0.41554678321522337
21313,0.012048980184645692
21314,0.17207408450353354
21315,0.10673827775421343
21316,0.4571049844198382
21317,0.2877852772669077
21318,0.8123811116859736
21319,0.02853102223402581
21320,0.019333697423837632
21321,0.006529264854161851
21322,0.04206631479195675
21323,0.9707005335020147
21324,0.013345173280361116
21325,0.02621063126665523
21326,0.6487296790630739
21327,0.004501072836345338
21328,0.014622571903207884
21329,0.0246147947298923
21330,0.004057489854133023
21331,0.00522089144431473
21332,0.21007891254263408
21333,0.0032106827666558584
21334,0.8760796336558273
21335,0.34454417805406024
21336,0.01781183481471127
21337,0.38782693528218665
21338,0.8125326425464834
21339,0.12323236655554887
21340,0.01873316400685673
21341,0.010491087602150697
21342,0.07417945461047745
21343,0.02746581128831529
21344,0.01630096437855692
21345,0.017476751808507607
21346,0.006184698731061993
21347,0.015102946963322358
21348,0.9955111724190033
21349,0.003992314680917647
21350,0.07030570687892378
21351,0.8477516179949622
21352,0.006153309057944267
21353,0.9419871546754882
21354,0.005235823942439665
21355,0.09827060724073497
21356,0.009180918177782296
21357,0.013489476200612527
21358,0.5637721065960551
21359,0.751796065700448
21360,0.21336345322776257
21361,0.9948085285421204
21362,0.02303282912811632
21363,0.11191488015084024
21364,0.006890760484255876
21365,0.023998390445914227
21366,0.01408143574452055
21367,0.48886265103789517
21368,0.9802076701617952
21369,0.010815895919826792
21370,0.7579120840350799
21371,0.9718960336328227
21372,0.017212766511492228
21373,0.0051772427090342864
21374,0.02295678847479275
21375,0.02749095120658992
21376,0.59843939777386
21377,0.15041718178481728
21378,0.9270226567490204
21379,0.28840297361344763
21380,0.6152875508153867
21381,0.013159603145465716
21382,0.049932413733090875
21383,0.0038132420530800726
21384,0.004531200088932412
21385,0.21194472922028929
21386,0.974079757743124
21387,0.16070287284001603
21388,0.34454982322042876
21389,0.047605104410963196
21390,0.007806843321082247
21391,0.01493432139248045
21392,0.012752254323948508
21393,0.01085154883767504
21394,0.0740772629942006
21395,0.6499614051838631
21396,0.17908990645135542
21397,0.9200947731904535
21398,0.006875313509900403
21399,0.08822182736583017
21400,0.857535899996532
21401,0.0037784261960776503
21402,0.016947414345490602
21403,0.16911091884022564
21404,0.04865177641435664
21405,0.010278517647987278
21406,0.0038079849029100045
21407,0.03154082422530421
21408,0.01778462744750755
21409,0.026142775024896064
21410,0.12166517939184547
21411,0.2957165140492748
21412,0.045703188573349714
21413,0.007063590495026602
21414,0.012118709647777549
21415,0.012417771952639652
21416,0.050449900400679655
21417,0.09421860933407158
21418,0.012576247376969944
21419,0.021267466885814663
21420,0.006245575986478695
21421,0.22132521336377267
21422,0.12077723934922657
21423,0.01072575454396039
21424,0.20521773390058154
21425,0.5266092679934985
21426,0.24121447017828368
21427,0.0714954520387389
21428,0.06171118543797223
21429,0.41704278795347727
21430,0.007201939375658514
21431,0.03475380505904879
21432,0.5180225409305932
21433,0.007291982711521329
21434,0.00973558685535825
21435,0.005153871252523976
21436,0.07653130672844756
21437,0.20648909808793495
21438,0.004741629431827028
21439,0.42649073438490565
21440,0.018233055578938527
21441,0.05024426232403905
21442,0.013872078574100142
21443,0.034041712390900425
21444,0.005859863500911418
21445,0.09611082678933552
21446,0.018348279932942232
21447,0.008648703221946726
21448,0.13638635352259337
21449,0.03381800318974937
21450,0.12449882795729691
21451,0.746192742137171
21452,0.7585030796268161
21453,0.09691170626032257
21454,0.03835946046045103
21455,0.6492085948074987
21456,0.04244843169559166
21457,0.009281429199733139
21458,0.48971130824566916
21459,0.15378946573388913
21460,0.012160023578039138
21461,0.021521108339947654
21462,0.9198657438469314
21463,0.007355039573098822
21464,0.08026091164597744
21465,0.24569864531952992
21466,0.07217784663132135
21467,0.7704282040676054
21468,0.011394106716863235
21469,0.052521832635250544
21470,0.3007223244318184
21471,0.031236894358580413
21472,0.4744225750917617
21473,0.01453958597504257
21474,0.7424343760362972
21475,0.01424907631412326
21476,0.004536008563458786
21477,0.007173015033034916
21478,0.014318972369610768
21479,0.9194195282894693
21480,0.019618810528845718
21481,0.004967119248818741
21482,0.021030288662485443
21483,0.5865607850010739
21484,0.03508090556793929
21485,0.031398451271856476
21486,0.02432454126622065
21487,0.12181266194221792
21488,0.7193170362190345
21489,0.026764152737846107
21490,0.007023027536972308
21491,0.00814661027943826
21492,0.07563162089386581
21493,0.35370034475819767
21494,0.05950753741645155
21495,0.14112748220463733
21496,0.01482967101329634
21497,0.00701914595802352
21498,0.023353400080516985
21499,0.2144930585475495
21500,0.30006731882231624
21501,0.04329408985873745
21502,0.09048793968485783
21503,0.17272883145941184
21504,0.10803487743235939
21505,0.6051428788637785
21506,0.029399649382177536
21507,0.01667684236992426
21508,0.5678451063034301
21509,0.004722815886658102
21510,0.6783032773274489
21511,0.6557487513910957
21512,0.01849555245763698
21513,0.04494253714643298
21514,0.0235279275709011
21515,0.06860619767727318
21516,0.41004468805638106
21517,0.10100319057396656
21518,0.016264628799582553
21519,0.017118462060629332
21520,0.014890864926833225
21521,0.04004073686476016
21522,0.019186272337661184
21523,0.05224746448765816
21524,0.008516704004817298
21525,0.09173138594402092
21526,0.7693125503957369
21527,0.003011813982130729
21528,0.010030468135257783
21529,0.012886521317780024
21530,0.2626957130513573
21531,0.19974323688447196
21532,0.737170966974368
21533,0.0066219125323313316
21534,0.09385023825716145
21535,0.24757028590573632
21536,0.8106657438824848
21537,0.23041126715023322
21538,0.0029607972459718664
21539,0.6189158554606298
21540,0.04444453386075216
21541,0.12761863657525793
21542,0.17795024571171808
21543,0.49865032125593806
21544,0.050877552688633004
21545,0.9531950495908854
21546,0.24924827222394735
21547,0.003310855736211735
21548,0.018062356996933825
21549,0.13020988720348828
21550,0.9313309182980442
21551,0.16016206043254633
21552,0.06286996670287816
21553,0.00962420234680298
21554,0.011816109564017404
21555,0.14339957674066836
21556,0.09529257242158658
21557,0.014038414381547681
21558,0.17828583681964502
21559,0.8140681061571309
21560,0.003727610330167032
21561,0.018591847426263814
21562,0.01843622676047426
21563,0.018191384471075066
21564,0.003377808116380786
21565,0.011676020475434729
21566,0.1356617171569283
21567,0.007476450529636032
21568,0.1914574495745063
21569,0.021529400406395567
21570,0.5498722481713899
21571,0.020332742567920677
21572,0.6343320673074593
21573,0.039052364539287156
21574,0.011199498490673887
21575,0.9485121186843863
21576,0.5253000074649059
21577,0.16535669651211596
21578,0.04547400530819317
21579,0.034822975801474226
21580,0.014022015756718657
21581,0.2540024664904877
21582,0.061483317745692254
21583,0.224248381516475
21584,0.027290613908431724
21585,0.15766012759465914
21586,0.8191128453347895
21587,0.020001010131719302
21588,0.5053604913340781
21589,0.031120344480981367
21590,0.14260494743637656
21591,0.11216423122214489
21592,0.013654471438332356
21593,0.9185426141437916
21594,0.007112243509873522
21595,0.016477686614196997
21596,0.053701431141470427
21597,0.09507215246105913
21598,0.8550581799663426
21599,0.004531200088932412
21600,0.5905103241351721
21601,0.0691659498622522
21602,0.16936386007163037
21603,0.9390063864739142
21604,0.029534356403037216
21605,0.08221146073433193
21606,0.008521533231557446
21607,0.020709601450104583
21608,0.07762080209944147
21609,0.49641034203859213
21610,0.060630380202991954
21611,0.15819274709769143
21612,0.022397031166525402
21613,0.019668343153596977
21614,0.3883376472272848
21615,0.031200134633033984
21616,0.2069377458216476
21617,0.7699347353143904
21618,0.01649986785584679
21619,0.5643944547799344
21620,0.008325349979941929
21621,0.031182260581347196
21622,0.8124003760965407
21623,0.05775750316752589
21624,0.46141809449793175
21625,0.45763197020873664
21626,0.1851206702469608
21627,0.3362729371812076
21628,0.09698217543710361
21629,0.04175091464775884
21630,0.004690153333879602
21631,0.017324112746744766
21632,0.845983046967201
21633,0.02458369189743823
21634,0.13540743060638
21635,0.004108454389695518
21636,0.09147299019576434
21637,0.023781944875306205
21638,0.03142995486739794
21639,0.9780428516951549
21640,0.8320749392667545
21641,0.17078821263745225
21642,0.025503701324226385
21643,0.045853301380903086
21644,0.02125707218008332
21645,0.01730113448348193
21646,0.16118890459393664
21647,0.015518855160243756
21648,0.9930211441167366
21649,0.08558956222446712
21650,0.07814129396438728
21651,0.2341275000550622
21652,0.011028819135209571
21653,0.2160817130358592
21654,0.011683769732326668
21655,0.03631327164997713
21656,0.049629138618264027
21657,0.048354053535355074
21658,0.012230827467946159
21659,0.002831289509215289
21660,0.18658123371090407
21661,0.05070896115571741
21662,0.5616740245325107
21663,0.09158036676096533
21664,0.3463871609457906
21665,0.007819972991962723
21666,0.20557880795466435
21667,0.012363506301188692
21668,0.0079289681603671
21669,0.020317097997874897
21670,0.6685967461929059
21671,0.015192167900571032
21672,0.24661370238600727
21673,0.3834177285648037
21674,0.03224141563575509
21675,0.7076934546951307
21676,0.04691452669859466
21677,0.022748199975066635
21678,0.3057953278448351
21679,0.004932655273552007
21680,0.3291997414026647
21681,0.014978123030621602
21682,0.0054499710561863
21683,0.2747644840839652
21684,0.4960544478992683
21685,0.4949658963712512
21686,0.012582088686902203
21687,0.003520415210181062
21688,0.012536265174481927
21689,0.6782860189679792
21690,0.5242288049293978
21691,0.03710201234789946
21692,0.47046304896849883
21693,0.011055632200710343
21694,0.22569549681061757
21695,0.02319924205910727
21696,0.009355422283122326
21697,0.02901945681795181
21698,0.01769879746511006
21699,0.016969267512150103
21700,0.7873796311274311
21701,0.12302766697210508
21702,0.2449692911549093
21703,0.016542969360421083
21704,0.16041245411727462
21705,0.15963731332722303
21706,0.3112359118690607
21707,0.018121547725962507
21708,0.010987395806117628
21709,0.06345668117251604
21710,0.025103555136749795
21711,0.10744890275437184
21712,0.028780596806760057
21713,0.6423165042642147
21714,0.20785523948188966
21715,0.02071634324477076
21716,0.9326982343507724
21717,0.00647322857662395
21718,0.16855556477485664
21719,0.9442501942681073
21720,0.18607482726661992
21721,0.02815307899710338
21722,0.031144004326772248
21723,0.03203871233006947
21724,0.48045616931056023
21725,0.018173387908866124
21726,0.40927102495261936
21727,0.008323274469495663
21728,0.015576863999873503
21729,0.04176451158102195
21730,0.012453355193479305
21731,0.6853595645153073
21732,0.006029736811232093
21733,0.025364560902095233
21734,0.42691839717766333
21735,0.0829380874752184
21736,0.6367831571609321
21737,0.006737002415540895
21738,0.055747033231074945
21739,0.06863670166422423
21740,0.8925601440965164
21741,0.0034767181336400493
21742,0.0075327909841712126
21743,0.6999856840696843
21744,0.42153977698496786
21745,0.06147080927112126
21746,0.028706091885328047
21747,0.5559775863510058
21748,0.029943148006862343
21749,0.0031159092653926302
21750,0.026432618715951553
21751,0.007554727222805528
21752,0.23542722142900926
21753,0.0361291779049289
21754,0.9531124240234422
21755,0.006176381168642662
21756,0.2705324288232255
21757,0.007886633717362021
21758,0.8372368520273116
21759,0.032863117212351925
21760,0.1535464031004332
21761,0.9408211876003983
21762,0.026582339182612866
21763,0.003652132640159605
21764,0.9798809832048485
21765,0.01945392084089251
21766,0.8667746519721671
21767,0.10694760585194961
21768,0.9804179829300259
21769,0.1369845376107085
21770,0.07004065392057447
21771,0.0731932614970039
21772,0.020566351454700545
21773,0.012656195929249858
21774,0.01285241018296294
21775,0.40569122288347365
21776,0.036691170406250695
21777,0.030413495670295776
21778,0.02751804005349719
21779,0.03194024357768292
21780,0.6995621213447462
21781,0.00597409778666355
21782,0.8751941514689981
21783,0.017293412955682555
21784,0.023281944215382027
21785,0.026402648179320313
21786,0.2692690755101992
21787,0.0043470228653539255
21788,0.00569695848842141
21789,0.036490574972455385
21790,0.0053079355504502684
21791,0.005201217386804691
21792,0.514030374369218
21793,0.8386003809600977
21794,0.44713223656410733
21795,0.006399161777252422
21796,0.41076243128979323
21797,0.9201763402675244
21798,0.052871681875983276
21799,0.9499076739685977
21800,0.5399200199720942
21801,0.041178953470855026
21802,0.010217020524814964
21803,0.09232415199531573
21804,0.33023100998613514
21805,0.908559375932855
21806,0.3279707432992222
21807,0.009463854826533075
21808,0.9590206482384069
21809,0.7468885330775601
21810,0.013315036607066053
21811,0.8423275787146629
21812,0.0033481924189044296
21813,0.01660330285102808
21814,0.937410161967552
21815,0.7545563657220614
21816,0.8341300153357609
21817,0.3040830970613929
21818,0.6693997901360617
21819,0.0035220987050003324
21820,0.008666516054038637
21821,0.10588013544665993
21822,0.0321477073975456
21823,0.04557212432143348
21824,0.004300445762202204
21825,0.03150340713913729
21826,0.010049015029838305
21827,0.6990096301597274
21828,0.9824526371680835
21829,0.0036570236431429557
21830,0.014882247894202895
21831,0.024674018169193162
21832,0.020484241273910044
21833,0.2269036359604972
21834,0.6364934261883748
21835,0.1739050238970178
21836,0.7757878502670509
21837,0.08884871937935411
21838,0.0031797779202520924
21839,0.20502035195009824
21840,0.006572772567332637
21841,0.19600235114057157
21842,0.6118450625359912
21843,0.10981683852048128
21844,0.5404306934722555
21845,0.01767321114440086
21846,0.004617230228036358
21847,0.028335471059793057
21848,0.00834209379038506
21849,0.937797870382264
21850,0.006098229265024748
21851,0.39335570911287254
21852,0.9221466304802737
21853,0.08326324977110645
21854,0.05024661481739298
21855,0.02001390125602031
21856,0.030264188266915713
21857,0.008925130989749475
21858,0.026904705533579168
21859,0.02216580994457983
21860,0.3619096797324018
21861,0.006309194554504437
21862,0.004757532158012798
21863,0.006048339329625469
21864,0.0036987331643981896
21865,0.013302204151360207
21866,0.8613574959860975
21867,0.004065242394007146
21868,0.00597351829223492
21869,0.20464050044736942
21870,0.003953935713919659
21871,0.08899842777691705
21872,0.005793668428337129
21873,0.25262452612289704
21874,0.023571496104575804
21875,0.011437396272759831
21876,0.7642687812713236
21877,0.09828920634934302
21878,0.3712162783198483
21879,0.7279672973774909
21880,0.008085153422562686
21881,0.12804493025285582
21882,0.021791653282800433
21883,0.005739879204699373
21884,0.9507973727620075
21885,0.010094089273382161
21886,0.015596355749158132
21887,0.6597718274934444
21888,0.33751147157813216
21889,0.011847356750298675
21890,0.82087040645848
21891,0.022439018913872684
21892,0.6780460418703884
21893,0.019854430382946365
21894,0.9562398269061964
21895,0.029894795608081545
21896,0.022149717726993628
21897,0.009306493155178177
21898,0.6530625936026373
21899,0.8086959243961973
21900,0.015998963294613273
21901,0.008629258674104943
21902,0.06211952654311023
21903,0.01437280164704016
21904,0.08009952093639912
21905,0.003987116329042395
21906,0.13493333258211265
21907,0.1570339438010122
21908,0.05445741568715843
21909,0.8509766796608881
21910,0.04454932092787376
21911,0.0331738665159668
21912,0.007453556028944677
21913,0.014277680210302339
21914,0.017319836082979604
21915,0.04534638911029656
21916,0.1861699457767197
21917,0.018493657678967226
21918,0.07945990294956999
21919,0.08891807631612801
21920,0.31703996141716967
21921,0.19071704661618544
21922,0.06749723628413419
21923,0.28054290961795064
21924,0.011854736857306753
21925,0.15406838297705483
21926,0.014467536533145156
21927,0.03357165990409168
21928,0.06113144614357894
21929,0.1303158219280284
21930,0.02959779151491574
21931,0.060817890115724894
21932,0.9449525028427089
21933,0.006755786754960212
21934,0.014197706518547758
21935,0.018493657678967226
21936,0.7794663886680017
21937,0.012858772120441096
21938,0.004670760571770589
21939,0.026389974448619413
21940,0.027574421077337777
21941,0.004979215062085573
21942,0.37462305156135667
21943,0.0057606856294306055
21944,0.004034440622426715
21945,0.006753955793522175
21946,0.020654768149364306
21947,0.013722424209090771
21948,0.019333389505680434
21949,0.004450762017948486
21950,0.11081492958443269
21951,0.008553510643757986
21952,0.016919087330463135
21953,0.8569938363471129
21954,0.2879336903251362
21955,0.6001336835876445
21956,0.47670794634360636
21957,0.04869380702400566
21958,0.04753912597149022
21959,0.9455791065617207
21960,0.02448025934274848
21961,0.059894663222801375
21962,0.006165547544836836
21963,0.15641663869140554
21964,0.0899566240341655
21965,0.01049776489767917
21966,0.22645997498261264
21967,0.022797608858697607
21968,0.2781005864334615
21969,0.018107576333009905
21970,0.9726600997467252
21971,0.7371778940725676
21972,0.21617733937002312
21973,0.13618132668582134
21974,0.5280648756528983
21975,0.02763592956559682
21976,0.005679033034024336
21977,0.0541554429674771
21978,0.07245308278895446
21979,0.009573712108319275
21980,0.020447722154990723
21981,0.084999022077841
21982,0.5813070174486795
21983,0.024052529135337904
21984,0.26527923306858087
21985,0.9714156099405287
21986,0.9835590799185069
21987,0.9808079485033127
21988,0.0035422624781513926
21989,0.03822586096305233
21990,0.10559441919705359
21991,0.004959074974130274
21992,0.005130918544654181
21993,0.007218955695959353
21994,0.049033026023020766
21995,0.08257817691025825
21996,0.08645293805585369
21997,0.01061848632132952
21998,0.21106899732683382
21999,0.6025858136432631
22000,0.0035993137201358596
22001,0.510627288360024
22002,0.4834453338350357
22003,0.012549406954512907
22004,0.010404860101628305
22005,0.29188258038980863
22006,0.9543013392444797
22007,0.43916514336930834
22008,0.28194135323780484
22009,0.007966220231995518
22010,0.12385617813389771
22011,0.944173405697256
22012,0.011870919125555575
22013,0.2535195107538947
22014,0.00854633188556783
22015,0.030821496816588818
22016,0.025395403595732568
22017,0.07990251855422302
22018,0.07187277613964634
22019,0.08181710210705952
22020,0.1099078389197311
22021,0.07103641764117603
22022,0.6891090899451916
22023,0.07603853887427715
22024,0.019222819502687463
22025,0.024829494216886464
22026,0.8857688965612392
22027,0.2191907888323143
22028,0.11216993851901358
22029,0.006878939808804852
22030,0.016904289217494557
22031,0.007280050750707536
22032,0.1304807085582971
22033,0.09072835865317955
22034,0.5501276038014442
22035,0.15035508317410626
22036,0.18138802807356988
22037,0.22550307756112167
22038,0.03911423497984911
22039,0.07046153859091923
22040,0.018789798703709497
22041,0.21560873342256895
22042,0.004832931742238201
22043,0.04914146088189216
22044,0.036001647081012514
22045,0.0839858743858624
22046,0.037535378705146484
22047,0.3181024769064882
22048,0.041323147442263834
22049,0.03405379508689998
22050,0.026858261541623213
22051,0.03006084368215923
22052,0.017218430229058862
22053,0.011446664614723394
22054,0.12037459865022532
22055,0.1590987722833764
22056,0.4786637845625438
22057,0.43469102925942776
22058,0.020314358606669088
22059,0.7326871770289913
22060,0.006702816067679055
22061,0.249535865917836
22062,0.03423696242283968
22063,0.40230271404011964
22064,0.04667178097815534
22065,0.020647035714790485
22066,0.39491097307453216
22067,0.03882556707949074
22068,0.036768220707239466
22069,0.005199855793706539
22070,0.21855628470972047
22071,0.013306750820709468
22072,0.0688014160063739
22073,0.012655084973527832
22074,0.8248331366434528
22075,0.9898680150330448
22076,0.017606147682115665
22077,0.02618383443098912
22078,0.05994995546470048
22079,0.003856328299075009
22080,0.07013529982083919
22081,0.00797515413820879
22082,0.9666164337902898
22083,0.8145885172320301
22084,0.0038189871387059216
22085,0.7936023380596069
22086,0.008087552917017146
22087,0.0038669732451728726
22088,0.004971747418977066
22089,0.003292694720092975
22090,0.01846378587714243
22091,0.01648788532623624
22092,0.0034801591105457262
22093,0.08433153382599454
22094,0.14797195998773022
22095,0.007673779558379878
22096,0.0056905644658100185
22097,0.5972473859117203
22098,0.347150862440244
22099,0.01855888771633626
22100,0.027936506197250792
22101,0.007576157662939144
22102,0.01756245170432805
22103,0.46439743517898485
22104,0.004112255673683313
22105,0.004423339575983651
22106,0.008432676854467898
22107,0.0908209094271915
22108,0.6943631941838339
22109,0.1862208365717961
22110,0.02681047750652264
22111,0.20468279656716523
22112,0.01927645487465524
22113,0.8395158148822484
22114,0.06492388917846617
22115,0.6077861369629235
22116,0.04097548440336613
22117,0.15122306744306305
22118,0.041869953710733626
22119,0.008598587546281946
22120,0.009302797278514834
22121,0.1653305496659197
22122,0.15748049023754593
22123,0.6563063989285856
22124,0.10757452431493159
22125,0.07066023773930769
22126,0.813269486900603
22127,0.9046600213211954
22128,0.01941788331614352
22129,0.06447296032969159
22130,0.01572426074751746
22131,0.08491506492133888
22132,0.053614757580774206
22133,0.036543413275481
22134,0.18772073597173297
22135,0.2518116384876843
22136,0.002884062739950388
22137,0.9314246552419979
22138,0.19210649907806593
22139,0.5445983851565912
22140,0.16241897463825472
22141,0.02672716495351588
22142,0.17526979405855872
22143,0.08133334890686382
22144,0.13882391463178503
22145,0.8694615259369556
22146,0.031560314727251765
22147,0.07991228138515163
22148,0.00538724935039412
22149,0.009287865963155752
22150,0.00959313868792386
22151,0.3309369349845716
22152,0.003421211831669275
22153,0.03221194168950011
22154,0.036329387897301876
22155,0.006633628083947337
22156,0.10751658527536256
22157,0.01913711986763357
22158,0.3441155053601345
22159,0.7819085671713307
22160,0.014357478673599374
22161,0.007455436051230309
22162,0.024146398802664136
22163,0.02672618271574636
22164,0.03256658923487315
22165,0.020614227246626777
22166,0.13456025987247844
22167,0.3082447998213936
22168,0.09990415222477142
22169,0.1714504783188963
22170,0.02611303030779783
22171,0.6159062847393012
22172,0.06016806343981011
22173,0.015964256739958625
22174,0.9079974667633008
22175,0.008764158315309493
22176,0.007898791844738122
22177,0.5325802182376879
22178,0.011485480155630378
22179,0.011611899781444949
22180,0.00906755807314189
22181,0.014558537123327097
22182,0.0401432537409972
22183,0.7761650128523017
22184,0.10131545068138617
22185,0.03386933473329251
22186,0.9632626392207756
22187,0.8225249937748957
22188,0.01818885928812668
22189,0.3355993132167113
22190,0.0035772386706993727
22191,0.6797219757969442
22192,0.1943418025400356
22193,0.6338330946502424
22194,0.07157845756245632
22195,0.01837479889015643
22196,0.037588101637617895
22197,0.12711717532208747
22198,0.10956402029206473
22199,0.014217468239631117
22200,0.8726666436469559
22201,0.16699016654286117
22202,0.0036730973678051086
22203,0.012897284597561683
22204,0.012758839091402933
22205,0.09526814484574658
22206,0.08381920086778506
22207,0.7116316341605622
22208,0.011208819985878459
22209,0.31500895296689113
22210,0.019549339590686932
22211,0.6414869119237812
22212,0.028246979143241185
22213,0.02658522232134936
22214,0.02859586853495997
22215,0.013376974999883886
22216,0.8030998542740884
22217,0.008404751718477429
22218,0.042977754956983444
22219,0.012912389745860151
22220,0.7951241352939414
22221,0.00488393437959387
22222,0.041083627818126835
22223,0.5157096187145137
22224,0.04646425216243147
22225,0.049912222161101735
22226,0.004318486233517425
22227,0.010123778624574555
22228,0.7501164708161469
22229,0.0399143809739748
22230,0.8532628833283892
22231,0.6720766660082347
22232,0.15218799313191403
22233,0.009083188410419865
22234,0.11288188683780603
22235,0.007436387850128617
22236,0.09929135126531369
22237,0.011526950848886134
22238,0.834294375018885
22239,0.03528557035023307
22240,0.0067701780473095555
22241,0.04512239877838988
22242,0.06518616983759148
22243,0.009650961070615782
22244,0.005919847354377434
22245,0.02519913306040311
22246,0.3307855007567791
22247,0.01995301591938165
22248,0.03542308977526685
22249,0.0432843723048627
22250,0.03184088326944714
22251,0.006815790455090143
22252,0.934091938226195
22253,0.04442720833257433
22254,0.0429819556253812
22255,0.005694745302538862
22256,0.06864455873763477
22257,0.09438085165303849
22258,0.05936137881510515
22259,0.005863778202485518
22260,0.015349943410141696
22261,0.007981284368357447
22262,0.4440106938931855
22263,0.9802003435519449
22264,0.011808028677240776
22265,0.0034308927665177105
22266,0.008672257598301054
22267,0.023695062792968635
22268,0.2365271337272749
22269,0.0064730823510658324
22270,0.013304237947255257
22271,0.00694892186373151
22272,0.10603776596857689
22273,0.49077479494474896
22274,0.029331256988687358
22275,0.43228594953087346
22276,0.20655209348800446
22277,0.9102754822620276
22278,0.16954607813674014
22279,0.009034829771726755
22280,0.8913273714462339
22281,0.47777974382641725
22282,0.482780836021416
22283,0.6994092489845755
22284,0.16118075768334003
22285,0.013997121944547601
22286,0.01798564124589853
22287,0.0853068630570053
22288,0.2902606226766695
22289,0.02335665463929999
22290,0.005173638706547162
22291,0.026926257806461698
22292,0.03897351878367864
22293,0.9612331594003444
22294,0.023861063122187637
22295,0.13273601402237803
22296,0.9306963652031629
22297,0.9184663328173288
22298,0.9687635026551468
22299,0.05022463404107993
22300,0.029271810220471726
22301,0.020552980367168384
22302,0.05967455103876809
22303,0.8034613852675099
22304,0.02108043863675257
22305,0.08410283301862966
22306,0.031275558986343974
22307,0.004043066100769977
22308,0.6749774939069795
22309,0.19578062514093558
22310,0.9193351227182411
22311,0.02900348266583943
22312,0.94072599040986
22313,0.004184636314312249
22314,0.013359966223567336
22315,0.02476208846793137
22316,0.0444051164576013
22317,0.30428046799605296
22318,0.9681758278115178
22319,0.34322687222148973
22320,0.25607076842975557
22321,0.009385833039919937
22322,0.02085807005863095
22323,0.006249570273695919
22324,0.015346066855169363
22325,0.07895660312761411
22326,0.8120626094100022
22327,0.21442827602210068
22328,0.022835638293113063
22329,0.2509553395531966
22330,0.6822020178116276
22331,0.2534451655192472
22332,0.036495786923820155
22333,0.06629153986703502
22334,0.20704108695167975
22335,0.09172605654228994
22336,0.23915578182891212
22337,0.015129186530730103
22338,0.05631846907276308
22339,0.18819825835649134
22340,0.09452120226562351
22341,0.014339518248455765
22342,0.019960515705930146
22343,0.012675811705237376
22344,0.06089422673131103
22345,0.009628303348748382
22346,0.5725401739693055
22347,0.7974646312220783
22348,0.9124317988198457
22349,0.9462526312859899
22350,0.06108602239426407
22351,0.0680843916933969
22352,0.0964103596703453
22353,0.007745137467798593
22354,0.04288125280011483
22355,0.2069377458216476
22356,0.4809992659199551
22357,0.0035832355100269084
22358,0.021970469501815092
22359,0.009162104265315588
22360,0.711380909346927
22361,0.009930477181615781
22362,0.02796431182807887
22363,0.5842540775527563
22364,0.014198247979014107
22365,0.07315241579772208
22366,0.04044998931029352
22367,0.05406680778000967
22368,0.12701034886432128
22369,0.008104589409608351
22370,0.01287169835580748
22371,0.9731989290373477
22372,0.9098226844351571
22373,0.1277608350453429
22374,0.8857661417538564
22375,0.2611914373019538
22376,0.7270493044092744
22377,0.019398274798809425
22378,0.4200162102239335
22379,0.8185405253922841
22380,0.028264499286259227
22381,0.91275957164712
22382,0.04551327873444205
22383,0.9763058974020576
22384,0.06516054829768296
22385,0.6039820618988139
22386,0.11954173494841774
22387,0.9726939423868869
22388,0.022152691051438213
22389,0.31791777884486244
22390,0.005926415995124615
22391,0.00675068083427688
22392,0.030948901021975183
22393,0.3512603802555497
22394,0.9850029151081839
22395,0.033527196499853945
22396,0.06334019658349671
22397,0.7384743682099356
22398,0.025180335959715378
22399,0.6496634280617436
22400,0.35816542853164834
22401,0.18824386374580565
22402,0.0406193594047931
22403,0.17149079421771057
22404,0.009311850579315863
22405,0.3362582784059767
22406,0.01811524123663577
22407,0.022940381357599047
22408,0.009993330429496735
22409,0.058743341231689464
22410,0.42392618071642707
22411,0.657481608459171
22412,0.7475109997443524
22413,0.014574262736525746
22414,0.06431521443945991
22415,0.1559851956545661
22416,0.011013770563971934
22417,0.18321546455291499
22418,0.6371396608034644
22419,0.031010672344434723
22420,0.791942751841548
22421,0.930765230192178
22422,0.2415962807090077
22423,0.006196211175950104
22424,0.01360764314109897
22425,0.9168057689043742
22426,0.41788542296138076
22427,0.0177669458922209
22428,0.31365109226051785
22429,0.08217011459490667
22430,0.9933404074511931
22431,0.019276559116496714
22432,0.7535874248965059
22433,0.07447159940844887
22434,0.014165850193614639
22435,0.13353143434424591
22436,0.36253320616587026
22437,0.020262388582348835
22438,0.18338601350644357
22439,0.004300437594298195
22440,0.00893574270425351
22441,0.01019781175804438
22442,0.15980904329175635
22443,0.03422512823662653
22444,0.004784481697848261
22445,0.014301369912655943
22446,0.05516703770245195
22447,0.007329521286395487
22448,0.7300185585972777
22449,0.02233102860832265
22450,0.32748407496301246
22451,0.14493607317547236
22452,0.29662762722974884
22453,0.018918406173611346
22454,0.018661563187046974
22455,0.0072764530714052155
22456,0.9574755496571853
22457,0.2780354369022933
22458,0.01135899932920189
22459,0.036941723313088336
22460,0.024263179015652492
22461,0.010263775278172727
22462,0.17321234592375245
22463,0.016637912711712447
22464,0.48235063587481153
22465,0.832347955591187
22466,0.1731344593775141
22467,0.011079912807018186
22468,0.008295632332484306
22469,0.023364915427728603
22470,0.625485730624436
22471,0.3750340211053551
22472,0.8703315743613169
22473,0.007305733974682281
22474,0.012518228590811035
22475,0.028174792907917665
22476,0.006971909325832788
22477,0.006331535261044665
22478,0.6507706086594758
22479,0.064201413290039
22480,0.21124086203784573
22481,0.09419221245815532
22482,0.11422786155942463
22483,0.011906168363018771
22484,0.390943303647674
22485,0.0062640849677927405
22486,0.7863460808242012
22487,0.8769311323035951
22488,0.9364041649564013
22489,0.9881006555566395
22490,0.07500962663883788
22491,0.004331715407555721
22492,0.0653987709465705
22493,0.042985655617306585
22494,0.12300968231263995
22495,0.5571252113018249
22496,0.04147618905289891
22497,0.007977354863423325
22498,0.23526901978681242
22499,0.00642834940301776
22500,0.00749613038585063
22501,0.008325778479016716
22502,0.020371924197947974
22503,0.011650110218506204
22504,0.051076489779588015
22505,0.019353665619171182
22506,0.9824252271597028
22507,0.2733876861783095
22508,0.014653385211365583
22509,0.925071188828865
22510,0.02033951564393947
22511,0.7826975083953436
22512,0.03687619979740552
22513,0.008669380489582077
22514,0.09786739223120175
22515,0.6045491407376212
22516,0.010170952818299578
22517,0.7974646312220783
22518,0.04336333122205112
22519,0.010134087927220469
22520,0.9883635624147266
22521,0.021480867496508644
22522,0.017146447830103242
22523,0.2906477079711858
22524,0.06293982163450798
22525,0.04110200746486982
22526,0.027791719224216895
22527,0.9845605500756966
22528,0.01776696959435382
22529,0.9625610315314074
22530,0.06451437765989752
22531,0.180614240787182
22532,0.12276716753913787
22533,0.03943560289733104
22534,0.1621124693475209
22535,0.6452905208566482
22536,0.40549687350374924
22537,0.01993192851539079
22538,0.017187116931483084
22539,0.21139913345062497
22540,0.0038739355300557404
22541,0.009440432222263612
22542,0.01413277128853812
22543,0.021387224800071252
22544,0.08149195380210517
22545,0.008165386594384663
22546,0.7899726723271525
22547,0.011839512612015749
22548,0.6635214806789226
22549,0.010659869955823638
22550,0.17759692592472098
22551,0.7837294080928937
22552,0.07718306755287578
22553,0.026448382152509498
22554,0.738934148652588
22555,0.5682136346748158
22556,0.008957890726992653
22557,0.048605405038745976
22558,0.26253851299321607
22559,0.09664924128753541
22560,0.12478612430951962
22561,0.0454249402761376
22562,0.0030611419207247645
22563,0.07272439843107807
22564,0.9777961976696906
22565,0.26270244922652697
22566,0.2951453022732796
22567,0.004719579823162007
22568,0.13897605295367615
22569,0.04029366095088462
22570,0.005189849988281555
22571,0.07800079897313576
22572,0.03726473404641267
22573,0.10432135560713786
22574,0.005683394640530638
22575,0.3236623026698645
22576,0.8246088420261498
22577,0.23710336456545578
22578,0.289667834040528
22579,0.006115712972708639
22580,0.3324919684182693
22581,0.004549868891080237
22582,0.5199703032123091
22583,0.4439498970795565
22584,0.9819227923424984
22585,0.021624083601766812
22586,0.009386001407623638
22587,0.019835136827100187
22588,0.055288077805945475
22589,0.04637753191542499
22590,0.9859540625420246
22591,0.02756302302206799
22592,0.008293291477562664
22593,0.021381233508241983
22594,0.14609906286564928
22595,0.6242085834471429
22596,0.10037196756796062
22597,0.4129324111163748
22598,0.3192667679537987
22599,0.053209617886808655
22600,0.009902550504188699
22601,0.12819199248985494
22602,0.012027204913351469
22603,0.9828429064310724
22604,0.0035687682262413854
22605,0.00908895768173185
22606,0.04710877006247213
22607,0.07047426277752139
22608,0.8103262975339756
22609,0.010202559919185759
22610,0.027297950693885357
22611,0.010033526306802371
22612,0.9298850385381143
22613,0.04278137050215455
22614,0.9299058384176595
22615,0.03833079597623426
22616,0.1838157892762737
22617,0.02790062317013707
22618,0.013587310445674995
22619,0.9541379305953813
22620,0.9462934484628139
22621,0.011187976542814894
22622,0.009681893306714266
22623,0.028456352455971244
22624,0.151424533895633
22625,0.005803133938668633
22626,0.05980555146634044
22627,0.9028423618239028
22628,0.14322921987557174
22629,0.051915809065054545
22630,0.8610682378151389
22631,0.011938739688249047
22632,0.9422217239078876
22633,0.04168436689406211
22634,0.6581730144393035
22635,0.08057332439800144
22636,0.32724857643855815
22637,0.8795343245501421
22638,0.12698036613899874
22639,0.05103238646977785
22640,0.41294860078354595
22641,0.1758703355895264
22642,0.0029018803675401115
22643,0.009582774159477623
22644,0.008199909691303886
22645,0.026732548432837063
22646,0.0056995695021409545
22647,0.148401981577088
22648,0.02166580879463983
22649,0.9136787132610821
22650,0.005024830281094982
22651,0.010581053721257686
22652,0.006002200656365596
22653,0.14770134213089914
22654,0.6161014502049286
22655,0.05857210586641674
22656,0.675170751494381
22657,0.014132036414188141
22658,0.014515955790772734
22659,0.7598148299634833
22660,0.015950477570808894
22661,0.023585773111970708
22662,0.8913254715432479
22663,0.124554995147075
22664,0.0043603580607793615
22665,0.018444654032743472
22666,0.007130220657223697
22667,0.03153167118144364
22668,0.07266562797881596
22669,0.0292470701946059
22670,0.005409754454049676
22671,0.01862537004630334
22672,0.07262657813285271
22673,0.014162978372588661
22674,0.018493657678967226
22675,0.10644731646818706
22676,0.008392738496531783
22677,0.9239957812006373
22678,0.008989288560524323
22679,0.029171129734017275
22680,0.1097157392993234
22681,0.0057912000277063795
22682,0.15038688540227263
22683,0.013205179556571444
22684,0.009324081093711193
22685,0.3276423230051133
22686,0.8721165884358429
22687,0.06068015864313025
22688,0.023586071301784764
22689,0.1055772360031573
22690,0.039699636479109075
22691,0.044931817866900405
22692,0.9714898127195524
22693,0.4358252603825633
22694,0.851897190217817
22695,0.6100393477459946
22696,0.3959944993484772
22697,0.04967515453283038
22698,0.0064920218663953025
22699,0.015594064742284279
22700,0.005097233540726638
22701,0.23360990963063477
22702,0.00457178394441407
22703,0.11646913000039467
22704,0.007384782079135002
22705,0.03049474912292218
22706,0.14826101411476128
22707,0.07915080604560097
22708,0.026931905171353993
22709,0.014908485981755502
22710,0.8352844234816365
22711,0.13143410009429984
22712,0.004679793333906011
22713,0.52973057185502
22714,0.050401491841434366
22715,0.1742126674442909
22716,0.012889743059513062
22717,0.13215458332033453
22718,0.043428415871930484
22719,0.04761092163979977
22720,0.043645730523633026
22721,0.03320669195409569
22722,0.10645626288730559
22723,0.022993193670232198
22724,0.4144477412771632
22725,0.026234018702939108
22726,0.28921269761498253
22727,0.02095514290151573
22728,0.029839837648218938
22729,0.006694355210667843
22730,0.018729947453620915
22731,0.21512785901011047
22732,0.0395463577772467
22733,0.8385919536249383
22734,0.015632921479807195
22735,0.0028892553339153397
22736,0.08252347139518461
22737,0.03171629884594675
22738,0.0029606191447128704
22739,0.003272799942975376
22740,0.0049756357919657065
22741,0.01572647971970458
22742,0.006675138239437938
22743,0.0052602092513246166
22744,0.024907717704967358
22745,0.05419825224535517
22746,0.021546266620773635
22747,0.01621803899915735
22748,0.6159401242008041
22749,0.567531326076791
22750,0.019283135707066586
22751,0.005825800793988484
22752,0.007632926992001392
22753,0.35699938162035505
22754,0.18626871817967092
22755,0.1598432912510074
22756,0.0028129082592116906
22757,0.013298779696178278
22758,0.7956736401280254
22759,0.07126607960081657
22760,0.005588074256454503
22761,0.034953024955643765
22762,0.036458344682095606
22763,0.6638115178589518
22764,0.026614802490842266
22765,0.9391224611756381
22766,0.19227754725889365
22767,0.0862420019765997
22768,0.044788345642251856
22769,0.0034110992271225633
22770,0.4852363744183245
22771,0.13290635356954353
22772,0.009426821483218733
22773,0.5079195300258363
22774,0.4495556361412322
22775,0.03308922844938344
22776,0.5720364633083941
22777,0.009268437350880907
22778,0.1854472022671653
22779,0.0070458363404388245
22780,0.11122974885753102
22781,0.5082420027263455
22782,0.007445966370776391
22783,0.01586018152164959
22784,0.042415196303253945
22785,0.010346340940547911
22786,0.1273018689101469
22787,0.4436808813146352
22788,0.0067701780473095555
22789,0.8177649528808382
22790,0.14259649940006278
22791,0.00717800096703586
22792,0.06351816052696277
22793,0.019166909794312906
22794,0.0035802134945055668
22795,0.3585093930094272
22796,0.7215061357912251
22797,0.0053057152991070515
22798,0.012105620355427745
22799,0.1297181127713234
22800,0.05357131563093629
22801,0.0040821996952912845
22802,0.03645240381031854
22803,0.059894663222801375
22804,0.04105012889646349
22805,0.007738578062463831
22806,0.014254376369796823
22807,0.01635012659041829
22808,0.044399109154512124
22809,0.07530576188990945
22810,0.10767778242989144
22811,0.01192792119957985
22812,0.005966370573660525
22813,0.004844217121039284
22814,0.8305279073758728
22815,0.6656859224790188
22816,0.05302953430898914
22817,0.013776352344076493
22818,0.08752845488389956
22819,0.025824122040189256
22820,0.029542031472645447
22821,0.020123033555512287
22822,0.43012888512095704
22823,0.003596774016629068
22824,0.009186431059431052
22825,0.021768538831243113
22826,0.3709359653421659
22827,0.125122039697796
22828,0.03741215746034022
22829,0.04136518390819373
22830,0.006226988163562375
22831,0.010235608035399558
22832,0.015281680263418083
22833,0.32700464377232497
22834,0.9249896033907821
22835,0.9273599318962895
22836,0.03415822669988854
22837,0.0667676694461777
22838,0.21786960150259146
22839,0.7147340967858458
22840,0.7680988948282056
22841,0.012203983220638504
22842,0.009139818006833228
22843,0.009968449798146966
22844,0.057604590807763874
22845,0.6706568182370989
22846,0.7923594143280642
22847,0.0030629654009448662
22848,0.6357743420060925
22849,0.021085993980009436
22850,0.019880404347915916
22851,0.10909676161904298
22852,0.004920450344468744
22853,0.7156818060061432
22854,0.05451989335815806
22855,0.06380114501164004
22856,0.028715358744227773
22857,0.5873889076144159
22858,0.9382864325756508
22859,0.01571726473953713
22860,0.03721922121876703
22861,0.011975568034801697
22862,0.9826498599408577
22863,0.018474639255645332
22864,0.18558457691889896
22865,0.2808291127541659
22866,0.11611975540135504
22867,0.006824317390194562
22868,0.03622659772773097
22869,0.9062115570568183
22870,0.007503058950175263
22871,0.016704508243418348
22872,0.011221090569738882
22873,0.01396079326072499
22874,0.1183019491065575
22875,0.3069035632635015
22876,0.5380821740694747
22877,0.9512630038383049
22878,0.014284481964150782
22879,0.08628687145127403
22880,0.9697199281631412
22881,0.10408996949828637
22882,0.280841304637568
22883,0.04653792187032892
22884,0.07364497648811523
22885,0.7983501692386283
22886,0.2765819142276058
22887,0.196978971447778
22888,0.06080456270662075
22889,0.004318486233517425
22890,0.07149709685580921
22891,0.012723419822173418
22892,0.1696120781056247
22893,0.5466756217599974
22894,0.1961987616794217
22895,0.027568556679053214
22896,0.40969443739226885
22897,0.012224023834888886
22898,0.10024644781279292
22899,0.9220580947037711
22900,0.020939198493306513
22901,0.11685101456926768
22902,0.01857266594012108
22903,0.8875874036202913
22904,0.10363270929161618
22905,0.10138575997563484
22906,0.06753148685671878
22907,0.14409194653558913
22908,0.012545887271362056
22909,0.03367350730967625
22910,0.34165445218215257
22911,0.05228814455831798
22912,0.04241453182030338
22913,0.0067560412494441354
22914,0.014915123075993998
22915,0.05936137881510515
22916,0.033272495312865316
22917,0.013219815974262373
22918,0.009932754359331828
22919,0.950321354357059
22920,0.01221982522912419
22921,0.9232702309963802
22922,0.6332483481200675
22923,0.05248299158658061
22924,0.012152223848900382
22925,0.027596156377196
22926,0.0121894126193824
22927,0.011660940343595145
22928,0.019154654259360613
22929,0.026101172113616473
22930,0.05182040582379251
22931,0.015473400598993235
22932,0.04403573060726945
22933,0.9275751771926399
22934,0.007882440646777062
22935,0.012033837987958115
22936,0.7254575882629157
22937,0.02933062287152702
22938,0.05276872384770878
22939,0.2689215017808668
22940,0.016544544359103287
22941,0.9707824505228818
22942,0.0041794987469667534
22943,0.006585189996502865
22944,0.03842294819378884
22945,0.03365048609040787
22946,0.009361864206096932
22947,0.12924186406342694
22948,0.006612369763002097
22949,0.10279141504150321
22950,0.033358037416144966
22951,0.024438305993367722
22952,0.061201649574940564
22953,0.9325360261124653
22954,0.02049800772692197
22955,0.00996230948089118
22956,0.10950066496925405
22957,0.005308694654424623
22958,0.07163086747463929
22959,0.00782985981657468
22960,0.3200934583134038
22961,0.00468090163435342
22962,0.31523787574240625
22963,0.27699486500863574
22964,0.007568812884921249
22965,0.010148963417531843
22966,0.1550266245179688
22967,0.005120804222987247
22968,0.9410735151239464
22969,0.009125513451605026
22970,0.13758347707469745
22971,0.020834186310368766
22972,0.013942113350216638
22973,0.013270399301770245
22974,0.38926784597792885
22975,0.05978576475037686
22976,0.00570914461270492
22977,0.0041794987469667534
22978,0.017648080618328323
22979,0.6399588480529774
22980,0.16962441968229625
22981,0.008279572542547207
22982,0.4074740046358782
22983,0.028030325820334583
22984,0.13254441171598802
22985,0.01829972137885487
22986,0.009718523291346613
22987,0.011230196347727647
22988,0.2467393776341282
22989,0.422122523064361
22990,0.005982128942292423
22991,0.018542886539664908
22992,0.0521473775090603
22993,0.01310926022074021
22994,0.006410351221958735
22995,0.006021097930189662
22996,0.015138353455300265
22997,0.021563119453574812
22998,0.010593844405320242
22999,0.03797181278560484
23000,0.024626575537172356
23001,0.27602289950043946
23002,0.6092435539805021
23003,0.15464503912234923
23004,0.3584069261026118
23005,0.014052535237398123
23006,0.003930635012897403
23007,0.1377445034696563
23008,0.09537512879916177
23009,0.9890405068626992
23010,0.007854777312440135
23011,0.010317205359095576
23012,0.1868638905560146
23013,0.9701265419288989
23014,0.006273579484042888
23015,0.5217293400296038
23016,0.26796314474345007
23017,0.9746312013735151
23018,0.13488805495580616
23019,0.0034801591105457262
23020,0.006341513538714642
23021,0.9715451465311838
23022,0.007936230958597176
23023,0.10072834383145084
23024,0.9292156513190979
23025,0.15691736916056132
23026,0.5163591079331955
23027,0.09945627303868386
23028,0.033978703518753345
23029,0.34026969185067363
23030,0.1335253458415575
23031,0.23133588446027586
23032,0.23912772482208336
23033,0.01914380392043109
23034,0.007248931949726725
23035,0.017335043721728956
23036,0.16667639979066176
23037,0.10935872373514849
23038,0.004594447390830005
23039,0.04005727640610945
23040,0.9819650696119281
23041,0.009284292361964507
23042,0.20570012203288895
23043,0.12057218158397014
23044,0.00897358166274831
23045,0.9779781457195064
23046,0.016676404858312077
23047,0.014092635091245101
23048,0.018599490491647934
23049,0.02608225540879414
23050,0.9828851953049614
23051,0.15202025153144014
23052,0.0448672256999869
23053,0.005629401025071979
23054,0.006368284060088133
23055,0.6659218038151754
23056,0.03356878019502022
23057,0.4429470945626609
23058,0.04054718550696639
23059,0.005137420649508802
23060,0.04536497626118655
23061,0.04232424584472572
23062,0.06112454382781872
23063,0.1834441123952317
23064,0.9004733978858387
23065,0.05896221131209804
23066,0.3389963495353486
23067,0.25562056872180705
23068,0.8637166536608076
23069,0.006889599947784256
23070,0.005868283693684461
23071,0.8768821437174227
23072,0.10804293123935783
23073,0.4927811837816922
23074,0.016184794893679685
23075,0.01901723035453342
23076,0.040084982237212505
23077,0.03545446379000168
23078,0.026136903977285506
23079,0.07890879082833181
23080,0.017036103789475916
23081,0.09147884911862784
23082,0.005077617035931872
23083,0.011464462198777248
23084,0.7453479414244218
23085,0.009211063741320816
23086,0.004592193949847319
23087,0.5768681531603197
23088,0.04186979933740412
23089,0.2055475838588685
23090,0.006971909325832788
23091,0.08476124890141316
23092,0.0047157341378221895
23093,0.24572967285129577
23094,0.131409489257039
23095,0.0072558254373314155
23096,0.03807855413765727
23097,0.048388466952034595
23098,0.29189255978119744
23099,0.019100371246533833
23100,0.013967467592653068
23101,0.9243621296907668
23102,0.008583652148063598
23103,0.03542058922122322
23104,0.014262754499687273
23105,0.45138461288842835
23106,0.005541499521576784
23107,0.008229964079519507
23108,0.004993534755830411
23109,0.7798691102668835
23110,0.25511180381312826
23111,0.003444965182378299
23112,0.11383008390352584
23113,0.037223353358700736
23114,0.0051743345380341355
23115,0.34959505220189496
23116,0.04716072453643149
23117,0.9181987740109517
23118,0.012073255273700916
23119,0.009867859490267156
23120,0.011297792407225353
23121,0.01916982064635704
23122,0.003981143882260295
23123,0.12689895856629574
23124,0.9830749929802917
23125,0.11567602895297191
23126,0.11564291005364742
23127,0.01119783352524727
23128,0.04811287558408066
23129,0.878965089639831
23130,0.005796366505754633
23131,0.03968631888338612
23132,0.010537781813687022
23133,0.3306577594091988
23134,0.6517672733831089
23135,0.6891416097644446
23136,0.07022402424910405
23137,0.13540863907057699
23138,0.2964481069851462
23139,0.003923779794898223
23140,0.6035714428624531
23141,0.06031967441006163
23142,0.4829169384514787
23143,0.017664615006094037
23144,0.9146892705261987
23145,0.022407020336515815
23146,0.8470352610780812
23147,0.11027280967922207
23148,0.00865918182003317
23149,0.005772854911800824
23150,0.03531941183955309
23151,0.008770264653577083
23152,0.012923941890639223
23153,0.1262981763732615
23154,0.5862707893686397
23155,0.0769677641158141
23156,0.006861919675580341
23157,0.06167890463441743
23158,0.08863400268333624
23159,0.050295274626474595
23160,0.09355545245661619
23161,0.07405274079862172
23162,0.984109729690635
23163,0.16798092625078798
23164,0.0039122207381705725
23165,0.00818928254096886
23166,0.960225176600169
23167,0.0312466833800622
23168,0.32408781024710676
23169,0.09942298617791184
23170,0.0240683970860011
23171,0.5443059753721383
23172,0.29857816336082565
23173,0.021789756133628897
23174,0.014903674449638546
23175,0.003558564738577789
23176,0.26056199886578685
23177,0.0277724988165678
23178,0.9711098590066668
23179,0.005064758914817846
23180,0.017971688845199344
23181,0.4839331301322313
23182,0.2591386526420068
23183,0.8732276038986799
23184,0.12292592960801557
23185,0.02516869143725831
23186,0.013657625235327793
23187,0.9705684632314906
23188,0.00984987906896785
23189,0.03902972952874497
23190,0.0428700126132835
23191,0.03578024003643109
23192,0.057042747589303396
23193,0.006396913455950613
23194,0.004318486233517425
23195,0.08585819245837165
23196,0.02134696106371197
23197,0.4015046431669697
23198,0.05359551542173077
23199,0.1773969071955968
23200,0.8988141761072158
23201,0.015264110424403083
23202,0.7413731126936388
23203,0.2655581794758645
23204,0.0625368053235711
23205,0.020623138967717447
23206,0.9514205132848275
23207,0.12225669760247375
23208,0.9037431110320324
23209,0.0044188483559902845
23210,0.48951819071946445
23211,0.08354186650889883
23212,0.28747942663618303
23213,0.11162617106511367
23214,0.024534792676200644
23215,0.012441262674457604
23216,0.06890624328848262
23217,0.13076763992871968
23218,0.7607727533896846
23219,0.007255161289647495
23220,0.027930489204738305
23221,0.023482278745877824
23222,0.013392536818267195
23223,0.044760675370617425
23224,0.6290477018414203
23225,0.03142032978034275
23226,0.0345848982941643
23227,0.0050918866449151026
23228,0.01770946726925339
23229,0.024423852292611445
23230,0.057610905789388704
23231,0.05658958404313546
23232,0.012714284468065263
23233,0.019102148693497502
23234,0.04216364574670446
23235,0.19530117940106265
23236,0.1338760756703128
23237,0.03473115197907
23238,0.016150546800219077
23239,0.0709451623842041
23240,0.8016454086150291
23241,0.008030743740403882
23242,0.0336850123788344
23243,0.143054255379633
23244,0.09832667043463098
23245,0.8071084339059889
23246,0.7093029881845694
23247,0.2465734599159573
23248,0.006805133986533115
23249,0.4844717384258774
23250,0.5503374524474075
23251,0.029551414957521033
23252,0.019586808614458127
23253,0.10564620772023763
23254,0.08347236348825222
23255,0.018357309359636274
23256,0.016753923792294075
23257,0.011897922931356908
23258,0.0852006280318832
23259,0.29506291108289523
23260,0.9681851333131536
23261,0.894974992585652
23262,0.0285374765453867
23263,0.03810127252307591
23264,0.018396340690225416
23265,0.01696369169296548
23266,0.3467645159039686
23267,0.09827170621877898
23268,0.7718299753714899
23269,0.014255043817320814
23270,0.6620031782106232
23271,0.14553601738988925
23272,0.006484573466163181
23273,0.0886098047810965
23274,0.1777425326825477
23275,0.01680093190007522
23276,0.9319685321564461
23277,0.13445933836570442
23278,0.08222228935680828
23279,0.7368324038387032
23280,0.7115140536618785
23281,0.33669001458098374
23282,0.9954447840950378
23283,0.019715618491862496
23284,0.7482309689007339
23285,0.009190267712937968
23286,0.010437333989937236
23287,0.09291347071881874
23288,0.01491719649728
23289,0.03685761568404439
23290,0.02367873440240817
23291,0.13975614794253557
23292,0.07803062806161766
23293,0.005927866865513734
23294,0.07761290038916598
23295,0.018725366402631363
23296,0.37291834528112966
23297,0.2557231957610018
23298,0.1925297301100659
23299,0.01183426930664903
23300,0.010967288024411726
23301,0.7555348241451217
23302,0.6823266781585696
23303,0.6818713306748236
23304,0.8103824129151364
23305,0.2917464306396701
23306,0.4597499038277949
23307,0.003530139851062287
23308,0.7259319060226378
23309,0.1500064684536907
23310,0.0020557454728577645
23311,0.398764325695433
23312,0.1599148348298523
23313,0.008342946216356258
23314,0.2725198482181202
23315,0.009028935827946734
23316,0.6413989001918904
23317,0.38143148936226035
23318,0.02534147701925103
23319,0.391596021385351
23320,0.844179969181935
23321,0.2115896192158841
23322,0.6258641178181231
23323,0.008145827290855796
23324,0.0666635300340797
23325,0.009690248955737217
23326,0.01291473593384569
23327,0.004354413309277658
23328,0.8915800562739243
23329,0.1420520551804113
23330,0.03192034894799975
23331,0.0033057189063493823
23332,0.10492343006529209
23333,0.2258379824266096
23334,0.029401789127202503
23335,0.08244466100706882
23336,0.009962997617865984
23337,0.11730470227813834
23338,0.7794501462986584
23339,0.6954004730108545
23340,0.3646717493155356
23341,0.08848230737917602
23342,0.02242041775104331
23343,0.02850378155768168
23344,0.030603477703613467
23345,0.28840669305239286
23346,0.12873581351546365
23347,0.05101290761969748
23348,0.02253348996852074
23349,0.012919356003237688
23350,0.15673657654742898
23351,0.9701265419288989
23352,0.007698034105869953
23353,0.04153073343809895
23354,0.2590825139448762
23355,0.6467451707512116
23356,0.028200994660420437
23357,0.09028068676543137
23358,0.9505282808015604
23359,0.024902534465532918
23360,0.0342452610568948
23361,0.019570291419924363
23362,0.03858979402377343
23363,0.14092114996659977
23364,0.2892129983419258
23365,0.5237540335511234
23366,0.007130704456820835
23367,0.021699762177829207
23368,0.11866919447921956
23369,0.05111112478623689
23370,0.07429931347565456
23371,0.20107942291883407
23372,0.18360075858370725
23373,0.011005694992256133
23374,0.05272576482064702
23375,0.021705256531914775
23376,0.968838780007637
23377,0.008704041495519442
23378,0.9788125538432458
23379,0.6267870384225394
23380,0.0036314817539927833
23381,0.18223782699952312
23382,0.014098730787691876
23383,0.6599200029474124
23384,0.006174047204984367
23385,0.06827887783253596
23386,0.04618495130702924
23387,0.5488302685446551
23388,0.559188852532907
23389,0.48216794519378514
23390,0.9753228484113271
23391,0.017050039972333647
23392,0.006638413411862551
23393,0.071270670516546
23394,0.1393994593219562
23395,0.006787611191791876
23396,0.19728917244419006
23397,0.6315734875144517
23398,0.019036801982805208
23399,0.19683468733465853
23400,0.09403160784388001
23401,0.008010422350554238
23402,0.04352968530767493
23403,0.26459967281589
23404,0.08093999059248003
23405,0.6266756753443717
23406,0.9800214009457955
23407,0.01467434579049971
23408,0.06117984084542594
23409,0.19225320409952443
23410,0.02595319923072736
23411,0.07566814588777068
23412,0.09433372848128017
23413,0.022608791448522833
23414,0.01981270659495528
23415,0.006199114280398003
23416,0.02502097705500619
23417,0.013673655801499174
23418,0.020627422629197378
23419,0.0036137006461108966
23420,0.008209823758049581
23421,0.5502441132303925
23422,0.2045464047174283
23423,0.01880085327328489
23424,0.007157682078246405
23425,0.11502398648813417
23426,0.031422075092662455
23427,0.011245320979251593
23428,0.032896126531194995
23429,0.01601234345528979
23430,0.061311007354754685
23431,0.8139327048895388
23432,0.006235318185349739
23433,0.5246100016196176
23434,0.05767383105623367
23435,0.016389966035886102
23436,0.6988244531439232
23437,0.03151795571580567
23438,0.16000786632575983
23439,0.262109496734532
23440,0.2292899468530331
23441,0.009612699628169382
23442,0.5247815438112784
23443,0.038875539630021015
23444,0.2514575164475215
23445,0.02696812054173904
23446,0.04488678701057341
23447,0.012045103910102082
23448,0.22067583249526726
23449,0.28261424689446424
23450,0.020637557633666963
23451,0.010454917492327357
23452,0.013899613141098761
23453,0.7356068636956081
23454,0.969863656775959
23455,0.008655788133663505
23456,0.008579431227182254
23457,0.9581691207253032
23458,0.20508921841360878
23459,0.04550151375910901
23460,0.029400689281532038
23461,0.07135769694945795
23462,0.014267270564744092
23463,0.35444545032177005
23464,0.0139930250310701
23465,0.40151745833201263
23466,0.1405862750291143
23467,0.008578809138855765
23468,0.06963617890522712
23469,0.04503135253838436
23470,0.05626309129841786
23471,0.03453002259558814
23472,0.5266546336857889
23473,0.8197926463012281
23474,0.03865084431554077
23475,0.003400180557908613
23476,0.7073017006487747
23477,0.271781316927079
23478,0.04733628843596697
23479,0.12397151356697561
23480,0.012501912273793476
23481,0.11571009251747878
23482,0.02411882940034877
23483,0.005489401208377631
23484,0.8990406871629573
23485,0.01255137087409603
23486,0.009688213894261607
23487,0.006583224723536524
23488,0.0035220987050003324
23489,0.02721149583984318
23490,0.24878441608820107
23491,0.004609413841770061
23492,0.6933589140999196
23493,0.00348190457735732
23494,0.067635850465075
23495,0.12359207636154113
23496,0.024148571579614656
23497,0.7028890453609232
23498,0.06840495818565405
23499,0.018095541839089062
23500,0.013790302717927813
23501,0.01639451025501765
23502,0.014765092073741447
23503,0.033386705508236116
23504,0.7207966811036624
23505,0.016785145042024
23506,0.02581432896092028
23507,0.040207808914728194
23508,0.044195353835576365
23509,0.09390152586964
23510,0.02062734072188363
23511,0.5657586127325813
23512,0.8145955814750744
23513,0.013857716338006976
23514,0.96679362435709
23515,0.2555876716418477
23516,0.005953786124876257
23517,0.013430091618630397
23518,0.008500493796074563
23519,0.01192499754308389
23520,0.22570543430224924
23521,0.8902247113122427
23522,0.042222093342332664
23523,0.11120410534904893
23524,0.007524331813323388
23525,0.5599016483797712
23526,0.8235578322514906
23527,0.15430815050313096
23528,0.11166633595608941
23529,0.09162855064603743
23530,0.6522616543204293
23531,0.32185534878048655
23532,0.12819457714200858
23533,0.06451427434770618
23534,0.010715188616207632
23535,0.056480046869657755
23536,0.015003980956478783
23537,0.0049847039925609805
23538,0.6852141909884669
23539,0.005842524779034809
23540,0.24508206163043214
23541,0.008957744204492099
23542,0.059010491725758646
23543,0.01366050200299314
23544,0.005827137662829338
23545,0.16219155326941473
23546,0.850283980436306
23547,0.007954208506492847
23548,0.09043531072926339
23549,0.03770489430242941
23550,0.36335409111220296
23551,0.008606838392941461
23552,0.01054017433775098
23553,0.6877010231498519
23554,0.015565888485305605
23555,0.9938065178199682
23556,0.039936643122933255
23557,0.08310572019771463
23558,0.0038718034210843797
23559,0.023692471048944216
23560,0.022544309799351535
23561,0.9714422604617855
23562,0.004644459364522423
23563,0.21352679013683867
23564,0.02108920846534897
23565,0.22543917970180954
23566,0.060126582615928396
23567,0.49156061294623815
23568,0.08206030256501587
23569,0.7403110335775719
23570,0.944228094240792
23571,0.8765273470736576
23572,0.01221389559084794
23573,0.006907555630956186
23574,0.005357715068277123
23575,0.0151825336699398
23576,0.014649037495239846
23577,0.01918680863544802
23578,0.012179630105929847
23579,0.7798400839855374
23580,0.46265990337396923
23581,0.044793859408965686
23582,0.004858888984801054
23583,0.003312991302434752
23584,0.008199328844270529
23585,0.006035894231133417
23586,0.0406749067671773
23587,0.003944534915335312
23588,0.009742366389300913
23589,0.2895267970493255
23590,0.0038745028154278725
23591,0.05780141530625438
23592,0.026874139377504838
23593,0.012728366976348719
23594,0.04364602689521105
23595,0.908722858409605
23596,0.15348217207151146
23597,0.9608138896681925
23598,0.17310601773126066
23599,0.00365451036363484
23600,0.05592488708291867
23601,0.07487084305997922
23602,0.0618712249543362
23603,0.029644523897881015
23604,0.056697014814551375
23605,0.008435571905204177
23606,0.8372840165544235
23607,0.856395934456185
23608,0.02236465268648008
23609,0.03550899107296977
23610,0.08142285403306987
23611,0.021412616237576804
23612,0.10469137175543282
23613,0.17355284694275244
23614,0.004989571784157093
23615,0.8172905778738646
23616,0.14065847515574298
23617,0.0033666149920821816
23618,0.9357998269195495
23619,0.017867077701827588
23620,0.04148421495412832
23621,0.19388962153927833
23622,0.028436429048661543
23623,0.02081079934267534
23624,0.10790237209460224
23625,0.9844842986175111
23626,0.009085814848498311
23627,0.03294060139258263
23628,0.016530284896511982
23629,0.009830842890969218
23630,0.03789252627075506
23631,0.9824063469656952
23632,0.04285350974850508
23633,0.8643683547080246
23634,0.022799181150328297
23635,0.04657216867927853
23636,0.03400216925552102
23637,0.004514898395974092
23638,0.1045295892511171
23639,0.011186174258445777
23640,0.003499027059174964
23641,0.01682745518394613
23642,0.05647009939343573
23643,0.07257918509970014
23644,0.26721732292371125
23645,0.005591017928956624
23646,0.5318768407148418
23647,0.004444775164878766
23648,0.18562077367992733
23649,0.1476032549241203
23650,0.9155219950211115
23651,0.036874226928198445
23652,0.03815101950212734
23653,0.9365775526811154
23654,0.017112834696298325
23655,0.6963775592354476
23656,0.0454480325570856
23657,0.15916588155651193
23658,0.7175102894410376
23659,0.05751774686881004
23660,0.06243523797034685
23661,0.06701108418852078
23662,0.15907843182262574
23663,0.008380888788005383
23664,0.9342568182862153
23665,0.009167492433454381
23666,0.03534151129485594
23667,0.1709804516695059
23668,0.008726217495943952
23669,0.9087126050758312
23670,0.013404056756327973
23671,0.038435960296257114
23672,0.02225295334470914
23673,0.010635561636085186
23674,0.9003032047316792
23675,0.16580627264534037
23676,0.008259577984453053
23677,0.1318303723121542
23678,0.8035279112490028
23679,0.14591251778672196
23680,0.05867170382667077
23681,0.29906838540587644
23682,0.007786896462172041
23683,0.20335445314030484
23684,0.003370084646413317
23685,0.3445790326179581
23686,0.053114146713903916
23687,0.9309874366728383
23688,0.004371059002893486
23689,0.07469066351781123
23690,0.08820091969467027
23691,0.368957812063952
23692,0.003362083277625366
23693,0.9582231802405596
23694,0.9703601927233166
23695,0.01039232448929006
23696,0.29151151164599726
23697,0.037074537200142095
23698,0.6266221381429037
23699,0.045260180274072616
23700,0.02863103729532278
23701,0.013031841560474952
23702,0.5293588230625705
23703,0.013023684323058345
23704,0.28738681980460123
23705,0.015810713534304965
23706,0.012199649939291355
23707,0.014846618250668884
23708,0.35148627156793716
23709,0.07536802246266876
23710,0.010932885822811267
23711,0.03524063857604111
23712,0.0033390303168815113
23713,0.08439229252448878
23714,0.9099475320151365
23715,0.9789396541514597
23716,0.08304411881317879
23717,0.13249512118534643
23718,0.00988848633080237
23719,0.050970162087460545
23720,0.12624500480342865
23721,0.006658186063877597
23722,0.011223453530566588
23723,0.9947386380568515
23724,0.05067146335054424
23725,0.015550146034853713
23726,0.01204366165493361
23727,0.12631406175865614
23728,0.42926001336596453
23729,0.0032622064724271665
23730,0.938204766876794
23731,0.017663195600318444
23732,0.01690284010810567
23733,0.013515586567686136
23734,0.9422170373640396
23735,0.07781815600657657
23736,0.014877262012724796
23737,0.033608357210310226
23738,0.03929444587054948
23739,0.18772073597173297
23740,0.07564086844690343
23741,0.7057706335535897
23742,0.13666167919892822
23743,0.026500445094387648
23744,0.04583679152788496
23745,0.9528159450566162
23746,0.03680859835904018
23747,0.03277280835104182
23748,0.959330885554949
23749,0.3610435176163726
23750,0.3170174455363847
23751,0.01619515041067173
23752,0.9633253327653437
23753,0.013312104535051602
23754,0.017067403280648277
23755,0.06651264411818106
23756,0.02371400566445184
23757,0.23244363327272605
23758,0.004748855823289554
23759,0.4339820167761763
23760,0.014716405301966466
23761,0.013602582360901033
23762,0.008469279941136021
23763,0.8925305570568863
23764,0.0061490639310680965
23765,0.03006444214028368
23766,0.021254805589797192
23767,0.033047916471931
23768,0.9100392938563518
23769,0.09246110890752335
23770,0.21374737563492388
23771,0.011306589898312062
23772,0.19968088495373723
23773,0.017842249396469105
23774,0.2270815983542645
23775,0.6343334314114307
23776,0.012730288580935716
23777,0.04749389528595012
23778,0.941676052497949
23779,0.1974033783505658
23780,0.8920416873332083
23781,0.01406474979183014
23782,0.11107944101503511
23783,0.013154756142565777
23784,0.005086771535668709
23785,0.006329137365578231
23786,0.6188636431082742
23787,0.40195464631479133
23788,0.0736731191766754
23789,0.26740391372688793
23790,0.6798876796668063
23791,0.008193106042589148
23792,0.008667475527671909
23793,0.005501590484826059
23794,0.004260413964990602
23795,0.0068795801002731515
23796,0.006322359977525098
23797,0.907357187920084
23798,0.006600653327389558
23799,0.45038360892803453
23800,0.1905059938923217
23801,0.1144129317385492
23802,0.192135345164008
23803,0.49104488336275226
23804,0.017103262020523792
23805,0.8130460525577
23806,0.7263773679954781
23807,0.16192692299273428
23808,0.02432454126622065
23809,0.7762849317134
23810,0.007615031943750085
23811,0.4475866690632608
23812,0.9370768218685267
23813,0.05421308243598298
23814,0.007635441281486561
23815,0.011212675503508907
23816,0.024875949294830228
23817,0.8606269847410117
23818,0.006916529274076633
23819,0.5903833401589967
23820,0.006484573466163181
23821,0.014760896867789329
23822,0.019949482079469047
23823,0.052302122855727405
23824,0.016139254477107574
23825,0.02987223248549175
23826,0.39008983518173224
23827,0.22928102470788428
23828,0.007725966896030773
23829,0.05123847315805415
23830,0.10407176833946633
23831,0.13159707148901978
23832,0.717660840928408
23833,0.009280394495984019
23834,0.00657961709717234
23835,0.01621528226541687
23836,0.06989483176245546
23837,0.11493788784117988
23838,0.027916946370711886
23839,0.012723774366609224
23840,0.3168290692490696
23841,0.8523253785854815
23842,0.3179503023484134
23843,0.027196540280584745
23844,0.2805234547570247
23845,0.2589743627936992
23846,0.005581404062849208
23847,0.010621144836788728
23848,0.010427170900618983
23849,0.903938050738804
23850,0.010133822029572082
23851,0.49194397000190415
23852,0.00871649125073328
23853,0.005886997643373017
23854,0.656372154345163
23855,0.02383658455537571
23856,0.2220137939481307
23857,0.1747932551746871
23858,0.2809557681436981
23859,0.010197101183300718
23860,0.019842056924043703
23861,0.04878689010319065
23862,0.005868268264105846
23863,0.008074252806130024
23864,0.008735212070514189
23865,0.15747261217555447
23866,0.01770694193429203
23867,0.9260724175654989
23868,0.4178435175551442
23869,0.033702468699121496
23870,0.027488983493797425
23871,0.5686516964555247
23872,0.12517383682618963
23873,0.038016250528704464
23874,0.8297931122999536
23875,0.006088447078799676
23876,0.04157244594662388
23877,0.06595241131756766
23878,0.970230863180601
23879,0.01802554750890591
23880,0.00809701962342982
23881,0.8825852853729427
23882,0.8802769147628874
23883,0.10708147483811058
23884,0.02213266127161322
23885,0.9826585374436049
23886,0.012255032904527762
23887,0.004899262726373457
23888,0.207354359524147
23889,0.44824014895684944
23890,0.00736275261038745
23891,0.01873600122933219
23892,0.21611272222328337
23893,0.013981165060045634
23894,0.08137847394801802
23895,0.0033557422534749156
23896,0.11556416436899322
23897,0.19884872011560753
23898,0.01635890953062736
23899,0.04677064568030238
23900,0.032641385513744875
23901,0.07318802814863526
23902,0.013701424940132972
23903,0.023690262607970403
23904,0.16337983015992869
23905,0.019069243707510935
23906,0.01869643791694356
23907,0.05094851407481912
23908,0.008914012955028599
23909,0.014206778367109459
23910,0.010809418775287722
23911,0.011794321765413184
23912,0.04944880506668952
23913,0.012212512840246508
23914,0.016158281280666077
23915,0.00486407259232534
23916,0.3906840922497793
23917,0.009807604221453605
23918,0.7942650837593727
23919,0.019896658087676378
23920,0.48406797063131995
23921,0.014238300619426826
23922,0.027753337886834324
23923,0.836750145499737
23924,0.01591320827973356
23925,0.9625786547034251
23926,0.004309446597328475
23927,0.35953288956034807
23928,0.10932761880851286
23929,0.6975983253051136
23930,0.013594280034528653
23931,0.00917267390249246
23932,0.21510168433881033
23933,0.06640553020119838
23934,0.05542832234921961
23935,0.01955592105559839
23936,0.04609333492549431
23937,0.054586812592271466
23938,0.018785646469175736
23939,0.24544536294510955
23940,0.16024885837448563
23941,0.9316000300654204
23942,0.06532756180432031
23943,0.008974021397819564
23944,0.2635208176991565
23945,0.027920152130993647
23946,0.0076748786092300375
23947,0.038408552072035605
23948,0.5406634178990831
23949,0.019743055070845335
23950,0.012129288458656214
23951,0.0038189871387059216
23952,0.027815323876059613
23953,0.011589460152537447
23954,0.08894516121512566
23955,0.027821562090211447
23956,0.10840487219846301
23957,0.01105075860185391
23958,0.6792952926141328
23959,0.01151177697525637
23960,0.21004636224144888
23961,0.173206151899591
23962,0.003156041237755898
23963,0.43613307460667716
23964,0.06776721564957075
23965,0.01508462102977408
23966,0.008075541262359487
23967,0.009217028750145819
23968,0.026930831551009653
23969,0.08984886032812366
23970,0.8102374265316808
23971,0.008091373232687734
23972,0.009008214073857745
23973,0.011308955241168135
23974,0.21753433158274071
23975,0.9530843887834262
23976,0.004531200088932412
23977,0.9655633895918154
23978,0.008092369227135658
23979,0.4187285726610859
23980,0.6139448667472684
23981,0.004349500133346546
23982,0.04794620326589061
23983,0.9868578195416908
23984,0.032934373257174625
23985,0.008815498144848255
23986,0.0662790838289386
23987,0.24579746577675787
23988,0.01192792119957985
23989,0.1149189567911347
23990,0.06666536678823602
23991,0.6178536061076201
23992,0.3801721508390311
23993,0.007904236624569365
23994,0.726018829214805
23995,0.06542059609298274
23996,0.12065314871647205
23997,0.05500256536475919
23998,0.9784687595229975
23999,0.43172844945079014
24000,0.011745491921393155
24001,0.01706522807779091
24002,0.03680126512786799
24003,0.03435192688395302
24004,0.22822161653297748
24005,0.7284326095647582
24006,0.3027637460800957
24007,0.004337799989712388
24008,0.024182324471482875
24009,0.005352085195468978
24010,0.006971909325832788
24011,0.00645928053366167
24012,0.005627198050093177
24013,0.10573209092587618
24014,0.8719500473058194
24015,0.812915089318021
24016,0.010109638197646077
24017,0.7348736600352628
24018,0.009679918178169529
24019,0.012110828558270614
24020,0.018791862242954403
24021,0.039688396109469795
24022,0.02546526055645347
24023,0.957364800711627
24024,0.7911335595470954
24025,0.03945558051848436
24026,0.01154773322285096
24027,0.029611964734352972
24028,0.009569948597658098
24029,0.3732296116250972
24030,0.01791740419378621
24031,0.0067942179931894595
24032,0.11234005709549737
24033,0.011316622621573761
24034,0.047586226433030815
24035,0.005361861667724513
24036,0.11599137031691839
24037,0.020760037156638017
24038,0.14120333685952857
24039,0.9216287842917512
24040,0.003952593897084163
24041,0.9455735998799646
24042,0.663713445542451
24043,0.09598129653689556
24044,0.5974050668911908
24045,0.9670968349894812
24046,0.33685672554605556
24047,0.0241443562653656
24048,0.2729579165578057
24049,0.10961928472170614
24050,0.04433222121635646
24051,0.019988930183262137
24052,0.02920631949503538
24053,0.0541870706013982
24054,0.01477098671848866
24055,0.3411536446062136
24056,0.03898388628569364
24057,0.06923659991369195
24058,0.1524307572952056
24059,0.9223623866064664
24060,0.9106929842126413
24061,0.01359543253423149
24062,0.017199651541278116
24063,0.08802040802333423
24064,0.04641873467768116
24065,0.014752582255551447
24066,0.05403135139904311
24067,0.004736818854584246
24068,0.057781840862132665
24069,0.01669498862303875
24070,0.19024936963063457
24071,0.03577805693765592
24072,0.20233062984987008
24073,0.7504315705644219
24074,0.04154431457050561
24075,0.9568853728539286
24076,0.023049358003004835
24077,0.0865839750647077
24078,0.005361282481451702
24079,0.8499142793081254
24080,0.10790663820240265
24081,0.0037320870477917166
24082,0.41985599360372144
24083,0.8954549480997939
24084,0.018613503168909064
24085,0.4148982216151147
24086,0.004805403705094504
24087,0.03975551321976138
24088,0.15991414101122883
24089,0.6612971497027427
24090,0.11264929441328572
24091,0.13826227982724879
24092,0.013926228441295254
24093,0.03942677182225169
24094,0.09034886205283617
24095,0.004013772738286265
24096,0.3269188900110679
24097,0.13988381303993522
24098,0.29742818832620366
24099,0.22331804462374763
24100,0.01709505209576075
24101,0.08326915441265774
24102,0.01079630204066934
24103,0.9118669868091436
24104,0.03918356697392091
24105,0.15731562575291677
24106,0.015941037163791014
24107,0.009301031590416205
24108,0.008719321601791351
24109,0.8994921735500363
24110,0.9347753975639095
24111,0.8837297491602855
24112,0.3992100684539018
24113,0.013818445364180984
24114,0.020272281762000664
24115,0.01246909454707277
24116,0.9811582363721352
24117,0.11456038346382173
24118,0.041200412733776566
24119,0.12267170785968483
24120,0.04792818396753397
24121,0.12309357643690057
24122,0.006062793382378474
24123,0.009720095673053437
24124,0.3816546349954439
24125,0.009628303348748382
24126,0.02023158846522535
24127,0.007645084844266905
24128,0.008190661382744996
24129,0.009029507973352571
24130,0.039908049968331936
24131,0.07664917824707163
24132,0.0042959761460981275
24133,0.08117521758221542
24134,0.9705201741385552
24135,0.7963890911774361
24136,0.08707165053568754
24137,0.018822347837764146
24138,0.041844845990749086
24139,0.004898895698438598
24140,0.006446859872009076
24141,0.9361692603434539
24142,0.07524931092893819
24143,0.9179686801969443
24144,0.6593732594247895
24145,0.014434554999424394
24146,0.0965416557947969
24147,0.1510260211517325
24148,0.03144487208577709
24149,0.028915827089565582
24150,0.07948371877496664
24151,0.34170146623239506
24152,0.8484441304051065
24153,0.05710262107248071
24154,0.436311481897108
24155,0.10380439237338401
24156,0.10579188195433563
24157,0.04059541878326933
24158,0.36390286577296155
24159,0.03554516522410585
24160,0.07732279532347709
24161,0.9783485185094745
24162,0.012495887654151081
24163,0.13261054482974652
24164,0.037473749467898464
24165,0.02139595036127765
24166,0.046636060308710856
24167,0.8678178572393297
24168,0.02002304821103793
24169,0.003278204710899819
24170,0.018769832917271263
24171,0.1841359375429672
24172,0.028177002122293304
24173,0.004135124753476077
24174,0.9037091054178656
24175,0.08327837065273196
24176,0.02666755720162918
24177,0.08821878032505857
24178,0.9507627117040072
24179,0.023953657837925392
24180,0.12509884080766245
24181,0.2685509513087763
24182,0.007153874314054385
24183,0.022011731425735027
24184,0.38238392938885957
24185,0.8873926398120788
24186,0.013391773376888396
24187,0.024815451618374732
24188,0.01909839932798737
24189,0.058067183919807516
24190,0.15193177125117532
24191,0.011913605078188056
24192,0.977110968507325
24193,0.0038365100726815396
24194,0.008185500711816857
24195,0.013012994842418567
24196,0.06741856018660722
24197,0.3652439635792476
24198,0.006123018071780314
24199,0.819752383784707
24200,0.061469660862594186
24201,0.006226439308882027
24202,0.0941594001523502
24203,0.520086066358351
24204,0.03246248374091858
24205,0.047165019745708886
24206,0.11399376521397787
24207,0.0647921999489327
24208,0.03299304242660569
24209,0.04564232210676195
24210,0.03083482712067807
24211,0.047926608260071495
24212,0.007760440855565243
24213,0.16538475934049152
24214,0.013200827286402884
24215,0.6037968352454633
24216,0.12403797906250488
24217,0.015014692737716521
24218,0.0378120450152035
24219,0.44112950664716283
24220,0.011998036447210684
24221,0.3050459716922921
24222,0.08521712449911412
24223,0.06574182448067413
24224,0.3198969319270471
24225,0.16209388614912965
24226,0.12428008322296467
24227,0.02528145654348819
24228,0.013101023599586396
24229,0.09439910035330348
24230,0.6863324213918925
24231,0.013721842415622233
24232,0.014309861903795698
24233,0.014676059500231632
24234,0.014760129423352671
24235,0.14870774718124805
24236,0.795447409581268
24237,0.13149974542300866
24238,0.027933803952577833
24239,0.24402058500743673
24240,0.019278216110021607
24241,0.3716984980969628
24242,0.005366829316398331
24243,0.2509767290628466
24244,0.04275204329573874
24245,0.021582819994051882
24246,0.03897401303173204
24247,0.040874347937716396
24248,0.020982326497331564
24249,0.0059717239774821195
24250,0.013017167631525139
24251,0.01462380404159071
24252,0.006320392313078447
24253,0.08606914539299577
24254,0.8254362237364612
24255,0.019193094133919567
24256,0.008210873447092558
24257,0.03452072316735428
24258,0.16079947095898053
24259,0.2111012807128946
24260,0.06631399657330603
24261,0.11193667833080383
24262,0.025873769057387853
24263,0.1443354155928698
24264,0.009681311537238321
24265,0.09195811354261267
24266,0.004342167054742056
24267,0.055899590588565494
24268,0.018254648348453608
24269,0.09125248210302776
24270,0.8749967640607362
24271,0.007690928058362052
24272,0.015500320423589531
24273,0.01651804930743915
24274,0.027869308518033577
24275,0.8700001226983342
24276,0.048498955516235766
24277,0.23222402139499182
24278,0.06122048768779228
24279,0.008300926890740428
24280,0.07054577976486828
24281,0.026588236587680284
24282,0.6083238996184589
24283,0.021656660348513976
24284,0.018344803138978145
24285,0.011390766728748038
24286,0.17017114695996322
24287,0.4332955194167381
24288,0.46745274348032373
24289,0.02651194387909285
24290,0.1265513330519371
24291,0.026985579653047376
24292,0.026907354365659015
24293,0.03758487806160782
24294,0.14840120372505944
24295,0.012731665483615718
24296,0.014890393431039612
24297,0.028506801087217763
24298,0.433880527120403
24299,0.16024733864528265
24300,0.018676243180574977
24301,0.0792974835130669
24302,0.013068024690248033
24303,0.008356971768420195
24304,0.004304125191566117
24305,0.02707352702123683
24306,0.006766193628611471
24307,0.9260385778494205
24308,0.7614821637457557
24309,0.03292190121946745
24310,0.024533896949041033
24311,0.052557956591294926
24312,0.00649533234852039
24313,0.007079280885210325
24314,0.03276154052112504
24315,0.026569145413871825
24316,0.03541372556230333
24317,0.18118100538310072
24318,0.7646133831513202
24319,0.8558676930230718
24320,0.009808157871072599
24321,0.020829051215191883
24322,0.07833882504055117
24323,0.034682735024377936
24324,0.008143848154583603
24325,0.9540079826985023
24326,0.9851084598150567
24327,0.023703154890596385
24328,0.007422188128145654
24329,0.007105198027781281
24330,0.3929924810814133
24331,0.0052408742706094025
24332,0.00787621940529982
24333,0.050733655898539405
24334,0.1708893123431318
24335,0.24437367967442147
24336,0.9782837402183068
24337,0.22342929444928686
24338,0.15557049632078265
24339,0.681704794850749
24340,0.0592724754401783
24341,0.10665446750606901
24342,0.11937974327712222
24343,0.005936762244188734
24344,0.005651109217564546
24345,0.11493490378635271
24346,0.031490409867328366
24347,0.16105414766590737
24348,0.02062734072188363
24349,0.9067525355362542
24350,0.07733811174686966
24351,0.014424144809500161
24352,0.3026051886458062
24353,0.00642794073129385
24354,0.04582222551092857
24355,0.03040480910995205
24356,0.01205585225329933
24357,0.03956368531792161
24358,0.010560825498524502
24359,0.017770274727153132
24360,0.018025553306443575
24361,0.14947472700294595
24362,0.006205414056336434
24363,0.9351000178789343
24364,0.12720329659611138
24365,0.02711031500265194
24366,0.008833457941464475
24367,0.11000064709246693
24368,0.09995277318037672
24369,0.007420374507031578
24370,0.0045748427198658475
24371,0.08426917771206603
24372,0.013421672545401905
24373,0.9440021960490063
24374,0.1261718588682818
24375,0.9039430677494101
24376,0.1844633637684842
24377,0.024717234332567124
24378,0.0056056996490259125
24379,0.6481896086696377
24380,0.9272319946437335
24381,0.8982191156564713
24382,0.004394952607824974
24383,0.3125466611305523
24384,0.6677824207082177
24385,0.02828142690746245
24386,0.16781859117711878
24387,0.6127874576983484
24388,0.014172029365526988
24389,0.021077198413445405
24390,0.06407915438906019
24391,0.5710719073104322
24392,0.11710850426536099
24393,0.040112290372749375
24394,0.06570103914318928
24395,0.05053615684152031
24396,0.929006206420266
24397,0.03011567468494479
24398,0.008300926890740428
24399,0.003833924091426125
24400,0.02271551545453083
24401,0.0123754820112951
24402,0.01758480950290491
24403,0.9326032546020143
24404,0.016490314002051892
24405,0.0966652033362914
24406,0.006415774145514742
24407,0.5955042458948618
24408,0.8083223090077145
24409,0.00903417000389775
24410,0.8074813316369849
24411,0.015929570775694332
24412,0.06843004482496641
24413,0.017089534207451514
24414,0.040083265820448535
24415,0.0042185223013166935
24416,0.008794860625641865
24417,0.012512063268735057
24418,0.8457390969185155
24419,0.01585299487102164
24420,0.01353203233399429
24421,0.008284938478256221
24422,0.6728854267035216
24423,0.008019121621474348
24424,0.010030904912376255
24425,0.08586483148797877
24426,0.3215402873107453
24427,0.016651447666759113
24428,0.15390099946864932
24429,0.7983088479282311
24430,0.061898353748106406
24431,0.03957956420400058
24432,0.00776938140548308
24433,0.049034204766355394
24434,0.012836782385173738
24435,0.13952688429387042
24436,0.13690057317599935
24437,0.5587637290065127
24438,0.003200722639199813
24439,0.013401573244962502
24440,0.00625719117791367
24441,0.02087133876227459
24442,0.019734356157732367
24443,0.5915163568188644
24444,0.16876535181966187
24445,0.9428285614038832
24446,0.1364668975848552
24447,0.47303987575270606
24448,0.0041856376806137805
24449,0.2822661276684625
24450,0.004641985621870765
24451,0.055786910471844885
24452,0.6561742328675916
24453,0.3837659557535163
24454,0.03803244161475573
24455,0.027979536653007845
24456,0.05112440120187508
24457,0.05686610633364379
24458,0.009208695763554922
24459,0.07994556892842601
24460,0.00436236407432743
24461,0.013874522307386694
24462,0.7464417281976573
24463,0.013265112681494981
24464,0.1640146920515591
24465,0.689611506201323
24466,0.836333008138824
24467,0.06343612751316169
24468,0.003714641132031775
24469,0.006149750897879064
24470,0.024363973540404274
24471,0.9850969142776297
24472,0.13463898594063362
24473,0.8980826037236329
24474,0.05888778256452801
24475,0.006159064655204152
24476,0.01137246083315769
24477,0.0371442245811487
24478,0.16312605007350567
24479,0.01403732227291743
24480,0.01844526272696076
24481,0.011040959617284315
24482,0.7252997135433322
24483,0.09073127748239834
24484,0.05014251290175214
24485,0.010167621181301132
24486,0.01778108795670056
24487,0.2163064703454267
24488,0.1983713651261736
24489,0.027092468449227546
24490,0.03173343126249069
24491,0.5353838714955047
24492,0.07339743802468854
24493,0.008290614947543015
24494,0.13277837158065087
24495,0.025894201236688667
24496,0.005273765219650169
24497,0.06064953996307983
24498,0.13349071707826235
24499,0.01183704960962404
24500,0.0029645299132522707
24501,0.18234266805352817
24502,0.03822303946867432
24503,0.006429392879027841
24504,0.0038740328684233032
24505,0.006436448902855338
24506,0.020841076455459257
24507,0.004423959698312108
24508,0.004893000474358023
24509,0.06988709911380415
24510,0.05513644845163296
24511,0.34531765209008347
24512,0.126544371960526
24513,0.0055479985637051695
24514,0.8443319529444384
24515,0.20535177955716896
24516,0.01326359181473742
24517,0.0063355085113697175
24518,0.9840103957105137
24519,0.985876275282525
24520,0.005069301610737823
24521,0.06196740850977647
24522,0.009684874276445496
24523,0.8094567552868597
24524,0.015922782565016076
24525,0.20632744234569927
24526,0.005292643303846875
24527,0.0093806443910339
24528,0.057720217877334126
24529,0.020423102788716355
24530,0.019657841424194387
24531,0.005870581655091199
24532,0.9755657801480215
24533,0.6088680476506166
24534,0.2058899292668722
24535,0.18016908206194773
24536,0.2926394934771568
24537,0.06769535953176252
24538,0.06520987368951396
24539,0.25021088191418767
24540,0.8939406616934826
24541,0.022457814352357025
24542,0.17236305510774466
24543,0.046382688173855435
24544,0.18993248873488155
24545,0.01704313298325014
24546,0.21164978606086554
24547,0.06936437659849992
24548,0.9779706340248414
24549,0.06301498150660344
24550,0.0207498177453689
24551,0.004272132492461689
24552,0.006225265497374274
24553,0.009102339885133572
24554,0.028302734923136254
24555,0.020979294482258437
24556,0.005899620321500136
24557,0.1038373725247788
24558,0.982344272868731
24559,0.11167864105129016
24560,0.9157205756016825
24561,0.45542581875196847
24562,0.9592992566342896
24563,0.029368391367884144
24564,0.012081715984386614
24565,0.11858883499433455
24566,0.05351709177932832
24567,0.036246345656905196
24568,0.4069840761367586
24569,0.01534671904363974
24570,0.3033263842376257
24571,0.004635939142862341
24572,0.117945660984565
24573,0.0032457964904122156
24574,0.015927096553709975
24575,0.01180866324039388
24576,0.9775553829031067
24577,0.017372329143261603
24578,0.005195708072417261
24579,0.9261951529203011
24580,0.014895266521745672
24581,0.9820020155989808
24582,0.489864234972562
24583,0.9358652165978512
24584,0.9515474150988363
24585,0.005862868495143528
24586,0.01725598928102819
24587,0.1285584440058666
24588,0.02505506521408947
24589,0.02152385992158887
24590,0.2817366258076868
24591,0.0032592834033392647
24592,0.22561648901692807
24593,0.056230233077306874
24594,0.4392902270356154
24595,0.008715402876177739
24596,0.9729841259532139
24597,0.043321836335726026
24598,0.004173871445040764
24599,0.01604607208010843
24600,0.17152034921051493
24601,0.14192833025401183
24602,0.007039240494968949
24603,0.009442231767851582
24604,0.003571014827696338
24605,0.018983888485511566
24606,0.9193610641811135
24607,0.008531870980744816
24608,0.03439103781219089
24609,0.34435273899661883
24610,0.0026620313692277647
24611,0.010228092605971743
24612,0.7055921705610032
24613,0.03361044167027935
24614,0.0057502748565577515
24615,0.11222977781953532
24616,0.931001876349044
24617,0.0754377202371784
24618,0.9230826091827183
24619,0.06765818476383201
24620,0.13878974347229373
24621,0.6308621978662893
24622,0.013718204997596939
24623,0.14540105559021835
24624,0.009571406861918083
24625,0.8431071764705153
24626,0.29517636849309015
24627,0.018757860421786243
24628,0.23773133392735507
24629,0.038363631470433875
24630,0.4019376677366432
24631,0.016690489533316675
24632,0.0038474163507438543
24633,0.005933706816014762
24634,0.3229030335865867
24635,0.09723850475764502
24636,0.16934985699016708
24637,0.15385120912090658
24638,0.01004859618864447
24639,0.030754038634548637
24640,0.0041307760795579644
24641,0.6132050329177152
24642,0.7648244736353175
24643,0.007745137467798593
24644,0.07759456399715696
24645,0.19560976259709847
24646,0.6875938699818325
24647,0.19466888185103018
24648,0.2858524321404744
24649,0.015631531234647323
24650,0.037893240405287465
24651,0.03493255669047675
24652,0.22813069746406323
24653,0.2857015880794981
24654,0.975321896951865
24655,0.015509910897916365
24656,0.006465220377700527
24657,0.8655366717164183
24658,0.46888434684417984
24659,0.005677955080559354
24660,0.006853725432530404
24661,0.11139098164499804
24662,0.8877611935092217
24663,0.008088239765212177
24664,0.047911964392150876
24665,0.011759410471789385
24666,0.016208542393256815
24667,0.055265265923778346
24668,0.789738769838869
24669,0.5342679225562383
24670,0.6643723906690286
24671,0.9834501242098224
24672,0.1010238498785463
24673,0.005561781768544703
24674,0.19312920087101784
24675,0.006510400320049735
24676,0.004632693980945456
24677,0.9017057112033752
24678,0.9736165183063902
24679,0.10387274683237574
24680,0.8115475534574174
24681,0.008765897278808193
24682,0.003099241171741629
24683,0.07511359106391302
24684,0.9720981270079906
24685,0.09154534129643024
24686,0.1284502131474953
24687,0.07966336447112086
24688,0.596575744307553
24689,0.573297478579707
24690,0.00701444074825495
24691,0.0126764943972367
24692,0.7527788678930906
24693,0.08450796147688887
24694,0.027769885969641663
24695,0.03298669542008071
24696,0.3316487323502695
24697,0.003384037662515169
24698,0.016185894542419497
24699,0.6338203493030621
24700,0.04855952054787362
24701,0.005903112973003125
24702,0.12002308620047554
24703,0.01586888936134626
24704,0.06808719633975047
24705,0.354027493647655
24706,0.3321029402083396
24707,0.5100552047347301
24708,0.015722231068453815
24709,0.1077506348845334
24710,0.02779067990813517
24711,0.015519369674988327
24712,0.6238588154109491
24713,0.08495440266111258
24714,0.16712206868742432
24715,0.03830075959393689
24716,0.3039540463407755
24717,0.023408758885169422
24718,0.005058075841621572
24719,0.21505177523765054
24720,0.2784982364398968
24721,0.46134716175788754
24722,0.00856034754307557
24723,0.007030592459108693
24724,0.06723478810713293
24725,0.604659539613486
24726,0.20535968509109429
24727,0.016887899851978153
24728,0.8656838776441644
24729,0.025128656368923922
24730,0.0037748163284791574
24731,0.0793354535503678
24732,0.047433267427918153
24733,0.06396784754077951
24734,0.29950341807959824
24735,0.0057816750756383515
24736,0.2586180870286526
24737,0.0038653603942225712
24738,0.26342151615340176
24739,0.005850165903951398
24740,0.25795780046862027
24741,0.0781675398707325
24742,0.598232511049657
24743,0.006834601362296768
24744,0.1037979420002668
24745,0.15543576305980072
24746,0.02906598246543803
24747,0.0884169290740361
24748,0.5926772408011454
24749,0.008384927458188387
24750,0.07307077601171832
24751,0.04141844246748082
24752,0.007733836771980497
24753,0.10990154473542803
24754,0.3448327574631494
24755,0.009488926386617979
24756,0.0033174583700033553
24757,0.2972929634630531
24758,0.025790858675859465
24759,0.0033585056705940043
24760,0.006571230385307011
24761,0.011953378170478148
24762,0.29296025089581373
24763,0.05480612478260275
24764,0.01068326276033151
24765,0.014329099138391428
24766,0.01387557896591599
24767,0.04463505112320897
24768,0.018991975808550846
24769,0.021768538831243113
24770,0.012070423619285035
24771,0.005774347880670522
24772,0.17264729426801803
24773,0.03565393396404373
24774,0.17121241404730522
24775,0.007459074048087148
24776,0.18950968429900586
24777,0.031154934662245896
24778,0.8462670210999068
24779,0.02002467393712666
24780,0.01565139826843362
24781,0.008802083092970066
24782,0.9091419696944945
24783,0.10922348315094538
24784,0.2990927774631705
24785,0.3887954993275567
24786,0.1708786493915313
24787,0.006787521474634821
24788,0.7872565439153242
24789,0.04334470878879625
24790,0.0077115605119766695
24791,0.21538675269414814
24792,0.005433586614602687
24793,0.6972765809687407
24794,0.009735915562454194
24795,0.006404745202480062
24796,0.981590332701048
24797,0.008996857519509937
24798,0.0056201326004863056
24799,0.03120699634403769
24800,0.05673840888456545
24801,0.007333989679094258
24802,0.7503222758387331
24803,0.0036583354498978464
24804,0.006722356711204121
24805,0.06415278345840024
24806,0.005992720213515218
24807,0.06463546454696567
24808,0.004299858038726008
24809,0.31488423158116136
24810,0.02418788862245749
24811,0.020987894041470306
24812,0.007514811957362424
24813,0.15487435426901155
24814,0.0911178264631165
24815,0.008900769583642087
24816,0.007153456077550889
24817,0.0334861367728308
24818,0.013882771840362214
24819,0.5860851425072595
24820,0.686838345490032
24821,0.01377331505634004
24822,0.020494852509992268
24823,0.08945665494468048
24824,0.14796638460601366
24825,0.007182763094366141
24826,0.755465524460399
24827,0.007462131369871259
24828,0.019396725709044313
24829,0.018028491744752406
24830,0.3460241355552247
24831,0.012634729761621626
24832,0.009397225444983002
24833,0.06476887821631092
24834,0.036777846091696084
24835,0.04928320190950265
24836,0.066521849524067
24837,0.010367206681868628
24838,0.6556226161992283
24839,0.21751928859378108
24840,0.9057113744478322
24841,0.9272336908974161
24842,0.004747685621699528
24843,0.1388483920573187
24844,0.012186491668362092
24845,0.008126256077997827
24846,0.007793965067893319
24847,0.7236383569377953
24848,0.014952991357744949
24849,0.024009880758518228
24850,0.015354886277575308
24851,0.517093525577755
24852,0.13658924596950783
24853,0.016945432140778215
24854,0.010973892598164996
24855,0.9826388121212335
24856,0.004484240502747263
24857,0.0138692498532926
24858,0.0851284887885051
24859,0.06205686734695722
24860,0.15112191535510208
24861,0.20942213593453204
24862,0.007319928863256535
24863,0.4716226377240739
24864,0.01724450787805184
24865,0.27620208424266574
24866,0.9942027735243066
24867,0.6124166030753173
24868,0.043010535827738436
24869,0.048803411177653626
24870,0.5766877686410453
24871,0.16533002153778867
24872,0.017962060056147026
24873,0.018437360732452796
24874,0.10863857852933449
24875,0.09332338036256017
24876,0.08720240290379937
24877,0.3217531842438018
24878,0.009399305865518175
24879,0.1815261133082635
24880,0.0671934289949778
24881,0.08625408677505483
24882,0.04479703317633048
24883,0.7600561418117825
24884,0.20194442176255617
24885,0.19315404285143495
24886,0.13120804909677347
24887,0.01641749421471947
24888,0.027167853394796285
24889,0.8400600758046176
24890,0.027901247473060404
24891,0.10440192856403707
24892,0.02060053488540459
24893,0.23319502498416422
24894,0.02986375646364423
24895,0.9727122867334066
24896,0.9834482868316303
24897,0.07701821898086426
24898,0.9720687937332357
24899,0.016327181009057348
24900,0.05472475369951801
24901,0.03187492675634959
24902,0.4242925783292225
24903,0.028548457706853127
24904,0.024975265583602187
24905,0.7464877263653074
24906,0.06047425656182063
24907,0.5946740371293515
24908,0.3032015027405101
24909,0.01844863692153867
24910,0.008212530702005396
24911,0.005394009877203864
24912,0.06847508962057453
24913,0.01877091463716819
24914,0.01192454710199309
24915,0.03322084232068841
24916,0.8431050114445379
24917,0.02261659934386795
24918,0.7689288645840793
24919,0.00905143103549896
24920,0.1040224386342451
24921,0.6853967510328075
24922,0.012581857189815653
24923,0.08539969361538272
24924,0.015267465325461124
24925,0.034633888337331706
24926,0.00336872989407146
24927,0.08572494969302669
24928,0.06435212832776234
24929,0.08565363683460918
24930,0.4240668859337461
24931,0.9393070797426285
24932,0.05427058490540611
24933,0.026893849633636932
24934,0.012510625944500316
24935,0.023674496845020435
24936,0.10643592336942202
24937,0.8855183469499944
24938,0.9786815749176654
24939,0.04022356952242352
24940,0.020096164905526466
24941,0.03516948671356951
24942,0.005828656561368442
24943,0.00740529039128995
24944,0.006727614918001388
24945,0.006101387022839465
24946,0.004771048200365203
24947,0.04022803156316519
24948,0.017103706588091506
24949,0.01099395494114368
24950,0.057259863740577246
24951,0.04462272142688431
24952,0.05415311176565943
24953,0.02464660440361781
24954,0.0935305288596067
24955,0.08243454046560138
24956,0.0580799116134424
24957,0.005829589485651114
24958,0.01065181572677079
24959,0.22114977545183181
24960,0.6393908239112102
24961,0.027736703284903883
24962,0.004056618598014837
24963,0.0037104293459417066
24964,0.009137132336554088
24965,0.011275934600785086
24966,0.8285757421935765
24967,0.00714057489302799
24968,0.04606127825333009
24969,0.8349211921427607
24970,0.840180580359419
24971,0.04526414718286078
24972,0.020453125912806285
24973,0.018460314499967205
24974,0.023672820322621815
24975,0.32937450830550863
24976,0.275046952364083
24977,0.0041440309061299245
24978,0.009656454989816399
24979,0.24298583419907804
24980,0.008704999630979673
24981,0.37851338175006083
24982,0.011351993207893199
24983,0.014562231558785667
24984,0.04277161163744323
24985,0.4341409478010751
24986,0.9379975982226242
24987,0.09892803028987825
24988,0.011083670766026623
24989,0.7571467065435367
24990,0.8769630380238963
24991,0.22959518021134062
24992,0.005956317983252302
24993,0.0690164393399945
24994,0.982707233392051
24995,0.0093138651640734
24996,0.01075157653423095
24997,0.004516535933069222
24998,0.08978568059683478
24999,0.13223014368963393
