id,Exited
15000,0.07925271746758719
15001,0.0022233965711542466
15002,0.036477411099527166
15003,0.4358323285789782
15004,0.01985387351535853
15005,0.10048218528629484
15006,0.015998354719397014
15007,0.010214739055938343
15008,0.011471310183781048
15009,0.01717126705517229
15010,0.04166949666823867
15011,0.9849308482961486
15012,0.041036210149731946
15013,0.1320408316545207
15014,0.046954035632335814
15015,0.01215918279310573
15016,0.025589754112651585
15017,0.012617309648025798
15018,0.45986146847703996
15019,0.020527521373410917
15020,0.0095537091811612
15021,0.008954695756432398
15022,0.9871973013229328
15023,0.17315734163386062
15024,0.012470670763120468
15025,0.8198999276119175
15026,0.7516414647706854
15027,0.01142619812190925
15028,0.0973136224900072
15029,0.732753904613214
15030,0.6493585922014332
15031,0.3242770788438829
15032,0.03831986357370929
15033,0.19318200849248995
15034,0.7520130644308042
15035,0.021838845080321023
15036,0.0063705281734579774
15037,0.7291810768793785
15038,0.04309850343137656
15039,0.010739962122192625
15040,0.1463179286637134
15041,0.004824396802691198
15042,0.00222412960923938
15043,0.02242293046832458
15044,0.0009731378017000692
15045,0.018539212455422137
15046,0.207984563459789
15047,0.9371140035299899
15048,0.00201543117441968
15049,0.5819193471346525
15050,0.014047123957665135
15051,0.0180487993787276
15052,0.01475175931635364
15053,0.6122676084015087
15054,0.17720117070278765
15055,0.005592640031444438
15056,0.003973977185630407
15057,0.970139871792866
15058,0.897106129915893
15059,0.09032900412218646
15060,0.0023513384635825817
15061,0.001876902362267038
15062,0.7896400060382255
15063,0.6637268956573603
15064,0.014699422110512977
15065,0.02256794606532591
15066,0.019580459343205056
15067,0.9953450777979498
15068,0.9673321510833764
15069,0.01192940245059398
15070,0.823939429085816
15071,0.009638786017743442
15072,0.6673954472068947
15073,0.6526742763582963
15074,0.009618740781634109
15075,0.003483048354404412
15076,0.0014815676684952392
15077,0.007808400133853312
15078,0.0012602091532708866
15079,0.03761571656651547
15080,0.9241182139291341
15081,0.055179567764728384
15082,0.11119606273613768
15083,0.037433134063458724
15084,0.0023411714806207047
15085,0.004562126458740646
15086,0.7085764651059627
15087,0.0007884018249276242
15088,0.016937869165402554
15089,0.01312313144007628
15090,0.004002683843937902
15091,0.007900935357299745
15092,0.001001593717124942
15093,0.08372513420849442
15094,0.010973844672362922
15095,0.006116675833158098
15096,0.3192489318882005
15097,0.001609695179112212
15098,0.009071361772107971
15099,0.18265685229870748
15100,0.009818696967310308
15101,0.5983796670905783
15102,0.8076610171744094
15103,0.5351182922668721
15104,0.14903610791718933
15105,0.10960762869604695
15106,0.07712847084281339
15107,0.9730140097506854
15108,0.016450380159599723
15109,0.010137065334481065
15110,0.2841155141450602
15111,0.007290511854719805
15112,0.19850264547782515
15113,0.00926927827600931
15114,0.019106137581935502
15115,0.01038767017404062
15116,0.0013736719034721345
15117,0.9592766872601756
15118,0.04046277781353782
15119,0.05661574566408196
15120,0.004640821117204356
15121,0.24750116180925164
15122,0.005314106587232546
15123,0.04411851762253554
15124,0.29675303296293004
15125,0.009904307202611096
15126,0.9690384435796002
15127,0.0015883659172306903
15128,0.051262232123244475
15129,0.06968109798560798
15130,0.0014648661201266363
15131,0.8386862627536847
15132,0.03371540656688284
15133,0.03876981297148294
15134,0.0019026689010063112
15135,0.6105039725312476
15136,0.3885111290351637
15137,0.1829108682696845
15138,0.030194406014177694
15139,0.0027059914705014182
15140,0.0024479974066316085
15141,0.9789497641813213
15142,0.0012506037475592529
15143,0.8545207959948552
15144,0.20006792373735202
15145,0.0051085756364516455
15146,0.01037149317848446
15147,0.42665020504901313
15148,0.012134055521932263
15149,0.9817233941828891
15150,0.03543888017535699
15151,0.3559902508576148
15152,0.8769887601785311
15153,0.09758475818012378
15154,0.82731991345252
15155,0.13168061645976575
15156,0.012211371967555305
15157,0.06105230586569396
15158,0.3929120965698342
15159,0.7467634516882281
15160,0.1906053374679645
15161,0.0030207547234091976
15162,0.0010889360207525676
15163,0.006003622733540133
15164,0.0021291721138900614
15165,0.0397943471373815
15166,0.9083164136989546
15167,0.13057948706348924
15168,0.060841601956609224
15169,0.018212096127175236
15170,0.19026460284161917
15171,0.006368907521865991
15172,0.02561954706635941
15173,0.9719359602962171
15174,0.7262783308695712
15175,0.07041513458621064
15176,0.002718490575247121
15177,0.04242470257940292
15178,0.15250615318610355
15179,0.008649756455507767
15180,0.5005963245882963
15181,0.9790137396366662
15182,0.1468736495815625
15183,0.4568022247755616
15184,0.006046383857160228
15185,0.45825985347295123
15186,0.03569555627382805
15187,0.004326839498842431
15188,0.007507212822670132
15189,0.005592708280412803
15190,0.025748108449509796
15191,0.0035743809776335018
15192,0.11810309813090294
15193,0.07227178602703166
15194,0.7798073868818554
15195,0.16165965981281957
15196,0.3363528913153932
15197,0.001434121018001991
15198,0.649197221980348
15199,0.02281381260600884
15200,0.1947541077686103
15201,0.01289883424517314
15202,0.0012980709108135014
15203,0.002154994308111428
15204,0.0018589614884298726
15205,0.09831969692367214
15206,0.0881339636857247
15207,0.0568610589607637
15208,0.0033067498474760432
15209,0.0876945619751387
15210,0.006523673684674799
15211,0.012454260087319367
15212,0.6462997430199181
15213,0.013062218409856441
15214,0.019930528772832794
15215,0.037220061933870244
15216,0.7930970572129902
15217,0.0191228240997069
15218,0.04677251132792406
15219,0.016875006713007516
15220,0.0072434950448451675
15221,0.019134311760155717
15222,0.05407420016957202
15223,0.02376859031110495
15224,0.018959097137405886
15225,0.5100768846953972
15226,0.422260895820478
15227,0.01946469704026414
15228,0.5596375466329331
15229,0.07800635830418917
15230,0.9757223639315181
15231,0.6054779893508491
15232,0.020827843774499564
15233,0.053253608870019634
15234,0.9909970829690588
15235,0.0019051226277261094
15236,0.14960688309584877
15237,0.10218855809502465
15238,0.004221307243489454
15239,0.003279852516054018
15240,0.13974241723716932
15241,0.02775363835619843
15242,0.2106303779777444
15243,0.7505962536960218
15244,0.014238999137107026
15245,0.9095740709170806
15246,0.09211843027804444
15247,0.060048810140556796
15248,0.0978603823700261
15249,0.01789354590922067
15250,0.0023599983354222606
15251,0.010677665850586882
15252,0.2260441027852532
15253,0.06661218284759166
15254,0.0036752363533610944
15255,0.003911831007432821
15256,0.0025837623098361887
15257,0.03830377703296423
15258,0.8689628053352307
15259,0.055429809981499566
15260,0.0009957899184519755
15261,0.9894403118836236
15262,0.011767247491519897
15263,0.8257630634676997
15264,0.19919487782105488
15265,0.3567975118750158
15266,0.02630574179244195
15267,0.05634311114146554
15268,0.0035978306310884343
15269,0.00917252739056344
15270,0.08092235023677878
15271,0.02239687277287341
15272,0.047149883248213856
15273,0.027778724053418087
15274,0.9700659528737031
15275,0.9699104482420623
15276,0.05757234413011708
15277,0.0027038205800657316
15278,0.0034182337060437106
15279,0.032826012961171616
15280,0.9917670313733188
15281,0.027905152819499537
15282,0.2830534588458108
15283,0.6961587434730984
15284,0.002799885863439133
15285,0.9654950670438952
15286,0.0004842406915528606
15287,0.01136542563371945
15288,0.012699122812032358
15289,0.021535737515957054
15290,0.0024719323900723226
15291,0.005887468463476682
15292,0.11908470533244249
15293,0.9725401957679812
15294,0.02132471416701577
15295,0.11832325263376287
15296,0.05264917924579806
15297,0.0054283234451922464
15298,0.001109482643626073
15299,0.0009352883911451806
15300,0.031895944975210755
15301,0.08479553261653656
15302,0.04504601534451184
15303,0.0018690922801812054
15304,0.018651368209729253
15305,0.10859227544300544
15306,0.022101655135234127
15307,0.7373506028954778
15308,0.0010017054437147115
15309,0.9608095414709031
15310,0.6645775323201463
15311,0.26997948568092933
15312,0.011205478221725294
15313,0.004520083231910432
15314,0.0009267426417016931
15315,0.006420799359841674
15316,0.06369500888448872
15317,0.017856868871204926
15318,0.50601902186842
15319,0.0012791222361962708
15320,0.010886819867014494
15321,0.0037539574569525683
15322,0.04257858500433991
15323,0.0007433016071121096
15324,0.8168994895418971
15325,0.0008607273209390236
15326,0.01419773612359887
15327,0.4283539374792752
15328,0.07987834414677429
15329,0.0008587634967456594
15330,0.05557797900667813
15331,0.034168823529974274
15332,0.006719423699170698
15333,0.009980441499311576
15334,0.1662847624355526
15335,0.006328829888924748
15336,0.08121746478053447
15337,0.03552526399660728
15338,0.0905463163047476
15339,0.018706887525704305
15340,0.006846907266734299
15341,0.0013089343781484003
15342,0.9817168189994442
15343,0.07017937108765515
15344,0.11048566491214627
15345,0.10756110546990573
15346,0.902326460924088
15347,0.05811726458028596
15348,0.026218333896526353
15349,0.008000843741553017
15350,0.015551175804264485
15351,0.009055174086157027
15352,0.019381976653313083
15353,0.3254693515147126
15354,0.015919909027827858
15355,0.055846549601409286
15356,0.8363141148331684
15357,0.005002953479744645
15358,0.015730244113676503
15359,0.0007025056485654381
15360,0.012084792447582102
15361,0.003852451192796266
15362,0.008172794021104077
15363,0.012513010497523904
15364,0.04782348024573701
15365,0.49482278663660184
15366,0.2963494315886662
15367,0.92454472110125
15368,0.005936712800852974
15369,0.018578728105405895
15370,0.6496402015396386
15371,0.02041346849242331
15372,0.005314040862544995
15373,0.20103744043112012
15374,0.24776826780475839
15375,0.049585261628508764
15376,0.2697434701543055
15377,0.6977874446805536
15378,0.23444451473497724
15379,0.8418371590253897
15380,0.7322203319764816
15381,0.018300820885684625
15382,0.004544522746362915
15383,0.009246028032227287
15384,0.5949353166912639
15385,0.2007438995818585
15386,0.09343443718246588
15387,0.05482981479157708
15388,0.008159795655549756
15389,0.05561388754511609
15390,0.29362514915651167
15391,0.21224877069743983
15392,0.0025737487095477676
15393,0.0023475915565221352
15394,0.002624586173231248
15395,0.006147598547644451
15396,0.058105146016671126
15397,0.00999797445341312
15398,0.007494190004285768
15399,0.00822324331199261
15400,0.8877961459421992
15401,0.10086919232532514
15402,0.0032143247323742387
15403,0.03059653331532951
15404,0.012718777455794318
15405,0.017551370991276138
15406,0.10242094292498764
15407,0.030352680435496396
15408,0.037355200132832556
15409,0.5828304567875671
15410,0.4033751690717383
15411,0.006416025501456044
15412,0.06315041519422551
15413,0.8142123221313383
15414,0.9928456391547205
15415,0.0030263037494229314
15416,0.004491686281291444
15417,0.49359099988678257
15418,0.03702594882042706
15419,0.4911920040717268
15420,0.03486354691726185
15421,0.025638898720487795
15422,0.11892451740003572
15423,0.13103200498889236
15424,0.0056476063720051406
15425,0.9717853336285949
15426,0.47184288240969086
15427,0.02523717931974535
15428,0.04897280085283977
15429,0.08339182804781749
15430,0.0034491674529610714
15431,0.009163239570234624
15432,0.03997502048294479
15433,0.0007768438091298359
15434,0.00789487662424428
15435,0.003285430841454391
15436,0.04200215147203992
15437,0.15121022811636028
15438,0.005658411063553293
15439,0.012154197648331031
15440,0.013315172217690036
15441,0.9258312348315146
15442,0.5323072502202009
15443,0.5775627555740878
15444,0.004581893450409933
15445,0.0027654933523826677
15446,0.029179036031165867
15447,0.008045002625363049
15448,0.9096378525059254
15449,0.00709677131468217
15450,0.021290395953617085
15451,0.01586118338548004
15452,0.5957721733163954
15453,0.03337022958504762
15454,0.2155016270548719
15455,0.9540391139469941
15456,0.043572632334460445
15457,0.0013249933035570042
15458,0.07184873686774206
15459,0.6699387837258499
15460,0.4693466473745251
15461,0.01784828789136515
15462,0.031243178351582704
15463,0.0037773758738897166
15464,0.9709078476613588
15465,0.23065258184475385
15466,0.003993306753991713
15467,0.8099700939876426
15468,0.003191500270421326
15469,0.016595785785025803
15470,0.002821038253532015
15471,0.005454665077115074
15472,0.08754571189051609
15473,0.05557847257808018
15474,0.1153393975765948
15475,0.4695094379957104
15476,0.30747932152122187
15477,0.025248049196352994
15478,0.004968787787189202
15479,0.043099969224780495
15480,0.7050605762695246
15481,0.9881086567434272
15482,0.052461331512778805
15483,0.9923946020262963
15484,0.017834696246721682
15485,0.2969830672138022
15486,0.004890984300113392
15487,0.9654504776102069
15488,0.011197120333401554
15489,0.08020532863224877
15490,0.954925554845127
15491,0.6701753887459586
15492,0.7354145680558594
15493,0.06256155138145922
15494,0.031522899299174144
15495,0.6683484945680009
15496,0.024490869908894444
15497,0.004041708189505634
15498,0.9561506208875762
15499,0.25140772222990637
15500,0.0030616561041944875
15501,0.00035306518882758606
15502,0.06651980394800693
15503,0.9807776519363748
15504,0.05189627510126981
15505,0.039178561600159506
15506,0.06386729519127325
15507,0.00039646033938757973
15508,0.24831739909538833
15509,0.007932293416216131
15510,0.13707056260215605
15511,0.009521927578995584
15512,0.0019970482962168167
15513,0.007857155687315084
15514,0.029112737318120394
15515,0.004865713752864737
15516,0.05151404381426931
15517,0.3645056487849012
15518,0.004618902268145654
15519,0.018381774771242185
15520,0.27703746836221577
15521,0.0430752510100374
15522,0.01786032989401476
15523,0.025411916656223936
15524,0.03657443096288972
15525,0.0004545329029706481
15526,0.004394157554346287
15527,0.009545364946645553
15528,0.0027020620947052405
15529,0.04202093239809038
15530,0.0011343729104242842
15531,0.09085382685490646
15532,0.010140837948585047
15533,0.09750276694060708
15534,0.004369641695138333
15535,0.13734925379853574
15536,0.14660312711303802
15537,0.015199084358591942
15538,0.025052366738003633
15539,0.006092319391994327
15540,0.018661313238466034
15541,0.014726057486941826
15542,0.004792256049502735
15543,0.0023656335948453898
15544,0.017582739767159405
15545,0.018760092518024293
15546,0.5094735999101867
15547,0.0665010193219877
15548,0.002138228181340945
15549,0.8092468954764425
15550,0.009437702814495604
15551,0.006242362932883255
15552,0.005782720037791032
15553,0.02662795300117497
15554,0.41978901380504724
15555,0.004070567066332048
15556,0.008183884611460935
15557,0.009489879278096443
15558,0.016772676999554387
15559,0.02655378125952095
15560,0.01035774868058173
15561,0.018418491493563924
15562,0.010683302249548299
15563,0.01357830400095481
15564,0.026638517317810317
15565,0.07317377333686523
15566,0.016757245202441876
15567,0.006004092213290349
15568,0.0025337382816506583
15569,0.021977546637713386
15570,0.1692340935133328
15571,0.5850187907097162
15572,0.96146786662683
15573,0.09919216631514377
15574,0.006894553742069695
15575,0.004537194799034173
15576,0.026828263914175563
15577,0.7284428774353752
15578,0.9195102332548505
15579,0.35578700657196993
15580,0.004514903449885029
15581,0.053915363200927886
15582,0.013924046408661886
15583,0.004520279430574376
15584,0.07669248205001636
15585,0.9197874593523553
15586,0.0017765711190745115
15587,0.0061063707749633295
15588,0.02263253207553081
15589,0.003824513725853386
15590,0.026897426371533462
15591,0.0196978542312711
15592,0.02388622602770512
15593,0.981715353102275
15594,0.6894402611721836
15595,0.011134831176885315
15596,0.7984316044271197
15597,0.68432360683788
15598,0.17308596507993626
15599,0.15856341518839281
15600,0.7636416135887262
15601,0.4380185907766184
15602,0.010318289488411675
15603,0.018245548520518625
15604,0.0808765474112241
15605,0.07954691691655759
15606,0.006610917488142586
15607,0.04560630590133995
15608,0.018457351288788712
15609,0.007418052845670275
15610,0.8318367349195814
15611,0.0019551262403059515
15612,0.10286051281350153
15613,0.15126453009270735
15614,0.059602490891670266
15615,0.18844361259903272
15616,0.0009325993826611779
15617,0.9830039095370883
15618,0.2750404613929615
15619,0.010378380362466386
15620,0.13658211895518085
15621,0.005705574497737564
15622,0.007664916101244095
15623,0.0675810036039486
15624,0.012342176896426802
15625,0.9717600357306444
15626,0.020487584217765243
15627,0.511761409016406
15628,0.01603014128838641
15629,0.044098568644898244
15630,0.01159955256688385
15631,0.21392100179997425
15632,0.004306326956218791
15633,0.0017104549755695296
15634,0.1063021814587132
15635,0.23109803223378161
15636,0.014626971803269084
15637,0.22114417100558809
15638,0.022536748083625917
15639,0.3774401080285496
15640,0.23531987852409056
15641,0.23431429966350326
15642,0.3092512737495084
15643,0.006540343680712391
15644,0.11179672801361976
15645,0.0216254655423651
15646,0.04316066418996721
15647,0.004222639716294369
15648,0.05379878754914648
15649,0.08647925312886379
15650,0.0022143912125376034
15651,0.004193167559054822
15652,0.005237294115688522
15653,0.43446481014483973
15654,0.10051696599403696
15655,0.7967333620282483
15656,0.24979951727417682
15657,0.7556721506763578
15658,0.008128090136628545
15659,0.026488451213761977
15660,0.0075375763657580756
15661,0.44882351064885156
15662,0.007331065724005355
15663,0.019353281571986902
15664,0.07559688023297186
15665,0.09702396036814802
15666,0.010249185753503002
15667,0.04028243069745209
15668,0.0116269373181073
15669,0.35197017954446025
15670,0.8759152269032923
15671,0.027413816331141583
15672,0.000772226292179682
15673,0.06003021450668727
15674,0.13851137841617797
15675,0.7610704246587137
15676,0.006969722369262513
15677,0.7024748203830643
15678,0.014044652413362982
15679,0.007987572802098802
15680,0.03027865403188681
15681,0.001393694826825039
15682,0.003434329411084179
15683,0.005979564217944474
15684,0.01952224519930808
15685,0.04251920581632068
15686,0.5874115396794016
15687,0.0033237451045554866
15688,0.6573075958590581
15689,0.2702349633073588
15690,0.08281720215023863
15691,0.004073888031348359
15692,0.026051297793622388
15693,0.12916698270309332
15694,0.0044909882413715005
15695,0.01758296863754878
15696,0.011389913752065405
15697,0.012637279224286962
15698,0.2376752355916633
15699,0.0016640928145372643
15700,0.004131373923032346
15701,0.2599061965747031
15702,0.007708077954482164
15703,0.15932290641932842
15704,0.0007018003004220421
15705,0.969271126982859
15706,0.08979595510703392
15707,0.017965239977684667
15708,0.5628553593212696
15709,0.002819327302355948
15710,0.9602885117536573
15711,0.40455467482813906
15712,0.0037798634513710513
15713,0.003433646013737872
15714,0.002015180915676565
15715,0.9103846636263951
15716,0.03825425346814802
15717,0.005021770696548236
15718,0.0074506215934355595
15719,0.9547040612059399
15720,0.2511447376273389
15721,0.04966418768714583
15722,0.0012785283750986818
15723,0.00344213177735968
15724,0.05361639165190922
15725,0.010821027648395988
15726,0.014649171081705771
15727,0.01987270899238572
15728,0.01687399000309371
15729,0.9388643791226055
15730,0.0423143596933304
15731,0.0031185787919021353
15732,0.9922014723454156
15733,0.38821131735851727
15734,0.014834728360158322
15735,0.43924271889643346
15736,0.014680073700838939
15737,0.3970913879541168
15738,0.010910816296607511
15739,0.005529503483100282
15740,0.04405109244243416
15741,0.025750946068940083
15742,0.836193296537918
15743,0.6440382264541508
15744,0.006461229308997879
15745,0.0030990197855705944
15746,0.04519749647200427
15747,0.2920697905403354
15748,0.3125714409547722
15749,0.0030450255710642435
15750,0.03965786952894419
15751,0.0017680114280440302
15752,0.39592966839967486
15753,0.016499383797922172
15754,0.003158920325322158
15755,0.1121647151176075
15756,0.0008962437442573182
15757,0.01235794523756464
15758,0.04329044137360797
15759,0.04600088667205736
15760,0.10954504733301368
15761,0.16120013889395715
15762,0.8124527770971948
15763,0.953185226655347
15764,0.014040871226603219
15765,0.03073062505902765
15766,0.05653093598634777
15767,0.002041022618740764
15768,0.010282412332336085
15769,0.0037995310840880136
15770,0.21844664381328113
15771,0.12010178219545538
15772,0.0030331314467112844
15773,0.018629519418173264
15774,0.05579381282588614
15775,0.022352694632315664
15776,0.20627976964215686
15777,0.678090774192254
15778,0.9868900615477139
15779,0.10523950400031185
15780,0.7098866895920856
15781,0.03244099711252057
15782,0.018679762853805047
15783,0.004246222581300999
15784,0.022859391767181925
15785,0.00735765663848851
15786,0.005116602174650758
15787,0.003823088581831229
15788,0.7181809581394923
15789,0.6636751448319708
15790,0.028688474619987657
15791,0.0021341328125539217
15792,0.9694517708357442
15793,0.007241810595564179
15794,0.007243774903199973
15795,0.13153763672013175
15796,0.002483615093374991
15797,0.06409132569175309
15798,0.9795054795894691
15799,0.01567709369600901
15800,0.45628107316284483
15801,0.8192342543466427
15802,0.44644569107491594
15803,0.07212366467287935
15804,0.018289628669019606
15805,0.05045754362778747
15806,0.010514365058750728
15807,0.5592818502637379
15808,0.22071007743862872
15809,0.011249897369846603
15810,0.9797332464346192
15811,0.2573737115355313
15812,0.03191309774927175
15813,0.0021025441333363533
15814,0.01934649249367874
15815,0.01580032684812955
15816,0.05645803202069599
15817,0.05027043550120245
15818,0.04043558697374643
15819,0.04422419501246581
15820,0.032355391961820495
15821,0.750401249368633
15822,0.09019070904749561
15823,0.11454680399654955
15824,0.007136756563046641
15825,0.0019238343436098785
15826,0.0037035164798090154
15827,0.0923020955307218
15828,0.002248927213995176
15829,0.4361130690536486
15830,0.9468585497057755
15831,0.09411554259678062
15832,0.05570614102048931
15833,0.7556692431009536
15834,0.10175828448260639
15835,0.002913141384565556
15836,0.0025346055195977486
15837,0.19697027459320507
15838,0.002267127755109391
15839,0.0007458748404229923
15840,0.0026138278670906254
15841,0.0064531598860687305
15842,0.059994125976275944
15843,0.0687562091136905
15844,0.06114455755566286
15845,0.43641403818034386
15846,0.5547574502503538
15847,0.010272365923981808
15848,0.02126829476428858
15849,0.06255283580975375
15850,0.0005125327850901253
15851,0.04686259359769711
15852,0.007684452239943433
15853,0.026359418161912018
15854,0.0008419156006341967
15855,0.15705900351577837
15856,0.03660536555179273
15857,0.0890889498246189
15858,0.013750055109417155
15859,0.6261337684952889
15860,0.004646421342566624
15861,0.5363614628798714
15862,0.006970416668892952
15863,0.03692066778569181
15864,0.9931647383726614
15865,0.234820107788463
15866,0.025690428854604676
15867,0.14812171868965082
15868,0.003379611375488325
15869,0.017936312684307003
15870,0.003977703748696888
15871,0.010969212781226893
15872,0.059678521073196523
15873,0.48466938605465687
15874,0.0013179126437548494
15875,0.028222299497891522
15876,0.00941602431000894
15877,0.006290795876709376
15878,0.2673671718705402
15879,0.8098216735156782
15880,0.013469957891159774
15881,0.009476206604208334
15882,0.025507528675980617
15883,0.00863800733748467
15884,0.09055904827039009
15885,0.00939305160617586
15886,0.30618462247214434
15887,0.04374243448470615
15888,0.1824581634205533
15889,0.010604221833480193
15890,0.01575949278661869
15891,0.9913816526233231
15892,0.02171225350203714
15893,0.3497358979026415
15894,0.005410855649101754
15895,0.024734219168972622
15896,0.14668114766632429
15897,0.6535040928977436
15898,0.021817887552709515
15899,0.008161267762322674
15900,0.32455130408896377
15901,0.4433500314706259
15902,0.016971681744951016
15903,0.7070276272467608
15904,0.001309995281697191
15905,0.0435302991091153
15906,0.02450576891356379
15907,0.14080582866565483
15908,0.031011693950824145
15909,0.16239013018881626
15910,0.02701257960430688
15911,0.3572330049660531
15912,0.020441537996808604
15913,0.003734747475814619
15914,0.11983559365578023
15915,0.03502984999422367
15916,0.03605912462917093
15917,0.0044922270572150605
15918,0.0024518412362268273
15919,0.17676566855313117
15920,0.0951284661204566
15921,0.11998915980165328
15922,0.015565856059455188
15923,0.003964287693660066
15924,0.5211008326588511
15925,0.0024681832903411644
15926,0.008185650920471146
15927,0.9292920659754698
15928,0.06162769038882359
15929,0.8395236273823594
15930,0.961885896313344
15931,0.3593972373055861
15932,0.02064206366014429
15933,0.8058421071033524
15934,0.006705515511330718
15935,0.0008135173751282186
15936,0.011125022404835013
15937,0.005549336733863909
15938,0.07557935192076737
15939,0.012907208695832126
15940,0.0775702078549343
15941,0.13822626556481904
15942,0.0030379681791211696
15943,0.0622803378019251
15944,0.0034042233809303446
15945,0.002668833453175171
15946,0.06094831738540846
15947,0.0007947082271794535
15948,0.6069140679048264
15949,0.9251340279950062
15950,0.005687362472787587
15951,0.014393412544869574
15952,0.9846208881356256
15953,0.24161838652934994
15954,0.018602324554266324
15955,0.025541739654779308
15956,0.007764844905133833
15957,0.10611006984823276
15958,0.9475070705890627
15959,0.3102594085998003
15960,0.0068943784586565785
15961,0.8297377811517757
15962,0.006400177613266856
15963,0.003700099917767212
15964,0.10936938355348602
15965,0.09870966496538845
15966,0.9887776473102959
15967,0.010195258961098469
15968,0.20123159963418047
15969,0.0029302383773853755
15970,0.024912879008517488
15971,0.08634852887232435
15972,0.9902178533727038
15973,0.0022594618640069558
15974,0.08013281366713441
15975,0.08009928414011759
15976,0.003653971888858144
15977,0.03189249520425485
15978,0.27785058684531644
15979,0.016347345065827756
15980,0.012960756337326542
15981,0.005370924927185622
15982,0.0029488033743546196
15983,0.010884984026287974
15984,0.001159037808717587
15985,0.28637487953196156
15986,0.14843803651621398
15987,0.009984581416926633
15988,0.022705919645098608
15989,0.09433669646319931
15990,0.8614354995391008
15991,0.0006318521561415434
15992,0.9776615695278013
15993,0.05224135587303054
15994,0.007982440427581018
15995,0.013760692700235415
15996,0.9532929870829325
15997,0.16968168756837165
15998,0.00968380125275842
15999,0.020896204994979375
16000,0.4654286420895724
16001,0.007005142450836217
16002,0.013079168725605259
16003,0.005084177355328113
16004,0.049973243465154436
16005,0.09748637197757909
16006,0.04286602699934775
16007,0.08597806913840687
16008,0.002895053125903944
16009,0.539494137179887
16010,0.0019390575706634049
16011,0.6856804361758335
16012,0.009272052621811737
16013,0.0024192179924796223
16014,0.01249002103761449
16015,0.29291721691642286
16016,0.7463053730118722
16017,0.3358341539262045
16018,0.09826615179374074
16019,0.027741477533566372
16020,0.03218069839833047
16021,0.001767657872296008
16022,0.0029624010913774173
16023,0.03132620354204752
16024,0.009776469137348247
16025,0.002615206515487683
16026,0.9237046720025638
16027,0.007481762993237526
16028,0.029518967241333485
16029,0.01287867552792708
16030,0.004808771068612361
16031,0.09733184251722374
16032,0.3785177794278349
16033,0.06037799773143035
16034,0.7760384810612817
16035,0.02171389149568557
16036,0.08404288912413961
16037,0.10841461844014168
16038,0.347948826577268
16039,0.03797006818529712
16040,0.08820388005166924
16041,0.9857069796163119
16042,0.0665877887705326
16043,0.005522946867890783
16044,0.00106301744869776
16045,0.9908833206403954
16046,0.614399213149892
16047,0.3003732950094229
16048,0.03516830842416666
16049,0.019968792627977527
16050,0.01846485310474785
16051,0.007464797966210452
16052,0.012119992813315958
16053,0.002821260852331906
16054,0.2101807803565073
16055,0.1310467993881627
16056,0.15947617136320563
16057,0.7001344206733713
16058,0.5813980633002133
16059,0.06790868902300425
16060,0.6817418842670351
16061,0.019871897477748996
16062,0.008769249179035486
16063,0.001180373360748873
16064,0.004816570298698332
16065,0.004857127709768153
16066,0.006706589655058326
16067,0.008084998315957716
16068,0.466968745874792
16069,0.015740706938045714
16070,0.7086501541145154
16071,0.00329621973392576
16072,0.010797747012253637
16073,0.41981289275833217
16074,0.006754518657847245
16075,0.22032184232841562
16076,0.25403185679001494
16077,0.5175380799655591
16078,0.896890249101039
16079,0.4607303717156531
16080,0.005473299461512311
16081,0.019919110930107117
16082,0.07190135478930944
16083,0.08447054218989788
16084,0.0037298521797938487
16085,0.004398207489973434
16086,0.6828226495032048
16087,0.017331649475684562
16088,0.004778303738366467
16089,0.005076239386717736
16090,0.9698341346697252
16091,0.08866404773397961
16092,0.04724488212122645
16093,0.07064408834633464
16094,0.705789545523908
16095,0.09595437621949608
16096,0.01488558000807537
16097,0.2643440597147485
16098,0.16304735516240335
16099,0.15992809478462994
16100,0.0031831533852223824
16101,0.008539243776087831
16102,0.0809431131822377
16103,0.026607556820126742
16104,0.0020978478439670984
16105,0.9576394718075136
16106,0.04646724037348439
16107,0.022782321991237506
16108,0.9279841925611133
16109,0.1610956025062821
16110,0.006979589194731287
16111,0.4536337163484703
16112,0.03458145587185012
16113,0.07317883522526826
16114,0.004866449200190618
16115,0.9395535325079272
16116,0.009546468965012081
16117,0.006459389641511111
16118,0.0013156180545946512
16119,0.5930564953430486
16120,0.0017178799568051857
16121,0.005742897870162878
16122,0.009013872995608989
16123,0.0022448581992464715
16124,0.0046602593056612575
16125,0.0018492273120142824
16126,0.0491120274704495
16127,0.0048118467228926345
16128,0.07231824975759295
16129,0.05362480907015291
16130,0.75299133620023
16131,0.008449160395100774
16132,0.5760646824110841
16133,0.9844441198500313
16134,0.40107407111017684
16135,0.01148715662003284
16136,0.011759121032914908
16137,0.022898700622924182
16138,0.0011170309839374825
16139,0.0023167484715129246
16140,0.0019453581914017745
16141,0.3178032351404139
16142,0.016928535154353153
16143,0.01429378381237456
16144,0.0006865920200407607
16145,0.024729775157539588
16146,0.17222849399944307
16147,0.1711940237304892
16148,0.37431919077706055
16149,0.8757011499531772
16150,0.04196512277888331
16151,0.06878479227352537
16152,0.6387398371528589
16153,0.39312875528128055
16154,0.0006847833190485424
16155,0.270177592905763
16156,0.0022200519698071853
16157,0.29595798134431095
16158,0.1771739269504514
16159,0.41139847787207623
16160,0.1372839808492086
16161,0.4646430034579438
16162,0.004171681856637951
16163,0.009073768903258495
16164,0.8248043516011931
16165,0.010076761327071745
16166,0.00555562473596994
16167,0.396634508959684
16168,0.032337250539433794
16169,0.03952155073772792
16170,0.022307339354666705
16171,0.2532091873641514
16172,0.034063878602999115
16173,0.7557232955980645
16174,0.12826697950808372
16175,0.01518319319889597
16176,0.006517132294522441
16177,0.4758462360542749
16178,0.001889753186713979
16179,0.11114472238956874
16180,0.0011396209190122116
16181,0.002411812450346484
16182,0.04886511477694099
16183,0.0027205636497127103
16184,0.007358870060603115
16185,0.05335323871391259
16186,0.8824532462284449
16187,0.030866409836512624
16188,0.030872554767055724
16189,0.048682916406012904
16190,0.0017661064749317635
16191,0.9060980813628464
16192,0.9932298021877658
16193,0.3460383313198502
16194,0.9517589364389434
16195,0.24371010602304974
16196,0.15807818004935997
16197,0.03218973644485476
16198,0.046539195416037724
16199,0.0254705148863894
16200,0.0033233481333422403
16201,0.11644209214648388
16202,0.10749005798244833
16203,0.802607871408812
16204,0.00880299003512225
16205,0.488532402891304
16206,0.012141338380089918
16207,0.02384259861639971
16208,0.2758612069855953
16209,0.15913819611220467
16210,0.314827889397243
16211,0.19487360025555758
16212,0.05154111145534942
16213,0.1547285035513638
16214,0.16555966306649558
16215,0.015150155921830357
16216,0.051547096778814784
16217,0.35843497144688186
16218,0.01755780968061028
16219,0.014790967531425473
16220,0.006574920339290604
16221,0.10965489008106391
16222,0.27941036708110867
16223,0.9837116269703835
16224,0.0008746166155065455
16225,0.03925557174043853
16226,0.0356014549465664
16227,0.0009756270369594196
16228,0.021825993792307697
16229,0.22533524087748988
16230,0.04671358684818574
16231,0.46332961056974625
16232,0.325319233760582
16233,0.7083201087368745
16234,0.9744110484369017
16235,0.002084777523588744
16236,0.023780449405972397
16237,0.5056556425963353
16238,0.15808223192255222
16239,0.005740133236563978
16240,0.036419168965100696
16241,0.016712566317281522
16242,0.0047434167282956454
16243,0.04379277797263633
16244,0.18115299418097322
16245,0.4208517380785697
16246,0.00806321969445738
16247,0.001792513118016619
16248,0.9690667197315177
16249,0.22114574953420948
16250,0.7096492108545068
16251,0.7064158913142918
16252,0.0022269694920370544
16253,0.0064627162859707534
16254,0.003994545217495866
16255,0.015467804772080858
16256,0.00918292123395043
16257,0.00525209124949895
16258,0.027735490021468214
16259,0.04613552369714999
16260,0.010091265613462366
16261,0.08395682884759602
16262,0.00727131769711692
16263,0.044015067124903454
16264,0.013158523101991546
16265,0.0013006351391146023
16266,0.9210830548989384
16267,0.011258428121366711
16268,0.05168982663524779
16269,0.009665622072238754
16270,0.06067178164407563
16271,0.0014916183200657598
16272,0.08733416884543985
16273,0.057723628336194224
16274,0.46069888434723566
16275,0.01242249759410093
16276,0.08507222601877586
16277,0.9918505318428604
16278,0.025891870841358237
16279,0.5227291391960505
16280,0.0010715198368852997
16281,0.7747106513659452
16282,0.015289538815027195
16283,0.0023036585166623415
16284,0.11929358102959685
16285,0.04463942385802152
16286,0.013727196362526142
16287,0.009906719555770873
16288,0.20710612971525122
16289,0.012411257642005008
16290,0.0008799975407311454
16291,0.010090950172538323
16292,0.8235000966219566
16293,0.6118959896038176
16294,0.013701672906962116
16295,0.04631918363206047
16296,0.011987688985179754
16297,0.7311038641958174
16298,0.032387483261762294
16299,0.9422287353524229
16300,0.01585676328748543
16301,0.2516316601989472
16302,0.37061748462419386
16303,0.014412485695270259
16304,0.004497363160937762
16305,0.06528148876884839
16306,0.05514854861844744
16307,0.8962609110143201
16308,0.004090764902873222
16309,0.9860209640776966
16310,0.05171366452666089
16311,0.019698759626617456
16312,0.8034762423779666
16313,0.9851825101594643
16314,0.0012573743428518896
16315,0.7655349620432838
16316,0.960659818643808
16317,0.006279126405251714
16318,0.0026747290720653422
16319,0.394195043972887
16320,0.388961573322697
16321,0.005076293477672688
16322,0.06326767171371732
16323,0.001075734970375995
16324,0.0014447560000732176
16325,0.026424343204527884
16326,0.044495813361933305
16327,0.019328037619173125
16328,0.8134572215394867
16329,0.0656799955684626
16330,0.07619237023120567
16331,0.0017617253555312943
16332,0.05290677787289231
16333,0.002851852559417342
16334,0.01013602695785064
16335,0.019990902372684492
16336,0.23793711641395693
16337,0.004972082880458995
16338,0.003862023633297031
16339,0.0024844297467072974
16340,0.008369527726779463
16341,0.38789806533536825
16342,0.03240426548660219
16343,0.14820384328746608
16344,0.02013159603399235
16345,0.005918187944517308
16346,0.8080065207602508
16347,0.036476983281958454
16348,0.0034005408131407852
16349,0.19289312467150932
16350,0.012519375802832348
16351,0.016351967305299323
16352,0.005897548394311714
16353,0.003720097183377168
16354,0.06973422065809681
16355,0.6607806046836459
16356,0.9791077050749468
16357,0.9638014885728582
16358,0.0020627997842928222
16359,0.10096766824613361
16360,0.005195649075870128
16361,0.8088364043926531
16362,0.08262182773402216
16363,0.0011053376586062044
16364,0.008402734330247779
16365,0.42400524418569735
16366,0.8561796247493445
16367,0.0039024238890348483
16368,0.9349900158538215
16369,0.10910049220046682
16370,0.4269673177699126
16371,0.015247996723312182
16372,0.0022814943731514475
16373,0.11878887735026457
16374,0.07410523580980144
16375,0.00256570917849391
16376,0.07414087315504801
16377,0.1810031402005955
16378,0.0038035301563117798
16379,0.5200505796749899
16380,0.5936334080299941
16381,0.18815954515467107
16382,0.010707010670941765
16383,0.002143363697222543
16384,0.02388728787433467
16385,0.06966873451294034
16386,0.8818118721116338
16387,0.014211645918740688
16388,0.016209833576678816
16389,0.9844481959430713
16390,0.3164963663010459
16391,0.3238488031432786
16392,0.007019631398270103
16393,0.0009414765463673544
16394,0.003096072000892205
16395,0.03106051852097709
16396,0.5317661090238981
16397,0.05100442024890137
16398,0.9145976079872514
16399,0.0018860557811094171
16400,0.07349673404899557
16401,0.012797059701337002
16402,0.9377427466398781
16403,0.005317122977441075
16404,0.001201480907739883
16405,0.028603727249263952
16406,0.43689835647280467
16407,0.7795364946800314
16408,0.3873086607853491
16409,0.16583375796158792
16410,0.05983866128184251
16411,0.010752532172683422
16412,0.991988432722661
16413,0.9579543245552729
16414,0.07879556369373933
16415,0.004140110323367363
16416,0.006072648059867275
16417,0.03395611114767658
16418,0.007097387214562208
16419,0.03348971672365238
16420,0.04621154268617896
16421,0.02018626497404402
16422,0.015540951764934538
16423,0.3632303996631706
16424,0.006143076117801284
16425,0.05851830140701025
16426,0.026350003208431203
16427,0.0011201143168714197
16428,0.016773980514467546
16429,0.9480056774477635
16430,0.0024546095977033416
16431,0.024286444690934314
16432,0.12507814989826205
16433,0.22909919169719578
16434,0.42973503725346174
16435,0.0006416562278550711
16436,0.006436298480708042
16437,0.001157006410673249
16438,0.06163156240608412
16439,0.016841571405726563
16440,0.002926034413301104
16441,0.00665949542241562
16442,0.05759089110850441
16443,0.05610943032813437
16444,0.2724796137894377
16445,0.14891627231032542
16446,0.04307718700660296
16447,0.03134298209642102
16448,0.015195562471993568
16449,0.004074799409148772
16450,0.014306610285744929
16451,0.006780586642822622
16452,0.8534389483248098
16453,0.017121430888881514
16454,0.45796290053742444
16455,0.044673597225580536
16456,0.011708449826860451
16457,0.3203330381708929
16458,0.03862695451700639
16459,0.011178008132881985
16460,0.002606864581714085
16461,0.019171439075294616
16462,0.0041018596967920375
16463,0.8797045523688256
16464,0.0020465333587755194
16465,0.010959296911911656
16466,0.08982358323032778
16467,0.027182550840210935
16468,0.29286471893276966
16469,0.006586224758578983
16470,0.00797038571423612
16471,0.2682830808775926
16472,0.016135485045240747
16473,0.025529074999177795
16474,0.0012467963650228994
16475,0.9496019621567606
16476,0.9424534992519004
16477,0.0052341492223231
16478,0.007379106168280573
16479,0.006708338288580674
16480,0.007525716702624659
16481,0.03974553766646048
16482,0.0017084088437842706
16483,0.5090024998469402
16484,0.08232841070983134
16485,0.00499194297174697
16486,0.02915573910455033
16487,0.003625378691650619
16488,0.008867949735016919
16489,0.9598624899588459
16490,0.016969323838077165
16491,0.006392395348570514
16492,0.5426229423720498
16493,0.0374464984802111
16494,0.7450079544983775
16495,0.006858991495098325
16496,0.032008258514154286
16497,0.13505584390993702
16498,0.17270545029005932
16499,0.003778266035039027
16500,0.030525516423354056
16501,0.01627152438122419
16502,0.13701048566009633
16503,0.020350424118596087
16504,0.0077930782149866346
16505,0.01103859465778797
16506,0.06275912399613363
16507,0.006329214458430437
16508,0.14362484181242088
16509,0.006438163897825504
16510,0.9494832532795433
16511,0.057324276519845986
16512,0.0024551852167533084
16513,0.008955305685278981
16514,0.08254413509391811
16515,0.017695156511745462
16516,0.0024292228464501842
16517,0.1403389693732954
16518,0.045545088105986384
16519,0.0016823861780491099
16520,0.015163074865387307
16521,0.008629313167369092
16522,0.018460816316324374
16523,0.6605327594597326
16524,0.05204941127317845
16525,0.2587176509652778
16526,0.02046723983923839
16527,0.000514859439866002
16528,0.8920058449114906
16529,0.1184584257752783
16530,0.0012479401905463275
16531,0.0007615261161607616
16532,0.91592254441976
16533,0.0036994882852717454
16534,0.020750623523517253
16535,0.02527896775261254
16536,0.04273631780847179
16537,0.0006127958605659786
16538,0.01378941943196031
16539,0.31382738224163553
16540,0.43721713650415917
16541,0.0018993679444824663
16542,0.016651444727702608
16543,0.14450181001384646
16544,0.387462402109336
16545,0.13524308218324677
16546,0.004889633305475769
16547,0.1774069146694851
16548,0.753090841806045
16549,0.01843078951756335
16550,0.13093158100850413
16551,0.008481547455402952
16552,0.007003638334474449
16553,0.023894246958911663
16554,0.017519389575268673
16555,0.03504484942756177
16556,0.23227400634478873
16557,0.9169205402887498
16558,0.031604338049791875
16559,0.10143360732092119
16560,0.06495102683906648
16561,0.03543670842604465
16562,0.012267535287419772
16563,0.029995867598776337
16564,0.23274399985688607
16565,0.9884688283691218
16566,0.1894904172078089
16567,0.3184125313062848
16568,0.2771750626277469
16569,0.002658169930309762
16570,0.16012179672377475
16571,0.047664640778255926
16572,0.006286462249890087
16573,0.0010089697922830705
16574,0.5652927585392477
16575,0.0032041530253051087
16576,0.007433063382109034
16577,0.05052507555960271
16578,0.005259181333441537
16579,0.04225171698052273
16580,0.013325462788566994
16581,0.0072884064712050774
16582,0.3882888219882657
16583,0.025416354911837847
16584,0.0007212434071910305
16585,0.013178347810386336
16586,0.8148615987950231
16587,0.09006883495788835
16588,0.9283139203312182
16589,0.007111190888621615
16590,0.7631586462245833
16591,0.0013164383610149433
16592,0.996164983877077
16593,0.26415017879439
16594,0.7234694374108178
16595,0.004950345432932615
16596,0.013999973589384465
16597,0.7179637248774072
16598,0.6690004557717169
16599,0.015230954567741737
16600,0.7790874311475912
16601,0.0036649377839994414
16602,0.2840277423635336
16603,0.001295679283495271
16604,0.08478348628650666
16605,0.036854314280735274
16606,0.06589252459896952
16607,0.07010213607017837
16608,0.9486803630499184
16609,0.7783069435059787
16610,0.3837583538595949
16611,0.016491996717431272
16612,0.009324089746126517
16613,0.006984774594876392
16614,0.6776910388436727
16615,0.02222078244366945
16616,0.21750763665232073
16617,0.0116188892898474
16618,0.0012321492005557405
16619,0.053312470799354195
16620,0.024109042753339766
16621,0.8421513526749461
16622,0.6714772060237948
16623,0.05019011609902821
16624,0.380424261053433
16625,0.004223845860445864
16626,0.003220396028111361
16627,0.008189991013920176
16628,0.003179478530453705
16629,0.012404636613192344
16630,0.053883704027731495
16631,0.7701686766231722
16632,0.025289797462566127
16633,0.43067447737133385
16634,0.0028412105548692467
16635,0.8677000086517974
16636,0.01289841038505916
16637,0.0029321158215632275
16638,0.12245644669577223
16639,0.025455819279941002
16640,0.2650737244567257
16641,0.011237610384191458
16642,0.0014875050116910907
16643,0.0514311944789045
16644,0.02560947180522937
16645,0.05066685823844467
16646,0.020897338477723137
16647,0.004643054855134463
16648,0.026720601228107956
16649,0.21944998703352023
16650,0.0018057463095368985
16651,0.0030501157494491884
16652,0.042732017111023625
16653,0.001989693713471849
16654,0.003249399961987922
16655,0.005351751521225128
16656,0.6992023976844145
16657,0.3431164702930682
16658,0.005760702481597295
16659,0.006029801390398573
16660,0.9503784318687954
16661,0.07281928550504015
16662,0.00839229973735818
16663,0.016728688645920784
16664,0.0023255253159049755
16665,0.03477850692091123
16666,0.02581083745546292
16667,0.013016867349992231
16668,0.743444789160276
16669,0.0034401844492686
16670,0.00243008488275505
16671,0.0019698321072378626
16672,0.2113195124189823
16673,0.9107512861515634
16674,0.004171850021635217
16675,0.04942932061891343
16676,0.006343722941533191
16677,0.012921035081627853
16678,0.0012424234388466221
16679,0.0010807352390176071
16680,0.003621559842026141
16681,0.009991943775349447
16682,0.6223392595558729
16683,0.02625484485342999
16684,0.0012796893392651083
16685,0.013855303386985462
16686,0.49558731833187597
16687,0.0076250106186897555
16688,0.3076264358644312
16689,0.09698088232661019
16690,0.984626000637508
16691,0.05794005051184629
16692,0.003364189493833938
16693,0.0941376867893241
16694,0.01274179592058159
16695,0.00281591144489947
16696,0.00240164414596683
16697,0.004473309768207854
16698,0.009391834502516969
16699,0.012345085645354038
16700,0.014050758149378518
16701,0.9409015118972155
16702,0.0029794578675470256
16703,0.012674284608293878
16704,0.023796992547079076
16705,0.05884933959085497
16706,0.002418802534477907
16707,0.5243276746772785
16708,0.004253075344642926
16709,0.013557282368776867
16710,0.05346087460729604
16711,0.6315481206150831
16712,0.005968720431425147
16713,0.7501765593753281
16714,0.028843666009664502
16715,0.36693573208412483
16716,0.019456180560437974
16717,0.10681941724094215
16718,0.9420046979398775
16719,0.7784038236888673
16720,0.00816450129474647
16721,0.42702029023549226
16722,0.20199670190889613
16723,0.0033173667547774497
16724,0.02437733050379229
16725,0.0034245443390823345
16726,0.0024914580365049664
16727,0.7623019842967591
16728,0.26074752481467933
16729,0.02520565154723108
16730,0.0029541253091971624
16731,0.004662510190836201
16732,0.9581673468663509
16733,0.018801325296027398
16734,0.0070965560738798185
16735,0.0916783449757434
16736,0.7379337845157874
16737,0.004905860448556082
16738,0.0025964291137625405
16739,0.8180332296222915
16740,0.0008009932426246088
16741,0.016576433859742154
16742,0.7205548327999796
16743,0.004527596041265982
16744,0.06563755703778258
16745,0.0027002914327458978
16746,0.002087855452887509
16747,0.0019818032241940764
16748,0.16587883639779896
16749,0.00972484583324057
16750,0.0013067896711547505
16751,0.03868631289960628
16752,0.05088922411994175
16753,0.003676897306071804
16754,0.00342390066115024
16755,0.017014263177700842
16756,0.04485460883784354
16757,0.012700349202156389
16758,0.001598257611577581
16759,0.026389769754655266
16760,0.0015357386510930421
16761,0.005806352076235308
16762,0.008949112185960053
16763,0.033367387516006305
16764,0.5960774900375261
16765,0.006132571110062114
16766,0.033842895372931954
16767,0.013856679733475468
16768,0.0741410134184136
16769,0.02113750153148382
16770,0.4152843268134692
16771,0.0017696338634406175
16772,0.21218846233790542
16773,0.0019342074334093738
16774,0.003906925216282806
16775,0.0038895266369035095
16776,0.038618161670907446
16777,0.2943558463886846
16778,0.2750487296397074
16779,0.001951018070310078
16780,0.16549342149178717
16781,0.17051393195477035
16782,0.7967316926970132
16783,0.0037179826353091576
16784,0.09294843018261116
16785,0.004460854479494862
16786,0.01275883934085282
16787,0.00760716952522714
16788,0.015794925771312886
16789,0.8328429814089235
16790,0.05866077878127703
16791,0.003523950954484968
16792,0.06626611760045618
16793,0.01032678524330047
16794,0.03239862662048477
16795,0.6324973789361117
16796,0.023243046084791833
16797,0.04042586797671483
16798,0.18245626162341594
16799,0.0037672723342530978
16800,0.09959076225675226
16801,0.03737724888905721
16802,0.028907976789744064
16803,0.0008224943436529955
16804,0.12520865635331976
16805,0.0007203377539203995
16806,0.002447779516528311
16807,0.4813791360702567
16808,0.005147016349474393
16809,0.00034925547751834586
16810,0.0033123021656500124
16811,0.0019135136279831867
16812,0.093285435419816
16813,0.16181245832951485
16814,0.0315830633328893
16815,0.08332381617214817
16816,0.007683629667640787
16817,0.01448277695370864
16818,0.8042011514962718
16819,0.994372861268773
16820,0.1537425079723408
16821,0.9673103490443721
16822,0.006906876006848422
16823,0.009056129981640407
16824,0.9723180770006509
16825,0.014684547070571142
16826,0.008453940268811385
16827,0.0016877341056186707
16828,0.002697420325885861
16829,0.9608077046172525
16830,0.32799026904362294
16831,0.9854071775216898
16832,0.8780126580230607
16833,0.7717420321755057
16834,0.007501471712734498
16835,0.0175305321883714
16836,0.06738237607881975
16837,0.347934237084229
16838,0.4122525523174866
16839,0.6206241133350209
16840,0.9930857642780652
16841,0.0036720315168281624
16842,0.3138192988599382
16843,0.20978956004802748
16844,0.9823655411276365
16845,0.02080908877962483
16846,0.8574732453451773
16847,0.5070773820774869
16848,0.7944963631920677
16849,0.01770725981317426
16850,0.980422414527089
16851,0.024776676216581625
16852,0.0017926979117251518
16853,0.30506039610213337
16854,0.523483069090346
16855,0.00968362088951951
16856,0.3409112953001078
16857,0.7677297914824176
16858,0.8771646158009544
16859,0.009426939761012061
16860,0.13091383286839242
16861,0.004271459630816621
16862,0.03147745458876897
16863,0.006830267677437025
16864,0.06664278527175703
16865,0.01524850122534802
16866,0.04712566722219797
16867,0.04180730088261592
16868,0.17943203874860422
16869,0.0028287127956864895
16870,0.32828484011054393
16871,0.6238939556048606
16872,0.03141009542939322
16873,0.027397069891095558
16874,0.003533801067208895
16875,0.8777016533574369
16876,0.0027514849081836574
16877,0.004618226369493111
16878,0.0037395451701675774
16879,0.003263456448110241
16880,0.04903119510714302
16881,0.014501560148116948
16882,0.009781147545651283
16883,0.0740901530024192
16884,0.0384553358709996
16885,0.007359085772826745
16886,0.007165811515461518
16887,0.36765920165297533
16888,0.0022592982983456623
16889,0.08244858856052677
16890,0.2518664774179458
16891,0.0023531660076788535
16892,0.03885159595270954
16893,0.0904528284395972
16894,0.013064889249182903
16895,0.04006216349208168
16896,0.20619515970288113
16897,0.04216880154332583
16898,0.05645189751024097
16899,0.019344093521656742
16900,0.021528058833585637
16901,0.0024506005996120946
16902,0.9798784645382442
16903,0.006226285745755376
16904,0.5504578828563834
16905,0.0018228693270939192
16906,0.07886950204049337
16907,0.01073640135744453
16908,0.009821342535200235
16909,0.0020086320234176634
16910,0.002141862094486506
16911,0.03682441608260125
16912,0.009131531483255462
16913,0.004738906914809944
16914,0.01557263139826761
16915,0.2411631416831119
16916,0.002964938065706221
16917,0.07182629618421063
16918,0.8126767505493914
16919,0.002706450372360433
16920,0.00917447804293395
16921,0.02129389210113736
16922,0.015505815367172096
16923,0.12687876704605056
16924,0.02455779427696559
16925,0.09359863146959083
16926,0.018517750248370553
16927,0.004370384350006045
16928,0.5507150451240768
16929,0.3883093640907951
16930,0.0013402555357876216
16931,0.8137706343956531
16932,0.13075223187186027
16933,0.03349086690773707
16934,0.01947955533821065
16935,0.03624485032332429
16936,0.8497394434886726
16937,0.03649835046314377
16938,0.0020229693774303057
16939,0.015603921522998233
16940,0.28558206428316324
16941,0.011599413018896271
16942,0.19673028503954662
16943,0.9666726330867109
16944,0.006702376318470845
16945,0.0035588732420260265
16946,0.06942285539062244
16947,0.10345880945482767
16948,0.03137676274607657
16949,0.9886173541067236
16950,0.11396425078320097
16951,0.9883671297189238
16952,0.01497922873315552
16953,0.024242024420113716
16954,0.012392975479627219
16955,0.0031111077177263516
16956,0.12957323262428316
16957,0.19825643624053574
16958,0.0137740216306145
16959,0.002548011656330395
16960,0.022159850988335998
16961,0.0016576228674318203
16962,0.016695731829529117
16963,0.011725305829112166
16964,0.006853571561225967
16965,0.008273818113299683
16966,0.9728009953428828
16967,0.03265716288602398
16968,0.9325967154229797
16969,0.012010212293805122
16970,0.001627934137040429
16971,0.7646031745732842
16972,0.9481147801168686
16973,0.5132377785183522
16974,0.05019164487672732
16975,0.002071228740480858
16976,0.06738873192425783
16977,0.04348506814839623
16978,0.15244311757640605
16979,0.007730491984500105
16980,0.6385830198301028
16981,0.9576763045039957
16982,0.8509074107120662
16983,0.9907261082830676
16984,0.027353873387560238
16985,0.006211555178041096
16986,0.0015048557460521517
16987,0.006375367108382796
16988,0.0018449181323872917
16989,0.49238437336354623
16990,0.007395577042068818
16991,0.008662207365023572
16992,0.23126996319863896
16993,0.0009419681607663869
16994,0.11206892304758695
16995,0.0056093297592034255
16996,0.0030968149833637865
16997,0.02521394892970914
16998,0.6594970089795164
16999,0.006932760633988235
17000,0.0019815888429457707
17001,0.002187391693523679
17002,0.061912112967490336
17003,0.52174377536986
17004,0.07311829944821069
17005,0.1266920051823448
17006,0.09387214066386648
17007,0.41292377155495846
17008,0.016881695377825818
17009,0.7344321522400703
17010,0.13595529245907034
17011,0.033174596870016754
17012,0.011504397927157328
17013,0.0023280472044237277
17014,0.7023597235219997
17015,0.5324060015745383
17016,0.007439194993347663
17017,0.08203967323820072
17018,0.009211169414859017
17019,0.015217815566974305
17020,0.03199160118254666
17021,0.010407620517842815
17022,0.04318787656654125
17023,0.9502818296559741
17024,0.0021850088672711013
17025,0.021538186183755827
17026,0.0036670765948736126
17027,0.01346213185408556
17028,0.8572805123112646
17029,0.012186023555920493
17030,0.0007851124150306805
17031,0.0041501371656361445
17032,0.8427709345489426
17033,0.04734549217076864
17034,0.009220903070422637
17035,0.012980018071677441
17036,0.012670935299047354
17037,0.004281890419832346
17038,0.00891083631856141
17039,0.0042628200839249265
17040,0.01055210922907334
17041,0.00218232723490003
17042,0.9014947423719876
17043,0.04840274495529387
17044,0.008633227230053619
17045,0.3460678160105564
17046,0.7609481334297072
17047,0.003575474162081712
17048,0.11565611971877794
17049,0.013698178655022052
17050,0.19487899347715681
17051,0.9604763642174908
17052,0.09525159115254768
17053,0.9576771092605882
17054,0.02307875387231636
17055,0.007421453725168416
17056,0.02327775921922391
17057,0.007407579555581331
17058,0.004578298132962048
17059,0.00174998318429512
17060,0.40307208233493713
17061,0.9928508221045375
17062,0.007233380868104598
17063,0.06382322046444712
17064,0.21056840836097074
17065,0.009095587997459563
17066,0.8765873131476855
17067,0.655848304068234
17068,0.6120594942363268
17069,0.1647625964998752
17070,0.41257391509611213
17071,0.9649763344753466
17072,0.038695702745316744
17073,0.00695457664807153
17074,0.19058823719247897
17075,0.06935137279578311
17076,0.004297261327946987
17077,0.6041994817091059
17078,0.34703909170164093
17079,0.26003162099603505
17080,0.05974654525849088
17081,0.015607180452876481
17082,0.03125094398038583
17083,0.06766665930765996
17084,0.21671820129617028
17085,0.9592893218840532
17086,0.03238619685589494
17087,0.055712735350869236
17088,0.006030844728508564
17089,0.025347040269847094
17090,0.0008713845360989706
17091,0.002751300347418845
17092,0.3110468941602132
17093,0.00843201865964548
17094,0.03314388690137875
17095,0.9712325538949068
17096,0.28415227261122084
17097,0.12002875887923588
17098,0.002210998864471883
17099,0.0031684927613893584
17100,0.6721906669744531
17101,0.03835750735090573
17102,0.8581092184141264
17103,0.005945043557661819
17104,0.011987033398145913
17105,0.1519803633555345
17106,0.015058880584357453
17107,0.07932660118711173
17108,0.0384107444662947
17109,0.0159512116424849
17110,0.0025108833686261892
17111,0.005559985771987175
17112,0.17663252704363508
17113,0.029066622268587302
17114,0.002971893792683179
17115,0.3828909333117981
17116,0.22222366334750152
17117,0.006418652907946232
17118,0.3550568698866753
17119,0.04854957292086521
17120,0.09903219242827703
17121,0.0037050850133622765
17122,0.46786434613458344
17123,0.08511677781159152
17124,0.9720557795030182
17125,0.0024753251929994177
17126,0.15642502282949103
17127,0.015925164897644846
17128,0.970913102706079
17129,0.011287974815982574
17130,0.2889106855320131
17131,0.013114905658022634
17132,0.3688974578649278
17133,0.01876893095769053
17134,0.1094988863168405
17135,0.19719110908620682
17136,0.02351921169635846
17137,0.0725603385894066
17138,0.9942011297938137
17139,0.2910262271044803
17140,0.0030698109487695387
17141,0.5757358343596742
17142,0.08683044838536
17143,0.1651798744302331
17144,0.0018507554036094685
17145,0.006924798652880177
17146,0.22929726838288653
17147,0.024594248334710914
17148,0.05472584882533818
17149,0.03379396587123322
17150,0.024281708250336848
17151,0.19139364833677283
17152,0.017985491997791744
17153,0.006252971464774563
17154,0.046555272154994255
17155,0.0066481296324411715
17156,0.2492216621618553
17157,0.039460707659415985
17158,0.17393715887167885
17159,0.03344868921535824
17160,0.018761214614274768
17161,0.5179786517579501
17162,0.02638989856694942
17163,0.9366184622913019
17164,0.002608487959051034
17165,0.0006119322525023436
17166,0.18797021208038767
17167,0.007269876849305857
17168,0.021170361705193756
17169,0.7007383940038366
17170,0.014085481939007804
17171,0.011144455710600389
17172,0.08442536096693336
17173,0.1690043094390979
17174,0.044251653766359325
17175,0.4700770459871246
17176,0.02876481934134166
17177,0.22347371699260904
17178,0.031182889872533464
17179,0.47939868391908674
17180,0.004568130795656695
17181,0.2109309986519814
17182,0.0397915788837107
17183,0.139075384441888
17184,0.26997305291183443
17185,0.006149452649544101
17186,0.0038999654628690357
17187,0.0048912267428250005
17188,0.5963474819217118
17189,0.00551950611523086
17190,0.13576272905416578
17191,0.0780808668976207
17192,0.00101406778174679
17193,0.00373079252434979
17194,0.00262961601511606
17195,0.013984109028796779
17196,0.0070407164915124954
17197,0.00514431084354573
17198,0.28382389250067436
17199,0.9809284426403087
17200,0.08268816037402434
17201,0.25035564299839974
17202,0.0937704861936692
17203,0.02926285021329817
17204,0.9584051795870786
17205,0.010928010540363879
17206,0.003849365579301865
17207,0.04874110888158068
17208,0.015589083439442692
17209,0.009354740825205184
17210,0.0033745921772646748
17211,0.0020663141899413427
17212,0.028791530027251898
17213,0.20293779310317697
17214,0.1399250370814021
17215,0.9921916594198729
17216,0.004774578725050431
17217,0.6137453927102766
17218,0.5340136161275574
17219,0.014246273776107769
17220,0.0018621087120898661
17221,0.032099083428753776
17222,0.12506458686246125
17223,0.018736070758384793
17224,0.05270600597867597
17225,0.8137228300585382
17226,0.022030482199605007
17227,0.0024524868254462338
17228,0.014810206419935383
17229,0.5032517614254715
17230,0.007327251126367401
17231,0.006360364764777781
17232,0.007795956032214364
17233,0.01415235009613628
17234,0.0185066135393685
17235,0.013882483781770753
17236,0.004675507078068179
17237,0.010151230229581868
17238,0.41260644226814985
17239,0.016644182865391238
17240,0.0013472940075615232
17241,0.004584975530478161
17242,0.01593780001704596
17243,0.05971025252648264
17244,0.665104166147044
17245,0.006982169909747923
17246,0.0077944914997703655
17247,0.008287114704505017
17248,0.012821253280429212
17249,0.027522509379176458
17250,0.9068290717013997
17251,0.43524433135047463
17252,0.04975597941204409
17253,0.08949673333494364
17254,0.1373988522786483
17255,0.02060116528207598
17256,0.0076620769763307995
17257,0.9694782034617205
17258,0.28863432007108586
17259,0.9654477047406137
17260,0.09757581655172297
17261,0.03140213045113759
17262,0.1980770918503214
17263,0.018524533711663304
17264,0.35675221527903644
17265,0.004401098087674877
17266,0.0015600433984226502
17267,0.02822341796580005
17268,0.09533589583197082
17269,0.24242741793266692
17270,0.007616168420178171
17271,0.04420836492929484
17272,0.38477064264530736
17273,0.9509224830404746
17274,0.008163762612888932
17275,0.061999301730896524
17276,0.16037931352667795
17277,0.003202076128794419
17278,0.01746107894059429
17279,0.9698752402120827
17280,0.018983836440984704
17281,0.0076941547759830035
17282,0.03370624033727787
17283,0.8305460607924561
17284,0.042208496061206247
17285,0.014029506495721435
17286,0.06817518558371659
17287,0.7249656554277782
17288,0.003000757450112441
17289,0.1020322450014949
17290,0.0013461925195279373
17291,0.005982944681509445
17292,0.2746815706003023
17293,0.5800619270769322
17294,0.7947381340368047
17295,0.008740904057220751
17296,0.0009600190612028706
17297,0.01245226002469458
17298,0.03170052475427923
17299,0.17680801549847536
17300,0.0226504712805725
17301,0.9483189057162383
17302,0.01750350086109566
17303,0.06747050519043796
17304,0.047346295870805764
17305,0.003947110489141935
17306,0.24512672925615384
17307,0.04141877740004061
17308,0.004495155578431298
17309,0.9884531049788292
17310,0.199342573368396
17311,0.0940226318870638
17312,0.9345619765801818
17313,0.895221061212452
17314,0.003088767869082758
17315,0.5096588261203558
17316,0.08840699557318604
17317,0.003986047346387766
17318,0.020954162202042128
17319,0.04001113818251215
17320,0.9656093013817544
17321,0.09306985442438198
17322,0.05048834423948815
17323,0.9906272291330803
17324,0.03055471934696641
17325,0.0017886041801347943
17326,0.06509371330070644
17327,0.002153887967480117
17328,0.58810191132185
17329,0.007023428959495117
17330,0.010213630240132467
17331,0.03431188608233221
17332,0.3578888062915071
17333,0.26053909335189473
17334,0.34879255356017624
17335,0.0707532477187977
17336,0.051244698259314374
17337,0.2143905758152211
17338,0.004130992471187584
17339,0.023575144504313913
17340,0.06286772452192997
17341,0.032835622910537425
17342,0.4295958487626363
17343,0.003556538552702284
17344,0.9572770319421005
17345,0.08541594350875657
17346,0.06660521500140149
17347,0.9651489481853675
17348,0.4183085966873307
17349,0.0029163700687166983
17350,0.014886445329917487
17351,0.023421731721679107
17352,0.018451769151518565
17353,0.019193511084001115
17354,0.070517611074491
17355,0.2529609384273774
17356,0.888586015778492
17357,0.04830420937600921
17358,0.0023114764573176306
17359,0.04653498413271583
17360,0.1208562278194064
17361,0.07256952374818242
17362,0.2524565959029155
17363,0.9961786507736867
17364,0.027431539057530922
17365,0.0016810087331259479
17366,0.004217416009754769
17367,0.009495162654798573
17368,0.03360570998939705
17369,0.007027655489237145
17370,0.0005852764812008998
17371,0.9870542743145453
17372,0.033533586584410864
17373,0.010355072673597468
17374,0.0011310693949319636
17375,0.014855721829374568
17376,0.862909834268123
17377,0.839337059281667
17378,0.0906817834004044
17379,0.9859336001888068
17380,0.01611139298176854
17381,0.0006890724804326218
17382,0.019826530436063375
17383,0.019534289567002323
17384,0.0030804109153641217
17385,0.8372915530690928
17386,0.0031614039561284036
17387,0.38831193626480276
17388,0.22018795693966803
17389,0.004559978943348441
17390,0.9579135708588424
17391,0.8072980288083874
17392,0.10220688799701529
17393,0.23221376559070753
17394,0.8427275691591432
17395,0.15833995331656547
17396,0.06399724407763943
17397,0.036604067062148096
17398,0.9373023987726964
17399,0.022856800289810582
17400,0.06790413465387954
17401,0.002594846728155673
17402,0.008902515983682283
17403,0.64943238848761
17404,0.022675304498722442
17405,0.657504743419727
17406,0.006431052688435428
17407,0.0020424436909182693
17408,0.38359752430079025
17409,0.019119035771755086
17410,0.01096142213567746
17411,0.003961089425596736
17412,0.07408846261464953
17413,0.0644936763874256
17414,0.13249204459241246
17415,0.11613153934025754
17416,0.0031228936658926373
17417,0.04747849914808218
17418,0.6978096257892865
17419,0.41679248394505997
17420,0.006165822187000981
17421,0.7264524124203531
17422,0.018390432266386952
17423,0.007344176705917247
17424,0.43415059802084927
17425,0.0031694477383348188
17426,0.14167140411846896
17427,0.008733881437528153
17428,0.025237980876923253
17429,0.12471472214107097
17430,0.007960486579509185
17431,0.060445876289873975
17432,0.08496083351336153
17433,0.9667390555334971
17434,0.024021863793459157
17435,0.009021563540900715
17436,0.9132021876810383
17437,0.8290455971696157
17438,0.027579221355191932
17439,0.0030748183141962454
17440,0.03299168736433226
17441,0.002414584568100192
17442,0.0022047398545231803
17443,0.05684032786803261
17444,0.0024391195621491254
17445,0.0021964504042231337
17446,0.9805698612933914
17447,0.0008278816573355862
17448,0.0068143688358868635
17449,0.6919427293969961
17450,0.029282509488507743
17451,0.006676562637402155
17452,0.06371460553185368
17453,0.013732712860410286
17454,0.7859449435347085
17455,0.03637726899006188
17456,0.011843266029180934
17457,0.02506511039607102
17458,0.012390920509019803
17459,0.08956268649470538
17460,0.03557025911616136
17461,0.028228197987393337
17462,0.7274066653104448
17463,0.008300198185965498
17464,0.7672904954058651
17465,0.0019330693680349557
17466,0.012026231314432026
17467,0.047769779528213055
17468,0.005262946820502225
17469,0.011065330585049738
17470,0.1006989672587617
17471,0.5378277942886998
17472,0.0031758819036659105
17473,0.013979140994542985
17474,0.009851278103727627
17475,0.621453383417145
17476,0.002057773102814818
17477,0.01502562763632356
17478,0.016403637288589516
17479,0.025605716304639592
17480,0.008984652640269798
17481,0.005742716401153279
17482,0.016590780778042154
17483,0.2911316290678368
17484,0.078887892043571
17485,0.008335713326042136
17486,0.17553916471805128
17487,0.004850665988638661
17488,0.0022644827536518926
17489,0.9881581297382875
17490,0.5269619276130116
17491,0.030637321130441462
17492,0.06620068637402865
17493,0.00569981844369738
17494,0.003532295070311115
17495,0.01089954285353054
17496,0.032051896419188985
17497,0.2680656603801344
17498,0.015968406487370964
17499,0.6801732440826829
17500,0.0016199145663373415
17501,0.004162403961511944
17502,0.6512625791263388
17503,0.026228784144072915
17504,0.002217963814514988
17505,0.9952966028481064
17506,0.0029025427071258506
17507,0.530048803592575
17508,0.6686556860124128
17509,0.006181871554881908
17510,0.5667432999895152
17511,0.03483511889554113
17512,0.07934293641299667
17513,0.04278806862961004
17514,0.6752385987548577
17515,0.004581848725578735
17516,0.025532747876164656
17517,0.8006656728476895
17518,0.012043981772958921
17519,0.43530263416954607
17520,0.25259565722887517
17521,0.7403946378355238
17522,0.0018367709188692382
17523,0.05414931010291406
17524,0.0019493484206593364
17525,0.019436924560868193
17526,0.0026169442846950565
17527,0.060220341362897584
17528,0.0016251075921564849
17529,0.9895527002848907
17530,0.10603315908354613
17531,0.0035669048687755832
17532,0.9889623020057141
17533,0.10214397330041718
17534,0.07571357260132092
17535,0.011377493726233432
17536,0.001100931976297713
17537,0.004717303039362989
17538,0.0022772186346302022
17539,0.02659358380799963
17540,0.8328172005635994
17541,0.43605970910731867
17542,0.01579818298217259
17543,0.022719667154798513
17544,0.001051751051237265
17545,0.9773480665138244
17546,0.11114211249141606
17547,0.24339507947859723
17548,0.16984319357532096
17549,0.709412119346149
17550,0.9735667393435095
17551,0.05340674379057427
17552,0.0027531523641538447
17553,0.22086619889943515
17554,0.9505644546811589
17555,0.02940393714132148
17556,0.026113946926803452
17557,0.009583005208263095
17558,0.029755098047099422
17559,0.06327234473084795
17560,0.02749606185242799
17561,0.0018695072742883172
17562,0.18705588852518912
17563,0.49637919119781615
17564,0.0026922811009501973
17565,0.021097904345558898
17566,0.028847307348933662
17567,0.17687791848307863
17568,0.021910652396443884
17569,0.08640693257916877
17570,0.0021775144892324386
17571,0.005978760154693096
17572,0.0015182108696495402
17573,0.0095292704592856
17574,0.07275314385338058
17575,0.7144917608598911
17576,0.020121032974568475
17577,0.26905043973443477
17578,0.8778677261642742
17579,0.0047378869247453334
17580,0.6625977082669585
17581,0.3464447632273471
17582,0.0019055322564666844
17583,0.0026913280471606545
17584,0.02136133126925026
17585,0.011665640645084454
17586,0.03169821971053102
17587,0.02538196731108048
17588,0.00638545264283319
17589,0.0368933069145235
17590,0.04452558348136409
17591,0.39949032062025974
17592,0.007658169235223717
17593,0.19198656183357438
17594,0.003073209105290163
17595,0.0958867748130627
17596,0.0106358901990857
17597,0.05458364229207596
17598,0.27793246049855297
17599,0.2975102830159739
17600,0.015700464053427152
17601,0.19871591435107192
17602,0.560912871170002
17603,0.053668228792064974
17604,0.004684481381370042
17605,0.021097494429295975
17606,0.0021828995017253304
17607,0.004912609024521392
17608,0.04983218338942337
17609,0.9816006132172138
17610,0.013344910678173562
17611,0.30553249135986993
17612,0.0051515209794307576
17613,0.1909851745319202
17614,0.02124780903932157
17615,0.1922766202001296
17616,0.07301225222039216
17617,0.10571636628127076
17618,0.0063506316992244976
17619,0.9856283478616384
17620,0.010522159531618138
17621,0.001929270544138513
17622,0.0031473362260715093
17623,0.0012484745882276676
17624,0.02047073050988304
17625,0.9785827926872082
17626,0.0989071691833211
17627,0.9793886764049036
17628,0.008424744222198025
17629,0.14407947642142244
17630,0.6986231049621451
17631,0.0033031947337492542
17632,0.9733722675191777
17633,0.007978734483622458
17634,0.5562650045289071
17635,0.013151283437861728
17636,0.05838953993691997
17637,0.987974999824265
17638,0.6078349229826517
17639,0.007556029667388743
17640,0.08845445345820968
17641,0.005356086547384823
17642,0.16504038807480909
17643,0.005276021363902647
17644,0.030818053452575222
17645,0.005509632493306726
17646,0.1696677124009529
17647,0.6682361139805494
17648,0.8208348539486777
17649,0.00810052666401436
17650,0.0038112422659172624
17651,0.1072659712621682
17652,0.9940755106149789
17653,0.0076101804011228895
17654,0.06230464853390606
17655,0.04690912888292491
17656,0.0015175473147818709
17657,0.03046531982907992
17658,0.009213507139973825
17659,0.9624123569437348
17660,0.005077741483532921
17661,0.03662299169726043
17662,0.09256959391422255
17663,0.09663984642104943
17664,0.09595636312245276
17665,0.02823679717105297
17666,0.031436041296119516
17667,0.08439050026765914
17668,0.011080130191041206
17669,0.028967802572336516
17670,0.012604111540932765
17671,0.0006965502035530749
17672,0.018444446472198815
17673,0.001884880741821476
17674,0.0025535190900092598
17675,0.1950395198197127
17676,0.8848274287720194
17677,0.005337571285223292
17678,0.012068697065148785
17679,0.0025617799448785106
17680,0.013121391062125032
17681,0.04415244492346532
17682,0.6901777882506874
17683,0.016544754983033844
17684,0.9876109550332723
17685,0.011503726461440622
17686,0.03711901359704346
17687,0.011907677965528576
17688,0.00948042209595286
17689,0.02225469817377486
17690,0.0020554987853197825
17691,0.0055344659921897485
17692,0.0662574077718869
17693,0.21193110535634416
17694,0.006266830536574879
17695,0.9797557896447009
17696,0.0474017039294724
17697,0.0027792014578920366
17698,0.21790349910458173
17699,0.0011858205996437235
17700,0.00712664423017914
17701,0.039592740617446956
17702,0.04229572104491516
17703,0.7836195649678123
17704,0.0027437272374051134
17705,0.00372224882665185
17706,0.970101567754893
17707,0.008516616740610971
17708,0.013350503386344923
17709,0.002503552919561501
17710,0.0021357115454738243
17711,0.009084786625400411
17712,0.02808650278592663
17713,0.005304826264808471
17714,0.010823290500022315
17715,0.014789969818720909
17716,0.00278134014124861
17717,0.2169981542920358
17718,0.09089251847313921
17719,0.3028642146397431
17720,0.667048857980454
17721,0.22498242482682498
17722,0.0009325380057668873
17723,0.004281221265957843
17724,0.08111095647672202
17725,0.8300469238282314
17726,0.7032073447891614
17727,0.4090664349488395
17728,0.03822557441290336
17729,0.01589745952353939
17730,0.49822172459309844
17731,0.304961292634558
17732,0.0011610260680787823
17733,0.039730482988962264
17734,0.08692863417956444
17735,0.5174092553698133
17736,0.010050446230102301
17737,0.017883753221508862
17738,0.6805255254538066
17739,0.0009979927626403633
17740,0.0576082181586482
17741,0.02259840171542397
17742,0.046764636717410046
17743,0.01376507090298827
17744,0.04454324277675931
17745,0.0031854155121844867
17746,0.13423470918246555
17747,0.29153693070635256
17748,0.018397350363272044
17749,0.0059737286741718834
17750,0.006612344198573232
17751,0.005801000686494034
17752,0.07274997700693708
17753,0.3239570446428261
17754,0.03442567312048003
17755,0.0031036027626922024
17756,0.21073662927722717
17757,0.3264086477825424
17758,0.018456039710961873
17759,0.08996954768152739
17760,0.23343127000559077
17761,0.04439299288006418
17762,0.01626120872139483
17763,0.01483190468243716
17764,0.07138590137019926
17765,0.8617609102734055
17766,0.2192345068581558
17767,0.9456842502974815
17768,0.6861852498208753
17769,0.9698608682224791
17770,0.01647993798995876
17771,0.03871487294277175
17772,0.02993341593830907
17773,0.0021902389964225167
17774,0.25696447055742905
17775,0.5256011715411429
17776,0.1839162594941143
17777,0.0067068354424953186
17778,0.0022753197867531015
17779,0.6356109978581725
17780,0.017539384527671373
17781,0.8029392211865162
17782,0.031070253058002074
17783,0.0029440308235820383
17784,0.020217910772832342
17785,0.0021707063829945437
17786,0.04396773930897354
17787,0.9485544914339951
17788,0.020338239767458945
17789,0.03751729574621414
17790,0.03427932051211995
17791,0.010468927459454129
17792,0.05384102798994451
17793,0.38155226511763585
17794,0.010831485084347123
17795,0.01720646537137504
17796,0.017810785901167504
17797,0.9513242754413695
17798,0.7347463700397675
17799,0.0016880894641256546
17800,0.07945109040046451
17801,0.11571988401289554
17802,0.0050767996328089345
17803,0.04650053794158921
17804,0.016106505437459253
17805,0.0097302585518461
17806,0.7773889418571622
17807,0.03584309248053665
17808,0.002060160763124908
17809,0.619245696332818
17810,0.002201253722046242
17811,0.9861254962892457
17812,0.008985381847131815
17813,0.011513384267456482
17814,0.006566217092673059
17815,0.23945801681058912
17816,0.15214846718449898
17817,0.0027473964819157964
17818,0.004256400095265167
17819,0.41338144865901233
17820,0.11175040033489805
17821,0.30001768409562934
17822,0.0010217538356972723
17823,0.8775725823470859
17824,0.004868033082968082
17825,0.027040151354033152
17826,0.008124863598845943
17827,0.18008833366645552
17828,0.0034885368334599655
17829,0.006413040801711784
17830,0.21660039146463647
17831,0.14879595103747043
17832,0.0020446438666124342
17833,0.82778266223735
17834,0.0022095565839704507
17835,0.7831030816352046
17836,0.020840074693669868
17837,0.17716046166215843
17838,0.8896123711902372
17839,0.21665058971763787
17840,0.004331285380560012
17841,0.12858910772412882
17842,0.007049962812273109
17843,0.011400445663904949
17844,0.07733883266869254
17845,0.46499317669826873
17846,0.002883215153388645
17847,0.010879026895930514
17848,0.023767207293556136
17849,0.9917803792973485
17850,0.5174638338893259
17851,0.02799463432722854
17852,0.0013037098417811412
17853,0.011166008740383773
17854,0.015964980187232157
17855,0.006607159468574181
17856,0.7775718349530129
17857,0.2761005378417191
17858,0.02716659246066758
17859,0.03309542219835777
17860,0.7163662313436104
17861,0.053592210328068345
17862,0.9264313389638863
17863,0.016290677237798853
17864,0.009230403104828764
17865,0.9653629766838419
17866,0.035243877754030366
17867,0.8031506315724857
17868,0.011007897688518092
17869,0.002711709004921178
17870,0.016491353721299774
17871,0.011629231519143983
17872,0.00184909147053345
17873,0.0046220113827348105
17874,0.17919444614320693
17875,0.02495984574551918
17876,0.10850647414881755
17877,0.4341163526711771
17878,0.03699369215115741
17879,0.008480626096101725
17880,0.0009489292626645172
17881,0.007909232159138531
17882,0.03579694279531514
17883,0.11179418592869508
17884,0.012175991912702544
17885,0.27054907534681993
17886,0.06446165316251079
17887,0.0040518942645483644
17888,0.8338675667752367
17889,0.9643692433012672
17890,0.021831058050642255
17891,0.0017786991824082755
17892,0.43355857277236454
17893,0.9619415819781434
17894,0.574583333454162
17895,0.2802748064220261
17896,0.2948322392180342
17897,0.36526687412982445
17898,0.1817611810281912
17899,0.002074981825999118
17900,0.0065851189253302985
17901,0.014156012279245251
17902,0.0725284202624728
17903,0.0018255262653990272
17904,0.11836134496744859
17905,0.9289006851461339
17906,0.0009488651377684871
17907,0.016974198217478295
17908,0.9242745533175335
17909,0.009703032056083933
17910,0.04540447995036581
17911,0.2799860998889569
17912,0.6108090390939127
17913,0.002132593728911518
17914,0.6887169901428728
17915,0.012378771860219594
17916,0.007040832107604609
17917,0.010013757517236275
17918,0.010881072398855315
17919,0.005204136139825923
17920,0.009495454618033618
17921,0.06650285515068775
17922,0.1447984979890653
17923,0.002106599548217653
17924,0.1118366836067737
17925,0.011614208073131523
17926,0.006166225964536486
17927,0.002471211014279037
17928,0.03424176478132453
17929,0.05298139793079626
17930,0.8563179633214753
17931,0.5720182094361623
17932,0.8483691310269043
17933,0.003041392316793363
17934,0.00198794039763148
17935,0.40407258654026346
17936,0.000795485793300166
17937,0.7925348442188597
17938,0.006511607381381357
17939,0.023387757169220168
17940,0.04472998330414029
17941,0.12156539298410485
17942,0.001360260205307915
17943,0.2192109059513398
17944,0.9471463281835508
17945,0.6325393050836943
17946,0.0014845272036636953
17947,0.08727277096773402
17948,0.24302185588272227
17949,0.0006014282232050923
17950,0.00878628149894314
17951,0.05542218403202259
17952,0.0014144551302837894
17953,0.802661497369706
17954,0.0714614140399395
17955,0.014916296172688755
17956,0.00479542208206062
17957,0.012172397546049953
17958,0.13270147660331466
17959,0.9580002956899306
17960,0.9946513177310915
17961,0.0018912962987231185
17962,0.02397969381874947
17963,0.6996479711004161
17964,0.013529015909558986
17965,0.005713111081297101
17966,0.1730775742829378
17967,0.07540185665267471
17968,0.013031915433117661
17969,0.021388619595336535
17970,0.1524131444045893
17971,0.005070766139066452
17972,0.21674606560919313
17973,0.015753758195234044
17974,0.011518477618777565
17975,0.029247397552789187
17976,0.02488212126291621
17977,0.046349631152091786
17978,0.013784120802982636
17979,0.016751207678736415
17980,0.005187118405633199
17981,0.7805688336017425
17982,0.004278577912084527
17983,0.006964879459459416
17984,0.017333373269802853
17985,0.20412365442832622
17986,0.00895153778590772
17987,0.03104065919159163
17988,0.011562262143874355
17989,0.010951356846150565
17990,0.001733479351034373
17991,0.0013681445751325399
17992,0.057596237278580674
17993,0.1330459910375016
17994,0.00788754791515153
17995,0.010473072986989872
17996,0.09715940402697293
17997,0.048629096177809736
17998,0.002378008866489778
17999,0.875989421296682
18000,0.0009940650308307229
18001,0.8917628819231924
18002,0.0742846843538711
18003,0.022619642140804398
18004,0.00644726655286716
18005,0.11887791346386545
18006,0.1966194829817655
18007,0.0009652314318761947
18008,0.027360674546652572
18009,0.014372100529329626
18010,0.07989712452609161
18011,0.006172298760259427
18012,0.014300123550444818
18013,0.026561532337347708
18014,0.011870011918867667
18015,0.010477033324731776
18016,0.0036331364441503826
18017,0.003171900714441439
18018,0.08468636298515261
18019,0.11072122353816714
18020,0.001998442213123767
18021,0.5681414709382103
18022,0.0582147848044782
18023,0.16775263148385372
18024,0.9292467606838017
18025,0.014223673888270266
18026,0.10648175002203861
18027,0.015880139015506438
18028,0.03875512363613445
18029,0.8653463362174372
18030,0.012394184124656656
18031,0.0726308750959622
18032,0.013514279100053553
18033,0.13857708225705462
18034,0.03372208577865392
18035,0.09268353165342341
18036,0.021814258730205604
18037,0.007221675428745106
18038,0.0010344735670549982
18039,0.1466562780751079
18040,0.19671647011286802
18041,0.08043751455770949
18042,0.9859415425544662
18043,0.03684268122690452
18044,0.00931905734751769
18045,0.008908137540834084
18046,0.03147015854763284
18047,0.013060482176470148
18048,0.0021876163671556994
18049,0.037731905570049656
18050,0.29966593326392466
18051,0.0638492534050887
18052,0.0066355820798242905
18053,0.8920204570328063
18054,0.04135331929151095
18055,0.1822107688720909
18056,0.0023637149329683656
18057,0.012854890632754646
18058,0.009379328454253131
18059,0.11253588726034199
18060,0.2774348956958505
18061,0.011772600434636887
18062,0.03206084386109482
18063,0.045708173041764395
18064,0.007533285665250522
18065,0.8321907280789639
18066,0.029811816459037955
18067,0.26129069965207635
18068,0.002929156343996639
18069,0.004872320494521775
18070,0.11471928545955265
18071,0.02815899495658155
18072,0.7798082442687962
18073,0.9624900055320637
18074,0.0038664844876247634
18075,0.0020121746520284935
18076,0.006528747597637947
18077,0.019711356580972204
18078,0.004231890451819857
18079,0.008780829635232442
18080,0.004055595339118919
18081,0.0853959386722786
18082,0.024013477104977764
18083,0.0016354768131995458
18084,0.24306483201248302
18085,0.03973323470549577
18086,0.994303687186863
18087,0.2292172488315048
18088,0.6513862868367288
18089,0.00426357590693553
18090,0.002700266840896223
18091,0.9135097415858985
18092,0.6002497783503762
18093,0.05324277085552247
18094,0.39911922015351864
18095,0.023771002516728812
18096,0.01565612364536085
18097,0.0021673359832554084
18098,0.0014758319638327215
18099,0.03160138979610905
18100,0.5300459731085193
18101,0.9329049266759305
18102,0.005205313516493957
18103,0.05045771294488086
18104,0.0790459828471696
18105,0.0016127631396492296
18106,0.4591550735154516
18107,0.005658318007705036
18108,0.006618010512219907
18109,0.22576428522798703
18110,0.05617324679989349
18111,0.07576857701738367
18112,0.11735281170774092
18113,0.004471048807157393
18114,0.013807952028308819
18115,0.04479031300380964
18116,0.0019510348351082874
18117,0.0019253149348160282
18118,0.0193361076453932
18119,0.008696920468976833
18120,0.007714811617968709
18121,0.004568283311171334
18122,0.0067469950552277
18123,0.006974729187490394
18124,0.11343179770043314
18125,0.022884122181202796
18126,0.033630567846043825
18127,0.312873918655966
18128,0.003564097298004058
18129,0.0012971382066705483
18130,0.22434081594512315
18131,0.0019010955386992688
18132,0.019409390872947564
18133,0.006488478579940925
18134,0.0009078147358305788
18135,0.009302205975908468
18136,0.9456540549649791
18137,0.9199664964733937
18138,0.053492039574584066
18139,0.045110981766208154
18140,0.08318216869333148
18141,0.0035617235481817952
18142,0.0012627549245647237
18143,0.9870614713387029
18144,0.008912735520844253
18145,0.016857457022449732
18146,0.3284424050200559
18147,0.005784804957034495
18148,0.5050719053082201
18149,0.0064852035070792485
18150,0.004178808009116748
18151,0.030255312348226482
18152,0.0026791288099427967
18153,0.0016993506517078293
18154,0.018943424598614658
18155,0.7068322659411563
18156,0.0014482074363377751
18157,0.18394113209062207
18158,0.9464360420196987
18159,0.09525467439204038
18160,0.7072594117429887
18161,0.016834196693534666
18162,0.03252463528373025
18163,0.003322632184202803
18164,0.4641791255508695
18165,0.07156146608452943
18166,0.09429088159954974
18167,0.7714729281329734
18168,0.4032286687733159
18169,0.0093690650039175
18170,0.9645427797967789
18171,0.9855524861553376
18172,0.05030919021644097
18173,0.0273624261242896
18174,0.04252531247125167
18175,0.015401239214571745
18176,0.974182612560308
18177,0.8137540478715571
18178,0.09212988092495558
18179,0.10574502242555653
18180,0.9934730371321056
18181,0.5158692924000683
18182,0.0008669961036644614
18183,0.07064965373209575
18184,0.012931644487152314
18185,0.20315317288409873
18186,0.0010499621365156534
18187,0.022851111003032935
18188,0.9138271837843166
18189,0.07500040482037115
18190,0.958688923992788
18191,0.011959563437062119
18192,0.9292810220667715
18193,0.0021949206323151355
18194,0.0031484608016678793
18195,0.9519358055933069
18196,0.005967978961502613
18197,0.0029693642281013654
18198,0.810890724878229
18199,0.021698577068665532
18200,0.40162432655405206
18201,0.599006093896736
18202,0.44161813400530964
18203,0.3929758690693347
18204,0.0076120166470753
18205,0.007385283207711434
18206,0.14172460416754923
18207,0.07338345098505146
18208,0.022542968982859082
18209,0.009402534836284168
18210,0.017532648960677535
18211,0.053366641935228346
18212,0.010342742563381375
18213,0.11110840437219559
18214,0.9630099970584605
18215,0.008592051227069084
18216,0.28569106958466717
18217,0.6103113515122474
18218,0.0824199582793357
18219,0.023658486889075656
18220,0.5153266111246069
18221,0.11976893298908727
18222,0.004254781387313669
18223,0.49402299585274806
18224,0.7871894481814438
18225,0.016815874727096176
18226,0.7154370677206299
18227,0.013969599600236195
18228,0.0017588288361730584
18229,0.4300746504296318
18230,0.011120560234600646
18231,0.8844004664543756
18232,0.9307602325867451
18233,0.33598524985029576
18234,0.8504001951288902
18235,0.7429358811674008
18236,0.00817272298601391
18237,0.11928862252786751
18238,0.025933162706751105
18239,0.03950794660357358
18240,0.09066977603708648
18241,0.6159681712755534
18242,0.008899402768584806
18243,0.10252313120088383
18244,0.8915437282735833
18245,0.06924226166054186
18246,0.021857675046884822
18247,0.12465264414280086
18248,0.358365303054237
18249,0.08757125022644674
18250,0.0076622802618580635
18251,0.00872368611128647
18252,0.004063820971366658
18253,0.7928290773646438
18254,0.3819359214454459
18255,0.8735989388879054
18256,0.0034891791985018337
18257,0.0019817008074583062
18258,0.11663590553670296
18259,0.0048911157655782776
18260,0.005107610473035881
18261,0.004853062985957765
18262,0.00873483723025996
18263,0.18024672079069812
18264,0.005755827134159989
18265,0.24654215531626206
18266,0.3838111386146083
18267,0.46552568764421837
18268,0.00505229505557294
18269,0.9937541115055856
18270,0.07275867934590677
18271,0.02799641997380926
18272,0.45994412654919026
18273,0.0059319687491588315
18274,0.007303817525547754
18275,0.0031520334455738936
18276,0.7573797336881339
18277,0.010570699945780693
18278,0.00494005956413836
18279,0.0032032763811216504
18280,0.021139735485315243
18281,0.020443294319420442
18282,0.005227417046691855
18283,0.1140181895713149
18284,0.02690784359903714
18285,0.0022346610464389705
18286,0.03623515504612937
18287,0.006511898930198326
18288,0.011176290386842242
18289,0.5614735677571697
18290,0.008139219858520709
18291,0.0013420407749834562
18292,0.031458068117761404
18293,0.035291543641253684
18294,0.006124306770605758
18295,0.1272332366188591
18296,0.9092515473225832
18297,0.004785072801505927
18298,0.014083205510708265
18299,0.15268828337248974
18300,0.1706575407652438
18301,0.0032323779678591806
18302,0.8114966688895882
18303,0.04092860802686635
18304,0.003082178460916999
18305,0.7647623499251779
18306,0.021826153912856142
18307,0.0477733265795332
18308,0.9543141893716984
18309,0.01349858173815529
18310,0.046552305482676526
18311,0.04348350370902988
18312,0.009188752647338047
18313,0.013428475366496098
18314,0.014748503536982241
18315,0.01886796009214615
18316,0.013012878877471355
18317,0.03507619219229597
18318,0.0019901500136481707
18319,0.006628889057358903
18320,0.1304152531545062
18321,0.35049039258888065
18322,0.6555204154477345
18323,0.01744743985655459
18324,0.8174580585679079
18325,0.9835375698046672
18326,0.05750374776834638
18327,0.022813818643887415
18328,0.024625130165289333
18329,0.039993686045881285
18330,0.02146952133210384
18331,0.33834869313195043
18332,0.002112446258665999
18333,0.07704117276163477
18334,0.0013475858918113065
18335,0.017059011799514585
18336,0.034488336228675996
18337,0.8162859014561238
18338,0.013695183280897742
18339,0.007922377393282528
18340,0.06570253857038096
18341,0.020339508254484013
18342,0.020484983432664895
18343,0.011592359409613735
18344,0.9769400300736953
18345,0.9303125005708401
18346,0.030143961606393738
18347,0.014097354663964178
18348,0.0229582786698618
18349,0.042724114958492765
18350,0.7737676084823625
18351,0.001226670265683072
18352,0.04818785272001769
18353,0.023972027318800444
18354,0.0035425446121207034
18355,0.010433280763538411
18356,0.011390507587125905
18357,0.8645841772898595
18358,0.243587565153938
18359,0.11884859562058694
18360,0.027469708959261364
18361,0.9528032877519391
18362,0.01116832254534734
18363,0.0020862381671300314
18364,0.5943910349303236
18365,0.9467184054916293
18366,0.6319000365450036
18367,0.00256407697852869
18368,0.020368547190143933
18369,0.056313372339311885
18370,0.09970295958242886
18371,0.8276518051192019
18372,0.004852979641169923
18373,0.15951136670203572
18374,0.0053825898829025646
18375,0.28584600893744483
18376,0.1024271843574136
18377,0.0024694737114913023
18378,0.14141763955634237
18379,0.017296247176018013
18380,0.582473288305224
18381,0.9888533739065832
18382,0.33290082571360763
18383,0.1714010144558791
18384,0.006114442859749539
18385,0.0025857434427354743
18386,0.9696550441125362
18387,0.8809456974686491
18388,0.18572151295030134
18389,0.0037941214134065136
18390,0.4306535573457327
18391,0.3151251339186124
18392,0.050202327576201904
18393,0.29222819045039533
18394,0.023828742828244435
18395,0.4468032045086716
18396,0.8934979125279283
18397,0.0014789828470326422
18398,0.9722581300753208
18399,0.18892863234516044
18400,0.1452468711591355
18401,0.0004769455836118799
18402,0.5491886737904256
18403,0.605846475136239
18404,0.004078852940894905
18405,0.03929005476549059
18406,0.3989090127038278
18407,0.018893053503653005
18408,0.8639509239771642
18409,0.008306199157360097
18410,0.017813584671947373
18411,0.005972160489093917
18412,0.005330723177378373
18413,0.9671067616440687
18414,0.04767247272397882
18415,0.0033900144727717
18416,0.10916797335875393
18417,0.007647533058477127
18418,0.9628915335082407
18419,0.44322135233264487
18420,0.0021795737841691213
18421,0.9450004421530667
18422,0.00316101149461733
18423,0.03376683009231587
18424,0.4120769145868626
18425,0.9902895104885513
18426,0.13039960670309023
18427,0.8232060756087074
18428,0.003675983241728668
18429,0.06469148693504184
18430,0.8992045051389521
18431,0.02461740352938518
18432,0.002189087011076088
18433,0.015288010782295185
18434,0.006017645800183688
18435,0.13283361649139813
18436,0.4091410028620564
18437,0.0015203895542740251
18438,0.04280537995078791
18439,0.011837022688225111
18440,0.03994461453275894
18441,0.2300558669038375
18442,0.028282882032201487
18443,0.010202681337495214
18444,0.08933338456147656
18445,0.6904175697260437
18446,0.7506019668923988
18447,0.011916849410452861
18448,0.6731525517026791
18449,0.005577787309953023
18450,0.041655378774332445
18451,0.004830041449111275
18452,0.9724800891301115
18453,0.05633664712147324
18454,0.9211557404395986
18455,0.34351154676048623
18456,0.016950341752504972
18457,0.05427623824467938
18458,0.8754823871653977
18459,0.6538046812839702
18460,0.02087490596203613
18461,0.1763837788725928
18462,0.022276686716354268
18463,0.008455518634930055
18464,0.0011055204427203509
18465,0.007815028058681924
18466,0.008908796389360254
18467,0.049894852532324875
18468,0.507567393714517
18469,0.007606411264154426
18470,0.4737786193464137
18471,0.967717514248644
18472,0.0032153625337564278
18473,0.03449062288732149
18474,0.007570844905856765
18475,0.01461660943435526
18476,0.08228274531091202
18477,0.000888938179074132
18478,0.9852357092035797
18479,0.02090011423814365
18480,0.9804986705550596
18481,0.007487921526691467
18482,0.6267643285647282
18483,0.019465281308513088
18484,0.027255018286756284
18485,0.9516833244203099
18486,0.08438753181387136
18487,0.01225560034700483
18488,0.9539099336430565
18489,0.007623090787272061
18490,0.005181063834435235
18491,0.002237339178295548
18492,0.7496793084309135
18493,0.16877815579676078
18494,0.40361754612254863
18495,0.9434520418962694
18496,0.058841881747223726
18497,0.037520862583415845
18498,0.8217619774126125
18499,0.0010855271976767738
18500,0.23943179862908176
18501,0.7268309734639631
18502,0.02066482266740964
18503,0.0054457090535760515
18504,0.006914925843730709
18505,0.016865616578403964
18506,0.03682834085820417
18507,0.024078961099295904
18508,0.004802766497492392
18509,0.003808376000100132
18510,0.1824803010229394
18511,0.002030718899983516
18512,0.013202607804857207
18513,0.8917598917597915
18514,0.0007216759209666449
18515,0.06477811319738878
18516,0.04852775724122446
18517,0.00039766017506913783
18518,0.015585742259460654
18519,0.017092860114318566
18520,0.00303756964301058
18521,0.019985103548069268
18522,0.008191878641321367
18523,0.003327426009263719
18524,0.023276330396059704
18525,0.014305633902180632
18526,0.2546316640491629
18527,0.9902273955984574
18528,0.007978261181321077
18529,0.0016221429347805444
18530,0.0007026919545680208
18531,0.012104065931263886
18532,0.0706033802625576
18533,0.0022525390938510992
18534,0.3433068877525999
18535,0.00675504879754661
18536,0.00287425723952967
18537,0.3580926137518444
18538,0.30269595207992334
18539,0.01723455989456713
18540,0.1419132432567074
18541,0.022841504511308487
18542,0.2729751290154966
18543,0.00463535569220441
18544,0.1322043858173866
18545,0.012524009959371345
18546,0.086953726583803
18547,0.10041150296547656
18548,0.883144843395941
18549,0.9745545941055873
18550,0.9842714990748576
18551,0.04183074855008755
18552,0.8631934857882795
18553,0.6056118790340873
18554,0.0759696350344366
18555,0.05159277287346499
18556,0.0008649249955772461
18557,0.0038175491474933976
18558,0.00709812959996157
18559,0.8758427830796792
18560,0.1281662184016519
18561,0.019956722655177554
18562,0.43765090278687063
18563,0.006902785000825667
18564,0.7337444633351008
18565,0.0025554275747975324
18566,0.0019118769949195839
18567,0.020569447869245017
18568,0.009182432062105176
18569,0.002353070481492915
18570,0.36290181358130025
18571,0.005629891175533477
18572,0.0012703085139812887
18573,0.008276751421772702
18574,0.13586808076441995
18575,0.07903425690291521
18576,0.014035608485032288
18577,0.04213289507555877
18578,0.004372587317261281
18579,0.19765825890895117
18580,0.05001591007286273
18581,0.011537656749101255
18582,0.04186597082321349
18583,0.015871732604960918
18584,0.36025263041086797
18585,0.015877604015637693
18586,0.028312850881951214
18587,0.009365977558739361
18588,0.5258450027020813
18589,0.028719662696401638
18590,0.004846427183594123
18591,0.34862618155853775
18592,0.3649376664836802
18593,0.029671905596328988
18594,0.057681117051702036
18595,0.9868351105041315
18596,0.1272245476922419
18597,0.1947359913864763
18598,0.7875732378099527
18599,0.4841425272953808
18600,0.6555976667050222
18601,0.003299429885758972
18602,0.003633898342393594
18603,0.0031653182883108534
18604,0.8122460530690297
18605,0.01218897212668148
18606,0.07808210843172335
18607,0.10815786678598317
18608,0.7726028573415695
18609,0.204507713750787
18610,0.1393022076312348
18611,0.0023166205406933
18612,0.04167392875239736
18613,0.9877671303335812
18614,0.004081568597814575
18615,0.6743527677601332
18616,0.002799471416143243
18617,0.9554854328843844
18618,0.01936255929413751
18619,0.0010920571779105027
18620,0.014457332460019316
18621,0.00581719082643587
18622,0.014485287585162642
18623,0.03386107382934833
18624,0.022456641722122386
18625,0.007382421912643146
18626,0.0007841354983306685
18627,0.22278032779926085
18628,0.004068019137394587
18629,0.02984454068189397
18630,0.05508690540463429
18631,0.7790313869544719
18632,0.010310262390684962
18633,0.0029501856024441134
18634,0.3659606376271924
18635,0.0017317812861605548
18636,0.32151215290339347
18637,0.3305113047995881
18638,0.008005027530394391
18639,0.08210257792939693
18640,0.14219207964969563
18641,0.008282888094635111
18642,0.5413538303347935
18643,0.008831326458540486
18644,0.001959946702957439
18645,0.005537767966949141
18646,0.25280476971753085
18647,0.005355438252197326
18648,0.02643289293045519
18649,0.0030694503886739047
18650,0.10326972842821006
18651,0.016774977892293125
18652,0.004835585141118833
18653,0.0076427884238620585
18654,0.12316033643461151
18655,0.040922160426953465
18656,0.02091109261082236
18657,0.002971443386862314
18658,0.03237741432102294
18659,0.06630313651136455
18660,0.0022550776162373796
18661,0.002217758784939371
18662,0.0032640652039280962
18663,0.06488672356255612
18664,0.01960368814577416
18665,0.058982582544952575
18666,0.19546455946127111
18667,0.023136065010413057
18668,0.017719365871907658
18669,0.013586846802398266
18670,0.07828797281886184
18671,0.0058998712233051046
18672,0.9692970940031189
18673,0.5351294984025237
18674,0.0018019567528232553
18675,0.5852626272800171
18676,0.019308675201761494
18677,0.004260869760353061
18678,0.045218548089649827
18679,0.010009595122108488
18680,0.488862755655922
18681,0.3270596929371613
18682,0.03284462190570712
18683,0.07563333184829071
18684,0.9858790099524006
18685,0.0017983295316139909
18686,0.10421978385343351
18687,0.9736076126159963
18688,0.010459817759005965
18689,0.10744169477920122
18690,0.002419933137371411
18691,0.05312948178497022
18692,0.10785072975533329
18693,0.5147632121372511
18694,0.05052303293127045
18695,0.9911921023534443
18696,0.3628141826775004
18697,0.617975037607523
18698,0.7614847907439556
18699,0.0026710882010959817
18700,0.0014059699750572263
18701,0.015300002375395963
18702,0.11709603450886838
18703,0.0027447208825727206
18704,0.4255420867214432
18705,0.04376524212381389
18706,0.0339059669411541
18707,0.19819060385134668
18708,0.029334077459219732
18709,0.8184658821674365
18710,0.024504302968546717
18711,0.012931295154887026
18712,0.007801568240895073
18713,0.006112195744771388
18714,0.1295955839600925
18715,0.0019086275395715096
18716,0.3182245631913956
18717,0.02259311289214777
18718,0.015380603250783402
18719,0.004572442223282657
18720,0.11713668647336839
18721,0.06427673943349663
18722,0.0027413282730606447
18723,0.8733013380952689
18724,0.6024686428217012
18725,0.9613546584268552
18726,0.13252788929992887
18727,0.004830959459039829
18728,0.3107538043009531
18729,0.7204116853489149
18730,0.012104826847703497
18731,0.9752726463314686
18732,0.005916099256064053
18733,0.9830113418909651
18734,0.0022183187427628507
18735,0.194760712089111
18736,0.052907301930598054
18737,0.19849317430046715
18738,0.11571946565673613
18739,0.0012837471288256273
18740,0.004388256214866348
18741,0.0009841352385036464
18742,0.4254446301278278
18743,0.16692359252299302
18744,0.0009134894452426998
18745,0.007403264596988384
18746,0.16952350435421149
18747,0.17309021968933042
18748,0.9902204566538846
18749,0.3070692901930847
18750,0.005399307222675617
18751,0.0642347755398141
18752,0.0010750554476352094
18753,0.2702801836903696
18754,0.032031619193286835
18755,0.0009990351261448354
18756,0.18593975911158858
18757,0.028919633292086754
18758,0.052705802522477314
18759,0.4488973741835377
18760,0.007859825498572894
18761,0.007933142650849113
18762,0.20041353203889434
18763,0.7608363991811472
18764,0.004151870992142248
18765,0.018720616371224377
18766,0.13583647810497443
18767,0.06974866567611515
18768,0.0077214807423596245
18769,0.004767368233647162
18770,0.003945508134475618
18771,0.0036075499526101577
18772,0.010617117035113501
18773,0.03976737784649413
18774,0.13031447875174484
18775,0.0015317707187724623
18776,0.001124835713940162
18777,0.012389294631288768
18778,0.01087089580448382
18779,0.0011174224646223869
18780,0.03313375320020566
18781,0.006113705358201221
18782,0.0045756722854067376
18783,0.4649631457048127
18784,0.8277459862930716
18785,0.04103206329848236
18786,0.010154776420670208
18787,0.007053312005699821
18788,0.42550932556063037
18789,0.1986578799041119
18790,0.6767872654178796
18791,0.002488603452999703
18792,0.01794320928321346
18793,0.014721125817846549
18794,0.007560461712515961
18795,0.32389607699664685
18796,0.012216686519434507
18797,0.006613417035349682
18798,0.004966389084110604
18799,0.0039186411912532845
18800,0.0025368655082851754
18801,0.009848903832873908
18802,0.8589449329780748
18803,0.019221405443793818
18804,0.025221737276329315
18805,0.1558571457388486
18806,0.057371862285561105
18807,0.03965032744123847
18808,0.3544440054969749
18809,0.01224847107658059
18810,0.12609277497395707
18811,0.05674201668212321
18812,0.01462903462077095
18813,0.004085777613298381
18814,0.015846987841591713
18815,0.02223552562246558
18816,0.013042958536276466
18817,0.003551462739255978
18818,0.04564743556512716
18819,0.009674819494193377
18820,0.16679942611185758
18821,0.6606073497310456
18822,0.027647749015464722
18823,0.06369811113927806
18824,0.9437266962247843
18825,0.008215903916476305
18826,0.6502557048947014
18827,0.7670176288571544
18828,0.010893843204352369
18829,0.0037798464817898965
18830,0.12179434540906947
18831,0.9456661405446272
18832,0.9578592606137855
18833,0.007155205101080237
18834,0.5861217265028515
18835,0.12151342186638726
18836,0.6292709319564079
18837,0.21047196042971963
18838,0.12352971858251847
18839,0.04266304080243417
18840,0.0013588690488712512
18841,0.0015548292415081286
18842,0.031139054263326842
18843,0.008411983879177578
18844,0.08500613613187537
18845,0.07819284568894336
18846,0.007875919677682057
18847,0.6894678608660161
18848,0.028835061392706036
18849,0.016661916212593938
18850,0.8962437561550264
18851,0.012219352526206026
18852,0.08978035792024734
18853,0.9958895731612782
18854,0.1700438806183044
18855,0.0314864999222782
18856,0.050096173042138724
18857,0.1007639720546602
18858,0.0018684005631479218
18859,0.02704232123650668
18860,0.8184043664830023
18861,0.005732894227862985
18862,0.00519454106675058
18863,0.12159865331101154
18864,0.16391035582970775
18865,0.00336756213782678
18866,0.019416457738073635
18867,0.01224329835483906
18868,0.015183438560333584
18869,0.021867869164315
18870,0.0307175201915904
18871,0.008625282719375444
18872,0.910761439297081
18873,0.45270692967044684
18874,0.016375817152359515
18875,0.005736002222174291
18876,0.9863762258767116
18877,0.0036515175260211272
18878,0.6293692222119198
18879,0.0814229942602403
18880,0.8402644028221952
18881,0.0242200285975206
18882,0.1533956298905313
18883,0.21099373299975768
18884,0.9622710574443786
18885,0.9367416493811184
18886,0.9824844280976659
18887,0.003976015119258404
18888,0.016368461369495546
18889,0.019429858163657554
18890,0.2654933508646279
18891,0.0006944151482098806
18892,0.0011891116439935498
18893,0.012035673140994569
18894,0.051461546611618544
18895,0.3162999399383384
18896,0.6900388908240926
18897,0.022072567084141504
18898,0.004799532309003573
18899,0.019180159726851373
18900,0.019510329810939305
18901,0.23993944854254373
18902,0.002699125616431669
18903,0.009567534807807483
18904,0.021761185167498174
18905,0.005872790283015093
18906,0.03577346624283125
18907,0.008220925808642013
18908,0.006865570241116494
18909,0.7055411872454788
18910,0.20389654069401522
18911,0.12537241702898644
18912,0.4470390647308002
18913,0.08513081186683515
18914,0.2942098258026993
18915,0.025561236334496654
18916,0.7977315919846979
18917,0.0026948493217534074
18918,0.9904655025976051
18919,0.28831262291298554
18920,0.1774182295793009
18921,0.123650533435149
18922,0.6030743867922306
18923,0.7422217686774817
18924,0.007714147456419768
18925,0.46067174036902625
18926,0.024213458706949475
18927,0.012188859322264722
18928,0.14028361770557937
18929,0.0028601907595166695
18930,0.1704866809474813
18931,0.9222641641762087
18932,0.04464386299810593
18933,0.8520345590795971
18934,0.018075829528247156
18935,0.22958766338307027
18936,0.003547025207291236
18937,0.009883969439445826
18938,0.2267776543598426
18939,0.7746102445755539
18940,0.004757942558289884
18941,0.015560187295267838
18942,0.021639519000898035
18943,0.00044203424916160173
18944,0.952651704688472
18945,0.09566221223693964
18946,0.0038654470071240467
18947,0.002888065776261127
18948,0.015161436509253477
18949,0.010085837328551743
18950,0.3298436568175914
18951,0.8456259774015066
18952,0.500722348074796
18953,0.0019289024854870923
18954,0.0009618197480986192
18955,0.09355591116033157
18956,0.9395266744534264
18957,0.0034530574016679427
18958,0.017947953416470444
18959,0.0022503379176705093
18960,0.011788675584441388
18961,0.006062894296132573
18962,0.005180055547485279
18963,0.08949663056566903
18964,0.002646558293007604
18965,0.6690273354350615
18966,0.04599179191539518
18967,0.5336055938965812
18968,0.9461984043583507
18969,0.12595346358569
18970,0.7663008690848186
18971,0.0011318744295151708
18972,0.024379461357244264
18973,0.014562056218933627
18974,0.024756370244426985
18975,0.0033923068411031918
18976,0.0057448292190990105
18977,0.06349848068420426
18978,0.15580524981476201
18979,0.013114212817245889
18980,0.7204010248867719
18981,0.0817120557639677
18982,0.5710143131035552
18983,0.05509428835639443
18984,0.007931604167635168
18985,0.0036186251197685734
18986,0.9794961098939823
18987,0.0013764547549115706
18988,0.005172258800879737
18989,0.11598717856655759
18990,0.17643356900501966
18991,0.0020476768828292424
18992,0.9745310596981887
18993,0.005396166876745285
18994,0.06700485059718167
18995,0.16984122760837256
18996,0.8338235085757776
18997,0.6922682095949405
18998,0.06028343930855931
18999,0.03676088016573587
19000,0.04658397657267364
19001,0.016198787324569214
19002,0.016196817177515515
19003,0.001014888155840281
19004,0.9704430741602101
19005,0.24989269848100631
19006,0.1678380559762214
19007,0.0026369331803186777
19008,0.9603626841964549
19009,0.1875183564527907
19010,0.014575474177206582
19011,0.022249560292866413
19012,0.007378404467593403
19013,0.0013981967759196857
19014,0.9140861191755454
19015,0.029964288736420895
19016,0.18197500476135317
19017,0.04031202277349626
19018,0.006825054546240487
19019,0.003825680449857904
19020,0.03637567595187155
19021,0.025482167146991395
19022,0.0022017206309419214
19023,0.022775610746809723
19024,0.7106738285515583
19025,0.007360131199092568
19026,0.18721776239176707
19027,0.15991215356497615
19028,0.491800293991519
19029,0.00530393789940506
19030,0.13027492760344583
19031,0.015404359946729089
19032,0.05259158206926876
19033,0.013996020010637813
19034,0.00891172680038884
19035,0.0037224986606502813
19036,0.01653972135533958
19037,0.005408474979789479
19038,0.028225905076984005
19039,0.0028012917638701768
19040,0.13104356019181113
19041,0.05831840194436751
19042,0.006070438077896069
19043,0.0029013775272905776
19044,0.030314583934103655
19045,0.8299709701606899
19046,0.001910103925519946
19047,0.6258505395545874
19048,0.026943916101021488
19049,0.08583299445150094
19050,0.010472620956357676
19051,0.07841706128315447
19052,0.9877168714908098
19053,0.008268225591369915
19054,0.13093121070056582
19055,0.09600253459289015
19056,0.09266737099671722
19057,0.03023410363377628
19058,0.4634410908081477
19059,0.08608862182809333
19060,0.02931072025060124
19061,0.0014997800234111836
19062,0.008918027546997014
19063,0.000953369341305763
19064,0.07785712542452755
19065,0.031703111174896895
19066,0.7320720245499264
19067,0.0102021349636931
19068,0.0038878639063907715
19069,0.009349699817536486
19070,0.07638581814936968
19071,0.7609237977972921
19072,0.13450842490263457
19073,0.9780452415135871
19074,0.0026092543139972285
19075,0.38665554849203065
19076,0.08636123139502691
19077,0.2979193548541507
19078,0.0046923428792086325
19079,0.13836641865519672
19080,0.0029805232328921735
19081,0.03399811024109549
19082,0.003250105715281919
19083,0.7937816648921819
19084,0.005189377314949114
19085,0.024252238707180972
19086,0.938713151171657
19087,0.5577828157073532
19088,0.10384019423158253
19089,0.048793052152664336
19090,0.23543851854714012
19091,0.46960834180931726
19092,0.8249216945350802
19093,0.036042848698956687
19094,0.013200031591147552
19095,0.1501621056271624
19096,0.008129408270293322
19097,0.006797696064317893
19098,0.8981736755838318
19099,0.009022277194637657
19100,0.8309155922604722
19101,0.4323225809915489
19102,0.004801238051659807
19103,0.0057784865951003034
19104,0.012078037470285609
19105,0.012758792244576688
19106,0.009956650432632837
19107,0.23400510370539443
19108,0.021514311913106595
19109,0.062193699658367886
19110,0.034612145205737854
19111,0.07484061993444463
19112,0.0012174077286101243
19113,0.008023031213703527
19114,0.003496069497335061
19115,0.09585921935352787
19116,0.06717523586285665
19117,0.07464709132062174
19118,0.004412908485277424
19119,0.08447414490911305
19120,0.01434232026457892
19121,0.02214917705563257
19122,0.004371065593769062
19123,0.019386745080942173
19124,0.01277597433025513
19125,0.0069693923886352425
19126,0.05360982372112231
19127,0.003615638158824644
19128,0.011294335003331147
19129,0.00295195630112084
19130,0.8539178358650553
19131,0.08587781272019479
19132,0.4885975263649938
19133,0.012035401986517712
19134,0.0007183221906620183
19135,0.8533259783405573
19136,0.49950439290419274
19137,0.00791984446164314
19138,0.00379565951188504
19139,0.0007380640530980724
19140,0.02250373071232525
19141,0.21432948303393848
19142,0.912002580900325
19143,0.2871902498208862
19144,0.12155831840231156
19145,0.003078311291423592
19146,0.004519302693121863
19147,0.00166979719701454
19148,0.20147715849341474
19149,0.011583515180836003
19150,0.007573056138565645
19151,0.002670771722951625
19152,0.8980693758819703
19153,0.9880878888722907
19154,0.10322928880488692
19155,0.03767347216800269
19156,0.17318642902296688
19157,0.07352304850013665
19158,0.0020561945199032844
19159,0.0663212198193599
19160,0.8382740306119444
19161,0.45197488580074324
19162,0.005593082732763585
19163,0.009924015720902972
19164,0.021716018047031174
19165,0.0066318291553245584
19166,0.0008154305520544081
19167,0.017471250488197723
19168,0.6618783205047686
19169,0.16167763230247692
19170,0.6995077144488858
19171,0.01593770484728728
19172,0.14711251490554608
19173,0.02096297125962511
19174,0.005214576643484674
19175,0.005550744120334971
19176,0.014681541312108122
19177,0.05348871048721146
19178,0.005807149273380159
19179,0.055037952559744086
19180,0.009599003266449708
19181,0.060384995164112616
19182,0.46505269367275165
19183,0.02292797709689775
19184,0.0316323006309364
19185,0.002305332436206545
19186,0.012560830491181493
19187,0.2502626275817984
19188,0.2417139694102129
19189,0.003410561333280682
19190,0.020624024489093323
19191,0.10417178691080442
19192,0.6958629507059887
19193,0.04863740048916878
19194,0.12631458861248437
19195,0.015062934359420743
19196,0.9015862450358727
19197,0.014603540354397941
19198,0.1337307494636219
19199,0.9840610104389783
19200,0.9237149553311125
19201,0.07086282673686617
19202,0.47478148465105635
19203,0.009074275982779238
19204,0.003625705207333737
19205,0.05397100351551676
19206,0.010631833086343972
19207,0.9847868854522555
19208,0.0032513106420483037
19209,0.9306340034731692
19210,0.9464774557885719
19211,0.23603810729130337
19212,0.9915094175701948
19213,0.013595921197991119
19214,0.040629325212819374
19215,0.291727534561237
19216,0.012969970913401425
19217,0.0068590299867855396
19218,0.17530218728825378
19219,0.0070258165044621715
19220,0.19884233075080057
19221,0.03371482572750213
19222,0.08025930266168317
19223,0.005895810783897137
19224,0.26086891644278265
19225,0.602396174610551
19226,0.5347395409040494
19227,0.27876433091281944
19228,0.003643234884998231
19229,0.005524617870705553
19230,0.13714254421766484
19231,0.03103240253736282
19232,0.06710009872114203
19233,0.00789212308584013
19234,0.006125878959195383
19235,0.0017409730004693282
19236,0.009311844743608728
19237,0.20853504199722803
19238,0.013943133427640055
19239,0.0018225113173578628
19240,0.004288165702077718
19241,0.01875561107687887
19242,0.0020197190759185146
19243,0.9213361707109277
19244,0.006096690912755312
19245,0.08901052415711594
19246,0.0023337607042355525
19247,0.9218643145869426
19248,0.0034742659690668843
19249,0.0012414432288815952
19250,0.2706004239251972
19251,0.004033708270588216
19252,0.011493376931486067
19253,0.0005604930435044424
19254,0.005586452529428218
19255,0.021276335024158998
19256,0.028531925098980677
19257,0.01554299270895819
19258,0.9829212071192672
19259,0.9422692761587401
19260,0.8220491623420149
19261,0.009491598423410488
19262,0.0013092586637436904
19263,0.0013906306218087281
19264,0.34966090906809416
19265,0.031994486649774966
19266,0.0059980809304564404
19267,0.001956708018219231
19268,0.490038799342556
19269,0.0268200494995357
19270,0.031833945576793934
19271,0.06513073782799632
19272,0.3380990351345464
19273,0.0017659820409889175
19274,0.001522659549688255
19275,0.3826651614799907
19276,0.026546586506328095
19277,0.001844239423909405
19278,0.3785070191965334
19279,0.0014943706306452087
19280,0.029751093208859873
19281,0.013749833195862508
19282,0.001402006348421751
19283,0.004048491922126244
19284,0.0037677818287769355
19285,0.7758268133270603
19286,0.0012204864887477166
19287,0.009512148806162711
19288,0.06083151194642867
19289,0.0031221592488034247
19290,0.21075587792517955
19291,0.05381392008373975
19292,0.7295271342625985
19293,0.9450044111592676
19294,0.003192536623563021
19295,0.0015295623113403096
19296,0.008817618790370046
19297,0.03327695163770741
19298,0.9649188658643969
19299,0.014611701211052434
19300,0.015069508657087342
19301,0.07510421349802202
19302,0.17953633648101824
19303,0.05748228810744351
19304,0.7331039890217048
19305,0.2171659049330011
19306,0.014735864748758324
19307,0.010399589357050747
19308,0.3208825249876659
19309,0.3077413284487618
19310,0.0012075807759890035
19311,0.130302172692384
19312,0.1551840557608052
19313,0.0328528344547646
19314,0.7044947927407389
19315,0.013949000406085986
19316,0.2051490406352398
19317,0.09852001908869258
19318,0.30707217353385574
19319,0.23162760083419348
19320,0.0021277622463568707
19321,0.0899174968574617
19322,0.13517232020953984
19323,0.3602445878503758
19324,0.0007496838024771522
19325,0.22734271595091507
19326,0.6675128954567495
19327,0.015599452276115559
19328,0.00945919962636877
19329,0.004862611087478711
19330,0.003047305276481786
19331,0.9674231696398556
19332,0.004758438158658025
19333,0.021524638319339782
19334,0.006661252526898709
19335,0.00985089015002063
19336,0.11163179104630892
19337,0.9648763870180882
19338,0.3346320045862683
19339,0.001120978323521269
19340,0.12231399521790866
19341,0.06638793008488378
19342,0.0025935667424289753
19343,0.03266377786655253
19344,0.04023889604694687
19345,0.07300792296841764
19346,0.001982882786042073
19347,0.011312484907891178
19348,0.008007938753912092
19349,0.5635866366591678
19350,0.019183985529773247
19351,0.02973524581607401
19352,0.6444093866722026
19353,0.07115246889875665
19354,0.06584685651237364
19355,0.04780592284484344
19356,0.02110579426600506
19357,0.03701692302904196
19358,0.04504346941356761
19359,0.21120695373042855
19360,0.16125568965963236
19361,0.013145214437345296
19362,0.43391987670690874
19363,0.041112984776568245
19364,0.24397917552493859
19365,0.363095617403301
19366,0.0035170047601163104
19367,0.7694909257456508
19368,0.24446818645612098
19369,0.03494570710421454
19370,0.002822356882449621
19371,0.6011063698565569
19372,0.026231105445419112
19373,0.0027828599466716195
19374,0.004900845578975795
19375,0.008010860549592798
19376,0.0026091349906075855
19377,0.8852394201183087
19378,0.10305303605045464
19379,0.003260877868338733
19380,0.0007086543172532378
19381,0.004607409385906783
19382,0.03730128092783576
19383,0.01451470543298879
19384,0.0026928659358112015
19385,0.04504179945227713
19386,0.03946955396116107
19387,0.004092720467151831
19388,0.647503686941711
19389,0.9842429200138831
19390,0.6677889040457177
19391,0.852512916272173
19392,0.02419270660775182
19393,0.0059223501506039875
19394,0.04654813107747533
19395,0.07594835370056399
19396,0.011064828752444711
19397,0.8898215474322345
19398,0.12746829339948404
19399,0.001920796474755768
19400,0.605185338284546
19401,0.05463892129105067
19402,0.001411950115617319
19403,0.1805048309019522
19404,0.0087680660416564
19405,0.0009865361954506135
19406,0.6233929622468918
19407,0.3464519010075063
19408,0.016363372628417982
19409,0.006440417554535684
19410,0.002050820231995624
19411,0.0007578188665055089
19412,0.010719310589211653
19413,0.002931713260284014
19414,0.7743425842967414
19415,0.006850537355755504
19416,0.1300153719126575
19417,0.9924771933057297
19418,0.008240845775670223
19419,0.11571181591966759
19420,0.085631884746384
19421,0.5929015474202827
19422,0.07473802161221897
19423,0.11625043079705553
19424,0.7205031474311447
19425,0.0016277857200243365
19426,0.006702816851798922
19427,0.01892962016129459
19428,0.0026759182520930116
19429,0.03877582538902679
19430,0.0018173661823596668
19431,0.022369452925477627
19432,0.008478256004069156
19433,0.041933405293490045
19434,0.5040880252005006
19435,0.03360001853382793
19436,0.0026630199606056267
19437,0.9879732802271101
19438,0.002156334283672386
19439,0.775237695239299
19440,0.10493280828595661
19441,0.033110556309557955
19442,0.22588332011666942
19443,0.02266927065643603
19444,0.0085891093466289
19445,0.10915418966656742
19446,0.0010820350009739387
19447,0.014338125429645757
19448,0.05048365750030879
19449,0.0006135084341732392
19450,0.014935167558543535
19451,0.47983186232073965
19452,0.005917727493417189
19453,0.022184866884706146
19454,0.6539819814028038
19455,0.16179781592418882
19456,0.6627938603722324
19457,0.04966784211056895
19458,0.06781003662774844
19459,0.004218388762633184
19460,0.9855586547312989
19461,0.02676062636199614
19462,0.008704092406782802
19463,0.006374294978790044
19464,0.12014251766154158
19465,0.13170154276502719
19466,0.03974873849780532
19467,0.04337745998718098
19468,0.9639198769972134
19469,0.004696121425340098
19470,0.013188974082943698
19471,0.27174153703003595
19472,0.7182356954815994
19473,0.006131443424903413
19474,0.0397938540057558
19475,0.025696647739319338
19476,0.005760332058352731
19477,0.9351474682026434
19478,0.15404869592446532
19479,0.007750250616427063
19480,0.06434538952003616
19481,0.643864385640215
19482,0.09011221929341981
19483,0.0031949550223670585
19484,0.0038138010570047806
19485,0.002376249647054697
19486,0.94146469093956
19487,0.09026417136199955
19488,0.04081563394971811
19489,0.2254649617837692
19490,0.0026480041628782983
19491,0.05010467943458941
19492,0.027592153014486115
19493,0.11807250663262428
19494,0.2819122521253166
19495,0.038818181597008374
19496,0.4736200836813338
19497,0.010816646713122964
19498,0.10029426002684336
19499,0.007375993188027023
19500,0.7634841733914632
19501,0.003443235639949506
19502,0.9611001084498119
19503,0.7367520746739443
19504,0.9925227321809899
19505,0.05819245002050624
19506,0.15793477085439997
19507,0.8717481384020432
19508,0.11185385976499375
19509,0.004761432895248544
19510,0.004552561557051106
19511,0.03716271096586796
19512,0.15051320900969628
19513,0.013902823904731989
19514,0.00161170260808088
19515,0.7675209216129639
19516,0.37207504853887774
19517,0.043809297536391886
19518,0.007335432253552434
19519,0.002291917185340105
19520,0.0038509825245640244
19521,0.08218564529877012
19522,0.6745256991186784
19523,0.2935218769926071
19524,0.10006752516689575
19525,0.008956713275781058
19526,0.0025536550106062044
19527,0.27142673996407585
19528,0.5490511283609127
19529,0.016854343251696713
19530,0.914483112663571
19531,0.0030919729210195325
19532,0.3312717405581052
19533,0.02036836862714432
19534,0.12367771183540041
19535,0.024389037607574583
19536,0.04153228707839726
19537,0.015116230543275258
19538,0.10863182166848777
19539,0.7604287488485836
19540,0.5820904425038245
19541,0.002205406060850943
19542,0.0034190115292891425
19543,0.005564949457608993
19544,0.8421685792174184
19545,0.6829823773092966
19546,0.8726804663555288
19547,0.013951768909621822
19548,0.0009226881342720655
19549,0.007440694073965127
19550,0.22987857908076356
19551,0.08877084334166929
19552,0.010877261983463827
19553,0.0007776114476240666
19554,0.054605755685112216
19555,0.009429924970439622
19556,0.0020446126765412444
19557,0.9859627461607848
19558,0.0014681716296517898
19559,0.022975702057533198
19560,0.005167764190155555
19561,0.9887904286561384
19562,0.021978385591382973
19563,0.07184396401549803
19564,0.012426394619290348
19565,0.01867243565026938
19566,0.5065666729720564
19567,0.9710051480843486
19568,0.015085752381550872
19569,0.19517927710407812
19570,0.012246110907734423
19571,0.003385552229301503
19572,0.07294781009721146
19573,0.00940958345793116
19574,0.003654298552258785
19575,0.32281526472832545
19576,0.7696841690604885
19577,0.0036731647327629758
19578,0.0071063699437973
19579,0.2217982442382889
19580,0.010646765672402275
19581,0.5920480582089199
19582,0.06975192467071091
19583,0.0021482043015048123
19584,0.010592070138285349
19585,0.0010971718513918343
19586,0.1488664406977503
19587,0.0673979598300998
19588,0.05022892059035114
19589,0.06162703493854844
19590,0.375903532714947
19591,0.12007097466592341
19592,0.017796454415559076
19593,0.9932086355582285
19594,0.0400665414925481
19595,0.10850580575185723
19596,0.17144675718596278
19597,0.021988202267044555
19598,0.0031438671447531286
19599,0.021416641294048806
19600,0.03476526946179508
19601,0.9325680987980298
19602,0.9553579896952177
19603,0.9628514607811356
19604,0.016642087675672917
19605,0.4145291742508833
19606,0.08256840035665756
19607,0.022181435397870743
19608,0.010879312505517522
19609,0.022548862760217774
19610,0.4194733722929443
19611,0.46303441475869145
19612,0.2651792758194084
19613,0.0008145586789602467
19614,0.03918867002383179
19615,0.003260743697484932
19616,0.00266376162047399
19617,0.004556843141082643
19618,0.519203992904469
19619,0.027066006900037406
19620,0.033803180256168866
19621,0.007413471222069753
19622,0.9763358622732048
19623,0.005175320388446428
19624,0.15078802080291986
19625,0.00905312695962047
19626,0.7270729057037894
19627,0.005790385853823722
19628,0.3583526840302667
19629,0.005079003665645916
19630,0.033119191909599666
19631,0.9361267069759328
19632,0.24711928149647594
19633,0.17253513490228775
19634,0.043900084746204854
19635,0.021007117529616225
19636,0.06873046923889879
19637,0.8455533608495337
19638,0.01559671352284925
19639,0.0018438463671026683
19640,0.018044838550892017
19641,0.007858594589865087
19642,0.008855923099426798
19643,0.002269190917098618
19644,0.007505496428818927
19645,0.10827624348270833
19646,0.09463697712640566
19647,0.024449514979064255
19648,0.021553790529136748
19649,0.23393218417869746
19650,0.0007219262538787838
19651,0.0035194830878344644
19652,0.17145617648152758
19653,0.009792667835626488
19654,0.9556850304704
19655,0.00917849825861942
19656,0.12317609306291011
19657,0.015988743304969064
19658,0.9557157917859168
19659,0.0009083287664437082
19660,0.21143912845327364
19661,0.13622303161084648
19662,0.07241673821034456
19663,0.009321181030561019
19664,0.6436880248545811
19665,0.014333183895363819
19666,0.011122312880819555
19667,0.04824880307633476
19668,0.0024747412408773263
19669,0.0023942373169596604
19670,0.44361876904665426
19671,0.1337133760359149
19672,0.021256724322238147
19673,0.031210314756643404
19674,0.14409619887094693
19675,0.5952994477817019
19676,0.016461622817450734
19677,0.00039066127570627275
19678,0.0009220477557682688
19679,0.04196030598799509
19680,0.007408397064984967
19681,0.8505456902863697
19682,0.9927761267000209
19683,0.05059497350359521
19684,0.023828386846638086
19685,0.44147617826325036
19686,0.0027362772414070797
19687,0.10172597356235705
19688,0.005906765235636121
19689,0.09467842838403942
19690,0.42708992532804113
19691,0.035678930371291745
19692,0.9800543417736168
19693,0.006667612088073705
19694,0.006332457111401191
19695,0.02898142740694219
19696,0.004330257212579858
19697,0.4129936386318538
19698,0.012115190687873664
19699,0.33493764971390816
19700,0.0013378113912700701
19701,0.0009503940768274168
19702,0.5975370879023975
19703,0.013922322377507195
19704,0.03151430999114645
19705,0.2364692526050281
19706,0.5504101317403217
19707,0.0015020054388444424
19708,0.00716103300253011
19709,0.003787447646987858
19710,0.0034456404402295527
19711,0.9787824691960272
19712,0.1987742826777684
19713,0.005195859453088439
19714,0.34235491956948594
19715,0.029030257763453672
19716,0.0075125574168240965
19717,0.1514275076540777
19718,0.007790645385243353
19719,0.002824327159773608
19720,0.27733869438493375
19721,0.0011053243843985032
19722,0.8242168150049203
19723,0.9767521653750545
19724,0.001868375450208658
19725,0.1757072691489373
19726,0.0010321241121209403
19727,0.04962606123398113
19728,0.06731306825758981
19729,0.025532269324654282
19730,0.00568692984328171
19731,0.3450504049489279
19732,0.06750349264222961
19733,0.0071369146860678035
19734,0.09631708474971201
19735,0.043194239358695506
19736,0.05982269420164739
19737,0.9883604444585115
19738,0.8515541611260082
19739,0.16082507703713958
19740,0.012572692667998429
19741,0.005622398741118486
19742,0.08111725379125083
19743,0.6838895743958645
19744,0.0027363694962987102
19745,0.018247278341645447
19746,0.016250565320898636
19747,0.07208377133271433
19748,0.07200124642391614
19749,0.006711720187841009
19750,0.0119826139123788
19751,0.6717563851966049
19752,0.05366403847568462
19753,0.0006210321988719461
19754,0.08794262443073264
19755,0.0017097658823721914
19756,0.010537547418499311
19757,0.012908682177051434
19758,0.7912595589984942
19759,0.2604941728794145
19760,0.028491179505584295
19761,0.001545990738369354
19762,0.005047586797462184
19763,0.0019264760553470094
19764,0.8198004291268528
19765,0.007481418361349057
19766,0.8793979754500599
19767,0.3629176245730141
19768,0.9950392574712366
19769,0.032014998727278296
19770,0.010582722802747139
19771,0.0006470026911063818
19772,0.0016965245951554007
19773,0.07809920736944304
19774,0.9922071151277595
19775,0.008017519217272647
19776,0.0012827826733125037
19777,0.2910034604093778
19778,0.12145403635912519
19779,0.05230721308895861
19780,0.007204652948610457
19781,0.38976781371441355
19782,0.03183413104110329
19783,0.00991901728603467
19784,0.04178860233681963
19785,0.0034846049684487228
19786,0.002645581137820889
19787,0.003904009246027626
19788,0.028993210162452807
19789,0.00875307597972453
19790,0.9257881241488767
19791,0.5402424566531309
19792,0.010609691457719075
19793,0.09574828987036091
19794,0.8581579326023812
19795,0.004290522227706156
19796,0.07243973426354083
19797,0.12358623602376796
19798,0.00667400045035403
19799,0.9864383043342834
19800,0.010576515580123888
19801,0.023685309429709717
19802,0.005303463408145332
19803,0.18663775195452456
19804,0.853799347003955
19805,0.08750749127546716
19806,0.0023324380333537586
19807,0.053706832240938814
19808,0.030427373408100325
19809,0.005510441458015974
19810,0.021751923011876163
19811,0.010462459030274299
19812,0.023675911086946097
19813,0.00581070197513532
19814,0.030376609007726246
19815,0.04896687313427933
19816,0.018118586952621987
19817,0.004887753560336404
19818,0.024203802689965238
19819,0.0006313828778725447
19820,0.05464205242473235
19821,0.00829921988432818
19822,0.0010496895955832675
19823,0.04070544647362718
19824,0.013054518639716331
19825,0.07545270923462294
19826,0.03915250316003989
19827,0.1897422938689397
19828,0.02555191403760048
19829,0.7028664341719605
19830,0.03234970787022681
19831,0.0085288391203892
19832,0.09726115943040614
19833,0.5400051019120741
19834,0.003021271533955445
19835,0.5679649197809689
19836,0.02076717128395237
19837,0.0059820644242932885
19838,0.008271867822696455
19839,0.059371339565239496
19840,0.21333118053361813
19841,0.4068316217136514
19842,0.006330830685337781
19843,0.07347931996452609
19844,0.006641372255024703
19845,0.4984329469064801
19846,0.0035981861431950094
19847,0.024177094013211435
19848,0.10968618603179023
19849,0.020989381589411285
19850,0.005646619476424958
19851,0.010286309422380463
19852,0.13521305363991606
19853,0.0504491669547819
19854,0.9865750837228466
19855,0.0373214584742496
19856,0.04491858491958121
19857,0.7514626551608454
19858,0.14040598265538098
19859,0.9135859621501924
19860,0.644969586269976
19861,0.9932074988280661
19862,0.04007237661691088
19863,0.14061347969715526
19864,0.0393499161819431
19865,0.021043120479604317
19866,0.04546445261798354
19867,0.012578518604316257
19868,0.03178373317628235
19869,0.03201509246112857
19870,0.1901132669787141
19871,0.10199178489894903
19872,0.0395963592500161
19873,0.3126125022228343
19874,0.002002455568490191
19875,0.10643781306129325
19876,0.001644724173683554
19877,0.01679182827199074
19878,0.004798217167152666
19879,0.009138990722609939
19880,0.025010741777347203
19881,0.015624354217568002
19882,0.003449101676614099
19883,0.023677707933994183
19884,0.07058477058754625
19885,0.9861412191125197
19886,0.010396065738606661
19887,0.002942859898698938
19888,0.9778119028793958
19889,0.26697502772034354
19890,0.031837283734071714
19891,0.36683553932724255
19892,0.03594990392857655
19893,0.03754638150610541
19894,0.002964502229094619
19895,0.4622015005322495
19896,0.0024928530998377363
19897,0.6957305115437515
19898,0.06557170546633419
19899,0.08295886740468064
19900,0.07667465054770657
19901,0.0904298379032729
19902,0.01572197374287179
19903,0.05650037584361929
19904,0.003632838994247051
19905,0.023574573402355383
19906,0.1324953599155049
19907,0.014232643487065608
19908,0.0012250846805686693
19909,0.09409708034283092
19910,0.8701610605423782
19911,0.5214350225010904
19912,0.006398263121205599
19913,0.015674823797858495
19914,0.029510499148208993
19915,0.4950494322111971
19916,0.0020540372772623106
19917,0.011462029786149772
19918,0.002451688101872665
19919,0.0076412714088401204
19920,0.021238855488913203
19921,0.04319495263515008
19922,0.263017254667025
19923,0.07122011152554882
19924,0.13270983800951808
19925,0.17317771597702636
19926,0.14965064711830456
19927,0.36852572787956644
19928,0.005708408439382375
19929,0.1902194713353631
19930,0.03271050378572373
19931,0.0036669434425085565
19932,0.223726315972664
19933,0.004059492423788831
19934,0.023404583703948025
19935,0.007868821629034945
19936,0.0019806958740207444
19937,0.2833996850437238
19938,0.034728751165162046
19939,0.02432199234757043
19940,0.0020577377215145803
19941,0.020052230198136928
19942,0.016243129801133183
19943,0.0033089557135212158
19944,0.01009091498234256
19945,0.037328860333671665
19946,0.010260891235295586
19947,0.0027794556694302054
19948,0.10850495174194734
19949,0.007115378279615479
19950,0.0590384184631023
19951,0.46559613531107247
19952,0.021037691714009404
19953,0.33412658569766274
19954,0.007992467850696815
19955,0.009590500610941289
19956,0.3172439885893008
19957,0.008209538701644137
19958,0.009689481087084149
19959,0.11157675206251261
19960,0.1208522407624634
19961,0.012571876469818617
19962,0.027417686636477687
19963,0.004786286012028423
19964,0.0018891398214925276
19965,0.0037665726132569046
19966,0.24411026486090662
19967,0.12245146972379466
19968,0.8101262824835045
19969,0.33234190152236215
19970,0.290350213447673
19971,0.002579560175186465
19972,0.003455883129996969
19973,0.9652573145882289
19974,0.000787713958044631
19975,0.9877146362923828
19976,0.02263173290578661
19977,0.00844765695576757
19978,0.006008875305808158
19979,0.8423722452816248
19980,0.20605534303515435
19981,0.004063327019551659
19982,0.022750311538034258
19983,0.39639621586685553
19984,0.8209882864718577
19985,0.255796990282223
19986,0.00253647522297073
19987,0.9684164902705973
19988,0.00194173014301015
19989,0.010422381442684227
19990,0.13153937619084316
19991,0.0025697171682478965
19992,0.96019275826988
19993,0.09196142894312127
19994,0.32761532186965797
19995,0.03308482972601252
19996,0.04450026097846793
19997,0.0016540185635727667
19998,0.0012633043217201974
19999,0.005141949192921783
20000,0.02320698656483484
20001,0.003341025943845152
20002,0.06090013184288515
20003,0.22316530597395834
20004,0.09290689120723782
20005,0.19968699529341025
20006,0.9286397653922188
20007,0.18617804030875662
20008,0.3552388052198919
20009,0.002482575803525308
20010,0.002306641923769593
20011,0.08853942268341748
20012,0.010226448694052117
20013,0.02096952346465831
20014,0.09334039548058937
20015,0.036149869154204255
20016,0.010012437085241289
20017,0.004863528378675515
20018,0.004190373534223526
20019,0.007500899114356007
20020,0.015275235914215602
20021,0.009928229232629726
20022,0.09692623778319218
20023,0.1400060235607874
20024,0.012108075793068985
20025,0.015530713491733558
20026,0.016823511687998078
20027,0.9726707921296625
20028,0.004153068982772745
20029,0.8066519524222537
20030,0.0104431446119967
20031,0.0010578821770318482
20032,0.05168015701960841
20033,0.14942026214937978
20034,0.005901265319042398
20035,0.34507481685302693
20036,0.004256201421405293
20037,0.08097761651870393
20038,0.9952267573716214
20039,0.2644630139247299
20040,0.011625439494069037
20041,0.0060342310828692125
20042,0.010562918680930938
20043,0.018748926211945658
20044,0.003109183584285637
20045,0.15610117542383026
20046,0.9180906168661438
20047,0.9878754688807139
20048,0.0016972666705520798
20049,0.8922855380593682
20050,0.12642079295716618
20051,0.03228863582438771
20052,0.02445485669480508
20053,0.9953984551772757
20054,0.004844949472507654
20055,0.29773277050996383
20056,0.0018701110615556554
20057,0.02244355123173807
20058,0.2162099088057534
20059,0.1252414059652334
20060,0.04629076037968731
20061,0.009161235480182732
20062,0.02968540073575578
20063,0.0015595407103158065
20064,0.006945072153226449
20065,0.5533891668451464
20066,0.5606783327645702
20067,0.03774934477778317
20068,0.11524828608593525
20069,0.6014896685998365
20070,0.007307029015227511
20071,0.01044319602814684
20072,0.19252132869802027
20073,0.047054153032499046
20074,0.0026888358125867007
20075,0.00235546288430848
20076,0.24935281622202743
20077,0.03152578409121477
20078,0.01982291652338604
20079,0.006667901460131806
20080,0.4920814210658059
20081,0.7628545409995022
20082,0.034159839348526316
20083,0.32878426240843667
20084,0.9231198743343031
20085,0.008796612701506881
20086,0.0014123564479897321
20087,0.030352056079019248
20088,0.1385585410483022
20089,0.013408814721392999
20090,0.1977928993627825
20091,0.24134530234887258
20092,0.009642858894589445
20093,0.20000952677009345
20094,0.16706444197949522
20095,0.7255096568033228
20096,0.7758236847701825
20097,0.40271428628242373
20098,0.0009385328628448518
20099,0.004532709185824146
20100,0.9695774876960199
20101,0.11421941994399466
20102,0.12775763429713566
20103,0.02555014041885134
20104,0.8906843763739746
20105,0.017257485630800477
20106,0.047243870711624135
20107,0.7458430149806148
20108,0.012381741099600987
20109,0.9901036888851297
20110,0.7102424098540601
20111,0.02058038128831115
20112,0.01854620291030664
20113,0.01781717277053077
20114,0.9278417592669156
20115,0.9764499881631686
20116,0.1595872721232938
20117,0.0009681985398404222
20118,0.001559744121272577
20119,0.03686193919231767
20120,0.03728913831074225
20121,0.004741005370690811
20122,0.2875225829494818
20123,0.030929379870135814
20124,0.11236556849285453
20125,0.023311375413889047
20126,0.00881629245984303
20127,0.02777937808634695
20128,0.9430947053819247
20129,0.14224057037930174
20130,0.4965964100950475
20131,0.01945417057001035
20132,0.04148516331322818
20133,0.0025873203875362433
20134,0.05649697284453868
20135,0.7335007953879372
20136,0.0028501966322480154
20137,0.001917313948830721
20138,0.9901550715920355
20139,0.005322840376102554
20140,0.39296987555877416
20141,0.0015880418223076084
20142,0.014655447409284534
20143,0.009062817418928336
20144,0.06152608961400577
20145,0.0020495703079551524
20146,0.012933288374802579
20147,0.045730941230901496
20148,0.0012142660585606397
20149,0.5085284979453413
20150,0.04398863066091972
20151,0.9937062734627171
20152,0.006087104079217311
20153,0.04434478076567921
20154,0.00252910601201331
20155,0.0035189151979458932
20156,0.0011091897915574385
20157,0.20474624504603342
20158,0.026606734346597466
20159,0.1468107422642
20160,0.9857696564854393
20161,0.004860273362683677
20162,0.004151939094107437
20163,0.03467753402237968
20164,0.2642022158500107
20165,0.044747449867489755
20166,0.0039124466927410225
20167,0.7548378332409326
20168,0.004323957610209428
20169,0.005725794620518303
20170,0.013518079040740242
20171,0.907784561739035
20172,0.7132245691626652
20173,0.9864884534824224
20174,0.032708244045393936
20175,0.6396778583128881
20176,0.04968288773631228
20177,0.0032439495584603117
20178,0.010269668083121993
20179,0.015929281466610504
20180,0.00818467408706161
20181,0.003166211227558291
20182,0.19856125323306248
20183,0.005279341074086738
20184,0.971632130827006
20185,0.300654035095002
20186,0.016781589469530626
20187,0.00426114336770561
20188,0.19428664200063675
20189,0.12060386023064733
20190,0.9507567378274147
20191,0.0030318577471094756
20192,0.9532176300712232
20193,0.06289033231052572
20194,0.01599950714134832
20195,0.8566488051417163
20196,0.004780538091563189
20197,0.015263156742330442
20198,0.004077416852365866
20199,0.024899394954473995
20200,0.002233344530380014
20201,0.4123886448924763
20202,0.002283946662352116
20203,0.1185390947416145
20204,0.0359868530692517
20205,0.003442695730714401
20206,0.016966063838455524
20207,0.966020715278803
20208,0.0059445640720161876
20209,0.0029122401955616016
20210,0.008642196525633394
20211,0.008248815435291778
20212,0.9459964979893746
20213,0.00171660993440262
20214,0.19680354624860577
20215,0.08784248809458985
20216,0.0212866302096091
20217,0.017533787498400077
20218,0.0587281371733085
20219,0.9873589616523042
20220,0.14136973221503082
20221,0.7321662337909111
20222,0.016462083353516604
20223,0.13753879482407494
20224,0.018960703219286494
20225,0.08181780171374806
20226,0.0031864154086476714
20227,0.6866539759470172
20228,0.9577162524289766
20229,0.1875080257231322
20230,0.00955617495764106
20231,0.8102584845318932
20232,0.2599636321512805
20233,0.0060552701780350535
20234,0.0021792558842754174
20235,0.005396529556678297
20236,0.5926331438489604
20237,0.6257560806625636
20238,0.037866463079871265
20239,0.0032605065297800456
20240,0.0007954399783571855
20241,0.008999621819942207
20242,0.002923779086892669
20243,0.0159036918021836
20244,0.005091239146038787
20245,0.11460650730220112
20246,0.9816808179949212
20247,0.020246757693442245
20248,0.014006621023131879
20249,0.5598326728400813
20250,0.018421354907820858
20251,0.02087765723042612
20252,0.00556976844825482
20253,0.002655275454202885
20254,0.037229464091397116
20255,0.03709429681208991
20256,0.727211092119055
20257,0.9782558495060764
20258,0.5958112183829309
20259,0.12379540890110724
20260,0.008152638272911187
20261,0.6241788030273292
20262,0.024699708997349204
20263,0.9315156487548667
20264,0.11877260277194197
20265,0.2667491622373504
20266,0.9591951283289232
20267,0.2157417509131796
20268,0.031074749405427378
20269,0.11465694825593366
20270,0.018930556564279572
20271,0.20975524945129373
20272,0.004872403739174715
20273,0.045948567145862616
20274,0.20900317108163777
20275,0.0022142401241973153
20276,0.5510484048021976
20277,0.8482546175354257
20278,0.04853281070103194
20279,0.4254538017532403
20280,0.004676618227571986
20281,0.043783259131890705
20282,0.009743089084779943
20283,0.8043250141599587
20284,0.0028782976091577895
20285,0.6812424555005364
20286,0.0029104889269508604
20287,0.0020059456521167077
20288,0.013160285186993878
20289,0.9718676251100818
20290,0.000955503577958343
20291,0.00283094709693758
20292,0.9032767121707868
20293,0.8785833363267403
20294,0.0023838103985547128
20295,0.09939484142255497
20296,0.17106324363445857
20297,0.01584472506959899
20298,0.004404725107839788
20299,0.9638947689956152
20300,0.12254637492140694
20301,0.0036268394738898464
20302,0.9915990442071699
20303,0.0010698022257073219
20304,0.03708364707069946
20305,0.00132421883979501
20306,0.0005791979900851349
20307,0.055302950922520036
20308,0.09936380919514871
20309,0.12292969327845243
20310,0.035704942155230165
20311,0.01587031831780936
20312,0.006975524197949086
20313,0.0030759856090663584
20314,0.9004469529097283
20315,0.9928396276722506
20316,0.051243053474759624
20317,0.00091667098531106
20318,0.04371506660904932
20319,0.9462205000417587
20320,0.9835168352721868
20321,0.022834313519974756
20322,0.12904806576600122
20323,0.0029238080970814197
20324,0.8301424175938605
20325,0.0036770698245622412
20326,0.0891892497808473
20327,0.013352119384519068
20328,0.00898712608987411
20329,0.06092272645095323
20330,0.7230181787097677
20331,0.6001380556323943
20332,0.46530245946032855
20333,0.11247774003033387
20334,0.9783084584334568
20335,0.6629728533824616
20336,0.02917602881452439
20337,0.001761612572599421
20338,0.16720823880919147
20339,0.7353771490604164
20340,0.015852895005596276
20341,0.197871132912217
20342,0.005825446277834564
20343,0.663839944136309
20344,0.0038884617246917725
20345,0.8841113296673706
20346,0.178572944723919
20347,0.010068967210191352
20348,0.652750795483191
20349,0.006976528367127293
20350,0.01471632352556573
20351,0.07885488079765986
20352,0.05592247361509036
20353,0.015666111655965008
20354,0.24430427647494643
20355,0.015865179692342628
20356,0.006024410380564545
20357,0.5053775778894958
20358,0.013170449746444428
20359,0.04288608314115568
20360,0.453409632833318
20361,0.004164058391708569
20362,0.00591872165226951
20363,0.0055820432312467735
20364,0.9640760553080505
20365,0.01548411069872382
20366,0.004984276932771841
20367,0.011429293098504788
20368,0.004753687649911499
20369,0.013440283048505594
20370,0.10987704756969854
20371,0.03295053428882394
20372,0.025502480211922817
20373,0.02010709141109048
20374,0.0014878349897307721
20375,0.03492350608702372
20376,0.10926309588326769
20377,0.44065829668952344
20378,0.0013689954008753885
20379,0.16619803337602565
20380,0.0015812760512692323
20381,0.5971731979148616
20382,0.010396811956473653
20383,0.9890831579173822
20384,0.0049719682872169935
20385,0.0032863330577921333
20386,0.003559102350900151
20387,0.030648061533662986
20388,0.013278410939062868
20389,0.13280919901804583
20390,0.47864251675020014
20391,0.41807509088446804
20392,0.042969620232012985
20393,0.02157194185408365
20394,0.9684058074481604
20395,0.03676332204881762
20396,0.12987215649168937
20397,0.0008969704580963501
20398,0.9703815787916439
20399,0.003843682760827038
20400,0.11199078348218768
20401,0.798189503894538
20402,0.9229410286152878
20403,0.023619044054147467
20404,0.007421949427048327
20405,0.004273896303195586
20406,0.00836122495102974
20407,0.26229769174090317
20408,0.4458661658074075
20409,0.5134167366412362
20410,0.7439033525270773
20411,0.04397579342091746
20412,0.0052714666151572965
20413,0.09667556791188668
20414,0.9643709034436333
20415,0.9600195629755601
20416,0.040168433677936745
20417,0.013741646829363841
20418,0.010279468137006005
20419,0.018700544521381486
20420,0.02323668778506539
20421,0.14127138102905998
20422,0.002573939331645832
20423,0.046687703288197366
20424,0.166126759258662
20425,0.0033748784817881346
20426,0.9351916064531341
20427,0.0010355615644155958
20428,0.9927484387825475
20429,0.1241687593156127
20430,0.0021931284839072952
20431,0.014321598080309432
20432,0.07829292417403073
20433,0.01460779367982128
20434,0.052154986700719094
20435,0.0006357373399218083
20436,0.0009827850467517495
20437,0.9735793590976608
20438,0.966024434262126
20439,0.061597230654496654
20440,0.012849103010955333
20441,0.04616672014518971
20442,0.001077992689903875
20443,0.27437013006911315
20444,0.16813274699592767
20445,0.12695179743844712
20446,0.0035978379481843743
20447,0.7910924703840837
20448,0.2185108042632567
20449,0.8062082922783034
20450,0.8274116070280364
20451,0.9837673783041873
20452,0.08564050765290386
20453,0.003913642048035111
20454,0.04518316815906204
20455,0.008494559460761974
20456,0.004660497114108557
20457,0.0007174085445231339
20458,0.12838663554099627
20459,0.8573409250663155
20460,0.12377953375885234
20461,0.028513442740622886
20462,0.004121649180757677
20463,0.09253347340154805
20464,0.001680541044451267
20465,0.007536708348423191
20466,0.007104877077329119
20467,0.947474866890792
20468,0.010701763735053701
20469,0.34683297249570366
20470,0.0032600064624645694
20471,0.4613563892986903
20472,0.02921063137602196
20473,0.01551227998577155
20474,0.0013846351684818805
20475,0.0022548664922542785
20476,0.04167756775129325
20477,0.9460913114795225
20478,0.1511829990140801
20479,0.22091727558326285
20480,0.1331652395672326
20481,0.16173808440744014
20482,0.2722125253484152
20483,0.01155081008803873
20484,0.007652260108942577
20485,0.001745057233498934
20486,0.015587275407421148
20487,0.7994107893286257
20488,0.002441105968985004
20489,0.25295863679148584
20490,0.9929473868160946
20491,0.04137803902090165
20492,0.03579952104142696
20493,0.006168250138143067
20494,0.0566640562146302
20495,0.0016594795197957084
20496,0.005756624468684539
20497,0.003135139744056952
20498,0.10934087322704075
20499,0.6526184305298814
20500,0.0027812722472300446
20501,0.0019507591003955229
20502,0.2931923908638017
20503,0.34273446375361905
20504,0.03634873271516994
20505,0.979693594679654
20506,0.004992571304244627
20507,0.11278690008696009
20508,0.3440232889895962
20509,0.9619004671994406
20510,0.06870272116926429
20511,0.001531543529865493
20512,0.9685881516954654
20513,0.5023492624187379
20514,0.014669110265420008
20515,0.77615300332206
20516,0.004409211160528685
20517,0.02465792412992649
20518,0.002400686586415472
20519,0.01173363460356059
20520,0.008629755174142842
20521,0.8651627190503609
20522,0.002771419191799315
20523,0.096994164516705
20524,0.035695510602612224
20525,0.029388459283134542
20526,0.004375880899819559
20527,0.053090173219904814
20528,0.014494323965977126
20529,0.19988570429690022
20530,0.009356067588049303
20531,0.06532525196620832
20532,0.15394537363416166
20533,0.014873569888979676
20534,0.0022426374010265553
20535,0.032372970290219946
20536,0.0015007610757220085
20537,0.834162016170544
20538,0.06422429985159678
20539,0.007666736118238966
20540,0.3907325283373289
20541,0.0028598056993312366
20542,0.04748309205186544
20543,0.16641104501550183
20544,0.7281020253146743
20545,0.04602461311258585
20546,0.0074506186003815865
20547,0.06611416617392313
20548,0.7908766636232439
20549,0.034436505353120525
20550,0.04833609885454749
20551,0.005489362284193778
20552,0.35624228305580413
20553,0.005471083365791333
20554,0.06773740573263551
20555,0.035714038063885775
20556,0.09314826162507536
20557,0.24928736140206498
20558,0.003661554928101995
20559,0.0006957597939173746
20560,0.022228709680545338
20561,0.0015264310688126903
20562,0.01005262923295909
20563,0.0035135464628391795
20564,0.02379883355498423
20565,0.04751028053435386
20566,0.1723057302604335
20567,0.038913193841931405
20568,0.0076829188589341915
20569,0.04640790704936987
20570,0.07470692532776499
20571,0.0010752482777900785
20572,0.08966739587152052
20573,0.0055804276196993515
20574,0.1197384248208215
20575,0.02902670330026489
20576,0.1728379891794956
20577,0.3223832193210599
20578,0.7736718142891285
20579,0.0034877911081179656
20580,0.0008309747573848386
20581,0.10145908096809247
20582,0.03851824152174465
20583,0.7162219358359392
20584,0.002774207404642225
20585,0.013045616111798577
20586,0.005911402875613241
20587,0.014417097521678433
20588,0.014850267562565923
20589,0.6382033057286409
20590,0.3193140892558162
20591,0.004682058523445471
20592,0.7403165090971456
20593,0.28030027193503676
20594,0.0439613053627373
20595,0.00954730908636168
20596,0.33693185189307623
20597,0.016128279452428774
20598,0.6045676581021587
20599,0.06251922760770742
20600,0.7298169757572273
20601,0.00477755608048616
20602,0.6285720045658802
20603,0.08551646080598738
20604,0.010593412294107459
20605,0.008257689690426593
20606,0.23221056151768077
20607,0.006685482364042873
20608,0.9869599471239514
20609,0.9226489651709353
20610,0.3281675539290753
20611,0.020973528693324927
20612,0.0034210428555974674
20613,0.20713752634017646
20614,0.873183193411883
20615,0.6181257418786221
20616,0.15528854476941856
20617,0.010259782510439887
20618,0.019342782659156423
20619,0.002086095376778392
20620,0.22019133387889128
20621,0.00992156051579586
20622,0.0009546870579406874
20623,0.021161605206747754
20624,0.6211979126102402
20625,0.08090485355493979
20626,0.00500055421244856
20627,0.014542933003711893
20628,0.14397347193466692
20629,0.8555146532357467
20630,0.06020344718464461
20631,0.01568534183912022
20632,0.02367231329700259
20633,0.0014249670073494935
20634,0.8482006084075083
20635,0.009009107321497655
20636,0.0025386153141116453
20637,0.2518788761625431
20638,0.23399761387991228
20639,0.022438068073842937
20640,0.28045494571900514
20641,0.027558356071794
20642,0.005948243307276265
20643,0.01325480620578444
20644,0.6424415704356458
20645,0.0707661552378115
20646,0.002526660947315377
20647,0.06892820151155361
20648,0.017408578703070342
20649,0.03015036982665053
20650,0.03228032216008317
20651,0.028783856908368755
20652,0.1759688006847785
20653,0.11566685808167297
20654,0.4664996529831581
20655,0.00790591199745262
20656,0.854730149892001
20657,0.20861647119360974
20658,0.019017838119109048
20659,0.9444572045258963
20660,0.11101240325652267
20661,0.011880747260552767
20662,0.0013460770748944272
20663,0.08387755754516334
20664,0.008106764216092454
20665,0.03793720000405171
20666,0.06903699364687801
20667,0.01622114405873026
20668,0.012805196641500491
20669,0.14550546223839866
20670,0.9564423000779618
20671,0.00580521747365116
20672,0.9666631331595271
20673,0.05437910634385285
20674,0.001180231208879507
20675,0.0020617621731386752
20676,0.04149911677020903
20677,0.030738788828674656
20678,0.013607659571662168
20679,0.011808034919467088
20680,0.4396357081352554
20681,0.002634581769217428
20682,0.5555510959376506
20683,0.5203222184652861
20684,0.012142258675165819
20685,0.09024227337290888
20686,0.01171724392548036
20687,0.019111216936798462
20688,0.8501227296391841
20689,0.6189594643826816
20690,0.00292043521488864
20691,0.0011425698836998943
20692,0.5082689226178587
20693,0.08336570524970532
20694,0.002703430777549158
20695,0.012059546881034534
20696,0.0011430962676612817
20697,0.9931759342444566
20698,0.018107284434640044
20699,0.001842751851224921
20700,0.0023853264743151667
20701,0.41973867028383943
20702,0.009549332630270092
20703,0.9321686509898381
20704,0.004521368291305798
20705,0.2263022317194446
20706,0.006934453590983864
20707,0.00814620478631752
20708,0.09924753505584098
20709,0.03834178340915172
20710,0.09904745809412671
20711,0.019640356036529277
20712,0.3130570965180467
20713,0.8810429344062632
20714,0.9177388685473032
20715,0.00816430266118883
20716,0.1141860616957581
20717,0.18770065874556133
20718,0.19431217127038436
20719,0.0010375314850557856
20720,0.174749553848613
20721,0.08409617103163351
20722,0.08811686778428324
20723,0.014591142053522035
20724,0.014735622556516894
20725,0.0036765475620336523
20726,0.00950579710299371
20727,0.9748133272984679
20728,0.039540405985706004
20729,0.007024331346340793
20730,0.018338641678475067
20731,0.1425017395367087
20732,0.047300287251141486
20733,0.9557546688793613
20734,0.05918400491272839
20735,0.6799538742500589
20736,0.0019284595683996485
20737,0.7499595854771913
20738,0.8602562396957727
20739,0.021722666833325258
20740,0.00794482403788501
20741,0.6518613114956803
20742,0.008578894409855164
20743,0.045835631398466053
20744,0.37567273917327854
20745,0.8657977957724893
20746,0.026168845206866898
20747,0.03636567147136431
20748,0.022003576078239
20749,0.00509721914787961
20750,0.35273428949191354
20751,0.9885132181049143
20752,0.0027011894237497294
20753,0.5253096107074218
20754,0.1081121548575642
20755,0.11254037464452961
20756,0.12522256955708017
20757,0.033172122185522755
20758,0.07135871119956745
20759,0.10622765300819433
20760,0.01017582799555051
20761,0.03819128482004981
20762,0.27794776926118603
20763,0.005666409860830923
20764,0.8570377864164513
20765,0.22102572128229553
20766,0.05603749005280296
20767,0.630596664919493
20768,0.001326899002376639
20769,0.018062317414054892
20770,0.005135079742422673
20771,0.05586257195489351
20772,0.003138699830461302
20773,0.001054377033982602
20774,0.01819812536574364
20775,0.01392675524809147
20776,0.04916758658507926
20777,0.0072354841947108155
20778,0.020198887742331792
20779,0.8642691904819216
20780,0.9262258490361033
20781,0.0619237445322861
20782,0.02174719264534242
20783,0.6902256906078833
20784,0.004415864944108184
20785,0.005294788792904774
20786,0.9793461693097425
20787,0.0640882112050575
20788,0.4671982032266426
20789,0.6455106382968564
20790,0.02987446883157543
20791,0.5008111079431947
20792,0.0031890253619916166
20793,0.002154235623465365
20794,0.0014752364495197855
20795,0.05156836656200498
20796,0.6246833725383023
20797,0.3434406021681442
20798,0.02969650803777347
20799,0.05043679983862985
20800,0.89954137531471
20801,0.6304344175415177
20802,0.14450730033428694
20803,0.9093491123634546
20804,0.23008546494805704
20805,0.05615232185230204
20806,0.4288470492074406
20807,0.015460161718124456
20808,0.00951337058011938
20809,0.17004954307387096
20810,0.0647845450877772
20811,0.08255997499694494
20812,0.03284773596045509
20813,0.0026808692099262923
20814,0.042291373871201944
20815,0.6271653213542
20816,0.059093710989670915
20817,0.0008242340975046
20818,0.0006093844533371126
20819,0.015625058078409665
20820,0.12800219270930324
20821,0.7589168878817327
20822,0.10146614624106023
20823,0.00311430490601566
20824,0.024256362787689698
20825,0.2443618121131507
20826,0.02709352104732157
20827,0.12620178737558752
20828,0.12311420274997505
20829,0.13748475272856597
20830,0.6663772693348105
20831,0.11234846326357283
20832,0.03066501059223038
20833,0.8852300133484499
20834,0.5951695224383613
20835,0.007211530903430736
20836,0.9510614812002838
20837,0.01539607879983457
20838,0.010951805903726101
20839,0.05901269935446389
20840,0.0049953409067213655
20841,0.06522891283616455
20842,0.1539109529064978
20843,0.007185530841575141
20844,0.0198436366005653
20845,0.7180164872681207
20846,0.001378862419954448
20847,0.033974896822256684
20848,0.010559088650477418
20849,0.015505908802664038
20850,0.014120365079729049
20851,0.06960010992133486
20852,0.9791896304239452
20853,0.03973110301305149
20854,0.002405214091057237
20855,0.20924429014844445
20856,0.21646532754964337
20857,0.4861216249219438
20858,0.9755274852972285
20859,0.019908987008730672
20860,0.14301371204242322
20861,0.02542042505125648
20862,0.18339208979248206
20863,0.3784826672705653
20864,0.017905953915691396
20865,0.06226434779144475
20866,0.011978672654534086
20867,0.004460925354242338
20868,0.9627520176842668
20869,0.0016196376587205887
20870,0.0039040163681167313
20871,0.0011547030337746038
20872,0.007150502678035814
20873,0.004843778785348727
20874,0.9158521731829238
20875,0.1330578106345952
20876,0.0546644592464263
20877,0.13242787537516298
20878,0.01677440889721667
20879,0.002637521900194455
20880,0.020472880696326305
20881,0.08063458325842997
20882,0.5443049507822237
20883,0.0292087916566454
20884,0.0023878783522820815
20885,0.029226335929227895
20886,0.21171517355578404
20887,0.006136875869910831
20888,0.0637451049124482
20889,0.02006580426492455
20890,0.183973654024374
20891,0.020383922403312802
20892,0.1757511155201962
20893,0.6800869393709431
20894,0.0205064471513446
20895,0.05385836319400352
20896,0.8816459036847448
20897,0.002115789365734413
20898,0.15714660649954598
20899,0.15067849104255407
20900,0.01566090063488089
20901,0.018335175834483845
20902,0.1934284359069731
20903,0.7844552978842925
20904,0.005586135068324577
20905,0.03475333653401189
20906,0.06585117692805623
20907,0.017706902417548305
20908,0.0005443098349571478
20909,0.008017922983562503
20910,0.22245840432112898
20911,0.49638994251651236
20912,0.001382063183239553
20913,0.669051813935278
20914,0.2152387639505795
20915,0.01708398038851292
20916,0.003149749353392761
20917,0.023105321044266023
20918,0.02686446674298035
20919,0.0019767801776653096
20920,0.03762441817086107
20921,0.0008999963510962044
20922,0.877639155762867
20923,0.0018432051193887336
20924,0.9434539629577019
20925,0.041384613426366464
20926,0.9931132775595456
20927,0.01541797790425791
20928,0.15489113016858108
20929,0.33917954980751
20930,0.026132596738520423
20931,0.009099581623450249
20932,0.0013967684227435967
20933,0.00345635583988001
20934,0.014746022278048262
20935,0.07009301616179178
20936,0.9690706725288764
20937,0.0025063664729578577
20938,0.04857089662149002
20939,0.005839058307827359
20940,0.32820647661570623
20941,0.006021113025606261
20942,0.024668473816959427
20943,0.10719643434264074
20944,0.8671549695323668
20945,0.006839623757558538
20946,0.9694573782469529
20947,0.016821818662986623
20948,0.025765737954507366
20949,0.12341233152510173
20950,0.008406102711772853
20951,0.013640211138658417
20952,0.8918067079549887
20953,0.08181338845537069
20954,0.022987818427692246
20955,0.020157313902772898
20956,0.020780983977957326
20957,0.01612209176604434
20958,0.017185905718899414
20959,0.8247963396562081
20960,0.10102113806167894
20961,0.06430212896866254
20962,0.05392062439958123
20963,0.0060244041906553905
20964,0.1440711351635077
20965,0.013556066950635083
20966,0.2527876308491816
20967,0.1461361825399797
20968,0.05170466360793189
20969,0.009372356017796112
20970,0.0019580894220609093
20971,0.018632783458528507
20972,0.001744571111641177
20973,0.015221402043322802
20974,0.0035221730234966183
20975,0.189988848225093
20976,0.002217639412828011
20977,0.10218696814190172
20978,0.13793933154786137
20979,0.011208337451021946
20980,0.16943545407428695
20981,0.02015683714554343
20982,0.002622463849690833
20983,0.04318722870194472
20984,0.0029034730489734136
20985,0.009965480615208782
20986,0.10371298887307723
20987,0.9879353161892376
20988,0.9023297401091994
20989,0.076199249814297
20990,0.49820852076109556
20991,0.9542344877498113
20992,0.21746328836265832
20993,0.0021765480687693695
20994,0.01662963418173118
20995,0.0157115504019635
20996,0.03364949615842092
20997,0.11440141535168379
20998,0.3417368272799299
20999,0.006214646560703793
21000,0.9894066008461166
21001,0.010236695858830209
21002,0.7088204686772295
21003,0.0007499852045901197
21004,0.7248140207086291
21005,0.025157074949264627
21006,0.9698296768905033
21007,0.0027158636797732926
21008,0.009364125105753083
21009,0.08267608661568454
21010,0.9743838987467596
21011,0.11345275159342627
21012,0.010414355074783527
21013,0.006702568037968893
21014,0.1596656731532548
21015,0.1364944595362174
21016,0.052070013388598076
21017,0.001691220085536591
21018,0.002197525355090532
21019,0.05532938773243723
21020,0.03556824565960157
21021,0.0223396542312448
21022,0.7359941551341214
21023,0.009691929025971768
21024,0.8418341549835028
21025,0.09881678417111416
21026,0.109364684137024
21027,0.9786355243021205
21028,0.7490958982058965
21029,0.010291876115265396
21030,0.10917384067855841
21031,0.7488375326782298
21032,0.03533509471737208
21033,0.9262213015700346
21034,0.9592539222649258
21035,0.010927548918564026
21036,0.9349178457330116
21037,0.22759880493022192
21038,0.005813904080997709
21039,0.9737947247196537
21040,0.01226356511206234
21041,0.06196322492707047
21042,0.06505764859910512
21043,0.01615927010278072
21044,0.7917306484014272
21045,0.016826701699180543
21046,0.3611118866387278
21047,0.9652365159766022
21048,0.01084606726923168
21049,0.9773779577658286
21050,0.0023336681651847796
21051,0.319661102382789
21052,0.0048548058807025415
21053,0.03867704856927789
21054,0.6119289429718614
21055,0.010656718169801342
21056,0.04636633528024577
21057,0.9909770998083398
21058,0.0021730333311551333
21059,0.8937813807800489
21060,0.9128206506478126
21061,0.1558103116904503
21062,0.002655715981312892
21063,0.012753700364029797
21064,0.684301883288653
21065,0.23245079637101557
21066,0.002900260334196646
21067,0.002700118886691551
21068,0.11902645507310335
21069,0.036666676755279376
21070,0.020745772451953495
21071,0.6022243479354904
21072,0.005633171228546654
21073,0.2434379640128632
21074,0.011391199012451251
21075,0.028016323824079772
21076,0.011924631515116479
21077,0.15357525391314308
21078,0.37160064527306014
21079,0.9516722132196112
21080,0.03909700793213114
21081,0.9550259995921403
21082,0.044123317554823974
21083,0.012668539147295377
21084,0.3596120312607061
21085,0.002487693259769507
21086,0.10426109330267852
21087,0.1682123499182152
21088,0.1969654992326268
21089,0.16524362912481713
21090,0.047581637455098275
21091,0.004605128098028535
21092,0.281995797918227
21093,0.0018527954310245769
21094,0.007976370508155979
21095,0.03582394038112814
21096,0.0021048921900775797
21097,0.02556581660549092
21098,0.014567164111083256
21099,0.03837031656414106
21100,0.06143383002878763
21101,0.005327941431443774
21102,0.008050270992666808
21103,0.06104827052229337
21104,0.12057399721307883
21105,0.002328573428936891
21106,0.6428983291761216
21107,0.06314441990742971
21108,0.17412243246526582
21109,0.9370810193996463
21110,0.762080638264518
21111,0.988814817623512
21112,0.0015068113873441139
21113,0.00933478306409768
21114,0.9738358202168858
21115,0.24954848992813206
21116,0.9895422340348321
21117,0.05072383023065858
21118,0.002010433938911961
21119,0.9795811925669161
21120,0.0010299436052008293
21121,0.22546802400836236
21122,0.05470373269227776
21123,0.043009609339854454
21124,0.019509709563484138
21125,0.05644351475084788
21126,0.0020754552270373914
21127,0.04819738054670482
21128,0.00164569365668351
21129,0.009538198660786765
21130,0.8488959200206582
21131,0.6256878657126348
21132,0.12303175479642284
21133,0.016175156661489356
21134,0.011646580152394342
21135,0.952642693775891
21136,0.03805163772465898
21137,0.002975449890037994
21138,0.005585353015503772
21139,0.02150820259117747
21140,0.7912402940543958
21141,0.004917254411689339
21142,0.007731745682215461
21143,0.07766352771699125
21144,0.007418279243525524
21145,0.012749043891514203
21146,0.06868355308293127
21147,0.3638526092584531
21148,0.3281708995366922
21149,0.007055598853885242
21150,0.01139056486925165
21151,0.9340146650779575
21152,0.012578089753265558
21153,0.4280970276188992
21154,0.007737397309961176
21155,0.022235054475801538
21156,0.7260809809187455
21157,0.03878890494177446
21158,0.22307824860430173
21159,0.004883564295416813
21160,0.00804856052538574
21161,0.002190145410332861
21162,0.016121641549917957
21163,0.8914399005203935
21164,0.015892753877719004
21165,0.1831365850068379
21166,0.9472516194280617
21167,0.042981043053811424
21168,0.01219654318373112
21169,0.4682583437831508
21170,0.49182863455729403
21171,0.19128047243692917
21172,0.06821375434326975
21173,0.005475181648425818
21174,0.9747165548533775
21175,0.28531623641205045
21176,0.002187543941819987
21177,0.7884317891177209
21178,0.4010003769375481
21179,0.002555013825695034
21180,0.9049670972387083
21181,0.014747144828631324
21182,0.004495327282949177
21183,0.02180619710469081
21184,0.8655601360405301
21185,0.1222405832441733
21186,0.004094282528849485
21187,0.0013918236338567316
21188,0.005127650252917311
21189,0.003414243831657662
21190,0.009381636847231513
21191,0.8139907436850898
21192,0.04001319418709889
21193,0.30470230604181675
21194,0.950386194636981
21195,0.00902512398079883
21196,0.18256199574071788
21197,0.0035066662538838665
21198,0.007218445696863345
21199,0.5623922081106282
21200,0.008880234540308521
21201,0.008670495744526831
21202,0.0070773919255275285
21203,0.05663362976251005
21204,0.015714319848207085
21205,0.0009557414195314641
21206,0.9104058635161847
21207,0.0016987237649570529
21208,0.026828647503854424
21209,0.9341785284545044
21210,0.18167490368717637
21211,0.9758506824827304
21212,0.0016509377030758923
21213,0.6871453200494532
21214,0.08550702984900978
21215,0.06522072897741864
21216,0.36582966815738643
21217,0.17737336793298872
21218,0.004177105579398294
21219,0.004448566687054741
21220,0.27494428132558063
21221,0.008921004122844958
21222,0.005429466657384939
21223,0.018884772432779348
21224,0.4157299409641007
21225,0.004609353672808199
21226,0.28819553885704097
21227,0.01098419154678467
21228,0.9592746414360105
21229,0.9435424966268221
21230,0.39910062621830394
21231,0.841022133908904
21232,0.05220278628975195
21233,0.1664761713507726
21234,0.014351688161394907
21235,0.5581385633714566
21236,0.7149203705549315
21237,0.0009824682272909805
21238,0.008080393033945654
21239,0.01945287112004163
21240,0.025135966949572437
21241,0.40116047211695255
21242,0.9732385123986256
21243,0.23728243443302371
21244,0.015141915047326199
21245,0.972413539329481
21246,0.002312376803007161
21247,0.011769765738211624
21248,0.038784701925076805
21249,0.9935681411692516
21250,0.0030001539346696904
21251,0.004337348935756792
21252,0.14212649757854867
21253,0.005878125661958698
21254,0.005932940778920809
21255,0.05716570170239567
21256,0.03644397129459157
21257,0.787366201377915
21258,0.12804773253569537
21259,0.02261255035435005
21260,0.06555412760706233
21261,0.012801870728996233
21262,0.01235625355710211
21263,0.08015311761949405
21264,0.004591352161826808
21265,0.028170056815495125
21266,0.0006663417706785024
21267,0.020050453231361776
21268,0.9801289787240527
21269,0.2874042399426111
21270,0.31388468903716016
21271,0.14885586977983042
21272,0.27704021702423814
21273,0.003961158046362116
21274,0.002698897481827742
21275,0.15921758381065285
21276,0.003460036705980282
21277,0.017348662201622126
21278,0.7331998319079299
21279,0.1527694755433768
21280,0.07528226495970353
21281,0.006951596914088889
21282,0.3803016772810436
21283,0.13340030567067962
21284,0.970213076650736
21285,0.02239798346697889
21286,0.37456421585622385
21287,0.0019280990686865991
21288,0.02398256833089002
21289,0.004445996916882715
21290,0.35155819697492097
21291,0.0020232808227088044
21292,0.9303531781010487
21293,0.015765878766547232
21294,0.08140260696776568
21295,0.6389858721732253
21296,0.001044833353048691
21297,0.983931772086099
21298,0.11131839800118663
21299,0.5051054920072172
21300,0.15567521816414154
21301,0.9772492684457383
21302,0.9591012655449632
21303,0.002652114298873673
21304,0.005319496036150633
21305,0.00602402413618539
21306,0.013436748762467435
21307,0.0014223827718749668
21308,0.19339178601799284
21309,0.15979833139329822
21310,0.005238816157187247
21311,0.10658372800281114
21312,0.5766754648742242
21313,0.014952141332716034
21314,0.11404540785260094
21315,0.08785128351053001
21316,0.5503794973147823
21317,0.29713229642091205
21318,0.6636626589930288
21319,0.00822615771406523
21320,0.02101857147839296
21321,0.0024489530862157154
21322,0.033399713740163185
21323,0.991141783492084
21324,0.013037187265777553
21325,0.01115518548434633
21326,0.7555344027165183
21327,0.0015044968230630944
21328,0.01950500525552948
21329,0.029402963891809977
21330,0.0008806525668954995
21331,0.0008084696732269082
21332,0.18685017321990063
21333,0.0007720489982392321
21334,0.8295990290568028
21335,0.6709247873140476
21336,0.013619919984155087
21337,0.25270517602879927
21338,0.7182296508610457
21339,0.21996180387327507
21340,0.029587184553143353
21341,0.006918028148349454
21342,0.0690137475116329
21343,0.023194246331900134
21344,0.013058966682336378
21345,0.013077107021474207
21346,0.003760940551230306
21347,0.011684220016698983
21348,0.9945370426709661
21349,0.0027141059136886123
21350,0.02877073681442926
21351,0.9087640661053628
21352,0.0030002564865809736
21353,0.9773932417086891
21354,0.0015383341655039588
21355,0.07996591000768398
21356,0.0064534754284193445
21357,0.0029454012741474637
21358,0.7815890311094438
21359,0.8126038830929474
21360,0.2436726103177897
21361,0.9936565068674758
21362,0.02527520522805327
21363,0.05060165544367934
21364,0.006828340356060421
21365,0.02397570615630401
21366,0.011878215262757882
21367,0.3845835440424743
21368,0.9799062168073837
21369,0.0023335419701852127
21370,0.7456626078959401
21371,0.9819684868591037
21372,0.0306639831474877
21373,0.0012329955148656375
21374,0.024008363301848183
21375,0.010743169176378783
21376,0.6448776706468226
21377,0.07538901258862475
21378,0.9231805995621307
21379,0.2909117157046233
21380,0.6829258103276299
21381,0.008794896086900577
21382,0.04334562190361855
21383,0.0013625573742624374
21384,0.001951549166260513
21385,0.1949912003037124
21386,0.9570166692332837
21387,0.13624660240268416
21388,0.38384416127748
21389,0.057306208622251026
21390,0.0021007704345706395
21391,0.02106537837379619
21392,0.006054700734750957
21393,0.0021654713603349615
21394,0.10495237609349724
21395,0.6697595085483434
21396,0.09840280137226343
21397,0.969903603196203
21398,0.0010034429174565116
21399,0.11755827314822369
21400,0.6650035650553795
21401,0.0010719505840346634
21402,0.005407465564926771
21403,0.10313648295287749
21404,0.015496679013059367
21405,0.0024365357808965376
21406,0.002038661647351514
21407,0.015169770400232232
21408,0.020786681881460982
21409,0.016289552940008705
21410,0.0735397923505107
21411,0.3777131978307519
21412,0.028519716406751734
21413,0.02021565316310445
21414,0.005588598460411021
21415,0.006796785954902953
21416,0.06109771508315903
21417,0.07033589792445478
21418,0.05618584010825406
21419,0.016923968278076323
21420,0.004856516832816066
21421,0.35920513582042013
21422,0.052876806794088634
21423,0.0024749992483096605
21424,0.16186676434828176
21425,0.7165086991041064
21426,0.3800628921438548
21427,0.06536196287427189
21428,0.027322466052419773
21429,0.5346528009657184
21430,0.0025987844199023996
21431,0.02052274419672369
21432,0.5803169600610817
21433,0.0026251645676190465
21434,0.012707852843229872
21435,0.0038253752219210404
21436,0.04551757703203066
21437,0.12454056257535177
21438,0.0010866026306978356
21439,0.3351145684947282
21440,0.010223460334559021
21441,0.01462706570591344
21442,0.0045236332311845975
21443,0.02824012749409572
21444,0.0012542472929689761
21445,0.03515311838520181
21446,0.010419517011332667
21447,0.02180460562104285
21448,0.10697815000244758
21449,0.02474131853844654
21450,0.06661475395607616
21451,0.6928812598466216
21452,0.7785720956733387
21453,0.06652866188180447
21454,0.014504567814644032
21455,0.6727139408349507
21456,0.022173581394027805
21457,0.0075082935334502806
21458,0.3500764941086327
21459,0.1664717077939209
21460,0.0116446446150002
21461,0.022295753784095478
21462,0.9842086697585726
21463,0.014508023144583247
21464,0.05898470668908518
21465,0.18445165337022754
21466,0.02397113506115757
21467,0.8619525339120209
21468,0.007217107353238131
21469,0.0615056248905791
21470,0.20763105132246334
21471,0.019916802247547712
21472,0.41120293316216616
21473,0.0026435897115093
21474,0.8921041498009652
21475,0.008118116491345197
21476,0.0008353140469114156
21477,0.0066786921927212
21478,0.012136403981480895
21479,0.9620350260560432
21480,0.020531443449864486
21481,0.006236099335014325
21482,0.024357707300691592
21483,0.6950214954260997
21484,0.03007978115720658
21485,0.019685999964965173
21486,0.0312493137237538
21487,0.043378459741582734
21488,0.5504754410013121
21489,0.03273543742110204
21490,0.0039660675273999
21491,0.004631546592353399
21492,0.061701158347200954
21493,0.5477797872671076
21494,0.022438764101126656
21495,0.15636430944420146
21496,0.01707819673893215
21497,0.0019801173801330327
21498,0.02161833736508324
21499,0.13355520839651094
21500,0.1461573459261734
21501,0.06880565959087791
21502,0.05114926961129362
21503,0.09409822253545819
21504,0.07370728314575488
21505,0.6871418001352295
21506,0.02442118704650034
21507,0.012106577762710105
21508,0.618791237829605
21509,0.0018024735898471292
21510,0.7350912305745305
21511,0.6412335911241147
21512,0.008527714421105453
21513,0.043171610940868195
21514,0.013126540476202691
21515,0.04227107762279655
21516,0.5305448083473384
21517,0.07428201730024248
21518,0.007591537903702931
21519,0.013194146784494983
21520,0.006216832024237836
21521,0.016620597141205697
21522,0.006706920565317428
21523,0.08975777024432716
21524,0.0034438542980828103
21525,0.07067737864602791
21526,0.8026258254800109
21527,0.0010616856993417199
21528,0.008727677773538774
21529,0.01707460783157424
21530,0.3016500992564947
21531,0.1258253023291285
21532,0.6288254892774892
21533,0.0008969630468095417
21534,0.05828746512568195
21535,0.17017951036012355
21536,0.9230327987264805
21537,0.14363739853502266
21538,0.0009592297561141749
21539,0.7483696543773168
21540,0.03954177812174968
21541,0.05035280919418989
21542,0.19866043762769672
21543,0.39090380248704665
21544,0.040116698871939534
21545,0.9655126892175936
21546,0.2696205508596674
21547,0.0017160636836307133
21548,0.017313345771349974
21549,0.12098885259308483
21550,0.926120880692237
21551,0.1442524057491785
21552,0.04810275804947845
21553,0.006740526815171627
21554,0.00838170005126204
21555,0.18026304857489422
21556,0.05098074698454539
21557,0.0046152207318557745
21558,0.12357716204191119
21559,0.8674419615244395
21560,0.0012993226246762264
21561,0.023498842291662464
21562,0.0060173776528320184
21563,0.0666611537105945
21564,0.0016164271635792555
21565,0.001789168248335162
21566,0.033361095032316296
21567,0.0017248081151994565
21568,0.11544637875963085
21569,0.017707834766568866
21570,0.5967229854605446
21571,0.0056563951377263996
21572,0.8474896570840686
21573,0.03664878654875454
21574,0.001906060093596841
21575,0.9696056098602699
21576,0.5798348908148917
21577,0.20814776566441
21578,0.028621048007150072
21579,0.02207223744051218
21580,0.008475512800015045
21581,0.2600472312526361
21582,0.031787833824053174
21583,0.18883735149734723
21584,0.016322640239805338
21585,0.046505416526470854
21586,0.795045194892861
21587,0.01993774674480939
21588,0.4726699623063086
21589,0.012247624585838737
21590,0.24562497947761305
21591,0.1489322685855514
21592,0.01648771935991922
21593,0.9157926407461008
21594,0.006325952912212111
21595,0.004181992589498776
21596,0.03210719611128102
21597,0.039403626824659
21598,0.8674663692257711
21599,0.0016992426009531162
21600,0.6038802052228388
21601,0.042624238985561315
21602,0.14995644170118594
21603,0.9721910760592161
21604,0.02451936472784968
21605,0.08466193210311723
21606,0.003675316656338404
21607,0.02640057329306687
21608,0.06721614964281386
21609,0.5290493029687857
21610,0.040559593933657524
21611,0.2296733859419971
21612,0.025089213527785002
21613,0.012303307494856626
21614,0.3207907643370053
21615,0.020192205685432865
21616,0.1633395999506838
21617,0.7935042566814489
21618,0.00561007870256894
21619,0.5805522648983164
21620,0.00889999975575595
21621,0.015402246677645611
21622,0.8513837343874696
21623,0.0575291510456368
21624,0.3609317995454283
21625,0.43414753189570415
21626,0.1790200135900604
21627,0.36894942065905245
21628,0.07477258008717018
21629,0.019398873929792226
21630,0.001226699711633696
21631,0.02752409928214183
21632,0.7167300151544883
21633,0.014847289028905225
21634,0.1967942969310634
21635,0.0015681551678928278
21636,0.04208354968225196
21637,0.005238822075137505
21638,0.027645288850831937
21639,0.9742428449078361
21640,0.8426178865404317
21641,0.24071682691148777
21642,0.008378960085111808
21643,0.031175453047310734
21644,0.008813963643441987
21645,0.007414072477944385
21646,0.1102812316349504
21647,0.014990146991483985
21648,0.988461145144436
21649,0.04496049134912678
21650,0.08613738085090283
21651,0.21660965721937955
21652,0.008135406764194967
21653,0.19772894196755753
21654,0.0034572883800936902
21655,0.025906030943483954
21656,0.03314380606794882
21657,0.012905317985627754
21658,0.0029659999687627055
21659,0.0010332356932244951
21660,0.08594041689388586
21661,0.041358184150554825
21662,0.49147448870507404
21663,0.04938277431116825
21664,0.1806577220192286
21665,0.006938819489797056
21666,0.16007309472871734
21667,0.015261845855289367
21668,0.002845561977167238
21669,0.021217102686849773
21670,0.5161135002205026
21671,0.015809379101265775
21672,0.16614592629431718
21673,0.36915300226947123
21674,0.03516209643513096
21675,0.7428769895263249
21676,0.022230789253884217
21677,0.030942990634444514
21678,0.24945854607543821
21679,0.0025078955730382458
21680,0.27833308274824103
21681,0.0064728776828095105
21682,0.0031498273789100457
21683,0.1361584634216664
21684,0.40050826341107587
21685,0.3490900828181269
21686,0.013998366841759525
21687,0.0006764606132350757
21688,0.007103362169752543
21689,0.6775047346544116
21690,0.6620917508942099
21691,0.022722633951222003
21692,0.3657622394160004
21693,0.0025191620418671956
21694,0.15814756085962034
21695,0.007524496784737757
21696,0.003786321589525917
21697,0.013308813012180646
21698,0.01544921328392064
21699,0.009025079703701613
21700,0.808872255646988
21701,0.11675375108495993
21702,0.12806838497620993
21703,0.017750143006221717
21704,0.06381422717762793
21705,0.07392495466633814
21706,0.2702342561328231
21707,0.011346914764720004
21708,0.005468079944887608
21709,0.06521058993913482
21710,0.010855928825495671
21711,0.05765124711821481
21712,0.023378251015529934
21713,0.5440991565215414
21714,0.1741874242719301
21715,0.0061555572591208505
21716,0.9905844930865998
21717,0.009308674903393236
21718,0.34511085840397837
21719,0.952792820633473
21720,0.19585409017939076
21721,0.020662701450507942
21722,0.012447048939354036
21723,0.02215237282815319
21724,0.4915298784766267
21725,0.008702938389089634
21726,0.3855798535506836
21727,0.003219799676924111
21728,0.01847109504786599
21729,0.012607154670475452
21730,0.0017252205936155833
21731,0.7315284543875447
21732,0.003193246380555182
21733,0.026463891069835398
21734,0.2604248098067899
21735,0.0632384442545177
21736,0.5953345854956437
21737,0.006165160166923471
21738,0.03846497102728111
21739,0.06332706623230484
21740,0.9506055561455476
21741,0.00043219024654225167
21742,0.007560950192959261
21743,0.7115751895936038
21744,0.40157173411748426
21745,0.058543361665545
21746,0.01706559302105394
21747,0.5981449509393193
21748,0.02244308977821778
21749,0.0015873582429288277
21750,0.01917646925491486
21751,0.001723100812502783
21752,0.24044578792353313
21753,0.012909568142636328
21754,0.9762046401589595
21755,0.00416998469535862
21756,0.225232680909549
21757,0.0032189069750816375
21758,0.8237109689040605
21759,0.06370211321757999
21760,0.288064119529098
21761,0.9417861351849817
21762,0.032310333696876053
21763,0.0035966266353298533
21764,0.9801828377810861
21765,0.006422289231911666
21766,0.834068748420817
21767,0.13059996240348826
21768,0.9918574277233682
21769,0.09035593348316366
21770,0.0441841988249194
21771,0.03169510287762068
21772,0.01783119257106011
21773,0.0034427749950821365
21774,0.0028036036931703393
21775,0.3952376655385452
21776,0.05042850581640396
21777,0.015153800945090019
21778,0.026175835142514602
21779,0.06479666636057442
21780,0.7282469730194713
21781,0.0012892282570080703
21782,0.9154156101981707
21783,0.009055976312854064
21784,0.03767961526954736
21785,0.03270570468707745
21786,0.260578658076171
21787,0.001118982110302944
21788,0.0012972588742087643
21789,0.009210671674099433
21790,0.004009937979471009
21791,0.012854505430755522
21792,0.5219682456694533
21793,0.7547160360582805
21794,0.39874690902557397
21795,0.0041988602623268135
21796,0.4097483894046474
21797,0.9592470601317138
21798,0.04306850141217936
21799,0.9757160009267498
21800,0.6920760973865889
21801,0.01587441297189249
21802,0.005894945734102688
21803,0.06629890666924985
21804,0.3525569136888466
21805,0.9209703170898658
21806,0.21316770425301332
21807,0.002546132416987099
21808,0.9192953686349113
21809,0.6823802633314228
21810,0.005854354506499489
21811,0.9353297531020925
21812,0.0013738075963146891
21813,0.01213267224771267
21814,0.9527548402813023
21815,0.8273591992478848
21816,0.6940056654048451
21817,0.33643466864926813
21818,0.6608246688723801
21819,0.0010642016095520881
21820,0.0021194778991605015
21821,0.044025393587032835
21822,0.027449384992551357
21823,0.015371583354209729
21824,0.0039090894623770535
21825,0.03762712320459517
21826,0.009651785358763564
21827,0.7072232922316077
21828,0.9780026654562827
21829,0.0008106467717473996
21830,0.014411184612010292
21831,0.026892153553324263
21832,0.015888866478132053
21833,0.22870690292588172
21834,0.687521580250787
21835,0.23531744701989804
21836,0.6935251291105549
21837,0.08117080102000787
21838,0.0010754167302064787
21839,0.15308716127802666
21840,0.003837364022088462
21841,0.23099803667086263
21842,0.728145668236369
21843,0.12480065144205907
21844,0.49863628401457766
21845,0.01578393121272417
21846,0.0012475505154105554
21847,0.038383846898218506
21848,0.002129720358777027
21849,0.9394076557743416
21850,0.0019126709612877061
21851,0.28026176520041585
21852,0.9662356897509158
21853,0.0754904054894067
21854,0.04792528104199276
21855,0.005839496348623102
21856,0.020033269336843112
21857,0.006857281413093144
21858,0.006360191499146312
21859,0.009029919810394249
21860,0.26695606213208933
21861,0.003460064528357911
21862,0.0008233830849651981
21863,0.001605686177820633
21864,0.0026862325005895995
21865,0.009571122976892705
21866,0.8543948035045722
21867,0.0011211432636604739
21868,0.003919392688104263
21869,0.19011056958626305
21870,0.0008829443202860112
21871,0.11582312028805848
21872,0.001325673811440144
21873,0.2622352929375589
21874,0.012013685492109938
21875,0.0019314021131321367
21876,0.8278863376253442
21877,0.09568999602576901
21878,0.2647900519560427
21879,0.6751949716033149
21880,0.0035471487831310326
21881,0.05691672631620306
21882,0.004374764564992618
21883,0.002525284447133146
21884,0.9749557964194618
21885,0.00286150197511439
21886,0.026575552808496317
21887,0.5562075977851118
21888,0.3390098112959288
21889,0.008706690843215431
21890,0.9316161448242918
21891,0.01660161112822694
21892,0.8601357279851043
21893,0.009079271805245762
21894,0.9605003629196435
21895,0.04009043880065947
21896,0.007065629972806241
21897,0.009145881414782077
21898,0.7438317742672942
21899,0.7906201333365397
21900,0.008173079685195638
21901,0.0036376739965300383
21902,0.09550286003111147
21903,0.007287951304543605
21904,0.057080906689703476
21905,0.002224476005348773
21906,0.07475511836663562
21907,0.1107494510501127
21908,0.05572457316608048
21909,0.9184689185919931
21910,0.01855046731616622
21911,0.012430206494408487
21912,0.004974303539143042
21913,0.011378774505270839
21914,0.007823136004031282
21915,0.021186753908213195
21916,0.14530711548060793
21917,0.010726012497136833
21918,0.05175529850335261
21919,0.08209550528092081
21920,0.2767552883224185
21921,0.2149888210111611
21922,0.06965864396137939
21923,0.19654005884382025
21924,0.001885393630010479
21925,0.11065204593733101
21926,0.00889359461191639
21927,0.038104375368731874
21928,0.018376868598153896
21929,0.07227862123664587
21930,0.006788123046797382
21931,0.04427091291979107
21932,0.9675013113407169
21933,0.002193100236554919
21934,0.0036225347262797266
21935,0.016456079207929856
21936,0.8479581141399571
21937,0.006926024384691955
21938,0.0019199612198743286
21939,0.0075421822524871975
21940,0.03007758967892577
21941,0.00212354977460893
21942,0.37049679815936676
21943,0.0008327477049768966
21944,0.0013437170089145372
21945,0.005102124702042854
21946,0.018598833107865136
21947,0.006154986821323515
21948,0.0063911947319580786
21949,0.0004899366263473453
21950,0.038364773035253964
21951,0.0018783046477733687
21952,0.016214389965206997
21953,0.8764193634102565
21954,0.19825950408941378
21955,0.5757568226135626
21956,0.4484389786674285
21957,0.029392139680882765
21958,0.04035616563451807
21959,0.9776452436116739
21960,0.0163496602607419
21961,0.09281452840575974
21962,0.003893597648002151
21963,0.1086284413441013
21964,0.052231715856418476
21965,0.0019109416459624972
21966,0.19219120407997597
21967,0.026448407009356405
21968,0.2622056630703702
21969,0.004482358432298312
21970,0.9926313917651864
21971,0.8245862935033066
21972,0.21931191442213782
21973,0.12099571833975417
21974,0.750405323589198
21975,0.014663938129666503
21976,0.003330802547040383
21977,0.07067935515776035
21978,0.029474175599007706
21979,0.001569524383962016
21980,0.02292038501686171
21981,0.06003987263692727
21982,0.5963009597418587
21983,0.03284309303446058
21984,0.2372319624190884
21985,0.9580628001229319
21986,0.9883133814409589
21987,0.9876949252966415
21988,0.001844638469499733
21989,0.029717311385742143
21990,0.0833754389325954
21991,0.008154846238343458
21992,0.0006060579348802749
21993,0.0026684770037615872
21994,0.03334304918252632
21995,0.07539255911041211
21996,0.06601700588749278
21997,0.003054846818504077
21998,0.08546018043131977
21999,0.44983742698297996
22000,0.0012288998841873241
22001,0.4903285406396531
22002,0.5129087298986128
22003,0.011528491309914008
22004,0.007755626293617327
22005,0.42519828385357616
22006,0.9685084733198206
22007,0.37332026224978004
22008,0.38445466377700005
22009,0.006974425902401862
22010,0.17274446617341582
22011,0.9769058461220921
22012,0.007597478937252485
22013,0.26879308157905224
22014,0.006930515224369119
22015,0.004764709058694217
22016,0.022856512543070168
22017,0.12319590131291437
22018,0.07036987205157184
22019,0.03666804578845119
22020,0.10781811874359536
22021,0.0845269270865422
22022,0.720364934556298
22023,0.05793921761412106
22024,0.021787372708385825
22025,0.012214595274681448
22026,0.7822674210935716
22027,0.17770851877708296
22028,0.07619571295208559
22029,0.0034766960245839694
22030,0.01364365890328708
22031,0.0017185427822508576
22032,0.05528032394514353
22033,0.1292897818205526
22034,0.811458226851382
22035,0.11159541963840292
22036,0.11783204486997874
22037,0.2133413836167393
22038,0.07441731266037309
22039,0.08806909648923653
22040,0.005179987448255751
22041,0.2391443824657877
22042,0.007484851767457317
22043,0.03288847493426033
22044,0.04390916661785354
22045,0.26263453837683254
22046,0.013002120180782922
22047,0.1890699165966897
22048,0.02835054511521959
22049,0.01977804289705511
22050,0.01814296523237969
22051,0.023682659675330165
22052,0.01363776815196662
22053,0.009421071424982387
22054,0.049990337097497464
22055,0.13013952469111123
22056,0.49690326700978416
22057,0.43802512878106903
22058,0.012459520828281547
22059,0.7095525107787958
22060,0.0034181677120999816
22061,0.246264198080764
22062,0.01407858859001328
22063,0.3810650408035709
22064,0.023498244736168995
22065,0.007097454205991831
22066,0.49356374347009097
22067,0.05463907708182828
22068,0.018011098643740914
22069,0.0021900543964682782
22070,0.25016218341518265
22071,0.014302874780654659
22072,0.05352581795746369
22073,0.002499169527255845
22074,0.8762590321696395
22075,0.9936814270480331
22076,0.0042508172364616355
22077,0.021006563206762502
22078,0.026148848016231605
22079,0.0006976097607381461
22080,0.0375975280931346
22081,0.003077827671580018
22082,0.9812721095738297
22083,0.788727953383267
22084,0.0011392885234992262
22085,0.7892534091216176
22086,0.015843095878437175
22087,0.0009717215988713555
22088,0.001405752620189828
22089,0.0007059768380538
22090,0.005514968598194914
22091,0.004853723766350391
22092,0.001223862310070006
22093,0.06550636136678156
22094,0.06013191510264263
22095,0.002508813579908436
22096,0.0006467510942091781
22097,0.536558906556776
22098,0.4178455217367184
22099,0.01387878369666616
22100,0.014308858838168237
22101,0.008852778055929711
22102,0.0057821144833521115
22103,0.3520242024317239
22104,0.003182710871920316
22105,0.0013848912987454295
22106,0.004135137159903903
22107,0.04758586400042393
22108,0.7104126931078949
22109,0.14268970133792858
22110,0.022496199931124516
22111,0.2261624450532531
22112,0.010722053398624372
22113,0.8865374470829993
22114,0.03726965130069374
22115,0.5571243173408157
22116,0.03146779844568447
22117,0.10287653616840822
22118,0.06646689908353455
22119,0.002119187542862507
22120,0.005925560495914369
22121,0.1322665627922045
22122,0.11801826465799395
22123,0.880124220359034
22124,0.04115110441442719
22125,0.03463268696882575
22126,0.7854779436412257
22127,0.9404522318208804
22128,0.010462735556589059
22129,0.0784625950965498
22130,0.011045971649763597
22131,0.031429824965999574
22132,0.04331000947008622
22133,0.02096151836266219
22134,0.17710269389588962
22135,0.23211487697220365
22136,0.0006218351034462715
22137,0.977365614829409
22138,0.2087085977782255
22139,0.5218653713905632
22140,0.07616544616783187
22141,0.016057571424206853
22142,0.15445230928128567
22143,0.0392199123386862
22144,0.13774088482560767
22145,0.9206658608093878
22146,0.015749998578677964
22147,0.07592659626400244
22148,0.002550876236521844
22149,0.005330667715392779
22150,0.006753046805816433
22151,0.2562647634657404
22152,0.0011106117314451372
22153,0.01894789866618054
22154,0.035191452268425884
22155,0.005231799705013185
22156,0.14653000131830607
22157,0.0015843795901383604
22158,0.32079256749086227
22159,0.7821975867857404
22160,0.031048605921223178
22161,0.0024634215872210512
22162,0.006049515965414102
22163,0.017090603784465506
22164,0.011078804821019462
22165,0.0206531843282455
22166,0.07572316784728601
22167,0.3831955012501226
22168,0.07297272529838227
22169,0.2830286825923363
22170,0.015524244239223644
22171,0.5703230722141442
22172,0.052920265825538895
22173,0.005878251395519423
22174,0.9266919131504566
22175,0.0038461853543397457
22176,0.002887448062044354
22177,0.31473492576711687
22178,0.00750911454385564
22179,0.004373546669624826
22180,0.005140341925917697
22181,0.004695587076685087
22182,0.01686228549736394
22183,0.6978758152548129
22184,0.07572488108472247
22185,0.01745576846557212
22186,0.9611999420739098
22187,0.8340252507645027
22188,0.010916336972810477
22189,0.14310495521181366
22190,0.004493236968812289
22191,0.5681188694578497
22192,0.21877721041619264
22193,0.7072306168483248
22194,0.04417476858758304
22195,0.009793631854650847
22196,0.01994422536714338
22197,0.09774556831729266
22198,0.05960579727285688
22199,0.015073818497410444
22200,0.8888812697631632
22201,0.09595930539643203
22202,0.0007009438721050766
22203,0.011924752568747797
22204,0.010634870863160102
22205,0.043371544356869615
22206,0.15213770418613373
22207,0.5215593053276285
22208,0.004086692147282147
22209,0.27430881636062937
22210,0.0368204559449706
22211,0.3692872683481789
22212,0.05465998736293806
22213,0.024783003176483034
22214,0.07493066558021062
22215,0.005313396725797723
22216,0.8310521947872721
22217,0.0025360668013558233
22218,0.03953330806717044
22219,0.0057759395563818615
22220,0.7424074240669349
22221,0.004516879653728109
22222,0.023032786018771453
22223,0.42411179294687895
22224,0.03039593019613477
22225,0.02139993223796829
22226,0.0011615113271517766
22227,0.004037699418962417
22228,0.6271050973492203
22229,0.013253253565157304
22230,0.8250725566162145
22231,0.5413363314845744
22232,0.21435731121537463
22233,0.006627006319988482
22234,0.12022132552100552
22235,0.006933691561268828
22236,0.0471691112624519
22237,0.009833496020305367
22238,0.7612431116237327
22239,0.03857504052268616
22240,0.005872175639570989
22241,0.05804386398701968
22242,0.027835098529542666
22243,0.006329316474181518
22244,0.003243786993396232
22245,0.02015962309708927
22246,0.2258951091306849
22247,0.014269858861063304
22248,0.013586812910605364
22249,0.02125423451105994
22250,0.020670485804478122
22251,0.016441013640812335
22252,0.9758931368659371
22253,0.07032329409514443
22254,0.025184254349683896
22255,0.00250853876684484
22256,0.03909879076195708
22257,0.10094285541217554
22258,0.050596035015060124
22259,0.0032266249379322895
22260,0.013309950710564586
22261,0.0024126996355966373
22262,0.4731913437647659
22263,0.9932010433589296
22264,0.004549651091572784
22265,0.00564963420757229
22266,0.004219928541450881
22267,0.019211454694281326
22268,0.3194552773187909
22269,0.005419843420747932
22270,0.007631410176585928
22271,0.007064507531050197
22272,0.037139247669799584
22273,0.6526311002028795
22274,0.04009219651600415
22275,0.2545290220659051
22276,0.13239246537651708
22277,0.9775413414810284
22278,0.16331442151645506
22279,0.010572862573895328
22280,0.9062869082748012
22281,0.5766743200835406
22282,0.6804078982073242
22283,0.7066003529819628
22284,0.13377836991897227
22285,0.010089989008561501
22286,0.004490900114846869
22287,0.041920517774626465
22288,0.15718021084066378
22289,0.03193280315129478
22290,0.0011157354144327998
22291,0.014987939766400905
22292,0.03426941354566279
22293,0.9794923041913004
22294,0.010673350825223709
22295,0.07567086975257033
22296,0.9504975323693131
22297,0.9678467961352571
22298,0.9761866729451856
22299,0.09838337574273012
22300,0.010142877049315747
22301,0.010931100862582234
22302,0.03185454383721047
22303,0.8303767308158342
22304,0.004538877593942117
22305,0.043124590866925355
22306,0.022514070637630328
22307,0.0006964332373009912
22308,0.7475473492327233
22309,0.04811355802307971
22310,0.9670131126656437
22311,0.0069337395705202035
22312,0.9644439709609449
22313,0.0024772621228042304
22314,0.003279663045227291
22315,0.028908231042655587
22316,0.1099742723089289
22317,0.16552563243838903
22318,0.9782560341615597
22319,0.21434487701071897
22320,0.21579489480401387
22321,0.012983312663747274
22322,0.015144042857247434
22323,0.003877549140022626
22324,0.01378515595824001
22325,0.02919962107089522
22326,0.8247216946520288
22327,0.12984066231267097
22328,0.018009111038456496
22329,0.16901490497656108
22330,0.8300486204343008
22331,0.1844720208353333
22332,0.016091680704801378
22333,0.04777587297856202
22334,0.12279456443513813
22335,0.05686397463829937
22336,0.17223403475418395
22337,0.018926958457181883
22338,0.03487858460101755
22339,0.15894720145973046
22340,0.04738369469755528
22341,0.020947834435500398
22342,0.007307764332499604
22343,0.0025567170947497072
22344,0.0909723344565148
22345,0.011610185554788531
22346,0.3097842725672003
22347,0.7576083635281743
22348,0.9538310339480538
22349,0.9774464664481205
22350,0.06519613850764248
22351,0.09832774088446564
22352,0.04624385093218266
22353,0.008501018080106528
22354,0.012228698560991732
22355,0.21596989613417433
22356,0.5405080836533908
22357,0.0027870326179219355
22358,0.02176644570552746
22359,0.0027894436504743024
22360,0.687759053889429
22361,0.015940914253733028
22362,0.05610837841132979
22363,0.6008500008745468
22364,0.006689349518406438
22365,0.0718970911618624
22366,0.029270412439721404
22367,0.05530141051983941
22368,0.06313881790377544
22369,0.0038393621263383805
22370,0.00682495391030101
22371,0.9857093584098854
22372,0.9362796797804117
22373,0.14513608886777757
22374,0.9044037852883664
22375,0.1822783869639683
22376,0.48487810714809476
22377,0.037236025526244956
22378,0.2500920248833012
22379,0.83708874254935
22380,0.015635598751901084
22381,0.7955403400490961
22382,0.01334620455248221
22383,0.9787910091235451
22384,0.06087104435265874
22385,0.6255232651603494
22386,0.08739155699694146
22387,0.9934125958616004
22388,0.013181660734851143
22389,0.4147935375907972
22390,0.002324947701565682
22391,0.0016589979634612933
22392,0.016280839370984252
22393,0.1813924071615095
22394,0.9944173273461604
22395,0.005232406468252515
22396,0.04929393697859504
22397,0.6707934552749941
22398,0.008895540264932235
22399,0.5007937521455973
22400,0.4118419491791008
22401,0.1102812558505535
22402,0.0437514483731639
22403,0.10803939467900615
22404,0.014155454493680901
22405,0.257340118770882
22406,0.011705930715405953
22407,0.022835661955776475
22408,0.0011814919090502168
22409,0.03758729180057708
22410,0.38639646170724296
22411,0.6045888680815746
22412,0.8870629672413214
22413,0.010742167389631066
22414,0.04667413513283575
22415,0.12767515070457428
22416,0.015253609436769826
22417,0.2274840253519478
22418,0.7148986171361649
22419,0.08360129041205609
22420,0.6843915771811054
22421,0.9759734350551238
22422,0.1842142709595019
22423,0.0047526322709626175
22424,0.015291698558683118
22425,0.9063135391964566
22426,0.4631867007052643
22427,0.03062572165799508
22428,0.38892501199911395
22429,0.047259158434480066
22430,0.9856270053369032
22431,0.007101584038314208
22432,0.6295593531810937
22433,0.03829732875938521
22434,0.00601037500049072
22435,0.0816846642975242
22436,0.2720089841306211
22437,0.005351494921595038
22438,0.12325577195906715
22439,0.004534043420391614
22440,0.005205332884139867
22441,0.0032533344045061895
22442,0.09845116450281763
22443,0.025548127603302547
22444,0.0024296634378213854
22445,0.006059883963462099
22446,0.023330733010194116
22447,0.013727242017754972
22448,0.7972105850670018
22449,0.021246840079383378
22450,0.2281767158389492
22451,0.15958412333745953
22452,0.20751634909357827
22453,0.03450292011355296
22454,0.00473967686858778
22455,0.004894504434457189
22456,0.9672393020018983
22457,0.20862342025492497
22458,0.010244253818318864
22459,0.03433871814363427
22460,0.007576342243423413
22461,0.009244588891010999
22462,0.10980575815230491
22463,0.021295528242376727
22464,0.47357679663785474
22465,0.8922983172093143
22466,0.27131360187012427
22467,0.003304225187173811
22468,0.004086726467327714
22469,0.03911617401693727
22470,0.5768347399983159
22471,0.2565605677501027
22472,0.8834070477292105
22473,0.02128549174452806
22474,0.0044850874559223
22475,0.013624755248200598
22476,0.0038082832981386552
22477,0.0022174709462822457
22478,0.6835835637433217
22479,0.03464147633216202
22480,0.13549891258684088
22481,0.05190834079843477
22482,0.03870538270389213
22483,0.008202458466544684
22484,0.312870907395107
22485,0.0017071734232224423
22486,0.7363928988441951
22487,0.9003876195808548
22488,0.9738535070123417
22489,0.9954449629291316
22490,0.018384812323383515
22491,0.0009804614591647231
22492,0.04093015836351494
22493,0.016180718635795274
22494,0.14633158062701454
22495,0.5664666262656862
22496,0.028018595158472763
22497,0.004730316314079835
22498,0.24336988959402203
22499,0.007917753927999777
22500,0.011120517553254172
22501,0.0032501555246217504
22502,0.007771881505374757
22503,0.00889990073850267
22504,0.022688221629138423
22505,0.008634508016337918
22506,0.987643442511266
22507,0.26033602608080186
22508,0.00462490891658193
22509,0.9687062188968715
22510,0.013063862441257117
22511,0.9309970195195816
22512,0.018876601106849224
22513,0.00401142982955091
22514,0.11666621631971834
22515,0.6539071659629457
22516,0.010630793713350711
22517,0.7507726714554728
22518,0.010282117057301105
22519,0.007248988550953276
22520,0.990539165414039
22521,0.02503806909296825
22522,0.010925290878810629
22523,0.34418113953999546
22524,0.041101871942410675
22525,0.0412958510355664
22526,0.03691773266315356
22527,0.9863155392895456
22528,0.009461761548189535
22529,0.9808597776081951
22530,0.05725531055411357
22531,0.21388886234201682
22532,0.10872766108174704
22533,0.04257579390705121
22534,0.2041976477390413
22535,0.47050359441385436
22536,0.48465472179421193
22537,0.011483394807176035
22538,0.011349063147888527
22539,0.3057415788104595
22540,0.016358492965075508
22541,0.004793119289782751
22542,0.006900424962286147
22543,0.007290921474258949
22544,0.04153821446667734
22545,0.0007825027441850341
22546,0.8004150336586616
22547,0.006934303966295036
22548,0.631860024198411
22549,0.004144018165534517
22550,0.20777644826168487
22551,0.805173373072564
22552,0.04305631976057626
22553,0.01520792860990689
22554,0.8653083435034818
22555,0.3975018441327892
22556,0.004806157439525103
22557,0.030555001894011558
22558,0.24361745278235317
22559,0.05366278119661165
22560,0.1271475754654249
22561,0.02777273864704116
22562,0.0035325528286787268
22563,0.0675189418094177
22564,0.9876427674022064
22565,0.18823314577421216
22566,0.3143898049463474
22567,0.003472593014622529
22568,0.06584206521870825
22569,0.024944805906300622
22570,0.003923076630596527
22571,0.0265071618213773
22572,0.02882342580558952
22573,0.0754278881794716
22574,0.0024193692783182905
22575,0.25624590204296993
22576,0.6757842710338533
22577,0.290603603762503
22578,0.226730417066082
22579,0.0029160394751161904
22580,0.324324212556756
22581,0.0018464186921620155
22582,0.542299760235053
22583,0.5021407784002903
22584,0.9896854026646155
22585,0.024163332977642765
22586,0.001689799874985643
22587,0.017229976618518647
22588,0.020166591960321195
22589,0.05058326521828847
22590,0.9878039474356567
22591,0.012994348791021959
22592,0.0066025314265421384
22593,0.009521871992164583
22594,0.14823238310529735
22595,0.40459364416317023
22596,0.14464162990105098
22597,0.5076596417462024
22598,0.1484076508517857
22599,0.03289525682574908
22600,0.00479262540512322
22601,0.08089943364086907
22602,0.0035560288770148545
22603,0.987347329984256
22604,0.0006180588501286247
22605,0.0035459532528900528
22606,0.018914274961160178
22607,0.06233965979420859
22608,0.8724419196359109
22609,0.006728848550829661
22610,0.02133970720482122
22611,0.007366889388352906
22612,0.936850812925859
22613,0.017955293830022694
22614,0.9374758668590865
22615,0.040365314345363605
22616,0.1188252017358703
22617,0.01713697237676297
22618,0.010112748981242498
22619,0.9846665239618055
22620,0.9283770345787109
22621,0.005629500094787654
22622,0.009425708866659834
22623,0.01495779491105795
22624,0.16481247992789955
22625,0.004032340199890515
22626,0.04003727742993134
22627,0.9500668951552831
22628,0.18136062544090012
22629,0.019599664636670643
22630,0.956031042587235
22631,0.01319585962103173
22632,0.9832143477896
22633,0.01617220535402421
22634,0.6986094155899556
22635,0.11320342815654659
22636,0.2334298771336272
22637,0.8966187145732761
22638,0.1469286684951297
22639,0.031510256381266866
22640,0.48617879884614024
22641,0.10755646370759
22642,0.001602673800078801
22643,0.006932447782855205
22644,0.0056202679678066065
22645,0.006373575528398321
22646,0.003796709899810705
22647,0.12568038897629763
22648,0.0086814668746719
22649,0.9141095197042165
22650,0.0006796778770817398
22651,0.006773145393171028
22652,0.007647918856885198
22653,0.13640470152886106
22654,0.6416934439264422
22655,0.037238684072115114
22656,0.689316809691998
22657,0.005118772436396205
22658,0.01006356229733664
22659,0.8439597258434668
22660,0.0031299476630940078
22661,0.012382243005418398
22662,0.9485736878199604
22663,0.10008015635130656
22664,0.0010656996757394408
22665,0.006715379499006041
22666,0.0009175637814530477
22667,0.028874007133811216
22668,0.04318109872908248
22669,0.014679212521765949
22670,0.005012814317626116
22671,0.009902859066284107
22672,0.050447020116555316
22673,0.007127838722743563
22674,0.013190406689603213
22675,0.088771426584782
22676,0.0020006781164135083
22677,0.9177950420537087
22678,0.0037469507307430695
22679,0.020080299533954397
22680,0.07466509459362149
22681,0.00827784766250976
22682,0.22653861680729462
22683,0.009590614005975955
22684,0.00621312591741273
22685,0.3060126144166728
22686,0.8166038531887361
22687,0.05750759201206126
22688,0.03208967405005284
22689,0.055233801047281934
22690,0.03335161204076511
22691,0.020948124803690665
22692,0.9763837046400272
22693,0.4416517526791044
22694,0.837468093452867
22695,0.5874734643256233
22696,0.605986945820671
22697,0.0512672183914999
22698,0.002754698551504401
22699,0.013453910801511487
22700,0.0017044496870749673
22701,0.23206307500569176
22702,0.0014681759127438741
22703,0.07028231179007281
22704,0.001235184193945608
22705,0.03034711182733435
22706,0.053146606536328016
22707,0.03121453029313594
22708,0.014737733032338256
22709,0.009705051331912925
22710,0.7870447594497516
22711,0.10593088606433405
22712,0.0011704969826622194
22713,0.5165879156819393
22714,0.048943033343101607
22715,0.09741666008460255
22716,0.0014344886701766204
22717,0.12872987551210413
22718,0.02872863555869463
22719,0.02583962640483621
22720,0.029340046002641913
22721,0.021173909622935996
22722,0.08014987243537115
22723,0.02208195679195716
22724,0.58089006063269
22725,0.01355698330242667
22726,0.15425799249185204
22727,0.01981653290431428
22728,0.03499817586964136
22729,0.0018268962490155282
22730,0.022137739620237833
22731,0.22693748810342007
22732,0.027017346675146933
22733,0.7533811519219014
22734,0.028648313744238096
22735,0.0017498631773639416
22736,0.04548414251354477
22737,0.021385834849878455
22738,0.0008958954008928796
22739,0.0011079341260788616
22740,0.005459456720601748
22741,0.009110904436115088
22742,0.003870368778497777
22743,0.0004888739215201726
22744,0.009267453979732209
22745,0.031078552870915727
22746,0.011856409548807754
22747,0.011275311316565168
22748,0.6872773826240487
22749,0.43096763374269625
22750,0.011550978452292346
22751,0.0032647884605038076
22752,0.0015508478149011849
22753,0.2501295495230505
22754,0.17055805483811534
22755,0.09967079742278424
22756,0.0010190998987575652
22757,0.011261853534231236
22758,0.7652070057925938
22759,0.11369419425578291
22760,0.0009235102331037672
22761,0.01064039150428891
22762,0.09844058736761586
22763,0.5954938616235307
22764,0.021498277174124676
22765,0.9773277736867868
22766,0.14657632869011286
22767,0.028463539363888825
22768,0.02658162310316179
22769,0.000538771048374114
22770,0.5750657795462647
22771,0.1737349499587918
22772,0.008618361524156688
22773,0.3546051851507686
22774,0.5361724597336495
22775,0.018618150672455893
22776,0.6499602625613642
22777,0.008281839833620084
22778,0.31131790058595
22779,0.0016803500022096365
22780,0.08258457270083958
22781,0.5273862409516199
22782,0.003045912626180946
22783,0.008301463225891082
22784,0.031155212697677296
22785,0.003319826292753574
22786,0.06873500536901737
22787,0.3895522289939098
22788,0.005214777739421109
22789,0.5464546787392408
22790,0.10727196411505886
22791,0.0023302530059364636
22792,0.05500857610527228
22793,0.012971753911426277
22794,0.002488989318217662
22795,0.44441635080087144
22796,0.7520402732359264
22797,0.0012358034414087593
22798,0.002554116652592849
22799,0.11425365951336101
22800,0.024703943238622024
22801,0.0015931704329236697
22802,0.02251343591886924
22803,0.07107380880117116
22804,0.03949714812787585
22805,0.002610888662253278
22806,0.0453627038141725
22807,0.016840356268463072
22808,0.036738589420708595
22809,0.03876522102399901
22810,0.04214132468717003
22811,0.009949712659798084
22812,0.004403420889532635
22813,0.0010255344643928205
22814,0.867421746659901
22815,0.636751539008512
22816,0.03874223311474803
22817,0.010620504553645525
22818,0.09720236817740158
22819,0.008968645885991656
22820,0.03217901328970886
22821,0.008058068175729205
22822,0.47299570281659764
22823,0.001779926710879776
22824,0.013648765319291385
22825,0.013073112706345588
22826,0.35834950586714714
22827,0.057058815370059204
22828,0.015588339710117966
22829,0.011146719240133468
22830,0.0017156292506676832
22831,0.005564161595886825
22832,0.003168746756277908
22833,0.17759312717144904
22834,0.9218359961410405
22835,0.9471604905131192
22836,0.01889538343429603
22837,0.058586225931774455
22838,0.22689096552253354
22839,0.8404844699901702
22840,0.7960167616701467
22841,0.004167027948709594
22842,0.0022785270218613446
22843,0.012578386611585892
22844,0.03857831016588258
22845,0.7341212507371244
22846,0.8850398978627002
22847,0.001107307298039705
22848,0.5184751094114309
22849,0.024178248292254127
22850,0.02792011420856792
22851,0.05171527437482911
22852,0.005048597381764285
22853,0.7953214010681862
22854,0.06018801070917875
22855,0.07171713262693045
22856,0.012138328994881563
22857,0.4604727417735574
22858,0.9289254094346198
22859,0.006951014033915461
22860,0.016996399890442635
22861,0.004526949862975826
22862,0.9916375999028122
22863,0.011854902634763891
22864,0.13312612082188005
22865,0.35384433685329497
22866,0.04562210059425039
22867,0.006497469864491808
22868,0.014332148163134021
22869,0.9043576395377151
22870,0.0018413618494291363
22871,0.01656059566102588
22872,0.00521049870925817
22873,0.017908857355923017
22874,0.03184951762026795
22875,0.5341498961496782
22876,0.5762163209724636
22877,0.9777078196837902
22878,0.017215575318200647
22879,0.10719120660329537
22880,0.9841148282180989
22881,0.08215836161087496
22882,0.45346849422903796
22883,0.026055780919983944
22884,0.05788068064855009
22885,0.7298196548559087
22886,0.1161278088346588
22887,0.21495749046115725
22888,0.025216866701539428
22889,0.0013159920366691766
22890,0.026742854304032195
22891,0.013820499286258735
22892,0.19486075161689728
22893,0.5710226793726108
22894,0.16698486908523957
22895,0.01679302363675656
22896,0.37977020039200193
22897,0.01760884524385656
22898,0.08132246284007333
22899,0.9551623369476929
22900,0.009684717343646898
22901,0.12817488091495968
22902,0.009300568476147795
22903,0.8918716441811048
22904,0.08017906951936353
22905,0.06743838521279429
22906,0.04193058815775478
22907,0.09945792044642161
22908,0.013116213081338082
22909,0.02014240952233762
22910,0.3090827534334567
22911,0.06684188118083895
22912,0.01288873614720929
22913,0.006685510694809397
22914,0.005036424010060333
22915,0.04528677573786971
22916,0.04427908276077641
22917,0.0026302726389966767
22918,0.004972584466466985
22919,0.9764816245680181
22920,0.006998798567518724
22921,0.9483767968131123
22922,0.7377309243174263
22923,0.01941708959836695
22924,0.0043801033664861945
22925,0.022617661326194815
22926,0.009073281759306646
22927,0.008568137854901499
22928,0.015126643753742152
22929,0.027712080446099623
22930,0.06962357918405801
22931,0.006065238887175726
22932,0.013432862750699097
22933,0.9378384655877664
22934,0.012998652484540501
22935,0.004616159379713771
22936,0.6302824730120816
22937,0.012309642429014936
22938,0.05032675477750079
22939,0.13291773074254234
22940,0.011326417148524335
22941,0.9725414715234716
22942,0.001215361122305027
22943,0.005035365732901437
22944,0.02590787226618724
22945,0.027264899683942613
22946,0.0060101060825422156
22947,0.08026108196374263
22948,0.002715124685877372
22949,0.031945333192837114
22950,0.01945180174594901
22951,0.014213668705716758
22952,0.055635370899361866
22953,0.9720814344835691
22954,0.011224330735899325
22955,0.003474758674361614
22956,0.04838978923998561
22957,0.005001474719090061
22958,0.06280647074987229
22959,0.006482104474378124
22960,0.3271531160634826
22961,0.0014831766213152227
22962,0.1698925167295644
22963,0.1260724718287652
22964,0.005486326079450866
22965,0.005193107290317939
22966,0.04437946301098659
22967,0.006172730127510637
22968,0.9789151816284285
22969,0.011193421630377166
22970,0.09144591252111907
22971,0.014805169332273316
22972,0.01923154140008166
22973,0.012030548620892373
22974,0.3071727860521597
22975,0.07457583803921822
22976,0.008515498596372984
22977,0.0012034974890555946
22978,0.006094660932388865
22979,0.4869011032766904
22980,0.1430723681990813
22981,0.0038625198384139893
22982,0.3722035299438576
22983,0.01401861840673065
22984,0.21039611630758945
22985,0.011936996121419425
22986,0.0016659962312345802
22987,0.003633469270322365
22988,0.36744798967769304
22989,0.5545466996338568
22990,0.0026157216489520216
22991,0.005173201812522879
22992,0.0306838554627178
22993,0.007372719464050739
22994,0.000956957389943706
22995,0.001872560190717428
22996,0.0036153208948145094
22997,0.019177937609397597
22998,0.010728325262718197
22999,0.02540943099414801
23000,0.032038977141250154
23001,0.23681908032218318
23002,0.6966752034852517
23003,0.1179829064617155
23004,0.30640764884940297
23005,0.012477708439384956
23006,0.002267835829558668
23007,0.11018501596167285
23008,0.059386436318902086
23009,0.9907925332363484
23010,0.0017219116213168801
23011,0.003688549277626326
23012,0.23762285729961263
23013,0.9859713327685736
23014,0.0022633424817037995
23015,0.626832745311942
23016,0.34659309656297754
23017,0.9735101986291095
23018,0.04912941719736657
23019,0.0009033450496956489
23020,0.0011359985786361488
23021,0.9742500059586374
23022,0.00254929791667866
23023,0.09642046638370358
23024,0.9726613407751482
23025,0.19337922007764052
23026,0.38348033292779066
23027,0.20367870569934304
23028,0.036297899906978466
23029,0.25389761006839595
23030,0.10772202232737974
23031,0.10721011852433934
23032,0.2439290127934931
23033,0.009587846077441193
23034,0.006122911228435313
23035,0.007213355088564735
23036,0.24215350832493104
23037,0.06495898423844461
23038,0.0028551325898103766
23039,0.035735956337555094
23040,0.9904593419331142
23041,0.009671971723518346
23042,0.08283240325397553
23043,0.11099951747218956
23044,0.0029131183489329066
23045,0.9695090745854302
23046,0.0038466957007987535
23047,0.005592483531988011
23048,0.005585080466296977
23049,0.02394497746094273
23050,0.988110305285714
23051,0.11868447710155532
23052,0.028481551402462033
23053,0.0023027169683664077
23054,0.0032801982161706346
23055,0.5519062395046731
23056,0.038704314163390034
23057,0.4395383238797937
23058,0.021875732111173805
23059,0.0014056403496632915
23060,0.026555425598442126
23061,0.02161301221701888
23062,0.06186413667685636
23063,0.09524281679515528
23064,0.9603358694122804
23065,0.03568914585698137
23066,0.22448919223251412
23067,0.30820679465031686
23068,0.8756985663836424
23069,0.0012657073415524617
23070,0.0094409528469891
23071,0.9425816190758577
23072,0.04039429305351523
23073,0.4727195187443872
23074,0.015688127639667072
23075,0.00790613325705716
23076,0.014325740394353739
23077,0.01117277629609076
23078,0.011678582038186804
23079,0.027275144756049443
23080,0.007930422724833994
23081,0.05569379246933366
23082,0.0063700394459585445
23083,0.008862367468166966
23084,0.7612634345632153
23085,0.0038418782601868833
23086,0.0018212222064492047
23087,0.4009755712976392
23088,0.016910394200182
23089,0.08363724077158938
23090,0.006614288333206463
23091,0.07922901727659334
23092,0.0034083155303428515
23093,0.2246710494524585
23094,0.25884399958974724
23095,0.0037712011440654315
23096,0.0574163198506651
23097,0.05123991956366615
23098,0.2964252600075757
23099,0.017714172303258696
23100,0.011704633099264675
23101,0.9856250522819727
23102,0.010896411493025433
23103,0.027754247344934507
23104,0.005821124864253916
23105,0.44802918128895924
23106,0.0014441246084337573
23107,0.013843709568865502
23108,0.0013243372114959304
23109,0.8270640372564133
23110,0.5975398503465521
23111,0.0027323615115497787
23112,0.08160092539583552
23113,0.018782582321265114
23114,0.0016528247442356171
23115,0.22995049690529012
23116,0.045118831533036564
23117,0.9500011901468841
23118,0.001020031034229649
23119,0.0014584395634392906
23120,0.008960133071652006
23121,0.0038911932233320805
23122,0.0009734904437920322
23123,0.09948258685060855
23124,0.9908680348877464
23125,0.11658961202328832
23126,0.14206061819165278
23127,0.0037786382809753857
23128,0.037065540199645156
23129,0.9580165416517951
23130,0.005329830672124167
23131,0.011204541061592667
23132,0.004114357098486565
23133,0.49483735831141423
23134,0.6892202982479917
23135,0.6340533073265345
23136,0.10841823731894162
23137,0.12017134292857633
23138,0.38487455105105645
23139,0.0017667520336149592
23140,0.6953226876680199
23141,0.04667872854161522
23142,0.3561739079623805
23143,0.009912116486880606
23144,0.9652766537163742
23145,0.018501445763547755
23146,0.8646389632858621
23147,0.09085555301406031
23148,0.0016800057895066025
23149,0.002286099065537845
23150,0.05909516816910162
23151,0.002768557430023511
23152,0.014650195926429056
23153,0.037176406974611206
23154,0.528357848177996
23155,0.018385022132723187
23156,0.00481959765015815
23157,0.03718388686410613
23158,0.06772465129751887
23159,0.037520829274531244
23160,0.061063566603428876
23161,0.07549584025093063
23162,0.9928912465078478
23163,0.18818697535437945
23164,0.0027776543298701534
23165,0.0051060646206274075
23166,0.9553480986784053
23167,0.016830164211883356
23168,0.2180122955520117
23169,0.09990941964713664
23170,0.009497951003431225
23171,0.3142015755231789
23172,0.41123788595483984
23173,0.01085788260280539
23174,0.011191497279543905
23175,0.0014129094202382706
23176,0.22498607582413044
23177,0.017469448956926103
23178,0.9766389477353687
23179,0.003186343824008642
23180,0.023250799294743392
23181,0.35129110897579696
23182,0.21487545847979886
23183,0.787115160084044
23184,0.12003727254845262
23185,0.019529634457490532
23186,0.028790109846466783
23187,0.9857407385810634
23188,0.005418041043266652
23189,0.024522676432512776
23190,0.03142254691273159
23191,0.028936031056745488
23192,0.0384506308594868
23193,0.0005983085132408248
23194,0.0017580797295819344
23195,0.08067170436833172
23196,0.01275123336200305
23197,0.35596287799420256
23198,0.048378879409218235
23199,0.1663268135853158
23200,0.9436485070621101
23201,0.0037714660874726344
23202,0.7968209872473451
23203,0.1909290716820797
23204,0.06920796589465597
23205,0.012162520278729149
23206,0.9806575777158532
23207,0.05421266180867389
23208,0.7984242004610868
23209,0.0015221548675221597
23210,0.4818930197674193
23211,0.06949378212453695
23212,0.19523736630159205
23213,0.07978061707838371
23214,0.011224368382317933
23215,0.0075364219191430765
23216,0.15323412533498232
23217,0.06022382038879434
23218,0.7915192860095379
23219,0.005979369130021655
23220,0.020772547716214156
23221,0.015716192590581497
23222,0.014370477265834868
23223,0.04770643976683609
23224,0.5758666476169241
23225,0.011076101955330944
23226,0.015507277468346266
23227,0.00190082855713857
23228,0.006738871875759477
23229,0.009909140340730939
23230,0.04956968065684506
23231,0.021271603503492935
23232,0.014175249199447862
23233,0.009866431461422562
23234,0.02658762898926159
23235,0.2968193797939016
23236,0.08747638533061326
23237,0.03801457650871093
23238,0.006739711359349022
23239,0.04049021114855089
23240,0.8162541819535183
23241,0.0031634721105603713
23242,0.05353206844908077
23243,0.11655323696908419
23244,0.044597737870620525
23245,0.8727431015981012
23246,0.6831885333777695
23247,0.2718287132790564
23248,0.003796579652626607
23249,0.5450905604401999
23250,0.3930295356666503
23251,0.009369117264000948
23252,0.0070064594384867274
23253,0.06412168333317539
23254,0.047821981497311795
23255,0.021539236285988767
23256,0.01237988971162828
23257,0.003030937888073446
23258,0.03178261021531405
23259,0.2852630145464336
23260,0.971615927729447
23261,0.9231702251984019
23262,0.012395618625740366
23263,0.04839656804016032
23264,0.0052544005461662895
23265,0.014311399445077881
23266,0.26111170381067283
23267,0.06639383879734782
23268,0.7935396641670962
23269,0.01620261641024071
23270,0.6494035420165204
23271,0.10926805737516643
23272,0.0046501318639736505
23273,0.07566577454799552
23274,0.15108538165199165
23275,0.003977017600087815
23276,0.979276032024283
23277,0.11414271348842366
23278,0.07439253322838603
23279,0.7810237968734165
23280,0.6755828576893741
23281,0.18832631564587024
23282,0.9940541355187236
23283,0.019248275374446237
23284,0.8180522629631428
23285,0.0018303950515717773
23286,0.0008937649597986853
23287,0.036343322969566855
23288,0.0066185927546913055
23289,0.022245519607729955
23290,0.009911930972555478
23291,0.1388010226391765
23292,0.0591493326615894
23293,0.0021033712919091858
23294,0.058577892536878694
23295,0.02992241675258929
23296,0.1890349021220853
23297,0.32487910231347056
23298,0.1592818385074133
23299,0.012787199432357016
23300,0.006858878878474344
23301,0.8184876237694804
23302,0.7440619384189272
23303,0.7740298703450162
23304,0.8517695564434086
23305,0.25289140648064995
23306,0.376590944953046
23307,0.002053079005488493
23308,0.7070432049128268
23309,0.06931984639047596
23310,0.0015540794053649535
23311,0.3040547309924674
23312,0.11903051469269704
23313,0.002698761542309445
23314,0.28008669596315483
23315,0.00215044487103412
23316,0.6913821552538931
23317,0.3804867087382518
23318,0.014542711049929888
23319,0.2834038894849387
23320,0.8838423297763719
23321,0.07263966377146698
23322,0.359539326961716
23323,0.004179384314094212
23324,0.06356357706276884
23325,0.005296151386386965
23326,0.009350447664156826
23327,0.0018574384911598878
23328,0.9138772956925145
23329,0.08084664601693899
23330,0.014509502130511075
23331,0.001383705153522781
23332,0.14066477752607365
23333,0.10814567700315524
23334,0.013893106026559845
23335,0.0778557504279876
23336,0.0033931826173378135
23337,0.09986588080591967
23338,0.8033666518226468
23339,0.7821654793514309
23340,0.5091872205214167
23341,0.08419284686994902
23342,0.004578267429708629
23343,0.024374210119732204
23344,0.019696213517140102
23345,0.24227834602691725
23346,0.09987176526065568
23347,0.06539663112277658
23348,0.007555867618836758
23349,0.004483829509463991
23350,0.059976893753971444
23351,0.9776284422440817
23352,0.012499173489753757
23353,0.02418027265717631
23354,0.18149103718423626
23355,0.6260813319811456
23356,0.014557681953144407
23357,0.03812095293506458
23358,0.9790164047466127
23359,0.01295925378330524
23360,0.01478438366664642
23361,0.012448413490530387
23362,0.020031758127700052
23363,0.06752903320708549
23364,0.1454661006691735
23365,0.45918269201569933
23366,0.0037797815060646306
23367,0.030347001837582085
23368,0.045407014060743954
23369,0.06370944308017051
23370,0.1235645535060309
23371,0.07021933701398933
23372,0.16176915284772783
23373,0.0070617981729256315
23374,0.03613862800567658
23375,0.007494047163602687
23376,0.9934945109608688
23377,0.005660624836714758
23378,0.9848690823914135
23379,0.5719298531838399
23380,0.0020659397947783266
23381,0.14316003573640257
23382,0.011437355379975872
23383,0.642138582321958
23384,0.0021926956579581248
23385,0.053309160042248005
23386,0.018216886406172243
23387,0.5340503959992704
23388,0.589015251241365
23389,0.5729835013694465
23390,0.9898225229648357
23391,0.0030274848465561507
23392,0.005409145714255509
23393,0.03945204479090814
23394,0.07625601053775354
23395,0.0010169383339149521
23396,0.08815988786107928
23397,0.7045946078107674
23398,0.018035079403408733
23399,0.3036964749162022
23400,0.04017306639597383
23401,0.006833567109054206
23402,0.024098996043890982
23403,0.2231354919007115
23404,0.07871320111321206
23405,0.5448337155633953
23406,0.9589287492070694
23407,0.007927348793066839
23408,0.028931326724392307
23409,0.06902396339597482
23410,0.013040444801560445
23411,0.061296466547961365
23412,0.12766942583070806
23413,0.040300962136614056
23414,0.012475011250202997
23415,0.0023059666678686493
23416,0.024166089357261538
23417,0.003031808558508248
23418,0.017718663331022295
23419,0.0030850940167456336
23420,0.0027954835215068573
23421,0.5845322260663629
23422,0.20648263180846893
23423,0.011320522672506661
23424,0.002056011014919201
23425,0.06810006657831269
23426,0.012554514943118615
23427,0.0034244251428017904
23428,0.034180185470017256
23429,0.006026036486630291
23430,0.024692393482304266
23431,0.8763118639426875
23432,0.0039008503817594396
23433,0.5413635618337257
23434,0.08978245417641592
23435,0.010746425294065134
23436,0.8007850037309794
23437,0.03243241736467893
23438,0.07080493176295591
23439,0.2321625596470984
23440,0.1428137262549233
23441,0.0046615723153365565
23442,0.5589937798418478
23443,0.04074887470552061
23444,0.106517869555663
23445,0.05374461895055042
23446,0.042959917400309425
23447,0.005698218141810827
23448,0.29886666730106204
23449,0.29449121098001035
23450,0.03507158655690666
23451,0.006723854848810643
23452,0.010620552636767509
23453,0.8362708553481737
23454,0.9807667503149662
23455,0.0016091361515924805
23456,0.0033360079829272355
23457,0.9815653380240806
23458,0.1462400591610296
23459,0.040492914980465415
23460,0.017484673740260605
23461,0.05163688176786243
23462,0.005111490975821007
23463,0.36967312287793486
23464,0.020829466280823918
23465,0.26213867126538853
23466,0.05710912574977824
23467,0.0214550043322392
23468,0.08844609719812083
23469,0.02683649526319023
23470,0.04230981082970911
23471,0.033584992078134965
23472,0.38249626867932185
23473,0.8114289294598875
23474,0.010701593210601086
23475,0.0014035535802518879
23476,0.6896967350699927
23477,0.6166951686201398
23478,0.0323844323981817
23479,0.17095053466286014
23480,0.00597693866759095
23481,0.09874446690711462
23482,0.021077014453652784
23483,0.001146968602498922
23484,0.8835812779548654
23485,0.00493077119653273
23486,0.0035521819325622186
23487,0.0030433479393381477
23488,0.0011266664159665376
23489,0.018693044201529164
23490,0.2665636683016893
23491,0.0008255604579597636
23492,0.7693565529114214
23493,0.0023468722894198243
23494,0.18432873361157942
23495,0.0675897069250704
23496,0.02758669920191265
23497,0.5570583036486259
23498,0.04671410627581878
23499,0.018148314891238297
23500,0.007991017247124541
23501,0.01130381260089577
23502,0.008335992628871544
23503,0.00954942819098264
23504,0.8152180225815072
23505,0.009449678245113337
23506,0.005919272027731161
23507,0.02070238664915563
23508,0.04242823275141062
23509,0.0749552754395477
23510,0.011603819171383908
23511,0.6679853402362872
23512,0.815465564709738
23513,0.011098085055193687
23514,0.8784600031144307
23515,0.2829784937544349
23516,0.004530915950291795
23517,0.014610287039988764
23518,0.0038041092455934804
23519,0.008836162807548937
23520,0.24491937781075493
23521,0.9341918093516101
23522,0.03484967900268086
23523,0.04569571417615119
23524,0.007850281550912183
23525,0.6209104915522223
23526,0.8785360700467433
23527,0.08510698417365173
23528,0.06452068768829253
23529,0.03101139343126333
23530,0.5542269092839464
23531,0.5670438991490299
23532,0.06931436032440993
23533,0.07323586331600686
23534,0.008037269304342946
23535,0.04096135630497098
23536,0.008250532312332201
23537,0.0029058373134982617
23538,0.6084412135931931
23539,0.001316051121702576
23540,0.16255814169284508
23541,0.010312335616551493
23542,0.04753773087275135
23543,0.014504762180679472
23544,0.0025277923947065926
23545,0.10787828744323286
23546,0.5341799006017118
23547,0.0031825777010245624
23548,0.04122129395524413
23549,0.013443787425164685
23550,0.22058222625708196
23551,0.003001401906794501
23552,0.007303084980191697
23553,0.7673216376847253
23554,0.007591507650053011
23555,0.9943258123309382
23556,0.016682567178737426
23557,0.0655890504911017
23558,0.0016765671057418971
23559,0.008348188044288586
23560,0.021596132134397157
23561,0.9882787680971714
23562,0.0031725769793915755
23563,0.19027847670248924
23564,0.03924435581021873
23565,0.3040814825081362
23566,0.033631572452318514
23567,0.29978814479074173
23568,0.030571311964270917
23569,0.7876413341863174
23570,0.9808161226325847
23571,0.9632458873366916
23572,0.003907123527890295
23573,0.0048658147572658485
23574,0.005821594441930605
23575,0.0047401179986120085
23576,0.016598747686101787
23577,0.009104607318167077
23578,0.004067124916578983
23579,0.874623507895498
23580,0.40192779386977684
23581,0.025499118567530468
23582,0.001027902971944748
23583,0.0006241479701292853
23584,0.010851129518510702
23585,0.010106367951672805
23586,0.01769961415107273
23587,0.0012348093731633573
23588,0.007901544760271044
23589,0.2976089695530288
23590,0.0012835902610139624
23591,0.02880241157626556
23592,0.024613302703566375
23593,0.018425451749435745
23594,0.038009969099835485
23595,0.9316804938079567
23596,0.2510915777094335
23597,0.9459357138250949
23598,0.19636495469349974
23599,0.00557425949863616
23600,0.04435105051876044
23601,0.05249058026932007
23602,0.07073424518253711
23603,0.026835138215528735
23604,0.03851357305750819
23605,0.0022872656773588462
23606,0.712547976749546
23607,0.9149565265408216
23608,0.014744667813623852
23609,0.025975796996158762
23610,0.083616209711711
23611,0.018925334031833215
23612,0.019262091289912048
23613,0.2075950449864627
23614,0.0016242367914577423
23615,0.9449452031592095
23616,0.0526447176682128
23617,0.0005546124326543229
23618,0.9155936012689638
23619,0.004652297994096298
23620,0.020151162369555376
23621,0.11368473437391206
23622,0.025244359174382752
23623,0.023163445747010552
23624,0.09502144303540437
23625,0.9948217431566951
23626,0.004396583935803246
23627,0.012786374783011631
23628,0.006432348088834353
23629,0.003465778257122262
23630,0.07292390995610881
23631,0.9856007519556162
23632,0.033696088783351126
23633,0.9014762937293405
23634,0.015287027385988318
23635,0.0343212093547023
23636,0.04166143802847946
23637,0.0013430055091622727
23638,0.06501315221467896
23639,0.0020815364249726046
23640,0.0018353501121428951
23641,0.014617846159315395
23642,0.04282493994622794
23643,0.03075422795715535
23644,0.26866496093256736
23645,0.001615559792069606
23646,0.5313140924218849
23647,0.003545799515302762
23648,0.09876058208518733
23649,0.11326159470970128
23650,0.9303074518831418
23651,0.022649278650798202
23652,0.0525864275791868
23653,0.9490776491959126
23654,0.01958205617520654
23655,0.6418765341753708
23656,0.057240363358287874
23657,0.15997973402991758
23658,0.5250733609685452
23659,0.03075674025195067
23660,0.040101963142925086
23661,0.05800434115203997
23662,0.29811012924647456
23663,0.004143297446178153
23664,0.9784119888431557
23665,0.0023430859496162966
23666,0.019827304586793586
23667,0.09073236304800168
23668,0.002477323368330625
23669,0.8685067812972574
23670,0.007738988075599888
23671,0.0214678555778674
23672,0.011166476006688643
23673,0.001343951554006037
23674,0.8913590533892041
23675,0.1354793307479636
23676,0.007776500393838753
23677,0.09431861693270573
23678,0.860602566439519
23679,0.07438319860381544
23680,0.047856169057277693
23681,0.406116377359975
23682,0.0016314000532872068
23683,0.15972439352511214
23684,0.0012371864593834958
23685,0.1524415212361005
23686,0.046288524718151244
23687,0.9366068895953356
23688,0.001692451153426992
23689,0.07856824326866681
23690,0.12899383896878175
23691,0.4114625127894814
23692,0.0015563348653718449
23693,0.9226179052085463
23694,0.9831766017699342
23695,0.0018405012955350825
23696,0.2532294772720762
23697,0.04360560816675933
23698,0.654221446175577
23699,0.016918021799185463
23700,0.02754002886574309
23701,0.0069398971877470675
23702,0.3932043553224888
23703,0.006271678993827178
23704,0.17647045849099577
23705,0.009408695503319514
23706,0.0095467159785325
23707,0.009327646699127468
23708,0.254790283295335
23709,0.031696464385936526
23710,0.005373097975804878
23711,0.028671399281995667
23712,0.0010313791847116173
23713,0.06195775802209411
23714,0.9235093608366073
23715,0.988280837403497
23716,0.11846253279853651
23717,0.06088475257673194
23718,0.011161154336092001
23719,0.051638984097899326
23720,0.2947814406187032
23721,0.002115179947277429
23722,0.008051352380426828
23723,0.9957295220178759
23724,0.024083969174214074
23725,0.021323914867016548
23726,0.009924022383332513
23727,0.09778277039264512
23728,0.41289698101972094
23729,0.0007941995920201458
23730,0.9798956768911423
23731,0.0231140453213433
23732,0.028331062426783835
23733,0.008697236663499102
23734,0.9778994374890875
23735,0.02602322796268727
23736,0.00837132207806349
23737,0.045209913013753524
23738,0.020672448697436157
23739,0.18759306581395366
23740,0.05118883511083491
23741,0.7090612802419569
23742,0.048391263017210334
23743,0.019585260591653574
23744,0.04592312757232243
23745,0.9668111472672688
23746,0.026493886798641914
23747,0.012865181343219305
23748,0.9834027794370325
23749,0.33382242209444957
23750,0.2314141936281948
23751,0.004905741731464685
23752,0.9795523474886332
23753,0.004013846902819878
23754,0.01537992551675859
23755,0.034382068284632535
23756,0.024123946720831912
23757,0.164452977649684
23758,0.0019418142192891383
23759,0.533376232824321
23760,0.023682754460451847
23761,0.00798423034235972
23762,0.005321525905587424
23763,0.9615271357293779
23764,0.003682718543277143
23765,0.006664008440535413
23766,0.014647352958569886
23767,0.04238978882513034
23768,0.9465377986183416
23769,0.03819477929029012
23770,0.06194226300394263
23771,0.012121917787188985
23772,0.15072162436829376
23773,0.008950610933680148
23774,0.06907756069809012
23775,0.7039024390370466
23776,0.008237956355332919
23777,0.020112531774873214
23778,0.9780438757229116
23779,0.22126993629209046
23780,0.9525759455904336
23781,0.011243349006948731
23782,0.04676373281676799
23783,0.0036905257204892443
23784,0.0034994249132261498
23785,0.007106959584000615
23786,0.5977428161566812
23787,0.31801990477810577
23788,0.06359445668681782
23789,0.1957804200052735
23790,0.6932680264503882
23791,0.0028297253423715993
23792,0.00723572605783989
23793,0.0020878057638369996
23794,0.0024404453658704757
23795,0.01001409031124368
23796,0.0052382556561068865
23797,0.7495961780340864
23798,0.002969660548884558
23799,0.5789782187651176
23800,0.14887146584936822
23801,0.06696247879246489
23802,0.11490981205666512
23803,0.3770903221906439
23804,0.011822588689045805
23805,0.8587843704436253
23806,0.8022634222999455
23807,0.2506120954333561
23808,0.044810859171368664
23809,0.8127853951407528
23810,0.0036684951462757714
23811,0.23306940337810492
23812,0.975089258717787
23813,0.045681007791681424
23814,0.000772645412540183
23815,0.011021079924374075
23816,0.010191494639926071
23817,0.8948718345017387
23818,0.0012313869730380864
23819,0.6701736929388747
23820,0.001767845840993196
23821,0.005427464580892328
23822,0.009714605736471456
23823,0.014820228888446885
23824,0.019010094740360264
23825,0.017183874613385716
23826,0.49745846966762924
23827,0.2243478267582859
23828,0.0018609342069437576
23829,0.10321605655649763
23830,0.05149276984030388
23831,0.12285958910222074
23832,0.8037563020545221
23833,0.00662071254421359
23834,0.00147643100350458
23835,0.020841597186024564
23836,0.07660288327471777
23837,0.09745306632473433
23838,0.019066168737748492
23839,0.008151443023526652
23840,0.41735737662823896
23841,0.6716342654605523
23842,0.32181015198792123
23843,0.010078018042699087
23844,0.12582671885849628
23845,0.19211462130484971
23846,0.0013287930912193981
23847,0.0016885658350823645
23848,0.00965566329059648
23849,0.9803029625151839
23850,0.0089542641573115
23851,0.46531103428877135
23852,0.0017351546522298372
23853,0.0016338036176057429
23854,0.6548033411514056
23855,0.0165068463243151
23856,0.2825244715884698
23857,0.08496794850505457
23858,0.3693572917442648
23859,0.002025420262173945
23860,0.02136764639570446
23861,0.028482563527232524
23862,0.002474466094685124
23863,0.002932974238189728
23864,0.0037254435151921235
23865,0.08149739798971219
23866,0.010325710264377178
23867,0.932137036376926
23868,0.48088684575531515
23869,0.016925562608671316
23870,0.03408581525732936
23871,0.4120061308038736
23872,0.06946725301821917
23873,0.04405865710775087
23874,0.7376209751969672
23875,0.0015778410375385278
23876,0.029696802815458632
23877,0.04603081407471528
23878,0.9675320635535452
23879,0.008403950993699378
23880,0.0024925812320352758
23881,0.9400708007485636
23882,0.8998971699271858
23883,0.05578346020039495
23884,0.0074792942965229885
23885,0.9910510922768306
23886,0.003827905147909218
23887,0.0025335550589011433
23888,0.10794120634429621
23889,0.4869614133910943
23890,0.005139091879155608
23891,0.009508542042256058
23892,0.2177286024678567
23893,0.010723587290356731
23894,0.016753168947867162
23895,0.0008045650045291075
23896,0.1010382745906775
23897,0.13713409710958158
23898,0.02695454661353643
23899,0.03184374131694936
23900,0.01551307974758781
23901,0.051959340333739015
23902,0.008559939396364732
23903,0.018765455571924116
23904,0.2499479028927794
23905,0.0046238144764652565
23906,0.007275789819653733
23907,0.05161448053525284
23908,0.004136111751758124
23909,0.011273039352430536
23910,0.0088816011006451
23911,0.00526359796412193
23912,0.03637608489449742
23913,0.00766833778722685
23914,0.019380912147916967
23915,0.002560074352108502
23916,0.22179277765886982
23917,0.003013883364250139
23918,0.7879655212581265
23919,0.01594402065842502
23920,0.4172028998696947
23921,0.005225511768687062
23922,0.023254301195170135
23923,0.6779039519983199
23924,0.009730701960059287
23925,0.9892831969525187
23926,0.0011893418816077644
23927,0.3665988878636259
23928,0.138987637480032
23929,0.5319278074692253
23930,0.012167863869654225
23931,0.004958377610940655
23932,0.1313986221445671
23933,0.05329381474461796
23934,0.03558925747314947
23935,0.008647178779597423
23936,0.049276618168540544
23937,0.04023231614837242
23938,0.032177010495024104
23939,0.1480856585328256
23940,0.09971513917615096
23941,0.9351129569769336
23942,0.03615428517352146
23943,0.0031467442703234515
23944,0.24365877217112233
23945,0.028675758345095545
23946,0.003616033053958996
23947,0.012607631560208213
23948,0.576341161072198
23949,0.015327041454859655
23950,0.004491306490133358
23951,0.0012300058901978776
23952,0.012760032072833957
23953,0.006372950912098524
23954,0.04233866616771493
23955,0.0310952163555435
23956,0.07424138169086027
23957,0.0169442486333193
23958,0.672372905719681
23959,0.01227382979219521
23960,0.26255386704593864
23961,0.11075424807935322
23962,0.0005648005678919543
23963,0.6417161620885156
23964,0.03338804644763309
23965,0.0031506695544855357
23966,0.006208550327704837
23967,0.006777290931339892
23968,0.043568847835849044
23969,0.0932115931358733
23970,0.864104376944687
23971,0.0014386114438379902
23972,0.002008460933834986
23973,0.007671966435032528
23974,0.18851627519319783
23975,0.9864118192371326
23976,0.0020099184881345084
23977,0.9846963090735115
23978,0.0036152584386466725
23979,0.44417607460393094
23980,0.6985241923196311
23981,0.002331306817535295
23982,0.027117118803610757
23983,0.9937479003690172
23984,0.03414872039997213
23985,0.011981394767943788
23986,0.05549208122628245
23987,0.25485233836375987
23988,0.004285367743284384
23989,0.2246833173995593
23990,0.04038562341531561
23991,0.5555477986699926
23992,0.2615271642605706
23993,0.005663161978464112
23994,0.6867163400257392
23995,0.04159690254393669
23996,0.05533573859500872
23997,0.023624122395749982
23998,0.966288609420273
23999,0.3717097734910753
24000,0.006639850907273282
24001,0.011770060985898006
24002,0.07524078545237636
24003,0.013312135261936715
24004,0.18789872035550206
24005,0.7383752056216171
24006,0.27614135742516766
24007,0.0023777315953544356
24008,0.011269823478077215
24009,0.0014961631510076424
24010,0.00462505929417647
24011,0.00142827254143877
24012,0.003973366493115653
24013,0.08281864072279502
24014,0.7140603556816912
24015,0.8260786917671437
24016,0.015031153641069939
24017,0.6342590983652923
24018,0.01024347054616926
24019,0.0077073084438194625
24020,0.019685702551958537
24021,0.007623367596849735
24022,0.04076021756338115
24023,0.989189299146939
24024,0.820054230855021
24025,0.01975512643959987
24026,0.0035358666472915974
24027,0.02331536855415342
24028,0.005081091128266959
24029,0.27390652442600694
24030,0.018824036602735572
24031,0.00333268975713144
24032,0.17996270278398327
24033,0.016807800968765194
24034,0.025925063524255155
24035,0.0021615758430611007
24036,0.1156829110480856
24037,0.019871554372143378
24038,0.13322129805053823
24039,0.9445776798754381
24040,0.0013941455446366043
24041,0.9835178629136233
24042,0.6871333215231498
24043,0.06355047630408538
24044,0.6109307310248027
24045,0.9794750284179171
24046,0.20691634031865258
24047,0.014983762817720252
24048,0.22520517647146235
24049,0.08283138175277638
24050,0.019867972842068322
24051,0.007362018911534261
24052,0.023644501552041914
24053,0.04504776625168778
24054,0.006219344822237615
24055,0.26105160683914164
24056,0.018101125703717583
24057,0.08501020481265001
24058,0.21289431819905136
24059,0.9681020355462463
24060,0.9561144091551744
24061,0.003333274013608442
24062,0.008384853027347315
24063,0.07176511578225127
24064,0.07933035462971981
24065,0.006372114491937101
24066,0.025257676342226327
24067,0.002303364988721452
24068,0.04781748219816022
24069,0.010806329200135233
24070,0.11144601286932732
24071,0.042285557693970556
24072,0.08711679831026777
24073,0.6742425305036419
24074,0.018509348057971105
24075,0.9756940647438668
24076,0.011200979680755632
24077,0.05432526449988291
24078,0.00217203186404633
24079,0.8624319293646872
24080,0.05911321428556444
24081,0.001406796035172878
24082,0.3267408055718747
24083,0.9261576550641698
24084,0.014493024101488243
24085,0.27383637443681463
24086,0.005624689236785313
24087,0.009528024413276973
24088,0.07788618195581914
24089,0.8089133797996351
24090,0.07779611949014505
24091,0.05381602047390144
24092,0.005506987496472864
24093,0.030147654196249846
24094,0.057155106136825
24095,0.0012252265550011451
24096,0.2640458256727243
24097,0.14137956253010528
24098,0.567287188909114
24099,0.2424149978205953
24100,0.016568540041026973
24101,0.0839117398316481
24102,0.0037098770810280977
24103,0.9262284665225806
24104,0.018549981038734335
24105,0.1257457183839753
24106,0.004971014352842811
24107,0.0024288227435593614
24108,0.001593889573249508
24109,0.937198163225769
24110,0.9765388348192882
24111,0.8160580626503057
24112,0.25516526594884464
24113,0.00933081970048991
24114,0.027227869646315378
24115,0.004349807672060579
24116,0.9930080580212929
24117,0.061804845907075086
24118,0.05028024574587922
24119,0.08510198817783594
24120,0.03304502949243103
24121,0.13007788740442047
24122,0.005561657483849206
24123,0.005991951465913921
24124,0.29447940623312563
24125,0.011159946522865456
24126,0.01006921968346157
24127,0.017832200464843382
24128,0.0014895785677866114
24129,0.001907699586065225
24130,0.019695946138715465
24131,0.025719970750366
24132,0.0016921208098509878
24133,0.0779395696673913
24134,0.985062092380712
24135,0.7137007522908956
24136,0.02967782885637819
24137,0.019212378329612718
24138,0.031488706409750364
24139,0.003027966687369203
24140,0.0021587950309645177
24141,0.977074187321142
24142,0.014991647043401876
24143,0.930862646199369
24144,0.6676618637134898
24145,0.018666127729214336
24146,0.1189428908586584
24147,0.05796034680272568
24148,0.020169325660830177
24149,0.01935534014758245
24150,0.0719100840162801
24151,0.378141691196858
24152,0.907057576148669
24153,0.014840337016068211
24154,0.5108903455915591
24155,0.10319999823177403
24156,0.15009750082669068
24157,0.04264915901167995
24158,0.3238698360755998
24159,0.10220388022481046
24160,0.09437672030407834
24161,0.982892960325585
24162,0.006249144442551609
24163,0.09739937454067295
24164,0.021553960201638914
24165,0.008433584780059938
24166,0.014179770605704222
24167,0.9210053669019406
24168,0.030050905352254985
24169,0.0005727022445483412
24170,0.018572173208210547
24171,0.07191661034666985
24172,0.04301803248251814
24173,0.0013325384580077843
24174,0.9092920460274206
24175,0.04001212861159975
24176,0.016744068094617946
24177,0.06268142983373613
24178,0.988543515496081
24179,0.009275557232011062
24180,0.12295523818289215
24181,0.2524158749926347
24182,0.00587771494505156
24183,0.008979645101062491
24184,0.41498334799771264
24185,0.8706321222524972
24186,0.01572099604757795
24187,0.025339363034144916
24188,0.006797394413133288
24189,0.0470028112566243
24190,0.08026908878556185
24191,0.004583672833253021
24192,0.9839785499826713
24193,0.003289341525185833
24194,0.008471933126787578
24195,0.005168178711517299
24196,0.07781826254562993
24197,0.48288471218345735
24198,0.002843455512040224
24199,0.874293781762928
24200,0.038678116122291044
24201,0.0035966785430022823
24202,0.05055121771250028
24203,0.5735194005242094
24204,0.022250791442895254
24205,0.051383798665188885
24206,0.13250240715039452
24207,0.056285173091464726
24208,0.02675082571076071
24209,0.08760767180336168
24210,0.02122816850008563
24211,0.030750452241069533
24212,0.002595347746779175
24213,0.12606250779343148
24214,0.019965725211740424
24215,0.5227269872695158
24216,0.13446408197050835
24217,0.007194722065784423
24218,0.04426222230421133
24219,0.38321979844920584
24220,0.008358901563809695
24221,0.13345058865167844
24222,0.06288763348427069
24223,0.04208383021623667
24224,0.09569742701896901
24225,0.2193309159972293
24226,0.09028727393541491
24227,0.010498574809803122
24228,0.0023459901938944964
24229,0.03799748936635022
24230,0.693981395506247
24231,0.004142759821799453
24232,0.012130924392067904
24233,0.0028816449777930805
24234,0.01196816366146794
24235,0.10462231078579497
24236,0.869562939446615
24237,0.10953390089958549
24238,0.01851002567320419
24239,0.40187819423548715
24240,0.026266166524510064
24241,0.29783820385100773
24242,0.0012825552038165705
24243,0.1910271257253482
24244,0.02505676466876333
24245,0.07025314719851328
24246,0.04074258566521537
24247,0.012488962665349828
24248,0.02593498995039584
24249,0.0012910473975482558
24250,0.004590358831475398
24251,0.007541805347956089
24252,0.001406508016003366
24253,0.040288593356610794
24254,0.890103484601953
24255,0.014951788862908707
24256,0.05769388930015711
24257,0.007054280904291136
24258,0.1028013636592907
24259,0.16506774826493922
24260,0.13786084831006448
24261,0.03875184738421368
24262,0.006933687552398643
24263,0.11889642026236534
24264,0.0026480353826108622
24265,0.06451188640576966
24266,0.0007611225928454918
24267,0.017167734441384867
24268,0.00904916722800717
24269,0.06339372189920271
24270,0.8786588643628839
24271,0.004672132826339639
24272,0.008118027520767639
24273,0.005669895016264918
24274,0.015713614316610627
24275,0.8680467361489579
24276,0.025734380757068152
24277,0.26767317849632305
24278,0.05305599912280093
24279,0.006446060063581827
24280,0.04708989941372227
24281,0.020389091191426307
24282,0.552315960002509
24283,0.009428180760971317
24284,0.008542686917010902
24285,0.021895125893638304
24286,0.20043081100473367
24287,0.4645907557193784
24288,0.5746890588925814
24289,0.01688102309406405
24290,0.10425748984372708
24291,0.07310455163266757
24292,0.011073406266927136
24293,0.03412279306165244
24294,0.16529382796096095
24295,0.007224138276916728
24296,0.01131112700090408
24297,0.010158675095132855
24298,0.32471815557489236
24299,0.14152384836304205
24300,0.006846666398308879
24301,0.027739579683192416
24302,0.004835265467476154
24303,0.0024564239765508156
24304,0.0019010664182977424
24305,0.01029661493908122
24306,0.003466423350097219
24307,0.8500250991198857
24308,0.8258658915297029
24309,0.008147869281206994
24310,0.021335124524684553
24311,0.08538613381597572
24312,0.0029541856252852023
24313,0.006071085809486568
24314,0.008870055570931798
24315,0.04556281935737404
24316,0.040584424983960234
24317,0.11571315111129384
24318,0.8401925328631165
24319,0.8282170204559154
24320,0.0032146761404925396
24321,0.005402903768741711
24322,0.085653364419304
24323,0.021118828127093384
24324,0.004692543113505757
24325,0.968405417856434
24326,0.991173082334868
24327,0.007195596829306025
24328,0.00599987907577674
24329,0.004674297279134992
24330,0.30452902756935396
24331,0.0019411859298766457
24332,0.008988524001249453
24333,0.03600702165354416
24334,0.26035142035354275
24335,0.2845688943026429
24336,0.9921618103212105
24337,0.24925245217603859
24338,0.13587562154828514
24339,0.7062952959199785
24340,0.03767080299015668
24341,0.03909184872742298
24342,0.054739714416089165
24343,0.0036025033056181687
24344,0.0019054326239233952
24345,0.10998722640141789
24346,0.03866011975752803
24347,0.08891086087239464
24348,0.006395776620072913
24349,0.913697317979046
24350,0.06345619975334732
24351,0.005281998121024787
24352,0.26368551306978155
24353,0.0013037258643145365
24354,0.044296068721216865
24355,0.014575624785560067
24356,0.0034092257246121607
24357,0.019237303569051855
24358,0.0036483811465617883
24359,0.005278436174221268
24360,0.016660105794977335
24361,0.11858203697439942
24362,0.0013159349468711788
24363,0.9790510028949686
24364,0.19420485334519258
24365,0.03583165578797855
24366,0.0025536594825212367
24367,0.08195523451177146
24368,0.06698091797468533
24369,0.0022533723221242197
24370,0.0011808816156766103
24371,0.09232985719729468
24372,0.001652499979121365
24373,0.9779155402892249
24374,0.1031210344671735
24375,0.9333696126472227
24376,0.1888216173217084
24377,0.014681571030225346
24378,0.004978901462462124
24379,0.767366725637186
24380,0.9547094134411951
24381,0.633203210624682
24382,0.0022704672090420944
24383,0.2972744391610581
24384,0.6470201493383578
24385,0.017586442090386154
24386,0.0896207847146183
24387,0.654266051991746
24388,0.021614709820417292
24389,0.004452153812934837
24390,0.06664217902900227
24391,0.5286648506816872
24392,0.20591925248411605
24393,0.033538409926564525
24394,0.050048718866300766
24395,0.03909540511146015
24396,0.9393612536029582
24397,0.028224278846027205
24398,0.009001554868502395
24399,0.0011368875341799308
24400,0.02108112300518601
24401,0.006547719349200744
24402,0.006399080564848794
24403,0.95533333783412
24404,0.02659392332404381
24405,0.041607520728791474
24406,0.010312154094053755
24407,0.6603580272543959
24408,0.8061392425322417
24409,0.00525163080663906
24410,0.8642992627731321
24411,0.012736524877184963
24412,0.02776733312514898
24413,0.0510594663521042
24414,0.032804694944596695
24415,0.00810888587219602
24416,0.0022085180185543083
24417,0.0032750763943951698
24418,0.9059341046076624
24419,0.015256741757047903
24420,0.010707832792099478
24421,0.0019293591909011138
24422,0.5719117293953679
24423,0.006017740906555353
24424,0.0026386620387712787
24425,0.035546954896725526
24426,0.21875874849715335
24427,0.021076829769087386
24428,0.10226278629702579
24429,0.8105790107152258
24430,0.05713793141487813
24431,0.028824773229168474
24432,0.0023227034332583517
24433,0.04672124749215948
24434,0.010389503507767064
24435,0.11180493914534
24436,0.17291703604496492
24437,0.5764544262564745
24438,0.0008386218531825122
24439,0.005754784633736262
24440,0.01619731451356129
24441,0.00981015595394544
24442,0.007349159181931589
24443,0.2775789165416626
24444,0.10034152628620925
24445,0.9817111843068225
24446,0.14669133548013114
24447,0.33103049561461445
24448,0.0013481479685273484
24449,0.41808950916904813
24450,0.002755013003796089
24451,0.06178104189543655
24452,0.7153219844250166
24453,0.2462264926003233
24454,0.0142673866433776
24455,0.03785052015962158
24456,0.04770852397773365
24457,0.05634656465315641
24458,0.0023661858323806555
24459,0.0515815079951656
24460,0.002036494151633341
24461,0.008984534413315577
24462,0.8201398610553617
24463,0.00958192291667522
24464,0.1458754573077623
24465,0.7355461916579061
24466,0.7888930861136767
24467,0.038580371480903666
24468,0.006098387215424134
24469,0.0034794730430844378
24470,0.03334077237687775
24471,0.9880772525893113
24472,0.0603572820884853
24473,0.9264638344907437
24474,0.04194904053643637
24475,0.002240958189931623
24476,0.009602428140785062
24477,0.01398573838579397
24478,0.2145397246344603
24479,0.009152602042910265
24480,0.007563912021095549
24481,0.0029924262606413478
24482,0.8179886029242012
24483,0.06005665135105518
24484,0.03763433050599111
24485,0.002781569861617159
24486,0.011660205035600522
24487,0.18443123671215095
24488,0.23563326098590762
24489,0.01734885926910408
24490,0.02579267489766265
24491,0.5377639937239774
24492,0.06242574392755372
24493,0.003903612242266081
24494,0.09465711869881885
24495,0.06793465270311
24496,0.002156701558838716
24497,0.04549927598198026
24498,0.16995123122871555
24499,0.005726199405108895
24500,0.0031856032039110824
24501,0.14287317457230375
24502,0.02673575882642712
24503,0.0033508161912900476
24504,0.0028459396953086505
24505,0.0012697504267830662
24506,0.01982504675317904
24507,0.003010691554224839
24508,0.0007712869938811265
24509,0.04043287845488651
24510,0.03281780528745185
24511,0.30376875797556563
24512,0.07779489284901497
24513,0.001109193521765315
24514,0.9203635995171208
24515,0.11618103684011898
24516,0.007327663811559977
24517,0.0017639111000481013
24518,0.9927502737696129
24519,0.9828209057747685
24520,0.0032597237155696014
24521,0.03436909223793422
24522,0.003970494536942217
24523,0.7290552889489891
24524,0.016202956476177283
24525,0.2047490811096436
24526,0.0008569075655063953
24527,0.0012044720977633986
24528,0.02307971140563891
24529,0.006024578684564306
24530,0.014708936998231259
24531,0.00180644579477434
24532,0.9920631434110074
24533,0.6443392283779928
24534,0.19564462753494763
24535,0.11489371953117045
24536,0.3111318791600986
24537,0.05922890558088496
24538,0.056808634071053306
24539,0.2572481739423496
24540,0.9436488690199955
24541,0.012861594531100777
24542,0.13135759549206477
24543,0.047787127653773534
24544,0.21681503370651736
24545,0.00751307753726838
24546,0.23497560867474707
24547,0.06469197646559259
24548,0.9386880994237682
24549,0.03433590835322341
24550,0.010542252630951642
24551,0.0014540632351474853
24552,0.004113995707653063
24553,0.0028417401855416425
24554,0.01873869891650229
24555,0.04043855248028367
24556,0.0032805883616270114
24557,0.11534708104947658
24558,0.983834721616088
24559,0.08915025921388949
24560,0.9630028831018502
24561,0.5137687190123401
24562,0.9867849780498573
24563,0.009820136687366858
24564,0.004466564938938649
24565,0.07174135277659915
24566,0.0331761631490431
24567,0.01272246768936883
24568,0.26912990310123214
24569,0.004925492658974576
24570,0.30453875379368406
24571,0.0019467389411871427
24572,0.05877637622706575
24573,0.0006642815918238281
24574,0.007408543402783782
24575,0.004972819358544564
24576,0.9771627483170525
24577,0.009437505584596705
24578,0.005052052408877866
24579,0.9537221119880964
24580,0.0053416959573935165
24581,0.9958322089422387
24582,0.4198732243476206
24583,0.9781020428024424
24584,0.9758845448720893
24585,0.0013181689733893077
24586,0.02024119641197247
24587,0.1310552123137416
24588,0.017060535837675795
24589,0.006759644688870842
24590,0.3626675305661655
24591,0.0027999100406274203
24592,0.17587878717004207
24593,0.021466691798282447
24594,0.3471582589064976
24595,0.010438758035667055
24596,0.9732524675490276
24597,0.040696224601504016
24598,0.008458939565795805
24599,0.006760473290781433
24600,0.1938377819714708
24601,0.21296834978511942
24602,0.00396457905048688
24603,0.0035317056162389024
24604,0.0025973701607829615
24605,0.025339285369358377
24606,0.9305838359263355
24607,0.0027957453093356496
24608,0.026243944326580677
24609,0.305474446070248
24610,0.0010137818953158966
24611,0.0015534692568797963
24612,0.7134448031286791
24613,0.02177829525858511
24614,0.0018647780987915848
24615,0.0720354764021994
24616,0.9765080437440513
24617,0.07212363355890666
24618,0.9413577944674391
24619,0.04647124877765545
24620,0.12270280862171558
24621,0.7276992633817937
24622,0.004007659127377038
24623,0.2166757570774453
24624,0.002814640245715576
24625,0.8571134533828649
24626,0.29837532447371995
24627,0.009810157837354963
24628,0.17821441775483055
24629,0.017629544359021438
24630,0.4146487351439282
24631,0.006280040180884323
24632,0.0017004655798235407
24633,0.0018400795264848465
24634,0.2937009058401963
24635,0.08829383503191975
24636,0.0968354316963666
24637,0.18749496438889224
24638,0.004358346081997128
24639,0.017602637644970436
24640,0.004823284785564742
24641,0.7379087416049107
24642,0.7528942713324794
24643,0.005463039678045914
24644,0.045949078929660186
24645,0.09936888294415588
24646,0.6524007307814637
24647,0.2355719734606177
24648,0.18841687990938763
24649,0.030765578641046728
24650,0.029776995595602054
24651,0.0066755310045530205
24652,0.15353714833956578
24653,0.22240889492846302
24654,0.9737909961665232
24655,0.006288876950832459
24656,0.006021049312657795
24657,0.8736209968422991
24658,0.42528790301735664
24659,0.002614360478492338
24660,0.006311586477093799
24661,0.0709055545989516
24662,0.8713049506615989
24663,0.0026041410190293843
24664,0.03344666311387631
24665,0.011320575707859788
24666,0.0024246279461003816
24667,0.09153422953635403
24668,0.7141177928442779
24669,0.5582298560741963
24670,0.708532244343844
24671,0.9947290023021493
24672,0.04930365427743008
24673,0.0017653113937084143
24674,0.258632787511489
24675,0.003090017947027164
24676,0.0026868591605561164
24677,0.9580641150737289
24678,0.9747458989590017
24679,0.06832215337966151
24680,0.8617632490957291
24681,0.008602115575088803
24682,0.0007176488393049136
24683,0.05112695581348919
24684,0.976456602010808
24685,0.06086904005806106
24686,0.08805687858283885
24687,0.09019793295723531
24688,0.5447192670522939
24689,0.6543296513490677
24690,0.004526551836763172
24691,0.0023846086743167824
24692,0.9465790664430667
24693,0.04689557862372345
24694,0.03874314971311352
24695,0.013238986477831062
24696,0.24635958974925654
24697,0.0011982423075762977
24698,0.011540824535663703
24699,0.5392240766106723
24700,0.024729809676580825
24701,0.0014331051162563677
24702,0.052375501995900464
24703,0.009185237717315808
24704,0.051105906249498255
24705,0.3092422255518683
24706,0.1648008838221554
24707,0.3658604631431791
24708,0.037056931037900774
24709,0.1040943148503418
24710,0.020949883536217254
24711,0.044625672990177806
24712,0.5572746367609198
24713,0.05788113413632323
24714,0.264047624910893
24715,0.047446108296311025
24716,0.6369054081463282
24717,0.015009874016096375
24718,0.0034251249240810533
24719,0.14971737434156931
24720,0.25637470044274036
24721,0.26196715241316015
24722,0.0014007179577211805
24723,0.002059678582606507
24724,0.03997013155817414
24725,0.5564757230807781
24726,0.17980217914187036
24727,0.006697723399787492
24728,0.7706704621308192
24729,0.01396398875161884
24730,0.0020361897747775038
24731,0.08272067654420566
24732,0.05554526380034656
24733,0.07381320290022102
24734,0.2292288642339819
24735,0.001685798227254965
24736,0.29475807618712296
24737,0.0016398864812747597
24738,0.2478507260990165
24739,0.001771861251441872
24740,0.19766161192239343
24741,0.05409595538763577
24742,0.5930405913118362
24743,0.004096326040823844
24744,0.06065928142145463
24745,0.1269123292165936
24746,0.009603995679077687
24747,0.038598626213726006
24748,0.6017437705068487
24749,0.006119955589126682
24750,0.059328824034311396
24751,0.036087138523575514
24752,0.007661456307353957
24753,0.06244613783738232
24754,0.36818776306930334
24755,0.01306375315100194
24756,0.0016139677864734647
24757,0.2375279799826628
24758,0.012354260433031379
24759,0.001988038670153667
24760,0.0012932774577213769
24761,0.008032770247263787
24762,0.2969114455688761
24763,0.03564817470764028
24764,0.004924179528026115
24765,0.011534487504488978
24766,0.02054576695008918
24767,0.03404283286641725
24768,0.008916750025189457
24769,0.020307150930493317
24770,0.007764486788544853
24771,0.0026721285701526644
24772,0.08386746044647175
24773,0.03640958402880783
24774,0.10854160764992679
24775,0.005813672666414374
24776,0.13091840916190603
24777,0.008568730562906286
24778,0.8395161505941152
24779,0.003237015831485391
24780,0.010449138188611748
24781,0.004809153632263939
24782,0.9339272677177678
24783,0.042429508497100234
24784,0.28545828670126483
24785,0.2632359835850694
24786,0.18767770314562515
24787,0.009182590023773782
24788,0.825823941267179
24789,0.028537513093786045
24790,0.0018128509283732823
24791,0.29903887266844537
24792,0.0024455846457579608
24793,0.5665288768269677
24794,0.0070926927010358755
24795,0.004245869990711098
24796,0.9822717399191265
24797,0.004055505921937664
24798,0.0018487784845053956
24799,0.021812495660768195
24800,0.011165481887009094
24801,0.0009717903610837295
24802,0.8234477452627728
24803,0.001059467470807615
24804,0.005328010292068698
24805,0.07750972181557103
24806,0.003938164812480199
24807,0.12317993648296123
24808,0.000898118981233329
24809,0.174937025351923
24810,0.010507183409211064
24811,0.026756228044029325
24812,0.0039483221708951945
24813,0.20190126799356792
24814,0.07748967811968148
24815,0.0055989408855152065
24816,0.0016735661199759973
24817,0.021660770063345314
24818,0.01865004871097571
24819,0.40929739649993857
24820,0.7838352903591762
24821,0.003337034118645441
24822,0.011185646640615962
24823,0.0938081669399218
24824,0.14728129790598368
24825,0.00305385739614588
24826,0.8593015449425984
24827,0.0027387596438771897
24828,0.01753087180920916
24829,0.020349011256217776
24830,0.6183671391540573
24831,0.00540052163614531
24832,0.005771887282353647
24833,0.07022266044493591
24834,0.04437952698363225
24835,0.05280918995507971
24836,0.050300117597244426
24837,0.0017403638383071878
24838,0.6733159308593654
24839,0.19783453873822926
24840,0.8627885234556874
24841,0.928525637160375
24842,0.0005939900006023392
24843,0.09846933193683022
24844,0.004979226326879895
24845,0.002641514282244353
24846,0.003489294408735059
24847,0.7584304979957379
24848,0.009419576830419323
24849,0.015475476451299465
24850,0.018621006903458078
24851,0.5929154613572731
24852,0.41646289040233575
24853,0.02004322355459777
24854,0.003099266812724321
24855,0.9856074801728929
24856,0.0024604581683465364
24857,0.014179545173418545
24858,0.04221590439027297
24859,0.027207090888319373
24860,0.1831662442812015
24861,0.20431118115720298
24862,0.0015779972273051986
24863,0.2961894324115698
24864,0.013831280093422528
24865,0.2752833783688191
24866,0.9959639197638386
24867,0.874375930776828
24868,0.007230003098251101
24869,0.04821406048813564
24870,0.6284346864744111
24871,0.06245900763848615
24872,0.007234585295754042
24873,0.01035218253733957
24874,0.06865624221345654
24875,0.05193772503787719
24876,0.11991959152270658
24877,0.20478122118283085
24878,0.02163020172597852
24879,0.2144469098091293
24880,0.1444070791383436
24881,0.0802979229511933
24882,0.015063344853798875
24883,0.7952450233219864
24884,0.1908397489537353
24885,0.22603098149176723
24886,0.17551884557706618
24887,0.011643547231241967
24888,0.01632475441624273
24889,0.9266876003390475
24890,0.02102705080339798
24891,0.06180879694369297
24892,0.020079446069414548
24893,0.14394618337216764
24894,0.013585052723924497
24895,0.9870386041982951
24896,0.9854887670853674
24897,0.052115987555031704
24898,0.9808948232246104
24899,0.0203760891466526
24900,0.049644690776812266
24901,0.006987720343451166
24902,0.3249309097986976
24903,0.010172237153227664
24904,0.009337985353564233
24905,0.7642154855982193
24906,0.03213018007561104
24907,0.3829867455188663
24908,0.3401925336529657
24909,0.004729527153308085
24910,0.005915582721443758
24911,0.00295867700133115
24912,0.036859927641794216
24913,0.017078468057311003
24914,0.0017712849117115493
24915,0.014973420666895814
24916,0.8874764095494666
24917,0.017068826328631326
24918,0.900902493126324
24919,0.003248676860331185
24920,0.06737619902282715
24921,0.7243362357108317
24922,0.0023747287225662434
24923,0.027526444686949425
24924,0.006618230166777016
24925,0.03980016651996891
24926,0.001199767511721719
24927,0.06029009494566297
24928,0.06902256865291005
24929,0.048811383640568785
24930,0.2988815570822394
24931,0.9872500914547735
24932,0.04495839672698603
24933,0.02482218143060828
24934,0.002218096367522359
24935,0.05141689787721966
24936,0.09242488034741614
24937,0.9485138923027775
24938,0.9817634272067741
24939,0.051742604746591064
24940,0.009083921790286964
24941,0.03368927502547218
24942,0.004848121802971473
24943,0.0012280537583998022
24944,0.002767135871589928
24945,0.004910735227893428
24946,0.0035056318096536956
24947,0.022225862349185943
24948,0.003854722709493794
24949,0.004732488566347883
24950,0.02701914513035218
24951,0.043042393150074305
24952,0.06361618046949148
24953,0.017893430031699763
24954,0.07829432821535079
24955,0.09255493495964602
24956,0.015216853469703882
24957,0.003565582666276948
24958,0.002620666936569638
24959,0.16239869974566845
24960,0.6142699521592702
24961,0.007276242909125487
24962,0.0024321723845907458
24963,0.0012322373968259492
24964,0.007011735844507759
24965,0.002799067547268543
24966,0.8543312746085013
24967,0.001868205287131479
24968,0.03616906327104853
24969,0.7802754249192255
24970,0.7169163481576046
24971,0.03722863414454399
24972,0.00871892891309766
24973,0.008636628874419976
24974,0.013613718666681983
24975,0.2508631603436476
24976,0.17722957321126276
24977,0.0009370999248016663
24978,0.0026095062355120484
24979,0.16200459533814288
24980,0.00466613490914728
24981,0.3722624156364387
24982,0.012521814238478344
24983,0.022459231242166536
24984,0.03169381014042474
24985,0.33091135425763857
24986,0.9713658573150356
24987,0.05809734340592566
24988,0.004387579872275418
24989,0.8205989408934299
24990,0.9623583281260012
24991,0.34775565304482076
24992,0.0013451079197522127
24993,0.02579465439232224
24994,0.9817488265205359
24995,0.0047646271340690185
24996,0.006691008823370538
24997,0.0014278964098384072
24998,0.10197799459924921
24999,0.07315338901506639
