id,Exited
15000,0.08317149
15001,0.010114005
15002,0.023269344
15003,0.5679854
15004,0.024847567
15005,0.35590118
15006,0.02449695
15007,0.04897662
15008,0.01856473
15009,0.013371211
15010,0.058992792
15011,0.9836676
15012,0.054426044
15013,0.12561552
15014,0.038998026
15015,0.007661994
15016,0.043990936
15017,0.0061689424
15018,0.48042122
15019,0.020697454
15020,0.008188727
15021,0.0076287803
15022,0.9868547
15023,0.1798358
15024,0.013268386
15025,0.6985667
15026,0.75868106
15027,0.026210623
15028,0.11935387
15029,0.70182145
15030,0.6514276
15031,0.5306154
15032,0.11193976
15033,0.19440491
15034,0.774106
15035,0.02760329
15036,0.012452421
15037,0.7236558
15038,0.027394136
15039,0.018562373
15040,0.23454975
15041,0.0041158884
15042,0.0061566
15043,0.016102286
15044,0.002487792
15045,0.028670684
15046,0.20182124
15047,0.89622456
15048,0.008633352
15049,0.48758924
15050,0.017081946
15051,0.03327643
15052,0.021686107
15053,0.514058
15054,0.1400692
15055,0.011624411
15056,0.0050827344
15057,0.9601797
15058,0.8786085
15059,0.09498415
15060,0.0055909134
15061,0.0042318846
15062,0.7814486
15063,0.7616602
15064,0.014325162
15065,0.021570625
15066,0.025996652
15067,0.9776586
15068,0.9400019
15069,0.017142484
15070,0.8677973
15071,0.010369938
15072,0.6093092
15073,0.63957506
15074,0.013775249
15075,0.007848768
15076,0.0023012836
15077,0.024862379
15078,0.0031289093
15079,0.09018738
15080,0.8801755
15081,0.05443033
15082,0.05961764
15083,0.085311495
15084,0.009589374
15085,0.015055725
15086,0.74618936
15087,0.0037773259
15088,0.023497535
15089,0.027336447
15090,0.014032981
15091,0.01020796
15092,0.004415273
15093,0.09724395
15094,0.010197675
15095,0.018535158
15096,0.46686333
15097,0.005195314
15098,0.013440459
15099,0.19562678
15100,0.006972959
15101,0.75949943
15102,0.66953707
15103,0.44021755
15104,0.24836043
15105,0.061352998
15106,0.083741546
15107,0.9880937
15108,0.015866263
15109,0.007182395
15110,0.27798823
15111,0.0211028
15112,0.201899
15113,0.012303591
15114,0.015848223
15115,0.023040902
15116,0.0029272968
15117,0.926653
15118,0.049572095
15119,0.039625693
15120,0.008388057
15121,0.18115243
15122,0.009027461
15123,0.023670994
15124,0.24786341
15125,0.0054080514
15126,0.9251859
15127,0.0039089094
15128,0.06167828
15129,0.07050519
15130,0.0020826873
15131,0.8350323
15132,0.046143156
15133,0.05371641
15134,0.004774348
15135,0.7267856
15136,0.5567904
15137,0.18893181
15138,0.07230877
15139,0.0076832874
15140,0.011601752
15141,0.94405997
15142,0.003985939
15143,0.90422994
15144,0.2219894
15145,0.012716924
15146,0.014869327
15147,0.5961477
15148,0.015073124
15149,0.98387367
15150,0.054153603
15151,0.21314186
15152,0.9279382
15153,0.10539758
15154,0.8447319
15155,0.18282816
15156,0.0066383607
15157,0.07549591
15158,0.31215897
15159,0.71241903
15160,0.30283546
15161,0.0031116474
15162,0.004196993
15163,0.011931746
15164,0.0020624178
15165,0.053129595
15166,0.95463103
15167,0.14389786
15168,0.05848847
15169,0.012253418
15170,0.26740748
15171,0.0064316513
15172,0.045388363
15173,0.9785782
15174,0.7386045
15175,0.1065821
15176,0.0066608973
15177,0.14646974
15178,0.11483831
15179,0.020939851
15180,0.44139242
15181,0.9885421
15182,0.10602858
15183,0.52727205
15184,0.009157565
15185,0.5966467
15186,0.027118852
15187,0.0059653055
15188,0.0153185995
15189,0.009772444
15190,0.059565462
15191,0.00752712
15192,0.1522284
15193,0.1649479
15194,0.6756814
15195,0.13430484
15196,0.32894465
15197,0.004111694
15198,0.56953377
15199,0.03096107
15200,0.14825375
15201,0.0095243165
15202,0.0044172565
15203,0.0038120016
15204,0.004165817
15205,0.11215248
15206,0.06146359
15207,0.09024009
15208,0.021366121
15209,0.053370338
15210,0.009221713
15211,0.06520681
15212,0.67876947
15213,0.017290654
15214,0.02719243
15215,0.040121485
15216,0.7726254
15217,0.042333435
15218,0.031592965
15219,0.008476718
15220,0.034746364
15221,0.01963995
15222,0.086021826
15223,0.025934305
15224,0.011970304
15225,0.6193912
15226,0.4887712
15227,0.018962217
15228,0.70963037
15229,0.12722278
15230,0.9425503
15231,0.39928356
15232,0.025117826
15233,0.06327339
15234,0.9962553
15235,0.004242586
15236,0.23619716
15237,0.119565606
15238,0.0048283515
15239,0.0133226905
15240,0.22203828
15241,0.02413529
15242,0.21827532
15243,0.80108315
15244,0.012497807
15245,0.7800658
15246,0.24173807
15247,0.07777559
15248,0.35253292
15249,0.028244797
15250,0.010638996
15251,0.018350959
15252,0.45083192
15253,0.088225424
15254,0.013019602
15255,0.005982572
15256,0.0049746097
15257,0.03681883
15258,0.87554747
15259,0.07617565
15260,0.004233806
15261,0.9819677
15262,0.02059689
15263,0.9052587
15264,0.1900343
15265,0.3364342
15266,0.048802987
15267,0.05083246
15268,0.008793095
15269,0.011536917
15270,0.062971555
15271,0.033534072
15272,0.072312176
15273,0.043902252
15274,0.96320355
15275,0.9525022
15276,0.09164982
15277,0.010074077
15278,0.006360897
15279,0.040034823
15280,0.9783441
15281,0.015635494
15282,0.18358597
15283,0.63836485
15284,0.0071601374
15285,0.9342788
15286,0.0024546445
15287,0.017017823
15288,0.008518444
15289,0.0376407
15290,0.0032004458
15291,0.00837026
15292,0.10360648
15293,0.9843747
15294,0.020175146
15295,0.09711584
15296,0.046430398
15297,0.009529922
15298,0.0036290488
15299,0.0026387486
15300,0.028952684
15301,0.1659552
15302,0.19148926
15303,0.004333695
15304,0.015136854
15305,0.20420405
15306,0.033614457
15307,0.6065001
15308,0.0033295692
15309,0.94759804
15310,0.78184915
15311,0.3427742
15312,0.009900817
15313,0.011631409
15314,0.0067193476
15315,0.005751967
15316,0.08496664
15317,0.03347707
15318,0.5227961
15319,0.0027911817
15320,0.018149117
15321,0.008671492
15322,0.035483126
15323,0.003947542
15324,0.8593941
15325,0.0019359897
15326,0.012011118
15327,0.4706743
15328,0.106416926
15329,0.003620825
15330,0.022430187
15331,0.027539872
15332,0.0072167884
15333,0.022407211
15334,0.18591161
15335,0.0152114555
15336,0.1440155
15337,0.046975773
15338,0.18412143
15339,0.013834772
15340,0.006255003
15341,0.0048204414
15342,0.97794193
15343,0.07765059
15344,0.072896376
15345,0.17780091
15346,0.89825773
15347,0.06577317
15348,0.03572657
15349,0.013741816
15350,0.02138448
15351,0.010706544
15352,0.04239134
15353,0.4809612
15354,0.010259059
15355,0.06622684
15356,0.79610926
15357,0.004548242
15358,0.032873947
15359,0.0017873811
15360,0.008800488
15361,0.003937277
15362,0.021252796
15363,0.030867439
15364,0.029287752
15365,0.617168
15366,0.28049338
15367,0.7942443
15368,0.013737422
15369,0.028719332
15370,0.4613003
15371,0.012026016
15372,0.026822353
15373,0.30604202
15374,0.224307
15375,0.051727172
15376,0.38428402
15377,0.76329434
15378,0.10419089
15379,0.86606354
15380,0.79506594
15381,0.0075857583
15382,0.0069782534
15383,0.010143751
15384,0.5542417
15385,0.11324701
15386,0.10052342
15387,0.056351684
15388,0.011874123
15389,0.04439452
15390,0.19411324
15391,0.28767794
15392,0.003067659
15393,0.0047761197
15394,0.0045609907
15395,0.0064094365
15396,0.06908877
15397,0.010660158
15398,0.0134178735
15399,0.007785522
15400,0.7507343
15401,0.12373247
15402,0.009367326
15403,0.036860876
15404,0.043833837
15405,0.023591598
15406,0.2390005
15407,0.046707757
15408,0.06647816
15409,0.5732538
15410,0.38303164
15411,0.0067017614
15412,0.05368175
15413,0.83669776
15414,0.9818646
15415,0.009544139
15416,0.007895476
15417,0.38245007
15418,0.038785756
15419,0.3825328
15420,0.034326155
15421,0.018775824
15422,0.14322273
15423,0.10940019
15424,0.009851163
15425,0.93306667
15426,0.5744164
15427,0.03719353
15428,0.06730678
15429,0.051872745
15430,0.0035299857
15431,0.008621007
15432,0.036567688
15433,0.003531942
15434,0.010533792
15435,0.008940325
15436,0.040058624
15437,0.07573779
15438,0.020914786
15439,0.025216315
15440,0.015251401
15441,0.9588483
15442,0.7212736
15443,0.6025991
15444,0.008788304
15445,0.010158681
15446,0.0957493
15447,0.008023709
15448,0.9132211
15449,0.03047485
15450,0.018783472
15451,0.019563247
15452,0.61059767
15453,0.046530146
15454,0.14794745
15455,0.95158756
15456,0.08076982
15457,0.005419703
15458,0.09751492
15459,0.67810047
15460,0.31834
15461,0.057272784
15462,0.037221994
15463,0.011972775
15464,0.9501702
15465,0.25394094
15466,0.007194731
15467,0.8450179
15468,0.0071588936
15469,0.032849655
15470,0.003875654
15471,0.0077886577
15472,0.098227754
15473,0.06937511
15474,0.16155307
15475,0.36597627
15476,0.37915653
15477,0.043920502
15478,0.0055907518
15479,0.045950193
15480,0.82233465
15481,0.9881909
15482,0.06055376
15483,0.9896208
15484,0.01437726
15485,0.43802106
15486,0.01048128
15487,0.9663715
15488,0.007572438
15489,0.112187095
15490,0.9441828
15491,0.62606615
15492,0.90145737
15493,0.07945591
15494,0.049103685
15495,0.7336561
15496,0.032545026
15497,0.0057676053
15498,0.9753177
15499,0.2424882
15500,0.010124164
15501,0.0021834737
15502,0.040611465
15503,0.9848261
15504,0.08152677
15505,0.024416603
15506,0.11150383
15507,0.0016646001
15508,0.34907165
15509,0.009716742
15510,0.10718613
15511,0.013996964
15512,0.0052713957
15513,0.010543981
15514,0.03413185
15515,0.005345796
15516,0.088248305
15517,0.25878826
15518,0.012390004
15519,0.028330661
15520,0.22925968
15521,0.0684256
15522,0.08188038
15523,0.04313073
15524,0.05682543
15525,0.0019787194
15526,0.0048127207
15527,0.017068166
15528,0.005907545
15529,0.035464443
15530,0.005873638
15531,0.08939572
15532,0.021796294
15533,0.15652494
15534,0.0058840634
15535,0.18788531
15536,0.2680679
15537,0.012658959
15538,0.060625542
15539,0.014944678
15540,0.029123342
15541,0.025866661
15542,0.010623874
15543,0.0068756226
15544,0.01353064
15545,0.03645008
15546,0.6526997
15547,0.13579513
15548,0.0064861397
15549,0.855679
15550,0.0052099535
15551,0.011909893
15552,0.017596005
15553,0.016909475
15554,0.2952891
15555,0.0070228735
15556,0.008278109
15557,0.008489749
15558,0.06780082
15559,0.047980174
15560,0.013386367
15561,0.019528553
15562,0.013199778
15563,0.010929413
15564,0.019358858
15565,0.063209936
15566,0.023387956
15567,0.012513665
15568,0.008561682
15569,0.009362
15570,0.22711615
15571,0.5784855
15572,0.9596542
15573,0.04139008
15574,0.008586151
15575,0.032281473
15576,0.04359363
15577,0.7589805
15578,0.87795234
15579,0.42980376
15580,0.006473103
15581,0.1083081
15582,0.0137219
15583,0.010885069
15584,0.046548717
15585,0.93507046
15586,0.00523557
15587,0.006749275
15588,0.042173006
15589,0.0122757675
15590,0.018625082
15591,0.05671299
15592,0.043752596
15593,0.9808303
15594,0.7649956
15595,0.01952173
15596,0.8358152
15597,0.8229968
15598,0.15169375
15599,0.11771291
15600,0.6571568
15601,0.422945
15602,0.012136578
15603,0.0039510475
15604,0.33692527
15605,0.036290865
15606,0.014306659
15607,0.019426018
15608,0.010379299
15609,0.012385564
15610,0.8858776
15611,0.0031849502
15612,0.109218985
15613,0.21741225
15614,0.061916187
15615,0.122632205
15616,0.0044391314
15617,0.9458138
15618,0.2902654
15619,0.006435797
15620,0.12726782
15621,0.011855009
15622,0.013336613
15623,0.06012579
15624,0.019001355
15625,0.9553463
15626,0.016434543
15627,0.34321728
15628,0.020630183
15629,0.04145857
15630,0.012372395
15631,0.26026064
15632,0.005324768
15633,0.009388948
15634,0.083466575
15635,0.31859258
15636,0.025213175
15637,0.10119661
15638,0.017834116
15639,0.4272323
15640,0.26602235
15641,0.20307495
15642,0.2529762
15643,0.010837693
15644,0.18894614
15645,0.026914235
15646,0.04409801
15647,0.0095965685
15648,0.13467252
15649,0.0985354
15650,0.006798662
15651,0.0104788225
15652,0.007295018
15653,0.37706286
15654,0.130201
15655,0.81973773
15656,0.49193272
15657,0.79620826
15658,0.0067526386
15659,0.03608945
15660,0.025543876
15661,0.2347792
15662,0.021058956
15663,0.021762738
15664,0.077252515
15665,0.124219716
15666,0.0061028213
15667,0.034101162
15668,0.015957782
15669,0.21162324
15670,0.8074163
15671,0.014166991
15672,0.0033542614
15673,0.1687749
15674,0.19688462
15675,0.81042266
15676,0.006648163
15677,0.66045123
15678,0.019037066
15679,0.011152246
15680,0.052068967
15681,0.0047034076
15682,0.0071381307
15683,0.019653175
15684,0.030164454
15685,0.02257544
15686,0.6992871
15687,0.006600559
15688,0.5979942
15689,0.25549793
15690,0.17948103
15691,0.0056680157
15692,0.045553073
15693,0.14496088
15694,0.005391406
15695,0.03035451
15696,0.020822342
15697,0.00640289
15698,0.25920314
15699,0.0076467674
15700,0.007723104
15701,0.21837883
15702,0.030403508
15703,0.23268813
15704,0.0025714403
15705,0.976848
15706,0.16518149
15707,0.030514581
15708,0.67580324
15709,0.0074235504
15710,0.90660614
15711,0.34908113
15712,0.0066395337
15713,0.005549159
15714,0.0047242423
15715,0.83532494
15716,0.0451814
15717,0.01538989
15718,0.021048967
15719,0.9734221
15720,0.3543536
15721,0.04123787
15722,0.0038854158
15723,0.0041373773
15724,0.04410407
15725,0.014205
15726,0.025725028
15727,0.013621956
15728,0.009056933
15729,0.928828
15730,0.09194659
15731,0.0064561786
15732,0.9836251
15733,0.4052448
15734,0.03384073
15735,0.5260192
15736,0.021895304
15737,0.34487522
15738,0.006945466
15739,0.005037048
15740,0.05362296
15741,0.063636325
15742,0.91810703
15743,0.677742
15744,0.006813608
15745,0.007235983
15746,0.040509608
15747,0.50288165
15748,0.28357676
15749,0.0039825253
15750,0.027960392
15751,0.0041217073
15752,0.4352609
15753,0.03441855
15754,0.006649205
15755,0.15158856
15756,0.0034208032
15757,0.0069161835
15758,0.18012251
15759,0.07758963
15760,0.13606438
15761,0.15559992
15762,0.7298633
15763,0.96300197
15764,0.014686304
15765,0.027988795
15766,0.024477871
15767,0.0054703928
15768,0.0065898593
15769,0.008751095
15770,0.1989727
15771,0.093584105
15772,0.0034905705
15773,0.03303189
15774,0.038867418
15775,0.027906649
15776,0.3095973
15777,0.7407727
15778,0.9802099
15779,0.17621846
15780,0.7197565
15781,0.026562631
15782,0.028342439
15783,0.015083711
15784,0.045481
15785,0.014132755
15786,0.0103088645
15787,0.008111221
15788,0.6103132
15789,0.7203449
15790,0.019668197
15791,0.0048117754
15792,0.95812297
15793,0.012092226
15794,0.026231922
15795,0.16334882
15796,0.0034391626
15797,0.2569321
15798,0.98279804
15799,0.015405193
15800,0.28269187
15801,0.73432577
15802,0.53125906
15803,0.16600639
15804,0.02662027
15805,0.030786732
15806,0.011022009
15807,0.551621
15808,0.35880205
15809,0.009293802
15810,0.94344974
15811,0.17488055
15812,0.07042166
15813,0.0036024218
15814,0.013096016
15815,0.022964971
15816,0.14301774
15817,0.038260628
15818,0.046739012
15819,0.028321723
15820,0.027463501
15821,0.760824
15822,0.107767515
15823,0.056780078
15824,0.008256993
15825,0.00735536
15826,0.010253102
15827,0.061323907
15828,0.0085605355
15829,0.46678758
15830,0.9357808
15831,0.052865177
15832,0.04641384
15833,0.7765885
15834,0.0487567
15835,0.006030249
15836,0.0042567933
15837,0.2199618
15838,0.0039402647
15839,0.0032685832
15840,0.0049065836
15841,0.0067606578
15842,0.059116796
15843,0.07494225
15844,0.06603482
15845,0.5987172
15846,0.61664784
15847,0.025290322
15848,0.044287167
15849,0.06567734
15850,0.0027048846
15851,0.024618428
15852,0.01644762
15853,0.033245232
15854,0.003728497
15855,0.17399691
15856,0.056222413
15857,0.08427793
15858,0.013134053
15859,0.7461635
15860,0.0055620256
15861,0.4516032
15862,0.018286582
15863,0.032613885
15864,0.9979786
15865,0.25005803
15866,0.026427267
15867,0.084631875
15868,0.0064461567
15869,0.014781346
15870,0.005959221
15871,0.011794582
15872,0.104749426
15873,0.4465171
15874,0.0046664
15875,0.036028273
15876,0.005469604
15877,0.013608714
15878,0.29298568
15879,0.8339306
15880,0.013585453
15881,0.017112372
15882,0.024542766
15883,0.013496911
15884,0.07138711
15885,0.014201922
15886,0.33470392
15887,0.03168699
15888,0.14318
15889,0.020852687
15890,0.010757421
15891,0.9766219
15892,0.009783982
15893,0.30910614
15894,0.0066107786
15895,0.025435098
15896,0.123975314
15897,0.7299187
15898,0.029213965
15899,0.012919622
15900,0.20676506
15901,0.36627042
15902,0.025112541
15903,0.74920577
15904,0.0037760788
15905,0.028719498
15906,0.031085733
15907,0.17932607
15908,0.037914973
15909,0.18457331
15910,0.034877717
15911,0.20398037
15912,0.018526755
15913,0.009497423
15914,0.41068864
15915,0.025841497
15916,0.029739477
15917,0.010991016
15918,0.01516619
15919,0.20592827
15920,0.19174126
15921,0.31681257
15922,0.012334462
15923,0.003804751
15924,0.7324982
15925,0.006084312
15926,0.0092216395
15927,0.9331091
15928,0.08575851
15929,0.8105367
15930,0.94884527
15931,0.26088107
15932,0.021489698
15933,0.7437396
15934,0.010267841
15935,0.0058453036
15936,0.011377187
15937,0.0053586583
15938,0.11066543
15939,0.009149305
15940,0.076904066
15941,0.12128657
15942,0.007943478
15943,0.030645264
15944,0.0067379526
15945,0.0035661045
15946,0.047358796
15947,0.0045836745
15948,0.58020455
15949,0.9626064
15950,0.0051262476
15951,0.013892603
15952,0.9908998
15953,0.21800692
15954,0.02117066
15955,0.1244221
15956,0.011712091
15957,0.019269587
15958,0.9666664
15959,0.33744743
15960,0.011212997
15961,0.8822415
15962,0.015041739
15963,0.0060916496
15964,0.10541861
15965,0.092316754
15966,0.97421503
15967,0.015105112
15968,0.19918619
15969,0.004946169
15970,0.07497611
15971,0.07337424
15972,0.9960978
15973,0.0067160637
15974,0.0923346
15975,0.07107273
15976,0.005409347
15977,0.06242765
15978,0.23582281
15979,0.02280736
15980,0.008985344
15981,0.010445658
15982,0.0060219374
15983,0.020639617
15984,0.006473934
15985,0.1820176
15986,0.18079405
15987,0.012438532
15988,0.017213615
15989,0.040549558
15990,0.83754647
15991,0.002164744
15992,0.9715432
15993,0.041572005
15994,0.007100411
15995,0.017999807
15996,0.9347396
15997,0.21647656
15998,0.017482163
15999,0.016814357
16000,0.6270643
16001,0.011147661
16002,0.01461688
16003,0.008797456
16004,0.042077973
16005,0.2561697
16006,0.025829041
16007,0.06537097
16008,0.006477493
16009,0.7330208
16010,0.0050476743
16011,0.76806176
16012,0.017329944
16013,0.003434717
16014,0.0108685605
16015,0.17545247
16016,0.7993119
16017,0.19463924
16018,0.13649592
16019,0.056743816
16020,0.022079138
16021,0.0060475706
16022,0.0061995294
16023,0.039657287
16024,0.013479248
16025,0.008958959
16026,0.8800049
16027,0.005722886
16028,0.029651796
16029,0.02285897
16030,0.012161375
16031,0.030216103
16032,0.41442832
16033,0.057175785
16034,0.7094822
16035,0.016013993
16036,0.12789157
16037,0.12513067
16038,0.24652852
16039,0.05685013
16040,0.11571592
16041,0.9946479
16042,0.08327113
16043,0.009616003
16044,0.0035723962
16045,0.9763283
16046,0.42460752
16047,0.26482683
16048,0.093472056
16049,0.021193499
16050,0.013286897
16051,0.0077859564
16052,0.0179146
16053,0.0057185763
16054,0.36716974
16055,0.0949243
16056,0.14951222
16057,0.78620005
16058,0.62333447
16059,0.09043407
16060,0.7350308
16061,0.04368636
16062,0.013847465
16063,0.0035811295
16064,0.0065566725
16065,0.007584617
16066,0.00835581
16067,0.00919474
16068,0.2083682
16069,0.03471889
16070,0.7317596
16071,0.005596043
16072,0.017691106
16073,0.4347831
16074,0.011046767
16075,0.109475
16076,0.37747613
16077,0.6444918
16078,0.90165824
16079,0.4192555
16080,0.017722158
16081,0.018983439
16082,0.21960238
16083,0.047843162
16084,0.006098342
16085,0.011011265
16086,0.5657323
16087,0.010801394
16088,0.005681765
16089,0.004971844
16090,0.9691862
16091,0.11567369
16092,0.029128667
16093,0.12358764
16094,0.649585
16095,0.2021971
16096,0.017481452
16097,0.28705376
16098,0.21953133
16099,0.24990845
16100,0.0056407233
16101,0.01774082
16102,0.07176506
16103,0.01963486
16104,0.0045678006
16105,0.9369492
16106,0.06021758
16107,0.021275751
16108,0.9439766
16109,0.3172391
16110,0.013496352
16111,0.40085295
16112,0.023161791
16113,0.07313606
16114,0.0070977053
16115,0.9648261
16116,0.006960594
16117,0.0074578654
16118,0.0057726856
16119,0.64292276
16120,0.005660107
16121,0.0052567567
16122,0.032354556
16123,0.006351203
16124,0.011447641
16125,0.004229894
16126,0.086845204
16127,0.014334725
16128,0.05884609
16129,0.07704282
16130,0.8774611
16131,0.011769038
16132,0.53545684
16133,0.97692925
16134,0.36180145
16135,0.01604842
16136,0.011011794
16137,0.040617466
16138,0.0048841564
16139,0.0077891066
16140,0.003535649
16141,0.19499573
16142,0.012987771
16143,0.02137712
16144,0.0021084445
16145,0.03071063
16146,0.07878327
16147,0.19456741
16148,0.4224785
16149,0.92701954
16150,0.12095913
16151,0.0648693
16152,0.7590396
16153,0.45955926
16154,0.0043976237
16155,0.41492325
16156,0.006093275
16157,0.17561555
16158,0.25543565
16159,0.43545687
16160,0.24697864
16161,0.4549617
16162,0.007112783
16163,0.010055886
16164,0.77473825
16165,0.041693244
16166,0.009522621
16167,0.38125452
16168,0.025079008
16169,0.026462076
16170,0.017030712
16171,0.35630086
16172,0.02052541
16173,0.7364421
16174,0.17905365
16175,0.01652914
16176,0.014706521
16177,0.47554392
16178,0.013978347
16179,0.12603794
16180,0.003815092
16181,0.006233858
16182,0.08436608
16183,0.005329768
16184,0.017500939
16185,0.043248516
16186,0.80283177
16187,0.07462992
16188,0.053042334
16189,0.030357655
16190,0.00442318
16191,0.90124875
16192,0.9833889
16193,0.49409938
16194,0.97023195
16195,0.16460396
16196,0.17793201
16197,0.03574785
16198,0.031421885
16199,0.039460428
16200,0.010976817
16201,0.064998515
16202,0.14996262
16203,0.6885973
16204,0.010027833
16205,0.607998
16206,0.009888872
16207,0.028386608
16208,0.30697563
16209,0.13506588
16210,0.33456567
16211,0.4661833
16212,0.067782775
16213,0.09924891
16214,0.22974326
16215,0.04214359
16216,0.07098883
16217,0.54206437
16218,0.012202602
16219,0.018033056
16220,0.012829002
16221,0.14950836
16222,0.36771414
16223,0.98544484
16224,0.0028987979
16225,0.07214911
16226,0.03110015
16227,0.0033649793
16228,0.06590246
16229,0.21607366
16230,0.033251286
16231,0.49056312
16232,0.6559534
16233,0.601999
16234,0.94122106
16235,0.0036026754
16236,0.018857177
16237,0.47025868
16238,0.1363557
16239,0.01325431
16240,0.121671
16241,0.028132116
16242,0.012323575
16243,0.0834473
16244,0.1876846
16245,0.42953837
16246,0.016000241
16247,0.0053538694
16248,0.9682293
16249,0.16777545
16250,0.776988
16251,0.8706261
16252,0.004899174
16253,0.011800664
16254,0.0048604445
16255,0.07432042
16256,0.012393528
16257,0.009038575
16258,0.027431333
16259,0.13397333
16260,0.0082932925
16261,0.087472886
16262,0.025717046
16263,0.048116084
16264,0.020262547
16265,0.0057351687
16266,0.8930406
16267,0.011476048
16268,0.040979102
16269,0.018722827
16270,0.10389728
16271,0.008272748
16272,0.1399675
16273,0.032450724
16274,0.2549214
16275,0.022526927
16276,0.13698666
16277,0.97798216
16278,0.02696232
16279,0.3314488
16280,0.0032472922
16281,0.58824295
16282,0.020023366
16283,0.006676915
16284,0.18108934
16285,0.027231218
16286,0.017653674
16287,0.021305017
16288,0.28720167
16289,0.01916822
16290,0.0035364237
16291,0.009144019
16292,0.8855559
16293,0.7128834
16294,0.01804284
16295,0.13129094
16296,0.011521353
16297,0.7872751
16298,0.029163579
16299,0.9550588
16300,0.030427346
16301,0.23592225
16302,0.6827308
16303,0.010471349
16304,0.007830356
16305,0.21190897
16306,0.04191909
16307,0.87053937
16308,0.0069276793
16309,0.97282547
16310,0.08693587
16311,0.026566682
16312,0.79645973
16313,0.9896381
16314,0.0024348905
16315,0.79963493
16316,0.95803463
16317,0.016846683
16318,0.008634123
16319,0.3873323
16320,0.45144692
16321,0.006100094
16322,0.14842734
16323,0.0019072599
16324,0.0030713126
16325,0.078738175
16326,0.07167717
16327,0.017019475
16328,0.70237446
16329,0.07626424
16330,0.05471415
16331,0.0067417864
16332,0.090092406
16333,0.0075811255
16334,0.035589404
16335,0.032207143
16336,0.18659727
16337,0.0037312876
16338,0.008790852
16339,0.007826968
16340,0.009622727
16341,0.47406647
16342,0.012601984
16343,0.1667734
16344,0.025469575
16345,0.015634334
16346,0.87247336
16347,0.020719342
16348,0.014692247
16349,0.19367018
16350,0.012934194
16351,0.017179769
16352,0.0077735856
16353,0.009432417
16354,0.08072094
16355,0.7374054
16356,0.9797366
16357,0.9641627
16358,0.008086598
16359,0.0961262
16360,0.00837625
16361,0.898004
16362,0.04234925
16363,0.004531855
16364,0.018567476
16365,0.52161455
16366,0.7932523
16367,0.0067781787
16368,0.8991343
16369,0.11603978
16370,0.41808876
16371,0.026709128
16372,0.0056003355
16373,0.09800865
16374,0.04830374
16375,0.0058666174
16376,0.075947985
16377,0.22814766
16378,0.0045034327
16379,0.5780071
16380,0.5799619
16381,0.21631117
16382,0.016743338
16383,0.0033148134
16384,0.040339302
16385,0.052357357
16386,0.834239
16387,0.010930568
16388,0.017270207
16389,0.96275604
16390,0.28961647
16391,0.30532566
16392,0.019039705
16393,0.0022776395
16394,0.0036410466
16395,0.010813005
16396,0.47210473
16397,0.05907187
16398,0.89853877
16399,0.0037703628
16400,0.09660409
16401,0.010427132
16402,0.87475276
16403,0.0039146617
16404,0.003731373
16405,0.028879851
16406,0.6999674
16407,0.86561424
16408,0.5292934
16409,0.17875543
16410,0.07039067
16411,0.0046442724
16412,0.98950446
16413,0.964651
16414,0.07692284
16415,0.008323796
16416,0.0074358545
16417,0.027852414
16418,0.010514218
16419,0.046148896
16420,0.09542806
16421,0.026661769
16422,0.01979253
16423,0.35164994
16424,0.0052002897
16425,0.10535795
16426,0.016498866
16427,0.0023101752
16428,0.01223494
16429,0.9151772
16430,0.004507199
16431,0.049344152
16432,0.17876108
16433,0.0981512
16434,0.60473156
16435,0.0026672322
16436,0.011465213
16437,0.003486932
16438,0.04889887
16439,0.05206385
16440,0.004128871
16441,0.010561889
16442,0.08055635
16443,0.04588481
16444,0.32365978
16445,0.09971525
16446,0.07715487
16447,0.12516287
16448,0.025914207
16449,0.0087356875
16450,0.02262019
16451,0.013367418
16452,0.5894109
16453,0.045050085
16454,0.298319
16455,0.050067794
16456,0.015297603
16457,0.19221981
16458,0.016028417
16459,0.007129974
16460,0.01384066
16461,0.027944779
16462,0.0035191253
16463,0.8474843
16464,0.003415347
16465,0.014014692
16466,0.10720826
16467,0.015955947
16468,0.21345298
16469,0.007036953
16470,0.010734484
16471,0.4541524
16472,0.0209775
16473,0.035189208
16474,0.0055924463
16475,0.9221556
16476,0.9158815
16477,0.011512527
16478,0.017499346
16479,0.007483347
16480,0.01493472
16481,0.021428894
16482,0.0025372077
16483,0.63641006
16484,0.10112238
16485,0.004260892
16486,0.021948842
16487,0.012287376
16488,0.012875342
16489,0.9753365
16490,0.016560072
16491,0.011030224
16492,0.55748355
16493,0.031194799
16494,0.5342146
16495,0.016033968
16496,0.018680433
16497,0.12502685
16498,0.16329618
16499,0.021517346
16500,0.034630466
16501,0.014874426
16502,0.11461806
16503,0.020342572
16504,0.019128125
16505,0.01155095
16506,0.04492933
16507,0.011947643
16508,0.12858969
16509,0.024738308
16510,0.94967604
16511,0.0816892
16512,0.008812891
16513,0.007570639
16514,0.2699812
16515,0.023018422
16516,0.003194438
16517,0.152276
16518,0.09276759
16519,0.006242898
16520,0.022617664
16521,0.0059086457
16522,0.02871541
16523,0.66860837
16524,0.033990648
16525,0.43074512
16526,0.01802328
16527,0.0029368403
16528,0.92266256
16529,0.14606546
16530,0.0030276624
16531,0.005228244
16532,0.86347306
16533,0.0098810075
16534,0.063784964
16535,0.019725023
16536,0.02356951
16537,0.0034667547
16538,0.024645407
16539,0.509929
16540,0.47926205
16541,0.008364527
16542,0.0159665
16543,0.22924079
16544,0.3843796
16545,0.1694654
16546,0.0115537215
16547,0.30995834
16548,0.6955284
16549,0.023624027
16550,0.120269164
16551,0.017829014
16552,0.017024573
16553,0.029392805
16554,0.021665674
16555,0.03378767
16556,0.31135467
16557,0.92926717
16558,0.021552619
16559,0.07555296
16560,0.033333298
16561,0.04070308
16562,0.04100319
16563,0.013766228
16564,0.10215121
16565,0.9823454
16566,0.3059574
16567,0.35362533
16568,0.37845892
16569,0.0048602903
16570,0.13282731
16571,0.08710723
16572,0.0147253545
16573,0.0021211477
16574,0.624889
16575,0.006959856
16576,0.026255624
16577,0.0464405
16578,0.0052692187
16579,0.0257729
16580,0.006598805
16581,0.010852399
16582,0.36627772
16583,0.015176585
16584,0.0034558463
16585,0.008565697
16586,0.86816126
16587,0.27383772
16588,0.9391455
16589,0.010345065
16590,0.8480916
16591,0.002440641
16592,0.9840438
16593,0.17174487
16594,0.752118
16595,0.025879348
16596,0.015057983
16597,0.7295156
16598,0.6274278
16599,0.014938016
16600,0.74822205
16601,0.0047570686
16602,0.466393
16603,0.003347829
16604,0.06933052
16605,0.032552257
16606,0.09030329
16607,0.064142644
16608,0.8593954
16609,0.8315615
16610,0.40479308
16611,0.016938535
16612,0.0053191185
16613,0.006315708
16614,0.6406729
16615,0.018248364
16616,0.20903629
16617,0.048731606
16618,0.003948258
16619,0.20624126
16620,0.031210525
16621,0.82728666
16622,0.66705275
16623,0.04418002
16624,0.346584
16625,0.012784319
16626,0.006124865
16627,0.019053444
16628,0.0056776963
16629,0.020263474
16630,0.051089764
16631,0.85227
16632,0.018737897
16633,0.48156998
16634,0.005862834
16635,0.9054297
16636,0.04926006
16637,0.0081554735
16638,0.1523544
16639,0.020575525
16640,0.3325685
16641,0.0072560045
16642,0.007337139
16643,0.027410645
16644,0.027067425
16645,0.071430154
16646,0.0128958
16647,0.057879344
16648,0.01729969
16649,0.20636036
16650,0.003966817
16651,0.0051579936
16652,0.066127315
16653,0.0035377315
16654,0.0064708465
16655,0.004516239
16656,0.64187557
16657,0.37595394
16658,0.006999853
16659,0.008947535
16660,0.92383474
16661,0.10406092
16662,0.030400401
16663,0.022597514
16664,0.0034127482
16665,0.049336385
16666,0.027254965
16667,0.016330259
16668,0.78623486
16669,0.0056474083
16670,0.006700708
16671,0.0034621565
16672,0.29265726
16673,0.79753804
16674,0.0064304727
16675,0.06394953
16676,0.011487359
16677,0.010242364
16678,0.003199714
16679,0.003507696
16680,0.007473221
16681,0.017699502
16682,0.44087222
16683,0.021113377
16684,0.0057623717
16685,0.022476075
16686,0.61289805
16687,0.018572014
16688,0.27900785
16689,0.08845453
16690,0.99173635
16691,0.19348902
16692,0.007030695
16693,0.16547611
16694,0.015348412
16695,0.0048657963
16696,0.004274458
16697,0.008443834
16698,0.0046066237
16699,0.012912825
16700,0.020633457
16701,0.91542864
16702,0.007033352
16703,0.013033531
16704,0.021888101
16705,0.07497809
16706,0.010102005
16707,0.71299636
16708,0.009619005
16709,0.009416561
16710,0.055900376
16711,0.8190262
16712,0.012342951
16713,0.77565116
16714,0.022816086
16715,0.3690143
16716,0.011625972
16717,0.0877013
16718,0.89702
16719,0.8068704
16720,0.008611835
16721,0.46119928
16722,0.12094965
16723,0.008272212
16724,0.03439519
16725,0.003923312
16726,0.008551164
16727,0.80859303
16728,0.23067045
16729,0.04400855
16730,0.005822987
16731,0.0053226766
16732,0.8516477
16733,0.018620394
16734,0.01663481
16735,0.1627982
16736,0.81323415
16737,0.030556817
16738,0.013238093
16739,0.8860057
16740,0.00377769
16741,0.014939905
16742,0.7700028
16743,0.018784923
16744,0.07016709
16745,0.005413024
16746,0.00783119
16747,0.005526683
16748,0.097285934
16749,0.016606573
16750,0.0032051103
16751,0.04365976
16752,0.0492166
16753,0.0052818977
16754,0.0219596
16755,0.01075208
16756,0.050412804
16757,0.021808172
16758,0.0066860835
16759,0.034617163
16760,0.0050480263
16761,0.011910183
16762,0.010427683
16763,0.050234016
16764,0.7218643
16765,0.011656235
16766,0.035930034
16767,0.016728742
16768,0.21282211
16769,0.048549443
16770,0.57535374
16771,0.004678955
16772,0.48789477
16773,0.0047380035
16774,0.004559969
16775,0.007783946
16776,0.027809361
16777,0.28405705
16778,0.17271967
16779,0.0033249315
16780,0.22062275
16781,0.20728017
16782,0.74615055
16783,0.0074028037
16784,0.08578647
16785,0.010169821
16786,0.02914015
16787,0.010287364
16788,0.018206803
16789,0.863466
16790,0.06753969
16791,0.00512796
16792,0.06345521
16793,0.018323423
16794,0.032735955
16795,0.64161277
16796,0.02159131
16797,0.017228974
16798,0.109201156
16799,0.0076313727
16800,0.12469304
16801,0.07842859
16802,0.03664131
16803,0.0026541196
16804,0.24068238
16805,0.0031923358
16806,0.0058628004
16807,0.43327144
16808,0.00379766
16809,0.0023710039
16810,0.005684861
16811,0.0029315937
16812,0.06965154
16813,0.17726108
16814,0.049793627
16815,0.103972524
16816,0.019616608
16817,0.038272396
16818,0.86685294
16819,0.9957486
16820,0.2753148
16821,0.94948804
16822,0.009301876
16823,0.0064392737
16824,0.91380274
16825,0.019917605
16826,0.015879968
16827,0.008242383
16828,0.0043870476
16829,0.9548741
16830,0.31420404
16831,0.98038155
16832,0.8016492
16833,0.8145685
16834,0.012105414
16835,0.017045652
16836,0.1871642
16837,0.34556675
16838,0.5639098
16839,0.5399773
16840,0.98721063
16841,0.0072723897
16842,0.36709812
16843,0.19211198
16844,0.95332813
16845,0.017665006
16846,0.81800604
16847,0.28219265
16848,0.7394525
16849,0.044501413
16850,0.9515214
16851,0.032035843
16852,0.0027639014
16853,0.48301432
16854,0.49800268
16855,0.027558427
16856,0.5230395
16857,0.68064123
16858,0.8102441
16859,0.010715871
16860,0.13152356
16861,0.006145054
16862,0.014419459
16863,0.011794871
16864,0.078795545
16865,0.029296428
16866,0.049569048
16867,0.02645286
16868,0.18699472
16869,0.006508696
16870,0.24436907
16871,0.47428143
16872,0.031451542
16873,0.012593283
16874,0.007322328
16875,0.8648137
16876,0.010768601
16877,0.008162114
16878,0.007269478
16879,0.0054229554
16880,0.19316256
16881,0.024459746
16882,0.022129767
16883,0.1752979
16884,0.025193144
16885,0.015807638
16886,0.01119946
16887,0.42582372
16888,0.005614619
16889,0.08269564
16890,0.3905271
16891,0.006086034
16892,0.051708058
16893,0.1248707
16894,0.052075826
16895,0.082472935
16896,0.3054822
16897,0.061624
16898,0.14895026
16899,0.021804817
16900,0.013777956
16901,0.006511281
16902,0.96932733
16903,0.00936334
16904,0.59063995
16905,0.0038170207
16906,0.106126696
16907,0.01584551
16908,0.011533318
16909,0.0022242344
16910,0.004408899
16911,0.018254979
16912,0.0068297843
16913,0.005125569
16914,0.0075503313
16915,0.16825046
16916,0.012349842
16917,0.038701385
16918,0.8092363
16919,0.008391953
16920,0.016172655
16921,0.024579471
16922,0.018251142
16923,0.1210996
16924,0.03444183
16925,0.08205196
16926,0.048089992
16927,0.008085282
16928,0.6810735
16929,0.5687417
16930,0.0037192802
16931,0.76858217
16932,0.25474286
16933,0.011881996
16934,0.020054689
16935,0.02884758
16936,0.7548137
16937,0.014576954
16938,0.00444481
16939,0.014076466
16940,0.50741196
16941,0.017333087
16942,0.12771958
16943,0.97328293
16944,0.0102296835
16945,0.007984013
16946,0.023734067
16947,0.09080036
16948,0.03095694
16949,0.9968148
16950,0.053744167
16951,0.9886564
16952,0.009426774
16953,0.022830747
16954,0.012253637
16955,0.005403245
16956,0.12930147
16957,0.28932974
16958,0.014642994
16959,0.005204033
16960,0.025936741
16961,0.0073447837
16962,0.018390737
16963,0.042499874
16964,0.007539373
16965,0.011283147
16966,0.97682494
16967,0.14109126
16968,0.9234044
16969,0.009500339
16970,0.0024354197
16971,0.69948447
16972,0.934419
16973,0.42196956
16974,0.044349894
16975,0.0047234125
16976,0.05031031
16977,0.04606837
16978,0.20913923
16979,0.008904665
16980,0.6823327
16981,0.9436773
16982,0.88948184
16983,0.9832343
16984,0.013431047
16985,0.013157368
16986,0.003939783
16987,0.006561454
16988,0.0030916885
16989,0.6709092
16990,0.009142433
16991,0.016750624
16992,0.24048811
16993,0.004014693
16994,0.075967394
16995,0.012304153
16996,0.0067775687
16997,0.034286335
16998,0.79764247
16999,0.0240561
17000,0.009277852
17001,0.0041516284
17002,0.026249133
17003,0.5292776
17004,0.12187703
17005,0.1459687
17006,0.05976039
17007,0.3196217
17008,0.03399936
17009,0.74960744
17010,0.108399756
17011,0.053047296
17012,0.022335941
17013,0.00894041
17014,0.732001
17015,0.7641075
17016,0.010119406
17017,0.102689624
17018,0.010373922
17019,0.019946672
17020,0.044674795
17021,0.023279192
17022,0.061945762
17023,0.9487686
17024,0.0073530623
17025,0.03298819
17026,0.0064878482
17027,0.010530527
17028,0.85531455
17029,0.0112747345
17030,0.0031311498
17031,0.0033517086
17032,0.8056932
17033,0.0338146
17034,0.013021103
17035,0.020837791
17036,0.015924338
17037,0.007990387
17038,0.010946885
17039,0.0073588877
17040,0.014805877
17041,0.0066083614
17042,0.96997076
17043,0.085560516
17044,0.011137541
17045,0.17931399
17046,0.78240913
17047,0.009247641
17048,0.101792626
17049,0.034262195
17050,0.065734275
17051,0.92077035
17052,0.0706996
17053,0.9494569
17054,0.03521969
17055,0.024020286
17056,0.022682752
17057,0.015088741
17058,0.009756809
17059,0.007555575
17060,0.45296395
17061,0.99162954
17062,0.011927469
17063,0.14204368
17064,0.29838574
17065,0.02616734
17066,0.87315446
17067,0.7128272
17068,0.3717785
17069,0.2835748
17070,0.4919281
17071,0.89544
17072,0.015931662
17073,0.010310183
17074,0.27156052
17075,0.04860638
17076,0.012702449
17077,0.61297446
17078,0.23544379
17079,0.2630811
17080,0.22038895
17081,0.010291147
17082,0.036807306
17083,0.051688947
17084,0.25259078
17085,0.93636435
17086,0.039244033
17087,0.0967878
17088,0.0049388898
17089,0.019594235
17090,0.0068174526
17091,0.0076175323
17092,0.33498526
17093,0.008246266
17094,0.02556305
17095,0.9377281
17096,0.38209778
17097,0.27308646
17098,0.0080787875
17099,0.006200311
17100,0.7099344
17101,0.07799139
17102,0.73606247
17103,0.013038831
17104,0.030989923
17105,0.13861738
17106,0.010451105
17107,0.09679069
17108,0.06969732
17109,0.022059467
17110,0.005099049
17111,0.014075024
17112,0.22607723
17113,0.051614907
17114,0.0066810306
17115,0.2822903
17116,0.37098098
17117,0.011686603
17118,0.5199154
17119,0.027248865
17120,0.06481874
17121,0.009105421
17122,0.70707315
17123,0.120688476
17124,0.9879354
17125,0.007427891
17126,0.10177432
17127,0.0227595
17128,0.9292722
17129,0.013402506
17130,0.323606
17131,0.061301276
17132,0.20584692
17133,0.046013877
17134,0.109386735
17135,0.16403705
17136,0.03324809
17137,0.031915475
17138,0.99043006
17139,0.19912538
17140,0.007289554
17141,0.3933912
17142,0.08813509
17143,0.39991367
17144,0.004878868
17145,0.016199041
17146,0.2662613
17147,0.035106156
17148,0.07658238
17149,0.03415435
17150,0.030502943
17151,0.16946615
17152,0.021054462
17153,0.008281034
17154,0.045366116
17155,0.0151510285
17156,0.21626505
17157,0.041329082
17158,0.12364446
17159,0.05551954
17160,0.025940599
17161,0.53544074
17162,0.027630886
17163,0.86454827
17164,0.0049633374
17165,0.0027176659
17166,0.11675274
17167,0.019907385
17168,0.03517848
17169,0.6898572
17170,0.008834364
17171,0.009227955
17172,0.09200557
17173,0.122045256
17174,0.050460473
17175,0.53261983
17176,0.093419686
17177,0.33965135
17178,0.04276274
17179,0.5012385
17180,0.010170349
17181,0.25039023
17182,0.09093575
17183,0.17125916
17184,0.29723644
17185,0.00971831
17186,0.005405387
17187,0.012663239
17188,0.5628563
17189,0.013746723
17190,0.063298255
17191,0.053888842
17192,0.0045509543
17193,0.0043241377
17194,0.011736573
17195,0.017704418
17196,0.010659966
17197,0.006389547
17198,0.20994471
17199,0.9853057
17200,0.0955452
17201,0.23860887
17202,0.074787825
17203,0.023454634
17204,0.9716475
17205,0.017178562
17206,0.013158457
17207,0.09154648
17208,0.009249537
17209,0.013952239
17210,0.0057784463
17211,0.005830683
17212,0.01667532
17213,0.13372171
17214,0.119360074
17215,0.9869059
17216,0.008359399
17217,0.632656
17218,0.2339986
17219,0.021719683
17220,0.004831214
17221,0.011989957
17222,0.22043544
17223,0.023162892
17224,0.07532373
17225,0.85388505
17226,0.03371063
17227,0.0043158415
17228,0.028547788
17229,0.64159566
17230,0.023171455
17231,0.003698575
17232,0.01484186
17233,0.033034425
17234,0.023223361
17235,0.025806306
17236,0.008153545
17237,0.014779596
17238,0.32813132
17239,0.03835755
17240,0.0040715374
17241,0.004178022
17242,0.015713515
17243,0.042688787
17244,0.6464365
17245,0.024305696
17246,0.012388066
17247,0.008384005
17248,0.015731668
17249,0.024195928
17250,0.8505359
17251,0.5112622
17252,0.093544185
17253,0.10907955
17254,0.11668651
17255,0.023141535
17256,0.010136654
17257,0.93701833
17258,0.43279243
17259,0.95359224
17260,0.114165016
17261,0.06865149
17262,0.10745209
17263,0.01405859
17264,0.36328506
17265,0.0048048776
17266,0.004102083
17267,0.06630039
17268,0.36168313
17269,0.34665018
17270,0.007072711
17271,0.06088181
17272,0.4534142
17273,0.93297356
17274,0.013708516
17275,0.06401902
17276,0.1646469
17277,0.008192806
17278,0.016885014
17279,0.9597954
17280,0.029426916
17281,0.016205221
17282,0.05402179
17283,0.89431816
17284,0.07966106
17285,0.04427644
17286,0.057124782
17287,0.7209714
17288,0.0041653975
17289,0.12943818
17290,0.0044634975
17291,0.007840253
17292,0.215266
17293,0.71649444
17294,0.7760114
17295,0.025053209
17296,0.0034850384
17297,0.036436677
17298,0.03994372
17299,0.19335303
17300,0.019854765
17301,0.8319664
17302,0.023481816
17303,0.06583913
17304,0.09847359
17305,0.0056395573
17306,0.23759492
17307,0.028481249
17308,0.007093308
17309,0.9820671
17310,0.10992838
17311,0.09936416
17312,0.8712032
17313,0.94310045
17314,0.004099211
17315,0.5158885
17316,0.08889003
17317,0.0067854184
17318,0.023880003
17319,0.040871166
17320,0.968401
17321,0.1355719
17322,0.05092119
17323,0.98291427
17324,0.025745353
17325,0.004752513
17326,0.078272074
17327,0.008226759
17328,0.47197732
17329,0.0056828423
17330,0.008198767
17331,0.0884553
17332,0.22481477
17333,0.4399936
17334,0.21476233
17335,0.050258946
17336,0.04380044
17337,0.2130391
17338,0.010484247
17339,0.054085385
17340,0.046564497
17341,0.10807165
17342,0.3654651
17343,0.0070782583
17344,0.9731357
17345,0.15022062
17346,0.18114954
17347,0.9517883
17348,0.5610655
17349,0.005444408
17350,0.018307785
17351,0.06830644
17352,0.04200302
17353,0.00996634
17354,0.14492558
17355,0.27615047
17356,0.8278615
17357,0.058824386
17358,0.004653882
17359,0.054763023
17360,0.09875543
17361,0.086608075
17362,0.22556983
17363,0.99784946
17364,0.030786099
17365,0.0060953633
17366,0.021075286
17367,0.030704217
17368,0.03584853
17369,0.008840383
17370,0.0017222686
17371,0.9697779
17372,0.023412894
17373,0.005370991
17374,0.0021374698
17375,0.0120127825
17376,0.7877981
17377,0.81114393
17378,0.05984199
17379,0.9823523
17380,0.012519186
17381,0.0019518704
17382,0.004480087
17383,0.02213594
17384,0.00697972
17385,0.73390245
17386,0.0021586788
17387,0.44861284
17388,0.22569247
17389,0.008825058
17390,0.9085697
17391,0.81677216
17392,0.108431816
17393,0.20261845
17394,0.86843574
17395,0.25483248
17396,0.13179067
17397,0.049618114
17398,0.9480197
17399,0.014888967
17400,0.07543367
17401,0.005295735
17402,0.016712131
17403,0.65051395
17404,0.046342798
17405,0.60212
17406,0.006305464
17407,0.0055524097
17408,0.35522425
17409,0.028719233
17410,0.023100475
17411,0.004432467
17412,0.15365705
17413,0.03962404
17414,0.18495804
17415,0.17223042
17416,0.0051653683
17417,0.041927632
17418,0.7270622
17419,0.26020828
17420,0.0076643624
17421,0.8233557
17422,0.026886305
17423,0.012687019
17424,0.3951746
17425,0.0056916573
17426,0.13312991
17427,0.0068599237
17428,0.018761247
17429,0.1343984
17430,0.0152895525
17431,0.03464185
17432,0.09436375
17433,0.9784025
17434,0.01758638
17435,0.014623186
17436,0.93109083
17437,0.90041393
17438,0.038804717
17439,0.004709443
17440,0.04442977
17441,0.0049125613
17442,0.0055025406
17443,0.084806986
17444,0.0024628479
17445,0.0051369057
17446,0.95579857
17447,0.0031902685
17448,0.011161104
17449,0.7639799
17450,0.014634651
17451,0.010009029
17452,0.051671267
17453,0.02691808
17454,0.6541252
17455,0.08992556
17456,0.014805071
17457,0.016970389
17458,0.012571937
17459,0.082468934
17460,0.048370168
17461,0.15546297
17462,0.5975371
17463,0.0123929735
17464,0.8404763
17465,0.0029615825
17466,0.014315146
17467,0.039865963
17468,0.018133042
17469,0.007873987
17470,0.14498645
17471,0.7067969
17472,0.012380595
17473,0.017697588
17474,0.014394129
17475,0.66820294
17476,0.016284281
17477,0.031236527
17478,0.018456878
17479,0.058603454
17480,0.005912918
17481,0.0035151576
17482,0.036125444
17483,0.46338803
17484,0.07513302
17485,0.0076991394
17486,0.16905852
17487,0.008975168
17488,0.0020258538
17489,0.98503035
17490,0.25748035
17491,0.03291455
17492,0.027829068
17493,0.005362233
17494,0.005147707
17495,0.020464357
17496,0.010859005
17497,0.19797333
17498,0.019229671
17499,0.7554151
17500,0.0058835
17501,0.005783163
17502,0.49330837
17503,0.047633275
17504,0.0058148545
17505,0.9913659
17506,0.0052986946
17507,0.60610044
17508,0.76059455
17509,0.010681134
17510,0.7043605
17511,0.055980038
17512,0.14616446
17513,0.04535797
17514,0.7800022
17515,0.008413745
17516,0.05329277
17517,0.7014604
17518,0.01214669
17519,0.6137477
17520,0.21466376
17521,0.7749452
17522,0.005625211
17523,0.04724336
17524,0.0070300126
17525,0.04696002
17526,0.0029108813
17527,0.03251
17528,0.0056235553
17529,0.99216837
17530,0.1117173
17531,0.005258567
17532,0.976659
17533,0.03858657
17534,0.09067889
17535,0.015548435
17536,0.006296021
17537,0.007037289
17538,0.0038872748
17539,0.01493127
17540,0.616592
17541,0.5487083
17542,0.024403214
17543,0.023431698
17544,0.002529797
17545,0.95232284
17546,0.3837772
17547,0.34726337
17548,0.223139
17549,0.6354024
17550,0.9871198
17551,0.187814
17552,0.007381119
17553,0.25593933
17554,0.9533134
17555,0.045391977
17556,0.016080867
17557,0.028166324
17558,0.022894394
17559,0.056038376
17560,0.05841323
17561,0.00549242
17562,0.13368838
17563,0.36789998
17564,0.005316238
17565,0.019890122
17566,0.018730579
17567,0.26002252
17568,0.011506858
17569,0.13509399
17570,0.006417571
17571,0.0029718871
17572,0.0052515203
17573,0.021338316
17574,0.061945528
17575,0.71167827
17576,0.032411903
17577,0.252932
17578,0.84400254
17579,0.0069594043
17580,0.6793533
17581,0.51515836
17582,0.009880606
17583,0.007234791
17584,0.022854326
17585,0.024067784
17586,0.02457814
17587,0.026761835
17588,0.009768006
17589,0.030670691
17590,0.12992594
17591,0.5164999
17592,0.008751748
17593,0.23489068
17594,0.0048099784
17595,0.07876201
17596,0.01177336
17597,0.088337146
17598,0.2246699
17599,0.15175745
17600,0.00880558
17601,0.22001795
17602,0.63863933
17603,0.0918455
17604,0.012652476
17605,0.021048088
17606,0.0046946434
17607,0.010200674
17608,0.11805398
17609,0.9818512
17610,0.018705605
17611,0.22427684
17612,0.012518526
17613,0.2376739
17614,0.025905393
17615,0.22283956
17616,0.08007076
17617,0.12298931
17618,0.011766665
17619,0.9754159
17620,0.0107979085
17621,0.0066189314
17622,0.0073802383
17623,0.0034001183
17624,0.021260094
17625,0.9365118
17626,0.08435088
17627,0.9811832
17628,0.015726943
17629,0.22621301
17630,0.7162764
17631,0.003596602
17632,0.92751944
17633,0.010375122
17634,0.45344377
17635,0.033547167
17636,0.046838887
17637,0.97899425
17638,0.4525916
17639,0.011264693
17640,0.08663284
17641,0.016569206
17642,0.15210108
17643,0.007261626
17644,0.03726598
17645,0.0070719672
17646,0.11955437
17647,0.48334083
17648,0.7562125
17649,0.021276994
17650,0.0071664928
17651,0.14763615
17652,0.99456465
17653,0.014907386
17654,0.102176756
17655,0.07065754
17656,0.0060877735
17657,0.03425229
17658,0.029413145
17659,0.9049063
17660,0.008558642
17661,0.074391305
17662,0.095706694
17663,0.10235212
17664,0.08508548
17665,0.031738836
17666,0.024442554
17667,0.12747435
17668,0.014601674
17669,0.027269475
17670,0.0068415836
17671,0.002445788
17672,0.02100696
17673,0.013264372
17674,0.0035546364
17675,0.26622045
17676,0.87293965
17677,0.008853069
17678,0.015808685
17679,0.0048214663
17680,0.020667288
17681,0.08215501
17682,0.7988491
17683,0.024225108
17684,0.9677491
17685,0.015960073
17686,0.05170066
17687,0.021540524
17688,0.010830498
17689,0.010125694
17690,0.0044436413
17691,0.006178234
17692,0.067637
17693,0.23498617
17694,0.011775302
17695,0.9381943
17696,0.10024327
17697,0.0086626345
17698,0.27969566
17699,0.0029412517
17700,0.015643619
17701,0.08587559
17702,0.072955646
17703,0.7034773
17704,0.0036401888
17705,0.010511594
17706,0.979192
17707,0.007026708
17708,0.008148237
17709,0.0034450544
17710,0.0053130114
17711,0.013379568
17712,0.03109497
17713,0.012184424
17714,0.015293481
17715,0.025169142
17716,0.0038282732
17717,0.12872949
17718,0.14636719
17719,0.22134745
17720,0.80850154
17721,0.2979511
17722,0.0026648599
17723,0.005913597
17724,0.060991343
17725,0.7854251
17726,0.8408833
17727,0.6122684
17728,0.08505343
17729,0.039321523
17730,0.45968074
17731,0.38523653
17732,0.004959216
17733,0.023684427
17734,0.17061725
17735,0.5169265
17736,0.0071196756
17737,0.017284732
17738,0.6374542
17739,0.002744945
17740,0.059265126
17741,0.020350808
17742,0.059641592
17743,0.014815932
17744,0.0287849
17745,0.006998584
17746,0.10481781
17747,0.25995827
17748,0.07532073
17749,0.004071667
17750,0.0074627097
17751,0.005711469
17752,0.048994195
17753,0.45338643
17754,0.06932458
17755,0.005033455
17756,0.22408056
17757,0.4518885
17758,0.011232856
17759,0.14565116
17760,0.3783465
17761,0.10948921
17762,0.014602757
17763,0.026276868
17764,0.06779731
17765,0.849867
17766,0.16355617
17767,0.9580643
17768,0.67979205
17769,0.96874297
17770,0.018722106
17771,0.04664596
17772,0.051038273
17773,0.0043953233
17774,0.22368313
17775,0.5893009
17776,0.22538379
17777,0.012429976
17778,0.004034754
17779,0.66575676
17780,0.009244509
17781,0.6391515
17782,0.022809846
17783,0.005294941
17784,0.040143065
17785,0.004906623
17786,0.06086359
17787,0.9234076
17788,0.03214987
17789,0.05495928
17790,0.0306327
17791,0.008289179
17792,0.033332605
17793,0.5143169
17794,0.007489246
17795,0.017081363
17796,0.026997017
17797,0.935046
17798,0.741611
17799,0.0030409128
17800,0.090498626
17801,0.17529212
17802,0.016873121
17803,0.036449745
17804,0.0072307438
17805,0.030065326
17806,0.8912547
17807,0.023035564
17808,0.0055601927
17809,0.7860291
17810,0.003930104
17811,0.9958287
17812,0.019336468
17813,0.015258449
17814,0.03534982
17815,0.20265137
17816,0.17688091
17817,0.005477877
17818,0.0053973207
17819,0.5346752
17820,0.1353884
17821,0.24016567
17822,0.0026315036
17823,0.8597702
17824,0.0060873004
17825,0.04676072
17826,0.025559548
17827,0.06852212
17828,0.013633397
17829,0.006595849
17830,0.30828556
17831,0.13618639
17832,0.004167299
17833,0.6995019
17834,0.0039326437
17835,0.80697334
17836,0.019410528
17837,0.17849949
17838,0.9078304
17839,0.2041294
17840,0.0076578953
17841,0.23321019
17842,0.013516181
17843,0.04217993
17844,0.16481782
17845,0.50616235
17846,0.010238947
17847,0.03844186
17848,0.03148659
17849,0.9882024
17850,0.6321989
17851,0.03472381
17852,0.0037290035
17853,0.013706988
17854,0.028196622
17855,0.013380424
17856,0.7179794
17857,0.24633276
17858,0.036677677
17859,0.017986521
17860,0.69084305
17861,0.07377349
17862,0.9470796
17863,0.03389029
17864,0.013429379
17865,0.92487
17866,0.035289787
17867,0.81885636
17868,0.021434741
17869,0.0045982115
17870,0.034257345
17871,0.015056341
17872,0.006023319
17873,0.01589185
17874,0.18743387
17875,0.046796195
17876,0.07948213
17877,0.48352423
17878,0.018337749
17879,0.014690108
17880,0.0026973612
17881,0.0091960225
17882,0.06135913
17883,0.060174096
17884,0.03086863
17885,0.34367073
17886,0.07724775
17887,0.0155789945
17888,0.81751263
17889,0.98265785
17890,0.02176608
17891,0.0029990487
17892,0.70602185
17893,0.96385205
17894,0.5328199
17895,0.16877688
17896,0.25071427
17897,0.14991657
17898,0.24312988
17899,0.0052321763
17900,0.014080451
17901,0.02446432
17902,0.023622533
17903,0.0050770734
17904,0.17561533
17905,0.92181987
17906,0.0042144572
17907,0.0132888295
17908,0.9453464
17909,0.027045527
17910,0.06465238
17911,0.32322535
17912,0.77108717
17913,0.0082031805
17914,0.7527855
17915,0.014435589
17916,0.015565779
17917,0.024302496
17918,0.01165211
17919,0.009367087
17920,0.010583598
17921,0.12988713
17922,0.25004837
17923,0.0037896498
17924,0.18888961
17925,0.017649498
17926,0.0073325876
17927,0.004353777
17928,0.060441986
17929,0.11451422
17930,0.8144583
17931,0.55371785
17932,0.7511479
17933,0.015598248
17934,0.0039843284
17935,0.22413224
17936,0.004566452
17937,0.64851594
17938,0.010562193
17939,0.060616326
17940,0.075524054
17941,0.113781855
17942,0.0035632048
17943,0.10833995
17944,0.9189514
17945,0.54607916
17946,0.0050198114
17947,0.3480686
17948,0.19673738
17949,0.0027106805
17950,0.011035692
17951,0.053563356
17952,0.002807223
17953,0.76267505
17954,0.07929133
17955,0.008124639
17956,0.008655844
17957,0.005581169
17958,0.19563682
17959,0.9309639
17960,0.99818784
17961,0.004917074
17962,0.013415247
17963,0.5695144
17964,0.0170124
17965,0.006412714
17966,0.17445841
17967,0.049275286
17968,0.0155595625
17969,0.014196243
17970,0.14741726
17971,0.0061283866
17972,0.1687264
17973,0.024609087
17974,0.014766131
17975,0.031140681
17976,0.014225394
17977,0.029249774
17978,0.013466648
17979,0.010912668
17980,0.009194254
17981,0.724949
17982,0.0069023734
17983,0.015300656
17984,0.018272437
17985,0.1704473
17986,0.00874333
17987,0.017866226
17988,0.026792323
17989,0.014188098
17990,0.0034902538
17991,0.0035050702
17992,0.025939057
17993,0.19805938
17994,0.0063800933
17995,0.020304373
17996,0.0838071
17997,0.06853989
17998,0.0052288095
17999,0.8871254
18000,0.003062191
18001,0.884857
18002,0.12351997
18003,0.019803029
18004,0.0116492165
18005,0.12750521
18006,0.12487585
18007,0.0033547126
18008,0.052666895
18009,0.008326887
18010,0.068696626
18011,0.01210988
18012,0.031310152
18013,0.05288688
18014,0.018318728
18015,0.01432502
18016,0.024207605
18017,0.0076601896
18018,0.054887727
18019,0.16721046
18020,0.0052303993
18021,0.717821
18022,0.05184576
18023,0.12515315
18024,0.9286239
18025,0.02681791
18026,0.15916911
18027,0.03334022
18028,0.026495073
18029,0.9495924
18030,0.010510196
18031,0.03600142
18032,0.0109081445
18033,0.15184192
18034,0.055066306
18035,0.1274679
18036,0.027515117
18037,0.018182818
18038,0.0047818576
18039,0.17042787
18040,0.30159202
18041,0.109519996
18042,0.9589908
18043,0.062126838
18044,0.026357438
18045,0.009996888
18046,0.035084303
18047,0.011426179
18048,0.007931883
18049,0.007933726
18050,0.26673222
18051,0.08437336
18052,0.010898492
18053,0.9457929
18054,0.043855645
18055,0.28268775
18056,0.0067908163
18057,0.02532135
18058,0.016131101
18059,0.06956867
18060,0.36875817
18061,0.025198288
18062,0.052436303
18063,0.048324093
18064,0.01732366
18065,0.85666895
18066,0.03152147
18067,0.46639538
18068,0.0031126994
18069,0.00582606
18070,0.059460107
18071,0.016691424
18072,0.84894043
18073,0.9154235
18074,0.012805984
18075,0.009335164
18076,0.008507107
18077,0.017925218
18078,0.008832406
18079,0.015702315
18080,0.004223819
18081,0.095245354
18082,0.04552051
18083,0.0028201577
18084,0.19418734
18085,0.039859876
18086,0.9809684
18087,0.29727843
18088,0.7168518
18089,0.010823777
18090,0.00832782
18091,0.9567845
18092,0.6894016
18093,0.07179872
18094,0.5517982
18095,0.02186573
18096,0.029197926
18097,0.0029904963
18098,0.0055643944
18099,0.046759993
18100,0.47085887
18101,0.9242707
18102,0.0057518063
18103,0.058574997
18104,0.03440837
18105,0.00396619
18106,0.608533
18107,0.0061936593
18108,0.035368215
18109,0.38472456
18110,0.08284461
18111,0.11428297
18112,0.10210176
18113,0.0019015165
18114,0.016601225
18115,0.059134524
18116,0.007970934
18117,0.006395365
18118,0.01273386
18119,0.012480288
18120,0.013065962
18121,0.008454764
18122,0.012187736
18123,0.020001741
18124,0.13927709
18125,0.05429077
18126,0.054607905
18127,0.52106696
18128,0.009579624
18129,0.0026382678
18130,0.42162618
18131,0.0029649974
18132,0.023236606
18133,0.0082942685
18134,0.002564798
18135,0.021110691
18136,0.88408214
18137,0.8932843
18138,0.084137015
18139,0.07857196
18140,0.07089481
18141,0.005230675
18142,0.0021707956
18143,0.9855694
18144,0.010642581
18145,0.011063945
18146,0.22645165
18147,0.017560398
18148,0.5872937
18149,0.004296823
18150,0.010615802
18151,0.05159004
18152,0.0072392616
18153,0.0072842455
18154,0.016478365
18155,0.77206796
18156,0.0027924306
18157,0.24800208
18158,0.9128262
18159,0.038074873
18160,0.7460533
18161,0.026293594
18162,0.04849948
18163,0.007983508
18164,0.4140002
18165,0.06297252
18166,0.06660806
18167,0.8152501
18168,0.5238942
18169,0.014021117
18170,0.94958574
18171,0.98096895
18172,0.058787726
18173,0.0134339295
18174,0.04592658
18175,0.016013993
18176,0.94396776
18177,0.7827375
18178,0.08305993
18179,0.07376727
18180,0.9957231
18181,0.32367742
18182,0.0020019687
18183,0.13635571
18184,0.018302934
18185,0.22626069
18186,0.0022821645
18187,0.022951258
18188,0.906326
18189,0.11647956
18190,0.9288052
18191,0.014512729
18192,0.9439181
18193,0.0070632463
18194,0.0050774924
18195,0.97555166
18196,0.011407579
18197,0.0060769026
18198,0.6876401
18199,0.014199601
18200,0.38496953
18201,0.53086656
18202,0.43461794
18203,0.40213433
18204,0.025886497
18205,0.014241371
18206,0.15252371
18207,0.10642173
18208,0.015763434
18209,0.0073676594
18210,0.014975378
18211,0.09329993
18212,0.015936859
18213,0.283346
18214,0.978778
18215,0.021543227
18216,0.4256106
18217,0.6546147
18218,0.07255826
18219,0.015996825
18220,0.61225736
18221,0.099127986
18222,0.009605519
18223,0.3953366
18224,0.81247234
18225,0.009328137
18226,0.7220332
18227,0.016113114
18228,0.0032641573
18229,0.45153245
18230,0.00541718
18231,0.9201887
18232,0.93627393
18233,0.4183842
18234,0.88759434
18235,0.85496634
18236,0.010462528
18237,0.33817214
18238,0.024886552
18239,0.12815674
18240,0.10794012
18241,0.63161176
18242,0.011454259
18243,0.050884254
18244,0.8112328
18245,0.10450153
18246,0.06590442
18247,0.09898975
18248,0.37072277
18249,0.040022735
18250,0.006715256
18251,0.021474738
18252,0.008682062
18253,0.839225
18254,0.34641233
18255,0.9102803
18256,0.006488297
18257,0.002177502
18258,0.2127335
18259,0.0066777216
18260,0.006065336
18261,0.003691646
18262,0.017338872
18263,0.14402784
18264,0.008550946
18265,0.3201021
18266,0.34654453
18267,0.6588208
18268,0.0060506356
18269,0.9888075
18270,0.13742776
18271,0.02949257
18272,0.44295102
18273,0.011899123
18274,0.008067385
18275,0.0059652776
18276,0.6901364
18277,0.012357022
18278,0.010636511
18279,0.0076788063
18280,0.022198854
18281,0.04901109
18282,0.015670555
18283,0.14118174
18284,0.04296993
18285,0.004998965
18286,0.064395756
18287,0.010983492
18288,0.019545736
18289,0.31315392
18290,0.009331156
18291,0.0031891782
18292,0.04673214
18293,0.03018197
18294,0.015026947
18295,0.28037587
18296,0.9170003
18297,0.0054792594
18298,0.020660277
18299,0.1067647
18300,0.15211046
18301,0.00580778
18302,0.79810447
18303,0.039240528
18304,0.008141072
18305,0.68942297
18306,0.03146705
18307,0.032611437
18308,0.9718882
18309,0.008479861
18310,0.05526835
18311,0.12412056
18312,0.010103837
18313,0.021547776
18314,0.023367342
18315,0.026571626
18316,0.016240485
18317,0.033982117
18318,0.009160967
18319,0.005428542
18320,0.07639331
18321,0.274937
18322,0.6208905
18323,0.031338755
18324,0.77767307
18325,0.97957486
18326,0.13615458
18327,0.027336275
18328,0.030212693
18329,0.0906431
18330,0.025911879
18331,0.27680665
18332,0.007333705
18333,0.03742294
18334,0.0034644322
18335,0.024134587
18336,0.027171876
18337,0.7303699
18338,0.011927744
18339,0.011761127
18340,0.056660544
18341,0.020475687
18342,0.045094397
18343,0.014627006
18344,0.99104077
18345,0.85891175
18346,0.042831462
18347,0.023173258
18348,0.009459209
18349,0.02875713
18350,0.67185646
18351,0.005509394
18352,0.07003184
18353,0.03048788
18354,0.009381988
18355,0.0056128167
18356,0.03516
18357,0.8806486
18358,0.11852069
18359,0.019876653
18360,0.016155405
18361,0.95332026
18362,0.034227587
18363,0.0051667923
18364,0.70532966
18365,0.8880306
18366,0.6782185
18367,0.0054987865
18368,0.01111068
18369,0.01813425
18370,0.137196
18371,0.8577096
18372,0.013728549
18373,0.06844238
18374,0.0062234895
18375,0.21939686
18376,0.12319211
18377,0.0048009893
18378,0.18589906
18379,0.013651081
18380,0.42419392
18381,0.9850189
18382,0.5431682
18383,0.14651944
18384,0.01236158
18385,0.0033717859
18386,0.95862216
18387,0.8629908
18388,0.14183815
18389,0.013934938
18390,0.35624993
18391,0.36351687
18392,0.12390239
18393,0.3892878
18394,0.027570354
18395,0.36675596
18396,0.8328264
18397,0.0041167503
18398,0.9780212
18399,0.23901168
18400,0.0977602
18401,0.0027011954
18402,0.3343651
18403,0.41413146
18404,0.016905734
18405,0.07063716
18406,0.7949005
18407,0.063122645
18408,0.82637256
18409,0.014749312
18410,0.021992901
18411,0.00943645
18412,0.0076030013
18413,0.96985584
18414,0.051989403
18415,0.011136496
18416,0.10083417
18417,0.006424626
18418,0.9734361
18419,0.2974627
18420,0.0073909527
18421,0.9244148
18422,0.008691326
18423,0.08631524
18424,0.40152165
18425,0.98727256
18426,0.06649525
18427,0.72830594
18428,0.002344429
18429,0.11953988
18430,0.86255264
18431,0.021265507
18432,0.0042069773
18433,0.02291718
18434,0.014064889
18435,0.13016044
18436,0.37845343
18437,0.005927823
18438,0.06866546
18439,0.018469715
18440,0.10657622
18441,0.28201485
18442,0.033937983
18443,0.012732409
18444,0.13843095
18445,0.85290384
18446,0.86917365
18447,0.0056044213
18448,0.7234336
18449,0.00793048
18450,0.080630586
18451,0.015038206
18452,0.9108441
18453,0.026525056
18454,0.927902
18455,0.3968935
18456,0.026329705
18457,0.03546853
18458,0.91115403
18459,0.66246915
18460,0.022645632
18461,0.31780714
18462,0.04259744
18463,0.0073089926
18464,0.004743608
18465,0.004923655
18466,0.021558616
18467,0.047839563
18468,0.37723452
18469,0.007908582
18470,0.48292065
18471,0.9571052
18472,0.003744275
18473,0.02600533
18474,0.0028536248
18475,0.032253165
18476,0.10854026
18477,0.0039557265
18478,0.98103815
18479,0.041346315
18480,0.9633938
18481,0.011630631
18482,0.6166643
18483,0.013267949
18484,0.04393458
18485,0.9592566
18486,0.060452532
18487,0.01335261
18488,0.93339527
18489,0.0110146925
18490,0.007950805
18491,0.0053897644
18492,0.8529446
18493,0.23955217
18494,0.35945493
18495,0.9193258
18496,0.11217145
18497,0.034046303
18498,0.8195322
18499,0.0023038096
18500,0.26943773
18501,0.6524091
18502,0.019198975
18503,0.0095483
18504,0.008659388
18505,0.020627614
18506,0.023433197
18507,0.0366453
18508,0.008549579
18509,0.009267304
18510,0.25503513
18511,0.0049809795
18512,0.017974777
18513,0.7534113
18514,0.0026737726
18515,0.06692911
18516,0.063686825
18517,0.001593762
18518,0.014491406
18519,0.038358703
18520,0.0077415905
18521,0.028238574
18522,0.007564448
18523,0.008541362
18524,0.029942226
18525,0.018130777
18526,0.21312377
18527,0.98716646
18528,0.013464576
18529,0.005212339
18530,0.0034899372
18531,0.015613851
18532,0.06085853
18533,0.004246087
18534,0.47283605
18535,0.0069784545
18536,0.0041349106
18537,0.75290895
18538,0.31778717
18539,0.021642253
18540,0.16028838
18541,0.015560839
18542,0.3194947
18543,0.0132294865
18544,0.20637979
18545,0.016210832
18546,0.08456576
18547,0.09913037
18548,0.9015897
18549,0.96765196
18550,0.97661245
18551,0.04467583
18552,0.8051494
18553,0.63324034
18554,0.0785012
18555,0.050743304
18556,0.002147507
18557,0.025185267
18558,0.03747572
18559,0.83295614
18560,0.15780985
18561,0.02763883
18562,0.6318049
18563,0.007158138
18564,0.802659
18565,0.0046028583
18566,0.010542522
18567,0.029201783
18568,0.0069459327
18569,0.005764052
18570,0.49700928
18571,0.008712261
18572,0.0028425637
18573,0.008200435
18574,0.19524553
18575,0.07455319
18576,0.009892173
18577,0.046081785
18578,0.008174163
18579,0.16685346
18580,0.029786404
18581,0.013022562
18582,0.081053376
18583,0.03633783
18584,0.28773326
18585,0.028586157
18586,0.09790222
18587,0.012041135
18588,0.54991627
18589,0.047344092
18590,0.01059111
18591,0.31412834
18592,0.4845073
18593,0.06341406
18594,0.025183056
18595,0.98186547
18596,0.1640104
18597,0.12152916
18598,0.6778692
18599,0.33087134
18600,0.65099293
18601,0.011393268
18602,0.003769582
18603,0.006758279
18604,0.8334334
18605,0.013793912
18606,0.048573602
18607,0.05767731
18608,0.7426022
18609,0.25542125
18610,0.21851188
18611,0.005596502
18612,0.025853695
18613,0.9591272
18614,0.007834707
18615,0.7045442
18616,0.005751929
18617,0.9330294
18618,0.047668863
18619,0.009801641
18620,0.025427012
18621,0.0032382787
18622,0.06828521
18623,0.03357775
18624,0.0344735
18625,0.009976451
18626,0.0023116244
18627,0.18344961
18628,0.004715466
18629,0.030630475
18630,0.08971291
18631,0.8850607
18632,0.010601384
18633,0.011583673
18634,0.7447626
18635,0.0064080735
18636,0.33350593
18637,0.34271124
18638,0.008802863
18639,0.21067284
18640,0.20116428
18641,0.011082441
18642,0.33290178
18643,0.014429504
18644,0.0042160545
18645,0.0065333135
18646,0.19056797
18647,0.011834352
18648,0.078986466
18649,0.010348121
18650,0.0939522
18651,0.090894215
18652,0.011054407
18653,0.004705857
18654,0.11678094
18655,0.044445515
18656,0.042039223
18657,0.0077158646
18658,0.06676011
18659,0.09013933
18660,0.0038378814
18661,0.009348561
18662,0.0069549372
18663,0.1079519
18664,0.015143582
18665,0.10846616
18666,0.2313322
18667,0.07768214
18668,0.015137167
18669,0.009637479
18670,0.116853945
18671,0.0099335015
18672,0.97935665
18673,0.51078767
18674,0.009170714
18675,0.560697
18676,0.0052903774
18677,0.00601727
18678,0.02325487
18679,0.017403122
18680,0.40471247
18681,0.1513953
18682,0.1084237
18683,0.07264708
18684,0.98158216
18685,0.0039829644
18686,0.1366481
18687,0.9586456
18688,0.021635864
18689,0.15826023
18690,0.005688757
18691,0.06344977
18692,0.07631895
18693,0.5171705
18694,0.04875513
18695,0.99207544
18696,0.34015685
18697,0.53194547
18698,0.7865265
18699,0.0057739774
18700,0.0036795037
18701,0.021162665
18702,0.25432158
18703,0.0036781614
18704,0.5857608
18705,0.076492235
18706,0.027778523
18707,0.162285
18708,0.022984104
18709,0.8792589
18710,0.03430689
18711,0.022952164
18712,0.018630845
18713,0.0058946246
18714,0.19697474
18715,0.0029278842
18716,0.35408306
18717,0.036305368
18718,0.012148744
18719,0.007842488
18720,0.09456122
18721,0.04058344
18722,0.0045497753
18723,0.56949323
18724,0.68131393
18725,0.9346475
18726,0.16372553
18727,0.012337001
18728,0.29003832
18729,0.7119679
18730,0.012065175
18731,0.98239857
18732,0.0071926164
18733,0.98779047
18734,0.008391024
18735,0.16474763
18736,0.060337517
18737,0.22194926
18738,0.08419461
18739,0.003812025
18740,0.008128537
18741,0.0058569307
18742,0.3683923
18743,0.17894286
18744,0.0022487007
18745,0.007141487
18746,0.14610451
18747,0.17049856
18748,0.9866138
18749,0.13245144
18750,0.0078837415
18751,0.07151022
18752,0.0026761617
18753,0.25333145
18754,0.038990222
18755,0.0023377212
18756,0.16158828
18757,0.020723972
18758,0.055708885
18759,0.64786834
18760,0.0082298415
18761,0.014296845
18762,0.3192616
18763,0.7336171
18764,0.0072228927
18765,0.033648778
18766,0.087259784
18767,0.060536627
18768,0.020538528
18769,0.0054338197
18770,0.003450912
18771,0.0065365424
18772,0.020044532
18773,0.032046046
18774,0.088633016
18775,0.007013459
18776,0.002797143
18777,0.021514194
18778,0.00879071
18779,0.002492352
18780,0.036902048
18781,0.022427034
18782,0.011552218
18783,0.61876106
18784,0.84627897
18785,0.029038528
18786,0.017157681
18787,0.011768572
18788,0.46381593
18789,0.28551662
18790,0.8055187
18791,0.0025607978
18792,0.017581446
18793,0.015406806
18794,0.010320767
18795,0.2862635
18796,0.024310762
18797,0.011939681
18798,0.01894706
18799,0.009203376
18800,0.0066349846
18801,0.0071941386
18802,0.6952566
18803,0.026637394
18804,0.009465922
18805,0.15416531
18806,0.038473804
18807,0.06382363
18808,0.37706327
18809,0.016793432
18810,0.15662065
18811,0.023039218
18812,0.007741979
18813,0.01597559
18814,0.021822652
18815,0.01751567
18816,0.019067267
18817,0.0083384905
18818,0.05155018
18819,0.022108428
18820,0.17162989
18821,0.87455696
18822,0.05040244
18823,0.06758394
18824,0.94386184
18825,0.03957571
18826,0.521013
18827,0.8685682
18828,0.025378646
18829,0.004102444
18830,0.19639815
18831,0.9404942
18832,0.8729679
18833,0.011860479
18834,0.6851228
18835,0.18746993
18836,0.6980816
18837,0.26862827
18838,0.09224389
18839,0.10332198
18840,0.0063732686
18841,0.0068873414
18842,0.027075104
18843,0.009074192
18844,0.1404634
18845,0.08562892
18846,0.011896151
18847,0.70161706
18848,0.027516035
18849,0.0124155395
18850,0.8469391
18851,0.01329965
18852,0.16686966
18853,0.99752754
18854,0.12549955
18855,0.04169597
18856,0.021072695
18857,0.12461187
18858,0.0040905843
18859,0.019672643
18860,0.7360577
18861,0.0058986135
18862,0.0076289033
18863,0.17894515
18864,0.1275615
18865,0.008553606
18866,0.026402948
18867,0.011525319
18868,0.017921574
18869,0.027929474
18870,0.057494905
18871,0.008414645
18872,0.8793226
18873,0.38795248
18874,0.017760674
18875,0.010269509
18876,0.97494745
18877,0.007082556
18878,0.48409036
18879,0.08170385
18880,0.72477096
18881,0.061829068
18882,0.2871252
18883,0.19819227
18884,0.95537585
18885,0.9333534
18886,0.97712916
18887,0.004572089
18888,0.02100292
18889,0.019474959
18890,0.30194148
18891,0.0035874425
18892,0.0038017356
18893,0.0073650344
18894,0.044950534
18895,0.5790129
18896,0.6199098
18897,0.033293866
18898,0.014018072
18899,0.040307738
18900,0.032113414
18901,0.20894381
18902,0.0047677206
18903,0.00811692
18904,0.020094216
18905,0.011854516
18906,0.04495342
18907,0.01187246
18908,0.007014329
18909,0.77036905
18910,0.17186417
18911,0.14993466
18912,0.7361328
18913,0.08110221
18914,0.25995374
18915,0.06804933
18916,0.8589749
18917,0.005227287
18918,0.9888946
18919,0.38613915
18920,0.19759849
18921,0.16675052
18922,0.41496226
18923,0.968875
18924,0.013884049
18925,0.60611886
18926,0.030193923
18927,0.030392777
18928,0.14131916
18929,0.007651314
18930,0.06554167
18931,0.94789946
18932,0.05870487
18933,0.88490224
18934,0.036902737
18935,0.30589315
18936,0.0054314155
18937,0.0071168146
18938,0.27380034
18939,0.876657
18940,0.0091015445
18941,0.020029945
18942,0.023839943
18943,0.0030290962
18944,0.92563224
18945,0.09901796
18946,0.0099709565
18947,0.0030558347
18948,0.013268961
18949,0.0106032295
18950,0.39830664
18951,0.8991887
18952,0.35335565
18953,0.005082276
18954,0.0035070695
18955,0.09816007
18956,0.9609711
18957,0.0074252686
18958,0.0261896
18959,0.0027430165
18960,0.0107905
18961,0.009115256
18962,0.0068035997
18963,0.13733508
18964,0.0049689035
18965,0.91865045
18966,0.07046223
18967,0.8289205
18968,0.9498669
18969,0.14872189
18970,0.79261476
18971,0.005846379
18972,0.032702804
18973,0.017808393
18974,0.069527306
18975,0.0074567283
18976,0.007695032
18977,0.08980799
18978,0.2551782
18979,0.01639088
18980,0.80301917
18981,0.08576228
18982,0.45629865
18983,0.05843466
18984,0.012540025
18985,0.01466185
18986,0.9831808
18987,0.0049677035
18988,0.0054214485
18989,0.075496376
18990,0.32795534
18991,0.0073339795
18992,0.95410275
18993,0.013542471
18994,0.09795496
18995,0.20435546
18996,0.7766284
18997,0.75400615
18998,0.13655443
18999,0.055409726
19000,0.07804182
19001,0.027066773
19002,0.016981106
19003,0.0035282115
19004,0.9354028
19005,0.23114502
19006,0.1265099
19007,0.0072462223
19008,0.94136953
19009,0.13929813
19010,0.017757362
19011,0.05556075
19012,0.0047658794
19013,0.0052881218
19014,0.84121656
19015,0.04111206
19016,0.1386329
19017,0.06322279
19018,0.0075901574
19019,0.009195897
19020,0.03264001
19021,0.054756213
19022,0.009968829
19023,0.03227063
19024,0.6301794
19025,0.010133606
19026,0.18783812
19027,0.07590556
19028,0.59247255
19029,0.012704136
19030,0.12543334
19031,0.016326047
19032,0.02214679
19033,0.023044752
19034,0.015302401
19035,0.004993603
19036,0.03002515
19037,0.01429382
19038,0.009181024
19039,0.0045035565
19040,0.16815254
19041,0.034620352
19042,0.004489959
19043,0.0061016786
19044,0.0685511
19045,0.8106429
19046,0.005002453
19047,0.7803701
19048,0.01382332
19049,0.1649436
19050,0.021433325
19051,0.09857278
19052,0.978592
19053,0.009065158
19054,0.051174924
19055,0.27417034
19056,0.07651461
19057,0.024890551
19058,0.43455076
19059,0.09370611
19060,0.040893137
19061,0.0049185255
19062,0.01617374
19063,0.005064674
19064,0.12363837
19065,0.045537837
19066,0.7765106
19067,0.013325618
19068,0.013852303
19069,0.01591099
19070,0.17833117
19071,0.7002701
19072,0.17891453
19073,0.9809027
19074,0.002945248
19075,0.36154923
19076,0.06766256
19077,0.24272722
19078,0.023908474
19079,0.32405227
19080,0.003903592
19081,0.054079678
19082,0.0065445118
19083,0.7605554
19084,0.0055572297
19085,0.024659941
19086,0.8811428
19087,0.61842984
19088,0.13705313
19089,0.03561667
19090,0.21013728
19091,0.5677672
19092,0.8629189
19093,0.043584865
19094,0.012791236
19095,0.16912362
19096,0.010719496
19097,0.012135927
19098,0.8925781
19099,0.01716213
19100,0.7629848
19101,0.37506163
19102,0.016289987
19103,0.02352569
19104,0.011012221
19105,0.009658542
19106,0.014230644
19107,0.21165839
19108,0.012311937
19109,0.0661087
19110,0.03399078
19111,0.13425258
19112,0.0031275058
19113,0.030101791
19114,0.012996234
19115,0.064328596
19116,0.06506167
19117,0.15209317
19118,0.0147326905
19119,0.19634062
19120,0.016009446
19121,0.024104016
19122,0.003594272
19123,0.029120505
19124,0.015621732
19125,0.013676112
19126,0.09543446
19127,0.0034760928
19128,0.01954791
19129,0.008855906
19130,0.8941422
19131,0.083310634
19132,0.52354366
19133,0.01500944
19134,0.0040000044
19135,0.7796168
19136,0.41203117
19137,0.009581152
19138,0.00927245
19139,0.001906014
19140,0.03966262
19141,0.16978651
19142,0.83397585
19143,0.18388495
19144,0.2607139
19145,0.0039860695
19146,0.006366484
19147,0.0028788778
19148,0.22463487
19149,0.038509097
19150,0.01658848
19151,0.010589587
19152,0.85388386
19153,0.9887028
19154,0.072756544
19155,0.03389199
19156,0.19143304
19157,0.09798681
19158,0.0112502985
19159,0.11415681
19160,0.9275057
19161,0.40300822
19162,0.022307936
19163,0.02144426
19164,0.04902534
19165,0.010848397
19166,0.0027917868
19167,0.04269775
19168,0.6904971
19169,0.086094715
19170,0.8180038
19171,0.020357963
19172,0.18559371
19173,0.01695122
19174,0.009404235
19175,0.012211526
19176,0.027733408
19177,0.047434524
19178,0.013658968
19179,0.03667823
19180,0.014743991
19181,0.074075036
19182,0.5334412
19183,0.01851776
19184,0.06115615
19185,0.0023272776
19186,0.015767096
19187,0.19369517
19188,0.22245601
19189,0.0064557595
19190,0.043357957
19191,0.15553015
19192,0.7294599
19193,0.025395086
19194,0.11126181
19195,0.020466551
19196,0.84050906
19197,0.019366926
19198,0.12845919
19199,0.9717795
19200,0.8960881
19201,0.19811097
19202,0.6823659
19203,0.01783288
19204,0.008207341
19205,0.04200335
19206,0.012704376
19207,0.9519826
19208,0.0067709214
19209,0.85266614
19210,0.9274577
19211,0.31269225
19212,0.9895487
19213,0.015159255
19214,0.031117586
19215,0.4043051
19216,0.011835005
19217,0.01011147
19218,0.2114872
19219,0.010628361
19220,0.43230683
19221,0.037963644
19222,0.15242141
19223,0.0071317805
19224,0.30032438
19225,0.5184649
19226,0.57255095
19227,0.27401438
19228,0.007869943
19229,0.010705846
19230,0.14668342
19231,0.030767065
19232,0.03321206
19233,0.008156441
19234,0.013255613
19235,0.004451692
19236,0.024451936
19237,0.21091573
19238,0.008768538
19239,0.005280222
19240,0.00338844
19241,0.016750883
19242,0.0050166
19243,0.9669232
19244,0.01641654
19245,0.1617504
19246,0.0035504063
19247,0.89243484
19248,0.008014249
19249,0.0023154346
19250,0.24285348
19251,0.009040903
19252,0.009231752
19253,0.0035791798
19254,0.0075517287
19255,0.05011508
19256,0.030019835
19257,0.020270946
19258,0.9557297
19259,0.9478482
19260,0.85190386
19261,0.012415071
19262,0.00613373
19263,0.0075048856
19264,0.37891266
19265,0.050977625
19266,0.012642644
19267,0.005722132
19268,0.61019886
19269,0.031337783
19270,0.038693134
19271,0.071663715
19272,0.47156546
19273,0.0033248414
19274,0.003996974
19275,0.25225693
19276,0.07610186
19277,0.005923705
19278,0.5757617
19279,0.01358889
19280,0.043063596
19281,0.010938906
19282,0.00253249
19283,0.005679936
19284,0.0072751855
19285,0.6339733
19286,0.0048587685
19287,0.020541713
19288,0.028022315
19289,0.015777089
19290,0.21204202
19291,0.03215054
19292,0.7388221
19293,0.85729504
19294,0.00327755
19295,0.002891754
19296,0.01748839
19297,0.03985195
19298,0.9544998
19299,0.016924083
19300,0.016924607
19301,0.109599546
19302,0.11512406
19303,0.068321824
19304,0.8159045
19305,0.5135386
19306,0.032112457
19307,0.01524953
19308,0.20227164
19309,0.34568587
19310,0.0049283816
19311,0.16661026
19312,0.14067169
19313,0.0457548
19314,0.76794374
19315,0.0152868405
19316,0.19109684
19317,0.058535066
19318,0.24701658
19319,0.36317328
19320,0.003938777
19321,0.11950909
19322,0.20367268
19323,0.35770828
19324,0.0018510426
19325,0.20064692
19326,0.61716074
19327,0.007226511
19328,0.011282492
19329,0.007817242
19330,0.0076137986
19331,0.9810635
19332,0.012705745
19333,0.048025444
19334,0.017810069
19335,0.013081812
19336,0.12840301
19337,0.9582625
19338,0.43272853
19339,0.0042662304
19340,0.121889204
19341,0.099737346
19342,0.007220213
19343,0.051630132
19344,0.052360125
19345,0.07026272
19346,0.00404825
19347,0.034858968
19348,0.017602632
19349,0.58893585
19350,0.024985678
19351,0.033741817
19352,0.50056374
19353,0.10276029
19354,0.05671839
19355,0.06180608
19356,0.051165134
19357,0.019801445
19358,0.04818143
19359,0.21145025
19360,0.2395632
19361,0.013595432
19362,0.41148466
19363,0.06885536
19364,0.31763357
19365,0.519367
19366,0.0056239553
19367,0.7395436
19368,0.34135228
19369,0.027721304
19370,0.0037081211
19371,0.7776761
19372,0.008601142
19373,0.008220891
19374,0.0146793295
19375,0.01612405
19376,0.004487558
19377,0.92307687
19378,0.13050169
19379,0.004506658
19380,0.0035033268
19381,0.0048122797
19382,0.045214225
19383,0.011976034
19384,0.005505756
19385,0.02362338
19386,0.037608318
19387,0.013081615
19388,0.43263307
19389,0.99145436
19390,0.6408865
19391,0.7637901
19392,0.017917437
19393,0.013188577
19394,0.10320457
19395,0.16109748
19396,0.013076593
19397,0.94089377
19398,0.13478261
19399,0.0042396965
19400,0.70483655
19401,0.11374054
19402,0.0122513985
19403,0.13939852
19404,0.006140021
19405,0.002696162
19406,0.59548604
19407,0.45626205
19408,0.020459948
19409,0.013721784
19410,0.0046974155
19411,0.0022484248
19412,0.0114717
19413,0.006067642
19414,0.6499314
19415,0.012300468
19416,0.17793246
19417,0.99598914
19418,0.028499654
19419,0.12705332
19420,0.089078106
19421,0.8653873
19422,0.04649849
19423,0.12134903
19424,0.6955051
19425,0.0065513914
19426,0.0077374526
19427,0.03672387
19428,0.014481071
19429,0.060668282
19430,0.005911242
19431,0.038083293
19432,0.014903347
19433,0.019357791
19434,0.604412
19435,0.03888534
19436,0.0051106103
19437,0.97755367
19438,0.0030127615
19439,0.76290935
19440,0.086928315
19441,0.03884375
19442,0.11376511
19443,0.01010593
19444,0.006243578
19445,0.055471413
19446,0.0057330104
19447,0.021311542
19448,0.16647309
19449,0.0029394021
19450,0.044317245
19451,0.5591174
19452,0.009782717
19453,0.0258017
19454,0.7284965
19455,0.14444648
19456,0.66975474
19457,0.07408582
19458,0.059662007
19459,0.009745304
19460,0.9836468
19461,0.026905319
19462,0.008472856
19463,0.018950673
19464,0.12525472
19465,0.22601908
19466,0.02283838
19467,0.059171498
19468,0.9181579
19469,0.012338669
19470,0.026021833
19471,0.47842804
19472,0.7236972
19473,0.010867069
19474,0.045272548
19475,0.036646917
19476,0.0075458987
19477,0.9053449
19478,0.1547622
19479,0.0036029404
19480,0.06112931
19481,0.71303093
19482,0.38111293
19483,0.011410247
19484,0.0041859695
19485,0.005559262
19486,0.9187048
19487,0.13362063
19488,0.14595324
19489,0.30047652
19490,0.005771843
19491,0.093442224
19492,0.036486384
19493,0.26744846
19494,0.5096287
19495,0.03664213
19496,0.5150085
19497,0.014544325
19498,0.12613374
19499,0.015318318
19500,0.82601666
19501,0.0076946714
19502,0.9819281
19503,0.8012861
19504,0.9842589
19505,0.15178622
19506,0.12177613
19507,0.77736145
19508,0.11492549
19509,0.013478246
19510,0.012158316
19511,0.054316692
19512,0.12164619
19513,0.019292409
19514,0.005569909
19515,0.67329
19516,0.6380258
19517,0.111021325
19518,0.027688704
19519,0.0065651415
19520,0.004329249
19521,0.06026049
19522,0.7944489
19523,0.23133074
19524,0.17368276
19525,0.022267086
19526,0.008073058
19527,0.3091398
19528,0.6297008
19529,0.041126866
19530,0.8999906
19531,0.0087112775
19532,0.27112734
19533,0.036862835
19534,0.16191196
19535,0.043430552
19536,0.12162821
19537,0.010901274
19538,0.14614756
19539,0.84398973
19540,0.5563042
19541,0.010984705
19542,0.006513458
19543,0.013568269
19544,0.85510683
19545,0.7645329
19546,0.84016323
19547,0.009454675
19548,0.0038987983
19549,0.0060721817
19550,0.22398655
19551,0.073569
19552,0.01028883
19553,0.004006994
19554,0.094773814
19555,0.013025731
19556,0.012771483
19557,0.98246163
19558,0.0044025974
19559,0.038554728
19560,0.009580484
19561,0.97826266
19562,0.045500256
19563,0.09044779
19564,0.011558307
19565,0.08323289
19566,0.41295925
19567,0.94522125
19568,0.023317076
19569,0.13443252
19570,0.025279075
19571,0.009767038
19572,0.050770257
19573,0.0068997727
19574,0.007413611
19575,0.27690122
19576,0.82040465
19577,0.0077467132
19578,0.006822242
19579,0.18234436
19580,0.015651258
19581,0.6277307
19582,0.10244971
19583,0.003986935
19584,0.017790262
19585,0.003846991
19586,0.17596707
19587,0.06657464
19588,0.024667276
19589,0.021749571
19590,0.19021842
19591,0.1782869
19592,0.0111646885
19593,0.98963976
19594,0.05485517
19595,0.18266034
19596,0.16677408
19597,0.01969353
19598,0.004112467
19599,0.017891536
19600,0.019422408
19601,0.9142659
19602,0.87925416
19603,0.95980066
19604,0.014811298
19605,0.3667769
19606,0.14744794
19607,0.022352947
19608,0.01704217
19609,0.039387114
19610,0.46620312
19611,0.5608751
19612,0.21752965
19613,0.008351181
19614,0.047511727
19615,0.0060410197
19616,0.006586648
19617,0.007358254
19618,0.7601367
19619,0.026012547
19620,0.050215237
19621,0.015109753
19622,0.977426
19623,0.0064270734
19624,0.13452913
19625,0.02330938
19626,0.6389049
19627,0.015563537
19628,0.3306284
19629,0.010424337
19630,0.03152913
19631,0.94063705
19632,0.17097373
19633,0.07554377
19634,0.048087068
19635,0.031582426
19636,0.16162494
19637,0.8927575
19638,0.017678557
19639,0.00317457
19640,0.0267683
19641,0.0066423113
19642,0.015483079
19643,0.0069084885
19644,0.0063386033
19645,0.07411215
19646,0.08090732
19647,0.02775048
19648,0.019672846
19649,0.18689099
19650,0.002912879
19651,0.008937892
19652,0.17914231
19653,0.016001195
19654,0.9479778
19655,0.014808319
19656,0.069500595
19657,0.00883845
19658,0.97344965
19659,0.0046590823
19660,0.3152167
19661,0.2064565
19662,0.18017115
19663,0.012168445
19664,0.8433893
19665,0.029069506
19666,0.026270408
19667,0.050627258
19668,0.0090787895
19669,0.004519726
19670,0.39527383
19671,0.19007587
19672,0.04667089
19673,0.037407607
19674,0.14642425
19675,0.4819766
19676,0.052979965
19677,0.0025269673
19678,0.0030725875
19679,0.039937396
19680,0.007432199
19681,0.84184057
19682,0.98990715
19683,0.07887921
19684,0.039779548
19685,0.7070241
19686,0.0073875953
19687,0.17659362
19688,0.005755216
19689,0.080923304
19690,0.4467967
19691,0.029449677
19692,0.97877675
19693,0.023042234
19694,0.009932709
19695,0.040201772
19696,0.010911988
19697,0.47227314
19698,0.018250333
19699,0.5425753
19700,0.0029971115
19701,0.0038406753
19702,0.7141574
19703,0.016664157
19704,0.17149049
19705,0.20115559
19706,0.6217577
19707,0.005664346
19708,0.016160065
19709,0.0033390801
19710,0.004455546
19711,0.97246504
19712,0.054147106
19713,0.010267681
19714,0.45495886
19715,0.062250733
19716,0.0072981296
19717,0.08572798
19718,0.007627329
19719,0.0068433303
19720,0.291381
19721,0.0034340234
19722,0.77688754
19723,0.97032285
19724,0.0033006885
19725,0.2613274
19726,0.008312669
19727,0.0654749
19728,0.13922992
19729,0.040764306
19730,0.016959859
19731,0.42268038
19732,0.23289809
19733,0.015455446
19734,0.080337204
19735,0.027100123
19736,0.055981837
19737,0.9682612
19738,0.88560206
19739,0.23801896
19740,0.011428101
19741,0.009159028
19742,0.057074927
19743,0.65268517
19744,0.003526646
19745,0.02840486
19746,0.0284322
19747,0.046757117
19748,0.05915436
19749,0.0043305005
19750,0.020983163
19751,0.5741982
19752,0.05579692
19753,0.0046385513
19754,0.067705095
19755,0.004287746
19756,0.0076860217
19757,0.015908407
19758,0.87295675
19759,0.30128017
19760,0.035698827
19761,0.0023725634
19762,0.0076528196
19763,0.009796107
19764,0.8927097
19765,0.011250214
19766,0.88747394
19767,0.24274054
19768,0.9981363
19769,0.060215216
19770,0.015011688
19771,0.0039490177
19772,0.003409736
19773,0.09193069
19774,0.98869854
19775,0.027253347
19776,0.00117199
19777,0.390079
19778,0.1151685
19779,0.06624237
19780,0.012448259
19781,0.36535132
19782,0.021822114
19783,0.006967611
19784,0.10865278
19785,0.007714682
19786,0.004258736
19787,0.004757536
19788,0.053736944
19789,0.013859425
19790,0.9333294
19791,0.6339646
19792,0.017044455
19793,0.11251682
19794,0.87533313
19795,0.004405907
19796,0.08535545
19797,0.07786619
19798,0.0056490772
19799,0.983346
19800,0.014090833
19801,0.04361139
19802,0.014133917
19803,0.41889554
19804,0.8442068
19805,0.14306478
19806,0.0047470625
19807,0.088361606
19808,0.05532644
19809,0.009360669
19810,0.043402016
19811,0.0052111866
19812,0.019480402
19813,0.009510404
19814,0.03840425
19815,0.0654798
19816,0.041272536
19817,0.013649425
19818,0.047990825
19819,0.010541488
19820,0.07038708
19821,0.013815042
19822,0.0030123177
19823,0.03708765
19824,0.02263372
19825,0.0977482
19826,0.084076315
19827,0.19193433
19828,0.039653864
19829,0.7447787
19830,0.029013233
19831,0.02146065
19832,0.096729495
19833,0.5840545
19834,0.0063546854
19835,0.46251312
19836,0.016132742
19837,0.007926669
19838,0.0132466545
19839,0.06415037
19840,0.19302838
19841,0.57171226
19842,0.0129376585
19843,0.10870217
19844,0.03820104
19845,0.5559138
19846,0.00863394
19847,0.031179268
19848,0.09715569
19849,0.044863805
19850,0.005868492
19851,0.009491167
19852,0.21322003
19853,0.06585941
19854,0.9846324
19855,0.042494584
19856,0.06823196
19857,0.6398358
19858,0.21964242
19859,0.8371533
19860,0.71147865
19861,0.99810445
19862,0.054390773
19863,0.19778076
19864,0.03299611
19865,0.046929725
19866,0.0417266
19867,0.018611526
19868,0.04244791
19869,0.020979377
19870,0.12441189
19871,0.0930122
19872,0.046649225
19873,0.39652044
19874,0.006462596
19875,0.11316154
19876,0.002759796
19877,0.04248256
19878,0.0071458807
19879,0.009043783
19880,0.06498609
19881,0.041892134
19882,0.0042280043
19883,0.027756354
19884,0.13030782
19885,0.9872694
19886,0.06586431
19887,0.017355492
19888,0.97890145
19889,0.25395954
19890,0.05111995
19891,0.35298443
19892,0.056201585
19893,0.034825098
19894,0.0081445845
19895,0.61421955
19896,0.005286439
19897,0.7619347
19898,0.03824556
19899,0.076426126
19900,0.21348557
19901,0.1399485
19902,0.021251438
19903,0.055875313
19904,0.01595951
19905,0.016519336
19906,0.099683896
19907,0.0191328
19908,0.008465652
19909,0.07504375
19910,0.89292157
19911,0.2873318
19912,0.0073591173
19913,0.029770924
19914,0.0148555245
19915,0.546619
19916,0.005938803
19917,0.022004612
19918,0.0054794615
19919,0.024566619
19920,0.023154473
19921,0.088757835
19922,0.39346495
19923,0.047660064
19924,0.20332262
19925,0.09212465
19926,0.46192968
19927,0.33155486
19928,0.014717138
19929,0.16800801
19930,0.03077548
19931,0.008227195
19932,0.2692277
19933,0.0044339043
19934,0.056380257
19935,0.013510237
19936,0.0029722136
19937,0.21574497
19938,0.018606363
19939,0.022656906
19940,0.011355835
19941,0.02578227
19942,0.017277313
19943,0.007056004
19944,0.013494511
19945,0.040553983
19946,0.0199825
19947,0.0070776213
19948,0.2905036
19949,0.008918799
19950,0.076264545
19951,0.401737
19952,0.03740092
19953,0.42367896
19954,0.0102056675
19955,0.0093756
19956,0.43981868
19957,0.016937066
19958,0.010206973
19959,0.08448176
19960,0.10255343
19961,0.016359285
19962,0.027642136
19963,0.013329474
19964,0.005306587
19965,0.011799757
19966,0.24448925
19967,0.21466172
19968,0.84918475
19969,0.40442064
19970,0.39719743
19971,0.0068226336
19972,0.009810604
19973,0.92927665
19974,0.004706031
19975,0.98705786
19976,0.050046727
19977,0.014718507
19978,0.009196365
19979,0.87424517
19980,0.27102318
19981,0.027084453
19982,0.03622062
19983,0.5797377
19984,0.72684264
19985,0.26956183
19986,0.005360875
19987,0.96382904
19988,0.00599313
19989,0.010635668
19990,0.1528482
19991,0.011029689
19992,0.9643859
19993,0.0834521
19994,0.23477891
19995,0.050703425
19996,0.038364172
19997,0.0064347084
19998,0.012111472
19999,0.009198886
20000,0.019886823
20001,0.0064273747
20002,0.06566932
20003,0.08182165
20004,0.06320296
20005,0.34211785
20006,0.9841839
20007,0.20343386
20008,0.38273862
20009,0.009383553
20010,0.008906474
20011,0.066583015
20012,0.01048125
20013,0.021579865
20014,0.0701649
20015,0.062131327
20016,0.018001039
20017,0.01359751
20018,0.004134455
20019,0.035488006
20020,0.016249744
20021,0.014784957
20022,0.10131444
20023,0.077027
20024,0.020087147
20025,0.009698612
20026,0.035190836
20027,0.98385173
20028,0.011584698
20029,0.8313088
20030,0.026610121
20031,0.0018553212
20032,0.06180652
20033,0.2825528
20034,0.018532518
20035,0.34378746
20036,0.00930014
20037,0.079101905
20038,0.9969074
20039,0.28888655
20040,0.008956779
20041,0.0062097874
20042,0.012567913
20043,0.020396998
20044,0.009029124
20045,0.22241732
20046,0.90369457
20047,0.99684215
20048,0.0031410363
20049,0.8311321
20050,0.09715621
20051,0.03282498
20052,0.017656393
20053,0.99433136
20054,0.005724517
20055,0.29465145
20056,0.006106678
20057,0.033662193
20058,0.16997163
20059,0.14267737
20060,0.048321705
20061,0.019242644
20062,0.0484443
20063,0.0023721568
20064,0.015930923
20065,0.528194
20066,0.60383165
20067,0.037760615
20068,0.18636693
20069,0.65274405
20070,0.01553345
20071,0.02350016
20072,0.14266081
20073,0.028424159
20074,0.0064396556
20075,0.00714743
20076,0.30020252
20077,0.092355005
20078,0.034015417
20079,0.006901962
20080,0.33597583
20081,0.83294463
20082,0.028917944
20083,0.15375024
20084,0.9682111
20085,0.009932817
20086,0.004009985
20087,0.04124102
20088,0.095746644
20089,0.012463403
20090,0.21391124
20091,0.29342675
20092,0.018899774
20093,0.20504382
20094,0.1766279
20095,0.6593161
20096,0.8237863
20097,0.22157562
20098,0.0038147767
20099,0.010514317
20100,0.92613053
20101,0.26635492
20102,0.12247656
20103,0.024248362
20104,0.89269084
20105,0.018499753
20106,0.062154472
20107,0.65094984
20108,0.014537307
20109,0.9940772
20110,0.7168937
20111,0.023938436
20112,0.01851991
20113,0.007852403
20114,0.94543695
20115,0.93841165
20116,0.2988371
20117,0.0022287609
20118,0.002800558
20119,0.08511094
20120,0.03542675
20121,0.007278386
20122,0.31568843
20123,0.048435815
20124,0.121194445
20125,0.081828564
20126,0.034720145
20127,0.033521727
20128,0.97713315
20129,0.20143801
20130,0.40398416
20131,0.01124437
20132,0.051163256
20133,0.002187068
20134,0.05422544
20135,0.81411606
20136,0.007768699
20137,0.009785064
20138,0.99139005
20139,0.014812215
20140,0.34379575
20141,0.0026134679
20142,0.06364774
20143,0.02479627
20144,0.039130673
20145,0.007406361
20146,0.011034834
20147,0.048924398
20148,0.0073809125
20149,0.6894282
20150,0.04162862
20151,0.9909826
20152,0.008511584
20153,0.13217352
20154,0.004456382
20155,0.050615948
20156,0.004095753
20157,0.21286751
20158,0.01702233
20159,0.11943149
20160,0.99233997
20161,0.0042692297
20162,0.007589557
20163,0.029310526
20164,0.3404074
20165,0.026847886
20166,0.0065811435
20167,0.6672317
20168,0.0030473177
20169,0.0042407876
20170,0.014365285
20171,0.84154516
20172,0.46310234
20173,0.9837194
20174,0.04961765
20175,0.5745642
20176,0.06473539
20177,0.0047614393
20178,0.017445019
20179,0.0195559
20180,0.007986986
20181,0.012112104
20182,0.13449818
20183,0.0051718634
20184,0.9491379
20185,0.28644186
20186,0.019770063
20187,0.0050256783
20188,0.20082548
20189,0.1319933
20190,0.844674
20191,0.0095056435
20192,0.885539
20193,0.04412199
20194,0.02778104
20195,0.79519606
20196,0.0040816353
20197,0.02705973
20198,0.005050034
20199,0.033836044
20200,0.0036349364
20201,0.45059866
20202,0.0063281246
20203,0.13348708
20204,0.03668062
20205,0.003785285
20206,0.04668405
20207,0.97717506
20208,0.01168238
20209,0.023068113
20210,0.0066322573
20211,0.021015793
20212,0.9243372
20213,0.010633738
20214,0.4128401
20215,0.16162002
20216,0.013942409
20217,0.022675699
20218,0.050011113
20219,0.98784965
20220,0.13913374
20221,0.5595889
20222,0.014701016
20223,0.053476054
20224,0.078165665
20225,0.07327148
20226,0.009514344
20227,0.8225265
20228,0.949892
20229,0.15358317
20230,0.007092821
20231,0.8359035
20232,0.23231916
20233,0.027245149
20234,0.0070536686
20235,0.011825562
20236,0.6411607
20237,0.6471456
20238,0.08326411
20239,0.0032624851
20240,0.002563263
20241,0.007690442
20242,0.0042465543
20243,0.009834182
20244,0.0063722236
20245,0.18892589
20246,0.9661491
20247,0.04818468
20248,0.03243271
20249,0.56126666
20250,0.027248442
20251,0.0207386
20252,0.008061778
20253,0.004012997
20254,0.06563441
20255,0.107855074
20256,0.8507779
20257,0.94892424
20258,0.55856925
20259,0.285788
20260,0.007948508
20261,0.49031132
20262,0.03469393
20263,0.91498077
20264,0.13410383
20265,0.19652762
20266,0.9303139
20267,0.32109788
20268,0.029788215
20269,0.11989152
20270,0.0242234
20271,0.21736267
20272,0.013963061
20273,0.06083931
20274,0.081452765
20275,0.0045212535
20276,0.47663048
20277,0.8162045
20278,0.03336018
20279,0.49859592
20280,0.0064393654
20281,0.0170302
20282,0.021848083
20283,0.6949795
20284,0.011554114
20285,0.5694452
20286,0.007007186
20287,0.0076662414
20288,0.015789859
20289,0.94730526
20290,0.002492863
20291,0.005437645
20292,0.95649487
20293,0.7865782
20294,0.007338893
20295,0.09107787
20296,0.45715746
20297,0.020856416
20298,0.015249702
20299,0.9375757
20300,0.16543232
20301,0.008912403
20302,0.9790107
20303,0.0047583287
20304,0.08732245
20305,0.0037691593
20306,0.0024567659
20307,0.0702918
20308,0.11978561
20309,0.113677524
20310,0.03666042
20311,0.020200593
20312,0.01001384
20313,0.012462863
20314,0.89233476
20315,0.9836141
20316,0.044166137
20317,0.0019850924
20318,0.062130634
20319,0.9342608
20320,0.956095
20321,0.03590216
20322,0.16224217
20323,0.0038701848
20324,0.84679145
20325,0.004631916
20326,0.1320615
20327,0.033892833
20328,0.013561327
20329,0.12140401
20330,0.80259866
20331,0.7323258
20332,0.45444098
20333,0.22357953
20334,0.9755445
20335,0.7914014
20336,0.04801767
20337,0.00808077
20338,0.20240812
20339,0.88499486
20340,0.009925622
20341,0.12957004
20342,0.0141641805
20343,0.74512374
20344,0.004640738
20345,0.7947807
20346,0.1457089
20347,0.025005057
20348,0.724265
20349,0.010588733
20350,0.022626702
20351,0.095182315
20352,0.09881228
20353,0.009553559
20354,0.29961982
20355,0.016422668
20356,0.0071444903
20357,0.48801523
20358,0.015854057
20359,0.04880598
20360,0.30959657
20361,0.011905157
20362,0.009735874
20363,0.0070207654
20364,0.9570769
20365,0.0062885256
20366,0.00989349
20367,0.02004895
20368,0.0069914595
20369,0.02304349
20370,0.09372388
20371,0.029678488
20372,0.014310606
20373,0.10841451
20374,0.0041314797
20375,0.03537834
20376,0.041407757
20377,0.3653248
20378,0.0038114367
20379,0.2471747
20380,0.0050961543
20381,0.76602274
20382,0.01710021
20383,0.9517536
20384,0.0067193666
20385,0.00711639
20386,0.006267912
20387,0.029627955
20388,0.03536334
20389,0.0635935
20390,0.5855118
20391,0.6144276
20392,0.109110385
20393,0.024090463
20394,0.96846527
20395,0.029087445
20396,0.088771686
20397,0.0024025217
20398,0.98192614
20399,0.011509385
20400,0.12120422
20401,0.82798547
20402,0.87467855
20403,0.010730586
20404,0.0033930293
20405,0.00993716
20406,0.009876297
20407,0.36777946
20408,0.55775905
20409,0.600795
20410,0.77689
20411,0.053008158
20412,0.010527994
20413,0.094733566
20414,0.972902
20415,0.9422443
20416,0.02558046
20417,0.019199261
20418,0.008535698
20419,0.017118527
20420,0.024176981
20421,0.23930869
20422,0.0044663316
20423,0.036470123
20424,0.15614015
20425,0.004250809
20426,0.82852983
20427,0.0048923534
20428,0.9865198
20429,0.14081092
20430,0.006190842
20431,0.011761381
20432,0.06932198
20433,0.030546537
20434,0.0677201
20435,0.0026444572
20436,0.0039414363
20437,0.9318315
20438,0.95791626
20439,0.04966155
20440,0.021520514
20441,0.022644665
20442,0.0057917754
20443,0.2573862
20444,0.22536899
20445,0.25449342
20446,0.012407367
20447,0.7503442
20448,0.1241816
20449,0.8097567
20450,0.80862075
20451,0.9821905
20452,0.04977956
20453,0.006736574
20454,0.080875136
20455,0.021664528
20456,0.0071490104
20457,0.0035788266
20458,0.15183511
20459,0.88795364
20460,0.2261619
20461,0.011162973
20462,0.0059537436
20463,0.14114745
20464,0.0041738874
20465,0.010287826
20466,0.01711445
20467,0.9241575
20468,0.0153077915
20469,0.34501216
20470,0.0024601724
20471,0.29516384
20472,0.041526087
20473,0.0065306774
20474,0.0032932954
20475,0.0057025296
20476,0.057165906
20477,0.9530715
20478,0.056325685
20479,0.34788084
20480,0.14851613
20481,0.16842023
20482,0.24480422
20483,0.012988206
20484,0.012238975
20485,0.004486983
20486,0.024354551
20487,0.55181754
20488,0.007071937
20489,0.34283644
20490,0.98801875
20491,0.09133751
20492,0.041763715
20493,0.010290496
20494,0.10663943
20495,0.0041284966
20496,0.0077077453
20497,0.0040662214
20498,0.10383219
20499,0.7762199
20500,0.0051731565
20501,0.007663437
20502,0.48779586
20503,0.28480336
20504,0.047182225
20505,0.92025846
20506,0.008397927
20507,0.07921728
20508,0.3484398
20509,0.94896495
20510,0.097757995
20511,0.009555112
20512,0.97470945
20513,0.5938671
20514,0.02748047
20515,0.7479658
20516,0.014226284
20517,0.03854682
20518,0.0073015057
20519,0.023984686
20520,0.018617567
20521,0.8847826
20522,0.005477074
20523,0.051350366
20524,0.020359246
20525,0.02001592
20526,0.015394955
20527,0.047475982
20528,0.010484935
20529,0.14395915
20530,0.022448068
20531,0.06794522
20532,0.14751223
20533,0.023874935
20534,0.0037171533
20535,0.03792164
20536,0.006874809
20537,0.75469625
20538,0.089171484
20539,0.018291295
20540,0.50799286
20541,0.0051119807
20542,0.04615048
20543,0.20465438
20544,0.7277282
20545,0.09175877
20546,0.005162466
20547,0.14214304
20548,0.7076018
20549,0.06742457
20550,0.058929343
20551,0.006629289
20552,0.48027703
20553,0.01065426
20554,0.058262177
20555,0.021295529
20556,0.054515455
20557,0.13889383
20558,0.003523494
20559,0.003678958
20560,0.030868536
20561,0.0041769645
20562,0.009953235
20563,0.0074010976
20564,0.056779582
20565,0.042460926
20566,0.17313498
20567,0.034675594
20568,0.008207046
20569,0.031243073
20570,0.06859249
20571,0.0024631605
20572,0.034942742
20573,0.008488594
20574,0.1262297
20575,0.008863795
20576,0.1572003
20577,0.4048133
20578,0.7118963
20579,0.013339267
20580,0.0027334718
20581,0.08459044
20582,0.0991552
20583,0.6606882
20584,0.008660395
20585,0.021977384
20586,0.012398904
20587,0.02143654
20588,0.028095027
20589,0.8537053
20590,0.2525838
20591,0.024665158
20592,0.7208873
20593,0.17191115
20594,0.063957386
20595,0.007216669
20596,0.22547321
20597,0.034147136
20598,0.6851154
20599,0.08974693
20600,0.84498644
20601,0.010806009
20602,0.545718
20603,0.079833224
20604,0.022982804
20605,0.009360196
20606,0.31587973
20607,0.0133936675
20608,0.9847653
20609,0.9045918
20610,0.31453368
20611,0.08101232
20612,0.011304125
20613,0.22656456
20614,0.94783145
20615,0.7032388
20616,0.24994273
20617,0.015113577
20618,0.01844623
20619,0.0037526942
20620,0.23343135
20621,0.01737836
20622,0.0038008436
20623,0.010694136
20624,0.40827805
20625,0.11747368
20626,0.0067201047
20627,0.010829558
20628,0.24098681
20629,0.831122
20630,0.056326672
20631,0.017928692
20632,0.026020836
20633,0.0036966938
20634,0.86353904
20635,0.017936058
20636,0.0062078224
20637,0.25411162
20638,0.30636972
20639,0.029742246
20640,0.24799989
20641,0.058160268
20642,0.0036719858
20643,0.023766473
20644,0.52331436
20645,0.21383992
20646,0.0053935363
20647,0.08963619
20648,0.049284007
20649,0.034361877
20650,0.07520777
20651,0.025865484
20652,0.14972827
20653,0.15707466
20654,0.5246018
20655,0.023801763
20656,0.8414537
20657,0.21594824
20658,0.02349213
20659,0.8681668
20660,0.12911972
20661,0.010069528
20662,0.004784495
20663,0.07150091
20664,0.009460625
20665,0.025143245
20666,0.037890185
20667,0.009616149
20668,0.029966554
20669,0.08072342
20670,0.96936035
20671,0.0091728335
20672,0.9431768
20673,0.0957861
20674,0.007389886
20675,0.0042090975
20676,0.12415491
20677,0.045436885
20678,0.025726713
20679,0.01759144
20680,0.4332754
20681,0.005630361
20682,0.4738428
20683,0.5379303
20684,0.012969336
20685,0.07506722
20686,0.030450514
20687,0.03477801
20688,0.86496073
20689,0.6851387
20690,0.011142831
20691,0.0034801152
20692,0.45719364
20693,0.045001697
20694,0.0061641294
20695,0.0063928384
20696,0.0023492218
20697,0.98952323
20698,0.021620663
20699,0.009802695
20700,0.0071605
20701,0.58955216
20702,0.016113205
20703,0.8409833
20704,0.021575907
20705,0.2736538
20706,0.015287213
20707,0.016798707
20708,0.1318551
20709,0.031326536
20710,0.088428505
20711,0.025174981
20712,0.22761616
20713,0.8752606
20714,0.8455844
20715,0.0081209205
20716,0.09076765
20717,0.13183434
20718,0.37562075
20719,0.0034768526
20720,0.12021653
20721,0.09226644
20722,0.19193232
20723,0.01074338
20724,0.01932144
20725,0.006418492
20726,0.013663228
20727,0.9642829
20728,0.044410087
20729,0.016417995
20730,0.023701496
20731,0.13351144
20732,0.04071135
20733,0.9384798
20734,0.07310599
20735,0.54536587
20736,0.014853026
20737,0.6119106
20738,0.85027015
20739,0.034036208
20740,0.016147258
20741,0.64007384
20742,0.007186313
20743,0.07360958
20744,0.43568295
20745,0.8792103
20746,0.025230758
20747,0.02894928
20748,0.030103162
20749,0.009484902
20750,0.21519548
20751,0.98964894
20752,0.009173064
20753,0.42050874
20754,0.13192067
20755,0.07997766
20756,0.109203726
20757,0.04702227
20758,0.06875681
20759,0.2871451
20760,0.0154348165
20761,0.05101793
20762,0.19899243
20763,0.008531745
20764,0.76679933
20765,0.073227316
20766,0.057558183
20767,0.58493173
20768,0.006269148
20769,0.022306351
20770,0.0078074406
20771,0.054086864
20772,0.012383762
20773,0.00407322
20774,0.026676156
20775,0.013607882
20776,0.10618642
20777,0.0065985173
20778,0.023669392
20779,0.8263057
20780,0.90250295
20781,0.027700847
20782,0.021661183
20783,0.71311045
20784,0.010904591
20785,0.005572342
20786,0.98381895
20787,0.04905666
20788,0.53770113
20789,0.6205777
20790,0.03194057
20791,0.6073244
20792,0.008379186
20793,0.005834664
20794,0.0035222834
20795,0.07375288
20796,0.6518893
20797,0.25780085
20798,0.010571825
20799,0.027221749
20800,0.8683344
20801,0.61758727
20802,0.22464155
20803,0.8667496
20804,0.088826366
20805,0.05505267
20806,0.4194467
20807,0.022376915
20808,0.01696615
20809,0.3773128
20810,0.09944696
20811,0.06809894
20812,0.056210473
20813,0.016997233
20814,0.054063816
20815,0.6298385
20816,0.064352244
20817,0.0019349073
20818,0.0028873617
20819,0.019197647
20820,0.27147624
20821,0.74179775
20822,0.09782758
20823,0.002717463
20824,0.017930834
20825,0.2533533
20826,0.03759365
20827,0.07188156
20828,0.081209145
20829,0.2760416
20830,0.7400555
20831,0.21459979
20832,0.021918649
20833,0.89497995
20834,0.49548942
20835,0.018326117
20836,0.8909662
20837,0.005724582
20838,0.010286345
20839,0.0430979
20840,0.008227915
20841,0.06363911
20842,0.09616841
20843,0.011625057
20844,0.02208288
20845,0.6591231
20846,0.0035910306
20847,0.04919292
20848,0.012333364
20849,0.007678286
20850,0.017080873
20851,0.079477675
20852,0.9623717
20853,0.06541731
20854,0.010038826
20855,0.15620197
20856,0.28430837
20857,0.66082835
20858,0.97794455
20859,0.01705307
20860,0.13512897
20861,0.028427433
20862,0.21382701
20863,0.46778256
20864,0.013144663
20865,0.064630695
20866,0.021517381
20867,0.008379585
20868,0.9257148
20869,0.0066727893
20870,0.006513619
20871,0.00326642
20872,0.015394492
20873,0.008706515
20874,0.9248811
20875,0.2556332
20876,0.06851112
20877,0.18142568
20878,0.032685637
20879,0.004643307
20880,0.021880873
20881,0.069217764
20882,0.66379
20883,0.01592309
20884,0.005795585
20885,0.07513188
20886,0.16661969
20887,0.0084923105
20888,0.1246977
20889,0.037955783
20890,0.13231884
20891,0.034207363
20892,0.10967984
20893,0.53136426
20894,0.0492978
20895,0.12431357
20896,0.8572641
20897,0.00407287
20898,0.31037724
20899,0.22805075
20900,0.03295816
20901,0.015688062
20902,0.12847325
20903,0.77264005
20904,0.011836054
20905,0.026415505
20906,0.09751411
20907,0.023141367
20908,0.004309817
20909,0.0069445614
20910,0.25489542
20911,0.47360623
20912,0.0047766957
20913,0.7919592
20914,0.15637209
20915,0.03331915
20916,0.0060398313
20917,0.04072039
20918,0.026674164
20919,0.0067879767
20920,0.054422736
20921,0.0030864845
20922,0.8862825
20923,0.0030478248
20924,0.94590074
20925,0.10369278
20926,0.99552083
20927,0.04003626
20928,0.14396441
20929,0.38996616
20930,0.029889686
20931,0.01901999
20932,0.005459697
20933,0.009276007
20934,0.03930862
20935,0.05464559
20936,0.9507304
20937,0.005458982
20938,0.028822651
20939,0.01007802
20940,0.30292523
20941,0.0130972555
20942,0.024716217
20943,0.24526596
20944,0.87430096
20945,0.0092146015
20946,0.95251465
20947,0.01174101
20948,0.042934325
20949,0.18567474
20950,0.02459408
20951,0.032109536
20952,0.7957186
20953,0.062136393
20954,0.044597697
20955,0.030130234
20956,0.018840324
20957,0.035252385
20958,0.037583265
20959,0.7983351
20960,0.12629868
20961,0.029230352
20962,0.03753154
20963,0.0072839386
20964,0.10153167
20965,0.009477558
20966,0.38764137
20967,0.16155043
20968,0.061687183
20969,0.012379126
20970,0.0034867364
20971,0.018420083
20972,0.0067947344
20973,0.030738512
20974,0.005284842
20975,0.1719496
20976,0.0061249724
20977,0.1751758
20978,0.09602775
20979,0.013238255
20980,0.20921639
20981,0.032187104
20982,0.014877298
20983,0.022606974
20984,0.008665219
20985,0.017388556
20986,0.21394219
20987,0.9818733
20988,0.78460324
20989,0.11730329
20990,0.6964431
20991,0.9712903
20992,0.20572561
20993,0.005344361
20994,0.023249855
20995,0.029528765
20996,0.027275667
20997,0.12864901
20998,0.16814059
20999,0.014349941
21000,0.9891138
21001,0.0063776
21002,0.9319925
21003,0.0047797887
21004,0.561678
21005,0.029715763
21006,0.9219135
21007,0.0054663937
21008,0.031491052
21009,0.05680719
21010,0.9489977
21011,0.041399326
21012,0.018645253
21013,0.0069904136
21014,0.117076226
21015,0.15308675
21016,0.07729522
21017,0.0052957726
21018,0.009761486
21019,0.059770923
21020,0.032661237
21021,0.041416295
21022,0.8144071
21023,0.020596258
21024,0.73245156
21025,0.09852866
21026,0.12865219
21027,0.975343
21028,0.6199065
21029,0.023984455
21030,0.13290213
21031,0.865348
21032,0.075076364
21033,0.90853643
21034,0.97998077
21035,0.03465503
21036,0.97155106
21037,0.4505528
21038,0.0083497
21039,0.9577983
21040,0.016607594
21041,0.1428446
21042,0.07960208
21043,0.013008565
21044,0.8225466
21045,0.029994108
21046,0.35628173
21047,0.9326378
21048,0.018854681
21049,0.9713637
21050,0.007504544
21051,0.37341845
21052,0.00982337
21053,0.15568197
21054,0.75515676
21055,0.019464195
21056,0.079565324
21057,0.9904738
21058,0.011377778
21059,0.8911005
21060,0.870382
21061,0.13042267
21062,0.007262207
21063,0.0133055765
21064,0.6473972
21065,0.2809463
21066,0.0050971746
21067,0.0032528902
21068,0.13371475
21069,0.044105526
21070,0.041282818
21071,0.6724169
21072,0.0047868527
21073,0.37361833
21074,0.01873251
21075,0.048436355
21076,0.010333389
21077,0.16381691
21078,0.34350422
21079,0.9195014
21080,0.03780131
21081,0.97575086
21082,0.04856664
21083,0.015358649
21084,0.55708766
21085,0.008256259
21086,0.08996303
21087,0.10381981
21088,0.19081922
21089,0.1355296
21090,0.05367654
21091,0.010782798
21092,0.23247784
21093,0.005292315
21094,0.00861411
21095,0.03584409
21096,0.0070698983
21097,0.032076582
21098,0.033283852
21099,0.05688922
21100,0.040360264
21101,0.0066613704
21102,0.0056531606
21103,0.094018765
21104,0.19863217
21105,0.005070769
21106,0.795115
21107,0.05538067
21108,0.22587891
21109,0.9437726
21110,0.74921817
21111,0.9955478
21112,0.005065746
21113,0.019016182
21114,0.94858444
21115,0.23393385
21116,0.98050743
21117,0.07691539
21118,0.005941061
21119,0.9570563
21120,0.0024410982
21121,0.28693327
21122,0.034057118
21123,0.04964021
21124,0.022554532
21125,0.052165724
21126,0.0048789587
21127,0.015796877
21128,0.0053023347
21129,0.039070386
21130,0.902919
21131,0.42277965
21132,0.121207766
21133,0.02793565
21134,0.009168852
21135,0.9101618
21136,0.033126518
21137,0.004005487
21138,0.00870349
21139,0.024979582
21140,0.71621495
21141,0.011283163
21142,0.0128023615
21143,0.052532937
21144,0.005076115
21145,0.015604742
21146,0.0450162
21147,0.60312927
21148,0.35185584
21149,0.02261461
21150,0.008985573
21151,0.8745537
21152,0.014838046
21153,0.5676867
21154,0.014842062
21155,0.024754586
21156,0.6292911
21157,0.026078476
21158,0.35697868
21159,0.014157165
21160,0.013565901
21161,0.0036129977
21162,0.0677689
21163,0.8698968
21164,0.014341081
21165,0.19469967
21166,0.97263634
21167,0.06010798
21168,0.007845115
21169,0.5237596
21170,0.47430673
21171,0.15676859
21172,0.16508146
21173,0.006657055
21174,0.9837427
21175,0.3020708
21176,0.0064422064
21177,0.82067996
21178,0.44617778
21179,0.0050137513
21180,0.9180388
21181,0.049031653
21182,0.004430687
21183,0.031279217
21184,0.5914679
21185,0.107363015
21186,0.005764385
21187,0.0043958826
21188,0.008056411
21189,0.0047112154
21190,0.016213091
21191,0.8560335
21192,0.08167937
21193,0.21832879
21194,0.96000385
21195,0.03908575
21196,0.1357096
21197,0.0075841327
21198,0.016472207
21199,0.6236565
21200,0.010458683
21201,0.013100343
21202,0.008510381
21203,0.115995176
21204,0.018348541
21205,0.0025195398
21206,0.9253196
21207,0.004019003
21208,0.034383148
21209,0.941313
21210,0.13718133
21211,0.9473437
21212,0.018054629
21213,0.902599
21214,0.098942
21215,0.06851759
21216,0.39899713
21217,0.23432955
21218,0.008211954
21219,0.011330392
21220,0.24137937
21221,0.010197487
21222,0.015300383
21223,0.03992775
21224,0.445343
21225,0.0042414726
21226,0.21924224
21227,0.007849707
21228,0.93653244
21229,0.94731
21230,0.2877496
21231,0.8474413
21232,0.061579313
21233,0.21564794
21234,0.015826723
21235,0.5587121
21236,0.776959
21237,0.0036215493
21238,0.0069295364
21239,0.012668922
21240,0.007889879
21241,0.49184376
21242,0.950318
21243,0.33326778
21244,0.031727303
21245,0.97892624
21246,0.0027859278
21247,0.011854478
21248,0.0434631
21249,0.98085666
21250,0.007470823
21251,0.010650149
21252,0.074779525
21253,0.0074577807
21254,0.008452898
21255,0.039388865
21256,0.056856625
21257,0.6364793
21258,0.21089649
21259,0.03635859
21260,0.09845816
21261,0.021740757
21262,0.02001231
21263,0.08813546
21264,0.005751902
21265,0.014584587
21266,0.0033580319
21267,0.007865751
21268,0.97233677
21269,0.35852662
21270,0.19219996
21271,0.18144369
21272,0.104080595
21273,0.021218857
21274,0.006529415
21275,0.26535615
21276,0.0034566312
21277,0.012392325
21278,0.71743405
21279,0.33573413
21280,0.06749333
21281,0.014036834
21282,0.29638347
21283,0.18114406
21284,0.9671136
21285,0.021063907
21286,0.53500193
21287,0.0035762053
21288,0.012862883
21289,0.007895831
21290,0.39494225
21291,0.0035380458
21292,0.9741572
21293,0.017174326
21294,0.15153885
21295,0.5454164
21296,0.0064820577
21297,0.98531425
21298,0.16077395
21299,0.67227525
21300,0.16144821
21301,0.9546912
21302,0.9775555
21303,0.004214992
21304,0.0033480932
21305,0.012659901
21306,0.01657159
21307,0.0039123883
21308,0.14907743
21309,0.115679994
21310,0.009352788
21311,0.08328006
21312,0.45883346
21313,0.015873278
21314,0.17875986
21315,0.090225145
21316,0.46626768
21317,0.44149923
21318,0.8124479
21319,0.017970685
21320,0.026449341
21321,0.0048517943
21322,0.038943917
21323,0.98561585
21324,0.012201177
21325,0.018203404
21326,0.7064919
21327,0.002849301
21328,0.011197016
21329,0.024358924
21330,0.0028462615
21331,0.002891189
21332,0.23825724
21333,0.0021849421
21334,0.9173272
21335,0.39450562
21336,0.025917606
21337,0.35856432
21338,0.8550164
21339,0.21602944
21340,0.012391766
21341,0.006984071
21342,0.04638872
21343,0.022578139
21344,0.012821606
21345,0.01939609
21346,0.0075729364
21347,0.014964486
21348,0.99805343
21349,0.003612675
21350,0.065287724
21351,0.8658175
21352,0.005147175
21353,0.95758843
21354,0.005824133
21355,0.101664916
21356,0.007985478
21357,0.010797364
21358,0.5476945
21359,0.67822474
21360,0.28212214
21361,0.99840456
21362,0.018783709
21363,0.06837367
21364,0.013980431
21365,0.02349732
21366,0.010176231
21367,0.62554073
21368,0.98276997
21369,0.0073941126
21370,0.7905339
21371,0.96309584
21372,0.016404279
21373,0.0056388383
21374,0.026863415
21375,0.017066061
21376,0.60473496
21377,0.13765293
21378,0.94854933
21379,0.23336536
21380,0.6917413
21381,0.009312326
21382,0.044293262
21383,0.0039605205
21384,0.0042392313
21385,0.15021273
21386,0.9795084
21387,0.16109194
21388,0.32619128
21389,0.023254925
21390,0.0046043484
21391,0.02456703
21392,0.014093637
21393,0.0087904725
21394,0.09315407
21395,0.69533956
21396,0.19267026
21397,0.9176336
21398,0.004308901
21399,0.07658374
21400,0.83096653
21401,0.0027284655
21402,0.01373737
21403,0.15819277
21404,0.028768666
21405,0.006454668
21406,0.0027702304
21407,0.027341772
21408,0.0156089645
21409,0.032294016
21410,0.13378985
21411,0.29498854
21412,0.019310936
21413,0.008750718
21414,0.011585102
21415,0.0076057645
21416,0.048778985
21417,0.10449577
21418,0.010242998
21419,0.019122235
21420,0.003631474
21421,0.22832371
21422,0.068091646
21423,0.0068675852
21424,0.19697598
21425,0.49431625
21426,0.17298433
21427,0.08648177
21428,0.043379508
21429,0.5638528
21430,0.0043084365
21431,0.031026622
21432,0.766607
21433,0.0048538437
21434,0.009884376
21435,0.005061609
21436,0.071383074
21437,0.18094605
21438,0.0055332095
21439,0.38643345
21440,0.01679096
21441,0.028280942
21442,0.012852902
21443,0.038361296
21444,0.0041770283
21445,0.07039611
21446,0.017370716
21447,0.011522625
21448,0.11905698
21449,0.033386037
21450,0.07414105
21451,0.71807384
21452,0.622598
21453,0.071027845
21454,0.035277303
21455,0.6446535
21456,0.07571373
21457,0.0065196664
21458,0.5102463
21459,0.13210292
21460,0.009152469
21461,0.014933394
21462,0.90045685
21463,0.006153424
21464,0.07788925
21465,0.2131993
21466,0.054600496
21467,0.8370678
21468,0.0058140196
21469,0.056270875
21470,0.27223152
21471,0.027539516
21472,0.27915877
21473,0.017166022
21474,0.903773
21475,0.01401964
21476,0.0026643253
21477,0.0046601836
21478,0.010639076
21479,0.9247394
21480,0.014227153
21481,0.005862945
21482,0.026099024
21483,0.57316864
21484,0.030017542
21485,0.028673394
21486,0.017275266
21487,0.10976149
21488,0.74431765
21489,0.025029583
21490,0.0071041463
21491,0.009636797
21492,0.10882475
21493,0.41072902
21494,0.031798035
21495,0.14428169
21496,0.018213637
21497,0.004988479
21498,0.021179877
21499,0.18711644
21500,0.17871894
21501,0.04309127
21502,0.048852324
21503,0.17714244
21504,0.083982855
21505,0.6054158
21506,0.019521538
21507,0.014246473
21508,0.51494277
21509,0.0056298194
21510,0.6913754
21511,0.68582827
21512,0.011658657
21513,0.055451196
21514,0.015522677
21515,0.048671834
21516,0.45526466
21517,0.0618797
21518,0.011082603
21519,0.018523829
21520,0.017389918
21521,0.03033101
21522,0.013032346
21523,0.03589382
21524,0.006553769
21525,0.073608756
21526,0.82190377
21527,0.0036806068
21528,0.009968504
21529,0.0116374735
21530,0.26611704
21531,0.2236104
21532,0.726259
21533,0.0069086356
21534,0.06280464
21535,0.4236236
21536,0.8938626
21537,0.21222748
21538,0.0021970575
21539,0.6568084
21540,0.032945763
21541,0.14686887
21542,0.17302977
21543,0.39564
21544,0.07055698
21545,0.9432812
21546,0.20776965
21547,0.002394946
21548,0.013483217
21549,0.09161404
21550,0.9502703
21551,0.16271266
21552,0.03856765
21553,0.009479259
21554,0.011302158
21555,0.1542092
21556,0.06229668
21557,0.012855486
21558,0.09465868
21559,0.8258821
21560,0.0031697012
21561,0.020706609
21562,0.019875618
21563,0.018952211
21564,0.0034764162
21565,0.008960005
21566,0.07877535
21567,0.0040517375
21568,0.17059939
21569,0.023900136
21570,0.5856659
21571,0.013788938
21572,0.7913154
21573,0.04046503
21574,0.0045000287
21575,0.9491808
21576,0.58448505
21577,0.16137381
21578,0.020022264
21579,0.035000805
21580,0.011396099
21581,0.25974232
21582,0.049800348
21583,0.20332149
21584,0.022756027
21585,0.18537644
21586,0.8446335
21587,0.020595802
21588,0.5786537
21589,0.025014412
21590,0.13265313
21591,0.112828724
21592,0.014739579
21593,0.9310098
21594,0.0038214892
21595,0.014475002
21596,0.065067925
21597,0.052635215
21598,0.8624033
21599,0.0040387143
21600,0.528562
21601,0.045291975
21602,0.085271746
21603,0.93636495
21604,0.02862234
21605,0.059004575
21606,0.0055996845
21607,0.025587229
21608,0.0864982
21609,0.47892866
21610,0.047612324
21611,0.1352528
21612,0.017324667
21613,0.027949333
21614,0.34538502
21615,0.021983314
21616,0.18688591
21617,0.79696304
21618,0.006818715
21619,0.52201915
21620,0.006540653
21621,0.028575692
21622,0.82624716
21623,0.029231938
21624,0.5727105
21625,0.51315135
21626,0.13290834
21627,0.42952698
21628,0.074667975
21629,0.0309568
21630,0.0062700836
21631,0.023402747
21632,0.84228957
21633,0.019523168
21634,0.16088466
21635,0.003601022
21636,0.1055286
21637,0.014772813
21638,0.039204568
21639,0.97274244
21640,0.88709384
21641,0.16066442
21642,0.029732563
21643,0.034694392
21644,0.012740762
21645,0.010915895
21646,0.14227512
21647,0.012608334
21648,0.99622416
21649,0.10873254
21650,0.058814712
21651,0.28337866
21652,0.010293785
21653,0.17566459
21654,0.006383906
21655,0.037841525
21656,0.06409971
21657,0.040590696
21658,0.012245197
21659,0.00205175
21660,0.16913581
21661,0.104179084
21662,0.5389947
21663,0.08949516
21664,0.29408824
21665,0.007447943
21666,0.15965576
21667,0.010804318
21668,0.009178564
21669,0.018680224
21670,0.6081606
21671,0.010823675
21672,0.16636568
21673,0.4627983
21674,0.028799182
21675,0.7601971
21676,0.0689509
21677,0.027704801
21678,0.40647948
21679,0.0039838343
21680,0.34242007
21681,0.016171016
21682,0.00522395
21683,0.22798017
21684,0.46095264
21685,0.5575483
21686,0.0061971974
21687,0.002993798
21688,0.019255234
21689,0.72008765
21690,0.611868
21691,0.037528913
21692,0.4380604
21693,0.0073361634
21694,0.20444605
21695,0.011879354
21696,0.008836795
21697,0.019185448
21698,0.023163717
21699,0.0079570515
21700,0.83962274
21701,0.10883539
21702,0.22154368
21703,0.015099949
21704,0.17358837
21705,0.13959146
21706,0.3977328
21707,0.0153515395
21708,0.013478156
21709,0.050099958
21710,0.02826126
21711,0.11086694
21712,0.048351042
21713,0.7094237
21714,0.16763745
21715,0.016236601
21716,0.95662975
21717,0.0049478146
21718,0.23936506
21719,0.9569238
21720,0.20359118
21721,0.016253037
21722,0.030037872
21723,0.02720865
21724,0.59801656
21725,0.012644597
21726,0.43191102
21727,0.00606992
21728,0.015149279
21729,0.023839884
21730,0.012240756
21731,0.7562075
21732,0.006865647
21733,0.02998381
21734,0.44007254
21735,0.077504665
21736,0.52278775
21737,0.006573603
21738,0.061619584
21739,0.13366824
21740,0.9272995
21741,0.0023167932
21742,0.008058797
21743,0.71881676
21744,0.5061088
21745,0.046874635
21746,0.03009236
21747,0.5836829
21748,0.026282854
21749,0.0023455736
21750,0.027927695
21751,0.005751239
21752,0.2563907
21753,0.038475603
21754,0.9700366
21755,0.011201911
21756,0.23819429
21757,0.0070255534
21758,0.8433642
21759,0.032219123
21760,0.127457
21761,0.9719497
21762,0.026262
21763,0.0038555777
21764,0.9864639
21765,0.014627149
21766,0.75980157
21767,0.094898455
21768,0.97984457
21769,0.12645215
21770,0.035756107
21771,0.05367225
21772,0.0094335
21773,0.007274325
21774,0.009867619
21775,0.58092767
21776,0.030644884
21777,0.02278379
21778,0.013272057
21779,0.031481158
21780,0.7253488
21781,0.0051735295
21782,0.9016744
21783,0.013229779
21784,0.018533371
21785,0.025951287
21786,0.34173006
21787,0.0045545157
21788,0.0029814013
21789,0.025643738
21790,0.0065170634
21791,0.007781957
21792,0.4996374
21793,0.89520556
21794,0.6496041
21795,0.0044114115
21796,0.24886021
21797,0.95191085
21798,0.051309347
21799,0.96247965
21800,0.70075464
21801,0.07813691
21802,0.007322401
21803,0.098467566
21804,0.33790588
21805,0.9120842
21806,0.23699038
21807,0.009774544
21808,0.96899825
21809,0.69852763
21810,0.0152830435
21811,0.87560606
21812,0.0031104793
21813,0.013399348
21814,0.91263044
21815,0.72635657
21816,0.7677398
21817,0.2863525
21818,0.76300895
21819,0.004025532
21820,0.0079319095
21821,0.089178026
21822,0.03434039
21823,0.039055485
21824,0.0051024803
21825,0.037583586
21826,0.005478986
21827,0.7380843
21828,0.9865579
21829,0.0037170846
21830,0.015179039
21831,0.017295694
21832,0.011872214
21833,0.1846107
21834,0.59549725
21835,0.13315867
21836,0.77959585
21837,0.04841269
21838,0.0032683953
21839,0.15126565
21840,0.0045278925
21841,0.21733372
21842,0.60509056
21843,0.111979485
21844,0.6333496
21845,0.011122217
21846,0.005688609
21847,0.028608318
21848,0.005426506
21849,0.9709797
21850,0.0046896124
21851,0.32536516
21852,0.9614845
21853,0.08102742
21854,0.047388405
21855,0.023485754
21856,0.038648855
21857,0.0069623217
21858,0.020628342
21859,0.022127941
21860,0.2779851
21861,0.0061941403
21862,0.0031719215
21863,0.007078586
21864,0.0030961244
21865,0.016461657
21866,0.8785703
21867,0.0025633252
21868,0.008246753
21869,0.2231361
21870,0.0041747876
21871,0.09545014
21872,0.0062401476
21873,0.16405527
21874,0.017322168
21875,0.012280983
21876,0.790946
21877,0.06748389
21878,0.47471365
21879,0.6509706
21880,0.00730264
21881,0.1010427
21882,0.011739012
21883,0.0063887173
21884,0.9670784
21885,0.008909274
21886,0.013190371
21887,0.73160684
21888,0.24670258
21889,0.009743448
21890,0.8757464
21891,0.014951945
21892,0.8034826
21893,0.011237511
21894,0.95357287
21895,0.024482688
21896,0.022399828
21897,0.010299217
21898,0.63393193
21899,0.87185377
21900,0.014805828
21901,0.006126363
21902,0.1004276
21903,0.008262657
21904,0.05890879
21905,0.0046706437
21906,0.11608224
21907,0.14051639
21908,0.053286385
21909,0.8540098
21910,0.030950312
21911,0.02945557
21912,0.005068424
21913,0.02040516
21914,0.013711173
21915,0.029238872
21916,0.16589034
21917,0.014077836
21918,0.1135988
21919,0.047589395
21920,0.31863678
21921,0.17014425
21922,0.05096322
21923,0.18888243
21924,0.009039143
21925,0.20046464
21926,0.014161923
21927,0.014719704
21928,0.059176274
21929,0.12309475
21930,0.033526774
21931,0.07105773
21932,0.9539794
21933,0.006177113
21934,0.010017272
21935,0.016406871
21936,0.8897256
21937,0.009615236
21938,0.0036098235
21939,0.019039074
21940,0.027846603
21941,0.005030824
21942,0.4338684
21943,0.0043598725
21944,0.004056948
21945,0.009131352
21946,0.016201291
21947,0.0065794974
21948,0.012219736
21949,0.003263712
21950,0.042260837
21951,0.007223115
21952,0.022163823
21953,0.7824203
21954,0.3292437
21955,0.6558389
21956,0.4676064
21957,0.04507667
21958,0.05824183
21959,0.95131844
21960,0.018144194
21961,0.05376232
21962,0.004655161
21963,0.14407316
21964,0.06265113
21965,0.004980164
21966,0.18258926
21967,0.017679757
21968,0.42701682
21969,0.011483684
21970,0.97942173
21971,0.7840256
21972,0.15339272
21973,0.09161424
21974,0.57808214
21975,0.021577543
21976,0.0056290906
21977,0.049579844
21978,0.047299754
21979,0.0070025288
21980,0.017012617
21981,0.094736464
21982,0.61950433
21983,0.027414247
21984,0.17938308
21985,0.97282547
21986,0.9868067
21987,0.980534
21988,0.003920393
21989,0.03648959
21990,0.15976915
21991,0.005115219
21992,0.0049403287
21993,0.0039299494
21994,0.057011884
21995,0.06960475
21996,0.042563196
21997,0.012395016
21998,0.19264267
21999,0.5777204
22000,0.0032216925
22001,0.55815244
22002,0.48015702
22003,0.0066685774
22004,0.012195597
22005,0.2864167
22006,0.9757176
22007,0.43458092
22008,0.32833746
22009,0.009799128
22010,0.100850664
22011,0.9737868
22012,0.024132399
22013,0.2886276
22014,0.010499761
22015,0.017170215
22016,0.022480864
22017,0.07130339
22018,0.07396896
22019,0.052698806
22020,0.09027003
22021,0.043744978
22022,0.6554331
22023,0.07094508
22024,0.020195918
22025,0.020178888
22026,0.8953448
22027,0.2147168
22028,0.067508005
22029,0.0075233094
22030,0.013558061
22031,0.005702997
22032,0.18141231
22033,0.080110826
22034,0.59444046
22035,0.11111302
22036,0.19734736
22037,0.19615957
22038,0.09237874
22039,0.06793938
22040,0.011221745
22041,0.23747294
22042,0.005561706
22043,0.041887797
22044,0.023727277
22045,0.18874863
22046,0.027212162
22047,0.331925
22048,0.03055691
22049,0.033880867
22050,0.024133286
22051,0.037161678
22052,0.013125951
22053,0.015440615
22054,0.097952455
22055,0.15036139
22056,0.39827824
22057,0.43114725
22058,0.02167673
22059,0.7172358
22060,0.0058691874
22061,0.18466645
22062,0.030911688
22063,0.37651703
22064,0.029949337
22065,0.019689174
22066,0.40979797
22067,0.042455062
22068,0.033761542
22069,0.0053609335
22070,0.19110985
22071,0.011013249
22072,0.07831811
22073,0.0087224515
22074,0.7931598
22075,0.99405354
22076,0.021004077
22077,0.034651946
22078,0.040834665
22079,0.0023157871
22080,0.07045994
22081,0.0042928425
22082,0.98577416
22083,0.8435128
22084,0.0029562623
22085,0.8739654
22086,0.009705263
22087,0.0036253766
22088,0.0040311376
22089,0.002557318
22090,0.009690366
22091,0.00781773
22092,0.0031106095
22093,0.14009115
22094,0.13915616
22095,0.008023918
22096,0.00512886
22097,0.49023739
22098,0.31859422
22099,0.012597613
22100,0.03618382
22101,0.010392232
22102,0.026054582
22103,0.37571347
22104,0.00533368
22105,0.0032855177
22106,0.010363134
22107,0.13388188
22108,0.6412034
22109,0.2153538
22110,0.02156603
22111,0.25729814
22112,0.015314808
22113,0.8706036
22114,0.05236062
22115,0.5697604
22116,0.031969607
22117,0.26628593
22118,0.034003254
22119,0.0063871318
22120,0.0108026825
22121,0.14811483
22122,0.15132973
22123,0.7948956
22124,0.07752678
22125,0.044040013
22126,0.801387
22127,0.93205047
22128,0.013081769
22129,0.06876729
22130,0.015247785
22131,0.055153772
22132,0.059517838
22133,0.027386453
22134,0.17644402
22135,0.20997366
22136,0.0025216893
22137,0.95391595
22138,0.12481398
22139,0.49939469
22140,0.11221762
22141,0.017705794
22142,0.14039962
22143,0.05848215
22144,0.09363504
22145,0.9092514
22146,0.02035292
22147,0.08954708
22148,0.008404942
22149,0.009522813
22150,0.010448778
22151,0.29360798
22152,0.0042446917
22153,0.035354625
22154,0.024146523
22155,0.009592272
22156,0.052000765
22157,0.009257576
22158,0.43615726
22159,0.7894465
22160,0.016374353
22161,0.0055892123
22162,0.026082534
22163,0.023491934
22164,0.04834672
22165,0.013946429
22166,0.088541135
22167,0.2830818
22168,0.092347585
22169,0.21996541
22170,0.028874323
22171,0.58481205
22172,0.037062176
22173,0.01291325
22174,0.9291915
22175,0.0064066225
22176,0.0067084306
22177,0.45537695
22178,0.010224012
22179,0.0063850256
22180,0.011562966
22181,0.013795826
22182,0.06474262
22183,0.7615029
22184,0.056132145
22185,0.019542871
22186,0.9762498
22187,0.8270769
22188,0.015585007
22189,0.29996246
22190,0.0031031012
22191,0.6673594
22192,0.32550207
22193,0.6197161
22194,0.07427178
22195,0.022750005
22196,0.023875536
22197,0.18261321
22198,0.12176877
22199,0.015020074
22200,0.8235944
22201,0.109705776
22202,0.0025948144
22203,0.009812523
22204,0.01341119
22205,0.09187651
22206,0.07510503
22207,0.80361676
22208,0.011281637
22209,0.2814529
22210,0.018316561
22211,0.5559684
22212,0.026138546
22213,0.017696245
22214,0.028837208
22215,0.020068662
22216,0.8776998
22217,0.005244983
22218,0.029327972
22219,0.010281355
22220,0.8265096
22221,0.0037169626
22222,0.031622924
22223,0.5133668
22224,0.046650317
22225,0.05530172
22226,0.004097031
22227,0.009069768
22228,0.68114394
22229,0.02197125
22230,0.84987295
22231,0.7382634
22232,0.15874508
22233,0.010734864
22234,0.086595684
22235,0.006222248
22236,0.067060076
22237,0.013769666
22238,0.7715015
22239,0.04468995
22240,0.0056989915
22241,0.04317433
22242,0.06825359
22243,0.009105751
22244,0.0042762263
22245,0.018115697
22246,0.3657766
22247,0.016204627
22248,0.04090838
22249,0.069678225
22250,0.04215515
22251,0.009375099
22252,0.9522458
22253,0.03302522
22254,0.0436883
22255,0.006152158
22256,0.04950256
22257,0.09934773
22258,0.052982204
22259,0.0058908844
22260,0.019483443
22261,0.0035857367
22262,0.5484399
22263,0.98939556
22264,0.0065438235
22265,0.0034244298
22266,0.007141072
22267,0.02993076
22268,0.25322393
22269,0.007540408
22270,0.006305506
22271,0.0058481945
22272,0.052651756
22273,0.5502662
22274,0.02988571
22275,0.4781204
22276,0.27932605
22277,0.9180574
22278,0.08342582
22279,0.0045781625
22280,0.93194413
22281,0.48146844
22282,0.44259465
22283,0.72598714
22284,0.13455687
22285,0.016314495
22286,0.011394815
22287,0.045106873
22288,0.21338202
22289,0.02343661
22290,0.004781687
22291,0.025351109
22292,0.028930286
22293,0.9740812
22294,0.02764888
22295,0.11285923
22296,0.93788916
22297,0.94165033
22298,0.9673431
22299,0.042235397
22300,0.016602658
22301,0.015871333
22302,0.039498165
22303,0.81205446
22304,0.014826598
22305,0.051693037
22306,0.029953213
22307,0.00187784
22308,0.7554061
22309,0.13700901
22310,0.9473564
22311,0.01634479
22312,0.9656184
22313,0.0030134306
22314,0.007900961
22315,0.019441785
22316,0.0431928
22317,0.26630008
22318,0.97817594
22319,0.26033285
22320,0.2571898
22321,0.008057066
22322,0.01126721
22323,0.0064989044
22324,0.01532226
22325,0.05525657
22326,0.7884734
22327,0.18771708
22328,0.019941725
22329,0.28471553
22330,0.6718616
22331,0.20551476
22332,0.019482337
22333,0.045697063
22334,0.18378505
22335,0.11530918
22336,0.20142809
22337,0.01684598
22338,0.052361857
22339,0.16116446
22340,0.04558465
22341,0.010120442
22342,0.013192823
22343,0.008848994
22344,0.061533883
22345,0.010001005
22346,0.5177578
22347,0.7718735
22348,0.9005149
22349,0.9653905
22350,0.060620278
22351,0.06364281
22352,0.06744452
22353,0.007165492
22354,0.06150199
22355,0.178451
22356,0.45101485
22357,0.0051725185
22358,0.015393458
22359,0.0058832797
22360,0.7530077
22361,0.009180434
22362,0.046456575
22363,0.5439532
22364,0.009812828
22365,0.06282671
22366,0.04306604
22367,0.058493316
22368,0.09666916
22369,0.0067504095
22370,0.015735893
22371,0.99188906
22372,0.9431941
22373,0.1213975
22374,0.9446542
22375,0.27238065
22376,0.70382446
22377,0.013334235
22378,0.38487267
22379,0.9077977
22380,0.020459168
22381,0.9172164
22382,0.03519349
22383,0.98056453
22384,0.034759894
22385,0.716611
22386,0.061912406
22387,0.98956513
22388,0.022922412
22389,0.27933154
22390,0.005129065
22391,0.008511859
22392,0.022810755
22393,0.31019476
22394,0.9912152
22395,0.035276234
22396,0.057859838
22397,0.76309687
22398,0.0192979
22399,0.6932747
22400,0.4658971
22401,0.18616654
22402,0.055991087
22403,0.18996799
22404,0.00864006
22405,0.4559242
22406,0.013659469
22407,0.030145738
22408,0.0140676005
22409,0.04095644
22410,0.54792935
22411,0.5933748
22412,0.815811
22413,0.010701357
22414,0.05025843
22415,0.19113198
22416,0.015862472
22417,0.20936151
22418,0.7336784
22419,0.021708181
22420,0.7306996
22421,0.95849746
22422,0.25602263
22423,0.0052985013
22424,0.013817789
22425,0.9198257
22426,0.32034713
22427,0.01899006
22428,0.32658947
22429,0.056622297
22430,0.9947626
22431,0.013538623
22432,0.7387829
22433,0.060605906
22434,0.018451458
22435,0.10389945
22436,0.35570475
22437,0.01017394
22438,0.17789742
22439,0.0047002705
22440,0.006777717
22441,0.0095091425
22442,0.1637291
22443,0.025721561
22444,0.005300487
22445,0.0098452205
22446,0.038850754
22447,0.009352174
22448,0.7646107
22449,0.01543039
22450,0.20368107
22451,0.117591135
22452,0.40663892
22453,0.01969056
22454,0.016537977
22455,0.0076002213
22456,0.9816836
22457,0.2547754
22458,0.014373118
22459,0.03286772
22460,0.019696066
22461,0.0061465306
22462,0.20247905
22463,0.0076824254
22464,0.44466457
22465,0.8976818
22466,0.0957108
22467,0.0055588298
22468,0.0085950615
22469,0.020523584
22470,0.58554083
22471,0.41893077
22472,0.93192106
22473,0.008007417
22474,0.017549518
22475,0.017609784
22476,0.0055062077
22477,0.0043585543
22478,0.5701451
22479,0.063645184
22480,0.1516194
22481,0.07329605
22482,0.090923436
22483,0.011477699
22484,0.5375162
22485,0.009569039
22486,0.83489984
22487,0.84562737
22488,0.9518273
22489,0.99227977
22490,0.05620907
22491,0.007189754
22492,0.040974118
22493,0.03241002
22494,0.08573449
22495,0.5463793
22496,0.042312108
22497,0.007881799
22498,0.26595774
22499,0.006257704
22500,0.0072802254
22501,0.005163301
22502,0.0101038935
22503,0.006843781
22504,0.04379572
22505,0.012265134
22506,0.9880397
22507,0.24096598
22508,0.012115718
22509,0.91784704
22510,0.015640661
22511,0.79089135
22512,0.025333794
22513,0.0062769894
22514,0.07992276
22515,0.6047635
22516,0.01143487
22517,0.81297386
22518,0.019972077
22519,0.0067386064
22520,0.9874215
22521,0.032625046
22522,0.01845465
22523,0.27758613
22524,0.056246508
22525,0.035964556
22526,0.023052767
22527,0.988772
22528,0.007720795
22529,0.9698187
22530,0.06478258
22531,0.17592332
22532,0.098034956
22533,0.03925082
22534,0.11604947
22535,0.5826662
22536,0.488826
22537,0.014409263
22538,0.01231674
22539,0.18274595
22540,0.00430762
22541,0.011964643
22542,0.012528835
22543,0.0124775255
22544,0.039631307
22545,0.0050684507
22546,0.7674693
22547,0.008095488
22548,0.69088554
22549,0.008321959
22550,0.19546558
22551,0.8540596
22552,0.1412669
22553,0.025326667
22554,0.7974839
22555,0.5696637
22556,0.008440701
22557,0.03824392
22558,0.292765
22559,0.08531069
22560,0.10640476
22561,0.028276775
22562,0.0027027887
22563,0.054366812
22564,0.96758616
22565,0.39237887
22566,0.255771
22567,0.006150543
22568,0.11676959
22569,0.035641678
22570,0.005596033
22571,0.054287
22572,0.038165666
22573,0.08553591
22574,0.0030585886
22575,0.35729334
22576,0.80170697
22577,0.25443923
22578,0.21283847
22579,0.0049900883
22580,0.36098936
22581,0.002889059
22582,0.63197917
22583,0.5299186
22584,0.9827339
22585,0.03252549
22586,0.006913571
22587,0.0113108
22588,0.07484083
22589,0.04638366
22590,0.9877499
22591,0.022480708
22592,0.009288215
22593,0.020170348
22594,0.14125343
22595,0.5969971
22596,0.077484466
22597,0.36588976
22598,0.28749722
22599,0.03982796
22600,0.0118581755
22601,0.12734516
22602,0.008335952
22603,0.9879261
22604,0.0018559961
22605,0.008677897
22606,0.050395194
22607,0.04232395
22608,0.84080017
22609,0.008416669
22610,0.025201757
22611,0.013081757
22612,0.93896794
22613,0.040279415
22614,0.94091254
22615,0.034517795
22616,0.15150122
22617,0.02890803
22618,0.016913906
22619,0.9608713
22620,0.94984186
22621,0.012080753
22622,0.0061679455
22623,0.017598832
22624,0.13047412
22625,0.0027625153
22626,0.057657704
22627,0.91539335
22628,0.17819986
22629,0.040036794
22630,0.87432355
22631,0.010073935
22632,0.9646533
22633,0.06951354
22634,0.64198345
22635,0.061717186
22636,0.3133906
22637,0.89932483
22638,0.06767556
22639,0.042168178
22640,0.36605522
22641,0.25090864
22642,0.0016164007
22643,0.006510299
22644,0.005584597
22645,0.00908008
22646,0.0049898326
22647,0.123282835
22648,0.010538947
22649,0.9296283
22650,0.0031579155
22651,0.009104173
22652,0.009713236
22653,0.22690019
22654,0.6117045
22655,0.046845343
22656,0.7073018
22657,0.009565424
22658,0.008829444
22659,0.74126047
22660,0.011976605
22661,0.014718668
22662,0.8869139
22663,0.07108798
22664,0.0037517352
22665,0.0053061415
22666,0.0051033567
22667,0.03680014
22668,0.070856966
22669,0.018412037
22670,0.006119741
22671,0.012422142
22672,0.11203889
22673,0.011014475
22674,0.014003178
22675,0.0877498
22676,0.007961965
22677,0.9379559
22678,0.008013976
22679,0.029843548
22680,0.110590234
22681,0.0044939276
22682,0.14634953
22683,0.009827262
22684,0.008162443
22685,0.40179572
22686,0.84559715
22687,0.097136475
22688,0.011892677
22689,0.082433075
22690,0.04242394
22691,0.03649411
22692,0.98426384
22693,0.37199277
22694,0.8896198
22695,0.69961375
22696,0.38319755
22697,0.057752978
22698,0.007378045
22699,0.011555279
22700,0.0022707495
22701,0.15217377
22702,0.0053490982
22703,0.06946645
22704,0.012593218
22705,0.021825543
22706,0.109748416
22707,0.06945248
22708,0.02079727
22709,0.012294358
22710,0.7771889
22711,0.14915755
22712,0.0030319472
22713,0.5626274
22714,0.021728499
22715,0.19184847
22716,0.008829364
22717,0.066284575
22718,0.055954594
22719,0.038900215
22720,0.04351491
22721,0.028284159
22722,0.10790992
22723,0.011740594
22724,0.4004578
22725,0.018933274
22726,0.19573805
22727,0.021170415
22728,0.04481496
22729,0.0038590077
22730,0.0161358
22731,0.2730567
22732,0.03877125
22733,0.83697236
22734,0.014064018
22735,0.0014684874
22736,0.08644833
22737,0.016827708
22738,0.0020996819
22739,0.003066175
22740,0.0031402332
22741,0.018120546
22742,0.0077112443
22743,0.004045345
22744,0.026588775
22745,0.04593986
22746,0.015491397
22747,0.016495228
22748,0.6354174
22749,0.6066595
22750,0.02205765
22751,0.0071777483
22752,0.008252473
22753,0.20613806
22754,0.1395768
22755,0.13015108
22756,0.002530099
22757,0.008057143
22758,0.87847877
22759,0.052205466
22760,0.004013872
22761,0.022591827
22762,0.039864738
22763,0.57114345
22764,0.018880121
22765,0.9530366
22766,0.1658783
22767,0.05203733
22768,0.036845833
22769,0.0023127957
22770,0.4374512
22771,0.12851737
22772,0.012317157
22773,0.43925843
22774,0.54384005
22775,0.026122293
22776,0.53547263
22777,0.009528289
22778,0.14917158
22779,0.005246396
22780,0.07084664
22781,0.5268953
22782,0.0070949337
22783,0.012279046
22784,0.02820667
22785,0.0061480193
22786,0.06323014
22787,0.50063705
22788,0.0057264958
22789,0.8001874
22790,0.0835798
22791,0.0047672815
22792,0.054884646
22793,0.0094256615
22794,0.004282045
22795,0.31628847
22796,0.7387105
22797,0.0043084566
22798,0.005668647
22799,0.08112533
22800,0.045421287
22801,0.0029230523
22802,0.024345057
22803,0.05429141
22804,0.039719407
22805,0.005767534
22806,0.013219455
22807,0.0291341
22808,0.03876332
22809,0.061670028
22810,0.08799509
22811,0.0101844715
22812,0.0058703176
22813,0.0037392941
22814,0.85964954
22815,0.71690977
22816,0.041713063
22817,0.0132564
22818,0.068305
22819,0.038897905
22820,0.027664868
22821,0.016126826
22822,0.401622
22823,0.0043019527
22824,0.008654195
22825,0.017297914
22826,0.31477708
22827,0.10313374
22828,0.018674348
22829,0.06472851
22830,0.0072222194
22831,0.0075017535
22832,0.013410863
22833,0.31659508
22834,0.9215752
22835,0.9341557
22836,0.022141911
22837,0.0944998
22838,0.3244187
22839,0.6455412
22840,0.7690436
22841,0.0067998986
22842,0.009590507
22843,0.009755059
22844,0.03264114
22845,0.75913614
22846,0.8292893
22847,0.0035001256
22848,0.5713919
22849,0.019142758
22850,0.025728075
22851,0.1308704
22852,0.006152855
22853,0.86540127
22854,0.06102298
22855,0.07376513
22856,0.017454632
22857,0.5885347
22858,0.9405429
22859,0.013034316
22860,0.046775203
22861,0.009690074
22862,0.98866814
22863,0.01432624
22864,0.13351005
22865,0.21369031
22866,0.06907718
22867,0.005401541
22868,0.020960733
22869,0.91995126
22870,0.008275017
22871,0.026888076
22872,0.0075619062
22873,0.0122024305
22874,0.11993436
22875,0.44957936
22876,0.72403276
22877,0.98028445
22878,0.009878018
22879,0.049793262
22880,0.9742235
22881,0.074283786
22882,0.27659208
22883,0.03201908
22884,0.09815903
22885,0.88586974
22886,0.13116352
22887,0.23148206
22888,0.05177064
22889,0.003932638
22890,0.06543215
22891,0.0150701795
22892,0.11676754
22893,0.5036926
22894,0.14274555
22895,0.015791984
22896,0.41597092
22897,0.005918353
22898,0.09963292
22899,0.94653726
22900,0.01993432
22901,0.21593878
22902,0.007743001
22903,0.9153855
22904,0.067709304
22905,0.087137595
22906,0.052500527
22907,0.11237567
22908,0.00996882
22909,0.019925166
22910,0.32537207
22911,0.051989637
22912,0.036966093
22913,0.0056594843
22914,0.017606055
22915,0.044654805
22916,0.033932015
22917,0.024574766
22918,0.008261692
22919,0.9672477
22920,0.007829335
22921,0.9417679
22922,0.70625246
22923,0.036160797
22924,0.005345165
22925,0.021054052
22926,0.011364966
22927,0.011742586
22928,0.016112654
22929,0.023270939
22930,0.057099927
22931,0.008312169
22932,0.041258954
22933,0.9407623
22934,0.0074080336
22935,0.00738215
22936,0.72758394
22937,0.027971156
22938,0.029447345
22939,0.2842497
22940,0.010824962
22941,0.96987873
22942,0.003980483
22943,0.007742818
22944,0.020039294
22945,0.028260887
22946,0.009714603
22947,0.1202691
22948,0.00697975
22949,0.07454453
22950,0.030394373
22951,0.018258978
22952,0.05237532
22953,0.95589256
22954,0.028698988
22955,0.008502994
22956,0.09965771
22957,0.0058606355
22958,0.061248496
22959,0.008713674
22960,0.40943295
22961,0.003283626
22962,0.18930349
22963,0.20262471
22964,0.013821188
22965,0.010085525
22966,0.16303632
22967,0.0047094496
22968,0.9448877
22969,0.005712073
22970,0.11571147
22971,0.008719215
22972,0.011772439
22973,0.01070368
22974,0.35463497
22975,0.059588306
22976,0.0068476517
22977,0.0035570203
22978,0.009247243
22979,0.5571397
22980,0.12943624
22981,0.005710879
22982,0.43154064
22983,0.025073674
22984,0.07733375
22985,0.012708796
22986,0.011309668
22987,0.010007796
22988,0.29501536
22989,0.32987908
22990,0.0052573946
22991,0.010350778
22992,0.04571518
22993,0.010652375
22994,0.0056286743
22995,0.0037567432
22996,0.01385554
22997,0.011797756
22998,0.011975742
22999,0.03456855
23000,0.024320962
23001,0.2714121
23002,0.68128943
23003,0.19310166
23004,0.2456864
23005,0.011300347
23006,0.0038737457
23007,0.08267634
23008,0.0635416
23009,0.99519134
23010,0.0073211878
23011,0.007463398
23012,0.19829713
23013,0.98100615
23014,0.005991256
23015,0.40586957
23016,0.25820133
23017,0.9821405
23018,0.08801562
23019,0.0032905622
23020,0.005455752
23021,0.9860486
23022,0.0061110724
23023,0.124761544
23024,0.9191889
23025,0.18345793
23026,0.59336317
23027,0.20545718
23028,0.02995941
23029,0.30524552
23030,0.087166235
23031,0.2081872
23032,0.22387847
23033,0.019283822
23034,0.010167752
23035,0.015907332
23036,0.17894949
23037,0.11072811
23038,0.006291756
23039,0.055370267
23040,0.98795426
23041,0.008443367
23042,0.22780219
23043,0.10281126
23044,0.007903421
23045,0.9772043
23046,0.010488739
23047,0.007968453
23048,0.016973348
23049,0.016048705
23050,0.9858153
23051,0.18633895
23052,0.037150763
23053,0.0047485586
23054,0.005307619
23055,0.68351436
23056,0.033175502
23057,0.34584144
23058,0.038789693
23059,0.0043955822
23060,0.071438916
23061,0.031896565
23062,0.053682525
23063,0.16441171
23064,0.94092005
23065,0.04559752
23066,0.29107866
23067,0.27142587
23068,0.8817533
23069,0.0044086897
23070,0.008808749
23071,0.8667456
23072,0.054222345
23073,0.5690023
23074,0.0111685
23075,0.014255556
23076,0.038810953
23077,0.022695128
23078,0.011535878
23079,0.06804865
23080,0.010137712
23081,0.11569987
23082,0.011176213
23083,0.008867185
23084,0.716725
23085,0.009194932
23086,0.0041192886
23087,0.61477333
23088,0.050764453
23089,0.15122847
23090,0.0077601434
23091,0.08090886
23092,0.004165429
23093,0.19700994
23094,0.16103104
23095,0.0028920276
23096,0.035182483
23097,0.05403195
23098,0.31400537
23099,0.016470416
23100,0.009248253
23101,0.94869435
23102,0.011468818
23103,0.028993038
23104,0.008882884
23105,0.42430326
23106,0.0086521255
23107,0.014866492
23108,0.0064752526
23109,0.77214456
23110,0.2296716
23111,0.0047455127
23112,0.08988311
23113,0.025402948
23114,0.0050261077
23115,0.38051483
23116,0.029613694
23117,0.9463412
23118,0.008488305
23119,0.005663057
23120,0.012127303
23121,0.01474338
23122,0.0042169834
23123,0.122339614
23124,0.9852738
23125,0.19135882
23126,0.08051278
23127,0.009823982
23128,0.04401636
23129,0.9369391
23130,0.0030783112
23131,0.03529261
23132,0.011114872
23133,0.44084165
23134,0.6856467
23135,0.7394732
23136,0.07303767
23137,0.159346
23138,0.33667076
23139,0.004937512
23140,0.6992255
23141,0.06425162
23142,0.4692441
23143,0.01691152
23144,0.9236176
23145,0.01902789
23146,0.87894166
23147,0.081877515
23148,0.0049275677
23149,0.0036431076
23150,0.016096108
23151,0.0055150874
23152,0.011895602
23153,0.074520975
23154,0.51911676
23155,0.03175575
23156,0.0075129136
23157,0.03902814
23158,0.06972074
23159,0.024401315
23160,0.078031875
23161,0.058280837
23162,0.98739374
23163,0.1109106
23164,0.0061533656
23165,0.009683935
23166,0.9738176
23167,0.025351364
23168,0.3534573
23169,0.11442106
23170,0.018141106
23171,0.63601947
23172,0.45442006
23173,0.020606307
23174,0.011600287
23175,0.0033195205
23176,0.26053545
23177,0.024950154
23178,0.9757244
23179,0.0058551263
23180,0.012995524
23181,0.55694675
23182,0.21778382
23183,0.8745461
23184,0.08013766
23185,0.025290055
23186,0.0084641315
23187,0.9836231
23188,0.010386795
23189,0.03701856
23190,0.0262434
23191,0.022408852
23192,0.043409873
23193,0.0034824228
23194,0.0051636314
23195,0.070387736
23196,0.014891583
23197,0.35820624
23198,0.039485674
23199,0.18991084
23200,0.93650115
23201,0.009050854
23202,0.6706346
23203,0.21564981
23204,0.06127822
23205,0.010994178
23206,0.9515564
23207,0.11174368
23208,0.90994775
23209,0.0030540223
23210,0.54679084
23211,0.05689922
23212,0.23351404
23213,0.052207325
23214,0.016924677
23215,0.016986033
23216,0.10466646
23217,0.12873983
23218,0.7817944
23219,0.00900485
23220,0.015421922
23221,0.02291617
23222,0.010651461
23223,0.038296316
23224,0.63200206
23225,0.024380436
23226,0.032086633
23227,0.0053825327
23228,0.009851489
23229,0.01775229
23230,0.054227553
23231,0.03649536
23232,0.010163123
23233,0.01582093
23234,0.025402322
23235,0.23309891
23236,0.11670388
23237,0.02574664
23238,0.0117821
23239,0.10646219
23240,0.89262694
23241,0.0056347167
23242,0.046939902
23243,0.0822124
23244,0.08974935
23245,0.8847521
23246,0.78421265
23247,0.2016031
23248,0.004966174
23249,0.56378424
23250,0.60990196
23251,0.018607086
23252,0.013094322
23253,0.05728741
23254,0.09434398
23255,0.010259844
23256,0.021813631
23257,0.01235616
23258,0.057126544
23259,0.32118228
23260,0.9671289
23261,0.8830831
23262,0.011659635
23263,0.03295469
23264,0.006854108
23265,0.0112089105
23266,0.3107024
23267,0.09944412
23268,0.84434396
23269,0.010363285
23270,0.71537787
23271,0.15247473
23272,0.0071761715
23273,0.084734015
23274,0.132862
23275,0.011162789
23276,0.95524466
23277,0.07620138
23278,0.06863518
23279,0.78262204
23280,0.7920659
23281,0.3306437
23282,0.99788195
23283,0.015120492
23284,0.7651729
23285,0.0066864
23286,0.007006518
23287,0.0970818
23288,0.010661223
23289,0.05678843
23290,0.019661115
23291,0.1632683
23292,0.08129123
23293,0.00784458
23294,0.060464237
23295,0.020284899
23296,0.41583046
23297,0.21130621
23298,0.22461571
23299,0.010318209
23300,0.01562141
23301,0.7361038
23302,0.7217384
23303,0.70435935
23304,0.8487574
23305,0.31876066
23306,0.44532055
23307,0.0035273011
23308,0.7531241
23309,0.13897178
23310,0.0012951943
23311,0.49735403
23312,0.1746838
23313,0.0054414063
23314,0.2481677
23315,0.011398957
23316,0.68304896
23317,0.44177735
23318,0.021524234
23319,0.40401542
23320,0.8669726
23321,0.14781988
23322,0.57130915
23323,0.0062005017
23324,0.08216801
23325,0.009423956
23326,0.009925757
23327,0.0044923667
23328,0.8805429
23329,0.18882187
23330,0.03157356
23331,0.0049327607
23332,0.08932948
23333,0.1890947
23334,0.021784285
23335,0.069621205
23336,0.0076210294
23337,0.0918052
23338,0.74304277
23339,0.6857178
23340,0.35768098
23341,0.088543005
23342,0.022839613
23343,0.026059596
23344,0.03440312
23345,0.32371506
23346,0.085469246
23347,0.05578072
23348,0.02244937
23349,0.008515445
23350,0.106413804
23351,0.9789043
23352,0.0058515277
23353,0.03832426
23354,0.2287413
23355,0.6001999
23356,0.01944462
23357,0.105077714
23358,0.9466659
23359,0.033902016
23360,0.019924384
23361,0.0143573675
23362,0.036573306
23363,0.20892838
23364,0.33686444
23365,0.50480664
23366,0.0041253767
23367,0.010749955
23368,0.13729917
23369,0.060259096
23370,0.065122135
23371,0.14236134
23372,0.21181811
23373,0.013001447
23374,0.03572178
23375,0.01984424
23376,0.98672277
23377,0.0066716103
23378,0.9895167
23379,0.6760099
23380,0.0035917726
23381,0.12739334
23382,0.017465586
23383,0.59241295
23384,0.0064628436
23385,0.0469418
23386,0.027643744
23387,0.5407148
23388,0.6327175
23389,0.420131
23390,0.9764638
23391,0.011203733
23392,0.0068728
23393,0.049983468
23394,0.12073172
23395,0.0025680622
23396,0.20599797
23397,0.6981105
23398,0.013973326
23399,0.27513283
23400,0.09268802
23401,0.008219398
23402,0.037886456
23403,0.25130743
23404,0.056678336
23405,0.6110472
23406,0.98454005
23407,0.011144177
23408,0.062875114
23409,0.18461315
23410,0.016833412
23411,0.06312653
23412,0.09681997
23413,0.014814233
23414,0.02885227
23415,0.0051809144
23416,0.027565809
23417,0.009934881
23418,0.024114562
23419,0.0039611035
23420,0.0061151837
23421,0.5447367
23422,0.19692633
23423,0.015517227
23424,0.008918019
23425,0.11729251
23426,0.028574195
23427,0.01024161
23428,0.036955003
23429,0.011953865
23430,0.043029506
23431,0.8683746
23432,0.0056564366
23433,0.6613883
23434,0.037618726
23435,0.008320235
23436,0.830975
23437,0.020623136
23438,0.14608125
23439,0.21765532
23440,0.25249887
23441,0.015289712
23442,0.55741227
23443,0.044255458
23444,0.2802911
23445,0.027408546
23446,0.044750307
23447,0.0083311
23448,0.17305827
23449,0.32434702
23450,0.018930158
23451,0.011007838
23452,0.010313749
23453,0.7259704
23454,0.98890823
23455,0.0048663085
23456,0.009147239
23457,0.9513231
23458,0.233026
23459,0.04191932
23460,0.020356521
23461,0.039993603
23462,0.013354645
23463,0.37073243
23464,0.019181173
23465,0.3469163
23466,0.09157998
23467,0.008956779
23468,0.0707795
23469,0.04839343
23470,0.07187447
23471,0.027546085
23472,0.5320112
23473,0.8627151
23474,0.035202593
23475,0.0024122705
23476,0.71038324
23477,0.24908864
23478,0.05192617
23479,0.18737209
23480,0.010192214
23481,0.08729779
23482,0.023629617
23483,0.0033553916
23484,0.961629
23485,0.0071551763
23486,0.005067114
23487,0.0032483852
23488,0.0032588805
23489,0.03183942
23490,0.21744385
23491,0.003398188
23492,0.6631945
23493,0.0033271366
23494,0.04427753
23495,0.09587607
23496,0.025058318
23497,0.64209205
23498,0.043013908
23499,0.01282739
23500,0.010281074
23501,0.01924844
23502,0.013951184
23503,0.020617422
23504,0.8343687
23505,0.011784938
23506,0.020263469
23507,0.037516296
23508,0.04071799
23509,0.080510624
23510,0.01901366
23511,0.6505781
23512,0.7898656
23513,0.011120666
23514,0.9658573
23515,0.22921112
23516,0.00968206
23517,0.012848988
23518,0.006938099
23519,0.01774288
23520,0.2083744
23521,0.91725403
23522,0.04330117
23523,0.08622328
23524,0.008625283
23525,0.69803745
23526,0.783779
23527,0.11744503
23528,0.085371785
23529,0.07804921
23530,0.6052941
23531,0.27887276
23532,0.036316708
23533,0.07481777
23534,0.00942307
23535,0.048810348
23536,0.014122201
23537,0.0047336365
23538,0.60331416
23539,0.003796473
23540,0.20498802
23541,0.006684513
23542,0.035356153
23543,0.011933854
23544,0.010852056
23545,0.22638589
23546,0.8243395
23547,0.006138872
23548,0.08856675
23549,0.026152285
23550,0.48286495
23551,0.00615625
23552,0.008968499
23553,0.6431433
23554,0.007658348
23555,0.99676514
23556,0.028898107
23557,0.10943293
23558,0.0043384912
23559,0.017719677
23560,0.011864239
23561,0.98649025
23562,0.008598179
23563,0.19147286
23564,0.026300658
23565,0.24877244
23566,0.03166463
23567,0.5376642
23568,0.11584918
23569,0.73657984
23570,0.9528021
23571,0.9155055
23572,0.017578801
23573,0.0054266294
23574,0.00412704
23575,0.014295446
23576,0.013121759
23577,0.01634209
23578,0.0062161293
23579,0.83334893
23580,0.6870242
23581,0.019169062
23582,0.0039014437
23583,0.0032656204
23584,0.010869668
23585,0.00609383
23586,0.04159387
23587,0.0039543873
23588,0.010823768
23589,0.31167027
23590,0.003418442
23591,0.038588397
23592,0.031530228
23593,0.010960005
23594,0.03682397
23595,0.9172256
23596,0.16969357
23597,0.9787663
23598,0.1387191
23599,0.004087812
23600,0.04261143
23601,0.08264983
23602,0.0560075
23603,0.029840533
23604,0.046686202
23605,0.007985067
23606,0.8189793
23607,0.8981941
23608,0.011720424
23609,0.026096085
23610,0.092058286
23611,0.016956346
23612,0.0676824
23613,0.19721927
23614,0.0025120848
23615,0.86771834
23616,0.11621206
23617,0.0023617381
23618,0.9406425
23619,0.0155233545
23620,0.02733829
23621,0.1825107
23622,0.017494356
23623,0.022202188
23624,0.06257632
23625,0.9857956
23626,0.01121094
23627,0.014850473
23628,0.018963838
23629,0.0077096894
23630,0.02511939
23631,0.98557174
23632,0.051658407
23633,0.8280988
23634,0.03491703
23635,0.04462491
23636,0.02093837
23637,0.0024964917
23638,0.15272918
23639,0.0068090796
23640,0.0026919101
23641,0.010437139
23642,0.047591943
23643,0.08964975
23644,0.2672597
23645,0.0055782055
23646,0.5692735
23647,0.0056406595
23648,0.14245099
23649,0.12248833
23650,0.92342716
23651,0.03647463
23652,0.028022211
23653,0.96896476
23654,0.015037783
23655,0.6830473
23656,0.07211645
23657,0.11813006
23658,0.78601843
23659,0.05698393
23660,0.05227434
23661,0.055357248
23662,0.1709329
23663,0.008511549
23664,0.9533049
23665,0.01078647
23666,0.036487773
23667,0.1223532
23668,0.008880408
23669,0.9031371
23670,0.00742405
23671,0.03281042
23672,0.016665844
23673,0.008634209
23674,0.89385456
23675,0.09645643
23676,0.011864145
23677,0.100008085
23678,0.7916617
23679,0.072088555
23680,0.069380686
23681,0.26940823
23682,0.0073070554
23683,0.20361833
23684,0.0023251926
23685,0.41269156
23686,0.030709978
23687,0.910716
23688,0.004224384
23689,0.05756061
23690,0.11091845
23691,0.521139
23692,0.0036379287
23693,0.974875
23694,0.9785826
23695,0.007062849
23696,0.3144585
23697,0.025204837
23698,0.64648277
23699,0.052520607
23700,0.02862318
23701,0.015329463
23702,0.5692097
23703,0.011909151
23704,0.28532717
23705,0.011494016
23706,0.009290633
23707,0.01478372
23708,0.3148977
23709,0.040654484
23710,0.008823979
23711,0.061353747
23712,0.0021696112
23713,0.103428766
23714,0.89687276
23715,0.9820794
23716,0.12157438
23717,0.17739919
23718,0.008245112
23719,0.03709195
23720,0.117529646
23721,0.0047308137
23722,0.013921474
23723,0.9977695
23724,0.029957233
23725,0.01111406
23726,0.009665651
23727,0.079662874
23728,0.35307553
23729,0.0033480772
23730,0.94510186
23731,0.009675469
23732,0.012413259
23733,0.011733973
23734,0.9551522
23735,0.06735623
23736,0.0078556435
23737,0.03147516
23738,0.043687496
23739,0.14402345
23740,0.09709721
23741,0.66346025
23742,0.09687844
23743,0.026987575
23744,0.04954981
23745,0.9775209
23746,0.029428013
23747,0.02986311
23748,0.9740258
23749,0.4314015
23750,0.24071711
23751,0.009868457
23752,0.9775188
23753,0.011475816
23754,0.0182071
23755,0.0672151
23756,0.023721917
23757,0.24849819
23758,0.004294206
23759,0.4250938
23760,0.021042036
23761,0.010449977
23762,0.009923054
23763,0.90109473
23764,0.004946479
23765,0.035923295
23766,0.015050084
23767,0.035305154
23768,0.8807137
23769,0.045987435
23770,0.20166701
23771,0.008610637
23772,0.15294129
23773,0.009897161
23774,0.18502142
23775,0.6457992
23776,0.007876088
23777,0.041539833
23778,0.9699063
23779,0.24936011
23780,0.92767656
23781,0.009759473
23782,0.094554424
23783,0.008144195
23784,0.0032138266
23785,0.005986209
23786,0.6869929
23787,0.32368556
23788,0.04247513
23789,0.33028156
23790,0.76797014
23791,0.0058857566
23792,0.0073964926
23793,0.004418164
23794,0.003731889
23795,0.005862086
23796,0.010608273
23797,0.89141536
23798,0.0045472425
23799,0.5062436
23800,0.15286756
23801,0.15454677
23802,0.2629166
23803,0.4373755
23804,0.012752204
23805,0.77258265
23806,0.79984
23807,0.17026395
23808,0.020209003
23809,0.7926325
23810,0.006431371
23811,0.25599647
23812,0.95982844
23813,0.059587985
23814,0.0039652293
23815,0.010544836
23816,0.025168926
23817,0.8804341
23818,0.0030262019
23819,0.540369
23820,0.005774763
23821,0.013381267
23822,0.027953492
23823,0.047026146
23824,0.028513823
23825,0.022708056
23826,0.34987876
23827,0.2733576
23828,0.004813664
23829,0.051660042
23830,0.07944406
23831,0.06046182
23832,0.5739054
23833,0.005301206
23834,0.0060696406
23835,0.013392976
23836,0.071092024
23837,0.1684733
23838,0.013730299
23839,0.009778749
23840,0.5341277
23841,0.8519343
23842,0.26533276
23843,0.013418423
23844,0.16905974
23845,0.3099175
23846,0.007085477
23847,0.0067768595
23848,0.009230064
23849,0.93510854
23850,0.008997211
23851,0.51540625
23852,0.0034666145
23853,0.004279529
23854,0.5987539
23855,0.013630077
23856,0.18252891
23857,0.10241941
23858,0.35241744
23859,0.01251274
23860,0.025376186
23861,0.038972285
23862,0.0040117297
23863,0.0057072192
23864,0.006426151
23865,0.17827606
23866,0.013607101
23867,0.93000644
23868,0.4160964
23869,0.030091386
23870,0.022804655
23871,0.5373226
23872,0.11383053
23873,0.03166917
23874,0.8468832
23875,0.0041927085
23876,0.07660209
23877,0.08155277
23878,0.975997
23879,0.013311344
23880,0.009852777
23881,0.9348009
23882,0.87111986
23883,0.09398455
23884,0.013660164
23885,0.97661316
23886,0.0075356737
23887,0.005475441
23888,0.18211132
23889,0.63133883
23890,0.007359364
23891,0.014654026
23892,0.18478456
23893,0.014914608
23894,0.053822707
23895,0.0026051968
23896,0.10083765
23897,0.16711138
23898,0.014014192
23899,0.028269878
23900,0.03187607
23901,0.025214106
23902,0.011463566
23903,0.0171746
23904,0.12029067
23905,0.0077410224
23906,0.011819886
23907,0.056048088
23908,0.0056624236
23909,0.016421575
23910,0.007375772
23911,0.0063053477
23912,0.039070107
23913,0.011432827
23914,0.011272241
23915,0.008344633
23916,0.3795677
23917,0.005766684
23918,0.85534257
23919,0.017989794
23920,0.4685965
23921,0.0075411326
23922,0.021829326
23923,0.9112844
23924,0.012731629
23925,0.98467964
23926,0.0029745137
23927,0.31159607
23928,0.11932229
23929,0.6940505
23930,0.013350505
23931,0.013888677
23932,0.18419662
23933,0.052523393
23934,0.060712483
23935,0.018870218
23936,0.050401986
23937,0.03394014
23938,0.01925043
23939,0.29699168
23940,0.12311776
23941,0.92746896
23942,0.04367407
23943,0.011546535
23944,0.35486278
23945,0.016328935
23946,0.005541736
23947,0.03209319
23948,0.56208473
23949,0.016327012
23950,0.009821413
23951,0.002944957
23952,0.01841699
23953,0.009350133
23954,0.0768268
23955,0.030572055
23956,0.071239755
23957,0.013004316
23958,0.7571513
23959,0.011130922
23960,0.19494502
23961,0.12545216
23962,0.002019506
23963,0.5013008
23964,0.05186134
23965,0.007510282
23966,0.0046240194
23967,0.0056913444
23968,0.023551157
23969,0.098870896
23970,0.8441462
23971,0.006635852
23972,0.0048512304
23973,0.014818563
23974,0.24048121
23975,0.9635987
23976,0.003701748
23977,0.98510945
23978,0.00742818
23979,0.44722623
23980,0.529977
23981,0.003797882
23982,0.0438633
23983,0.9879659
23984,0.023410399
23985,0.0061680833
23986,0.07821337
23987,0.2586903
23988,0.009172443
23989,0.08585143
23990,0.042401176
23991,0.58393675
23992,0.35477328
23993,0.0063901795
23994,0.70785964
23995,0.04254876
23996,0.07933664
23997,0.04272602
23998,0.9827656
23999,0.4195228
24000,0.012021263
24001,0.012038327
24002,0.042915367
24003,0.022419948
24004,0.18322627
24005,0.7872484
24006,0.42980433
24007,0.004193593
24008,0.018720068
24009,0.0072564585
24010,0.004855998
24011,0.004577991
24012,0.004004852
24013,0.057548687
24014,0.9132697
24015,0.90771025
24016,0.014004812
24017,0.66767025
24018,0.008576784
24019,0.009758053
24020,0.012194121
24021,0.03391234
24022,0.03051844
24023,0.978222
24024,0.8343138
24025,0.026274076
24026,0.0064600976
24027,0.03342971
24028,0.008783064
24029,0.33313042
24030,0.020481076
24031,0.008778781
24032,0.09624383
24033,0.0097295325
24034,0.033649523
24035,0.004483723
24036,0.13569735
24037,0.024664808
24038,0.117096506
24039,0.9300747
24040,0.0031770486
24041,0.9619468
24042,0.67863995
24043,0.119713455
24044,0.67334455
24045,0.9815382
24046,0.2913313
24047,0.038358368
24048,0.2673228
24049,0.10733368
24050,0.026652321
24051,0.015718589
24052,0.02819137
24053,0.0633728
24054,0.011536472
24055,0.34781104
24056,0.029011099
24057,0.03386949
24058,0.13448179
24059,0.88631946
24060,0.9339799
24061,0.007993332
24062,0.024657624
24063,0.11519075
24064,0.038003124
24065,0.013659663
24066,0.044064924
24067,0.004840322
24068,0.097571775
24069,0.013023506
24070,0.16905472
24071,0.058607247
24072,0.1434632
24073,0.7670172
24074,0.033711273
24075,0.9617527
24076,0.018448705
24077,0.09652598
24078,0.008425673
24079,0.8477801
24080,0.15233181
24081,0.001574709
24082,0.43401673
24083,0.9012563
24084,0.01265971
24085,0.44048053
24086,0.004968283
24087,0.028002158
24088,0.142213
24089,0.708637
24090,0.14077635
24091,0.15639576
24092,0.0064879376
24093,0.043490853
24094,0.05822317
24095,0.0022274526
24096,0.25360033
24097,0.11601217
24098,0.4142415
24099,0.17596515
24100,0.03310049
24101,0.07835003
24102,0.009351953
24103,0.9237846
24104,0.03919586
24105,0.11988313
24106,0.0072606322
24107,0.006450602
24108,0.007015817
24109,0.9379846
24110,0.9413443
24111,0.80349636
24112,0.34087056
24113,0.0095645925
24114,0.018267287
24115,0.00834837
24116,0.9862911
24117,0.1221747
24118,0.034649774
24119,0.07889462
24120,0.04944956
24121,0.23012458
24122,0.005898921
24123,0.008991694
24124,0.4145842
24125,0.0093014445
24126,0.018164728
24127,0.008876937
24128,0.008099336
24129,0.007356965
24130,0.03966008
24131,0.055511873
24132,0.0030890855
24133,0.06865959
24134,0.97540784
24135,0.7608123
24136,0.10178993
24137,0.01333999
24138,0.041795723
24139,0.0025808795
24140,0.0073014162
24141,0.9586445
24142,0.053259667
24143,0.9650065
24144,0.57649535
24145,0.017895147
24146,0.09853873
24147,0.13897645
24148,0.029153226
24149,0.0283674
24150,0.101578005
24151,0.3568745
24152,0.91645014
24153,0.04545355
24154,0.55208164
24155,0.07421874
24156,0.09086504
24157,0.044129718
24158,0.40370995
24159,0.026349682
24160,0.06910729
24161,0.9900029
24162,0.011485113
24163,0.107568234
24164,0.030299507
24165,0.018818751
24166,0.056482565
24167,0.8403965
24168,0.019834522
24169,0.0033181657
24170,0.0137066655
24171,0.1543235
24172,0.022764439
24173,0.0036682507
24174,0.88763547
24175,0.04865915
24176,0.02301067
24177,0.06941439
24178,0.96806127
24179,0.01717403
24180,0.093644686
24181,0.25292656
24182,0.006242155
24183,0.014799877
24184,0.41261232
24185,0.911264
24186,0.010155656
24187,0.03094352
24188,0.008684877
24189,0.061137423
24190,0.12251683
24191,0.009847643
24192,0.9813632
24193,0.0038277789
24194,0.011027129
24195,0.008896774
24196,0.07454477
24197,0.5928931
24198,0.0036617457
24199,0.84190995
24200,0.056654863
24201,0.0077176173
24202,0.07684783
24203,0.46794778
24204,0.023279592
24205,0.052590486
24206,0.08440433
24207,0.12508689
24208,0.029330269
24209,0.054454863
24210,0.01676707
24211,0.05252589
24212,0.004108064
24213,0.1526404
24214,0.015213911
24215,0.60493666
24216,0.10328101
24217,0.013445517
24218,0.03890559
24219,0.41059753
24220,0.0128901135
24221,0.26836884
24222,0.06363651
24223,0.059627984
24224,0.3063208
24225,0.14391905
24226,0.074319795
24227,0.017030256
24228,0.008685194
24229,0.06710881
24230,0.66548187
24231,0.0087446775
24232,0.017247198
24233,0.007825646
24234,0.01222288
24235,0.12861928
24236,0.81023717
24237,0.19971038
24238,0.023276683
24239,0.23317508
24240,0.015611154
24241,0.37141326
24242,0.0031281805
24243,0.21266223
24244,0.05357061
24245,0.015389203
24246,0.026306087
24247,0.027820889
24248,0.018888284
24249,0.0033635627
24250,0.011775928
24251,0.015679618
24252,0.0043121055
24253,0.08009999
24254,0.86620766
24255,0.017806932
24256,0.0102703525
24257,0.026142
24258,0.12730667
24259,0.19337592
24260,0.08912275
24261,0.105886646
24262,0.014443801
24263,0.12051276
24264,0.008560751
24265,0.08593763
24266,0.005625595
24267,0.03273141
24268,0.014489498
24269,0.07584041
24270,0.922728
24271,0.0065571256
24272,0.014787686
24273,0.0120547395
24274,0.024336591
24275,0.883672
24276,0.03522622
24277,0.28064066
24278,0.04385678
24279,0.005522622
24280,0.043118227
24281,0.027927611
24282,0.6300582
24283,0.013124853
24284,0.016243517
24285,0.015649576
24286,0.1392726
24287,0.36201048
24288,0.64969593
24289,0.019865384
24290,0.10418226
24291,0.020164257
24292,0.040555745
24293,0.029585231
24294,0.14736368
24295,0.0075152568
24296,0.01126747
24297,0.020222696
24298,0.45701483
24299,0.15807055
24300,0.011172957
24301,0.07897103
24302,0.011115863
24303,0.004957941
24304,0.0052947556
24305,0.022883479
24306,0.003427994
24307,0.91518176
24308,0.8271185
24309,0.019636411
24310,0.03317109
24311,0.04275182
24312,0.004140585
24313,0.0050308933
24314,0.042207465
24315,0.02332633
24316,0.035279177
24317,0.15532178
24318,0.8634595
24319,0.86449355
24320,0.006027966
24321,0.021515459
24322,0.054688998
24323,0.023357883
24324,0.010422459
24325,0.96689576
24326,0.99006736
24327,0.018834135
24328,0.0062184334
24329,0.014360742
24330,0.41870487
24331,0.006077574
24332,0.0076669888
24333,0.037874423
24334,0.17995405
24335,0.5068531
24336,0.9895768
24337,0.22097123
24338,0.13777527
24339,0.70256054
24340,0.036151122
24341,0.086061515
24342,0.11653637
24343,0.005603204
24344,0.0040639667
24345,0.15648249
24346,0.031654682
24347,0.13796891
24348,0.015002433
24349,0.8858244
24350,0.055743787
24351,0.009999494
24352,0.25790122
24353,0.002622401
24354,0.029449683
24355,0.022205707
24356,0.008738736
24357,0.04204198
24358,0.009694458
24359,0.010542358
24360,0.02913735
24361,0.119540006
24362,0.011705701
24363,0.9473607
24364,0.13066636
24365,0.039103832
24366,0.007125543
24367,0.12289894
24368,0.079355374
24369,0.005707092
24370,0.0036658936
24371,0.13513064
24372,0.011021703
24373,0.95834273
24374,0.13863161
24375,0.92142975
24376,0.12977624
24377,0.023824953
24378,0.004625286
24379,0.7198842
24380,0.92883223
24381,0.90989476
24382,0.0051194383
24383,0.35802746
24384,0.722888
24385,0.02263565
24386,0.21250723
24387,0.65790504
24388,0.010352083
24389,0.011415551
24390,0.045317
24391,0.6479679
24392,0.10538937
24393,0.03758463
24394,0.05677926
24395,0.052218333
24396,0.93179256
24397,0.03223831
24398,0.006668141
24399,0.0018543483
24400,0.017975736
24401,0.008809247
24402,0.016119359
24403,0.9427425
24404,0.014148328
24405,0.12730868
24406,0.0084484145
24407,0.5748939
24408,0.784019
24409,0.014031174
24410,0.81407
24411,0.015331285
24412,0.099793464
24413,0.016199991
24414,0.038052052
24415,0.0036741057
24416,0.0040937755
24417,0.008738463
24418,0.84502304
24419,0.010312441
24420,0.015064433
24421,0.011425285
24422,0.55218387
24423,0.00684404
24424,0.008320026
24425,0.060416013
24426,0.22914994
24427,0.01354881
24428,0.1118239
24429,0.77187
24430,0.04706232
24431,0.034429923
24432,0.0048856377
24433,0.051325224
24434,0.008355573
24435,0.21604887
24436,0.15543011
24437,0.61570024
24438,0.0020738917
24439,0.0145467995
24440,0.0056051626
24441,0.02469665
24442,0.02435469
24443,0.5850426
24444,0.13232502
24445,0.9609479
24446,0.083089605
24447,0.47135925
24448,0.0029253964
24449,0.3950402
24450,0.0023222233
24451,0.064956
24452,0.63503504
24453,0.27845538
24454,0.039591618
24455,0.02383148
24456,0.06481037
24457,0.050019216
24458,0.0066681197
24459,0.07318417
24460,0.0042527285
24461,0.011091856
24462,0.79020077
24463,0.009618919
24464,0.13659827
24465,0.6992783
24466,0.87373495
24467,0.046414662
24468,0.0027607228
24469,0.006647703
24470,0.02500188
24471,0.9882399
24472,0.10162636
24473,0.9047213
24474,0.04640776
24475,0.005027209
24476,0.01279197
24477,0.030146262
24478,0.17166321
24479,0.015305743
24480,0.02102273
24481,0.0077238823
24482,0.76762843
24483,0.10511747
24484,0.0339297
24485,0.0070832935
24486,0.009858697
24487,0.21050443
24488,0.23857205
24489,0.017696584
24490,0.023338957
24491,0.51794475
24492,0.07520049
24493,0.005655257
24494,0.15528437
24495,0.027771644
24496,0.0045935693
24497,0.038668305
24498,0.13190044
24499,0.010708933
24500,0.0028981185
24501,0.2537938
24502,0.031933572
24503,0.004317196
24504,0.004848492
24505,0.0044218698
24506,0.018773383
24507,0.003086084
24508,0.0038093769
24509,0.08325923
24510,0.038694456
24511,0.35945657
24512,0.10227458
24513,0.004716388
24514,0.8473755
24515,0.17991386
24516,0.0118940445
24517,0.0077642603
24518,0.9849748
24519,0.98744863
24520,0.0047149598
24521,0.042931534
24522,0.015408058
24523,0.83631074
24524,0.01185158
24525,0.2225845
24526,0.0037578
24527,0.00564717
24528,0.036151092
24529,0.017332925
24530,0.019828066
24531,0.0049241106
24532,0.9826231
24533,0.7373692
24534,0.17468394
24535,0.24256933
24536,0.30381846
24537,0.098264694
24538,0.054533374
24539,0.23644236
24540,0.90132934
24541,0.023562832
24542,0.21817538
24543,0.04154407
24544,0.22830108
24545,0.015580078
24546,0.25242132
24547,0.07945464
24548,0.97851336
24549,0.080504395
24550,0.013974115
24551,0.003936389
24552,0.00504692
24553,0.0045660185
24554,0.022226086
24555,0.019460706
24556,0.0032027557
24557,0.07724986
24558,0.99101907
24559,0.088528804
24560,0.94025075
24561,0.4077293
24562,0.9703728
24563,0.015257997
24564,0.013162631
24565,0.15029354
24566,0.03492668
24567,0.032811463
24568,0.5509966
24569,0.010016809
24570,0.40300566
24571,0.00241205
24572,0.102079555
24573,0.0011794043
24574,0.014157711
24575,0.007713182
24576,0.9821817
24577,0.009323903
24578,0.006772163
24579,0.92112386
24580,0.013551597
24581,0.9891493
24582,0.44412246
24583,0.9577856
24584,0.95695424
24585,0.0055032214
24586,0.015641058
24587,0.15427701
24588,0.01316649
24589,0.023366472
24590,0.28212935
24591,0.0041814256
24592,0.14441589
24593,0.0529288
24594,0.5220787
24595,0.005908438
24596,0.9846622
24597,0.034362018
24598,0.0040093088
24599,0.011490343
24600,0.14791934
24601,0.12551303
24602,0.004618448
24603,0.009447819
24604,0.0036003652
24605,0.022605924
24606,0.92852944
24607,0.0050465297
24608,0.03164228
24609,0.32497808
24610,0.001878143
24611,0.008007319
24612,0.6159467
24613,0.024748813
24614,0.008331369
24615,0.075071774
24616,0.93767875
24617,0.144787
24618,0.9143716
24619,0.03431603
24620,0.21121421
24621,0.5820544
24622,0.011726765
24623,0.13533135
24624,0.008040399
24625,0.81561655
24626,0.27685976
24627,0.0130276
24628,0.21044688
24629,0.043933216
24630,0.51302344
24631,0.011770469
24632,0.0055615613
24633,0.0042679305
24634,0.3635558
24635,0.0674044
24636,0.15773664
24637,0.23645942
24638,0.0068231598
24639,0.024619563
24640,0.0021271382
24641,0.62137413
24642,0.6945276
24643,0.0061042067
24644,0.059926458
24645,0.17176381
24646,0.71798253
24647,0.2397445
24648,0.31208807
24649,0.015667457
24650,0.036283176
24651,0.027908199
24652,0.2740415
24653,0.39979258
24654,0.97745025
24655,0.028753582
24656,0.006444563
24657,0.83390343
24658,0.50204927
24659,0.0068550915
24660,0.0072416407
24661,0.08621091
24662,0.88847476
24663,0.005176397
24664,0.029525653
24665,0.00846145
24666,0.00822061
24667,0.067718476
24668,0.7539117
24669,0.4810318
24670,0.7264989
24671,0.9912237
24672,0.06192877
24673,0.0036766534
24674,0.12264434
24675,0.009719045
24676,0.0041914764
24677,0.86559325
24678,0.96416426
24679,0.08649468
24680,0.85786647
24681,0.01351924
24682,0.0038679705
24683,0.06589964
24684,0.97062355
24685,0.05653964
24686,0.10076484
24687,0.04883375
24688,0.7033096
24689,0.50452495
24690,0.007900535
24691,0.019064138
24692,0.8277528
24693,0.045161657
24694,0.028862651
24695,0.015366208
24696,0.33603695
24697,0.0023319775
24698,0.011166858
24699,0.67022204
24700,0.06341239
24701,0.0030570205
24702,0.07672674
24703,0.013556377
24704,0.06901066
24705,0.35586894
24706,0.36193004
24707,0.47011417
24708,0.03803184
24709,0.07402975
24710,0.025311828
24711,0.021326823
24712,0.5396881
24713,0.039772317
24714,0.14702418
24715,0.041781537
24716,0.19957182
24717,0.017860226
24718,0.0036595473
24719,0.23946033
24720,0.21866079
24721,0.5641902
24722,0.0056246673
24723,0.007148249
24724,0.062275015
24725,0.64059234
24726,0.16323109
24727,0.012947149
24728,0.90221477
24729,0.016988153
24730,0.0032140054
24731,0.05995452
24732,0.058226164
24733,0.040088058
24734,0.28437844
24735,0.004041798
24736,0.25367975
24737,0.0022064184
24738,0.284211
24739,0.003072754
24740,0.18654393
24741,0.07383794
24742,0.5431903
24743,0.005098389
24744,0.1043668
24745,0.120077126
24746,0.019084599
24747,0.0727622
24748,0.6214476
24749,0.008357493
24750,0.03873293
24751,0.03450324
24752,0.0059308833
24753,0.090104565
24754,0.27323985
24755,0.013973919
24756,0.0049446113
24757,0.28459102
24758,0.021274889
24759,0.0057107164
24760,0.007624204
24761,0.010609079
24762,0.32365423
24763,0.05826378
24764,0.008644439
24765,0.014107815
24766,0.01362286
24767,0.021365752
24768,0.00919117
24769,0.018315298
24770,0.008792347
24771,0.004898565
24772,0.13439481
24773,0.030293383
24774,0.14418617
24775,0.006819926
24776,0.19282334
24777,0.019071495
24778,0.8657249
24779,0.011800081
24780,0.009865215
24781,0.006726486
24782,0.9301893
24783,0.09603538
24784,0.44494274
24785,0.35410035
24786,0.16331327
24787,0.0049805706
24788,0.7994169
24789,0.025996724
24790,0.0040826006
24791,0.28880656
24792,0.0069375606
24793,0.5150281
24794,0.0070984177
24795,0.009754299
24796,0.9865058
24797,0.004563351
24798,0.0039016323
24799,0.030748876
24800,0.034153126
24801,0.0036449442
24802,0.71279234
24803,0.0022371418
24804,0.0095986845
24805,0.04172706
24806,0.004148556
24807,0.055461846
24808,0.00516917
24809,0.27885854
24810,0.017600983
24811,0.034777306
24812,0.0084237885
24813,0.14608268
24814,0.05962376
24815,0.0070942077
24816,0.006532487
24817,0.037603993
24818,0.01584737
24819,0.6657703
24820,0.814947
24821,0.008164296
24822,0.0070265485
24823,0.059970647
24824,0.09699089
24825,0.004809983
24826,0.7569709
24827,0.0054883817
24828,0.020041853
24829,0.014197998
24830,0.42004216
24831,0.00440538
24832,0.010429253
24833,0.065016225
24834,0.034725487
24835,0.056783363
24836,0.038292736
24837,0.006686951
24838,0.63861936
24839,0.21424708
24840,0.91762644
24841,0.92562723
24842,0.0037994932
24843,0.13184692
24844,0.011148229
24845,0.006823525
24846,0.0058213645
24847,0.7635513
24848,0.021691838
24849,0.015008641
24850,0.010293886
24851,0.5240569
24852,0.17422971
24853,0.021284029
24854,0.0056082946
24855,0.98435783
24856,0.0050364193
24857,0.013939525
24858,0.056503974
24859,0.053671345
24860,0.116144605
24861,0.21453784
24862,0.006904652
24863,0.41767085
24864,0.019773414
24865,0.27551863
24866,0.99583167
24867,0.6656161
24868,0.04551722
24869,0.0534553
24870,0.6445832
24871,0.12173701
24872,0.016656
24873,0.007856127
24874,0.08428497
24875,0.06947089
24876,0.10953113
24877,0.3591948
24878,0.011815849
24879,0.27292573
24880,0.060747333
24881,0.12952459
24882,0.029999794
24883,0.7652659
24884,0.17574707
24885,0.1487154
24886,0.13649517
24887,0.014127009
24888,0.018861748
24889,0.8687802
24890,0.0278281
24891,0.066158295
24892,0.03646654
24893,0.20329541
24894,0.03040038
24895,0.9840164
24896,0.98219955
24897,0.10438068
24898,0.97958976
24899,0.018950447
24900,0.052718595
24901,0.020007143
24902,0.48982686
24903,0.022783572
24904,0.01959379
24905,0.75139976
24906,0.040430173
24907,0.55422366
24908,0.3440942
24909,0.013176568
24910,0.006486939
24911,0.0073563904
24912,0.07517612
24913,0.016032893
24914,0.01139971
24915,0.018507192
24916,0.89939976
24917,0.037671924
24918,0.8312268
24919,0.007999997
24920,0.07522379
24921,0.64072233
24922,0.006657424
24923,0.041389417
24924,0.014630057
24925,0.033017803
24926,0.00247844
24927,0.09656759
24928,0.036333267
24929,0.0820474
24930,0.35931078
24931,0.962858
24932,0.047857586
24933,0.029238174
24934,0.012334062
24935,0.038644966
24936,0.1249323
24937,0.9059966
24938,0.9859184
24939,0.033636756
24940,0.015070809
24941,0.026960148
24942,0.006158914
24943,0.0068578934
24944,0.0038675442
24945,0.005441982
24946,0.0038491366
24947,0.039528567
24948,0.008560123
24949,0.007937694
24950,0.04555189
24951,0.040974613
24952,0.055639755
24953,0.021744184
24954,0.0835844
24955,0.13010149
24956,0.0733561
24957,0.005109767
24958,0.011810248
24959,0.22740541
24960,0.6839941
24961,0.014064023
24962,0.002885797
24963,0.0044522267
24964,0.0076935096
24965,0.008643251
24966,0.9116914
24967,0.004337089
24968,0.038659077
24969,0.8480531
24970,0.8626217
24971,0.059399948
24972,0.014150931
24973,0.012313711
24974,0.019695247
24975,0.3044548
24976,0.2719125
24977,0.003108973
24978,0.0066340608
24979,0.17862506
24980,0.009000677
24981,0.39027846
24982,0.01040122
24983,0.015582558
24984,0.02859728
24985,0.64651126
24986,0.93581903
24987,0.07296008
24988,0.007882914
24989,0.7304637
24990,0.93629074
24991,0.26797867
24992,0.004824396
24993,0.05083588
24994,0.98422664
24995,0.006367998
24996,0.0069856225
24997,0.003983734
24998,0.083725885
24999,0.15385044
