iter	Logloss
0	0.6919708698
1	0.6908603123
2	0.6897772126
3	0.6886133334
4	0.6874890469
5	0.6863851364
6	0.685336131
7	0.6842170428
8	0.6830360312
9	0.6819821617
10	0.6808680867
11	0.679693641
12	0.6786420373
13	0.677493188
14	0.6763391914
15	0.6752804184
16	0.6741652896
17	0.6730993403
18	0.6719729264
19	0.6708822806
20	0.6697568665
21	0.6687001422
22	0.6675416037
23	0.6664642212
24	0.6653318996
25	0.6641961902
26	0.6630960578
27	0.6620858704
28	0.6609012111
29	0.6598418425
30	0.6587854138
31	0.6576924907
32	0.6565381602
33	0.6555544275
34	0.6544789791
35	0.6533482885
36	0.6522781091
37	0.6512435024
38	0.6502156411
39	0.6491189185
40	0.6481098112
41	0.6469800674
42	0.6459122341
43	0.6448894076
44	0.6438785415
45	0.6428947784
46	0.6418986891
47	0.6408908878
48	0.6399085478
49	0.6389064271
50	0.6378450592
51	0.6367967897
52	0.6357663322
53	0.6347974147
54	0.6337890127
55	0.6327305435
56	0.6317605103
57	0.6308117077
58	0.6298083658
59	0.6287608007
60	0.6277362914
61	0.6267488513
62	0.6257408974
63	0.6247505236
64	0.62394
65	0.6229256723
66	0.6218563181
67	0.6209269954
68	0.6199860844
69	0.6190272876
70	0.618050915
71	0.6170847708
72	0.6161223752
73	0.6151438038
74	0.614148647
75	0.6132331213
76	0.6122685653
77	0.611312944
78	0.6103086986
79	0.6094315036
80	0.6085025117
81	0.607582815
82	0.606642725
83	0.6057656666
84	0.6047684985
85	0.6037729883
86	0.6028783527
87	0.6019436852
88	0.6010358058
89	0.6000975989
90	0.5991577477
91	0.5982752917
92	0.5974013299
93	0.5964689594
94	0.5955623013
95	0.5946272204
96	0.5938106095
97	0.592870534
98	0.5920022135
99	0.5911793979
100	0.5903478596
101	0.5894406626
102	0.5885818175
103	0.5876775448
104	0.5868178078
105	0.5859076645
106	0.585008289
107	0.5841328407
108	0.5832696313
109	0.58242731
110	0.5816117716
111	0.5807570404
112	0.5800077874
113	0.5792050338
114	0.578332641
115	0.5774927702
116	0.5766287291
117	0.5758630977
118	0.5751208126
119	0.5742758695
120	0.5734500418
121	0.5726382457
122	0.5717986074
123	0.5709664604
124	0.5700725567
125	0.5692468334
126	0.5684092097
127	0.5675859693
128	0.5667448383
129	0.5659754613
130	0.5651538976
131	0.5643486344
132	0.5634776288
133	0.562684724
134	0.5618787623
135	0.5610335776
136	0.5601877838
137	0.5594117674
138	0.5587136497
139	0.5579447815
140	0.5570929985
141	0.5562582684
142	0.5554976955
143	0.5546756449
144	0.5538983769
145	0.5531478799
146	0.5523715896
147	0.5515270325
148	0.5507360657
149	0.5499295007
150	0.5490918174
151	0.5482846458
152	0.5475241068
153	0.5467624743
154	0.5459828372
155	0.5452506518
156	0.5445483632
157	0.5437895193
158	0.5430514801
159	0.5422888191
160	0.5415050618
161	0.5407852962
162	0.5400076168
163	0.5392531405
164	0.5385391005
165	0.5378417863
166	0.5372167785
167	0.5364989144
168	0.5357287491
169	0.5349944864
170	0.5342351106
171	0.5334694582
172	0.5327172301
173	0.5319423701
174	0.5312293079
175	0.5304856929
176	0.5297594216
177	0.5290522103
178	0.5283382786
179	0.5275857457
180	0.5268856409
181	0.5261709135
182	0.5254421644
183	0.5246919999
184	0.5240018638
185	0.5232744388
186	0.5225584403
187	0.5218392533
188	0.5211191128
189	0.5204273407
190	0.5197158621
191	0.5190184899
192	0.5183409398
193	0.5176396205
194	0.5169133065
195	0.5162153121
196	0.5155151505
197	0.5148386484
198	0.514144613
199	0.5134827935
200	0.5128579967
201	0.5121941888
202	0.5114933757
203	0.5108381256
204	0.5101710561
205	0.5095241166
206	0.5088718817
207	0.5081942465
208	0.5075506444
209	0.5069143457
210	0.5062506719
211	0.505633677
212	0.5050425645
213	0.5045257949
214	0.5038990886
215	0.5032123003
216	0.5025264123
217	0.5018968879
218	0.5012943167
219	0.5006674098
220	0.5000307514
221	0.4993621517
222	0.4986703672
223	0.4980263993
224	0.4973552956
225	0.4966881992
226	0.4960326019
227	0.4954247988
228	0.4948374317
229	0.4941983877
230	0.4935967025
231	0.4929916186
232	0.4923263943
233	0.491769423
234	0.4912600751
235	0.4906296821
236	0.4900126129
237	0.4894183729
238	0.4888317962
239	0.4882285964
240	0.4875751106
241	0.4870132928
242	0.4863946722
243	0.4858440457
244	0.4852301425
245	0.4846773541
246	0.4840798653
247	0.4834733406
248	0.482891479
249	0.482237557
250	0.4816352732
251	0.481017712
252	0.4804881909
253	0.479872954
254	0.4792724188
255	0.4786683258
256	0.4780563205
257	0.4774906969
258	0.476936612
259	0.476420981
260	0.4758019051
261	0.4752503382
262	0.4746763234
263	0.4741086889
264	0.4735610735
265	0.4730071127
266	0.4724333906
267	0.4718403454
268	0.4713565
269	0.4707652603
270	0.470238464
271	0.4696948608
272	0.4691275279
273	0.4685638475
274	0.4680456485
275	0.4674886169
276	0.4669474017
277	0.4663613146
278	0.4657978454
279	0.4652402334
280	0.4646528251
281	0.4641076979
282	0.4635995209
283	0.4630197462
284	0.4625111962
285	0.461952777
286	0.4614339366
287	0.460893484
288	0.4603167261
289	0.4597641961
290	0.4592317106
291	0.4587412585
292	0.4581807818
293	0.4576949312
294	0.4571417842
295	0.4566148684
296	0.45608938
297	0.4555828862
298	0.4550537147
299	0.4545478142
300	0.454025854
301	0.4535142093
302	0.4530471324
303	0.4525312291
304	0.4520183821
305	0.4515512076
306	0.4510900427
307	0.4505778312
308	0.4500440729
309	0.449540928
310	0.4490143232
311	0.4485275432
312	0.4480278929
313	0.4474901933
314	0.4469581141
315	0.4464369674
316	0.4459432665
317	0.4454424021
318	0.4450011037
319	0.4444713872
320	0.4439657474
321	0.4434471058
322	0.4429858272
323	0.4425597141
324	0.4420797488
325	0.4416760618
326	0.4411864689
327	0.4407065206
328	0.4402283795
329	0.4397467926
330	0.4392551285
331	0.4387765097
332	0.4383221635
333	0.4378315458
334	0.4373449333
335	0.436898933
336	0.436431165
337	0.4359509704
338	0.4354664057
339	0.4349751024
340	0.4344980767
341	0.4339979172
342	0.4335366985
343	0.4330870725
344	0.4326180991
345	0.4321561958
346	0.4317249616
347	0.4312691792
348	0.4308198386
349	0.4303688912
350	0.4299359217
351	0.4294966965
352	0.4290591218
353	0.4286099376
354	0.4281464502
355	0.4277210928
356	0.4272477083
357	0.4268048752
358	0.4263583917
359	0.4259089538
360	0.4254427618
361	0.425015687
362	0.4245592344
363	0.4241469691
364	0.4237330795
365	0.4233085717
366	0.422887237
367	0.4224698804
368	0.4220580133
369	0.421621137
370	0.4211794414
371	0.4207445247
372	0.4202954262
373	0.4199337792
374	0.4195319367
375	0.4191027815
376	0.4186757332
377	0.4182506946
378	0.4177887528
379	0.4173371366
380	0.4169206062
381	0.4164807497
382	0.4161089937
383	0.4157524272
384	0.4153188772
385	0.4148916088
386	0.4145069884
387	0.4140767198
388	0.4136668354
389	0.4132256855
390	0.4128475663
391	0.4124632112
392	0.4120446159
393	0.4116664685
394	0.411331375
395	0.4109016519
396	0.4104817194
397	0.4100756081
398	0.4096710236
399	0.4092631016
400	0.4089157543
401	0.4084998005
402	0.4081056817
403	0.4076808986
404	0.4072804826
405	0.4069032295
406	0.4065084584
407	0.4061268254
408	0.4057185982
409	0.4053320457
410	0.404939462
411	0.4045740386
412	0.4041687359
413	0.4037967055
414	0.4034012415
415	0.4030134017
416	0.4026074826
417	0.4022227097
418	0.4018559853
419	0.4014648969
420	0.4011284983
421	0.4007463708
422	0.4003705771
423	0.4000204322
424	0.39966016
425	0.399310694
426	0.3989204584
427	0.3985373604
428	0.3981426033
429	0.3977880316
430	0.3973994486
431	0.3970121888
432	0.3966812071
433	0.3963069452
434	0.3959716554
435	0.3956172301
436	0.3952573941
437	0.3948961161
438	0.3945626535
439	0.3942004386
440	0.3938189116
441	0.393450129
442	0.3931118565
443	0.3927706246
444	0.3923993535
445	0.3920277793
446	0.3917032379
447	0.3913537042
448	0.3910254199
449	0.3906486926
450	0.3902984038
451	0.3900485198
452	0.3896959784
453	0.3893790251
454	0.3890361671
455	0.3886930982
456	0.3883724355
457	0.3880348113
458	0.3876990924
459	0.3873361176
460	0.3869663846
461	0.3866139618
462	0.386262571
463	0.3859163431
464	0.3855655632
465	0.3852342652
466	0.3849104673
467	0.3845922772
468	0.3842381154
469	0.383934137
470	0.3835742849
471	0.3832480231
472	0.3829388455
473	0.3825951717
474	0.3822450065
475	0.3818891422
476	0.3815461808
477	0.3812081663
478	0.3808922988
479	0.3805615966
480	0.3802429074
481	0.3799123607
482	0.3795786148
483	0.3792731186
484	0.3789605797
485	0.3786155124
486	0.3782841855
487	0.3779498137
488	0.3776382739
489	0.3773174911
490	0.376994518
491	0.3766797934
492	0.3763707034
493	0.3760576406
494	0.3757448551
495	0.375423548
496	0.3751111072
497	0.3748078199
498	0.3744881309
499	0.374171945
500	0.3738630616
501	0.3735885915
502	0.3732806771
503	0.3729891655
504	0.3726604896
505	0.3723810242
506	0.3720578327
507	0.3717327845
508	0.37143847
509	0.3711317515
510	0.3708288437
511	0.3705347871
512	0.3702722054
513	0.3699599389
514	0.3696936795
515	0.3693817168
516	0.3691039244
517	0.3688248012
518	0.3685150735
519	0.3682226469
520	0.367929064
521	0.3676470941
522	0.3673576769
523	0.3670769416
524	0.3667912118
525	0.3665046599
526	0.3662265843
527	0.365972552
528	0.3656652064
529	0.3653741941
530	0.3650901346
531	0.3648017551
532	0.3645299304
533	0.3642445287
534	0.3639765186
535	0.3636934563
536	0.3633893881
537	0.3630996907
538	0.3628051042
539	0.3625077408
540	0.3622507823
541	0.3619805302
542	0.3617080041
543	0.3614512449
544	0.3611719251
545	0.3609241307
546	0.3606513024
547	0.360355403
548	0.3600794118
549	0.3597897562
550	0.3595374187
551	0.3592522004
552	0.3589892913
553	0.3587281781
554	0.3584719577
555	0.3581900987
556	0.3579333125
557	0.3576724961
558	0.3574079076
559	0.3571258007
560	0.3568661588
561	0.3566102158
562	0.3563762344
563	0.3561006687
564	0.355829956
565	0.3555815043
566	0.3553087688
567	0.3550625649
568	0.3548244574
569	0.3545566284
570	0.354307342
571	0.3540555302
572	0.353794725
573	0.3535434493
574	0.3532652118
575	0.3530283896
576	0.3527746324
577	0.352548004
578	0.3522998735
579	0.3520424456
580	0.3517708266
581	0.3515168258
582	0.3512747841
583	0.35101338
584	0.3507719953
585	0.3505492668
586	0.3503036013
587	0.3500478725
588	0.349805697
589	0.3496443745
590	0.3494137595
591	0.3491831236
592	0.3489527326
593	0.3487146635
594	0.3484627568
595	0.3482461702
596	0.3480374358
597	0.3478058251
598	0.3476967466
599	0.3474449859
600	0.3471939047
601	0.3469659303
602	0.3467265459
603	0.3464678294
604	0.3462422586
605	0.3459873198
606	0.3457693059
607	0.3455111734
608	0.345271505
609	0.3450590944
610	0.3448440573
611	0.3446194321
612	0.344382497
613	0.3441464235
614	0.3439064475
615	0.3436734647
616	0.3434630292
617	0.3432290857
618	0.3430112322
619	0.3427811288
620	0.3425414428
621	0.3422996648
622	0.3420948053
623	0.3418872941
624	0.3416709464
625	0.3414415398
626	0.3412189292
627	0.3409917394
628	0.3407799774
629	0.3405677981
630	0.3403344298
631	0.3400989731
632	0.3398959225
633	0.3396950066
634	0.3394888874
635	0.3392633322
636	0.339050445
637	0.3388391347
638	0.3386336386
639	0.3384198532
640	0.3382400978
641	0.3380073956
642	0.3377969519
643	0.3376039487
644	0.3374082909
645	0.3371925863
646	0.3369838527
647	0.3367557191
648	0.3365280104
649	0.3363146419
650	0.3361072309
651	0.3359163372
652	0.3357125535
653	0.3354813751
654	0.3353028457
655	0.3350849886
656	0.3348706887
657	0.3346471083
658	0.3344415401
659	0.3342185565
660	0.3340129288
661	0.3338057811
662	0.3336008432
663	0.3333948657
664	0.333207907
665	0.3330352305
666	0.3328553164
667	0.3326623226
668	0.3324540726
669	0.332250612
670	0.3320393839
671	0.3318337333
672	0.3316270467
673	0.331431467
674	0.3312294486
675	0.3310383894
676	0.3308373567
677	0.3306120978
678	0.3304039604
679	0.3302098848
680	0.3300104504
681	0.3298125457
682	0.3296281116
683	0.3294391132
684	0.3292342342
685	0.3290480937
686	0.328868863
687	0.3286798531
688	0.328472299
689	0.3282999554
690	0.3281309187
691	0.3279893366
692	0.3277937178
693	0.3276097796
694	0.3274281766
695	0.3272141107
696	0.3270300319
697	0.3268431
698	0.3266457755
699	0.3264736194
700	0.3262990906
701	0.3261103983
702	0.3259180137
703	0.3257292517
704	0.3255437358
705	0.3253584695
706	0.3251744639
707	0.3249863634
708	0.3247834796
709	0.324600277
710	0.3244318621
711	0.324237089
712	0.3240600239
713	0.3238649042
714	0.3236956787
715	0.3235101431
716	0.3233356167
717	0.3231509764
718	0.3229839684
719	0.3228084323
720	0.3226280118
721	0.3224426704
722	0.3222515443
723	0.322099852
724	0.3219242127
725	0.3217420806
726	0.3215766215
727	0.3214074643
728	0.3212168252
729	0.3210468915
730	0.3209073431
731	0.3207880336
732	0.3206021289
733	0.3204259781
734	0.3202812167
735	0.3201040966
736	0.3199267378
737	0.3197375825
738	0.3195593987
739	0.3193929515
740	0.3192346594
741	0.3190545936
742	0.3188701294
743	0.3187344997
744	0.31855136
745	0.3183842016
746	0.3182354163
747	0.3180675098
748	0.3179039905
749	0.3177338564
750	0.317578132
751	0.3174138774
752	0.3172365936
753	0.3170807391
754	0.3169319773
755	0.3167635495
756	0.3166113235
757	0.3164382136
758	0.3162849752
759	0.3161365383
760	0.3159723348
761	0.3158014072
762	0.3156973717
763	0.3155306149
764	0.3153540926
765	0.3151988525
766	0.3150165794
767	0.3148563493
768	0.3147142875
769	0.3145432564
770	0.3143779888
771	0.3142156874
772	0.3140436138
773	0.3138900886
774	0.3137467415
775	0.3135899322
776	0.3134281327
777	0.3132652204
778	0.3131119607
779	0.312955338
780	0.3127980191
781	0.3126620903
782	0.3124927978
783	0.3123597825
784	0.3122087715
785	0.3120568272
786	0.3118997835
787	0.3117914345
788	0.3116485425
789	0.3114986119
790	0.3113334059
791	0.311223018
792	0.3110815443
793	0.3109116384
794	0.3107438258
795	0.3105791975
796	0.3104410128
797	0.3102849357
798	0.3101381117
799	0.3100320883
800	0.309881873
801	0.309728633
802	0.3095719014
803	0.3094109934
804	0.3092611296
805	0.3091131219
806	0.3089726365
807	0.308833706
808	0.3086888507
809	0.3085334724
810	0.3083999177
811	0.3082538754
812	0.308115332
813	0.30795917
814	0.3078263161
815	0.3076721217
816	0.3075393403
817	0.3074412729
818	0.3072934803
819	0.3071392882
820	0.3069933181
821	0.3068422652
822	0.3066811178
823	0.306546481
824	0.3063948323
825	0.3062559749
826	0.3061391135
827	0.3060014512
828	0.3058498239
829	0.3057020825
830	0.3055663716
831	0.3054094783
832	0.3052610152
833	0.3051234588
834	0.3049824641
835	0.3048506753
836	0.3047287963
837	0.3045839337
838	0.3044516364
839	0.3043141538
840	0.304192478
841	0.3040369897
842	0.3039342723
843	0.3037869393
844	0.3036498419
845	0.3035248385
846	0.3033817283
847	0.3032557434
848	0.3031243521
849	0.3029921582
850	0.3028537825
851	0.3027095292
852	0.3025685693
853	0.3024289796
854	0.3022851431
855	0.3021476098
856	0.3020050848
857	0.3018696911
858	0.3017643064
859	0.3016339093
860	0.3014871734
861	0.3013980753
862	0.3012695968
863	0.301130895
864	0.301015753
865	0.3008780739
866	0.300732618
867	0.3006090625
868	0.3004781142
869	0.3003565643
870	0.3002442098
871	0.3001204284
872	0.2999734113
873	0.2998353366
874	0.2997040746
875	0.2995653753
876	0.2994373481
877	0.2993021493
878	0.2991662666
879	0.2990381676
880	0.2988970256
881	0.2987622476
882	0.2986334575
883	0.2984944742
884	0.2983589242
885	0.2982359676
886	0.2981085686
887	0.2979933541
888	0.2978577963
889	0.2977602698
890	0.2976297101
891	0.2974939056
892	0.2973708714
893	0.2972587917
894	0.2971359
895	0.2970224982
896	0.2969050264
897	0.2967857273
898	0.2966763475
899	0.2965884038
900	0.296466873
901	0.2963375007
902	0.2962233365
903	0.2960986985
904	0.295986787
905	0.2958564943
906	0.2957286522
907	0.2956159409
908	0.2955052255
909	0.2953955204
910	0.2952747283
911	0.295153225
912	0.2950469705
913	0.2949383729
914	0.2948293431
915	0.2947081794
916	0.2945937364
917	0.2944755803
918	0.2943599944
919	0.2942666416
920	0.2942028614
921	0.2940725658
922	0.293959904
923	0.2938405903
924	0.2937124923
925	0.2936030451
926	0.2935077735
927	0.2934044242
928	0.2932984433
929	0.2932091716
930	0.2930992519
931	0.2929780301
932	0.2928772714
933	0.2927824909
934	0.2926798404
935	0.2925818428
936	0.2924697962
937	0.2923458075
938	0.2922429845
939	0.2921329291
940	0.2920223136
941	0.2918994392
942	0.2918036706
943	0.2917085504
944	0.291601914
945	0.2914868293
946	0.2913615591
947	0.2912648174
948	0.2911413256
949	0.2910694848
950	0.2909528316
951	0.2908486505
952	0.2907385398
953	0.2906342868
954	0.2905217794
955	0.2904107887
956	0.2902960092
957	0.2901834798
958	0.2900740359
959	0.289968597
960	0.289872089
961	0.2897569918
962	0.2896362013
963	0.2895346652
964	0.2894184034
965	0.28930372
966	0.2891908906
967	0.289084025
968	0.2889738382
969	0.2888591904
970	0.2887582518
971	0.2886465588
972	0.2885549303
973	0.2884534636
974	0.2883468019
975	0.2882405225
976	0.288135929
977	0.288063694
978	0.2879695692
979	0.2878599904
980	0.2877740954
981	0.2876649728
982	0.2875685321
983	0.2874530769
984	0.2873490087
985	0.2872504906
986	0.2871452249
987	0.2870339996
988	0.286927482
989	0.2868329731
990	0.2867302523
991	0.286636795
992	0.2865467648
993	0.2864463533
994	0.2863413658
995	0.2862749049
996	0.2861681946
997	0.2860573121
998	0.2860077535
999	0.2859094039
1000	0.2858144439
1001	0.2857332014
1002	0.2856537926
1003	0.2855525699
1004	0.2854442377
1005	0.2853563758
1006	0.2852542964
1007	0.2851467797
1008	0.2850576216
1009	0.2849514751
1010	0.2848513273
1011	0.2847683254
1012	0.2846712793
1013	0.2845657795
1014	0.2844814036
1015	0.2843818712
1016	0.2842826136
1017	0.2842120415
1018	0.2841270302
1019	0.284021003
1020	0.2839334983
1021	0.2838309823
1022	0.2837464326
1023	0.2836531996
1024	0.2835617628
1025	0.2834787093
1026	0.2833820018
1027	0.283304636
1028	0.2832110925
1029	0.2831083951
1030	0.2830034322
1031	0.2829182215
1032	0.2828493466
1033	0.2827452447
1034	0.2826405462
1035	0.282540901
1036	0.282457542
1037	0.282381571
1038	0.2822903247
1039	0.2821921728
1040	0.2820942537
1041	0.28202459
1042	0.2819214651
1043	0.2818226553
1044	0.2817309875
1045	0.2816373949
1046	0.2815681467
1047	0.2814860441
1048	0.2813864968
1049	0.2812882269
1050	0.2811978611
1051	0.2811051463
1052	0.2810454019
1053	0.280957078
1054	0.280875156
1055	0.2807812759
1056	0.2806982991
1057	0.2805965428
1058	0.2805017915
1059	0.2804123832
1060	0.2803196035
1061	0.2802317451
1062	0.2801310798
1063	0.2800377335
1064	0.2799556523
1065	0.2799009228
1066	0.2798050572
1067	0.2797121701
1068	0.2796336282
1069	0.2795347777
1070	0.2794367034
1071	0.2793500336
1072	0.2792643499
1073	0.2791739723
1074	0.2790977063
1075	0.2790282475
1076	0.278940105
1077	0.2788542511
1078	0.2787668468
1079	0.2787100131
1080	0.2786280285
1081	0.2785446596
1082	0.278449438
1083	0.278384673
1084	0.278287476
1085	0.2782283296
1086	0.2781739453
1087	0.2780997194
1088	0.2780252236
1089	0.2779385302
1090	0.2778614141
1091	0.2777788261
1092	0.2776856823
1093	0.2776053632
1094	0.2775389587
1095	0.2774766628
1096	0.2774035183
1097	0.2773359499
1098	0.2772531199
1099	0.2771685141
1100	0.277088636
1101	0.2770010735
1102	0.2769288048
1103	0.2768408417
1104	0.2767556014
1105	0.2766774867
1106	0.2765809805
1107	0.276517275
1108	0.2764319405
1109	0.2763848
1110	0.2762943313
1111	0.2762070465
1112	0.2761479859
1113	0.2760708999
1114	0.2759986012
1115	0.2759150542
1116	0.2758300681
1117	0.2757731799
1118	0.2756889145
1119	0.2756044109
1120	0.2755236059
1121	0.2754340366
1122	0.2753601988
1123	0.2752720119
1124	0.275191281
1125	0.2751059793
1126	0.2750319795
1127	0.2749620048
1128	0.274876319
1129	0.2747961136
1130	0.2747070299
1131	0.2746522178
1132	0.2745664227
1133	0.2745000905
1134	0.2744115874
1135	0.2743398488
1136	0.2742535501
1137	0.274163884
1138	0.2740856044
1139	0.2740080899
1140	0.2739479344
1141	0.2738814296
1142	0.2737944203
1143	0.2737246221
1144	0.2736718943
1145	0.2736067018
1146	0.2735309931
1147	0.273445811
1148	0.2733628286
1149	0.2732915446
1150	0.2732096046
1151	0.2731398796
1152	0.2730621183
1153	0.2729900271
1154	0.2729377748
1155	0.2728608397
1156	0.2727838353
1157	0.2727261654
1158	0.2726742588
1159	0.2725926524
1160	0.2725139772
1161	0.2724307751
1162	0.2723661328
1163	0.27229174
1164	0.2722174922
1165	0.2721463076
1166	0.272076191
1167	0.2720035121
1168	0.2719293095
1169	0.2718411796
1170	0.2717848874
1171	0.2717284466
1172	0.2716587967
1173	0.2715831894
1174	0.2715325676
1175	0.2714546026
1176	0.2713758673
1177	0.2713259228
1178	0.2712504103
1179	0.2711744788
1180	0.2711017432
1181	0.2710286656
1182	0.2709614374
1183	0.2708905461
1184	0.2708145873
1185	0.2707422053
1186	0.2706722113
1187	0.2706160733
1188	0.2705461936
1189	0.2704804953
1190	0.2704188031
1191	0.2703533945
1192	0.2702752667
1193	0.270197524
1194	0.2701195972
1195	0.2700525333
1196	0.2699840308
1197	0.2699393543
1198	0.26987831
1199	0.2698222046
1200	0.2697551713
1201	0.2696848013
1202	0.269610415
1203	0.2695508207
1204	0.2694979326
1205	0.269444466
1206	0.2693697563
1207	0.2693071651
1208	0.2692321786
1209	0.2691580122
1210	0.269092671
1211	0.2690329421
1212	0.2689637711
1213	0.2689062132
1214	0.2688352542
1215	0.2687850377
1216	0.2687319674
1217	0.2686545388
1218	0.2686017033
1219	0.2685263794
1220	0.2684809122
1221	0.2684245586
1222	0.2683691948
1223	0.2682945649
1224	0.2682389462
1225	0.2681702478
1226	0.2681113946
1227	0.2680358809
1228	0.2679640967
1229	0.267909044
1230	0.2678285903
1231	0.2677571759
1232	0.2676909139
1233	0.267638973
1234	0.2675587141
1235	0.2674742128
1236	0.267400921
1237	0.2673394795
1238	0.2672960206
1239	0.2672230443
1240	0.2671476792
1241	0.2670820658
1242	0.2670291644
1243	0.266970363
1244	0.2669118003
1245	0.2668477926
1246	0.2667961969
1247	0.2667272502
1248	0.2666653773
1249	0.2665978844
1250	0.2665410091
1251	0.2664821514
1252	0.2664224871
1253	0.2663594851
1254	0.2662897573
1255	0.266225527
1256	0.2661643796
1257	0.2661105767
1258	0.2660528896
1259	0.2660136921
1260	0.2659395387
1261	0.2658947152
1262	0.2658294479
1263	0.265772932
1264	0.2657117458
1265	0.2656600828
1266	0.2656220552
1267	0.265558321
1268	0.2654951442
1269	0.2654341031
1270	0.2653795627
1271	0.2653177886
1272	0.2652432807
1273	0.2651967152
1274	0.2651372691
1275	0.2650761926
1276	0.2650054682
1277	0.2649628532
1278	0.2649003047
1279	0.2648348401
1280	0.2647824437
1281	0.2647187688
1282	0.2646624604
1283	0.264605432
1284	0.2645429251
1285	0.2644866595
1286	0.2644280055
1287	0.2643841044
1288	0.2643178072
1289	0.2642569997
1290	0.2641879662
1291	0.2641182299
1292	0.2640473644
1293	0.2639791585
1294	0.2639144471
1295	0.2638536958
1296	0.263819086
1297	0.2637603256
1298	0.2636994353
1299	0.2636378637
1300	0.2635878734
1301	0.2635496254
1302	0.2634886637
1303	0.2634267855
1304	0.2633626077
1305	0.2633034607
1306	0.2632413598
1307	0.2631766542
1308	0.2631253489
1309	0.2630805065
1310	0.2630334562
1311	0.2629677113
1312	0.2629173392
1313	0.262876053
1314	0.262812637
1315	0.2627507731
1316	0.2627058715
1317	0.2626400321
1318	0.2625884427
1319	0.2625224149
1320	0.2624603272
1321	0.2624043032
1322	0.2623459146
1323	0.2622840538
1324	0.2622391871
1325	0.2621897818
1326	0.2621376315
1327	0.2620853623
1328	0.262039225
1329	0.2619774495
1330	0.2619136588
1331	0.261840997
1332	0.261802486
1333	0.2617500646
1334	0.2617129374
1335	0.2616699516
1336	0.2616183581
1337	0.2615556511
1338	0.261513196
1339	0.2614673226
1340	0.2614231325
1341	0.2613741461
1342	0.2613209435
1343	0.2612783336
1344	0.2612437431
1345	0.2611874919
1346	0.2611283926
1347	0.261070311
1348	0.261008007
1349	0.2609505596
1350	0.2608955036
1351	0.2608572076
1352	0.260808218
1353	0.260769166
1354	0.2607224743
1355	0.2606802016
1356	0.2606351245
1357	0.2605794524
1358	0.2605222209
1359	0.2604765776
1360	0.2604407677
1361	0.2604041731
1362	0.2603419408
1363	0.2602993531
1364	0.2602389151
1365	0.260197621
1366	0.2601349879
1367	0.2600840123
1368	0.2600359137
1369	0.2599954499
1370	0.2599490695
1371	0.2598853774
1372	0.2598359538
1373	0.2597909986
1374	0.2597394123
1375	0.2596892431
1376	0.2596515707
1377	0.2595959164
1378	0.259567626
1379	0.2595161216
1380	0.2594593316
1381	0.2594092144
1382	0.2593582339
1383	0.259315129
1384	0.2592719639
1385	0.2592287193
1386	0.2591745417
1387	0.2591141785
1388	0.259063078
1389	0.2590065506
1390	0.2589656012
1391	0.2589270341
1392	0.2588721038
1393	0.2588240616
1394	0.2587839705
1395	0.2587511956
1396	0.2587124326
1397	0.258672539
1398	0.2586268747
1399	0.2585914426
1400	0.2585372788
1401	0.2584807906
1402	0.2584355774
1403	0.2583855947
1404	0.2583408256
1405	0.2583020602
1406	0.2582466983
1407	0.2582116906
1408	0.2581761676
1409	0.258147402
1410	0.258096345
1411	0.2580525325
1412	0.2579995059
1413	0.2579631233
1414	0.2579064004
1415	0.2578546876
1416	0.257806619
1417	0.2577610438
1418	0.257720521
1419	0.2576686826
1420	0.2576142601
1421	0.2575602706
1422	0.2575058861
1423	0.2574653593
1424	0.2574281439
1425	0.2573871619
1426	0.2573339121
1427	0.257297647
1428	0.2572416959
1429	0.2571905708
1430	0.2571541482
1431	0.2571044447
1432	0.257053518
1433	0.257000856
1434	0.2569447953
1435	0.2569051706
1436	0.2568639254
1437	0.2568125039
1438	0.2567551086
1439	0.2567054399
1440	0.2566512702
1441	0.2566093758
1442	0.2565748953
1443	0.2565264538
1444	0.2564793457
1445	0.2564494802
1446	0.2564021723
1447	0.2563539813
1448	0.2563080247
1449	0.2562795665
1450	0.2562338297
1451	0.256184937
1452	0.2561380672
1453	0.2560883996
1454	0.2560428902
1455	0.255998882
1456	0.2559606383
1457	0.2559135676
1458	0.2558788775
1459	0.2558284333
1460	0.2557836017
1461	0.255734674
1462	0.255677409
1463	0.2556194933
1464	0.2555782401
1465	0.2555222304
1466	0.2554744654
1467	0.2554309083
1468	0.2553872525
1469	0.255335879
1470	0.2552856644
1471	0.2552476739
1472	0.2552027023
1473	0.2551747272
1474	0.255121454
1475	0.2550833728
1476	0.2550471136
1477	0.2549946324
1478	0.254950933
1479	0.254903266
1480	0.2548619526
1481	0.2548113039
1482	0.2547695815
1483	0.2547225125
1484	0.2546839411
1485	0.2546352769
1486	0.2545894869
1487	0.2545513133
1488	0.2545166539
1489	0.2544738435
1490	0.2544369026
1491	0.2543895886
1492	0.254343027
1493	0.2542881067
1494	0.2542358349
1495	0.2542081447
1496	0.2541673444
1497	0.2541242035
1498	0.2540827368
1499	0.2540425371
1500	0.2539980199
1501	0.25395318
1502	0.2539011956
1503	0.253872213
1504	0.2538304137
1505	0.2537872931
1506	0.2537463446
1507	0.2536949718
1508	0.2536586403
1509	0.2536171004
1510	0.2535705939
1511	0.2535302808
1512	0.2534871128
1513	0.2534367248
1514	0.253402677
1515	0.2533683132
1516	0.2533148604
1517	0.2532682632
1518	0.2532261374
1519	0.2531837356
1520	0.253132684
1521	0.2531034885
1522	0.2530619928
1523	0.253020813
1524	0.2529731557
1525	0.2529303392
1526	0.252880002
1527	0.2528491931
1528	0.2528085452
1529	0.2527622562
1530	0.2527160987
1531	0.2526705501
1532	0.2526247999
1533	0.2525795214
1534	0.2525451745
1535	0.2525046547
1536	0.2524594355
1537	0.2524101989
1538	0.2523657322
1539	0.2523174964
1540	0.2522811602
1541	0.2522492385
1542	0.2522069444
1543	0.2521695375
1544	0.2521246028
1545	0.2520790431
1546	0.2520396311
1547	0.2520043896
1548	0.2519695877
1549	0.2519369263
1550	0.2519067563
1551	0.2518777308
1552	0.2518382409
1553	0.2517995251
1554	0.2517677846
1555	0.2517278134
1556	0.2516822646
1557	0.251637599
1558	0.2516031803
1559	0.2515691915
1560	0.2515322967
1561	0.2514859533
1562	0.2514577834
1563	0.2514131656
1564	0.2513757224
1565	0.251353375
1566	0.2513133193
1567	0.251271252
1568	0.2512232633
1569	0.251181826
1570	0.2511390228
1571	0.251093216
1572	0.2510552661
1573	0.2510139805
1574	0.2509762963
1575	0.2509394147
1576	0.2508914071
1577	0.2508545878
1578	0.2508167316
1579	0.2507857163
1580	0.2507594246
1581	0.2507377497
1582	0.2506989937
1583	0.2506642748
1584	0.2506263748
1585	0.2505930263
1586	0.2505534751
1587	0.2505070613
1588	0.2504637012
1589	0.2504297351
1590	0.2503865343
1591	0.2503522395
1592	0.2503244406
1593	0.2502779024
1594	0.2502412319
1595	0.2502076816
1596	0.2501749899
1597	0.2501377278
1598	0.250099055
1599	0.2500594264
1600	0.2500335813
1601	0.2499958187
1602	0.2499708308
1603	0.2499409619
1604	0.2499003201
1605	0.2498532196
1606	0.2498091015
1607	0.2497676946
1608	0.2497303113
1609	0.2497060469
1610	0.2496745657
1611	0.2496440944
1612	0.2496114945
1613	0.2495778804
1614	0.2495349113
1615	0.2494915985
1616	0.2494608212
1617	0.2494270498
1618	0.2493899639
1619	0.24936516
1620	0.2493295181
1621	0.2492896224
1622	0.2492500877
1623	0.2492086221
1624	0.2491713768
1625	0.2491486239
1626	0.2491176572
1627	0.2490775347
1628	0.2490481472
1629	0.2490023033
1630	0.2489651907
1631	0.2489427216
1632	0.248902155
1633	0.2488729161
1634	0.2488378272
1635	0.2488008591
1636	0.2487778993
1637	0.2487376625
1638	0.2487038443
1639	0.248673481
1640	0.2486295251
1641	0.2485892411
1642	0.2485505884
1643	0.2485105894
1644	0.2484851358
1645	0.2484488761
1646	0.2484218412
1647	0.2483914573
1648	0.2483517933
1649	0.2483224361
1650	0.2482912956
1651	0.2482682633
1652	0.2482424474
1653	0.2482007933
1654	0.2481664205
1655	0.2481285842
1656	0.2481014672
1657	0.2480663425
1658	0.2480265881
1659	0.2479854071
1660	0.2479495232
1661	0.2479063524
1662	0.2478814273
1663	0.2478471592
1664	0.2478224545
1665	0.2477815957
1666	0.2477488146
1667	0.2477184889
1668	0.2476826013
1669	0.2476568794
1670	0.2476175996
1671	0.2475777185
1672	0.247551075
1673	0.2475115325
1674	0.2474724464
1675	0.2474385648
1676	0.2474022434
1677	0.2473734232
1678	0.2473278617
1679	0.2473074476
1680	0.2472765068
1681	0.2472486908
1682	0.24720855
1683	0.24716986
1684	0.2471370119
1685	0.2471030191
1686	0.2470737986
1687	0.2470465617
1688	0.2470271238
1689	0.2469981334
1690	0.2469675043
1691	0.2469305239
1692	0.2468905641
1693	0.2468744505
1694	0.2468379336
1695	0.2468052205
1696	0.2467650993
1697	0.2467374085
1698	0.2467081574
1699	0.2466792106
1700	0.2466421508
1701	0.2466220201
1702	0.2465982659
1703	0.2465571306
1704	0.2465352225
1705	0.2464963603
1706	0.2464643389
1707	0.2464331256
1708	0.2464091616
1709	0.2463836232
1710	0.2463450567
1711	0.2463137054
1712	0.2462788315
1713	0.246257298
1714	0.2462306645
1715	0.2462044562
1716	0.2461804956
1717	0.2461498959
1718	0.2461284083
1719	0.2461183949
1720	0.2460832784
1721	0.2460502649
1722	0.2460190561
1723	0.2459924461
1724	0.2459673627
1725	0.2459421843
1726	0.2459223908
1727	0.2458899135
1728	0.2458662671
1729	0.2458294346
1730	0.2457934379
1731	0.2457592374
1732	0.2457412234
1733	0.2457127822
1734	0.2456876342
1735	0.2456515847
1736	0.2456226866
1737	0.2455874787
1738	0.2455537074
1739	0.245524037
1740	0.2454924962
1741	0.2454573522
1742	0.2454357248
1743	0.2454140257
1744	0.2453876273
1745	0.245347979
1746	0.2453106648
1747	0.2452932946
1748	0.2452682981
1749	0.245245363
1750	0.2452167888
1751	0.2451812989
1752	0.24515549
1753	0.2451270197
1754	0.2450924701
1755	0.2450639752
1756	0.2450359086
1757	0.2449988202
1758	0.2449718289
1759	0.2449427131
1760	0.2449070368
1761	0.2448753081
1762	0.2448391055
1763	0.2447989754
1764	0.2447707485
1765	0.2447326143
1766	0.2447136723
1767	0.2446936537
1768	0.2446641635
1769	0.2446368448
1770	0.2446111021
1771	0.244587143
1772	0.2445579249
1773	0.2445341921
1774	0.2444965756
1775	0.2444691557
1776	0.2444311705
1777	0.244399939
1778	0.2443671816
1779	0.2443365215
1780	0.2443159334
1781	0.2442920945
1782	0.2442711403
1783	0.2442372218
1784	0.244209702
1785	0.2441826472
1786	0.244150261
1787	0.2441241796
1788	0.2440961075
1789	0.2440623675
1790	0.2440297742
1791	0.2440077459
1792	0.2439821077
1793	0.2439491981
1794	0.2439173711
1795	0.2438832214
1796	0.2438553635
1797	0.2438375112
1798	0.2438039591
1799	0.2437761261
1800	0.2437550466
1801	0.2437191374
1802	0.2437044647
1803	0.2436710939
1804	0.2436377422
1805	0.2436029294
1806	0.2435782341
1807	0.2435524628
1808	0.2435254999
1809	0.2434957087
1810	0.2434637108
1811	0.2434358545
1812	0.2434047575
1813	0.2433782232
1814	0.2433556044
1815	0.2433268043
1816	0.243301337
1817	0.2432838658
1818	0.2432475833
1819	0.2432179358
1820	0.2431953041
1821	0.2431716109
1822	0.2431549601
1823	0.2431231074
1824	0.2430874225
1825	0.2430649598
1826	0.2430381421
1827	0.2430185634
1828	0.2429845619
1829	0.2429486389
1830	0.2429282757
1831	0.2429062111
1832	0.2428853456
1833	0.2428557199
1834	0.2428248716
1835	0.2428027105
1836	0.2427751818
1837	0.2427447251
1838	0.2427233143
1839	0.2426905436
1840	0.2426589925
1841	0.242623064
1842	0.2426015573
1843	0.2425770552
1844	0.2425510646
1845	0.2425190865
1846	0.242492067
1847	0.2424631876
1848	0.242443332
1849	0.2424084562
1850	0.2423800862
1851	0.2423567454
1852	0.2423396667
1853	0.2423046847
1854	0.2422788699
1855	0.242244362
1856	0.2422141886
1857	0.2421900421
1858	0.2421622015
1859	0.2421343146
1860	0.2421065977
1861	0.2420781828
1862	0.2420509341
1863	0.2420215316
1864	0.2419927189
1865	0.2419749014
1866	0.2419470306
1867	0.2419240478
1868	0.241899535
1869	0.2418684545
1870	0.2418526094
1871	0.2418290079
1872	0.2417963822
1873	0.2417637891
1874	0.2417421673
1875	0.2417244018
1876	0.2417028741
1877	0.2416686453
1878	0.2416495664
1879	0.2416251783
1880	0.2415979154
1881	0.2415650525
1882	0.2415467207
1883	0.2415292505
1884	0.2414986729
1885	0.2414766113
1886	0.2414464501
1887	0.2414124265
1888	0.2413828267
1889	0.2413576303
1890	0.241330257
1891	0.2413031449
1892	0.2412746865
1893	0.2412502467
1894	0.2412240289
1895	0.2411943513
1896	0.2411671014
1897	0.2411415639
1898	0.2411125272
1899	0.2410842944
1900	0.2410581984
1901	0.241027698
1902	0.2409991208
1903	0.2409806221
1904	0.2409537666
1905	0.2409185216
1906	0.2408958662
1907	0.2408772506
1908	0.240849875
1909	0.2408211016
1910	0.2407954397
1911	0.2407749806
1912	0.2407432449
1913	0.2407183904
1914	0.2406933472
1915	0.2406605973
1916	0.2406353724
1917	0.2406074246
1918	0.240583894
1919	0.2405618624
1920	0.2405445511
1921	0.2405247778
1922	0.2404976997
1923	0.2404757225
1924	0.2404576284
1925	0.2404396822
1926	0.2404213535
1927	0.2403880433
1928	0.2403679281
1929	0.2403544043
1930	0.2403275087
1931	0.240297506
1932	0.2402714654
1933	0.2402550056
1934	0.2402282416
1935	0.240198074
1936	0.2401755446
1937	0.2401470298
1938	0.2401329723
1939	0.2401044701
1940	0.240084762
1941	0.2400579588
1942	0.2400258142
1943	0.2399967418
1944	0.2399689886
1945	0.2399422455
1946	0.2399192443
1947	0.2399017714
1948	0.2398764095
1949	0.2398449137
1950	0.2398253543
1951	0.239798276
1952	0.2397689855
1953	0.2397410814
1954	0.2397206625
1955	0.2396998977
1956	0.2396736747
1957	0.2396453293
1958	0.2396171396
1959	0.2395938002
1960	0.239570155
1961	0.2395428555
1962	0.239511877
1963	0.239495894
1964	0.2394684846
1965	0.2394529701
1966	0.239425113
1967	0.2393946347
1968	0.2393646336
1969	0.2393439625
1970	0.2393220666
1971	0.2392963379
1972	0.2392764438
1973	0.239259675
1974	0.239242064
1975	0.2392169431
1976	0.2391923728
1977	0.2391800938
1978	0.2391660033
1979	0.2391411696
1980	0.239118868
1981	0.2390918598
1982	0.2390665625
1983	0.2390461781
1984	0.2390199929
1985	0.2390052486
1986	0.238981967
1987	0.2389663994
1988	0.2389383233
1989	0.2389108941
1990	0.2388842454
1991	0.2388624851
1992	0.2388437792
1993	0.2388135965
1994	0.2387934988
1995	0.2387634134
1996	0.2387460233
1997	0.2387210121
1998	0.2386935876
1999	0.2386699242
2000	0.238640861
2001	0.2386229982
2002	0.2386012311
2003	0.2385822629
2004	0.2385575212
2005	0.2385376751
2006	0.2385119805
2007	0.2384971563
2008	0.2384783159
2009	0.2384621611
2010	0.2384412833
2011	0.2384158546
2012	0.2383922733
2013	0.2383671234
2014	0.2383512839
2015	0.2383316165
2016	0.2383138132
2017	0.2382856094
2018	0.2382655797
2019	0.2382401118
2020	0.2382219991
2021	0.2381964613
2022	0.2381754128
2023	0.2381562909
2024	0.2381277251
2025	0.238104053
2026	0.2380798953
2027	0.2380561355
2028	0.2380347693
2029	0.2380135069
2030	0.2379860801
2031	0.2379637577
2032	0.2379357823
2033	0.2379106724
2034	0.2378873023
2035	0.2378707254
2036	0.2378507006
2037	0.2378304999
2038	0.2378059554
2039	0.2377857923
2040	0.237770018
2041	0.2377515261
2042	0.2377357016
2043	0.2377136906
2044	0.2376950116
2045	0.2376742101
2046	0.2376535813
2047	0.2376328241
2048	0.23760635
2049	0.237586816
2050	0.2375638437
2051	0.2375389137
2052	0.2375124738
2053	0.23749261
2054	0.2374692694
2055	0.2374570691
2056	0.2374357877
2057	0.2374192615
2058	0.2373949529
2059	0.2373719764
2060	0.237350806
2061	0.237338118
2062	0.2373221731
2063	0.2373047494
2064	0.2372897963
2065	0.2372712894
2066	0.2372490308
2067	0.2372218647
2068	0.2371990247
2069	0.2371794853
2070	0.237155583
2071	0.2371286499
2072	0.2371077275
2073	0.2370915875
2074	0.2370701873
2075	0.2370557841
2076	0.2370457198
2077	0.237022157
2078	0.2370112787
2079	0.2369935286
2080	0.2369782058
2081	0.2369626624
2082	0.2369438138
2083	0.236926412
2084	0.2369061642
2085	0.2368831412
2086	0.2368550596
2087	0.2368394149
2088	0.2368181504
2089	0.2367942255
2090	0.2367787933
2091	0.2367523116
2092	0.236724945
2093	0.2367076893
2094	0.2366923355
2095	0.2366687276
2096	0.2366496926
2097	0.2366250094
2098	0.2366075644
2099	0.236589728
2100	0.2365739108
2101	0.2365599272
2102	0.2365436036
2103	0.2365235571
2104	0.236506565
2105	0.2364870692
2106	0.2364721368
2107	0.2364598754
2108	0.2364317358
2109	0.236414039
2110	0.2363973466
2111	0.2363737385
2112	0.2363509022
2113	0.2363414935
2114	0.2363306387
2115	0.2363086267
2116	0.2362945726
2117	0.2362756059
2118	0.2362489466
2119	0.236233053
2120	0.2362171229
2121	0.2361941462
2122	0.2361731971
2123	0.2361596053
2124	0.2361385578
2125	0.2361151043
2126	0.2360934807
2127	0.2360721596
2128	0.2360538539
2129	0.2360373032
2130	0.2360259682
2131	0.2360082229
2132	0.2359874751
2133	0.2359676643
2134	0.2359447788
2135	0.2359259015
2136	0.2359013485
2137	0.2358862681
2138	0.2358689798
2139	0.2358424006
2140	0.2358152422
2141	0.2357968579
2142	0.2357752128
2143	0.2357559262
2144	0.2357386647
2145	0.2357173637
2146	0.2357034609
2147	0.2356806915
2148	0.2356631854
2149	0.2356517879
2150	0.2356321284
2151	0.2356133638
2152	0.2355919754
2153	0.2355676166
2154	0.235547845
2155	0.2355319289
2156	0.2355191622
2157	0.2354978616
2158	0.235475378
2159	0.2354540214
2160	0.2354378832
2161	0.2354118212
2162	0.2353943837
2163	0.2353725772
2164	0.23535329
2165	0.2353305565
2166	0.2353093017
2167	0.2352920934
2168	0.2352669515
2169	0.2352501586
2170	0.2352339808
2171	0.2352151415
2172	0.2351975179
2173	0.2351769112
2174	0.2351660578
2175	0.2351472032
2176	0.2351309323
2177	0.2351173085
2178	0.2350985744
2179	0.2350871605
2180	0.235067892
2181	0.2350460884
2182	0.2350280462
2183	0.2350058134
2184	0.2349976939
2185	0.2349784648
2186	0.234956459
2187	0.2349409457
2188	0.234922024
2189	0.2349059939
2190	0.2348839875
2191	0.2348586401
2192	0.234839637
2193	0.2348204484
2194	0.2348061125
2195	0.2347824647
2196	0.2347675052
2197	0.234754437
2198	0.2347369369
2199	0.2347217671
2200	0.2347089029
2201	0.2346933381
2202	0.2346752484
2203	0.2346579931
2204	0.2346414008
2205	0.2346297922
2206	0.2346112419
2207	0.2345885992
2208	0.2345714549
2209	0.2345561379
2210	0.2345404134
2211	0.2345170573
2212	0.2345001179
2213	0.2344744515
2214	0.2344536929
2215	0.2344385209
2216	0.2344238965
2217	0.2344071202
2218	0.2343896808
2219	0.2343774384
2220	0.2343522238
2221	0.2343364968
2222	0.2343190495
2223	0.2343041222
2224	0.2342840646
2225	0.2342675819
2226	0.2342514228
2227	0.2342403816
2228	0.2342220507
2229	0.2342060662
2230	0.2341932352
2231	0.2341799606
2232	0.2341589803
2233	0.2341470027
2234	0.234128097
2235	0.2341124817
2236	0.23409788
2237	0.2340826187
2238	0.2340600242
2239	0.2340377745
2240	0.2340145011
2241	0.233996004
2242	0.2339781226
2243	0.2339567153
2244	0.2339416608
2245	0.2339188532
2246	0.2338975543
2247	0.2338770108
2248	0.2338614688
2249	0.2338466404
2250	0.2338336597
2251	0.2338248467
2252	0.2338050436
2253	0.2337924623
2254	0.2337801685
2255	0.2337562591
2256	0.2337351642
2257	0.233720402
2258	0.2337038277
2259	0.2336792105
2260	0.2336634511
2261	0.2336506554
2262	0.2336350714
2263	0.2336194153
2264	0.2336012215
2265	0.2335838361
2266	0.2335682117
2267	0.2335538558
2268	0.2335403205
2269	0.2335197199
2270	0.2335005824
2271	0.233479563
2272	0.2334663465
2273	0.2334520298
2274	0.233437549
2275	0.233418643
2276	0.2333976595
2277	0.2333826009
2278	0.2333682755
2279	0.2333486365
2280	0.2333261104
2281	0.2333136487
2282	0.2332981848
2283	0.2332778113
2284	0.2332680207
2285	0.2332508102
2286	0.2332351397
2287	0.233216457
2288	0.2331964502
2289	0.2331816783
2290	0.2331638063
2291	0.2331453099
2292	0.2331269014
2293	0.2331086565
2294	0.2330927611
2295	0.2330766812
2296	0.2330662525
2297	0.2330528792
2298	0.2330319403
2299	0.2330205756
2300	0.2330102839
2301	0.2329992688
2302	0.2329796173
2303	0.232970323
2304	0.232957522
2305	0.2329437946
2306	0.2329336187
2307	0.2329151379
2308	0.2328963293
2309	0.2328775812
2310	0.2328611511
2311	0.2328375691
2312	0.2328152734
2313	0.232795301
2314	0.232781556
2315	0.2327647504
2316	0.2327500944
2317	0.2327351647
2318	0.2327202517
2319	0.2327029974
2320	0.2326838492
2321	0.2326669818
2322	0.2326474699
2323	0.2326250743
2324	0.2326066937
2325	0.2325831893
2326	0.2325681093
2327	0.2325491171
2328	0.2325297494
2329	0.2325232481
2330	0.2325093309
2331	0.2324945125
2332	0.232476073
2333	0.2324605171
2334	0.2324463939
2335	0.2324322228
2336	0.2324160867
2337	0.2323953175
2338	0.2323768452
2339	0.2323647564
2340	0.2323476972
2341	0.2323245583
2342	0.2323125988
2343	0.2322999088
2344	0.2322788918
2345	0.2322660493
2346	0.2322465936
2347	0.2322378045
2348	0.232221397
2349	0.2322042112
2350	0.2321895985
2351	0.2321696397
2352	0.2321544572
2353	0.2321384148
2354	0.2321244885
2355	0.2321048769
2356	0.2320822016
2357	0.232066509
2358	0.2320445809
2359	0.2320323838
2360	0.2320185064
2361	0.2320031606
2362	0.2319882863
2363	0.2319788871
2364	0.2319595114
2365	0.2319466733
2366	0.2319274707
2367	0.2319077912
2368	0.2318947684
2369	0.2318777992
2370	0.2318611948
2371	0.2318468485
2372	0.2318341046
2373	0.2318145954
2374	0.23179569
2375	0.2317853893
2376	0.231772783
2377	0.2317526775
2378	0.2317372447
2379	0.2317261343
2380	0.2317059902
2381	0.2316931878
2382	0.2316814647
2383	0.2316635408
2384	0.2316440642
2385	0.2316268613
2386	0.2316145353
2387	0.2315966649
2388	0.2315847425
2389	0.2315679539
2390	0.2315545878
2391	0.2315404909
2392	0.2315272377
2393	0.2315113612
2394	0.231496694
2395	0.2314839939
2396	0.2314679231
2397	0.2314521015
2398	0.2314369286
2399	0.2314189262
2400	0.2314013649
2401	0.2313876591
2402	0.2313745617
2403	0.2313564032
2404	0.23134083
2405	0.231329588
2406	0.2313176911
2407	0.2313015313
2408	0.2312929296
2409	0.2312720273
2410	0.2312581677
2411	0.2312415867
2412	0.2312275414
2413	0.2312117771
2414	0.2311968953
2415	0.2311857341
2416	0.2311727291
2417	0.2311576789
2418	0.2311446747
2419	0.2311223435
2420	0.2311019411
2421	0.231085871
2422	0.2310758231
2423	0.2310626424
2424	0.231046249
2425	0.2310296525
2426	0.2310140767
2427	0.2309984703
2428	0.2309806842
2429	0.2309714634
2430	0.2309545785
2431	0.2309389641
2432	0.2309189826
2433	0.2309095368
2434	0.2308918971
2435	0.2308726071
2436	0.2308563496
2437	0.2308430092
2438	0.2308231793
2439	0.2308147077
2440	0.230799276
2441	0.2307833899
2442	0.2307704876
2443	0.2307599871
2444	0.2307408166
2445	0.2307240241
2446	0.2307084645
2447	0.2306919934
2448	0.2306885759
2449	0.2306774424
2450	0.2306640133
2451	0.2306486922
2452	0.2306317727
2453	0.2306185117
2454	0.2306019358
2455	0.2305857662
2456	0.2305714332
2457	0.230554046
2458	0.2305409136
2459	0.2305311547
2460	0.230516094
2461	0.2304994469
2462	0.2304814769
2463	0.2304685798
2464	0.2304498574
2465	0.2304308689
2466	0.2304194466
2467	0.2304062933
2468	0.2303882005
2469	0.2303732222
2470	0.2303561884
2471	0.2303368333
2472	0.2303227489
2473	0.2303075106
2474	0.2302961501
2475	0.2302861901
2476	0.2302749349
2477	0.2302624006
2478	0.2302478963
2479	0.2302272511
2480	0.2302093478
2481	0.2301967213
2482	0.2301802653
2483	0.2301700976
2484	0.2301526111
2485	0.2301397321
2486	0.2301291001
2487	0.2301177817
2488	0.2301035125
2489	0.2300843802
2490	0.2300727006
2491	0.2300614173
2492	0.2300496221
2493	0.2300411099
2494	0.2300252051
2495	0.2300134068
2496	0.2299993622
2497	0.229980684
2498	0.229963843
2499	0.229954433
2500	0.2299386137
2501	0.2299263576
2502	0.2299120452
2503	0.2299002277
2504	0.2298923163
2505	0.2298763898
2506	0.2298604353
2507	0.2298437131
2508	0.2298241199
2509	0.2298139595
2510	0.2297999647
2511	0.2297874954
2512	0.2297742835
2513	0.2297630068
2514	0.2297494773
2515	0.2297379388
2516	0.2297214006
2517	0.2297015688
2518	0.2296871605
2519	0.2296694392
2520	0.2296557083
2521	0.2296379514
2522	0.2296217282
2523	0.2296091822
2524	0.2295963823
2525	0.2295827086
2526	0.2295726345
2527	0.229560971
2528	0.2295479757
2529	0.2295354546
2530	0.229519626
2531	0.2294992044
2532	0.2294860412
2533	0.2294656904
2534	0.229451268
2535	0.2294312108
2536	0.2294197205
2537	0.2294061476
2538	0.2293864055
2539	0.2293708804
2540	0.2293578773
2541	0.2293375745
2542	0.2293205438
2543	0.2293109357
2544	0.2292991291
2545	0.2292809234
2546	0.229268571
2547	0.2292565951
2548	0.2292416094
2549	0.2292271541
2550	0.2292143072
2551	0.2291974821
2552	0.2291889453
2553	0.2291763262
2554	0.2291642894
2555	0.2291476433
2556	0.2291358064
2557	0.2291232486
2558	0.2291078623
2559	0.2290991889
2560	0.2290885406
2561	0.2290772538
2562	0.229063416
2563	0.2290515693
2564	0.2290345414
2565	0.2290167042
2566	0.2290069968
2567	0.2289958736
2568	0.2289842374
2569	0.2289729077
2570	0.2289579649
2571	0.2289458113
2572	0.2289355394
2573	0.2289215357
2574	0.2289097542
2575	0.2289007315
2576	0.2288898848
2577	0.2288795612
2578	0.2288660527
2579	0.2288527083
2580	0.2288381747
2581	0.2288292003
2582	0.2288141991
2583	0.2288030674
2584	0.2287900563
2585	0.2287789799
2586	0.2287672907
2587	0.228749237
2588	0.2287367772
2589	0.2287263
2590	0.2287138737
2591	0.2287034584
2592	0.2286955583
2593	0.2286809935
2594	0.2286649446
2595	0.2286505169
2596	0.2286437539
2597	0.228635646
2598	0.2286237318
2599	0.2286092889
2600	0.2286011495
2601	0.2285825542
2602	0.2285706419
2603	0.2285555069
2604	0.2285391354
2605	0.2285237903
2606	0.2285133645
2607	0.2284992629
2608	0.2284876607
2609	0.2284744797
2610	0.2284617307
2611	0.2284496432
2612	0.2284391347
2613	0.2284271301
2614	0.2284145159
2615	0.2284029186
2616	0.2283918369
2617	0.228380118
2618	0.2283661204
2619	0.2283582133
2620	0.2283456301
2621	0.228335452
2622	0.2283214744
2623	0.2283114064
2624	0.2282988308
2625	0.2282811636
2626	0.2282695146
2627	0.2282575623
2628	0.2282438523
2629	0.2282290845
2630	0.2282169559
2631	0.2282020585
2632	0.2281848815
2633	0.2281755901
2634	0.2281657862
2635	0.2281496356
2636	0.2281368066
2637	0.2281259719
2638	0.2281138118
2639	0.2281001699
2640	0.2280876586
2641	0.2280771176
2642	0.228061369
2643	0.2280535479
2644	0.2280422032
2645	0.2280283575
2646	0.2280112628
2647	0.2279998964
2648	0.2279868155
2649	0.2279719914
2650	0.227960909
2651	0.2279512478
2652	0.2279414362
2653	0.2279285116
2654	0.2279152383
2655	0.2279033126
2656	0.2278865411
2657	0.2278717828
2658	0.227862418
2659	0.2278481601
2660	0.2278360158
2661	0.2278244181
2662	0.227814077
2663	0.2278017418
2664	0.2277840012
2665	0.2277742533
2666	0.2277644619
2667	0.2277541572
2668	0.2277448139
2669	0.2277380831
2670	0.2277287642
2671	0.2277206069
2672	0.2277121902
2673	0.2277020929
2674	0.2276935789
2675	0.2276793695
2676	0.227667837
2677	0.2276528725
2678	0.2276347409
2679	0.2276192964
2680	0.2276085647
2681	0.2275971851
2682	0.227583995
2683	0.2275729408
2684	0.2275587292
2685	0.2275486582
2686	0.22753706
2687	0.2275262778
2688	0.2275185319
2689	0.2275047212
2690	0.2274892838
2691	0.2274765594
2692	0.2274665773
2693	0.2274596135
2694	0.2274478596
2695	0.227436452
2696	0.2274278419
2697	0.2274148838
2698	0.227401283
2699	0.2273911108
2700	0.2273803428
2701	0.2273700499
2702	0.2273589809
2703	0.2273457664
2704	0.227334112
2705	0.227317921
2706	0.2273045178
2707	0.227291154
2708	0.2272802512
2709	0.2272661578
2710	0.2272581844
2711	0.2272460344
2712	0.2272341444
2713	0.2272249323
2714	0.2272149729
2715	0.2272046531
2716	0.2271925499
2717	0.2271803273
2718	0.2271664539
2719	0.2271541676
2720	0.2271438241
2721	0.2271308937
2722	0.227117762
2723	0.2271062353
2724	0.227093807
2725	0.2270837396
2726	0.2270708562
2727	0.2270558039
2728	0.2270479424
2729	0.2270373868
2730	0.2270236035
2731	0.2270096683
2732	0.2269919277
2733	0.226979008
2734	0.226968736
2735	0.2269562072
2736	0.2269404712
2737	0.2269290807
2738	0.2269139247
2739	0.2269050223
2740	0.226894804
2741	0.2268780145
2742	0.2268668829
2743	0.2268534329
2744	0.2268433819
2745	0.2268290229
2746	0.2268172573
2747	0.2268095014
2748	0.2267950987
2749	0.2267839454
2750	0.2267784386
2751	0.2267651721
2752	0.2267556449
2753	0.2267472895
2754	0.2267351779
2755	0.2267222877
2756	0.2267123688
2757	0.2267012075
2758	0.2266885186
2759	0.2266809653
2760	0.226670031
2761	0.2266609972
2762	0.2266510629
2763	0.2266343942
2764	0.2266245536
2765	0.2266120939
2766	0.2266006199
2767	0.2265864686
2768	0.2265758992
2769	0.2265613977
2770	0.2265497602
2771	0.2265356122
2772	0.2265253232
2773	0.2265148405
2774	0.2265061204
2775	0.2264944317
2776	0.2264864379
2777	0.2264772331
2778	0.2264680475
2779	0.2264557541
2780	0.2264460194
2781	0.2264311489
2782	0.2264183224
2783	0.2264057737
2784	0.2263987987
2785	0.226388214
2786	0.2263788031
2787	0.2263677031
2788	0.2263550987
2789	0.2263406438
2790	0.2263314576
2791	0.2263204355
2792	0.2263096737
2793	0.2262992674
2794	0.2262865011
2795	0.2262731919
2796	0.2262638661
2797	0.2262536108
2798	0.2262383094
2799	0.2262254594
2800	0.2262160685
2801	0.2262092885
2802	0.2261994108
2803	0.2261897578
2804	0.2261773393
2805	0.2261676882
2806	0.2261562351
2807	0.2261451791
2808	0.2261360287
2809	0.2261216655
2810	0.2261083036
2811	0.226095047
2812	0.2260862234
2813	0.2260749458
2814	0.2260629221
2815	0.226047108
2816	0.2260330315
2817	0.2260185401
2818	0.2260109787
2819	0.2259995842
2820	0.2259877866
2821	0.2259782355
2822	0.2259688552
2823	0.22596146
2824	0.2259494455
2825	0.2259386364
2826	0.225926119
2827	0.2259173467
2828	0.2259097342
2829	0.2258985098
2830	0.2258882445
2831	0.2258722195
2832	0.2258599832
2833	0.2258481758
2834	0.2258383231
2835	0.2258240466
2836	0.2258174623
2837	0.2258057099
2838	0.2257976263
2839	0.2257865762
2840	0.2257783908
2841	0.2257645004
2842	0.2257568637
2843	0.225745535
2844	0.2257343997
2845	0.2257215451
2846	0.2257123759
2847	0.2257031964
2848	0.225688188
2849	0.2256771726
2850	0.2256674068
2851	0.2256548135
2852	0.225644441
2853	0.2256342272
2854	0.2256211302
2855	0.225608752
2856	0.2256000738
2857	0.2255869963
2858	0.2255793153
2859	0.2255724043
2860	0.2255577064
2861	0.2255503368
2862	0.2255430369
2863	0.225533116
2864	0.2255235851
2865	0.2255108691
2866	0.2255038792
2867	0.225491453
2868	0.2254832587
2869	0.2254733191
2870	0.2254586144
2871	0.2254478845
2872	0.2254368223
2873	0.225421358
2874	0.2254087199
2875	0.2253975828
2876	0.2253848831
2877	0.2253757338
2878	0.2253639463
2879	0.2253513904
2880	0.2253426398
2881	0.2253352113
2882	0.225324476
2883	0.2253155827
2884	0.2253061042
2885	0.2252973482
2886	0.22528417
2887	0.2252724736
2888	0.2252647963
2889	0.2252515881
2890	0.2252439113
2891	0.2252329445
2892	0.2252203891
2893	0.2252072786
2894	0.225196258
2895	0.225186402
2896	0.2251760138
2897	0.2251674121
2898	0.2251585864
2899	0.2251427698
2900	0.2251306682
2901	0.2251182654
2902	0.2251098036
2903	0.22510012
2904	0.2250867668
2905	0.2250754685
2906	0.2250672385
2907	0.2250579149
2908	0.2250440639
2909	0.2250362407
2910	0.2250268882
2911	0.2250184203
2912	0.2250087963
2913	0.2249981609
2914	0.2249852513
2915	0.2249696765
2916	0.2249623542
2917	0.2249532097
2918	0.2249471653
2919	0.2249386303
2920	0.2249307564
2921	0.2249237694
2922	0.2249106621
2923	0.2249001248
2924	0.2248886636
2925	0.2248789356
2926	0.224870745
2927	0.2248618699
2928	0.2248505851
2929	0.2248428516
2930	0.2248329676
2931	0.2248220251
2932	0.2248121977
2933	0.22479804
2934	0.2247856812
2935	0.2247732778
2936	0.2247622847
2937	0.2247505711
2938	0.2247376681
2939	0.2247280593
2940	0.224719997
2941	0.2247053276
2942	0.2246992931
2943	0.2246845668
2944	0.2246784316
2945	0.2246725278
2946	0.2246641899
2947	0.2246551812
2948	0.2246414122
2949	0.2246311405
2950	0.2246241876
2951	0.2246119689
2952	0.224605097
2953	0.2245924364
2954	0.2245810608
2955	0.2245715561
2956	0.2245586622
2957	0.2245509087
2958	0.2245442516
2959	0.2245301226
2960	0.2245184836
2961	0.2245101934
2962	0.2244968297
2963	0.2244906592
2964	0.224481264
2965	0.2244687808
2966	0.2244594424
2967	0.2244478604
2968	0.2244399388
2969	0.224431287
2970	0.2244180837
2971	0.2244042165
2972	0.2243968225
2973	0.2243869009
2974	0.2243765833
2975	0.2243647858
2976	0.2243578408
2977	0.2243471543
2978	0.2243412765
2979	0.2243277523
2980	0.2243167679
2981	0.2243057965
2982	0.2242944096
2983	0.224282648
2984	0.2242732852
2985	0.2242639628
2986	0.224254504
2987	0.2242454389
2988	0.224234874
2989	0.2242275482
2990	0.2242189767
2991	0.224209393
2992	0.2241962965
2993	0.224184237
2994	0.2241760898
2995	0.2241680125
2996	0.2241576251
2997	0.2241472366
2998	0.2241363356
2999	0.2241265014
3000	0.2241176175
3001	0.2241103023
3002	0.2240984756
3003	0.2240896183
3004	0.2240841018
3005	0.224074008
3006	0.2240688335
3007	0.2240573522
3008	0.2240499882
3009	0.2240387289
3010	0.2240300704
3011	0.2240193263
3012	0.2240080193
3013	0.2239982738
3014	0.2239896109
3015	0.2239782396
3016	0.2239703867
3017	0.2239601304
3018	0.2239515365
3019	0.2239428911
3020	0.2239294297
3021	0.223916924
3022	0.2239045816
3023	0.2238973099
3024	0.2238828394
3025	0.2238771936
3026	0.2238669114
3027	0.2238562332
3028	0.2238457755
3029	0.2238361131
3030	0.2238282082
3031	0.2238206828
3032	0.2238073719
3033	0.2237974825
3034	0.2237885435
3035	0.2237796414
3036	0.2237693521
3037	0.2237601235
3038	0.2237522733
3039	0.223745145
3040	0.2237372287
3041	0.223730416
3042	0.2237221184
3043	0.2237101027
3044	0.2237071829
3045	0.2237003288
3046	0.2236935924
3047	0.2236802735
3048	0.223672116
3049	0.2236616752
3050	0.2236497898
3051	0.2236418652
3052	0.2236316743
3053	0.2236228489
3054	0.2236146676
3055	0.2236077256
3056	0.2235953644
3057	0.2235877218
3058	0.2235813583
3059	0.2235715679
3060	0.2235597229
3061	0.2235515928
3062	0.2235429018
3063	0.2235311728
3064	0.223523926
3065	0.2235158844
3066	0.2235091289
3067	0.2235009099
3068	0.2234944329
3069	0.2234835134
3070	0.2234722152
3071	0.2234616923
3072	0.223449218
3073	0.2234346649
3074	0.2234281909
3075	0.2234144568
3076	0.2234031436
3077	0.2233915631
3078	0.2233800344
3079	0.2233666764
3080	0.2233612718
3081	0.223354542
3082	0.2233446193
3083	0.2233342618
3084	0.2233266279
3085	0.2233171185
3086	0.2233067956
3087	0.2232965983
3088	0.2232869121
3089	0.2232802195
3090	0.2232719888
3091	0.2232618426
3092	0.2232517844
3093	0.2232420077
3094	0.2232357938
3095	0.223226803
3096	0.223218305
3097	0.2232073474
3098	0.2231982611
3099	0.2231938455
3100	0.2231867033
3101	0.2231755887
3102	0.2231651481
3103	0.2231562319
3104	0.2231476113
3105	0.2231401368
3106	0.2231299923
3107	0.2231226315
3108	0.2231158669
3109	0.2231066208
3110	0.2230968483
3111	0.2230918764
3112	0.2230812287
3113	0.2230706897
3114	0.2230606575
3115	0.2230525961
3116	0.223046256
3117	0.2230357464
3118	0.2230298237
3119	0.2230196628
3120	0.2230098638
3121	0.2229986144
3122	0.2229899974
3123	0.2229821326
3124	0.2229731612
3125	0.2229634133
3126	0.2229531985
3127	0.2229445497
3128	0.2229339507
3129	0.2229218794
3130	0.222914973
3131	0.2229066964
3132	0.2228976134
3133	0.2228834598
3134	0.2228757584
3135	0.2228663023
3136	0.2228546271
3137	0.2228402315
3138	0.2228298422
3139	0.2228203639
3140	0.2228161896
3141	0.2228091262
3142	0.2228006348
3143	0.2227956073
3144	0.2227830969
3145	0.2227702805
3146	0.2227616721
3147	0.2227546451
3148	0.2227462192
3149	0.2227381693
3150	0.2227304986
3151	0.2227227599
3152	0.2227134789
3153	0.2227041351
3154	0.2226968215
3155	0.2226866356
3156	0.2226780691
3157	0.2226665762
3158	0.2226596659
3159	0.2226548109
3160	0.2226447194
3161	0.2226341065
3162	0.2226240144
3163	0.2226125053
3164	0.2225984344
3165	0.2225923891
3166	0.2225832509
3167	0.2225767861
3168	0.2225651573
3169	0.2225544503
3170	0.2225475519
3171	0.2225339943
3172	0.2225260139
3173	0.2225178347
3174	0.222509722
3175	0.2224997516
3176	0.2224874732
3177	0.2224749408
3178	0.2224672995
3179	0.2224591748
3180	0.2224510389
3181	0.2224404551
3182	0.2224276681
3183	0.2224152973
3184	0.2224074072
3185	0.2224014677
3186	0.2223934214
3187	0.2223864974
3188	0.2223777181
3189	0.2223662791
3190	0.2223554309
3191	0.2223475255
3192	0.2223383012
3193	0.222330922
3194	0.2223205207
3195	0.2223102994
3196	0.2223033657
3197	0.2222932246
3198	0.2222830338
3199	0.2222747228
3200	0.2222652646
3201	0.2222592975
3202	0.2222503227
3203	0.2222401491
3204	0.2222320103
3205	0.2222199375
3206	0.2222090427
3207	0.2221967008
3208	0.222185678
3209	0.222174698
3210	0.2221683071
3211	0.2221597949
3212	0.2221519027
3213	0.2221408703
3214	0.222131432
3215	0.2221224029
3216	0.222113173
3217	0.222104955
3218	0.2220974343
3219	0.2220874584
3220	0.2220790668
3221	0.2220682493
3222	0.2220599797
3223	0.2220492969
3224	0.2220393595
3225	0.2220282635
3226	0.2220162007
3227	0.2220103992
3228	0.2219978722
3229	0.2219893813
3230	0.2219787252
3231	0.2219726949
3232	0.2219655573
3233	0.2219555617
3234	0.2219434557
3235	0.2219325572
3236	0.2219194629
3237	0.22191121
3238	0.2218999744
3239	0.2218907603
3240	0.2218796073
3241	0.2218719575
3242	0.2218629267
3243	0.2218540947
3244	0.2218469028
3245	0.2218396126
3246	0.2218295896
3247	0.2218181738
3248	0.2218084313
3249	0.2217988856
3250	0.2217911483
3251	0.2217852907
3252	0.2217749145
3253	0.2217694547
3254	0.2217594719
3255	0.2217522215
3256	0.2217450303
3257	0.2217325463
3258	0.2217256705
3259	0.2217135526
3260	0.2217028022
3261	0.221696904
3262	0.2216873421
3263	0.2216795082
3264	0.2216696213
3265	0.2216605879
3266	0.2216526443
3267	0.2216408669
3268	0.2216348954
3269	0.2216275345
3270	0.2216195798
3271	0.2216112394
3272	0.2216028123
3273	0.2215947904
3274	0.2215881141
3275	0.2215811642
3276	0.2215759327
3277	0.2215698749
3278	0.2215631032
3279	0.2215579268
3280	0.2215516078
3281	0.2215425067
3282	0.2215328159
3283	0.2215269166
3284	0.2215214599
3285	0.2215102067
3286	0.2215027511
3287	0.2214968815
3288	0.2214855664
3289	0.221476517
3290	0.2214698315
3291	0.2214563632
3292	0.2214478564
3293	0.2214420403
3294	0.2214348316
3295	0.221427889
3296	0.221420038
3297	0.2214101759
3298	0.2214026906
3299	0.2213944006
3300	0.2213856708
3301	0.2213805224
3302	0.2213734562
3303	0.2213679949
3304	0.2213596077
3305	0.221353073
3306	0.2213446795
3307	0.2213349225
3308	0.2213275741
3309	0.2213211574
3310	0.2213134827
3311	0.2213042377
3312	0.2212978775
3313	0.2212907126
3314	0.2212807323
3315	0.2212734588
3316	0.2212635577
3317	0.2212566626
3318	0.2212467965
3319	0.2212406052
3320	0.2212312068
3321	0.2212189432
3322	0.2212116798
3323	0.2212028948
3324	0.2211925808
3325	0.2211834361
3326	0.2211754914
3327	0.2211648848
3328	0.2211543311
3329	0.2211457611
3330	0.2211392748
3331	0.2211283892
3332	0.2211193878
3333	0.2211130086
3334	0.2211059923
3335	0.2210991908
3336	0.2210921514
3337	0.2210813202
3338	0.2210711051
3339	0.2210662255
3340	0.2210564192
3341	0.2210480153
3342	0.2210350044
3343	0.2210303538
3344	0.2210223574
3345	0.2210144678
3346	0.2210067083
3347	0.220994427
3348	0.2209864184
3349	0.2209786031
3350	0.2209711528
3351	0.2209648401
3352	0.2209585612
3353	0.2209525733
3354	0.2209446176
3355	0.220937685
3356	0.2209311424
3357	0.2209229174
3358	0.2209156994
3359	0.2209070911
3360	0.2208977471
3361	0.2208910081
3362	0.2208823113
3363	0.2208735446
3364	0.2208662169
3365	0.2208575639
3366	0.2208528975
3367	0.2208421567
3368	0.2208366201
3369	0.2208292721
3370	0.2208209336
3371	0.2208119465
3372	0.2208019012
3373	0.2207959212
3374	0.2207891616
3375	0.2207814059
3376	0.220772222
3377	0.2207638443
3378	0.2207560486
3379	0.2207479611
3380	0.2207417384
3381	0.2207367535
3382	0.2207291131
3383	0.2207227151
3384	0.2207110274
3385	0.2207025657
3386	0.2206971188
3387	0.2206840577
3388	0.2206771
3389	0.2206670826
3390	0.2206591186
3391	0.2206515041
3392	0.2206432596
3393	0.2206330277
3394	0.2206262152
3395	0.2206140606
3396	0.2206085446
3397	0.2205979188
3398	0.220586567
3399	0.2205743598
3400	0.2205673832
3401	0.2205613439
3402	0.2205492897
3403	0.2205402355
3404	0.2205328125
3405	0.2205260364
3406	0.2205194465
3407	0.220513777
3408	0.2205053459
3409	0.2204972132
3410	0.22048972
3411	0.2204804597
3412	0.2204750166
3413	0.2204622127
3414	0.2204545349
3415	0.2204465697
3416	0.2204357666
3417	0.2204249403
3418	0.2204173333
3419	0.2204082953
3420	0.2203981469
3421	0.2203940713
3422	0.220385125
3423	0.2203758373
3424	0.2203703004
3425	0.2203638073
3426	0.2203567512
3427	0.2203478814
3428	0.220341219
3429	0.2203339099
3430	0.22032967
3431	0.2203240262
3432	0.2203185708
3433	0.2203104173
3434	0.2203034182
3435	0.2202959886
3436	0.2202901432
3437	0.2202817426
3438	0.2202768162
3439	0.2202659838
3440	0.2202602451
3441	0.220251372
3442	0.2202423539
3443	0.2202344844
3444	0.2202226237
3445	0.2202134289
3446	0.2202057617
3447	0.2201966799
3448	0.2201884289
3449	0.2201805677
3450	0.2201732236
3451	0.2201640266
3452	0.2201553967
3453	0.2201453264
3454	0.2201371235
3455	0.2201314473
3456	0.2201225266
3457	0.2201160761
3458	0.2201098585
3459	0.220104706
3460	0.2200962071
3461	0.2200862432
3462	0.22007742
3463	0.2200687272
3464	0.220060117
3465	0.2200539333
3466	0.220043466
3467	0.2200371822
3468	0.2200295978
3469	0.2200223721
3470	0.2200144767
3471	0.2200058491
3472	0.2199999153
3473	0.2199883128
3474	0.2199771144
3475	0.2199712671
3476	0.2199628982
3477	0.2199557492
3478	0.219949262
3479	0.2199423058
3480	0.2199368724
3481	0.2199322637
3482	0.2199255983
3483	0.2199186869
3484	0.2199101337
3485	0.2199011321
3486	0.2198935087
3487	0.2198842072
3488	0.2198749125
3489	0.2198673492
3490	0.219856642
3491	0.2198498407
3492	0.2198379121
3493	0.2198317937
3494	0.2198212066
3495	0.2198141823
3496	0.2198059522
3497	0.2197952941
3498	0.219788503
3499	0.2197801006
3500	0.2197723938
3501	0.2197658852
3502	0.2197589557
3503	0.2197490297
3504	0.2197382823
3505	0.2197363663
3506	0.2197321511
3507	0.2197249446
3508	0.2197176942
3509	0.219711014
3510	0.2197031891
3511	0.2196975008
3512	0.2196871666
3513	0.2196810385
3514	0.2196737204
3515	0.2196662541
3516	0.21966025
3517	0.2196551868
3518	0.2196471669
3519	0.2196417537
3520	0.2196331493
3521	0.2196239343
3522	0.2196148946
3523	0.2196078172
3524	0.2195988822
3525	0.2195900614
3526	0.2195803517
3527	0.219567643
3528	0.219558134
3529	0.2195483185
3530	0.2195363848
3531	0.219526636
3532	0.2195205023
3533	0.2195115262
3534	0.2195011692
3535	0.2194935925
3536	0.2194864026
3537	0.2194803572
3538	0.2194728412
3539	0.2194652161
3540	0.2194594972
3541	0.2194518321
3542	0.2194456165
3543	0.2194423679
3544	0.2194346256
3545	0.219428115
3546	0.219420597
3547	0.2194117817
3548	0.2194050039
3549	0.219392975
3550	0.2193826322
3551	0.2193734344
3552	0.2193661258
3553	0.2193580751
3554	0.2193521552
3555	0.2193426771
3556	0.2193333613
3557	0.2193292256
3558	0.219321049
3559	0.219312819
3560	0.219304789
3561	0.219298151
3562	0.2192919413
3563	0.2192846111
3564	0.2192764887
3565	0.2192676978
3566	0.2192598069
3567	0.2192538562
3568	0.2192485226
3569	0.2192389337
3570	0.2192341171
3571	0.2192289995
3572	0.2192208881
3573	0.2192105882
3574	0.2192053383
3575	0.2191973474
3576	0.2191910474
3577	0.2191839999
3578	0.2191743755
3579	0.2191670131
3580	0.2191600047
3581	0.2191493862
3582	0.219141122
3583	0.2191364431
3584	0.2191305827
3585	0.219122648
3586	0.2191133605
3587	0.2191056208
3588	0.2191006493
3589	0.2190957408
3590	0.219087653
3591	0.2190807884
3592	0.2190735394
3593	0.2190655258
3594	0.2190595542
3595	0.2190511574
3596	0.2190456276
3597	0.2190363329
3598	0.2190289028
3599	0.2190199499
3600	0.2190102418
3601	0.219004873
3602	0.2189998205
3603	0.2189936399
3604	0.2189856078
3605	0.218977525
3606	0.2189700542
3607	0.2189648372
3608	0.2189596762
3609	0.2189546249
3610	0.2189477381
3611	0.21893974
3612	0.2189344954
3613	0.2189285492
3614	0.2189225569
3615	0.2189146628
3616	0.2189079518
3617	0.21890186
3618	0.2188927036
3619	0.2188870864
3620	0.2188805127
3621	0.2188737497
3622	0.2188659404
3623	0.2188575604
3624	0.2188487451
3625	0.2188387017
3626	0.2188334514
3627	0.2188276499
3628	0.2188225324
3629	0.2188185773
3630	0.2188102311
3631	0.2188035082
3632	0.2187955218
3633	0.2187864643
3634	0.2187796828
3635	0.2187751203
3636	0.2187701955
3637	0.2187648429
3638	0.2187603412
3639	0.2187509018
3640	0.2187447552
3641	0.21873867
3642	0.2187303256
3643	0.2187242187
3644	0.2187160938
3645	0.2187069798
3646	0.2187017887
3647	0.2186937177
3648	0.2186893925
3649	0.2186842307
3650	0.2186762304
3651	0.2186654056
3652	0.2186578772
3653	0.218648195
3654	0.2186385958
3655	0.2186296294
3656	0.2186235487
3657	0.2186181385
3658	0.2186117112
3659	0.2186070463
3660	0.2186023752
3661	0.2185967316
3662	0.2185877784
3663	0.2185791549
3664	0.2185697394
3665	0.2185626322
3666	0.218553262
3667	0.2185475798
3668	0.2185404638
3669	0.2185329783
3670	0.2185279747
3671	0.2185189644
3672	0.218511589
3673	0.2185032455
3674	0.2184967796
3675	0.2184923105
3676	0.2184837068
3677	0.2184764047
3678	0.2184706836
3679	0.2184624567
3680	0.2184537169
3681	0.2184460543
3682	0.2184389234
3683	0.2184326364
3684	0.2184254566
3685	0.2184159408
3686	0.2184098813
3687	0.2184006518
3688	0.2183948479
3689	0.2183865877
3690	0.2183791743
3691	0.2183735333
3692	0.2183660908
3693	0.2183593729
3694	0.2183528792
3695	0.2183423877
3696	0.2183369581
3697	0.2183284787
3698	0.2183194002
3699	0.2183093462
3700	0.2183046057
3701	0.2182966766
3702	0.2182863535
3703	0.2182798737
3704	0.218271146
3705	0.2182636387
3706	0.2182558994
3707	0.218249087
3708	0.2182405179
3709	0.2182337457
3710	0.2182282024
3711	0.2182206995
3712	0.2182126028
3713	0.218207292
3714	0.2181987093
3715	0.2181884713
3716	0.2181824652
3717	0.2181773817
3718	0.2181685483
3719	0.218161118
3720	0.2181509816
3721	0.2181439394
3722	0.2181368758
3723	0.2181269422
3724	0.2181202766
3725	0.2181100305
3726	0.2181040474
3727	0.2180965493
3728	0.2180894823
3729	0.2180848344
3730	0.2180772868
3731	0.2180728473
3732	0.2180666612
3733	0.2180580117
3734	0.2180501525
3735	0.2180456577
3736	0.2180408148
3737	0.218033965
3738	0.2180283988
3739	0.2180219368
3740	0.218014963
3741	0.2180080633
3742	0.2180024631
3743	0.2179966481
3744	0.2179893276
3745	0.2179821158
3746	0.2179770462
3747	0.2179710387
3748	0.2179660307
3749	0.2179614055
3750	0.2179542286
3751	0.2179476344
3752	0.217938956
3753	0.2179325169
3754	0.2179272747
3755	0.2179208529
3756	0.2179148221
3757	0.2179079127
3758	0.2179021451
3759	0.2178964465
3760	0.2178896247
3761	0.217885987
3762	0.2178757629
3763	0.2178690286
3764	0.2178626029
3765	0.2178547089
3766	0.2178455759
3767	0.2178396721
3768	0.2178358079
3769	0.2178286099
3770	0.2178256384
3771	0.2178163744
3772	0.2178113993
3773	0.2178055703
3774	0.2177996306
3775	0.217792691
3776	0.2177859426
3777	0.2177795061
3778	0.2177732031
3779	0.2177662805
3780	0.2177556454
3781	0.2177504644
3782	0.2177419596
3783	0.2177333487
3784	0.2177252851
3785	0.2177198161
3786	0.217710727
3787	0.2177038832
3788	0.2176980018
3789	0.2176898009
3790	0.217683231
3791	0.2176784236
3792	0.2176711764
3793	0.2176646991
3794	0.2176590783
3795	0.2176493959
3796	0.2176418536
3797	0.2176338275
3798	0.2176259556
3799	0.2176150446
3800	0.2176083636
3801	0.2176012057
3802	0.2175966673
3803	0.2175887347
3804	0.2175825521
3805	0.2175744947
3806	0.2175685744
3807	0.2175589334
3808	0.217553794
3809	0.2175497909
3810	0.2175424524
3811	0.2175338165
3812	0.2175263385
3813	0.2175160111
3814	0.2175124496
3815	0.2175055716
3816	0.2174999294
3817	0.2174940175
3818	0.2174865714
3819	0.2174801683
3820	0.217469031
3821	0.2174642106
3822	0.2174581305
3823	0.2174522836
3824	0.2174435694
3825	0.2174362299
3826	0.2174312165
3827	0.2174243865
3828	0.217417648
3829	0.2174118103
3830	0.2174064638
3831	0.2174014355
3832	0.2173943981
3833	0.2173903136
3834	0.2173796668
3835	0.2173722881
3836	0.2173650611
3837	0.2173547432
3838	0.2173479324
3839	0.2173431234
3840	0.2173374392
3841	0.2173323063
3842	0.2173247931
3843	0.2173166164
3844	0.2173095109
3845	0.2173026114
3846	0.2172979011
3847	0.217290299
3848	0.2172826741
3849	0.2172768534
3850	0.2172715422
3851	0.2172664919
3852	0.2172606074
3853	0.2172540608
3854	0.2172443336
3855	0.2172377466
3856	0.2172317592
3857	0.2172248322
3858	0.2172203228
3859	0.2172122297
3860	0.2172068793
3861	0.21720072
3862	0.2171941525
3863	0.2171867677
3864	0.2171807412
3865	0.2171740152
3866	0.2171690984
3867	0.2171606658
3868	0.2171534035
3869	0.2171478993
3870	0.2171420695
3871	0.2171339906
3872	0.2171280754
3873	0.2171222226
3874	0.2171144891
3875	0.2171103525
3876	0.2171023976
3877	0.21709566
3878	0.2170906065
3879	0.2170806413
3880	0.217074739
3881	0.2170674933
3882	0.2170584657
3883	0.217053339
3884	0.2170468705
3885	0.2170402826
3886	0.2170360946
3887	0.2170280254
3888	0.2170227211
3889	0.2170151862
3890	0.2170069331
3891	0.2169994566
3892	0.2169942594
3893	0.2169878403
3894	0.2169806738
3895	0.2169727576
3896	0.2169648842
3897	0.2169568177
3898	0.2169471016
3899	0.2169429523
3900	0.216936003
3901	0.216925226
3902	0.2169203289
3903	0.2169106355
3904	0.2169047913
3905	0.2169011623
3906	0.2168940173
3907	0.2168867557
3908	0.2168816881
3909	0.2168748457
3910	0.2168683009
3911	0.2168623481
3912	0.2168568486
3913	0.2168495016
3914	0.2168438468
3915	0.2168369383
3916	0.2168285786
3917	0.2168230227
3918	0.2168170887
3919	0.2168090347
3920	0.2168039158
3921	0.2167974177
3922	0.2167917945
3923	0.2167837024
3924	0.2167769092
3925	0.216771638
3926	0.2167662946
3927	0.21675957
3928	0.2167542218
3929	0.2167486889
3930	0.2167427747
3931	0.2167340125
3932	0.2167280987
3933	0.2167234985
3934	0.2167146937
3935	0.2167092138
3936	0.2167025766
3937	0.2166970658
3938	0.2166907556
3939	0.2166838235
3940	0.2166774374
3941	0.216672786
3942	0.2166678988
3943	0.2166610509
3944	0.2166544101
3945	0.2166446368
3946	0.216636011
3947	0.2166317132
3948	0.21662574
3949	0.2166202635
3950	0.2166142911
3951	0.2166071453
3952	0.2165994442
3953	0.216591468
3954	0.2165841821
3955	0.2165769591
3956	0.2165688287
3957	0.2165626915
3958	0.2165562003
3959	0.2165509801
3960	0.2165434376
3961	0.2165382163
3962	0.2165310393
3963	0.2165234162
3964	0.2165161666
3965	0.2165084426
3966	0.2165031624
3967	0.2164967495
3968	0.2164924198
3969	0.2164846079
3970	0.2164752958
3971	0.2164683771
3972	0.2164630259
3973	0.2164593122
3974	0.2164520882
3975	0.216448463
3976	0.2164430543
3977	0.2164372178
3978	0.2164302962
3979	0.2164227935
3980	0.2164181363
3981	0.2164133595
3982	0.2164069684
3983	0.2164021361
3984	0.2163956276
3985	0.2163903603
3986	0.2163849987
3987	0.2163782567
3988	0.2163724501
3989	0.2163672329
3990	0.2163606706
3991	0.2163529986
3992	0.2163480398
3993	0.2163388688
3994	0.2163322244
3995	0.2163255822
3996	0.2163179477
3997	0.2163111772
3998	0.2163014605
3999	0.2162947272
4000	0.2162871563
4001	0.2162805973
4002	0.2162732289
4003	0.2162663029
4004	0.2162592912
4005	0.2162513509
4006	0.2162451182
4007	0.2162400728
4008	0.216233075
4009	0.2162255435
4010	0.2162195462
4011	0.2162141022
4012	0.2162091173
4013	0.216200985
4014	0.2161969906
4015	0.2161925721
4016	0.2161857379
4017	0.2161773296
4018	0.2161696064
4019	0.2161619354
4020	0.2161559371
4021	0.2161470558
4022	0.2161391323
4023	0.2161347899
4024	0.2161242333
4025	0.2161204776
4026	0.2161143507
4027	0.2161081586
4028	0.2161000763
4029	0.2160926315
4030	0.2160883439
4031	0.2160816115
4032	0.2160727113
4033	0.2160673566
4034	0.2160605218
4035	0.216053827
4036	0.2160493939
4037	0.2160409249
4038	0.216035527
4039	0.2160301535
4040	0.2160261826
4041	0.2160194942
4042	0.2160127474
4043	0.2160060115
4044	0.215998776
4045	0.2159922142
4046	0.2159851988
4047	0.2159794647
4048	0.2159736622
4049	0.2159670937
4050	0.2159591444
4051	0.2159549333
4052	0.2159501339
4053	0.21594336
4054	0.2159373427
4055	0.215931643
4056	0.2159245388
4057	0.2159196438
4058	0.2159147647
4059	0.2159085422
4060	0.2159024414
4061	0.2158938733
4062	0.2158858319
4063	0.2158788122
4064	0.2158699422
4065	0.2158637115
4066	0.2158558595
4067	0.2158489939
4068	0.2158420816
4069	0.2158374041
4070	0.2158313216
4071	0.2158273189
4072	0.215821221
4073	0.2158165913
4074	0.2158080407
4075	0.2157998374
4076	0.2157957835
4077	0.2157903142
4078	0.2157848035
4079	0.2157797275
4080	0.2157739914
4081	0.2157667024
4082	0.2157615601
4083	0.2157550514
4084	0.2157465444
4085	0.2157404695
4086	0.2157343681
4087	0.2157280042
4088	0.2157215084
4089	0.2157140736
4090	0.2157105496
4091	0.2157041797
4092	0.215699322
4093	0.2156923444
4094	0.2156868008
4095	0.2156804294
4096	0.2156744285
4097	0.2156693389
4098	0.2156624934
4099	0.2156564759
4100	0.2156474024
4101	0.2156407268
4102	0.2156336551
4103	0.2156260782
4104	0.215620576
4105	0.2156149159
4106	0.2156098105
4107	0.2156028228
4108	0.2155973926
4109	0.2155933347
4110	0.2155875926
4111	0.215579889
4112	0.215569608
4113	0.2155607999
4114	0.2155528945
4115	0.2155472066
4116	0.2155410125
4117	0.2155380858
4118	0.2155319588
4119	0.2155243233
4120	0.2155201446
4121	0.2155136288
4122	0.2155072791
4123	0.2155013122
4124	0.2154935336
4125	0.2154884109
4126	0.2154819328
4127	0.2154765378
4128	0.2154709141
4129	0.2154646235
4130	0.2154574154
4131	0.2154506724
4132	0.2154450095
4133	0.2154398083
4134	0.2154344338
4135	0.2154293031
4136	0.2154220909
4137	0.2154171365
4138	0.2154102771
4139	0.2154051617
4140	0.2153993375
4141	0.2153911185
4142	0.2153817453
4143	0.2153749673
4144	0.2153671676
4145	0.2153604471
4146	0.2153525464
4147	0.2153437496
4148	0.2153365569
4149	0.2153319626
4150	0.2153266239
4151	0.21531847
4152	0.2153096674
4153	0.2153013523
4154	0.2152952896
4155	0.2152907871
4156	0.2152830831
4157	0.2152756524
4158	0.2152673394
4159	0.2152595397
4160	0.2152540863
4161	0.2152486361
4162	0.2152428167
4163	0.2152364857
4164	0.215232237
4165	0.2152259765
4166	0.2152193131
4167	0.2152141162
4168	0.21520457
4169	0.215198823
4170	0.2151959007
4171	0.2151924874
4172	0.2151872815
4173	0.215179349
4174	0.215173117
4175	0.2151664551
4176	0.2151604044
4177	0.2151535816
4178	0.2151479128
4179	0.2151411623
4180	0.2151348107
4181	0.2151293928
4182	0.2151238145
4183	0.2151187683
4184	0.2151139565
4185	0.2151100054
4186	0.2151018472
4187	0.215094422
4188	0.2150884396
4189	0.2150811702
4190	0.2150751132
4191	0.2150697836
4192	0.2150636171
4193	0.2150571089
4194	0.2150480752
4195	0.2150423275
4196	0.2150370664
4197	0.2150320708
4198	0.215024981
4199	0.2150204543
4200	0.2150131378
4201	0.2150055145
4202	0.2149967662
4203	0.2149906293
4204	0.2149853417
4205	0.2149779021
4206	0.2149698997
4207	0.2149643323
4208	0.2149582767
4209	0.2149523089
4210	0.2149455365
4211	0.2149406711
4212	0.2149344836
4213	0.2149302809
4214	0.2149233222
4215	0.2149191037
4216	0.2149125272
4217	0.2149057679
4218	0.2149011529
4219	0.2148962998
4220	0.2148893739
4221	0.2148822131
4222	0.2148767782
4223	0.2148706226
4224	0.2148636394
4225	0.2148557122
4226	0.2148509511
4227	0.2148455595
4228	0.2148397694
4229	0.214834832
4230	0.2148289819
4231	0.2148227881
4232	0.214817411
4233	0.2148137681
4234	0.2148088134
4235	0.2148029931
4236	0.2148001948
4237	0.2147925238
4238	0.2147842196
4239	0.214778512
4240	0.2147736117
4241	0.2147677206
4242	0.2147612431
4243	0.2147573435
4244	0.2147533599
4245	0.2147477801
4246	0.2147419421
4247	0.2147369242
4248	0.2147320019
4249	0.2147258544
4250	0.2147173812
4251	0.214710411
4252	0.2147041791
4253	0.2146987786
4254	0.2146934538
4255	0.2146851653
4256	0.214678797
4257	0.2146713768
4258	0.2146644533
4259	0.2146609433
4260	0.2146569866
4261	0.2146513683
4262	0.2146466244
4263	0.2146400156
4264	0.2146329556
4265	0.2146259706
4266	0.2146198836
4267	0.2146145079
4268	0.2146070904
4269	0.2146028558
4270	0.2145951433
4271	0.2145876528
4272	0.2145808598
4273	0.2145736356
4274	0.2145639441
4275	0.2145582028
4276	0.2145506654
4277	0.2145431127
4278	0.2145347642
4279	0.2145287942
4280	0.214522558
4281	0.2145170007
4282	0.2145100235
4283	0.2145030705
4284	0.2144973643
4285	0.2144909556
4286	0.2144832541
4287	0.2144767006
4288	0.214470357
4289	0.2144650169
4290	0.2144579798
4291	0.2144517197
4292	0.2144469662
4293	0.2144413022
4294	0.2144363126
4295	0.2144299299
4296	0.2144227617
4297	0.2144176711
4298	0.2144119733
4299	0.214406634
4300	0.2144036212
4301	0.2143973916
4302	0.2143927481
4303	0.214386776
4304	0.2143820176
4305	0.2143784154
4306	0.2143725204
4307	0.2143675908
4308	0.2143611629
4309	0.2143539138
4310	0.2143485735
4311	0.2143426875
4312	0.2143364889
4313	0.2143334216
4314	0.2143243443
4315	0.2143172292
4316	0.2143112698
4317	0.2143032951
4318	0.2142994504
4319	0.2142931946
4320	0.2142867305
4321	0.2142821689
4322	0.2142790762
4323	0.2142722974
4324	0.2142663709
4325	0.2142605891
4326	0.2142534558
4327	0.2142488553
4328	0.2142429677
4329	0.2142381741
4330	0.2142305125
4331	0.2142244647
4332	0.2142206132
4333	0.2142146061
4334	0.2142075444
4335	0.2142029538
4336	0.2141981001
4337	0.2141927432
4338	0.214183929
4339	0.2141778513
4340	0.2141700923
4341	0.214165388
4342	0.2141609906
4343	0.2141556381
4344	0.2141509821
4345	0.2141466209
4346	0.214139841
4347	0.2141337721
4348	0.2141266006
4349	0.2141226084
4350	0.2141156447
4351	0.2141110565
4352	0.2141043402
4353	0.2141001977
4354	0.2140939794
4355	0.2140893317
4356	0.2140834886
4357	0.214078737
4358	0.2140730269
4359	0.2140661662
4360	0.2140609037
4361	0.2140547454
4362	0.2140497061
4363	0.2140424258
4364	0.2140380099
4365	0.2140305404
4366	0.2140254356
4367	0.2140183697
4368	0.2140115525
4369	0.2140037671
4370	0.2139969766
4371	0.2139943113
4372	0.2139861388
4373	0.2139814201
4374	0.2139760799
4375	0.2139690064
4376	0.2139631295
4377	0.2139556523
4378	0.2139475027
4379	0.2139411588
4380	0.2139338576
4381	0.2139287121
4382	0.2139212407
4383	0.2139140627
4384	0.2139062868
4385	0.2138992168
4386	0.2138932359
4387	0.213888797
4388	0.213882572
4389	0.2138762889
4390	0.2138690753
4391	0.2138635501
4392	0.2138582813
4393	0.2138526314
4394	0.2138466227
4395	0.2138414907
4396	0.2138387233
4397	0.2138343995
4398	0.2138288844
4399	0.2138205965
4400	0.2138154588
4401	0.2138077984
4402	0.21380039
4403	0.2137950312
4404	0.2137874884
4405	0.2137800075
4406	0.2137731632
4407	0.2137675002
4408	0.2137608254
4409	0.2137538811
4410	0.2137490037
4411	0.2137451608
4412	0.2137390165
4413	0.2137340754
4414	0.2137278185
4415	0.2137212772
4416	0.2137164083
4417	0.2137131571
4418	0.2137084764
4419	0.2137036738
4420	0.2136982268
4421	0.2136909455
4422	0.2136847584
4423	0.2136743337
4424	0.2136694877
4425	0.2136616684
4426	0.2136559292
4427	0.2136489566
4428	0.2136434819
4429	0.2136356119
4430	0.2136283424
4431	0.213622076
4432	0.2136139485
4433	0.2136074376
4434	0.2136015341
4435	0.2135977268
4436	0.2135891733
4437	0.2135817378
4438	0.2135750692
4439	0.213567821
4440	0.2135641255
4441	0.2135561346
4442	0.2135497487
4443	0.2135431885
4444	0.2135389015
4445	0.2135318898
4446	0.2135222908
4447	0.2135177473
4448	0.2135097021
4449	0.2135034546
4450	0.2134978077
4451	0.2134904424
4452	0.2134828658
4453	0.2134787492
4454	0.2134738381
4455	0.2134682117
4456	0.2134615316
4457	0.2134556613
4458	0.2134483703
4459	0.2134419752
4460	0.2134355749
4461	0.213430342
4462	0.2134225923
4463	0.2134193259
4464	0.2134153078
4465	0.2134084029
4466	0.2134017693
4467	0.2133937283
4468	0.2133881321
4469	0.2133809051
4470	0.2133759207
4471	0.2133705304
4472	0.2133651394
4473	0.2133594265
4474	0.2133539175
4475	0.2133472716
4476	0.2133394178
4477	0.2133349589
4478	0.21332971
4479	0.2133240012
4480	0.2133170443
4481	0.2133099133
4482	0.2133039843
4483	0.2133007935
4484	0.2132960541
4485	0.2132871187
4486	0.213282581
4487	0.213275608
4488	0.2132699579
4489	0.2132664835
4490	0.2132598733
4491	0.2132534202
4492	0.2132466352
4493	0.2132413364
4494	0.2132354333
4495	0.2132303621
4496	0.213225575
4497	0.2132223982
4498	0.2132133152
4499	0.2132086413
4500	0.2132041455
4501	0.2131983656
4502	0.213191109
4503	0.2131843085
4504	0.2131774081
4505	0.2131722987
4506	0.2131658316
4507	0.2131593446
4508	0.2131524737
4509	0.2131444704
4510	0.2131383055
4511	0.2131335006
4512	0.213127107
4513	0.2131217415
4514	0.2131156904
4515	0.2131068698
4516	0.2130996897
4517	0.2130969343
4518	0.2130896665
4519	0.2130823754
4520	0.2130786751
4521	0.2130737624
4522	0.2130679646
4523	0.213063344
4524	0.2130571809
4525	0.2130519316
4526	0.2130469977
4527	0.2130411291
4528	0.2130338407
4529	0.2130276181
4530	0.2130231097
4531	0.2130196819
4532	0.2130147554
4533	0.2130090394
4534	0.2130025592
4535	0.2129976298
4536	0.2129922067
4537	0.2129852164
4538	0.2129790464
4539	0.2129722185
4540	0.2129665883
4541	0.2129602161
4542	0.2129556865
4543	0.2129477823
4544	0.2129414487
4545	0.2129360453
4546	0.2129325335
4547	0.2129271156
4548	0.2129215399
4549	0.2129166355
4550	0.2129119035
4551	0.2129045072
4552	0.2128981078
4553	0.2128919646
4554	0.2128846151
4555	0.2128781184
4556	0.2128715051
4557	0.2128681035
4558	0.2128639964
4559	0.2128582209
4560	0.2128513553
4561	0.2128461498
4562	0.2128396666
4563	0.2128340136
4564	0.212830572
4565	0.212824379
4566	0.2128186226
4567	0.212813394
4568	0.2128069526
4569	0.212802805
4570	0.2127990316
4571	0.2127928797
4572	0.212788721
4573	0.2127845267
4574	0.2127767766
4575	0.2127710252
4576	0.2127664879
4577	0.2127597991
4578	0.2127521197
4579	0.2127489309
4580	0.2127458417
4581	0.212739832
4582	0.2127338997
4583	0.2127293894
4584	0.2127207596
4585	0.212716072
4586	0.2127113593
4587	0.2127076435
4588	0.2127003246
4589	0.2126937457
4590	0.2126890679
4591	0.2126839843
4592	0.2126784892
4593	0.2126726378
4594	0.2126668107
4595	0.2126595872
4596	0.2126558446
4597	0.2126513376
4598	0.2126443836
4599	0.212637532
4600	0.2126326237
4601	0.2126274884
4602	0.2126219359
4603	0.2126166673
4604	0.2126099351
4605	0.2126041084
4606	0.2125982505
4607	0.2125921147
4608	0.2125862746
4609	0.2125795985
4610	0.2125757363
4611	0.2125689188
4612	0.2125622738
4613	0.2125583803
4614	0.2125527819
4615	0.2125498015
4616	0.2125424069
4617	0.2125360881
4618	0.2125324381
4619	0.2125267529
4620	0.2125199025
4621	0.2125152586
4622	0.2125098026
4623	0.2125051554
4624	0.2124972187
4625	0.2124929091
4626	0.2124857648
4627	0.2124809831
4628	0.212475413
4629	0.2124691792
4630	0.2124633442
4631	0.2124576412
4632	0.2124531666
4633	0.2124497344
4634	0.2124427913
4635	0.2124366213
4636	0.2124318283
4637	0.2124261847
4638	0.2124187714
4639	0.2124112222
4640	0.2124051342
4641	0.2124005029
4642	0.2123973128
4643	0.2123942533
4644	0.2123907425
4645	0.2123865342
4646	0.2123814656
4647	0.2123746385
4648	0.2123706216
4649	0.2123645129
4650	0.2123595962
4651	0.2123550629
4652	0.2123508887
4653	0.212347226
4654	0.2123421068
4655	0.2123373634
4656	0.2123318009
4657	0.2123261654
4658	0.2123206206
4659	0.212314309
4660	0.2123080111
4661	0.2123035431
4662	0.2122977563
4663	0.2122926709
4664	0.2122857495
4665	0.212280201
4666	0.2122761012
4667	0.2122698435
4668	0.2122650801
4669	0.2122613243
4670	0.2122562153
4671	0.2122500036
4672	0.2122434266
4673	0.2122364536
4674	0.2122306849
4675	0.2122267574
4676	0.2122208551
4677	0.2122159777
4678	0.2122107489
4679	0.2122034555
4680	0.212196016
4681	0.2121890706
4682	0.2121809409
4683	0.2121775524
4684	0.2121725353
4685	0.2121667949
4686	0.212160144
4687	0.2121561051
4688	0.2121509083
4689	0.2121449532
4690	0.2121398248
4691	0.2121368206
4692	0.2121304336
4693	0.2121244466
4694	0.212119015
4695	0.2121160832
4696	0.2121116804
4697	0.2121047497
4698	0.2120978549
4699	0.2120970943
4700	0.2120910043
4701	0.2120879118
4702	0.2120816892
4703	0.2120768517
4704	0.2120713788
4705	0.2120660706
4706	0.2120619087
4707	0.212056743
4708	0.2120504487
4709	0.2120467819
4710	0.2120416372
4711	0.2120362882
4712	0.2120301943
4713	0.2120227868
4714	0.212016263
4715	0.2120121609
4716	0.2120055815
4717	0.2120025991
4718	0.211996903
4719	0.2119914654
4720	0.2119863934
4721	0.2119796808
4722	0.2119759152
4723	0.2119697375
4724	0.2119644796
4725	0.2119589284
4726	0.211952741
4727	0.2119494083
4728	0.2119439839
4729	0.2119405631
4730	0.2119320736
4731	0.2119271825
4732	0.2119206963
4733	0.2119139852
4734	0.2119066137
4735	0.2119001342
4736	0.2118955829
4737	0.2118884441
4738	0.211882298
4739	0.2118748817
4740	0.2118689695
4741	0.2118627275
4742	0.2118566389
4743	0.2118515097
4744	0.2118468616
4745	0.2118431825
4746	0.211836683
4747	0.2118311965
4748	0.2118274659
4749	0.2118221602
4750	0.2118158625
4751	0.2118109288
4752	0.2118056328
4753	0.2118005832
4754	0.2117964366
4755	0.2117924858
4756	0.2117868586
4757	0.2117816553
4758	0.2117792176
4759	0.2117734064
4760	0.2117697141
4761	0.2117648858
4762	0.2117608305
4763	0.2117564704
4764	0.2117525215
4765	0.2117482277
4766	0.2117412251
4767	0.2117378188
4768	0.2117334103
4769	0.2117262854
4770	0.2117211292
4771	0.2117164265
4772	0.2117117785
4773	0.2117067445
4774	0.211702355
4775	0.2116966521
4776	0.2116914487
4777	0.211686437
4778	0.2116836072
4779	0.211678615
4780	0.2116753739
4781	0.2116711942
4782	0.211666859
4783	0.2116596509
4784	0.2116537798
4785	0.2116486215
4786	0.2116424089
4787	0.2116394298
4788	0.2116338678
4789	0.2116278559
4790	0.2116231044
4791	0.2116167958
4792	0.2116107176
4793	0.2116044412
4794	0.2115990947
4795	0.2115921876
4796	0.2115871303
4797	0.2115825726
4798	0.2115770281
4799	0.211572037
4800	0.2115660013
4801	0.2115605123
4802	0.211553946
4803	0.211547658
4804	0.2115415833
4805	0.211538023
4806	0.2115317334
4807	0.2115276156
4808	0.2115200829
4809	0.2115147076
4810	0.2115111197
4811	0.2115050531
4812	0.2115004232
4813	0.2114914705
4814	0.2114892303
4815	0.2114844297
4816	0.2114799975
4817	0.2114753941
4818	0.2114705761
4819	0.2114658319
4820	0.2114601699
4821	0.2114541263
4822	0.2114495864
4823	0.2114447392
4824	0.2114394004
4825	0.2114349589
4826	0.2114283992
4827	0.2114231323
4828	0.2114176511
4829	0.2114147864
4830	0.2114086196
4831	0.2114014331
4832	0.2113948704
4833	0.2113898912
4834	0.2113856184
4835	0.2113817061
4836	0.211375869
4837	0.2113678828
4838	0.2113653124
4839	0.2113602132
4840	0.2113561487
4841	0.2113498788
4842	0.211346552
4843	0.211339099
4844	0.2113347907
4845	0.2113303546
4846	0.211324817
4847	0.2113213217
4848	0.2113140055
4849	0.2113034396
4850	0.21129805
4851	0.2112914768
4852	0.2112850862
4853	0.2112781177
4854	0.2112736696
4855	0.2112681617
4856	0.2112655253
4857	0.2112590056
4858	0.2112532377
4859	0.2112466728
4860	0.2112404003
4861	0.2112349114
4862	0.2112290471
4863	0.2112242462
4864	0.2112188408
4865	0.2112148759
4866	0.2112077513
4867	0.2112036965
4868	0.2111971505
4869	0.2111923156
4870	0.2111880843
4871	0.2111823417
4872	0.2111772751
4873	0.2111708673
4874	0.2111668522
4875	0.2111613054
4876	0.2111562557
4877	0.2111516899
4878	0.2111476059
4879	0.2111427438
4880	0.2111382706
4881	0.2111346104
4882	0.2111295728
4883	0.21112497
4884	0.2111212502
4885	0.2111176773
4886	0.2111138897
4887	0.2111091268
4888	0.2111037427
4889	0.2110957349
4890	0.2110922536
4891	0.2110882545
4892	0.2110823036
4893	0.2110792458
4894	0.2110742505
4895	0.2110706418
4896	0.2110635767
4897	0.2110549207
4898	0.2110495668
4899	0.2110443192
4900	0.2110395686
4901	0.2110334365
4902	0.2110297938
4903	0.2110245543
4904	0.2110199408
4905	0.2110146439
4906	0.2110094892
4907	0.2110036739
4908	0.2110012017
4909	0.2109961525
4910	0.2109908311
4911	0.2109843618
4912	0.2109793485
4913	0.2109748875
4914	0.2109684394
4915	0.210962238
4916	0.210954806
4917	0.2109493607
4918	0.2109417054
4919	0.2109374036
4920	0.2109310184
4921	0.2109268692
4922	0.2109236363
4923	0.2109178645
4924	0.2109136514
4925	0.2109079022
4926	0.2109023495
4927	0.210894745
4928	0.2108910497
4929	0.210887894
4930	0.2108828076
4931	0.2108783786
4932	0.2108735855
4933	0.2108674138
4934	0.2108614568
4935	0.21085449
4936	0.2108461811
4937	0.2108426748
4938	0.2108381917
4939	0.2108348494
4940	0.2108291846
4941	0.210823397
4942	0.2108190937
4943	0.2108133533
4944	0.2108099497
4945	0.2108050467
4946	0.2107983483
4947	0.2107917006
4948	0.2107890436
4949	0.2107822469
4950	0.2107772243
4951	0.2107723067
4952	0.2107674293
4953	0.2107603227
4954	0.2107564405
4955	0.2107507062
4956	0.2107476435
4957	0.2107427427
4958	0.2107384073
4959	0.2107347705
4960	0.2107305459
4961	0.2107266129
4962	0.2107218792
4963	0.2107175376
4964	0.2107116982
4965	0.210705169
4966	0.2106989887
4967	0.2106935793
4968	0.2106884308
4969	0.210682665
4970	0.2106762102
4971	0.2106689526
4972	0.2106628057
4973	0.2106564582
4974	0.2106527967
4975	0.2106471411
4976	0.2106409456
4977	0.2106371814
4978	0.2106330934
4979	0.2106293698
4980	0.2106241581
4981	0.210620857
4982	0.2106182463
4983	0.2106130045
4984	0.210608677
4985	0.2106033813
4986	0.210597176
4987	0.2105938752
4988	0.2105874256
4989	0.2105812043
4990	0.2105733895
4991	0.2105682693
4992	0.2105645613
4993	0.2105612647
4994	0.2105569988
4995	0.2105520737
4996	0.2105469812
4997	0.2105425291
4998	0.2105385972
4999	0.2105350252
5000	0.2105292234
5001	0.2105242836
5002	0.2105202689
5003	0.2105157448
5004	0.2105102335
5005	0.2105037897
5006	0.2104985925
5007	0.2104939502
5008	0.2104909585
5009	0.2104848838
5010	0.2104797127
5011	0.2104758156
5012	0.2104720693
5013	0.2104688383
5014	0.2104631408
5015	0.2104605885
5016	0.2104542026
5017	0.2104485784
5018	0.2104411386
5019	0.2104353867
5020	0.2104314548
5021	0.2104265213
5022	0.2104224053
5023	0.2104183801
5024	0.2104147588
5025	0.2104089799
5026	0.2104042487
5027	0.2104005674
5028	0.2103974902
5029	0.2103926531
5030	0.2103866837
5031	0.2103808018
5032	0.2103760172
5033	0.21037058
5034	0.2103633675
5035	0.2103589161
5036	0.2103543709
5037	0.2103469727
5038	0.2103416909
5039	0.2103365236
5040	0.2103321092
5041	0.2103271632
5042	0.2103204493
5043	0.210316055
5044	0.2103103742
5045	0.2103055799
5046	0.2102992147
5047	0.2102942683
5048	0.2102878895
5049	0.2102854082
5050	0.2102816985
5051	0.2102777216
5052	0.2102734842
5053	0.2102686544
5054	0.2102633905
5055	0.2102601719
5056	0.2102547797
5057	0.2102504646
5058	0.2102460755
5059	0.2102389773
5060	0.210235471
5061	0.210228973
5062	0.210222516
5063	0.210217841
5064	0.2102115621
5065	0.2102047699
5066	0.2101992655
5067	0.2101924656
5068	0.2101854866
5069	0.2101814241
5070	0.2101745712
5071	0.2101659601
5072	0.2101607753
5073	0.2101549831
5074	0.2101475609
5075	0.2101434526
5076	0.2101375973
5077	0.2101315182
5078	0.2101247058
5079	0.2101200112
5080	0.2101164309
5081	0.2101110089
5082	0.2101081485
5083	0.2101037936
5084	0.210099395
5085	0.2100944117
5086	0.2100903503
5087	0.210084878
5088	0.2100797065
5089	0.2100767805
5090	0.2100714082
5091	0.2100657667
5092	0.2100608408
5093	0.2100555942
5094	0.2100498583
5095	0.2100440482
5096	0.2100409946
5097	0.2100342269
5098	0.2100295277
5099	0.2100217879
5100	0.2100178233
5101	0.2100140385
5102	0.2100114826
5103	0.2100080898
5104	0.2100030937
5105	0.2099964758
5106	0.2099893297
5107	0.209985741
5108	0.2099818966
5109	0.2099767578
5110	0.2099705261
5111	0.2099658698
5112	0.2099608321
5113	0.2099544561
5114	0.2099511128
5115	0.2099434043
5116	0.2099395512
5117	0.2099334988
5118	0.2099257632
5119	0.2099204356
5120	0.2099138964
5121	0.2099091231
5122	0.2099028409
5123	0.2098992339
5124	0.2098939851
5125	0.2098905462
5126	0.2098866975
5127	0.2098811786
5128	0.2098765339
5129	0.2098728435
5130	0.2098682031
5131	0.2098643997
5132	0.2098588909
5133	0.2098545328
5134	0.2098466288
5135	0.2098396601
5136	0.2098365192
5137	0.2098319131
5138	0.2098277285
5139	0.2098221868
5140	0.2098167392
5141	0.2098132821
5142	0.2098089009
5143	0.2098048275
5144	0.2098005785
5145	0.2097941094
5146	0.2097881672
5147	0.2097833715
5148	0.2097795238
5149	0.2097767813
5150	0.2097719207
5151	0.2097670271
5152	0.2097616903
5153	0.2097557302
5154	0.2097510545
5155	0.2097446805
5156	0.2097388724
5157	0.2097351131
5158	0.2097312726
5159	0.2097253001
5160	0.2097196737
5161	0.2097152666
5162	0.2097103667
5163	0.2097042012
5164	0.2097002149
5165	0.2096971551
5166	0.2096922956
5167	0.2096865957
5168	0.2096834194
5169	0.2096787827
5170	0.2096732363
5171	0.209670353
5172	0.209665415
5173	0.2096605434
5174	0.2096565072
5175	0.2096539164
5176	0.2096483572
5177	0.209644763
5178	0.2096393635
5179	0.2096344233
5180	0.2096269009
5181	0.2096231179
5182	0.2096193187
5183	0.2096121599
5184	0.2096069918
5185	0.2096027189
5186	0.2095961153
5187	0.2095931378
5188	0.2095891408
5189	0.209583359
5190	0.2095792492
5191	0.2095739557
5192	0.2095675794
5193	0.2095608049
5194	0.2095554338
5195	0.2095486546
5196	0.2095426121
5197	0.2095347499
5198	0.2095308479
5199	0.2095245617
5200	0.2095190415
5201	0.2095141698
5202	0.2095119365
5203	0.209509003
5204	0.2095054548
5205	0.2095027269
5206	0.2094995271
5207	0.2094956204
5208	0.2094894527
5209	0.2094848207
5210	0.2094799731
5211	0.2094770446
5212	0.209470762
5213	0.2094662663
5214	0.2094606756
5215	0.2094573981
5216	0.2094510883
5217	0.209447196
5218	0.2094439644
5219	0.2094404478
5220	0.2094363732
5221	0.2094296492
5222	0.209425343
5223	0.2094203396
5224	0.2094168649
5225	0.2094118683
5226	0.2094094782
5227	0.209406163
5228	0.2094002048
5229	0.2093959637
5230	0.2093936503
5231	0.2093894628
5232	0.2093840228
5233	0.2093768421
5234	0.2093711424
5235	0.2093685372
5236	0.2093639305
5237	0.2093601706
5238	0.2093558722
5239	0.2093504315
5240	0.2093448259
5241	0.2093366748
5242	0.2093311637
5243	0.2093258777
5244	0.2093226637
5245	0.2093181686
5246	0.2093147466
5247	0.20931052
5248	0.2093075228
5249	0.2092985113
5250	0.2092929866
5251	0.2092866677
5252	0.2092811101
5253	0.2092760837
5254	0.2092708978
5255	0.2092652837
5256	0.2092628156
5257	0.209258225
5258	0.2092526103
5259	0.2092481805
5260	0.2092431831
5261	0.2092384141
5262	0.2092336933
5263	0.2092299545
5264	0.209224303
5265	0.2092195235
5266	0.2092149002
5267	0.2092086759
5268	0.2092028805
5269	0.2091996343
5270	0.2091965145
5271	0.2091957937
5272	0.2091904479
5273	0.2091879674
5274	0.2091831832
5275	0.2091791382
5276	0.2091755622
5277	0.2091711004
5278	0.2091672853
5279	0.2091622988
5280	0.2091558716
5281	0.2091510871
5282	0.2091462587
5283	0.2091399596
5284	0.2091363561
5285	0.2091325275
5286	0.209126267
5287	0.2091226142
5288	0.2091174465
5289	0.2091140136
5290	0.2091087988
5291	0.2091044604
5292	0.2090991289
5293	0.2090986587
5294	0.2090927956
5295	0.2090870248
5296	0.2090826308
5297	0.2090777373
5298	0.2090738723
5299	0.209068593
5300	0.2090642187
5301	0.2090586467
5302	0.2090547761
5303	0.2090509505
5304	0.2090480466
5305	0.2090428949
5306	0.2090372879
5307	0.2090286828
5308	0.20902329
5309	0.2090173792
5310	0.209013279
5311	0.2090093351
5312	0.2090050145
5313	0.2089998177
5314	0.208995087
5315	0.2089894966
5316	0.2089836459
5317	0.2089793301
5318	0.2089752329
5319	0.2089711466
5320	0.2089666855
5321	0.208963866
5322	0.2089587142
5323	0.2089540637
5324	0.2089484797
5325	0.2089458283
5326	0.2089411903
5327	0.2089375575
5328	0.2089337306
5329	0.2089275366
5330	0.208923247
5331	0.2089187635
5332	0.2089137431
5333	0.2089076764
5334	0.2089032335
5335	0.2088999097
5336	0.2088961079
5337	0.2088917881
5338	0.2088881032
5339	0.2088840437
5340	0.2088793281
5341	0.2088757965
5342	0.2088735265
5343	0.2088688436
5344	0.2088640327
5345	0.2088595645
5346	0.208856687
5347	0.2088531602
5348	0.2088494417
5349	0.2088446368
5350	0.2088404052
5351	0.2088320476
5352	0.2088287418
5353	0.20882338
5354	0.2088176925
5355	0.208812481
5356	0.2088086518
5357	0.2088051188
5358	0.2087998906
5359	0.2087962644
5360	0.2087892809
5361	0.2087842651
5362	0.208778759
5363	0.2087721564
5364	0.2087673087
5365	0.2087632197
5366	0.2087578387
5367	0.2087533617
5368	0.2087488383
5369	0.2087444946
5370	0.208740596
5371	0.2087347775
5372	0.2087284948
5373	0.2087238484
5374	0.2087183977
5375	0.2087122586
5376	0.2087087536
5377	0.2087049788
5378	0.2086988142
5379	0.2086930749
5380	0.2086902793
5381	0.2086863382
5382	0.2086766694
5383	0.2086727519
5384	0.2086670126
5385	0.2086641034
5386	0.2086592988
5387	0.2086548427
5388	0.208649962
5389	0.208644245
5390	0.2086408855
5391	0.2086360024
5392	0.2086299304
5393	0.2086242412
5394	0.2086175253
5395	0.208611164
5396	0.2086031541
5397	0.2085999005
5398	0.2085949829
5399	0.2085900499
5400	0.2085841562
5401	0.2085815078
5402	0.2085748442
5403	0.2085699646
5404	0.2085661774
5405	0.2085630827
5406	0.2085588716
5407	0.2085560672
5408	0.2085520829
5409	0.2085488466
5410	0.2085445979
5411	0.2085401593
5412	0.2085377589
5413	0.2085342523
5414	0.2085298177
5415	0.2085246971
5416	0.2085190897
5417	0.2085157622
5418	0.2085112935
5419	0.2085079078
5420	0.2085043638
5421	0.2084994129
5422	0.2084957901
5423	0.2084891256
5424	0.2084836363
5425	0.2084792308
5426	0.208474152
5427	0.2084699252
5428	0.2084650531
5429	0.2084597876
5430	0.2084549055
5431	0.2084504795
5432	0.208444111
5433	0.2084365563
5434	0.2084317134
5435	0.208426858
5436	0.2084212822
5437	0.2084167149
5438	0.2084122501
5439	0.2084061758
5440	0.2084015226
5441	0.2083983078
5442	0.2083942047
5443	0.2083905252
5444	0.2083846969
5445	0.2083787032
5446	0.2083722265
5447	0.2083668748
5448	0.2083640159
5449	0.2083590185
5450	0.2083539043
5451	0.2083484499
5452	0.2083455178
5453	0.2083414714
5454	0.2083381407
5455	0.2083328354
5456	0.2083292556
5457	0.2083252693
5458	0.2083206958
5459	0.2083166186
5460	0.208311301
5461	0.2083071861
5462	0.2083036596
5463	0.2083009381
5464	0.2082969983
5465	0.2082910555
5466	0.2082882341
5467	0.2082854017
5468	0.208281069
5469	0.2082761765
5470	0.2082716854
5471	0.2082667259
5472	0.208261883
5473	0.208259504
5474	0.208253861
5475	0.2082494288
5476	0.2082430746
5477	0.2082388439
5478	0.2082334587
5479	0.2082295581
5480	0.2082238192
5481	0.2082197025
5482	0.208214827
5483	0.2082067667
5484	0.2082026211
5485	0.2081978192
5486	0.2081936372
5487	0.2081877721
5488	0.2081828897
5489	0.2081786216
5490	0.20817557
5491	0.2081705493
5492	0.2081657285
5493	0.2081607409
5494	0.2081571489
5495	0.2081514001
5496	0.2081467734
5497	0.2081422372
5498	0.2081373251
5499	0.2081321347
5500	0.208126574
5501	0.2081227038
5502	0.2081167657
5503	0.2081116682
5504	0.2081057258
5505	0.2081010158
5506	0.2080967728
5507	0.2080937692
5508	0.2080869228
5509	0.2080825249
5510	0.2080780128
5511	0.2080732852
5512	0.2080676508
5513	0.208062336
5514	0.2080589432
5515	0.2080556182
5516	0.2080514862
5517	0.2080446983
5518	0.2080403598
5519	0.2080372856
5520	0.2080340538
5521	0.2080279431
5522	0.20802338
5523	0.2080180235
5524	0.2080124813
5525	0.2080087586
5526	0.2080035193
5527	0.2080002935
5528	0.2079945375
5529	0.2079893794
5530	0.2079855528
5531	0.2079822543
5532	0.2079771206
5533	0.207973366
5534	0.2079700288
5535	0.2079654515
5536	0.2079596953
5537	0.2079563068
5538	0.207952385
5539	0.2079482194
5540	0.2079434051
5541	0.2079399703
5542	0.2079338762
5543	0.2079297465
5544	0.2079245444
5545	0.207919987
5546	0.207913823
5547	0.2079095031
5548	0.2079061758
5549	0.2078985348
5550	0.2078927325
5551	0.2078896801
5552	0.2078855823
5553	0.207879392
5554	0.2078754802
5555	0.2078715058
5556	0.2078657663
5557	0.2078616309
5558	0.2078569066
5559	0.2078543824
5560	0.2078515375
5561	0.2078457334
5562	0.207842088
5563	0.2078363958
5564	0.2078326917
5565	0.207826069
5566	0.2078215336
5567	0.207815781
5568	0.2078116277
5569	0.2078060917
5570	0.2078011668
5571	0.2077951701
5572	0.2077905485
5573	0.207785583
5574	0.2077796187
5575	0.2077766675
5576	0.2077743942
5577	0.2077670046
5578	0.2077618604
5579	0.2077554851
5580	0.2077506235
5581	0.2077478306
5582	0.2077419001
5583	0.2077381849
5584	0.2077343725
5585	0.2077319134
5586	0.2077276938
5587	0.2077221759
5588	0.2077169498
5589	0.2077138781
5590	0.2077090512
5591	0.2077035086
5592	0.2076989556
5593	0.2076955195
5594	0.2076905491
5595	0.2076823054
5596	0.2076775385
5597	0.2076728533
5598	0.2076678964
5599	0.2076647378
5600	0.2076595406
5601	0.2076548093
5602	0.2076521424
5603	0.2076450772
5604	0.2076417509
5605	0.2076376371
5606	0.2076347646
5607	0.2076294664
5608	0.2076240827
5609	0.2076190912
5610	0.2076155012
5611	0.2076102386
5612	0.2076064609
5613	0.2076014798
5614	0.2075978142
5615	0.207593426
5616	0.2075895788
5617	0.2075849223
5618	0.2075814343
5619	0.2075769828
5620	0.2075724426
5621	0.2075664639
5622	0.2075609564
5623	0.2075569565
5624	0.2075521197
5625	0.2075482514
5626	0.2075428305
5627	0.2075385527
5628	0.2075338563
5629	0.2075293529
5630	0.2075222028
5631	0.2075185715
5632	0.2075113425
5633	0.2075049596
5634	0.2075014564
5635	0.2074980062
5636	0.2074939414
5637	0.2074913764
5638	0.2074886167
5639	0.2074847608
5640	0.2074787675
5641	0.2074727023
5642	0.2074692068
5643	0.2074644472
5644	0.2074589611
5645	0.2074553285
5646	0.2074514764
5647	0.2074457388
5648	0.207442266
5649	0.2074377344
5650	0.2074346708
5651	0.2074305633
5652	0.2074264199
5653	0.2074227347
5654	0.2074194743
5655	0.2074150488
5656	0.2074100551
5657	0.2074059273
5658	0.2074002798
5659	0.2073960423
5660	0.2073917395
5661	0.2073876995
5662	0.207380174
5663	0.2073758422
5664	0.207369531
5665	0.20736335
5666	0.2073581367
5667	0.2073545673
5668	0.2073500306
5669	0.2073455712
5670	0.2073420554
5671	0.2073381801
5672	0.207334019
5673	0.207329319
5674	0.2073264748
5675	0.2073218743
5676	0.207319133
5677	0.2073158897
5678	0.2073096567
5679	0.2073055458
5680	0.207300443
5681	0.2072953027
5682	0.207291041
5683	0.207285772
5684	0.2072802363
5685	0.2072757302
5686	0.2072723663
5687	0.2072670726
5688	0.2072639212
5689	0.2072592943
5690	0.2072563671
5691	0.2072517455
5692	0.2072484202
5693	0.2072437957
5694	0.2072404488
5695	0.2072370443
5696	0.2072308195
5697	0.2072273079
5698	0.2072219865
5699	0.2072159986
5700	0.2072135009
5701	0.2072091932
5702	0.2072030382
5703	0.2071995058
5704	0.2071946541
5705	0.2071906633
5706	0.2071862153
5707	0.2071805454
5708	0.2071776676
5709	0.2071750382
5710	0.2071719956
5711	0.2071683511
5712	0.207163836
5713	0.2071572832
5714	0.207151185
5715	0.2071459186
5716	0.2071397792
5717	0.2071360808
5718	0.2071326594
5719	0.2071264094
5720	0.207120716
5721	0.2071154523
5722	0.2071122134
5723	0.2071093491
5724	0.2071056698
5725	0.2071005103
5726	0.2070952507
5727	0.2070889955
5728	0.2070844095
5729	0.20708009
5730	0.2070763816
5731	0.2070725213
5732	0.2070688281
5733	0.2070636477
5734	0.2070591421
5735	0.2070561614
5736	0.2070510914
5737	0.2070458642
5738	0.2070409968
5739	0.2070387001
5740	0.2070351293
5741	0.2070320313
5742	0.2070297461
5743	0.2070272778
5744	0.2070226966
5745	0.2070195442
5746	0.2070140166
5747	0.2070095222
5748	0.2070061964
5749	0.2070016837
5750	0.206994709
5751	0.2069916978
5752	0.206988488
5753	0.2069845179
5754	0.2069810678
5755	0.2069764381
5756	0.2069709722
5757	0.2069669347
5758	0.2069639323
5759	0.2069611988
5760	0.2069579819
5761	0.2069529519
5762	0.2069501016
5763	0.2069472424
5764	0.2069441837
5765	0.2069421084
5766	0.2069372133
5767	0.2069297827
5768	0.2069247397
5769	0.2069204759
5770	0.2069153046
5771	0.2069104326
5772	0.2069047067
5773	0.2068997837
5774	0.2068949439
5775	0.2068913948
5776	0.2068851298
5777	0.2068816315
5778	0.2068795021
5779	0.206876815
5780	0.2068712112
5781	0.2068688779
5782	0.206863353
5783	0.2068587677
5784	0.2068528253
5785	0.206848551
5786	0.2068452354
5787	0.2068417296
5788	0.2068355752
5789	0.2068293733
5790	0.2068229097
5791	0.2068192164
5792	0.2068145421
5793	0.2068092844
5794	0.2068042533
5795	0.2068002363
5796	0.2067976264
5797	0.2067936015
5798	0.2067872229
5799	0.2067830664
5800	0.2067793319
5801	0.2067732447
5802	0.2067687963
5803	0.206763603
5804	0.2067570194
5805	0.206753709
5806	0.206746633
5807	0.2067425577
5808	0.2067377808
5809	0.2067336962
5810	0.2067288548
5811	0.206725747
5812	0.2067226069
5813	0.2067201751
5814	0.2067151367
5815	0.2067123353
5816	0.2067069966
5817	0.2067037492
5818	0.2066988229
5819	0.2066937681
5820	0.2066901233
5821	0.2066858498
5822	0.2066825395
5823	0.2066790608
5824	0.2066747229
5825	0.2066721879
5826	0.2066674636
5827	0.206663676
5828	0.2066608412
5829	0.2066546678
5830	0.206651869
5831	0.2066460945
5832	0.2066401598
5833	0.2066361495
5834	0.2066309475
5835	0.2066256391
5836	0.2066185138
5837	0.2066120468
5838	0.2066080835
5839	0.2066033628
5840	0.2065993358
5841	0.2065929697
5842	0.2065904989
5843	0.2065866202
5844	0.2065801441
5845	0.2065743325
5846	0.2065693094
5847	0.2065636135
5848	0.2065594947
5849	0.2065562374
5850	0.2065508486
5851	0.2065468457
5852	0.2065429959
5853	0.2065386718
5854	0.2065345998
5855	0.2065322231
5856	0.2065257063
5857	0.2065227174
5858	0.2065201843
5859	0.2065164835
5860	0.2065141052
5861	0.206510426
5862	0.2065058287
5863	0.2065014179
5864	0.2064990265
5865	0.2064927245
5866	0.2064898572
5867	0.2064852391
5868	0.2064801449
5869	0.2064731379
5870	0.206467208
5871	0.2064617081
5872	0.2064560523
5873	0.2064515583
5874	0.206447096
5875	0.2064432005
5876	0.2064391719
5877	0.2064337154
5878	0.2064282243
5879	0.2064249144
5880	0.2064216531
5881	0.2064157539
5882	0.2064124515
5883	0.2064097765
5884	0.206405504
5885	0.2064014509
5886	0.2063960203
5887	0.2063917475
5888	0.2063879417
5889	0.2063844642
5890	0.2063798116
5891	0.2063727526
5892	0.2063667177
5893	0.2063592417
5894	0.2063546865
5895	0.2063504021
5896	0.2063419941
5897	0.2063382729
5898	0.2063337027
5899	0.2063302878
5900	0.2063262264
5901	0.2063211129
5902	0.2063169058
5903	0.2063120693
5904	0.2063091828
5905	0.2063055849
5906	0.2062995691
5907	0.2062975593
5908	0.2062929329
5909	0.2062896432
5910	0.2062838049
5911	0.2062810954
5912	0.2062761695
5913	0.2062717066
5914	0.2062679289
5915	0.2062626627
5916	0.206258861
5917	0.2062542509
5918	0.2062498546
5919	0.206247248
5920	0.2062450854
5921	0.2062404498
5922	0.2062368151
5923	0.2062330039
5924	0.2062291686
5925	0.206224635
5926	0.2062210561
5927	0.206217156
5928	0.2062147392
5929	0.2062114309
5930	0.2062068582
5931	0.2062039523
5932	0.2061968829
5933	0.2061936245
5934	0.2061904674
5935	0.2061855687
5936	0.206181971
5937	0.2061774992
5938	0.2061747129
5939	0.206170483
5940	0.2061667278
5941	0.2061631469
5942	0.2061563528
5943	0.2061501456
5944	0.2061464248
5945	0.206141154
5946	0.2061379503
5947	0.2061340931
5948	0.2061291811
5949	0.2061245677
5950	0.2061209421
5951	0.2061168139
5952	0.2061139906
5953	0.2061093494
5954	0.2061057448
5955	0.2061003347
5956	0.2060933053
5957	0.2060893172
5958	0.2060866749
5959	0.2060805054
5960	0.2060745892
5961	0.2060708824
5962	0.2060650886
5963	0.2060590353
5964	0.2060543301
5965	0.2060494235
5966	0.2060450906
5967	0.2060408391
5968	0.2060373675
5969	0.2060335482
5970	0.2060276608
5971	0.2060246801
5972	0.2060177431
5973	0.2060123332
5974	0.2060089314
5975	0.2060050591
5976	0.2060008865
5977	0.2059966263
5978	0.2059913098
5979	0.2059884407
5980	0.2059832195
5981	0.2059781161
5982	0.2059731468
5983	0.2059681077
5984	0.2059639572
5985	0.2059601824
5986	0.2059570913
5987	0.2059517879
5988	0.2059469107
5989	0.2059421733
5990	0.2059392117
5991	0.2059320148
5992	0.205928557
5993	0.2059243583
5994	0.2059194126
5995	0.2059142706
5996	0.2059084992
5997	0.2059061688
5998	0.2059023597
5999	0.2059006171
6000	0.2058944468
6001	0.2058923582
6002	0.2058898379
6003	0.2058847429
6004	0.2058799414
6005	0.2058737746
6006	0.2058684501
6007	0.2058645499
6008	0.2058598864
6009	0.2058564461
6010	0.205853774
6011	0.2058488916
6012	0.2058450601
6013	0.2058371059
6014	0.2058316657
6015	0.2058274173
6016	0.2058213147
6017	0.2058179425
6018	0.2058147439
6019	0.205809612
6020	0.2058049625
6021	0.2057995008
6022	0.2057942223
6023	0.2057895787
6024	0.2057860269
6025	0.2057812453
6026	0.2057775337
6027	0.2057754006
6028	0.205772154
6029	0.205767096
6030	0.205761486
6031	0.2057570747
6032	0.2057544961
6033	0.2057504438
6034	0.20574616
6035	0.2057430562
6036	0.2057408708
6037	0.2057365143
6038	0.2057326538
6039	0.205726241
6040	0.2057199983
6041	0.2057158453
6042	0.2057115146
6043	0.2057059436
6044	0.2057011654
6045	0.2056967275
6046	0.2056917166
6047	0.2056840988
6048	0.2056794635
6049	0.2056734209
6050	0.2056673636
6051	0.2056637614
6052	0.2056614862
6053	0.2056571358
6054	0.2056540995
6055	0.2056504062
6056	0.2056453541
6057	0.2056407603
6058	0.2056370982
6059	0.2056328625
6060	0.2056299968
6061	0.2056248478
6062	0.2056217302
6063	0.2056174738
6064	0.2056124253
6065	0.2056081615
6066	0.2056034043
6067	0.205600053
6068	0.2055953064
6069	0.2055890854
6070	0.2055827983
6071	0.2055791407
6072	0.2055736568
6073	0.2055693883
6074	0.2055629908
6075	0.2055571622
6076	0.2055524992
6077	0.205545351
6078	0.2055424105
6079	0.2055390527
6080	0.2055368774
6081	0.2055319099
6082	0.2055266476
6083	0.2055238848
6084	0.2055171667
6085	0.20551281
6086	0.2055073526
6087	0.20550403
6088	0.2055011285
6089	0.2054978803
6090	0.2054934224
6091	0.2054882356
6092	0.2054847071
6093	0.2054798522
6094	0.2054761656
6095	0.2054717858
6096	0.2054687589
6097	0.2054652603
6098	0.2054633365
6099	0.2054576059
6100	0.2054541594
6101	0.2054520492
6102	0.2054483259
6103	0.2054438315
6104	0.2054385956
6105	0.2054359771
6106	0.2054320836
6107	0.2054277376
6108	0.2054225111
6109	0.2054198491
6110	0.2054156298
6111	0.2054126792
6112	0.2054069834
6113	0.2054011436
6114	0.2053995273
6115	0.2053955594
6116	0.2053920416
6117	0.2053871535
6118	0.2053828234
6119	0.2053777476
6120	0.2053731644
6121	0.2053706006
6122	0.2053654407
6123	0.2053612649
6124	0.2053584472
6125	0.2053557184
6126	0.2053524543
6127	0.2053490091
6128	0.2053452584
6129	0.205339923
6130	0.2053349678
6131	0.2053292848
6132	0.2053258196
6133	0.2053210331
6134	0.2053150549
6135	0.2053118352
6136	0.2053067908
6137	0.2053028669
6138	0.2052996497
6139	0.2052951615
6140	0.2052910886
6141	0.2052867429
6142	0.2052818734
6143	0.2052768271
6144	0.2052742279
6145	0.2052705706
6146	0.2052673668
6147	0.2052638236
6148	0.2052611
6149	0.2052574024
6150	0.2052526815
6151	0.2052483797
6152	0.2052451198
6153	0.2052399004
6154	0.2052369516
6155	0.2052320415
6156	0.2052272018
6157	0.2052232241
6158	0.2052198703
6159	0.2052147262
6160	0.2052074129
6161	0.2052032288
6162	0.2051976892
6163	0.2051937181
6164	0.2051905693
6165	0.2051874728
6166	0.2051831291
6167	0.2051793356
6168	0.205176473
6169	0.205170693
6170	0.2051665552
6171	0.2051634341
6172	0.2051581787
6173	0.2051545742
6174	0.2051492869
6175	0.2051449568
6176	0.2051429243
6177	0.2051390329
6178	0.2051356855
6179	0.2051309997
6180	0.2051257412
6181	0.2051212113
6182	0.205115451
6183	0.2051112153
6184	0.2051071452
6185	0.2051046451
6186	0.2051005379
6187	0.2050975095
6188	0.2050932206
6189	0.2050903696
6190	0.2050870144
6191	0.2050832352
6192	0.2050787876
6193	0.2050752236
6194	0.2050715245
6195	0.2050692965
6196	0.2050649094
6197	0.2050620219
6198	0.2050571289
6199	0.2050524742
6200	0.205047614
6201	0.2050436029
6202	0.2050418533
6203	0.2050378668
6204	0.2050345752
6205	0.2050312966
6206	0.2050261311
6207	0.2050237218
6208	0.2050195518
6209	0.2050169272
6210	0.2050124017
6211	0.2050074204
6212	0.2050039749
6213	0.2050011622
6214	0.2049984079
6215	0.2049924229
6216	0.2049884648
6217	0.2049829317
6218	0.2049781817
6219	0.2049730448
6220	0.2049682227
6221	0.2049614461
6222	0.2049564421
6223	0.2049515457
6224	0.2049461303
6225	0.2049427746
6226	0.2049354979
6227	0.2049304587
6228	0.2049247569
6229	0.2049217128
6230	0.204918665
6231	0.2049139919
6232	0.2049097381
6233	0.2049050071
6234	0.2049010079
6235	0.2048949891
6236	0.2048918808
6237	0.2048852092
6238	0.2048821436
6239	0.2048801235
6240	0.2048773789
6241	0.2048711589
6242	0.2048682771
6243	0.2048654642
6244	0.2048595646
6245	0.204857859
6246	0.204853366
6247	0.2048499943
6248	0.204845899
6249	0.2048415356
6250	0.204838133
6251	0.2048338566
6252	0.2048287832
6253	0.2048253439
6254	0.2048216163
6255	0.2048181958
6256	0.2048122237
6257	0.2048077414
6258	0.2048028827
6259	0.2047964548
6260	0.2047932953
6261	0.2047897861
6262	0.2047845201
6263	0.2047802242
6264	0.2047771367
6265	0.2047710603
6266	0.2047669062
6267	0.2047608453
6268	0.2047571913
6269	0.2047532565
6270	0.2047491261
6271	0.204746041
6272	0.204744256
6273	0.2047398676
6274	0.2047337115
6275	0.2047303444
6276	0.2047270329
6277	0.2047204798
6278	0.2047181127
6279	0.2047124656
6280	0.2047098365
6281	0.2047060045
6282	0.2047020022
6283	0.2046982658
6284	0.2046940353
6285	0.2046903164
6286	0.2046873957
6287	0.2046819349
6288	0.2046770639
6289	0.2046732139
6290	0.2046676488
6291	0.204662125
6292	0.2046587293
6293	0.2046547283
6294	0.2046509167
6295	0.204646822
6296	0.2046424718
6297	0.2046373438
6298	0.2046317049
6299	0.2046282485
6300	0.2046239843
6301	0.2046186896
6302	0.2046155737
6303	0.2046095394
6304	0.2046055791
6305	0.2046015575
6306	0.2045964255
6307	0.2045921763
6308	0.2045860069
6309	0.2045822141
6310	0.2045793306
6311	0.2045748787
6312	0.2045690625
6313	0.204565255
6314	0.2045613179
6315	0.2045588024
6316	0.2045555741
6317	0.2045494732
6318	0.2045440482
6319	0.2045393615
6320	0.2045345207
6321	0.2045327306
6322	0.2045274946
6323	0.2045235265
6324	0.2045179197
6325	0.2045151324
6326	0.2045131326
6327	0.2045110068
6328	0.2045050007
6329	0.2045015628
6330	0.2044966392
6331	0.2044941629
6332	0.2044903661
6333	0.2044853656
6334	0.2044815852
6335	0.2044764044
6336	0.2044733541
6337	0.2044712393
6338	0.2044630866
6339	0.2044588027
6340	0.2044543276
6341	0.2044516316
6342	0.204448061
6343	0.2044435031
6344	0.2044380698
6345	0.2044333695
6346	0.2044304373
6347	0.2044228147
6348	0.2044157392
6349	0.2044119579
6350	0.2044064008
6351	0.204401886
6352	0.2043965494
6353	0.2043929355
6354	0.2043901302
6355	0.2043847425
6356	0.2043817948
6357	0.2043749941
6358	0.2043697811
6359	0.2043640991
6360	0.2043599303
6361	0.2043571101
6362	0.204352667
6363	0.2043486846
6364	0.204345445
6365	0.2043396073
6366	0.2043362946
6367	0.2043306605
6368	0.2043268351
6369	0.2043226852
6370	0.2043198074
6371	0.204313736
6372	0.2043071144
6373	0.2043031561
6374	0.2042989461
6375	0.2042954926
6376	0.2042912403
6377	0.2042871791
6378	0.2042840642
6379	0.2042785175
6380	0.204276321
6381	0.2042707115
6382	0.2042673991
6383	0.2042637508
6384	0.2042583819
6385	0.2042556864
6386	0.2042502223
6387	0.2042470085
6388	0.2042442082
6389	0.2042393692
6390	0.2042350151
6391	0.2042304762
6392	0.2042270855
6393	0.2042238047
6394	0.204220365
6395	0.2042172628
6396	0.2042134846
6397	0.2042103127
6398	0.2042052537
6399	0.2042026379
6400	0.204200185
6401	0.2041943347
6402	0.2041900896
6403	0.204187374
6404	0.2041832071
6405	0.2041789291
6406	0.2041744565
6407	0.2041690503
6408	0.2041651125
6409	0.2041600241
6410	0.2041556922
6411	0.2041508764
6412	0.2041472112
6413	0.2041436611
6414	0.2041405344
6415	0.2041338635
6416	0.2041288093
6417	0.2041217221
6418	0.204115552
6419	0.204111595
6420	0.2041055921
6421	0.2041018246
6422	0.2040973683
6423	0.2040944655
6424	0.2040909231
6425	0.2040885115
6426	0.2040830762
6427	0.204078295
6428	0.2040748022
6429	0.2040719679
6430	0.2040668424
6431	0.2040622414
6432	0.2040573393
6433	0.204054434
6434	0.2040499382
6435	0.2040447915
6436	0.204040215
6437	0.2040346644
6438	0.2040309165
6439	0.2040269972
6440	0.2040228818
6441	0.2040196146
6442	0.2040140514
6443	0.204009804
6444	0.2040044765
6445	0.204000501
6446	0.203997716
6447	0.2039922971
6448	0.2039896322
6449	0.2039839358
6450	0.2039807563
6451	0.2039759822
6452	0.2039710892
6453	0.2039678681
6454	0.2039654587
6455	0.2039598527
6456	0.2039556833
6457	0.2039526143
6458	0.2039478571
6459	0.203943228
6460	0.2039398183
6461	0.2039366331
6462	0.2039327729
6463	0.2039288235
6464	0.2039259731
6465	0.2039238253
6466	0.203919149
6467	0.2039155446
6468	0.2039119509
6469	0.2039068731
6470	0.2039034574
6471	0.2039001539
6472	0.2038954297
6473	0.2038917811
6474	0.2038867583
6475	0.2038793097
6476	0.2038723497
6477	0.2038688918
6478	0.2038665479
6479	0.2038619709
6480	0.2038590296
6481	0.2038546144
6482	0.2038494316
6483	0.2038468418
6484	0.2038442009
6485	0.2038408942
6486	0.2038372113
6487	0.2038342172
6488	0.2038291885
6489	0.2038261027
6490	0.2038216448
6491	0.2038186625
6492	0.2038137017
6493	0.2038091956
6494	0.2038040761
6495	0.2038007005
6496	0.2037990238
6497	0.203793873
6498	0.2037900223
6499	0.2037862008
6500	0.2037826345
6501	0.203778018
6502	0.2037754776
6503	0.2037709644
6504	0.2037664374
6505	0.2037631561
6506	0.2037599838
6507	0.2037549096
6508	0.2037493199
6509	0.2037456488
6510	0.2037423389
6511	0.20373793
6512	0.2037347781
6513	0.2037304609
6514	0.2037260217
6515	0.2037202587
6516	0.203715358
6517	0.2037098575
6518	0.2037056905
6519	0.20370119
6520	0.2036953457
6521	0.2036913014
6522	0.2036854705
6523	0.2036823624
6524	0.2036788435
6525	0.2036745931
6526	0.2036718859
6527	0.2036681899
6528	0.2036642634
6529	0.2036612061
6530	0.2036594202
6531	0.2036545689
6532	0.203651027
6533	0.2036463341
6534	0.203639946
6535	0.2036362349
6536	0.2036313268
6537	0.2036266961
6538	0.2036222409
6539	0.2036194688
6540	0.2036161135
6541	0.2036123748
6542	0.2036088992
6543	0.2036029746
6544	0.203598078
6545	0.2035939305
6546	0.2035889562
6547	0.2035827665
6548	0.2035754268
6549	0.203570056
6550	0.2035665148
6551	0.2035628444
6552	0.2035589044
6553	0.2035561044
6554	0.2035517009
6555	0.2035489171
6556	0.2035447508
6557	0.2035415865
6558	0.2035383241
6559	0.2035334161
6560	0.203533078
6561	0.2035306092
6562	0.2035242831
6563	0.2035225053
6564	0.2035173763
6565	0.2035129689
6566	0.2035083418
6567	0.2035044701
6568	0.2035016047
6569	0.2034982617
6570	0.2034948409
6571	0.2034893341
6572	0.2034831923
6573	0.2034798798
6574	0.2034763186
6575	0.2034711191
6576	0.2034673804
6577	0.2034643214
6578	0.2034608435
6579	0.2034568404
6580	0.2034540754
6581	0.2034491412
6582	0.203444579
6583	0.2034399628
6584	0.2034349507
6585	0.2034308763
6586	0.2034265767
6587	0.2034237053
6588	0.2034200097
6589	0.2034147388
6590	0.2034122244
6591	0.2034085555
6592	0.2034054553
6593	0.2034010183
6594	0.2033975771
6595	0.2033937997
6596	0.2033891744
6597	0.2033854606
6598	0.20338119
6599	0.203376935
6600	0.2033737042
6601	0.2033711211
6602	0.2033681963
6603	0.2033643107
6604	0.2033615646
6605	0.2033594976
6606	0.2033547068
6607	0.2033516867
6608	0.2033478715
6609	0.2033443104
6610	0.2033397796
6611	0.203337025
6612	0.203334485
6613	0.2033314108
6614	0.2033258228
6615	0.2033217961
6616	0.2033184646
6617	0.2033143776
6618	0.203310582
6619	0.2033062524
6620	0.2033040512
6621	0.20330076
6622	0.2032965169
6623	0.2032929582
6624	0.2032896199
6625	0.2032856784
6626	0.2032803672
6627	0.2032771539
6628	0.2032750978
6629	0.203271458
6630	0.2032695521
6631	0.203265579
6632	0.2032610792
6633	0.2032543674
6634	0.2032502647
6635	0.2032463984
6636	0.2032416834
6637	0.2032383707
6638	0.2032349066
6639	0.2032316618
6640	0.2032288528
6641	0.2032263114
6642	0.2032215072
6643	0.2032174532
6644	0.2032133341
6645	0.2032088436
6646	0.2032044995
6647	0.2032001072
6648	0.2031956207
6649	0.2031899764
6650	0.2031872723
6651	0.2031851432
6652	0.203181455
6653	0.2031783236
6654	0.2031744467
6655	0.2031710983
6656	0.2031679057
6657	0.2031624142
6658	0.2031574852
6659	0.2031538081
6660	0.2031497233
6661	0.2031472081
6662	0.2031436743
6663	0.2031386724
6664	0.2031345758
6665	0.203132748
6666	0.2031278828
6667	0.203124014
6668	0.2031195652
6669	0.2031157957
6670	0.2031110493
6671	0.2031056438
6672	0.2031026181
6673	0.203099887
6674	0.2030956081
6675	0.2030922618
6676	0.2030868685
6677	0.2030831895
6678	0.2030811725
6679	0.2030765751
6680	0.2030719879
6681	0.2030697047
6682	0.2030660962
6683	0.2030609872
6684	0.203057442
6685	0.2030538908
6686	0.2030491265
6687	0.2030461553
6688	0.2030439308
6689	0.2030387819
6690	0.2030348316
6691	0.2030305362
6692	0.2030273278
6693	0.2030215983
6694	0.2030173038
6695	0.20301526
6696	0.20300754
6697	0.2030049612
6698	0.2030019857
6699	0.2029983139
6700	0.2029952559
6701	0.2029906214
6702	0.2029890362
6703	0.2029869432
6704	0.2029834576
6705	0.2029773695
6706	0.2029720534
6707	0.202969542
6708	0.2029657723
6709	0.2029600497
6710	0.2029550822
6711	0.2029501167
6712	0.2029436746
6713	0.2029401655
6714	0.2029374267
6715	0.2029361999
6716	0.2029301059
6717	0.2029262951
6718	0.2029213249
6719	0.2029139658
6720	0.2029102223
6721	0.2029059368
6722	0.2029018821
6723	0.2028988719
6724	0.2028951088
6725	0.202891714
6726	0.2028881107
6727	0.2028831168
6728	0.2028791027
6729	0.2028764617
6730	0.2028722592
6731	0.2028688812
6732	0.2028650989
6733	0.2028619053
6734	0.202859467
6735	0.2028554865
6736	0.202850504
6737	0.2028446015
6738	0.2028414051
6739	0.2028370342
6740	0.2028346204
6741	0.2028318631
6742	0.2028267893
6743	0.2028236654
6744	0.2028200365
6745	0.2028147084
6746	0.2028116419
6747	0.2028082659
6748	0.2028031032
6749	0.2027996695
6750	0.2027960516
6751	0.2027925487
6752	0.202787957
6753	0.2027836754
6754	0.2027799506
6755	0.2027762117
6756	0.2027718679
6757	0.2027694202
6758	0.2027648391
6759	0.2027618782
6760	0.2027593465
6761	0.2027560227
6762	0.2027523024
6763	0.2027493037
6764	0.2027458663
6765	0.2027426294
6766	0.2027386677
6767	0.202734459
6768	0.2027328097
6769	0.2027298694
6770	0.2027243808
6771	0.2027214836
6772	0.2027194153
6773	0.2027142749
6774	0.2027121362
6775	0.202708092
6776	0.2027026661
6777	0.2027010051
6778	0.202698544
6779	0.2026943395
6780	0.2026896178
6781	0.2026868586
6782	0.2026843871
6783	0.2026804159
6784	0.2026765178
6785	0.2026726674
6786	0.2026691325
6787	0.2026662985
6788	0.2026625546
6789	0.2026577323
6790	0.2026535259
6791	0.2026491136
6792	0.202644929
6793	0.2026410286
6794	0.202638171
6795	0.2026322716
6796	0.2026287617
6797	0.2026231904
6798	0.202620991
6799	0.2026174047
6800	0.2026126893
6801	0.2026087337
6802	0.2026055429
6803	0.2026002171
6804	0.2025971041
6805	0.2025938351
6806	0.202589137
6807	0.2025856152
6808	0.2025807855
6809	0.2025751406
6810	0.2025714198
6811	0.2025679833
6812	0.2025642078
6813	0.2025606079
6814	0.2025570841
6815	0.2025536427
6816	0.2025483294
6817	0.2025439107
6818	0.20253932
6819	0.2025340169
6820	0.2025311686
6821	0.2025278681
6822	0.2025242747
6823	0.2025200542
6824	0.2025175015
6825	0.2025127162
6826	0.2025068367
6827	0.2025034733
6828	0.2025004693
6829	0.2024945477
6830	0.2024919114
6831	0.2024855624
6832	0.2024811568
6833	0.2024752704
6834	0.2024718019
6835	0.2024679414
6836	0.2024650887
6837	0.2024612317
6838	0.2024583595
6839	0.2024536006
6840	0.2024519353
6841	0.2024475499
6842	0.2024440961
6843	0.2024411691
6844	0.2024388744
6845	0.2024346339
6846	0.2024293829
6847	0.2024245792
6848	0.2024212845
6849	0.2024185833
6850	0.2024157722
6851	0.2024126657
6852	0.2024081375
6853	0.2024043404
6854	0.2024014582
6855	0.2023970244
6856	0.2023935604
6857	0.2023886932
6858	0.2023859875
6859	0.2023826917
6860	0.2023793539
6861	0.202375963
6862	0.2023723392
6863	0.202366625
6864	0.2023631746
6865	0.2023604088
6866	0.2023558784
6867	0.2023530317
6868	0.2023471518
6869	0.2023429497
6870	0.2023393351
6871	0.2023369589
6872	0.2023323653
6873	0.2023270723
6874	0.202323463
6875	0.2023203147
6876	0.2023176147
6877	0.2023149307
6878	0.2023115082
6879	0.2023073335
6880	0.2023022679
6881	0.2022983028
6882	0.2022946987
6883	0.202291953
6884	0.2022888798
6885	0.2022830587
6886	0.2022788529
6887	0.2022767105
6888	0.2022704796
6889	0.2022629732
6890	0.2022575883
6891	0.202253226
6892	0.2022499975
6893	0.2022475346
6894	0.202242473
6895	0.2022375191
6896	0.2022312847
6897	0.2022295382
6898	0.2022254439
6899	0.2022199573
6900	0.2022164167
6901	0.2022130251
6902	0.2022093718
6903	0.2022044262
6904	0.2022003449
6905	0.2021965281
6906	0.2021916423
6907	0.2021904511
6908	0.2021864064
6909	0.2021819715
6910	0.2021785198
6911	0.2021753022
6912	0.2021715381
6913	0.2021683031
6914	0.2021652188
6915	0.202160128
6916	0.2021567185
6917	0.2021524828
6918	0.2021495198
6919	0.2021460719
6920	0.2021427845
6921	0.2021381059
6922	0.2021336061
6923	0.2021277464
6924	0.2021240326
6925	0.2021221513
6926	0.2021194353
6927	0.2021155292
6928	0.202112334
6929	0.2021080867
6930	0.202104307
6931	0.2021016092
6932	0.2020989759
6933	0.2020935221
6934	0.2020895763
6935	0.2020865079
6936	0.2020840417
6937	0.2020782964
6938	0.2020736682
6939	0.2020693299
6940	0.2020662179
6941	0.2020616589
6942	0.2020584882
6943	0.2020527735
6944	0.2020491973
6945	0.202045762
6946	0.2020393456
6947	0.2020365344
6948	0.2020328071
6949	0.2020276794
6950	0.2020228156
6951	0.2020184037
6952	0.2020133123
6953	0.2020100555
6954	0.2020042841
6955	0.2020015763
6956	0.2019994954
6957	0.2019950801
6958	0.2019933265
6959	0.2019900624
6960	0.2019862442
6961	0.2019814629
6962	0.2019763307
6963	0.2019706623
6964	0.2019679901
6965	0.2019654772
6966	0.2019619927
6967	0.2019573673
6968	0.2019517996
6969	0.201947811
6970	0.2019451438
6971	0.2019404064
6972	0.2019360026
6973	0.2019323625
6974	0.2019274258
6975	0.201924292
6976	0.2019205265
6977	0.2019145934
6978	0.2019094554
6979	0.2019067088
6980	0.2019033644
6981	0.2018999135
6982	0.2018957972
6983	0.2018902243
6984	0.2018849949
6985	0.2018827012
6986	0.2018795363
6987	0.2018762078
6988	0.2018730573
6989	0.2018695622
6990	0.2018673231
6991	0.2018639577
6992	0.2018600172
6993	0.2018561301
6994	0.2018514613
6995	0.2018473251
6996	0.2018434227
6997	0.2018401931
6998	0.2018371322
6999	0.2018334108
7000	0.2018300381
7001	0.2018271261
7002	0.2018226558
7003	0.2018192123
7004	0.2018130297
7005	0.2018099545
7006	0.201807321
7007	0.2018037552
7008	0.2018007064
7009	0.2017980453
7010	0.2017940493
7011	0.2017887623
7012	0.2017847471
7013	0.2017811973
7014	0.201776587
7015	0.2017738815
7016	0.2017691813
7017	0.2017653268
7018	0.2017616947
7019	0.201758333
7020	0.201754539
7021	0.2017508095
7022	0.2017451821
7023	0.2017405343
7024	0.2017345557
7025	0.201730233
7026	0.2017251337
7027	0.2017219757
7028	0.2017191217
7029	0.201718701
7030	0.2017158367
7031	0.2017119806
7032	0.2017082445
7033	0.2017043489
7034	0.2016997392
7035	0.2016954077
7036	0.2016927276
7037	0.2016892616
7038	0.2016860283
7039	0.201682067
7040	0.201678338
7041	0.2016724628
7042	0.2016693245
7043	0.2016669694
7044	0.2016635333
7045	0.2016584576
7046	0.2016543837
7047	0.2016501876
7048	0.2016481533
7049	0.2016446809
7050	0.2016412206
7051	0.2016383558
7052	0.201634605
7053	0.2016293085
7054	0.2016254206
7055	0.2016215194
7056	0.2016178428
7057	0.201613763
7058	0.2016104969
7059	0.2016064268
7060	0.2016018465
7061	0.2015984483
7062	0.2015924436
7063	0.2015882256
7064	0.2015847759
7065	0.2015802586
7066	0.2015781967
7067	0.2015731799
7068	0.20157113
7069	0.2015685822
7070	0.2015640875
7071	0.201561397
7072	0.201557674
7073	0.2015540847
7074	0.2015501796
7075	0.2015486262
7076	0.2015465853
7077	0.201543489
7078	0.2015405805
7079	0.2015373997
7080	0.2015345001
7081	0.2015307269
7082	0.2015262584
7083	0.2015222599
7084	0.201520055
7085	0.2015163567
7086	0.2015127713
7087	0.2015064374
7088	0.2015020395
7089	0.201498718
7090	0.2014941883
7091	0.2014900088
7092	0.201486121
7093	0.2014826784
7094	0.2014787929
7095	0.2014751191
7096	0.2014696199
7097	0.2014649091
7098	0.2014602797
7099	0.2014573233
7100	0.2014528797
7101	0.2014500777
7102	0.2014432432
7103	0.2014377044
7104	0.2014322295
7105	0.2014274255
7106	0.2014227373
7107	0.2014177037
7108	0.2014142026
7109	0.2014100726
7110	0.2014058289
7111	0.2014026236
7112	0.2014007895
7113	0.2013983681
7114	0.2013926735
7115	0.2013885165
7116	0.201381203
7117	0.2013776635
7118	0.2013751071
7119	0.2013727743
7120	0.2013676589
7121	0.2013635466
7122	0.2013599428
7123	0.2013565664
7124	0.2013512627
7125	0.2013484031
7126	0.2013430346
7127	0.2013412965
7128	0.2013377153
7129	0.2013332692
7130	0.2013277122
7131	0.2013242942
7132	0.2013204857
7133	0.2013150239
7134	0.2013127076
7135	0.201310107
7136	0.2013062119
7137	0.2013035709
7138	0.2013012476
7139	0.2012973501
7140	0.2012942615
7141	0.2012895774
7142	0.2012842676
7143	0.2012811731
7144	0.2012775901
7145	0.2012752548
7146	0.2012705345
7147	0.2012673177
7148	0.2012645012
7149	0.2012615071
7150	0.201257627
7151	0.2012543935
7152	0.2012508484
7153	0.2012480835
7154	0.2012423289
7155	0.201239754
7156	0.2012367851
7157	0.2012331996
7158	0.2012292286
7159	0.2012244294
7160	0.2012201845
7161	0.2012181602
7162	0.2012135708
7163	0.2012083849
7164	0.2012040517
7165	0.2012013396
7166	0.2011975104
7167	0.2011942596
7168	0.201190359
7169	0.201186545
7170	0.201182191
7171	0.2011795723
7172	0.2011766327
7173	0.2011734693
7174	0.2011685749
7175	0.2011648148
7176	0.2011609888
7177	0.2011578939
7178	0.201153836
7179	0.2011513324
7180	0.201147138
7181	0.2011437659
7182	0.2011409551
7183	0.2011358571
7184	0.2011331627
7185	0.2011285448
7186	0.2011253148
7187	0.2011232468
7188	0.2011201912
7189	0.2011167147
7190	0.2011138532
7191	0.2011113098
7192	0.2011068421
7193	0.2011032537
7194	0.2010979286
7195	0.201094798
7196	0.2010905682
7197	0.2010869825
7198	0.2010824007
7199	0.2010798376
7200	0.2010767257
7201	0.2010710425
7202	0.2010678665
7203	0.2010634965
7204	0.2010575454
7205	0.2010523798
7206	0.2010490349
7207	0.2010432091
7208	0.201040929
7209	0.2010380481
7210	0.2010349546
7211	0.2010303201
7212	0.2010280266
7213	0.2010254835
7214	0.2010205421
7215	0.2010173058
7216	0.2010139071
7217	0.201010982
7218	0.2010084804
7219	0.2010042389
7220	0.2010012692
7221	0.200997684
7222	0.2009927772
7223	0.2009893253
7224	0.2009869377
7225	0.2009820866
7226	0.2009785285
7227	0.2009760927
7228	0.2009721092
7229	0.200966412
7230	0.2009640016
7231	0.2009608701
7232	0.2009580497
7233	0.2009517672
7234	0.2009491199
7235	0.2009446841
7236	0.200940557
7237	0.2009384568
7238	0.2009347334
7239	0.2009308703
7240	0.200927267
7241	0.2009249409
7242	0.2009212072
7243	0.2009166601
7244	0.2009119558
7245	0.2009090039
7246	0.2009063424
7247	0.2009028712
7248	0.2008991201
7249	0.2008944189
7250	0.2008907616
7251	0.2008845456
7252	0.2008812459
7253	0.2008770877
7254	0.200871354
7255	0.200865171
7256	0.200861306
7257	0.2008576047
7258	0.2008547466
7259	0.2008489265
7260	0.200843909
7261	0.2008412817
7262	0.2008390226
7263	0.2008354603
7264	0.2008306424
7265	0.200827885
7266	0.2008251046
7267	0.2008209765
7268	0.2008168611
7269	0.2008137983
7270	0.2008107007
7271	0.200806875
7272	0.2008049249
7273	0.2007985929
7274	0.2007933752
7275	0.2007897148
7276	0.2007858988
7277	0.2007826761
7278	0.2007790672
7279	0.2007744828
7280	0.2007702044
7281	0.2007667727
7282	0.2007638872
7283	0.2007593192
7284	0.2007544674
7285	0.2007511678
7286	0.2007462396
7287	0.2007415389
7288	0.2007372042
7289	0.2007318286
7290	0.2007295183
7291	0.2007249543
7292	0.200718564
7293	0.2007177179
7294	0.2007119855
7295	0.2007093362
7296	0.200705987
7297	0.200701716
7298	0.2006973664
7299	0.2006945044
7300	0.2006923818
7301	0.2006867054
7302	0.2006810579
7303	0.2006775972
7304	0.200673582
7305	0.2006700122
7306	0.200665125
7307	0.200661787
7308	0.2006566426
7309	0.2006554448
7310	0.2006525171
7311	0.2006477879
7312	0.2006425185
7313	0.2006379775
7314	0.2006340657
7315	0.2006291788
7316	0.2006244089
7317	0.2006203653
7318	0.200617046
7319	0.2006128528
7320	0.2006100466
7321	0.200605669
7322	0.2006022463
7323	0.2005980342
7324	0.2005938978
7325	0.2005896945
7326	0.2005879387
7327	0.2005844509
7328	0.2005803616
7329	0.2005768048
7330	0.2005731947
7331	0.2005705199
7332	0.20056713
7333	0.2005619093
7334	0.2005596644
7335	0.2005548088
7336	0.2005511888
7337	0.2005472396
7338	0.2005421126
7339	0.2005384031
7340	0.2005338391
7341	0.2005316975
7342	0.2005269274
7343	0.2005225528
7344	0.2005203268
7345	0.2005176949
7346	0.200512234
7347	0.2005094118
7348	0.2005053065
7349	0.2005001273
7350	0.2004968886
7351	0.2004930849
7352	0.2004908738
7353	0.2004855525
7354	0.2004806024
7355	0.2004750337
7356	0.2004742443
7357	0.2004706136
7358	0.200466549
7359	0.2004620682
7360	0.2004578864
7361	0.200453585
7362	0.200451207
7363	0.200448534
7364	0.2004450383
7365	0.2004397277
7366	0.2004371426
7367	0.2004309981
7368	0.2004258921
7369	0.2004236658
7370	0.2004207088
7371	0.2004170482
7372	0.2004127369
7373	0.2004106105
7374	0.2004079139
7375	0.2004049914
7376	0.200400244
7377	0.2003935478
7378	0.2003874063
7379	0.2003840262
7380	0.2003807199
7381	0.2003745184
7382	0.2003711338
7383	0.2003670779
7384	0.2003643833
7385	0.2003619357
7386	0.2003585627
7387	0.2003542896
7388	0.2003465633
7389	0.2003442244
7390	0.2003397948
7391	0.2003371485
7392	0.2003335365
7393	0.2003295132
7394	0.2003260647
7395	0.2003236352
7396	0.200321468
7397	0.2003166685
7398	0.2003135717
7399	0.2003096147
7400	0.2003058554
7401	0.2003022997
7402	0.2002988611
7403	0.2002959342
7404	0.2002921957
7405	0.2002890088
7406	0.2002825603
7407	0.2002790216
7408	0.2002749103
7409	0.2002726619
7410	0.2002702225
7411	0.2002661814
7412	0.200262506
7413	0.2002583466
7414	0.200252382
7415	0.2002481917
7416	0.2002446721
7417	0.2002414913
7418	0.2002373176
7419	0.200233941
7420	0.2002297357
7421	0.2002253753
7422	0.2002211236
7423	0.2002172869
7424	0.2002143493
7425	0.2002101712
7426	0.2002069037
7427	0.2002037871
7428	0.2002016778
7429	0.2001980847
7430	0.2001934843
7431	0.200189277
7432	0.2001856934
7433	0.2001825751
7434	0.2001816983
7435	0.2001776989
7436	0.2001751722
7437	0.2001722497
7438	0.2001685685
7439	0.2001645305
7440	0.2001599997
7441	0.2001565774
7442	0.2001519629
7443	0.2001463554
7444	0.2001447194
7445	0.2001395775
7446	0.2001368168
7447	0.2001326579
7448	0.200129211
7449	0.2001257996
7450	0.200121685
7451	0.20011825
7452	0.2001159622
7453	0.2001093652
7454	0.2001033089
7455	0.2000986989
7456	0.2000933992
7457	0.2000908745
7458	0.2000859595
7459	0.2000831599
7460	0.2000795425
7461	0.2000765688
7462	0.2000740241
7463	0.2000712188
7464	0.2000667311
7465	0.2000609283
7466	0.2000574664
7467	0.2000533372
7468	0.2000490124
7469	0.200046518
7470	0.2000408932
7471	0.2000358848
7472	0.2000324503
7473	0.2000289963
7474	0.2000259458
7475	0.2000229459
7476	0.2000188749
7477	0.2000163981
7478	0.2000122407
7479	0.2000091254
7480	0.2000052857
7481	0.2000032513
7482	0.1999982223
7483	0.1999948114
7484	0.1999910541
7485	0.1999872705
7486	0.1999850506
7487	0.199980185
7488	0.19997779
7489	0.1999758517
7490	0.1999712193
7491	0.1999691274
7492	0.1999628875
7493	0.1999574924
7494	0.1999530002
7495	0.1999494545
7496	0.1999469061
7497	0.1999449478
7498	0.1999423171
7499	0.1999375775
7500	0.1999323479
7501	0.1999302471
7502	0.1999288442
7503	0.1999239786
7504	0.1999199866
7505	0.1999160406
7506	0.1999119777
7507	0.1999084707
7508	0.1999048488
7509	0.1999027309
7510	0.1998984405
7511	0.1998958294
7512	0.1998935751
7513	0.199889488
7514	0.1998844959
7515	0.1998817621
7516	0.1998781714
7517	0.1998742806
7518	0.1998700807
7519	0.1998651281
7520	0.199861437
7521	0.199856862
7522	0.1998522235
7523	0.1998492399
7524	0.1998453682
7525	0.1998412309
7526	0.1998364273
7527	0.1998341881
7528	0.1998319189
7529	0.19982767
7530	0.1998234807
7531	0.1998204721
7532	0.1998174151
7533	0.199812811
7534	0.1998078197
7535	0.1998033286
7536	0.1997989052
7537	0.199796857
7538	0.1997934801
7539	0.1997923485
7540	0.1997893401
7541	0.1997874473
7542	0.1997833288
7543	0.1997807344
7544	0.1997752717
7545	0.1997711118
7546	0.1997663581
7547	0.1997645279
7548	0.1997624712
7549	0.1997581132
7550	0.1997533388
7551	0.199748098
7552	0.1997421638
7553	0.1997378937
7554	0.1997343871
7555	0.1997316626
7556	0.1997283754
7557	0.1997244706
7558	0.1997208971
7559	0.1997169973
7560	0.1997123024
7561	0.1997093967
7562	0.1997027228
7563	0.1997003829
7564	0.1996956042
7565	0.1996928342
7566	0.1996890602
7567	0.1996860666
7568	0.1996813577
7569	0.1996784622
7570	0.1996741605
7571	0.1996695704
7572	0.1996659146
7573	0.199660387
7574	0.1996573566
7575	0.1996537206
7576	0.1996498734
7577	0.1996468567
7578	0.1996434251
7579	0.1996405202
7580	0.1996370083
7581	0.1996337437
7582	0.1996287823
7583	0.1996247902
7584	0.1996225294
7585	0.1996202434
7586	0.1996169372
7587	0.1996143792
7588	0.199608896
7589	0.1996050033
7590	0.199601782
7591	0.1995970638
7592	0.1995937707
7593	0.1995902873
7594	0.1995869395
7595	0.1995833229
7596	0.1995794306
7597	0.1995754673
7598	0.1995735653
7599	0.1995685649
7600	0.1995650177
7601	0.1995613277
7602	0.1995578976
7603	0.1995546397
7604	0.1995514721
7605	0.1995465249
7606	0.1995433294
7607	0.1995392968
7608	0.1995356567
7609	0.1995319771
7610	0.1995292
7611	0.1995256395
7612	0.1995229783
7613	0.1995179339
7614	0.1995139691
7615	0.1995083687
7616	0.1995053785
7617	0.1994995854
7618	0.1994951986
7619	0.1994914659
7620	0.1994877912
7621	0.1994850883
7622	0.1994836331
7623	0.1994791724
7624	0.1994772695
7625	0.199473994
7626	0.1994689561
7627	0.1994643672
7628	0.1994611961
7629	0.1994579278
7630	0.1994545662
7631	0.1994494994
7632	0.1994453116
7633	0.1994430577
7634	0.1994393364
7635	0.1994353253
7636	0.1994306675
7637	0.1994260718
7638	0.1994238925
7639	0.1994188348
7640	0.1994163213
7641	0.1994124555
7642	0.199410489
7643	0.1994084263
7644	0.1994057812
7645	0.1994022019
7646	0.1993967362
7647	0.1993929705
7648	0.1993866808
7649	0.1993833281
7650	0.1993780608
7651	0.1993737269
7652	0.1993692853
7653	0.1993653822
7654	0.1993638264
7655	0.1993604507
7656	0.1993555618
7657	0.1993529143
7658	0.1993495375
7659	0.1993457221
7660	0.1993426457
7661	0.1993379461
7662	0.1993331507
7663	0.1993308937
7664	0.1993273177
7665	0.1993250254
7666	0.1993205702
7667	0.1993166455
7668	0.1993110686
7669	0.1993061259
7670	0.1993017781
7671	0.1992972619
7672	0.1992946054
7673	0.1992903844
7674	0.1992860975
7675	0.1992825616
7676	0.1992798321
7677	0.1992756411
7678	0.1992709146
7679	0.1992674843
7680	0.1992639255
7681	0.199260861
7682	0.1992540835
7683	0.1992489279
7684	0.1992453007
7685	0.1992406299
7686	0.1992382539
7687	0.199234078
7688	0.1992293011
7689	0.1992254651
7690	0.1992214905
7691	0.1992180033
7692	0.1992150246
7693	0.1992124256
7694	0.1992093921
7695	0.1992057267
7696	0.1992006317
7697	0.199197273
7698	0.1991949808
7699	0.1991912926
7700	0.1991889548
7701	0.1991864022
7702	0.1991835811
7703	0.1991809692
7704	0.1991770538
7705	0.199173192
7706	0.1991710364
7707	0.1991683655
7708	0.1991659034
7709	0.1991623534
7710	0.1991583074
7711	0.1991538607
7712	0.1991492652
7713	0.1991460588
7714	0.1991397443
7715	0.1991368263
7716	0.199131601
7717	0.1991282573
7718	0.199125232
7719	0.1991234047
7720	0.199119009
7721	0.1991147743
7722	0.1991112061
7723	0.1991055975
7724	0.1991022729
7725	0.1990995886
7726	0.1990977848
7727	0.1990955472
7728	0.1990942354
7729	0.1990905411
7730	0.1990872866
7731	0.1990849426
7732	0.1990803046
7733	0.1990751589
7734	0.1990711596
7735	0.1990687654
7736	0.199066191
7737	0.1990619667
7738	0.1990580397
7739	0.1990555863
7740	0.1990519359
7741	0.1990474811
7742	0.1990446778
7743	0.1990414481
7744	0.1990368705
7745	0.1990332204
7746	0.1990297445
7747	0.1990251504
7748	0.199021355
7749	0.1990169344
7750	0.1990114775
7751	0.199007837
7752	0.1990047548
7753	0.1990020926
7754	0.1989987812
7755	0.1989957618
7756	0.1989916076
7757	0.1989868352
7758	0.1989823134
7759	0.1989779636
7760	0.1989754527
7761	0.1989722448
7762	0.1989695509
7763	0.1989668459
7764	0.19896364
7765	0.198959113
7766	0.1989545686
7767	0.1989509352
7768	0.1989489032
7769	0.1989445006
7770	0.1989393233
7771	0.1989361637
7772	0.1989316955
7773	0.1989278405
7774	0.1989242717
7775	0.1989203034
7776	0.1989173765
7777	0.1989144087
7778	0.1989109573
7779	0.1989076779
7780	0.1989030153
7781	0.1988996867
7782	0.1988975399
7783	0.1988945221
7784	0.1988903184
7785	0.1988857774
7786	0.1988815894
7787	0.1988789578
7788	0.1988747236
7789	0.1988727598
7790	0.1988683537
7791	0.1988627683
7792	0.1988621303
7793	0.1988589052
7794	0.198854068
7795	0.1988505884
7796	0.198846548
7797	0.1988428214
7798	0.198838763
7799	0.1988350357
7800	0.1988307073
7801	0.1988264414
7802	0.1988241806
7803	0.1988193971
7804	0.1988159419
7805	0.1988126252
7806	0.1988100781
7807	0.1988046606
7808	0.1987989825
7809	0.1987954736
7810	0.1987916428
7811	0.1987871082
7812	0.198782972
7813	0.198779538
7814	0.1987766787
7815	0.1987731135
7816	0.1987694099
7817	0.1987653444
7818	0.1987621287
7819	0.1987565551
7820	0.1987532618
7821	0.1987495198
7822	0.1987469982
7823	0.1987440103
7824	0.1987409835
7825	0.1987391127
7826	0.1987371044
7827	0.1987344191
7828	0.19873119
7829	0.1987261763
7830	0.1987234285
7831	0.1987178703
7832	0.1987145111
7833	0.1987132272
7834	0.1987095745
7835	0.1987078139
7836	0.1987023152
7837	0.198698328
7838	0.1986949403
7839	0.1986905018
7840	0.1986865821
7841	0.1986848573
7842	0.1986801991
7843	0.1986772183
7844	0.1986750161
7845	0.1986728318
7846	0.1986669823
7847	0.1986642364
7848	0.1986592694
7849	0.1986553322
7850	0.1986514044
7851	0.1986480482
7852	0.198645977
7853	0.1986421549
7854	0.1986362218
7855	0.1986304692
7856	0.1986249966
7857	0.19862331
7858	0.1986194964
7859	0.1986163965
7860	0.1986121825
7861	0.1986079787
7862	0.1986058085
7863	0.1986021116
7864	0.1985963083
7865	0.198594261
7866	0.1985881456
7867	0.1985851493
7868	0.1985816971
7869	0.1985772228
7870	0.1985733706
7871	0.1985687225
7872	0.1985644771
7873	0.1985613031
7874	0.198557121
7875	0.1985537084
7876	0.1985511903
7877	0.1985461325
7878	0.1985419296
7879	0.1985371605
7880	0.1985360357
7881	0.1985316897
7882	0.1985277109
7883	0.1985251706
7884	0.19852035
7885	0.1985163654
7886	0.1985125391
7887	0.1985092395
7888	0.1985061692
7889	0.1985018517
7890	0.1984980813
7891	0.1984940884
7892	0.1984919174
7893	0.1984887813
7894	0.1984857923
7895	0.1984819709
7896	0.1984781885
7897	0.1984751447
7898	0.1984707874
7899	0.1984664884
7900	0.1984627731
7901	0.1984581573
7902	0.1984542615
7903	0.1984512028
7904	0.1984451642
7905	0.1984406308
7906	0.1984363416
7907	0.1984329185
7908	0.19842966
7909	0.1984252767
7910	0.1984209038
7911	0.1984156911
7912	0.1984109441
7913	0.1984083861
7914	0.1984061625
7915	0.1984005672
7916	0.1983977806
7917	0.1983907009
7918	0.1983872699
7919	0.1983826053
7920	0.198378759
7921	0.1983748047
7922	0.198370491
7923	0.1983667121
7924	0.1983646582
7925	0.1983589145
7926	0.1983544322
7927	0.1983502505
7928	0.1983474392
7929	0.198344876
7930	0.1983402637
7931	0.1983362827
7932	0.1983308036
7933	0.1983259672
7934	0.1983220382
7935	0.1983182144
7936	0.1983130624
7937	0.1983096454
7938	0.1983037766
7939	0.1982996139
7940	0.1982955307
7941	0.1982907755
7942	0.1982861895
7943	0.1982822637
7944	0.1982775474
7945	0.1982738663
7946	0.1982705982
7947	0.1982676666
7948	0.1982659319
7949	0.19826454
7950	0.1982601981
7951	0.1982561785
7952	0.1982517421
7953	0.1982481894
7954	0.1982423546
7955	0.198237554
7956	0.1982334121
7957	0.1982303013
7958	0.1982268435
7959	0.1982248679
7960	0.1982217258
7961	0.1982189397
7962	0.1982157716
7963	0.1982103962
7964	0.198206928
7965	0.1982035582
7966	0.1982004486
7967	0.1981977197
7968	0.1981931678
7969	0.1981886443
7970	0.198186373
7971	0.1981842867
7972	0.1981823076
7973	0.1981792467
7974	0.198177423
7975	0.1981738576
7976	0.1981675052
7977	0.1981613069
7978	0.1981570084
7979	0.1981527667
7980	0.1981473085
7981	0.1981427771
7982	0.1981400786
7983	0.1981339958
7984	0.1981302397
7985	0.198127282
7986	0.1981238059
7987	0.1981186706
7988	0.1981149091
7989	0.1981123593
7990	0.1981091082
7991	0.198105907
7992	0.1981038389
7993	0.1981007115
7994	0.1980979801
7995	0.1980929081
7996	0.1980881911
7997	0.1980854134
7998	0.198083778
7999	0.1980791738
8000	0.1980754292
8001	0.198069983
8002	0.1980661038
8003	0.1980613925
8004	0.1980569298
8005	0.1980537205
8006	0.1980515278
8007	0.1980474649
8008	0.1980452462
8009	0.1980410499
8010	0.1980372851
8011	0.1980338853
8012	0.1980283172
8013	0.1980250769
8014	0.1980210147
8015	0.1980175343
8016	0.1980142211
8017	0.1980105247
8018	0.1980064423
8019	0.1980035159
8020	0.1979991825
8021	0.1979962293
8022	0.1979915325
8023	0.1979874304
8024	0.1979819983
8025	0.197977714
8026	0.1979742267
8027	0.1979701865
8028	0.197967314
8029	0.1979624924
8030	0.1979596431
8031	0.1979530181
8032	0.1979492249
8033	0.19794545
8034	0.1979408546
8035	0.1979374419
8036	0.1979348507
8037	0.1979272501
8038	0.1979241444
8039	0.1979205711
8040	0.1979171929
8041	0.197915023
8042	0.1979104519
8043	0.1979078775
8044	0.1979060313
8045	0.1979022826
8046	0.1978973612
8047	0.1978952735
8048	0.1978907575
8049	0.197886028
8050	0.19787947
8051	0.1978747827
8052	0.1978725301
8053	0.1978677326
8054	0.1978634732
8055	0.1978583352
8056	0.1978537389
8057	0.1978504374
8058	0.1978465021
8059	0.1978437378
8060	0.1978411224
8061	0.1978372569
8062	0.1978354219
8063	0.1978320455
8064	0.1978291864
8065	0.1978249099
8066	0.1978204348
8067	0.1978183108
8068	0.1978146139
8069	0.1978105291
8070	0.1978058326
8071	0.1978025952
8072	0.1977995958
8073	0.1977942873
8074	0.1977907489
8075	0.1977856384
8076	0.1977836119
8077	0.1977799841
8078	0.1977755562
8079	0.1977729098
8080	0.1977688397
8081	0.1977674139
8082	0.1977642169
8083	0.1977583614
8084	0.1977554096
8085	0.1977525793
8086	0.1977492716
8087	0.1977450577
8088	0.1977411462
8089	0.1977380495
8090	0.1977350418
8091	0.1977310414
8092	0.1977264492
8093	0.1977223487
8094	0.1977194467
8095	0.1977150586
8096	0.1977110013
8097	0.1977062899
8098	0.1977029634
8099	0.1977006224
8100	0.1976973615
8101	0.1976921098
8102	0.1976887155
8103	0.1976868238
8104	0.1976808302
8105	0.1976769095
8106	0.1976736872
8107	0.1976693159
8108	0.1976649691
8109	0.1976607819
8110	0.1976588722
8111	0.1976567093
8112	0.1976524583
8113	0.1976479319
8114	0.1976448283
8115	0.1976418056
8116	0.1976368635
8117	0.1976320776
8118	0.197626311
8119	0.1976209484
8120	0.1976159814
8121	0.1976130243
8122	0.197608667
8123	0.1976052704
8124	0.1976011575
8125	0.1975989058
8126	0.1975970914
8127	0.1975932728
8128	0.1975899482
8129	0.1975859991
8130	0.1975810865
8131	0.1975782952
8132	0.1975755288
8133	0.1975730156
8134	0.1975716354
8135	0.1975693682
8136	0.197565848
8137	0.1975609607
8138	0.1975573824
8139	0.1975545621
8140	0.1975520378
8141	0.1975484595
8142	0.1975440109
8143	0.1975412038
8144	0.1975381863
8145	0.1975342693
8146	0.19753105
8147	0.1975260813
8148	0.1975236423
8149	0.1975206287
8150	0.1975156883
8151	0.1975125975
8152	0.1975087084
8153	0.1975043575
8154	0.1974996306
8155	0.1974958807
8156	0.1974914879
8157	0.1974874156
8158	0.1974852361
8159	0.1974799965
8160	0.1974763489
8161	0.1974737993
8162	0.1974704627
8163	0.1974658077
8164	0.1974585227
8165	0.1974534984
8166	0.1974494401
8167	0.1974452873
8168	0.1974414814
8169	0.1974380558
8170	0.1974333128
8171	0.1974301558
8172	0.1974261366
8173	0.197421296
8174	0.1974162394
8175	0.1974126679
8176	0.1974096269
8177	0.1974072406
8178	0.1974047877
8179	0.197401769
8180	0.1973987875
8181	0.1973926862
8182	0.1973898163
8183	0.1973855901
8184	0.1973810181
8185	0.1973780176
8186	0.19737515
8187	0.1973726596
8188	0.1973691448
8189	0.1973673821
8190	0.1973640958
8191	0.1973590385
8192	0.1973548326
8193	0.1973510653
8194	0.1973477544
8195	0.1973445902
8196	0.1973403036
8197	0.1973359266
8198	0.197333583
8199	0.1973307706
8200	0.1973264777
8201	0.197324545
8202	0.197321712
8203	0.1973167148
8204	0.1973125878
8205	0.1973110071
8206	0.1973069128
8207	0.1973028852
8208	0.1972995947
8209	0.1972981036
8210	0.1972929661
8211	0.1972886737
8212	0.1972854491
8213	0.197278788
8214	0.1972764305
8215	0.1972726811
8216	0.1972690963
8217	0.1972664508
8218	0.1972640362
8219	0.1972599394
8220	0.1972571402
8221	0.197254184
8222	0.1972511974
8223	0.1972489462
8224	0.1972459377
8225	0.1972428629
8226	0.1972392733
8227	0.1972359395
8228	0.1972339682
8229	0.1972300236
8230	0.197226341
8231	0.1972229348
8232	0.1972193741
8233	0.197217443
8234	0.1972124834
8235	0.1972094528
8236	0.1972057068
8237	0.1972008151
8238	0.197198562
8239	0.1971956344
8240	0.1971934204
8241	0.1971886328
8242	0.1971840496
8243	0.1971806054
8244	0.1971759729
8245	0.1971710526
8246	0.1971665985
8247	0.1971647722
8248	0.1971612884
8249	0.1971596358
8250	0.1971570465
8251	0.1971522505
8252	0.1971491171
8253	0.1971447359
8254	0.1971400771
8255	0.1971358257
8256	0.1971335708
8257	0.1971315253
8258	0.1971281929
8259	0.1971233271
8260	0.1971202503
8261	0.1971186544
8262	0.1971156449
8263	0.1971107404
8264	0.1971082465
8265	0.1971043781
8266	0.1971004371
8267	0.1970979584
8268	0.1970917094
8269	0.1970876917
8270	0.1970838962
8271	0.1970836522
8272	0.1970800066
8273	0.1970763702
8274	0.1970710862
8275	0.1970670977
8276	0.1970654059
8277	0.1970606275
8278	0.1970568677
8279	0.1970534143
8280	0.1970505107
8281	0.1970476787
8282	0.1970437369
8283	0.1970380966
8284	0.197033729
8285	0.1970275319
8286	0.1970259011
8287	0.1970228866
8288	0.1970175177
8289	0.197014424
8290	0.1970102908
8291	0.1970064805
8292	0.1970040663
8293	0.1970024423
8294	0.1969970597
8295	0.1969944301
8296	0.1969907622
8297	0.1969886267
8298	0.1969858653
8299	0.1969830754
8300	0.1969790097
8301	0.1969741203
8302	0.1969718567
8303	0.1969679435
8304	0.1969644047
8305	0.1969617326
8306	0.1969574148
8307	0.1969528215
8308	0.1969493549
8309	0.1969452954
8310	0.1969416739
8311	0.1969378309
8312	0.1969332301
8313	0.1969291461
8314	0.196925686
8315	0.1969229642
8316	0.1969196181
8317	0.1969149883
8318	0.1969123075
8319	0.1969111705
8320	0.196905832
8321	0.1969035288
8322	0.1968992761
8323	0.1968956517
8324	0.1968928781
8325	0.1968901186
8326	0.1968857804
8327	0.1968817658
8328	0.1968774287
8329	0.1968741318
8330	0.1968718337
8331	0.1968687074
8332	0.1968658372
8333	0.1968631468
8334	0.1968608068
8335	0.1968573582
8336	0.1968525631
8337	0.1968490144
8338	0.1968452611
8339	0.1968420696
8340	0.1968344151
8341	0.1968316827
8342	0.1968273901
8343	0.1968236854
8344	0.1968196705
8345	0.1968156421
8346	0.1968114245
8347	0.1968076336
8348	0.1968028457
8349	0.1967991682
8350	0.196795333
8351	0.1967927144
8352	0.1967896134
8353	0.1967859353
8354	0.1967803689
8355	0.196777031
8356	0.1967734803
8357	0.1967694348
8358	0.196764681
8359	0.1967615514
8360	0.1967593602
8361	0.1967564492
8362	0.1967536599
8363	0.1967509037
8364	0.196748927
8365	0.1967439283
8366	0.1967397578
8367	0.1967340407
8368	0.1967318198
8369	0.1967281902
8370	0.1967250762
8371	0.1967216523
8372	0.1967177485
8373	0.1967135828
8374	0.1967095555
8375	0.1967059848
8376	0.1967022655
8377	0.1966977073
8378	0.19669455
8379	0.1966930354
8380	0.1966902995
8381	0.1966875687
8382	0.1966840767
8383	0.1966778013
8384	0.1966743757
8385	0.1966693701
8386	0.1966656349
8387	0.1966627868
8388	0.1966607743
8389	0.1966567138
8390	0.1966521316
8391	0.1966495121
8392	0.1966465228
8393	0.1966439896
8394	0.1966396149
8395	0.1966368329
8396	0.1966339414
8397	0.1966308801
8398	0.1966286712
8399	0.1966250387
8400	0.1966212459
8401	0.1966180709
8402	0.1966160756
8403	0.1966116584
8404	0.1966089437
8405	0.1966034054
8406	0.1966014404
8407	0.1965977617
8408	0.1965949736
8409	0.1965916963
8410	0.1965882943
8411	0.196585968
8412	0.1965832577
8413	0.1965800561
8414	0.1965783097
8415	0.1965737051
8416	0.1965695236
8417	0.1965670501
8418	0.1965637836
8419	0.1965591749
8420	0.1965571658
8421	0.1965538523
8422	0.1965503714
8423	0.1965482123
8424	0.1965455406
8425	0.1965419607
8426	0.1965393266
8427	0.1965360205
8428	0.1965318338
8429	0.1965289217
8430	0.1965250854
8431	0.1965218944
8432	0.1965199498
8433	0.1965164821
8434	0.1965135724
8435	0.1965091134
8436	0.1965071862
8437	0.1965051471
8438	0.1964992556
8439	0.1964944316
8440	0.1964903635
8441	0.1964866534
8442	0.196483909
8443	0.1964799278
8444	0.1964758284
8445	0.1964725834
8446	0.1964682952
8447	0.1964646621
8448	0.1964611574
8449	0.1964564196
8450	0.1964527116
8451	0.1964486238
8452	0.1964455093
8453	0.1964421016
8454	0.1964394024
8455	0.1964367659
8456	0.1964352959
8457	0.1964317095
8458	0.196427233
8459	0.196425342
8460	0.1964214178
8461	0.1964177163
8462	0.1964109012
8463	0.1964066291
8464	0.1964033529
8465	0.1964004073
8466	0.1963984695
8467	0.1963963737
8468	0.1963927112
8469	0.1963912954
8470	0.1963889612
8471	0.1963844584
8472	0.1963800579
8473	0.1963759112
8474	0.1963739566
8475	0.196371902
8476	0.1963683298
8477	0.1963636953
8478	0.196361404
8479	0.1963580157
8480	0.1963546065
8481	0.1963510551
8482	0.1963482103
8483	0.1963427529
8484	0.1963381621
8485	0.1963344239
8486	0.1963306298
8487	0.1963270143
8488	0.1963227884
8489	0.1963211415
8490	0.1963165786
8491	0.1963136742
8492	0.196309475
8493	0.1963035601
8494	0.1962996831
8495	0.19629469
8496	0.1962918477
8497	0.196288289
8498	0.1962847271
8499	0.196281966
8500	0.1962783486
8501	0.1962729211
8502	0.1962699845
8503	0.1962668582
8504	0.1962651989
8505	0.1962616218
8506	0.1962568124
8507	0.1962546634
8508	0.1962526313
8509	0.1962492921
8510	0.1962436075
8511	0.1962415831
8512	0.196238365
8513	0.1962355052
8514	0.1962330069
8515	0.1962296938
8516	0.1962268105
8517	0.1962236066
8518	0.1962180691
8519	0.1962139215
8520	0.1962098731
8521	0.1962061431
8522	0.1962019312
8523	0.196199613
8524	0.1961960723
8525	0.1961927378
8526	0.1961902631
8527	0.1961873229
8528	0.1961837542
8529	0.1961808403
8530	0.1961756172
8531	0.1961710267
8532	0.1961700858
8533	0.1961660756
8534	0.1961608635
8535	0.196157577
8536	0.1961528088
8537	0.1961488419
8538	0.1961427118
8539	0.196138796
8540	0.1961351856
8541	0.1961330699
8542	0.1961300829
8543	0.1961266315
8544	0.1961248638
8545	0.1961192464
8546	0.1961155752
8547	0.196111833
8548	0.1961089381
8549	0.1961049181
8550	0.1961015724
8551	0.1960982802
8552	0.1960959255
8553	0.1960924916
8554	0.1960898343
8555	0.1960862576
8556	0.1960819457
8557	0.1960797422
8558	0.196076156
8559	0.1960720638
8560	0.1960699647
8561	0.1960678009
8562	0.1960646195
8563	0.1960616
8564	0.1960580458
8565	0.1960548828
8566	0.1960519189
8567	0.1960484816
8568	0.1960464957
8569	0.1960447308
8570	0.1960391422
8571	0.1960350982
8572	0.1960330039
8573	0.1960298021
8574	0.196025937
8575	0.1960221593
8576	0.1960187675
8577	0.1960130416
8578	0.1960091523
8579	0.1960075037
8580	0.1960038617
8581	0.1960010024
8582	0.195996235
8583	0.1959902007
8584	0.1959873913
8585	0.1959833311
8586	0.1959790848
8587	0.1959757955
8588	0.1959728058
8589	0.1959697576
8590	0.1959670713
8591	0.1959634645
8592	0.1959590232
8593	0.195956699
8594	0.1959539305
8595	0.1959500508
8596	0.1959478568
8597	0.1959440859
8598	0.195939142
8599	0.1959357287
8600	0.1959320807
8601	0.1959305881
8602	0.1959265019
8603	0.1959253987
8604	0.1959223565
8605	0.1959196034
8606	0.1959158295
8607	0.1959116115
8608	0.1959087851
8609	0.195904608
8610	0.1959023743
8611	0.1958978205
8612	0.1958959469
8613	0.1958921938
8614	0.1958892294
8615	0.1958859317
8616	0.1958822703
8617	0.1958789192
8618	0.1958750279
8619	0.1958718263
8620	0.1958680987
8621	0.1958623238
8622	0.1958571918
8623	0.1958552075
8624	0.1958523245
8625	0.195850316
8626	0.1958466611
8627	0.1958413915
8628	0.19583754
8629	0.1958355609
8630	0.1958322124
8631	0.1958295169
8632	0.1958258037
8633	0.1958220139
8634	0.1958193441
8635	0.1958163097
8636	0.1958145384
8637	0.1958112079
8638	0.195808225
8639	0.1958028153
8640	0.195800274
8641	0.1957934334
8642	0.1957917223
8643	0.1957875482
8644	0.1957837467
8645	0.1957804145
8646	0.195777418
8647	0.195775985
8648	0.1957742732
8649	0.1957704189
8650	0.1957677354
8651	0.195765712
8652	0.195761316
8653	0.1957557256
8654	0.1957522893
8655	0.1957490143
8656	0.1957464433
8657	0.1957415456
8658	0.1957397205
8659	0.1957353867
8660	0.1957317744
8661	0.1957287398
8662	0.1957243378
8663	0.1957211607
8664	0.1957178298
8665	0.1957138341
8666	0.1957105042
8667	0.1957065791
8668	0.1957052984
8669	0.1957029476
8670	0.1957000941
8671	0.1956971515
8672	0.1956937047
8673	0.1956919715
8674	0.1956888707
8675	0.1956833178
8676	0.1956801154
8677	0.1956779675
8678	0.1956737565
8679	0.195669369
8680	0.195667329
8681	0.1956644329
8682	0.195661197
8683	0.1956576512
8684	0.1956545269
8685	0.1956513341
8686	0.1956471752
8687	0.1956454509
8688	0.1956421047
8689	0.1956405421
8690	0.1956378229
8691	0.1956338776
8692	0.1956293864
8693	0.1956246225
8694	0.1956198038
8695	0.1956173222
8696	0.1956157701
8697	0.1956130311
8698	0.1956105853
8699	0.1956074253
8700	0.1956040031
8701	0.1955993234
8702	0.1955942454
8703	0.1955904865
8704	0.1955864895
8705	0.195584016
8706	0.1955804996
8707	0.1955767779
8708	0.1955745501
8709	0.195571109
8710	0.1955654833
8711	0.1955632854
8712	0.1955586451
8713	0.1955566844
8714	0.1955541338
8715	0.1955514311
8716	0.1955480145
8717	0.1955448637
8718	0.1955421233
8719	0.1955388843
8720	0.1955366986
8721	0.1955347755
8722	0.1955303631
8723	0.1955266812
8724	0.1955234027
8725	0.1955204583
8726	0.1955166236
8727	0.1955122673
8728	0.1955082063
8729	0.1955032908
8730	0.1954992477
8731	0.1954960799
8732	0.1954888731
8733	0.1954845885
8734	0.1954818384
8735	0.1954787085
8736	0.1954750134
8737	0.1954710404
8738	0.1954682329
8739	0.1954663812
8740	0.195464769
8741	0.1954609648
8742	0.195458771
8743	0.1954547395
8744	0.1954500352
8745	0.1954488746
8746	0.195444386
8747	0.1954401967
8748	0.1954370398
8749	0.1954341395
8750	0.1954310865
8751	0.1954274839
8752	0.1954245047
8753	0.195418789
8754	0.1954174991
8755	0.1954122841
8756	0.1954074662
8757	0.1954053269
8758	0.1954022844
8759	0.1953970787
8760	0.1953940262
8761	0.1953909994
8762	0.1953878401
8763	0.1953835244
8764	0.1953817459
8765	0.1953788549
8766	0.1953763157
8767	0.1953736435
8768	0.1953708487
8769	0.1953671282
8770	0.1953643258
8771	0.1953620328
8772	0.195357741
8773	0.1953532702
8774	0.1953472537
8775	0.1953440107
8776	0.1953406464
8777	0.1953359335
8778	0.1953323282
8779	0.1953285281
8780	0.1953242872
8781	0.1953213195
8782	0.1953171848
8783	0.1953138517
8784	0.1953097389
8785	0.1953070208
8786	0.1953058653
8787	0.1953012391
8788	0.1952980961
8789	0.1952961786
8790	0.1952936925
8791	0.1952899654
8792	0.1952869789
8793	0.1952840297
8794	0.1952797606
8795	0.1952773808
8796	0.1952737504
8797	0.195271466
8798	0.1952689204
8799	0.1952643475
8800	0.1952628077
8801	0.1952595319
8802	0.1952576365
8803	0.1952552289
8804	0.1952515624
8805	0.1952492998
8806	0.1952445972
8807	0.1952419629
8808	0.1952387341
8809	0.1952361782
8810	0.1952344325
8811	0.1952304123
8812	0.1952267053
8813	0.1952220667
8814	0.195219135
8815	0.1952172819
8816	0.195213306
8817	0.1952098921
8818	0.1952052664
8819	0.1952016391
8820	0.1951981862
8821	0.1951949574
8822	0.1951896528
8823	0.1951875844
8824	0.195183353
8825	0.1951795682
8826	0.1951768627
8827	0.1951737939
8828	0.1951691724
8829	0.195165638
8830	0.1951636208
8831	0.1951599191
8832	0.1951553869
8833	0.195150891
8834	0.195148581
8835	0.1951444214
8836	0.1951398152
8837	0.1951350325
8838	0.1951317842
8839	0.1951257117
8840	0.1951228122
8841	0.1951198615
8842	0.195117191
8843	0.1951135207
8844	0.1951108724
8845	0.195107838
8846	0.1951044959
8847	0.1950999199
8848	0.1950977813
8849	0.1950935154
8850	0.195088908
8851	0.1950834824
8852	0.195080815
8853	0.1950766724
8854	0.1950739222
8855	0.1950715391
8856	0.1950691406
8857	0.1950663533
8858	0.1950622467
8859	0.1950600491
8860	0.1950560834
8861	0.1950526376
8862	0.1950485661
8863	0.1950451934
8864	0.1950398544
8865	0.1950371373
8866	0.1950335149
8867	0.1950308384
8868	0.1950276163
8869	0.1950260816
8870	0.1950228621
8871	0.1950202689
8872	0.1950163612
8873	0.1950124226
8874	0.1950098407
8875	0.1950070551
8876	0.1950038295
8877	0.1950000668
8878	0.1949966834
8879	0.1949932955
8880	0.1949889435
8881	0.1949856576
8882	0.1949817807
8883	0.1949783055
8884	0.1949747644
8885	0.1949696451
8886	0.1949664719
8887	0.1949635374
8888	0.1949618904
8889	0.194956412
8890	0.1949526469
8891	0.1949485761
8892	0.194941721
8893	0.1949389007
8894	0.1949363432
8895	0.1949339248
8896	0.1949305466
8897	0.194926181
8898	0.19492225
8899	0.1949193044
8900	0.1949152626
8901	0.1949108758
8902	0.1949061325
8903	0.1949012939
8904	0.1948968975
8905	0.1948927915
8906	0.1948887811
8907	0.1948858071
8908	0.1948821009
8909	0.1948779693
8910	0.1948737734
8911	0.1948710572
8912	0.194866945
8913	0.1948629846
8914	0.194857504
8915	0.1948544246
8916	0.1948522152
8917	0.1948480425
8918	0.1948435955
8919	0.1948409418
8920	0.1948392872
8921	0.194835649
8922	0.1948322373
8923	0.1948304997
8924	0.1948282879
8925	0.1948260451
8926	0.1948225071
8927	0.1948176685
8928	0.1948140508
8929	0.1948097162
8930	0.1948073498
8931	0.1948027061
8932	0.1947993309
8933	0.1947970297
8934	0.1947935338
8935	0.1947894127
8936	0.194785881
8937	0.194782669
8938	0.1947792574
8939	0.194775095
8940	0.1947716373
8941	0.1947693181
8942	0.1947663087
8943	0.1947627652
8944	0.194759023
8945	0.1947555688
8946	0.1947514833
8947	0.1947466032
8948	0.1947420574
8949	0.1947402915
8950	0.1947354415
8951	0.1947319892
8952	0.1947285679
8953	0.1947242896
8954	0.1947221914
8955	0.1947173426
8956	0.1947142639
8957	0.1947124337
8958	0.194708554
8959	0.1947049473
8960	0.194701045
8961	0.1946987705
8962	0.1946949997
8963	0.1946913798
8964	0.1946878985
8965	0.1946853296
8966	0.1946810361
8967	0.1946763595
8968	0.1946725071
8969	0.1946701503
8970	0.1946669502
8971	0.1946653367
8972	0.1946623231
8973	0.1946583517
8974	0.1946535995
8975	0.1946469413
8976	0.1946451965
8977	0.1946423381
8978	0.1946385501
8979	0.1946355584
8980	0.1946319887
8981	0.1946277957
8982	0.1946253893
8983	0.1946219829
8984	0.1946188784
8985	0.1946146225
8986	0.1946125749
8987	0.1946097856
8988	0.1946075707
8989	0.1946035819
8990	0.1946003857
8991	0.1945957903
8992	0.1945923925
8993	0.194588455
8994	0.1945863731
8995	0.1945828694
8996	0.1945802764
8997	0.1945752332
8998	0.1945692678
8999	0.1945648331
