id,Exited
15000,0.11880684152433564
15001,0.014790858384708014
15002,0.04422909835931286
15003,0.6457715724546719
15004,0.03106769453270379
15005,0.22954881795856868
15006,0.022109472154994893
15007,0.044342266529226515
15008,0.008692838369637386
15009,0.010989014336865896
15010,0.02708377923362417
15011,0.9894521119330643
15012,0.03313397151722147
15013,0.1499604707719097
15014,0.028172409801938546
15015,0.005432554911299094
15016,0.026257924281459677
15017,0.009583296040836771
15018,0.6069005704041167
15019,0.013986646092046804
15020,0.010812339274191198
15021,0.0030957875090566137
15022,0.9805121946880387
15023,0.267867925702186
15024,0.005562328785203094
15025,0.6051896075962557
15026,0.6400884777167597
15027,0.044626091204398775
15028,0.11464920899063707
15029,0.7331579776079648
15030,0.6881166637518845
15031,0.4170772261615368
15032,0.07633706570038722
15033,0.47418204691981314
15034,0.7422724474624548
15035,0.060523878210467785
15036,0.011281728645250358
15037,0.6373467497680644
15038,0.03498599380411484
15039,0.008423969781284624
15040,0.2859676267797387
15041,0.0037909925294465816
15042,0.007688008816074326
15043,0.010169947870568328
15044,0.00281975050680312
15045,0.03543869289743761
15046,0.325506533714543
15047,0.8681977771393261
15048,0.014442112523359203
15049,0.5053108608030985
15050,0.022020142693896023
15051,0.026075412898287895
15052,0.029444302267075083
15053,0.4230246294004315
15054,0.19596714463932144
15055,0.009019205044788026
15056,0.005089894223160982
15057,0.9788037795073963
15058,0.881376290608922
15059,0.15554230208683906
15060,0.0028639744705319468
15061,0.003666482675238379
15062,0.7345300953578898
15063,0.7561607335145268
15064,0.010595909012188879
15065,0.014792552696208076
15066,0.012040651415047203
15067,0.9743082788610553
15068,0.9502665077502515
15069,0.020026765698593327
15070,0.8810990811606453
15071,0.00848887108737326
15072,0.8383704166568515
15073,0.8283674835180722
15074,0.010812583141595448
15075,0.010764331943736227
15076,0.0072202217809955865
15077,0.03877478757997618
15078,0.002615157160326112
15079,0.0944931039674964
15080,0.927247938139623
15081,0.03652934644604004
15082,0.1165078675548814
15083,0.050788722387602396
15084,0.004054484296573445
15085,0.012015518051385283
15086,0.7259114034963858
15087,0.0030959636442313685
15088,0.010702916425250529
15089,0.03376943188143876
15090,0.014475403908920895
15091,0.019719869630347404
15092,0.003316312952605923
15093,0.05412130837018291
15094,0.00882538354683376
15095,0.01845497230802909
15096,0.3431967348459784
15097,0.0022134878684196137
15098,0.00939860729115446
15099,0.17142995226884025
15100,0.0034018078566388464
15101,0.8339781787342327
15102,0.6572810346815056
15103,0.29994423957746047
15104,0.27649261617628634
15105,0.0320052486637351
15106,0.05923340444983073
15107,0.9783596297694876
15108,0.01608100416001022
15109,0.0047921630772842
15110,0.194930036759373
15111,0.01663130052129386
15112,0.18760752459024893
15113,0.016164341472775855
15114,0.014126236463117616
15115,0.020822536139870146
15116,0.004799409570590095
15117,0.9809299262715074
15118,0.024046740341432872
15119,0.06439168347431302
15120,0.01441703435658207
15121,0.15073326024505043
15122,0.013033827915293878
15123,0.025764546531130982
15124,0.2825749316167091
15125,0.006667721624557576
15126,0.9120551651249486
15127,0.002227220693301663
15128,0.027530819794102775
15129,0.1478284404444839
15130,0.002427494252052625
15131,0.8489732952193809
15132,0.016156646450301793
15133,0.050177896455592716
15134,0.0019082864508031786
15135,0.4728307631419234
15136,0.5686147590507152
15137,0.1191756528667961
15138,0.13899765646917578
15139,0.005937462000976373
15140,0.003936599630358489
15141,0.9635513433363077
15142,0.0025802658100517414
15143,0.955482626740067
15144,0.32362386083142136
15145,0.009261179976642591
15146,0.00977188175029882
15147,0.5056894278195636
15148,0.021711061946603185
15149,0.954459179329984
15150,0.027881624498609658
15151,0.12735010293982177
15152,0.9307757255278978
15153,0.17776270232379757
15154,0.9218371376894445
15155,0.05580349698610702
15156,0.005105885824517848
15157,0.18766878909793192
15158,0.33257119197427126
15159,0.700790744814054
15160,0.2374856712712692
15161,0.0010823529144705847
15162,0.0034956394143403906
15163,0.003938469301951314
15164,0.003037939085302679
15165,0.03111071883295494
15166,0.9867817894181851
15167,0.11586498140159195
15168,0.047030442543191775
15169,0.01839557415388012
15170,0.08438319999705371
15171,0.013090499554610707
15172,0.03410892279809304
15173,0.9684715678161441
15174,0.7383045537064841
15175,0.17780936252951082
15176,0.004085884008432285
15177,0.20664307830083006
15178,0.07244906547363077
15179,0.010803733248779108
15180,0.4479768164618857
15181,0.9893386838307557
15182,0.12161925053257167
15183,0.3155016913889249
15184,0.020074131441807693
15185,0.8336398913057873
15186,0.018876162442791857
15187,0.003813510136112362
15188,0.010562689003964081
15189,0.006398659935254095
15190,0.01968893733097716
15191,0.0037514606595258466
15192,0.25506021899327425
15193,0.14063213054138055
15194,0.7693444596362841
15195,0.0717323261231835
15196,0.41227948788267726
15197,0.002080370103127002
15198,0.5156323553152392
15199,0.009851776324934816
15200,0.14050849428165793
15201,0.011024862748523476
15202,0.0017689914151299416
15203,0.0048292309416140475
15204,0.004269014291576165
15205,0.10473959573674353
15206,0.06494516237711682
15207,0.07736008377778868
15208,0.019128447436811583
15209,0.0558762087789333
15210,0.014875778390716594
15211,0.016444774243243948
15212,0.675181251183028
15213,0.005968973261112807
15214,0.018685186905778403
15215,0.027041643800445474
15216,0.6769592020326615
15217,0.023229539815526407
15218,0.0355318907834851
15219,0.004019527792512061
15220,0.019901165608291117
15221,0.009847349078538214
15222,0.06973853420242761
15223,0.011401292689896246
15224,0.011564351908816068
15225,0.6571260851337103
15226,0.3714645311882988
15227,0.018693733832618447
15228,0.8021026419024988
15229,0.157655449341021
15230,0.9631868232840859
15231,0.39903588089426245
15232,0.01650739216402257
15233,0.04333823877266677
15234,0.9953447476803625
15235,0.004078627611777778
15236,0.0999467208661432
15237,0.13512511108119576
15238,0.007071808726164029
15239,0.010203501642503427
15240,0.2635070891186676
15241,0.016450299990360583
15242,0.23933640531824768
15243,0.8417166730155762
15244,0.021865075831359698
15245,0.9248770830315304
15246,0.15526602684839005
15247,0.07177879362077642
15248,0.45837322820294774
15249,0.042211553871443805
15250,0.020733448452588236
15251,0.01977266161179447
15252,0.3967881255555054
15253,0.07072693824591124
15254,0.009792180855758364
15255,0.007517861648597158
15256,0.007511308739792746
15257,0.020439061500047276
15258,0.8659761647936374
15259,0.0630612359140245
15260,0.0030447363289637943
15261,0.9635444543236464
15262,0.013000486196261674
15263,0.9359043478959969
15264,0.30641712404145266
15265,0.1823293836888482
15266,0.10074263569225167
15267,0.02136006452870634
15268,0.007184350773852192
15269,0.01304729225657386
15270,0.1171152155704404
15271,0.02113605955780845
15272,0.06894989614183547
15273,0.06785482540324397
15274,0.9649985718730609
15275,0.939694798046974
15276,0.07254647963084579
15277,0.00385224855081274
15278,0.0037752982143271713
15279,0.04238861877235701
15280,0.980104239225253
15281,0.017081046867595612
15282,0.3224637438868794
15283,0.763444759468944
15284,0.009273819651885987
15285,0.9441241674877214
15286,0.0010596030492723825
15287,0.012286625699669611
15288,0.016047744726596022
15289,0.02821848402224093
15290,0.0019218917164519056
15291,0.004941325148887397
15292,0.13333413100277294
15293,0.9880140405781387
15294,0.017396365874923447
15295,0.07145774985168213
15296,0.03665968711305231
15297,0.00895025634518457
15298,0.0023376190540079834
15299,0.0020579866721586056
15300,0.020390254508440293
15301,0.18501824275239068
15302,0.3836572563244439
15303,0.00460810766955223
15304,0.006156184983487145
15305,0.2532298584098711
15306,0.030502529129291144
15307,0.80081011796763
15308,0.002398459809526921
15309,0.987452543549977
15310,0.7067534956520979
15311,0.12264336867083786
15312,0.005837193058722816
15313,0.013078191905133015
15314,0.0023166220809122213
15315,0.00476205161220737
15316,0.09394814563566457
15317,0.027116319540325114
15318,0.399115303153866
15319,0.003578454088547945
15320,0.010786835661864468
15321,0.008083499231452742
15322,0.04481724742295447
15323,0.005405833165969269
15324,0.8998986508519291
15325,0.0010787694993140342
15326,0.01860113657416628
15327,0.4965580558246433
15328,0.17122950406000287
15329,0.00355798202583774
15330,0.022308023717426784
15331,0.011241334715863043
15332,0.009107233220707299
15333,0.007266492158169078
15334,0.1417992701625649
15335,0.0063198334119310235
15336,0.06012345818811775
15337,0.03955281221362728
15338,0.37646987975606927
15339,0.017198826688433696
15340,0.004124473224486673
15341,0.0010724072859375486
15342,0.9676770331184439
15343,0.042479553966116544
15344,0.03052341249247677
15345,0.15003698127409934
15346,0.9385383452358835
15347,0.05707474975549425
15348,0.09200212085426085
15349,0.018154236059828233
15350,0.03466031412899008
15351,0.01746879451818388
15352,0.0306940442139889
15353,0.4108434740018732
15354,0.013018366802720066
15355,0.032292661571394134
15356,0.7829055147305956
15357,0.004006828033229946
15358,0.03327701571237662
15359,0.0015305119747180806
15360,0.006640024973895952
15361,0.003234631622266353
15362,0.012786065740017864
15363,0.015327663063481328
15364,0.026567494888097645
15365,0.5623235720074591
15366,0.08572031365613184
15367,0.828546735529597
15368,0.018572729314008697
15369,0.08160756918736913
15370,0.5012547885773527
15371,0.010328020217989876
15372,0.010465152978127832
15373,0.34183707804334357
15374,0.3663396998097604
15375,0.04643658868478506
15376,0.38930086042616335
15377,0.7012649456763094
15378,0.06482902245349915
15379,0.881178039151212
15380,0.7490983926688979
15381,0.004389893942785776
15382,0.015672753029260255
15383,0.008865276098078507
15384,0.5749776130054548
15385,0.19605257919382846
15386,0.13212737570926658
15387,0.05334073681764053
15388,0.013009069040486206
15389,0.03479790683209945
15390,0.2218943053495122
15391,0.23110412820280707
15392,0.0045290739680095725
15393,0.006280867172171883
15394,0.0031760226081206018
15395,0.004708015525593268
15396,0.0605760155933458
15397,0.002397054770242108
15398,0.011888170580756759
15399,0.00624938310645909
15400,0.5928494155812906
15401,0.23741152796576367
15402,0.003813816950418842
15403,0.04992684061005142
15404,0.011404197033882358
15405,0.027802293119205065
15406,0.4627565756144574
15407,0.029959924448938524
15408,0.03711771939211188
15409,0.6320457888959747
15410,0.49063004038417923
15411,0.0033499891537428126
15412,0.012834141496982072
15413,0.8281274722161167
15414,0.9930402331290096
15415,0.0034848675376784174
15416,0.006085918562020695
15417,0.47986635790779036
15418,0.03666465599967384
15419,0.37294733781559997
15420,0.01891623305240152
15421,0.020626288196342383
15422,0.0857877408035832
15423,0.07017535348729757
15424,0.004408644355793999
15425,0.9484432914750314
15426,0.4956965046411105
15427,0.014133743744464565
15428,0.07053660796842842
15429,0.1022106426214041
15430,0.0014020638119104467
15431,0.02015708530013272
15432,0.035410709482609846
15433,0.0019932066512108326
15434,0.0053825252128619164
15435,0.0022399848171641887
15436,0.021881012721311977
15437,0.013242990281568574
15438,0.016090551676408212
15439,0.014272611633997984
15440,0.008654967553158968
15441,0.9292412920219999
15442,0.6517808600285285
15443,0.521633296923228
15444,0.0044840313773978875
15445,0.015907608905675254
15446,0.08480948507234472
15447,0.006014546586152401
15448,0.887195524483609
15449,0.05658009012620416
15450,0.013793826864261232
15451,0.016952334280832995
15452,0.7624152942921263
15453,0.06103522577032305
15454,0.14759858802922643
15455,0.8867731564621464
15456,0.0445622935080948
15457,0.003390326122564567
15458,0.12785948458806515
15459,0.526145362452313
15460,0.36939628060724694
15461,0.059236070041316854
15462,0.032834509095608026
15463,0.0038866144005070863
15464,0.9639891769437409
15465,0.131716520522009
15466,0.004691314967807853
15467,0.804442449308627
15468,0.009451472853248504
15469,0.030186159083288183
15470,0.00234287672124889
15471,0.026249158805712474
15472,0.06604096433218339
15473,0.087017808871003
15474,0.25739713006056314
15475,0.6194109172579897
15476,0.6113193965052022
15477,0.055219772726272945
15478,0.0034526490363212324
15479,0.057270148054886116
15480,0.9363860759718915
15481,0.977573068577602
15482,0.14096181315359857
15483,0.9830340829817372
15484,0.010191402965421937
15485,0.3413724507747417
15486,0.006132708043870911
15487,0.9331508020869299
15488,0.014377811942628087
15489,0.07840710579152421
15490,0.9669539747936047
15491,0.5723075320121568
15492,0.5027879666151871
15493,0.07958377953904393
15494,0.02938608988362019
15495,0.4370993157490683
15496,0.027798254423402783
15497,0.004053058810487646
15498,0.9846866239347352
15499,0.2520376019345557
15500,0.006644105087981518
15501,0.001957086361639706
15502,0.05894569746680529
15503,0.9746790205591539
15504,0.042267816546119864
15505,0.012830342688122087
15506,0.05529362064188662
15507,0.002858270627862634
15508,0.26126885005762374
15509,0.004275519561900292
15510,0.12995666157836347
15511,0.014751121975973905
15512,0.0028702347908814724
15513,0.005009393090487501
15514,0.01722260922716094
15515,0.004466142278129239
15516,0.127345666947891
15517,0.2863451781253117
15518,0.010341766249605498
15519,0.02176222014642178
15520,0.24757484977268593
15521,0.030159378272681
15522,0.07943743154419022
15523,0.11490319245138517
15524,0.06723170742257388
15525,0.003225723908154074
15526,0.006358741035524202
15527,0.014936028610912616
15528,0.0033532653178911243
15529,0.024933479926099265
15530,0.006000370108162874
15531,0.08140559658228329
15532,0.013742340278644722
15533,0.1006056069222756
15534,0.012069201664500153
15535,0.3180078768653295
15536,0.24839786178156043
15537,0.012166658266659617
15538,0.02555213207441384
15539,0.01138314073921615
15540,0.02552919023257421
15541,0.035543728833603565
15542,0.009038759286222808
15543,0.013722888985424533
15544,0.006366513056396916
15545,0.025496184278657054
15546,0.5436616701454738
15547,0.12367479499227983
15548,0.011303215082971725
15549,0.8399237865347055
15550,0.0054004236148838085
15551,0.008376441973266271
15552,0.009337416476962143
15553,0.04460318098980895
15554,0.27859177648736233
15555,0.005571379050820105
15556,0.006278041309221057
15557,0.013103104632075186
15558,0.03053674305270329
15559,0.030561445084859622
15560,0.043177000414383944
15561,0.03844650480103023
15562,0.014574932554956127
15563,0.027052085455812294
15564,0.014863826633185976
15565,0.058073981512863804
15566,0.013712169325170364
15567,0.005035533845136033
15568,0.001780554331951803
15569,0.007406818933712926
15570,0.13186515284658418
15571,0.6077170400927897
15572,0.9459430066653955
15573,0.047852828355872
15574,0.006946467526362415
15575,0.006884976194751412
15576,0.04961434490074593
15577,0.8463107347842709
15578,0.9029203605752538
15579,0.4413720284281694
15580,0.010655705775200905
15581,0.036133786439485
15582,0.008446480301034624
15583,0.0037514107127125814
15584,0.09411017225355625
15585,0.9779612811580579
15586,0.002441920955076183
15587,0.0046510258135128565
15588,0.03086576941660559
15589,0.012972707796277318
15590,0.024084851328178586
15591,0.01699901323536495
15592,0.06460131749546266
15593,0.9847549172329928
15594,0.7166511445811007
15595,0.024467748122050374
15596,0.8350029606814685
15597,0.7917678398155877
15598,0.17635523891043894
15599,0.13578793738784348
15600,0.5949691045268345
15601,0.39038171642811326
15602,0.021319004126187705
15603,0.004105666123814577
15604,0.12029311208854128
15605,0.014824467013028773
15606,0.017151787986906208
15607,0.029603893521013586
15608,0.01182641308105035
15609,0.022875453481938486
15610,0.9237839059887952
15611,0.002523190943710388
15612,0.1423360344204371
15613,0.2607345022120469
15614,0.023990036359212492
15615,0.17830566722384317
15616,0.002614583779919781
15617,0.961142262515315
15618,0.25773082862304275
15619,0.003942160119145966
15620,0.11781428628256975
15621,0.011257308419590313
15622,0.01900930611616294
15623,0.05158562135682242
15624,0.015728154826620624
15625,0.957322292951608
15626,0.013419106186208939
15627,0.3778981063272715
15628,0.03225497553829849
15629,0.07777976662836965
15630,0.010871336777560133
15631,0.16543179270195607
15632,0.0050573381656979135
15633,0.003717243038417288
15634,0.08002970482850595
15635,0.31226058061806566
15636,0.03119406142699376
15637,0.14945206136674993
15638,0.02430052527622764
15639,0.4758464119099726
15640,0.18805972691589265
15641,0.045583438330592495
15642,0.3115898270282559
15643,0.011775676828195818
15644,0.12714484815756324
15645,0.029332829323769724
15646,0.07086155992514602
15647,0.006602706827446974
15648,0.13239551198495783
15649,0.06435102707764696
15650,0.009189125262361578
15651,0.00937849984727492
15652,0.005632503986047164
15653,0.3671438554426921
15654,0.08837137364969687
15655,0.8869549477460814
15656,0.5784823445430851
15657,0.8105645983218703
15658,0.006330904492940578
15659,0.08514288266667659
15660,0.009018812351357163
15661,0.2992732913426728
15662,0.017974445747587702
15663,0.042067846961992894
15664,0.0724791398140534
15665,0.15517032841207068
15666,0.004212087614466974
15667,0.044679952329276934
15668,0.0034885791537124893
15669,0.13308335656671857
15670,0.8364217153578147
15671,0.02141949436974484
15672,0.0033927607553118325
15673,0.06326127060004147
15674,0.2300913351028691
15675,0.7653289716462246
15676,0.00342949143153124
15677,0.6179450311176423
15678,0.007316670318723146
15679,0.007877711727335994
15680,0.10819372084823788
15681,0.015893167536546016
15682,0.005204114218857385
15683,0.01924245747146123
15684,0.03794389560656038
15685,0.02339344289625354
15686,0.6202370109098758
15687,0.0036136720033065834
15688,0.5328606274224025
15689,0.25749745608481306
15690,0.16578858856370876
15691,0.013046365985723672
15692,0.019434030831647048
15693,0.08375271524943965
15694,0.0030395386719837838
15695,0.026273393414132862
15696,0.023701436852750838
15697,0.009889877109805177
15698,0.26193436801241676
15699,0.004867085177417682
15700,0.009563280883936098
15701,0.20321250821177622
15702,0.03778316833984441
15703,0.20462590443703604
15704,0.004644660209073808
15705,0.9695173702547245
15706,0.2015221441881036
15707,0.02212055560154145
15708,0.5108650565063146
15709,0.0028841792481178324
15710,0.6669696919303948
15711,0.4091789334150976
15712,0.007157393950208683
15713,0.003317127022345359
15714,0.004042811840706949
15715,0.857219699051727
15716,0.07522408545132117
15717,0.008466958229119697
15718,0.015010657379748014
15719,0.9860385476007945
15720,0.2799980099206043
15721,0.05053024479705384
15722,0.003305215928690781
15723,0.004829496571618475
15724,0.05348743845142785
15725,0.005454143922882442
15726,0.02799288541072247
15727,0.018851021023291444
15728,0.010173128089465387
15729,0.9036203171085585
15730,0.05202085968502288
15731,0.005935903077965761
15732,0.975139580197037
15733,0.40426528759920216
15734,0.05398452132905277
15735,0.7239032830113842
15736,0.012503090980383134
15737,0.23813978865725144
15738,0.004484349620712279
15739,0.012460078271301868
15740,0.051378268526499925
15741,0.04927439748521129
15742,0.8585980114038319
15743,0.7706800392220302
15744,0.006972949482796114
15745,0.005770399965408372
15746,0.02626686769814307
15747,0.47744886813495385
15748,0.5500683240896128
15749,0.003317164669960245
15750,0.036428301470374555
15751,0.003356352057848112
15752,0.48342157738406566
15753,0.025946891671689273
15754,0.007297350083714699
15755,0.17967643089243227
15756,0.0017282049024063685
15757,0.011273337404830573
15758,0.047957882063479465
15759,0.03456382728944813
15760,0.07330481875336892
15761,0.08254727448992344
15762,0.6775290393904414
15763,0.8961072797416795
15764,0.020495123831656494
15765,0.02748767765951908
15766,0.0337951397828929
15767,0.008255098564246074
15768,0.012325722728404133
15769,0.00785855340252638
15770,0.34671817053202303
15771,0.09336813665749913
15772,0.006918764833039114
15773,0.017594221896654508
15774,0.04227137979700853
15775,0.017952857993276613
15776,0.2923325320105071
15777,0.6692405274562692
15778,0.9833230936833054
15779,0.17634790872605702
15780,0.725275410768847
15781,0.015212987039474575
15782,0.05612415639749649
15783,0.013024208350124553
15784,0.04644932479149111
15785,0.015456800201170256
15786,0.009284821700664504
15787,0.007984417817254386
15788,0.6455566612820552
15789,0.6284589584981443
15790,0.02144904884605061
15791,0.002132495606669668
15792,0.9717785771713856
15793,0.010426113789122761
15794,0.014034366105160699
15795,0.33003674696920615
15796,0.007370151422111352
15797,0.14784465173713268
15798,0.9822399057525663
15799,0.018929778207545333
15800,0.2664256397422857
15801,0.7758063031773139
15802,0.6292208374279707
15803,0.2545046028540782
15804,0.022749055327124096
15805,0.032580638852385393
15806,0.010729010245963457
15807,0.6878155875285772
15808,0.12493938649980993
15809,0.009864966196676489
15810,0.9628334045411602
15811,0.2625138159418262
15812,0.016331888984933852
15813,0.004282274053956358
15814,0.00671835688549499
15815,0.04544717065404033
15816,0.13003585734424997
15817,0.03161007872063097
15818,0.038312514085444074
15819,0.0234688980567056
15820,0.011736319067955426
15821,0.7572725146559415
15822,0.3865458779165193
15823,0.03368644472060439
15824,0.012752644817190689
15825,0.003684025999681088
15826,0.004540531632033626
15827,0.04420181465014384
15828,0.00828156242061987
15829,0.3468963079074339
15830,0.9504788837254273
15831,0.04629830035065869
15832,0.07109139226285248
15833,0.8282726332488664
15834,0.18895616296448448
15835,0.01513645498979599
15836,0.0022544189351512696
15837,0.17341164251030952
15838,0.0028403371688718953
15839,0.0024102714447359
15840,0.005432214057632374
15841,0.007610775476124313
15842,0.09448957399584085
15843,0.05548002170682351
15844,0.0385574772587831
15845,0.520721482660147
15846,0.5719706200895772
15847,0.021139925963693167
15848,0.03548785579364009
15849,0.08367461581700439
15850,0.0042310818406708865
15851,0.029812487953040506
15852,0.014048530838646154
15853,0.032927413289667015
15854,0.0024056105371759885
15855,0.1392547343000272
15856,0.020563567851944745
15857,0.054810383554863555
15858,0.005262068975687884
15859,0.7684454813458691
15860,0.0060040938255481935
15861,0.446324679208128
15862,0.014556001187493051
15863,0.025675393273628392
15864,0.9983416669732473
15865,0.19658194611310337
15866,0.01896403759144329
15867,0.06985595298884932
15868,0.004321121296613406
15869,0.028341365765329876
15870,0.005341391134007884
15871,0.0119722399949455
15872,0.10928910995701398
15873,0.6318637765976844
15874,0.006604140356862624
15875,0.01946352269883607
15876,0.0103797443971236
15877,0.00734704813919623
15878,0.2744678655826742
15879,0.6917828547279332
15880,0.00491141901255688
15881,0.010009130502681063
15882,0.013114730821588844
15883,0.01017102552443726
15884,0.0535309434821658
15885,0.03480837496251417
15886,0.4563560735051017
15887,0.02775270740170554
15888,0.10230199396317842
15889,0.02190112552615717
15890,0.010990360432803012
15891,0.9880688826782983
15892,0.005533718697189604
15893,0.38551788089218647
15894,0.008803161730706858
15895,0.015253425234045059
15896,0.07664128383590862
15897,0.6715518507872406
15898,0.01707242742959945
15899,0.012759352253815541
15900,0.21710053357350956
15901,0.3711907966325405
15902,0.012023745073432904
15903,0.8335410937491669
15904,0.002198517434841335
15905,0.02064482126889119
15906,0.025558555201917587
15907,0.14845769029222186
15908,0.03446542255569583
15909,0.34637744271205784
15910,0.04975610526214103
15911,0.13528145776135622
15912,0.016710930885870078
15913,0.00943068666431327
15914,0.631216069729738
15915,0.04025279191004383
15916,0.03653352973268277
15917,0.012495445451460722
15918,0.01440944565266809
15919,0.11695393923773666
15920,0.14832573247831216
15921,0.5189988562103872
15922,0.012670428765145993
15923,0.0048122063353920955
15924,0.6781694775308947
15925,0.0032536961037858657
15926,0.022698510252789097
15927,0.952918648446178
15928,0.1419348521872686
15929,0.7374441739090809
15930,0.9519382948602341
15931,0.2806623688521453
15932,0.01017899345565121
15933,0.8485821065739012
15934,0.023958128399435466
15935,0.004825695155906678
15936,0.005108442275055623
15937,0.0097051762524075
15938,0.16922876343230986
15939,0.005642298245804665
15940,0.06418661536749651
15941,0.060912432523883384
15942,0.003692185952271764
15943,0.04515134366397037
15944,0.00231611303598712
15945,0.003258734411592402
15946,0.06200015243840943
15947,0.00730091509080073
15948,0.5292779793370826
15949,0.9805842047480776
15950,0.004098798558611973
15951,0.030926002940096956
15952,0.9934080871866345
15953,0.23129720154419353
15954,0.036633065755693243
15955,0.10748645868584854
15956,0.12691753094340516
15957,0.014836603386521145
15958,0.9797594883375584
15959,0.34342096716032505
15960,0.005817154610129289
15961,0.8350000291922354
15962,0.014727213781625595
15963,0.0030208609097811807
15964,0.05751103649203725
15965,0.12603822350349048
15966,0.961386053417699
15967,0.015187079036608748
15968,0.2603699019380045
15969,0.0040837013305230875
15970,0.06872112734164533
15971,0.14249448509274232
15972,0.9943392865428281
15973,0.00993536413421105
15974,0.040414712944209584
15975,0.08093120703275856
15976,0.001655458229392645
15977,0.05422496459864128
15978,0.4231512718843007
15979,0.01568862079804177
15980,0.007410847324421135
15981,0.004654322949400764
15982,0.007656566983774591
15983,0.01296456949305831
15984,0.009719916348954388
15985,0.31770435379920253
15986,0.19297324829829235
15987,0.031150946702988822
15988,0.005609060989730736
15989,0.026536365222718298
15990,0.878376238018638
15991,0.0018812860522633827
15992,0.9859436612355911
15993,0.1191810653691218
15994,0.006767131479556027
15995,0.020726461793833875
15996,0.9816968647985965
15997,0.28625785028381584
15998,0.004423925585366004
15999,0.017452438809106626
16000,0.5783474693796037
16001,0.00643725460329184
16002,0.015424664928363368
16003,0.0029103465783754385
16004,0.08380495684218908
16005,0.23987779827644679
16006,0.017137071929121613
16007,0.033832911296157855
16008,0.007201109767657675
16009,0.7617634585633738
16010,0.006071846206836598
16011,0.7045787681780183
16012,0.0074698299866614295
16013,0.0031031949202812653
16014,0.014181347081468464
16015,0.1545046947478789
16016,0.7628197732549358
16017,0.3802462022538631
16018,0.1511287085895388
16019,0.07802366422863938
16020,0.026581338604501625
16021,0.002628695482369455
16022,0.0036426426515673276
16023,0.03568347751091909
16024,0.02649391315637073
16025,0.011752256099289569
16026,0.8902421407138694
16027,0.007742748266837733
16028,0.03734354930781679
16029,0.029110852298784202
16030,0.029151578569676085
16031,0.006692560587188051
16032,0.5199960363369136
16033,0.05708823015115019
16034,0.7430459794916195
16035,0.015329355550636898
16036,0.047109968285120256
16037,0.13183445084135811
16038,0.16588316734438657
16039,0.07951813406580774
16040,0.10294729081545408
16041,0.9987025370507074
16042,0.09070243633551675
16043,0.006525769002764856
16044,0.00499890919662191
16045,0.9724123444665103
16046,0.3880106890117202
16047,0.2374228719894078
16048,0.04983387364290717
16049,0.016115506616443006
16050,0.022648562473314003
16051,0.007939711250951066
16052,0.033563309668388566
16053,0.006699398999159695
16054,0.48921315976439905
16055,0.4067090700862426
16056,0.11797290907488077
16057,0.6602748396057344
16058,0.5711169441468311
16059,0.1609617669087229
16060,0.7094524747417924
16061,0.03163892254342333
16062,0.008214693153167345
16063,0.0032916660955828905
16064,0.005980840691541883
16065,0.010103534871472206
16066,0.011332520052964836
16067,0.009743284014062168
16068,0.17184644492274387
16069,0.04487784331314217
16070,0.7307833193027675
16071,0.011548566260110108
16072,0.014834823875728346
16073,0.3022944253774059
16074,0.012301577193063469
16075,0.06258622364932313
16076,0.5671680018950482
16077,0.6994689772845478
16078,0.828303626076712
16079,0.4769866750371908
16080,0.012828939739178095
16081,0.01180968269887601
16082,0.18304812794467165
16083,0.031479016042948185
16084,0.013004833617320476
16085,0.013564749721069103
16086,0.6671617517104039
16087,0.011245779066658182
16088,0.00443964733300247
16089,0.0025779199760955387
16090,0.9339726697016957
16091,0.14594398023838323
16092,0.040673494106240306
16093,0.04704935169251172
16094,0.5429699346215555
16095,0.16698030127250926
16096,0.0075151244165645135
16097,0.25375592980635553
16098,0.24336210402564307
16099,0.15846363499742402
16100,0.0029324533414197573
16101,0.016547618710326208
16102,0.02621265520009916
16103,0.012455508782694908
16104,0.0035153896229083944
16105,0.9561565832876272
16106,0.09445979728508429
16107,0.01380753681719434
16108,0.9463310904283757
16109,0.40147204677470094
16110,0.010371230175909572
16111,0.490184188971887
16112,0.038988731817287306
16113,0.032209051345888744
16114,0.007982044561323386
16115,0.9939537031195639
16116,0.007401321382791959
16117,0.009834019764451769
16118,0.001289738094242528
16119,0.6055500304329583
16120,0.005635305188401551
16121,0.005066434821387811
16122,0.03080366741414326
16123,0.004233212334224014
16124,0.0046782777498969525
16125,0.0013505391933471228
16126,0.15646180080005118
16127,0.0029270633831876467
16128,0.11866164799953466
16129,0.1467861780158785
16130,0.6771069555856195
16131,0.011268655318258792
16132,0.5601902855239927
16133,0.9898046222018934
16134,0.4404219004977469
16135,0.015116238858305958
16136,0.004468870297562724
16137,0.031560539301530216
16138,0.003550742106569163
16139,0.005575733501769734
16140,0.0027828415080398544
16141,0.15684169883196367
16142,0.017675234812119883
16143,0.01148121170827923
16144,0.00507630724770668
16145,0.03705561920447322
16146,0.15388088566319835
16147,0.18516814478873034
16148,0.5890440618302217
16149,0.9044500076019967
16150,0.120678774660593
16151,0.028872245652247698
16152,0.8391053634487712
16153,0.4896193252904612
16154,0.005344576592227787
16155,0.46286797583737505
16156,0.00560645020260049
16157,0.14238731321253853
16158,0.24733635258038947
16159,0.3357166155972215
16160,0.18897429998311743
16161,0.39471992905637343
16162,0.006448715259730729
16163,0.009787777152943378
16164,0.8783919942085013
16165,0.022116262267410272
16166,0.004700301946268355
16167,0.46457078172638
16168,0.023441483670318133
16169,0.05690474076051513
16170,0.02065593245900993
16171,0.40034903381253467
16172,0.016436965645662282
16173,0.9034414874105594
16174,0.18699819320588262
16175,0.020566746035742312
16176,0.01784612842837842
16177,0.6242683224003485
16178,0.011730303192080434
16179,0.16736947118309112
16180,0.0055102907560884715
16181,0.004727042969352492
16182,0.1273345572391471
16183,0.0018764083915886957
16184,0.009043717523297535
16185,0.035116430261797574
16186,0.7409351143237682
16187,0.07177335531474276
16188,0.050834548031103446
16189,0.04006179791346696
16190,0.005126576926485099
16191,0.8711797674956185
16192,0.99398170855864
16193,0.612556505742676
16194,0.9857415043785577
16195,0.287564134367739
16196,0.16270755087349778
16197,0.03007559739345586
16198,0.07394970868377436
16199,0.09092721122627509
16200,0.002898991278976876
16201,0.09714536563092052
16202,0.14874067652171166
16203,0.6859912046496026
16204,0.020358227466410864
16205,0.6043872946143429
16206,0.017665729894162204
16207,0.02198995552724037
16208,0.25864727966816814
16209,0.10430949692389568
16210,0.16594190282311622
16211,0.2968230724138198
16212,0.017170482012931813
16213,0.0895326521634695
16214,0.3157623559517644
16215,0.029205009191552684
16216,0.08044166943048403
16217,0.4901240740396137
16218,0.005574124885540918
16219,0.028352166467334877
16220,0.006555064680432504
16221,0.16357596534339394
16222,0.5076152932051752
16223,0.973336582866326
16224,0.002636069105477523
16225,0.11459028038736654
16226,0.05011304014073946
16227,0.006124838514639755
16228,0.051366548371295576
16229,0.2860732466081425
16230,0.02796855984170498
16231,0.37387631914015507
16232,0.6039446827751708
16233,0.746322235777314
16234,0.963129439303897
16235,0.0022865412320743944
16236,0.010628664856939486
16237,0.6772724986170907
16238,0.11053375147980865
16239,0.011617863627185967
16240,0.09846649720153176
16241,0.035551771185136825
16242,0.010407721091582526
16243,0.1488268629990162
16244,0.40873961639805484
16245,0.2644397798542165
16246,0.007102267763180335
16247,0.0016547894133953796
16248,0.9677638705899685
16249,0.09243673356341794
16250,0.7756931737498706
16251,0.9111113000127607
16252,0.0017591117299717179
16253,0.022603668882790307
16254,0.0045485177874057415
16255,0.013162378004649988
16256,0.009912630936546431
16257,0.007271825406057016
16258,0.017185295595399407
16259,0.047326775814691725
16260,0.009808915010618388
16261,0.09959656703730337
16262,0.02511159310176952
16263,0.03764431732999137
16264,0.016792108898234497
16265,0.016749909129725352
16266,0.8197155157736251
16267,0.008661319866920732
16268,0.03280313551284424
16269,0.02695270690107998
16270,0.08835782546277908
16271,0.014167547279148101
16272,0.16801984142172494
16273,0.03361656617696219
16274,0.2005240163450866
16275,0.017029065616001007
16276,0.1414017462499213
16277,0.9830198774504921
16278,0.02102551997311096
16279,0.26678424172418824
16280,0.0007272084362559245
16281,0.7000538365275807
16282,0.017962225731099714
16283,0.007123779171022127
16284,0.29823559885372447
16285,0.027631627618735586
16286,0.010758569874725937
16287,0.024971570032474688
16288,0.40234356740918775
16289,0.015058346267074524
16290,0.0019071083935820455
16291,0.006463179845029267
16292,0.8365605282211744
16293,0.6808105821606251
16294,0.017000362368676247
16295,0.14750449108674196
16296,0.017147929075793544
16297,0.862400256722068
16298,0.028082758957663673
16299,0.9818366169113852
16300,0.047575584195338715
16301,0.17759294039485332
16302,0.7306357370416857
16303,0.012332682876261913
16304,0.005055513556747855
16305,0.07946954304301086
16306,0.01590038183462832
16307,0.8358790441743552
16308,0.0044635285117648376
16309,0.9844603870254713
16310,0.0743036627385828
16311,0.012800138786226866
16312,0.7731657558124676
16313,0.9828130172753569
16314,0.002233347826099613
16315,0.8408705509888108
16316,0.9499315171949538
16317,0.025377552909722243
16318,0.00482566248243747
16319,0.4727221083282876
16320,0.3498588749409744
16321,0.01744232880391607
16322,0.14238854330163553
16323,0.003984835725115899
16324,0.0033075030682793785
16325,0.03816406907358525
16326,0.044445754084607124
16327,0.016062451707418608
16328,0.8763477072324254
16329,0.05890827156460304
16330,0.03514473448097318
16331,0.011522764878449296
16332,0.06840645744557153
16333,0.002849440798512144
16334,0.027022046500875172
16335,0.0380909655289885
16336,0.25012860690879507
16337,0.004352436449950914
16338,0.006219008008583516
16339,0.005058486839968073
16340,0.008395341320084052
16341,0.467536359015177
16342,0.008632639647396112
16343,0.28413292165500326
16344,0.07558517968179959
16345,0.0062245691515156396
16346,0.8970029572508541
16347,0.014057311130952517
16348,0.011510225790886595
16349,0.22548073484732023
16350,0.012990146803193771
16351,0.020083248577157563
16352,0.010881056647499172
16353,0.008491367891323681
16354,0.12308914436084907
16355,0.732954434074896
16356,0.9879546402321773
16357,0.9565888529961106
16358,0.011067656763947248
16359,0.1085725754224946
16360,0.005116179905058305
16361,0.8751559771832366
16362,0.04088854056483518
16363,0.008355166610350937
16364,0.008754617665726307
16365,0.4527284446612342
16366,0.7882486868558088
16367,0.011877254283659912
16368,0.9584013788607978
16369,0.06242884146050405
16370,0.40370633571224385
16371,0.02598892327446724
16372,0.005473681153737937
16373,0.07663271781306173
16374,0.035686438427104346
16375,0.004015312697639537
16376,0.18351138461696145
16377,0.1307150303797017
16378,0.0030028440590347937
16379,0.551594245068882
16380,0.683543314306159
16381,0.34639523273037426
16382,0.009331414157130043
16383,0.0026548946827883915
16384,0.08152044774037073
16385,0.04338076435217727
16386,0.7315531488217649
16387,0.011138980341261135
16388,0.016585262060104793
16389,0.9649394328696126
16390,0.40502777518755917
16391,0.20820153199501976
16392,0.018971087103027452
16393,0.0010175200135283937
16394,0.002954942652152711
16395,0.007743805292713778
16396,0.44913031515552904
16397,0.022743798800585243
16398,0.8920641698682068
16399,0.0023030494351685546
16400,0.06511803114040404
16401,0.013710960194573955
16402,0.9350690814230384
16403,0.0015737759921154756
16404,0.0018530412566238148
16405,0.025736300684771805
16406,0.5503456941465247
16407,0.7966014659982985
16408,0.3913371550750354
16409,0.03841153176641704
16410,0.0607521794732983
16411,0.009021066134150083
16412,0.9866405279373476
16413,0.9174992926170904
16414,0.05139360450669424
16415,0.004926674750724993
16416,0.010483961718285197
16417,0.02919339136070655
16418,0.008093028358117035
16419,0.04324679446409596
16420,0.07668372314441145
16421,0.017345930502584452
16422,0.034527784543884436
16423,0.27532560791336985
16424,0.0033431191149390295
16425,0.034523806006716354
16426,0.020850120221503482
16427,0.004704511766078039
16428,0.010151856966959083
16429,0.925545100637498
16430,0.0018441602776803785
16431,0.06592068190295913
16432,0.1636987741252605
16433,0.16223888846121481
16434,0.5761817417813632
16435,0.005410806296534373
16436,0.010108564143253724
16437,0.0038776197338887043
16438,0.04033437905150801
16439,0.051849990786516996
16440,0.0020174463365969252
16441,0.015051507129505506
16442,0.08787077772708972
16443,0.059817922299151595
16444,0.27449388479111453
16445,0.05692037910793447
16446,0.09714058773136101
16447,0.10799864444974187
16448,0.014369987232066348
16449,0.005842895816576873
16450,0.01619054500521614
16451,0.007515421467490983
16452,0.5685156579611549
16453,0.048575113227096955
16454,0.3961825537932075
16455,0.08451783392808776
16456,0.006592075651043183
16457,0.23356655494777753
16458,0.016907221361754297
16459,0.012441739496978285
16460,0.005635525908587118
16461,0.015543716710377067
16462,0.003484250430249548
16463,0.8638107344234179
16464,0.006037132401121288
16465,0.014954397415792974
16466,0.1349667466838144
16467,0.021083399495130387
16468,0.31380649559062257
16469,0.007382044467307791
16470,0.010363261727696018
16471,0.8301754814268584
16472,0.013392719788860986
16473,0.023959204217674588
16474,0.009723279331829223
16475,0.9115239983213377
16476,0.9308982238431914
16477,0.00738192640547938
16478,0.014375374183175822
16479,0.005668520271694033
16480,0.008618812479629262
16481,0.03312028832700052
16482,0.0014302925971590172
16483,0.697523924897848
16484,0.06288806242838837
16485,0.00181356451450363
16486,0.010146661536828873
16487,0.016321746084706795
16488,0.015131043992825275
16489,0.986601400362012
16490,0.021765440990696164
16491,0.006540904343133169
16492,0.5397070796911134
16493,0.023994551686895484
16494,0.4034992335680026
16495,0.0031971773611420263
16496,0.020379745076056232
16497,0.14113643856892832
16498,0.19375673199359247
16499,0.01504335211303411
16500,0.04705979732910644
16501,0.0121113187942924
16502,0.10866307011836278
16503,0.02932059262789618
16504,0.012778254541851948
16505,0.01345627296437992
16506,0.0460032254097253
16507,0.01272538430544883
16508,0.1780976623609649
16509,0.02823104793021223
16510,0.9566017796769107
16511,0.06180079012489149
16512,0.0036414265012927223
16513,0.00924567886852269
16514,0.22553944446303587
16515,0.02104359550467947
16516,0.00347670086300525
16517,0.09765359119366149
16518,0.026417526532236394
16519,0.004031282038956822
16520,0.017844810679499088
16521,0.005995345153545388
16522,0.016804034753005844
16523,0.6203884071756334
16524,0.06294345163150089
16525,0.24053718658799128
16526,0.02546041741719607
16527,0.002581559711293133
16528,0.9306320093271825
16529,0.1621551762609271
16530,0.004879638249002652
16531,0.00760836877614891
16532,0.8871280040728425
16533,0.012251912461483407
16534,0.045873012367469976
16535,0.0704999059297882
16536,0.025636172412614146
16537,0.006704377919845742
16538,0.04590819054136397
16539,0.612766769979982
16540,0.45503213582810736
16541,0.017332031758289814
16542,0.011046402548171231
16543,0.05141525573789044
16544,0.29708431542621905
16545,0.14112363521323112
16546,0.008039851015150121
16547,0.2501266265442398
16548,0.6718649855777364
16549,0.010266559316237654
16550,0.1105760700466156
16551,0.008254032461469418
16552,0.004883275605662121
16553,0.014130986491001267
16554,0.008040395369090486
16555,0.026606149767375104
16556,0.18521938895099138
16557,0.89806985463464
16558,0.021547625216421944
16559,0.1810269488537961
16560,0.062487408763315454
16561,0.0664548220177696
16562,0.028650272838036662
16563,0.0142995429131999
16564,0.12473287047934489
16565,0.9836915909632029
16566,0.36893620113591086
16567,0.2684546678534019
16568,0.5915882467208174
16569,0.0038944359612986747
16570,0.13151761062366027
16571,0.0594493113389532
16572,0.017886546890967827
16573,0.00296584135378208
16574,0.5165719117928614
16575,0.0014977821453049838
16576,0.023871262142207327
16577,0.03976731686033921
16578,0.007030449521441647
16579,0.012928599902565393
16580,0.0029846302648680657
16581,0.0037254094787649663
16582,0.22769957489961712
16583,0.021238661900688988
16584,0.003022009478380954
16585,0.0033847340061024427
16586,0.8157856801612097
16587,0.34581611261173517
16588,0.8654036361276303
16589,0.004888579985031195
16590,0.7492734997812959
16591,0.001908913409255232
16592,0.9879315519661127
16593,0.26980143933858625
16594,0.8406379215934459
16595,0.020286664853394077
16596,0.016087358358597325
16597,0.7398033148544813
16598,0.4983474514378726
16599,0.012649896638322123
16600,0.5225126816698048
16601,0.006119082796461665
16602,0.3151516418194964
16603,0.0033447144238916487
16604,0.05682344044704389
16605,0.027958583470736896
16606,0.07305513148165406
16607,0.2078724431167587
16608,0.8558982812638244
16609,0.4767614064186877
16610,0.3893435323942964
16611,0.010496175763424988
16612,0.01024893577921161
16613,0.004242986431719996
16614,0.6530183843422811
16615,0.011120614865587361
16616,0.24971744710555638
16617,0.2108005553960838
16618,0.0037677875349589624
16619,0.08607498476107305
16620,0.026451428617248352
16621,0.8871789144344927
16622,0.7426960556770522
16623,0.027053295234663884
16624,0.23523384643727385
16625,0.007870748037228193
16626,0.0030136267258865732
16627,0.031120738671574312
16628,0.003660602563612918
16629,0.022900864025462677
16630,0.1511676507450126
16631,0.850693937157083
16632,0.004757426863393142
16633,0.37947408450218334
16634,0.0037793084743711455
16635,0.9412687367211741
16636,0.045731515553731145
16637,0.0036594859535370237
16638,0.1923775191216157
16639,0.017331134036954614
16640,0.4802652273942283
16641,0.01219594409026914
16642,0.008709291481785451
16643,0.02827496790932357
16644,0.021187190895795877
16645,0.06754320333186317
16646,0.010588322820730738
16647,0.07187786062378955
16648,0.019706444312239415
16649,0.09504185009353316
16650,0.004297796596838211
16651,0.003938122460538217
16652,0.05136840122338482
16653,0.002459149446008125
16654,0.005758725300758287
16655,0.008612709184002806
16656,0.5969139722457061
16657,0.25771407363226423
16658,0.006105118529580702
16659,0.0034840363982094544
16660,0.9350555490108975
16661,0.0615371565668092
16662,0.016647207057068635
16663,0.028082717674935125
16664,0.005240618333932091
16665,0.06763841079607309
16666,0.017953556250214258
16667,0.011263824179744537
16668,0.9058383408001947
16669,0.004797002774990205
16670,0.005857008150359115
16671,0.0021801379789107463
16672,0.3052965372888951
16673,0.8091132259929327
16674,0.0037897854352751718
16675,0.0611286515524884
16676,0.014150423961336077
16677,0.009427491643771943
16678,0.0017015253770944088
16679,0.0057521905045355435
16680,0.004849190610839984
16681,0.005788705144298867
16682,0.4196883153010118
16683,0.0589724289364168
16684,0.005469932278389564
16685,0.03319517579236398
16686,0.28002906550076234
16687,0.009866250703461614
16688,0.31269061167768236
16689,0.062319949946573645
16690,0.9909306974643208
16691,0.14216489064765261
16692,0.00893282684684013
16693,0.05894555050637854
16694,0.022971282538484638
16695,0.0036742316694241654
16696,0.0027530201507849662
16697,0.0050608306324198766
16698,0.010074373122660272
16699,0.024579500110957487
16700,0.04358696628646975
16701,0.9120885412749207
16702,0.004884461269678569
16703,0.009481767939591455
16704,0.025154730937283112
16705,0.10487601616923216
16706,0.013302213725871212
16707,0.6098117427313003
16708,0.004131309320790337
16709,0.012942694015662882
16710,0.01788967420270943
16711,0.6804177906253475
16712,0.02115645978770796
16713,0.7398882228089415
16714,0.014077419321748769
16715,0.24865294282239483
16716,0.03783630432416495
16717,0.17025536222029258
16718,0.9480102949078093
16719,0.6420415033588363
16720,0.016136763116240196
16721,0.30325930495305875
16722,0.2092223287839646
16723,0.007923975975816856
16724,0.018186127764606635
16725,0.004162705088255499
16726,0.003715622999175114
16727,0.732316002390678
16728,0.22901308392394967
16729,0.03759817063914123
16730,0.0012622412206266145
16731,0.0035661422604074296
16732,0.9256207480279091
16733,0.015507569651884214
16734,0.023486755476964064
16735,0.22751920974092016
16736,0.8604589979110979
16737,0.02480908316046061
16738,0.004027016362010674
16739,0.9304759302371368
16740,0.008986361856787525
16741,0.007012191966568902
16742,0.8542053395657622
16743,0.009064415984477343
16744,0.10261082120940967
16745,0.004260098797619618
16746,0.005473125695022511
16747,0.009280023481940403
16748,0.12289675184878954
16749,0.01865546613832904
16750,0.003198801931062816
16751,0.05514992268984785
16752,0.027752941140529334
16753,0.013153667131863844
16754,0.006792351212324694
16755,0.014021219393952448
16756,0.053875960160105096
16757,0.010081384453471409
16758,0.004397754164799246
16759,0.055975786950243675
16760,0.005660151319250786
16761,0.014687328597283457
16762,0.003918242853173247
16763,0.10494230789798002
16764,0.6516504490347368
16765,0.003986761383398002
16766,0.018041085749616978
16767,0.011301030415557833
16768,0.07164864803127874
16769,0.056688732956881024
16770,0.7102708246462185
16771,0.009852788149010427
16772,0.3203350264704485
16773,0.0039131117953503745
16774,0.008867891970276173
16775,0.00613365528183518
16776,0.014598201863650939
16777,0.20620955550979506
16778,0.2388256637301718
16779,0.0022427995266881538
16780,0.1566296132956205
16781,0.18516721094530206
16782,0.6970052372868427
16783,0.010558399830588937
16784,0.06168566151555951
16785,0.012997407368434594
16786,0.019651543845137735
16787,0.01052320777667311
16788,0.03539022973395939
16789,0.8505666741792841
16790,0.0408566021467879
16791,0.003758672986875028
16792,0.05250144522412816
16793,0.0177240138816835
16794,0.03439951258356726
16795,0.6300659527349418
16796,0.026126595138875733
16797,0.014840628617274903
16798,0.16514789209741365
16799,0.010273904985561721
16800,0.09565204589333921
16801,0.06259106996145196
16802,0.0456617847024867
16803,0.0046265031339549016
16804,0.1002429530011681
16805,0.0013101322264660723
16806,0.004587523806111885
16807,0.42020823067458773
16808,0.002337622085988051
16809,0.0022403032149314666
16810,0.004391844470908041
16811,0.005784649639866537
16812,0.05558299672246472
16813,0.29875050158472105
16814,0.03900104141532287
16815,0.03546764454219251
16816,0.011964978255565748
16817,0.04873458335341547
16818,0.807076673744054
16819,0.9937547273659609
16820,0.23312900826890634
16821,0.9688665233362689
16822,0.004025167020726357
16823,0.0054692867225189165
16824,0.9459692527869709
16825,0.009351279179652257
16826,0.012584572019676447
16827,0.012461630010828822
16828,0.003975446688068009
16829,0.9836215151738009
16830,0.36407524843878464
16831,0.9764289692051604
16832,0.9223217161134102
16833,0.6206283865869558
16834,0.012558736863786104
16835,0.01245267524152993
16836,0.25334722038834157
16837,0.3355944402717395
16838,0.7906231111439173
16839,0.4995669492409052
16840,0.9913134826003341
16841,0.008927167705384872
16842,0.42944054611714144
16843,0.2382097059939762
16844,0.9668916683093254
16845,0.017656931423352937
16846,0.8282249927301388
16847,0.3705354892919113
16848,0.7686685960084406
16849,0.03546555311144632
16850,0.9424105083465278
16851,0.014101672412296299
16852,0.0029347234430568457
16853,0.15283642896782526
16854,0.40138739971820514
16855,0.022613583840615865
16856,0.3925746070853364
16857,0.6384245942585631
16858,0.7959631629775191
16859,0.005044289713279469
16860,0.22573686890522668
16861,0.003036095043159215
16862,0.011003858989918151
16863,0.016422857044058114
16864,0.0632430060665165
16865,0.016304068524765514
16866,0.027821314556525357
16867,0.05812634950915937
16868,0.12310577200977296
16869,0.005522623564325764
16870,0.30078026626695337
16871,0.5852970523544885
16872,0.02157766922474918
16873,0.0059119487078463165
16874,0.00243696247184996
16875,0.8128397409097118
16876,0.006203231447352087
16877,0.005439933019204226
16878,0.0025094202704766654
16879,0.0044179463046075205
16880,0.1779096509537816
16881,0.013837412374742838
16882,0.012295255276450371
16883,0.2299745457514692
16884,0.04039014397244488
16885,0.01687450156174684
16886,0.00970034059543783
16887,0.31185492164708434
16888,0.003878802148771797
16889,0.14918284146669353
16890,0.5436500301990798
16891,0.008353660498396592
16892,0.042184277335688844
16893,0.1326782553518084
16894,0.06145714597013646
16895,0.09873633967709938
16896,0.1390873575288072
16897,0.03414413444798624
16898,0.18008274424969214
16899,0.042471067216020675
16900,0.051679723337610575
16901,0.009315221053681485
16902,0.9203016101921424
16903,0.0049897190382861105
16904,0.5927582841424084
16905,0.003389414841572822
16906,0.15317626881561355
16907,0.021893969101821443
16908,0.01580792866619508
16909,0.000998131584732695
16910,0.0028414096388302474
16911,0.03559419908543829
16912,0.004400096520736898
16913,0.005310414010249898
16914,0.002954911800855147
16915,0.199858750672257
16916,0.014637275074235019
16917,0.03016809548930027
16918,0.8237837291821394
16919,0.009728212436750401
16920,0.00811183790577252
16921,0.00544398548282912
16922,0.029379640038878017
16923,0.2752944743645944
16924,0.03852673287813251
16925,0.05241191947360545
16926,0.04993853820069918
16927,0.007317746023486414
16928,0.8541286719840818
16929,0.5919179651963445
16930,0.003221923373601917
16931,0.8552113817475504
16932,0.23541074119061597
16933,0.008937075241960881
16934,0.011923919656351725
16935,0.022377734704661967
16936,0.8802806562636869
16937,0.008781815819149656
16938,0.004241076202029567
16939,0.009191869457482503
16940,0.4918042191642681
16941,0.024048914235704235
16942,0.17622570584591493
16943,0.9900244464065385
16944,0.017250141947234784
16945,0.003209252397688761
16946,0.08510217783750694
16947,0.060419030478625055
16948,0.04993310361150179
16949,0.994384597410534
16950,0.06708511744683057
16951,0.9914516158533464
16952,0.016417547893627732
16953,0.015276566957985892
16954,0.00818935572454802
16955,0.006894507977107641
16956,0.1623823665922856
16957,0.2224722745693498
16958,0.01062607332769428
16959,0.00469668776496555
16960,0.008723245823077673
16961,0.00897062223903022
16962,0.01617107745705366
16963,0.01509549868162307
16964,0.012293550221724172
16965,0.013773546005607741
16966,0.9594333960321303
16967,0.0374837222668237
16968,0.854393619927558
16969,0.01517214997717865
16970,0.0009981850836161068
16971,0.7159149838218768
16972,0.9459798855122644
16973,0.34922047051704963
16974,0.06649169311144779
16975,0.003465060064538573
16976,0.07022913888755293
16977,0.022617642898402773
16978,0.1518745998854998
16979,0.015484420150608549
16980,0.5941601711714257
16981,0.9416610967506693
16982,0.9764021478552048
16983,0.9904045241030832
16984,0.008441722654266378
16985,0.007139543094133028
16986,0.0029284305922091937
16987,0.022600919145888902
16988,0.005525159528265632
16989,0.8438113575496532
16990,0.02116101586918332
16991,0.004756502832204807
16992,0.12780329898101442
16993,0.0018641781004578811
16994,0.06660609669416984
16995,0.007212264997604239
16996,0.0036767511921115175
16997,0.01682738091758422
16998,0.862878161957262
16999,0.01769303133075094
17000,0.00778737897079463
17001,0.0030805533669015957
17002,0.03775337615782443
17003,0.6290731502258216
17004,0.09095866015843994
17005,0.11097941183652608
17006,0.06749997668764736
17007,0.346535985059854
17008,0.02679389433663137
17009,0.6674575572497808
17010,0.13756251078160486
17011,0.053564818582050235
17012,0.008737143273418745
17013,0.0077933027249061735
17014,0.5400434709055507
17015,0.808321802581757
17016,0.008892891515158416
17017,0.12483377179651349
17018,0.013085951886141499
17019,0.010142091900903276
17020,0.024857435898334623
17021,0.026032066935137314
17022,0.0331230029107253
17023,0.9501408975668102
17024,0.008012767746383738
17025,0.013685728786488239
17026,0.002989961211080123
17027,0.007234500501009744
17028,0.7168536727490852
17029,0.008024624821976906
17030,0.0027344569381460094
17031,0.0018632373725962705
17032,0.7469156982962406
17033,0.032719780209407925
17034,0.02452538989480101
17035,0.018685026185021915
17036,0.009356599596680197
17037,0.006224157143019323
17038,0.006862827784864608
17039,0.00699814594075828
17040,0.0067854671317433895
17041,0.006004336615232169
17042,0.9738093855544835
17043,0.051862123884206995
17044,0.013247214864515602
17045,0.17269526674009272
17046,0.7797536618634604
17047,0.0063150371390812456
17048,0.09769267318468931
17049,0.04787613676991522
17050,0.07046506865876961
17051,0.948234830585451
17052,0.11589108117355025
17053,0.9167799543139739
17054,0.02240147458571252
17055,0.018872145398232183
17056,0.029466322228681143
17057,0.017420466590632632
17058,0.009337879774431214
17059,0.00410967791116831
17060,0.4184953296044142
17061,0.9939867904387059
17062,0.012301835911550357
17063,0.052716252956954084
17064,0.23158519717394677
17065,0.015561732248652599
17066,0.9189378852954287
17067,0.7399922461931211
17068,0.4658748112671177
17069,0.21241432372420777
17070,0.629058610401329
17071,0.9268819648049956
17072,0.04546179643756872
17073,0.02541067763599048
17074,0.20514787665198742
17075,0.05197318059165435
17076,0.013444932608938809
17077,0.40255065885220037
17078,0.1488419950213661
17079,0.1609432561230721
17080,0.07754719070444349
17081,0.015412783641317955
17082,0.02410196937721195
17083,0.040327211762977676
17084,0.31597380159255406
17085,0.9091918646847507
17086,0.039708385968739095
17087,0.18232900283251052
17088,0.012727160616304687
17089,0.023320495094354413
17090,0.0050123755720204435
17091,0.002034110577518882
17092,0.20613149408550827
17093,0.016500128169185484
17094,0.028445059967055528
17095,0.9684367822198341
17096,0.5795940759437906
17097,0.4960039684938824
17098,0.0069465956981823295
17099,0.007138185458921686
17100,0.45321079112505125
17101,0.13447111259331695
17102,0.8524712808323034
17103,0.02480389612116693
17104,0.02877603539394051
17105,0.23325642411216138
17106,0.0060774522426874375
17107,0.06157135744655969
17108,0.035761900803969196
17109,0.015284997299102288
17110,0.0035508434010893567
17111,0.009880703233467788
17112,0.26605479314933367
17113,0.0841154039130653
17114,0.006614440297273672
17115,0.24646733297562443
17116,0.2703651186078295
17117,0.012306908555392144
17118,0.3673423348336045
17119,0.04039606563278571
17120,0.1044634510721597
17121,0.010007870022170526
17122,0.6795533351316536
17123,0.05910894343462869
17124,0.9902474604368864
17125,0.0032590991640598665
17126,0.1368736391074378
17127,0.006163486480941754
17128,0.9021119445420326
17129,0.008831527903452515
17130,0.3094496522365472
17131,0.020453613981339505
17132,0.09708428372600642
17133,0.05963788370279627
17134,0.18869767860498834
17135,0.08956992800449116
17136,0.03717405281094786
17137,0.05167101804102325
17138,0.9953664290593066
17139,0.17419288937733454
17140,0.009285107762017962
17141,0.34863039810121926
17142,0.08597959057430189
17143,0.49745196989147433
17144,0.005944217722129414
17145,0.01044359024429913
17146,0.3224654685438582
17147,0.012499538971821357
17148,0.08846867235888412
17149,0.020916365394277766
17150,0.031934605257317325
17151,0.20035331577436669
17152,0.025211679607264913
17153,0.011452071173581739
17154,0.04062581923166435
17155,0.01012260677125599
17156,0.21771728509897195
17157,0.12879909687670105
17158,0.25451983849871945
17159,0.04157867700900375
17160,0.023395598794515617
17161,0.6225262053466651
17162,0.014105296652393922
17163,0.7660294646097713
17164,0.0037883568297148304
17165,0.0008540389065310041
17166,0.1735858351106351
17167,0.01832744124891262
17168,0.016799131370513296
17169,0.8550896674768899
17170,0.015467702413017738
17171,0.006836498893266456
17172,0.08907585804951519
17173,0.06795759607502776
17174,0.11723952802252008
17175,0.43731248495513725
17176,0.12417687280765663
17177,0.17585536969740767
17178,0.06536872340607351
17179,0.3657909905935941
17180,0.007199495810662901
17181,0.20926183477160593
17182,0.07493375723160745
17183,0.1920447820690434
17184,0.27868926999243165
17185,0.018173120252491876
17186,0.004945316596200439
17187,0.015014789657651328
17188,0.46137365171109457
17189,0.011400828471744633
17190,0.0181224754174551
17191,0.061583502991021596
17192,0.006179234140181847
17193,0.004658686524880673
17194,0.003829160166299693
17195,0.023993657853464863
17196,0.012656152761961461
17197,0.014456663804093101
17198,0.2797661517546603
17199,0.9558192884730692
17200,0.055421863514773566
17201,0.2935835273195207
17202,0.05812879145082264
17203,0.015167436668096569
17204,0.9777679527347599
17205,0.006194125537297156
17206,0.010795346151388703
17207,0.056608422365956784
17208,0.01028403696145939
17209,0.006227697600384537
17210,0.00491554071657962
17211,0.002665870506211272
17212,0.01713451682744831
17213,0.14956978141892205
17214,0.1423489820305895
17215,0.9883272033027076
17216,0.007958075620974357
17217,0.5357343073394285
17218,0.3090692016418886
17219,0.009624112919344466
17220,0.00502035554404085
17221,0.018863119056384395
17222,0.41798728020415676
17223,0.02242805374825605
17224,0.09004183543351119
17225,0.9536937788170177
17226,0.045924738795528774
17227,0.006764863823389781
17228,0.016708570796157084
17229,0.6732254844660361
17230,0.010222521420300466
17231,0.004020058913535093
17232,0.006066395433359337
17233,0.028928232490074902
17234,0.020297616656092386
17235,0.02084441038200674
17236,0.017643094777041592
17237,0.013648115241009975
17238,0.270983951736087
17239,0.02125029090420183
17240,0.0023632439790990797
17241,0.012692770198540553
17242,0.008402145049028127
17243,0.04187836147720377
17244,0.5339958658792497
17245,0.0062393636332329985
17246,0.005409205525878357
17247,0.00421046600713694
17248,0.013272314725429325
17249,0.027351532170846453
17250,0.8762352911347083
17251,0.47065696750079467
17252,0.200573876130915
17253,0.022306811509202232
17254,0.13536392216463228
17255,0.015474268798076025
17256,0.01923591373049545
17257,0.9501161471503683
17258,0.3378021965670641
17259,0.9329838592548946
17260,0.04161745292600614
17261,0.09148984417659783
17262,0.07870025616011957
17263,0.026608141260213106
17264,0.387833387394602
17265,0.003723973303224972
17266,0.0036651423266891307
17267,0.08247329692161418
17268,0.35973874577796855
17269,0.3344413720810607
17270,0.005046054211283793
17271,0.061569088115244607
17272,0.34475183520116315
17273,0.8711044395295365
17274,0.009976769143406129
17275,0.06795352773178694
17276,0.1551775859215929
17277,0.006209859144141311
17278,0.03484464190994971
17279,0.9630771553886196
17280,0.015994492548966278
17281,0.019490340244920683
17282,0.03837444580333147
17283,0.8454282885695261
17284,0.08974625742689667
17285,0.043216152650981755
17286,0.043002254952255216
17287,0.7276708729369713
17288,0.0043370218005216975
17289,0.08401897884475523
17290,0.0017900546406371847
17291,0.00469919274771059
17292,0.1841127747930306
17293,0.5966142330980054
17294,0.8385794618559911
17295,0.018633671023132094
17296,0.00643601176907603
17297,0.00693847475754905
17298,0.02245970104247528
17299,0.10156375618866312
17300,0.014878039776832474
17301,0.6770592321085318
17302,0.015412464495925508
17303,0.020254967830576415
17304,0.12116632164753724
17305,0.007929092077802928
17306,0.24854510876977756
17307,0.031786396038395795
17308,0.005644891967420154
17309,0.9856121643537217
17310,0.08129717306581828
17311,0.12821927637002473
17312,0.8673491084186201
17313,0.9696163651437073
17314,0.00374511151996184
17315,0.5221574481827572
17316,0.07345419765593107
17317,0.007322486746074448
17318,0.018499397356549
17319,0.143077332023827
17320,0.9723240426578074
17321,0.06630037353357358
17322,0.04621204810459829
17323,0.9912009501437202
17324,0.03000823252691218
17325,0.004582696816096028
17326,0.11121426679650308
17327,0.011675911424675157
17328,0.3041122392167669
17329,0.005302382403579527
17330,0.007198859762670949
17331,0.012203285118093151
17332,0.17500957406940143
17333,0.6946656045880454
17334,0.2122546126597335
17335,0.07083475000745955
17336,0.03349509073434528
17337,0.10383189916329257
17338,0.010888497696124159
17339,0.023989451264855608
17340,0.090600504325161
17341,0.16772447446921376
17342,0.5040684490869839
17343,0.012102750209531677
17344,0.9641577112016072
17345,0.09361691955988755
17346,0.0625424024112097
17347,0.9765076883361633
17348,0.6763956092013239
17349,0.013090064094819888
17350,0.015288701299743744
17351,0.04215027186133107
17352,0.013059851523520277
17353,0.03000165688107421
17354,0.1514687077313629
17355,0.17923032146576826
17356,0.8467408842087151
17357,0.027861216129481513
17358,0.012203818733589899
17359,0.022998147357334534
17360,0.10056219962288392
17361,0.07064298232367242
17362,0.16495811954769743
17363,0.9960368060061915
17364,0.06447067917314385
17365,0.0031775793583639867
17366,0.012946508812918714
17367,0.017498381189076692
17368,0.05124311099266482
17369,0.014111643652812545
17370,0.0025020116188525336
17371,0.8906301606381968
17372,0.02277418919652616
17373,0.016699942549279305
17374,0.005869842346070037
17375,0.023076224849068162
17376,0.8479187479879284
17377,0.6444638448500982
17378,0.059817922299151595
17379,0.9726481031467356
17380,0.015694712816473774
17381,0.002400487007500187
17382,0.007741803998524077
17383,0.01589020103257387
17384,0.02271786885619402
17385,0.6730809551626827
17386,0.0029994623852641015
17387,0.37552593440214155
17388,0.13261496192853414
17389,0.006979800232551383
17390,0.9327690847442449
17391,0.7122640750857226
17392,0.20571414537301114
17393,0.23246533799772356
17394,0.84831132256113
17395,0.2905226546232156
17396,0.24916576140196167
17397,0.10023575870507155
17398,0.9727071607133765
17399,0.013479328558775669
17400,0.08883975300959711
17401,0.0025590696906878283
17402,0.012768906533187165
17403,0.5705732752999548
17404,0.08564951058160308
17405,0.5643392805531786
17406,0.02429179162677919
17407,0.005014668292590225
17408,0.2412680731186914
17409,0.005931876304173315
17410,0.011715708005515699
17411,0.002391227468884249
17412,0.3415247720780431
17413,0.05384023941504674
17414,0.10523620726436866
17415,0.08940945044219983
17416,0.00358665363607568
17417,0.046952137027822964
17418,0.6747812704567469
17419,0.3646687520358766
17420,0.005095716139856084
17421,0.8203702403024311
17422,0.01983741252904551
17423,0.017211998043308366
17424,0.14975510443119494
17425,0.01550932661821704
17426,0.23263415264641693
17427,0.009152128936549762
17428,0.04675731165045389
17429,0.13639899542135303
17430,0.012959137689325946
17431,0.036981510251381335
17432,0.030347284447852205
17433,0.9839016536949573
17434,0.018503720424026853
17435,0.017565009157840532
17436,0.9520328712322033
17437,0.8575406521275609
17438,0.020414310614968883
17439,0.002648526077203121
17440,0.035871951669783506
17441,0.0035247224102732846
17442,0.003158353988916914
17443,0.0996350409648484
17444,0.0031434319859759367
17445,0.004356474441439121
17446,0.9748167867665972
17447,0.0025581386177897726
17448,0.006374708745627886
17449,0.8662819125632919
17450,0.01491139332396482
17451,0.008419923698505952
17452,0.050085649616303414
17453,0.011841308890986274
17454,0.7355487987035968
17455,0.12924897414382852
17456,0.009031135783314072
17457,0.020196792469129362
17458,0.017675234812119883
17459,0.05564647766991514
17460,0.021024468414767027
17461,0.09992709099640076
17462,0.6771286307160871
17463,0.035561644453443446
17464,0.7768202604127704
17465,0.002534864431825658
17466,0.010648166636163523
17467,0.02566034699397915
17468,0.0045770146698007426
17469,0.033958951544226915
17470,0.07556443845127556
17471,0.6384009208196949
17472,0.009987942635878948
17473,0.01295328119310573
17474,0.015604007704713868
17475,0.7187745799934705
17476,0.005611460089687641
17477,0.1296760896449764
17478,0.018791245205747317
17479,0.04140562284339861
17480,0.003776880326035599
17481,0.0031596950559640347
17482,0.0213682037004736
17483,0.4433964295389949
17484,0.022558968910269362
17485,0.0077297230889892725
17486,0.08162947327332269
17487,0.005591250753726709
17488,0.0023340066636043507
17489,0.9891492188275381
17490,0.2229871415858377
17491,0.01662758332226435
17492,0.03732096392915277
17493,0.013576161314621062
17494,0.002275659647732961
17495,0.010911786993930951
17496,0.02020617584773884
17497,0.09151281707145267
17498,0.017155163138946546
17499,0.8420167665933797
17500,0.0019497360229893599
17501,0.005757381228878038
17502,0.76548373549806
17503,0.02500430009795425
17504,0.004053018838695932
17505,0.9918774973359816
17506,0.008174520981178972
17507,0.5739366456103729
17508,0.7355786140316207
17509,0.004513949150121661
17510,0.44439367471232705
17511,0.056841493422310034
17512,0.05959798854524094
17513,0.038797123065067864
17514,0.8037968083330169
17515,0.010201444823674848
17516,0.03868597072809243
17517,0.4654170217021777
17518,0.00782869832513527
17519,0.4723511552947649
17520,0.248399247807325
17521,0.5768528797116009
17522,0.004893078670104203
17523,0.11336391900005793
17524,0.016670460853887573
17525,0.14965984434358312
17526,0.0015984013343417803
17527,0.09477568286741277
17528,0.00627195850700646
17529,0.9876733940401079
17530,0.1604534044708643
17531,0.00411241314695356
17532,0.9803057844706541
17533,0.0721328113804482
17534,0.12181486319251249
17535,0.008609539549703213
17536,0.010896505990831131
17537,0.0041830988420603
17538,0.0026340113820247256
17539,0.003535457018745208
17540,0.6146691158732406
17541,0.48097647328157744
17542,0.019191567522682935
17543,0.015009023439673133
17544,0.001296200592604089
17545,0.9508943021340989
17546,0.4720249197924328
17547,0.29611471661193517
17548,0.2414671442845697
17549,0.6205653734717108
17550,0.9947573203135387
17551,0.10888507470369171
17552,0.002830649951270604
17553,0.31132383914927936
17554,0.9174475711685731
17555,0.03084482627081549
17556,0.012036732451835378
17557,0.04606363627482725
17558,0.023764348333513458
17559,0.02215597092210372
17560,0.07981305278171326
17561,0.011026963447059036
17562,0.19123723058694597
17563,0.5079415913035409
17564,0.0025401899916823157
17565,0.02391086709720044
17566,0.02494738526447103
17567,0.1871847294283231
17568,0.0161124772203838
17569,0.16981810018800805
17570,0.0039618330859896985
17571,0.008903787297353662
17572,0.0033709004851873847
17573,0.015825800973431815
17574,0.04118616602512057
17575,0.6423702646307162
17576,0.03093827248046002
17577,0.3103462139518813
17578,0.9156958470326877
17579,0.0036000249012190753
17580,0.8315764622291693
17581,0.37695229754133275
17582,0.007916574765594675
17583,0.007127217908850254
17584,0.01063981602263446
17585,0.006994534746926351
17586,0.015117668397582601
17587,0.012547618528676047
17588,0.017661964541204313
17589,0.027019778263628263
17590,0.1290685035161997
17591,0.4287459270990472
17592,0.008823811726213767
17593,0.32571313175616085
17594,0.006512907737995735
17595,0.05563676398848157
17596,0.005955044100731619
17597,0.09336669296315939
17598,0.1772671427948879
17599,0.17820281805823104
17600,0.010893667326085774
17601,0.21069114906191083
17602,0.572372395638215
17603,0.09179835483187228
17604,0.00650912386752405
17605,0.021001676845257396
17606,0.003304338976334024
17607,0.030850941564066474
17608,0.07321061493640371
17609,0.9738048161381561
17610,0.02809379891255774
17611,0.32290796861769083
17612,0.01356325628713892
17613,0.3863275917531362
17614,0.011365501186706638
17615,0.1952162947955319
17616,0.12497889140019335
17617,0.08365754140815691
17618,0.011333270421306666
17619,0.9685906024678644
17620,0.01164892980262734
17621,0.009570077028656691
17622,0.005985485161154624
17623,0.0022482865503900746
17624,0.013743490652369093
17625,0.9493633328452558
17626,0.12085645683965536
17627,0.9845140647598191
17628,0.02113996590823458
17629,0.19814165899987016
17630,0.6857288248963763
17631,0.01167518238794534
17632,0.9581250367454257
17633,0.004441680012352039
17634,0.5054405604616765
17635,0.03908492970288307
17636,0.07789659311610218
17637,0.9917363882360288
17638,0.14198801513400316
17639,0.005901095953418224
17640,0.049403901822945274
17641,0.010372998831598451
17642,0.10766908535276412
17643,0.011055386381889194
17644,0.03217765903011156
17645,0.004919669035771758
17646,0.1024976997650633
17647,0.6257876765657094
17648,0.735727166234328
17649,0.032922729418728404
17650,0.008544139165346373
17651,0.07673761724998292
17652,0.9896652603286735
17653,0.025720062792508002
17654,0.10254915534627279
17655,0.05403758404632031
17656,0.0025922998818654923
17657,0.052023165142187196
17658,0.00947869954845739
17659,0.9618260865809564
17660,0.013145759782119511
17661,0.03398051029916336
17662,0.08240724841429488
17663,0.0961950991777456
17664,0.07131206304095232
17665,0.015643934970241215
17666,0.0646647994073
17667,0.14735097807621556
17668,0.010530110008290594
17669,0.023067991589972657
17670,0.003963712865318828
17671,0.0017592846594250242
17672,0.04823097923810705
17673,0.007074791231540767
17674,0.005050288571873589
17675,0.3426157897109613
17676,0.7675047595990829
17677,0.01149350989130457
17678,0.008532446015922226
17679,0.004088710854935736
17680,0.011113246961450983
17681,0.03834967821724959
17682,0.7780388185140525
17683,0.02270960961087688
17684,0.9672432073367931
17685,0.019980916445068764
17686,0.05762110090257535
17687,0.032933777615541344
17688,0.008485394729838674
17689,0.002513642110992409
17690,0.003443816119102759
17691,0.005857026080769383
17692,0.04429681061338777
17693,0.2221924644130644
17694,0.004060055274998529
17695,0.8437073827524015
17696,0.0387420319445995
17697,0.005391047459453888
17698,0.2760944663066948
17699,0.004261934426323436
17700,0.010924412343740633
17701,0.05594186678963574
17702,0.03726808423005696
17703,0.7458752104489598
17704,0.004043166309380391
17705,0.008449284879514579
17706,0.9953230543240741
17707,0.026431017222887182
17708,0.003272898461925666
17709,0.005355538037946427
17710,0.004432385633658724
17711,0.005908624053455741
17712,0.044859467216185694
17713,0.009458117486847654
17714,0.010173879207369622
17715,0.024722048458056887
17716,0.0027919030364669953
17717,0.20770341557687774
17718,0.10596034344655222
17719,0.19893899536295614
17720,0.7771887096111564
17721,0.40356010897864003
17722,0.0008193849534394243
17723,0.008829611316154989
17724,0.06245640283682052
17725,0.8645596266872321
17726,0.8569668635875093
17727,0.6057056254841271
17728,0.09179215399277069
17729,0.020463648623591898
17730,0.5101236319963137
17731,0.4288959623212594
17732,0.00346294081303788
17733,0.03021116962975828
17734,0.1902870798156917
17735,0.5773909709856754
17736,0.005259795282837563
17737,0.018017604726101796
17738,0.6315090505769277
17739,0.0035424518897298665
17740,0.07097785602847524
17741,0.023183852679548398
17742,0.08553336814811269
17743,0.01615807188202112
17744,0.05870546170703898
17745,0.005339881159785918
17746,0.03796258103107762
17747,0.2781487947473561
17748,0.07389626115347359
17749,0.0033471095619800285
17750,0.014480324094182293
17751,0.010277164862311543
17752,0.02133058073565269
17753,0.44393147691135604
17754,0.04525140016040541
17755,0.005376981682768305
17756,0.23797862414279258
17757,0.35126022551714386
17758,0.016560611219448105
17759,0.22384960807425147
17760,0.3160868366193353
17761,0.05801852391100477
17762,0.01858022451834556
17763,0.03384773101925367
17764,0.0807755561600329
17765,0.827480862191544
17766,0.20977724899043967
17767,0.8779025575305539
17768,0.6087118467475362
17769,0.956631122884395
17770,0.021988554850230674
17771,0.07080060105905088
17772,0.03106313408413158
17773,0.003238044031944959
17774,0.22571477746112792
17775,0.6222308215379367
17776,0.3791654334608274
17777,0.009995413734832431
17778,0.0016896314274997808
17779,0.6525778169742564
17780,0.004658436311573687
17781,0.7088196483351392
17782,0.027365111512214213
17783,0.0057944496115341455
17784,0.0223029186189044
17785,0.010058532435120185
17786,0.0725083967820328
17787,0.8570031814834312
17788,0.0148023457932176
17789,0.052939515614542194
17790,0.027623022659581546
17791,0.031059384892811712
17792,0.02935902752061219
17793,0.6407132148960768
17794,0.007911855479615745
17795,0.015973042878505404
17796,0.02331700019505085
17797,0.8974467429962993
17798,0.838545055215223
17799,0.0027952634412659935
17800,0.20836111520174438
17801,0.10610463438809915
17802,0.0031043634353976977
17803,0.04507151084455989
17804,0.0042438500443163244
17805,0.036221527893581004
17806,0.7825673657679517
17807,0.021125887939438464
17808,0.0015562790503384847
17809,0.7687798269253844
17810,0.0029896391995963925
17811,0.996569269968097
17812,0.01595325679668483
17813,0.007025765424494994
17814,0.023728221257574945
17815,0.303387734691311
17816,0.20072727895524398
17817,0.019621577821730022
17818,0.003634497236053343
17819,0.3707504194635467
17820,0.06652323770526586
17821,0.2932799781797374
17822,0.0023327751788047016
17823,0.8478178384632039
17824,0.0032641279631998323
17825,0.0368297303183591
17826,0.018274481551612144
17827,0.02994346521224289
17828,0.01652700916481137
17829,0.004192341650091484
17830,0.4639210607240346
17831,0.06259118345007994
17832,0.0026797115904371393
17833,0.7246681907676156
17834,0.004259502443849622
17835,0.8560831561849711
17836,0.019632270797406634
17837,0.10374537700122342
17838,0.9078640854787362
17839,0.16733055871818434
17840,0.0075254053916011445
17841,0.12330779558424589
17842,0.02682859354464446
17843,0.027255275575171233
17844,0.110964308007304
17845,0.292480559930805
17846,0.013747604733810388
17847,0.03150902418032777
17848,0.01777919237782063
17849,0.9798547751843316
17850,0.763250327463227
17851,0.02460715840621715
17852,0.0037849799379713837
17853,0.012144622679774973
17854,0.0421632705539164
17855,0.011349750393963392
17856,0.6501262829859809
17857,0.4178271136655822
17858,0.026286988483476777
17859,0.018224086634176875
17860,0.7126840318443405
17861,0.07316927147464868
17862,0.9322580674801026
17863,0.0267537241211444
17864,0.011989947666166987
17865,0.7840311442703418
17866,0.028673646593465156
17867,0.7762190511309293
17868,0.008146995108991608
17869,0.003015385003174331
17870,0.050174834077145125
17871,0.019006262596119313
17872,0.007152811982658334
17873,0.007649924121526664
17874,0.16173760514868168
17875,0.03374067724709813
17876,0.07423603714569854
17877,0.5997014156718242
17878,0.011494684559553166
17879,0.0055447355061918994
17880,0.0020932639355892677
17881,0.004118913025959416
17882,0.0717429153197781
17883,0.11549802441406015
17884,0.05598115341500472
17885,0.34100478542364027
17886,0.09585314307740032
17887,0.004404739473131536
17888,0.812497028378297
17889,0.982463723031342
17890,0.015651717759333734
17891,0.002358437720933849
17892,0.6123016803638548
17893,0.9299581911920847
17894,0.5074552999329329
17895,0.12509272367290794
17896,0.3208384644652883
17897,0.15794621289076569
17898,0.316135259548411
17899,0.006934840654407206
17900,0.014297492492788442
17901,0.0197780766348092
17902,0.01633939149189731
17903,0.0028642095524695076
17904,0.2050581481055294
17905,0.9426299253812321
17906,0.004045497814504453
17907,0.006338352646684508
17908,0.9144422354836362
17909,0.014179419274075936
17910,0.05312849610077137
17911,0.5381329609476191
17912,0.7649664628347944
17913,0.007653496349421643
17914,0.8046201826918149
17915,0.011530923070776643
17916,0.006618774848740299
17917,0.011006400128017332
17918,0.017877221419094726
17919,0.006062037633568104
17920,0.008167449774669872
17921,0.17485402129904293
17922,0.1790264983726363
17923,0.005528575561272177
17924,0.16681955870652238
17925,0.03171347312472002
17926,0.015344071253296298
17927,0.004949363492309405
17928,0.1124586502649552
17929,0.047471247325319266
17930,0.7408364034504683
17931,0.38963409371356006
17932,0.9203741017955764
17933,0.02052738016335682
17934,0.004043202164836616
17935,0.3213346309031798
17936,0.001596543167654416
17937,0.714118919332379
17938,0.03470936850258108
17939,0.07407779422577974
17940,0.06490669574719019
17941,0.0916361342025059
17942,0.0015513070245345884
17943,0.08420265670704755
17944,0.9442636611175879
17945,0.5824951748642913
17946,0.002682071224519187
17947,0.3196787708504628
17948,0.15121081921071808
17949,0.002189013063599969
17950,0.0037443218847820043
17951,0.09954049497573833
17952,0.0030591548833226864
17953,0.814742866189421
17954,0.05287704395849989
17955,0.00660156711531136
17956,0.008912549997105487
17957,0.012000116628465007
17958,0.1435259150658535
17959,0.9481511621603206
17960,0.996752790591981
17961,0.002621428942424807
17962,0.025345438281383463
17963,0.6432309187149206
17964,0.014629321037386681
17965,0.006165170788690171
17966,0.2891727458522545
17967,0.03136246237183985
17968,0.012298754797939819
17969,0.008252724452495707
17970,0.12683069185498494
17971,0.0033752908011133987
17972,0.29029494846414106
17973,0.029317747571401487
17974,0.026572870123907986
17975,0.01919194162452066
17976,0.013186172015337427
17977,0.033554248966050915
17978,0.010557694178640106
17979,0.011336213184143249
17980,0.017177791814233793
17981,0.8401185779636609
17982,0.002269493513978335
17983,0.00854122600749024
17984,0.013227577128687076
17985,0.16406591206124937
17986,0.01117153261232545
17987,0.021492666145229877
17988,0.019534218238818055
17989,0.0029389439172363818
17990,0.0035612450872483208
17991,0.002572731559293596
17992,0.024917626627980763
17993,0.14576601720628662
17994,0.003019897720960174
17995,0.01236326139308221
17996,0.10925404128960724
17997,0.18552438861293086
17998,0.008218405243724474
17999,0.93793524324719
18000,0.0007976567790570241
18001,0.8432265737469764
18002,0.09110678748743406
18003,0.009672195321479738
18004,0.007627467126582983
18005,0.1756537957922373
18006,0.052755749080349044
18007,0.004005267979718707
18008,0.12722220227615386
18009,0.005853114468220212
18010,0.057560021170372566
18011,0.006518272049273682
18012,0.009190194831349412
18013,0.09550320427220091
18014,0.014884001753610779
18015,0.01938400322315734
18016,0.016847198978609042
18017,0.0059799557153769976
18018,0.038602897708353325
18019,0.12576782607312484
18020,0.0038623837865174224
18021,0.5317316781004261
18022,0.10746964234230388
18023,0.17800748553005735
18024,0.9405622152409964
18025,0.013611156721844217
18026,0.4342147595426665
18027,0.026711227630233324
18028,0.03078261444466724
18029,0.9778040623628393
18030,0.01638358256320833
18031,0.04254916676061335
18032,0.02974246208894047
18033,0.11668852195940739
18034,0.039607794015751006
18035,0.0631532344535502
18036,0.03984197501378138
18037,0.019095329079526706
18038,0.004500544025903812
18039,0.21721317606528442
18040,0.15146353482554392
18041,0.047404314587363126
18042,0.9520307314396738
18043,0.05033309268940175
18044,0.01913989290434954
18045,0.005835986688288651
18046,0.03308857387967215
18047,0.007854618785984663
18048,0.009900356812838254
18049,0.015361888216496627
18050,0.4172748951218188
18051,0.030776056843468316
18052,0.013687043969673449
18053,0.9140546749139337
18054,0.03712893825524173
18055,0.3652591421411331
18056,0.003353504284064101
18057,0.013352284751950461
18058,0.009457439722471914
18059,0.0642692824745617
18060,0.3723844965132063
18061,0.019919975873583972
18062,0.040401901826130245
18063,0.06569574580725669
18064,0.04018441279000318
18065,0.8324258680012948
18066,0.01116147049596752
18067,0.47412947763132757
18068,0.006673470860101696
18069,0.005247024780166032
18070,0.052284465861229555
18071,0.02216702066204287
18072,0.799686107987125
18073,0.9554025283266833
18074,0.006957214417522
18075,0.00578324170408397
18076,0.0023097224921714153
18077,0.027197430032034724
18078,0.019574479699793434
18079,0.014953985084994136
18080,0.0025794231013624848
18081,0.09202074328861073
18082,0.04085788580806293
18083,0.006058666313120925
18084,0.3297539955191402
18085,0.04481944590565
18086,0.9602979083926452
18087,0.16275811544115956
18088,0.7557708706136759
18089,0.024517070770323085
18090,0.008932705128420275
18091,0.9842831044538229
18092,0.5200127581364737
18093,0.0599622197887883
18094,0.4782101798600936
18095,0.06257240376322862
18096,0.01830486581936784
18097,0.005329971317244625
18098,0.0034487298408733824
18099,0.028342391887320136
18100,0.5169725318160766
18101,0.9352388080391253
18102,0.0030471104622249072
18103,0.07839719147603168
18104,0.018069530757874243
18105,0.004889460854399083
18106,0.5723184839627711
18107,0.00476205161220737
18108,0.0073961184920853015
18109,0.24299699965104588
18110,0.07090437201484959
18111,0.10039219414652101
18112,0.06955804941471076
18113,0.002061950058122162
18114,0.008778554144402822
18115,0.0413558204531524
18116,0.00401608129266006
18117,0.005070985108187622
18118,0.017979067935882356
18119,0.02001329068185741
18120,0.011328488544135012
18121,0.015374406585115566
18122,0.017759015984771
18123,0.01513096043641277
18124,0.08296920980141342
18125,0.02013260563525514
18126,0.08377862789563931
18127,0.7084455298351846
18128,0.007685217866085703
18129,0.00343095794280938
18130,0.32771615351828626
18131,0.0052869517266460365
18132,0.025598012045304673
18133,0.007049525652747272
18134,0.0021323749721979643
18135,0.0270434157691824
18136,0.8647417211104063
18137,0.9317874484637754
18138,0.07861033112116646
18139,0.03061194169005228
18140,0.05710927485735079
18141,0.005563081066327175
18142,0.0042105380395692305
18143,0.9899308822790384
18144,0.00689458220308018
18145,0.009255923980161505
18146,0.2982908232091773
18147,0.01002330975307923
18148,0.5979965155638027
18149,0.004289627389465922
18150,0.005561378266414265
18151,0.026798385314936203
18152,0.005143349046558776
18153,0.005422783151599855
18154,0.012650268053632972
18155,0.6144405778930355
18156,0.0035549446640215712
18157,0.2575445107631183
18158,0.8795437722482854
18159,0.02830058053641027
18160,0.7343561221040107
18161,0.019062854446931943
18162,0.03659736543646783
18163,0.008050878746480885
18164,0.38593324279801816
18165,0.035674272541790834
18166,0.0387250350877094
18167,0.8164206264959688
18168,0.48184225098302425
18169,0.03275823890241282
18170,0.9307130202493916
18171,0.9940321257927826
18172,0.06753006104440874
18173,0.016794480879649548
18174,0.017499945830852317
18175,0.02188157644153743
18176,0.9713675128761905
18177,0.6880384617788186
18178,0.10411229495477338
18179,0.05948207667324184
18180,0.9957421658749307
18181,0.26927859153471795
18182,0.0024156070186089475
18183,0.04901381298973791
18184,0.010350411840002714
18185,0.23596093387395467
18186,0.0022971074126050864
18187,0.049121579267622534
18188,0.9579400798733423
18189,0.13629621503255435
18190,0.8838336193235783
18191,0.019854248046258433
18192,0.8887471048286828
18193,0.0058720979040256804
18194,0.002559200593210095
18195,0.9854869008918279
18196,0.0045622132988931505
18197,0.014878938879054891
18198,0.9185407096817071
18199,0.010644402580386469
18200,0.3762914583663976
18201,0.5896758210515356
18202,0.3848590893265551
18203,0.4065341754195744
18204,0.012537531522923653
18205,0.00453701675749102
18206,0.062301976464018714
18207,0.044250215145970447
18208,0.029024671025194963
18209,0.009247662541365559
18210,0.013652928208199753
18211,0.13315328812591254
18212,0.008967633147636392
18213,0.25893312143987174
18214,0.96635297699575
18215,0.016376293346056087
18216,0.32346573143124324
18217,0.6620336859340707
18218,0.09461718234942838
18219,0.008640862913359474
18220,0.5787432125043308
18221,0.13717698791395394
18222,0.014084952344538472
18223,0.2883940084654796
18224,0.6298282124556445
18225,0.005194910586365612
18226,0.7919287542097421
18227,0.009966725393654716
18228,0.0059579726639449665
18229,0.5377317421763551
18230,0.006515941457559521
18231,0.8082799969436671
18232,0.9146089889314459
18233,0.19240626399283775
18234,0.7929698527351309
18235,0.7835880155925623
18236,0.008830201585534467
18237,0.29381199333148333
18238,0.014875098696351086
18239,0.07524177907780578
18240,0.13818927827877975
18241,0.7664523571176358
18242,0.0201597727741561
18243,0.15546505654708637
18244,0.7986590999803749
18245,0.0643973862821962
18246,0.05395060306793689
18247,0.03902709192313818
18248,0.49349171431181754
18249,0.04773417927015858
18250,0.006188672013676134
18251,0.008099271730629975
18252,0.00758926126535043
18253,0.5725351252651049
18254,0.4584660294000976
18255,0.9377580715587902
18256,0.009792905936700558
18257,0.0029982248219376922
18258,0.15878392710259934
18259,0.005261666985966756
18260,0.003737431256577857
18261,0.002195327654189225
18262,0.01567546522815903
18263,0.2143749358982694
18264,0.016243967027479177
18265,0.33005161512580833
18266,0.27143754380857976
18267,0.6696397581288694
18268,0.0023122371818456297
18269,0.9851966395377494
18270,0.14741781524985198
18271,0.032538725795591444
18272,0.46053420517610816
18273,0.014595784428268201
18274,0.022365115547524607
18275,0.014751601632662465
18276,0.8287052292829274
18277,0.010467280456880218
18278,0.005576343192742858
18279,0.011271576646434387
18280,0.018006007989758203
18281,0.015022676938316104
18282,0.010946540856541169
18283,0.23459955223459092
18284,0.08154115129447004
18285,0.012430973198244422
18286,0.08077971685504136
18287,0.013041058041178945
18288,0.031452307358257346
18289,0.37537149560137184
18290,0.0035490660476518074
18291,0.0026370816887929032
18292,0.0559327720318204
18293,0.01569160646732908
18294,0.0073378075837115956
18295,0.20740099325584374
18296,0.943529617357447
18297,0.005696403507616081
18298,0.02020677518526273
18299,0.07226462100280678
18300,0.12581992981254386
18301,0.00439423690487922
18302,0.7372912383538508
18303,0.07134591237180087
18304,0.007500884167042505
18305,0.8304329415338016
18306,0.019789253988958023
18307,0.023330738618933082
18308,0.9605140081782773
18309,0.007916427989505932
18310,0.05548743319906781
18311,0.06784921870427386
18312,0.009410529021506662
18313,0.00975299930222391
18314,0.034547639523293504
18315,0.012361931869616252
18316,0.010510967878713863
18317,0.021452549000367103
18318,0.01156009035152539
18319,0.00957657654535191
18320,0.06945944508844869
18321,0.4015859003250912
18322,0.6247621939020748
18323,0.016035346666015374
18324,0.7397731089891932
18325,0.9731865206499257
18326,0.20717536641877143
18327,0.02210549861568121
18328,0.010834194084018556
18329,0.1256300002278905
18330,0.04440305555460922
18331,0.24149091779399356
18332,0.0068938583405905455
18333,0.05137865604742332
18334,0.00202541580430386
18335,0.029280441851627828
18336,0.040927379779740286
18337,0.8104235310649427
18338,0.01987802079625426
18339,0.007412938910341849
18340,0.0332270367284687
18341,0.10261968029658423
18342,0.020244564544852805
18343,0.00966739608813137
18344,0.9888640687991331
18345,0.9456385802354875
18346,0.03464921082039807
18347,0.018646086503562462
18348,0.00359841338853174
18349,0.04213292473797267
18350,0.6623087811577463
18351,0.0038211780265022047
18352,0.05745415231730826
18353,0.04498535322582282
18354,0.012187302794505228
18355,0.002010724780830328
18356,0.024318564804723553
18357,0.6658360253667431
18358,0.21299346742933617
18359,0.020650021824527114
18360,0.015554023647724511
18361,0.9320127449170768
18362,0.024625107900268176
18363,0.005254606983096326
18364,0.645011496338507
18365,0.9617715119953302
18366,0.46548973975716
18367,0.00878311105209766
18368,0.003935361687000295
18369,0.03619644801399837
18370,0.20227220618985833
18371,0.7295879964306294
18372,0.007349958736699882
18373,0.3574411642136164
18374,0.01238648329508517
18375,0.2781814211205985
18376,0.06979242654147687
18377,0.0030913367648132254
18378,0.17521076002971311
18379,0.006566134799477923
18380,0.41219907500108366
18381,0.9799995898217367
18382,0.6002728391254872
18383,0.10599087554780351
18384,0.006194736346886496
18385,0.002244090803027013
18386,0.960595404542037
18387,0.7268252752799071
18388,0.12443319217366987
18389,0.0065930913735974045
18390,0.1444146857905144
18391,0.4289443499151369
18392,0.08237258497607368
18393,0.5372811215005436
18394,0.051125038906037944
18395,0.42074387810940844
18396,0.6533985293525292
18397,0.002844625699132195
18398,0.9800066733742563
18399,0.3348803235747501
18400,0.07420938573325282
18401,0.0028295279507688023
18402,0.3080467158314481
18403,0.4779911152308932
18404,0.014793395445913992
18405,0.08866692737373497
18406,0.9230107329159601
18407,0.03515947459896904
18408,0.9344363772620559
18409,0.021798521476726566
18410,0.022565395782766298
18411,0.01200415010470695
18412,0.01186952468664207
18413,0.9570163903806108
18414,0.028452504133360517
18415,0.0065549895803666105
18416,0.13920639783496438
18417,0.004612198260384329
18418,0.9885342565644354
18419,0.5082983379526282
18420,0.009062443117250204
18421,0.9498778693895991
18422,0.011284005611586408
18423,0.11204201049410976
18424,0.525608910168538
18425,0.9596380246478344
18426,0.08739041773246052
18427,0.7862262523947922
18428,0.004281273432396155
18429,0.15649654248685618
18430,0.916606078366238
18431,0.012140304359259476
18432,0.0026409432545041692
18433,0.01621385309293339
18434,0.012237152748996461
18435,0.2573350925127794
18436,0.21756656052462073
18437,0.010847941947470867
18438,0.04517637590683781
18439,0.03181476075716614
18440,0.07537903066245884
18441,0.31249770843455005
18442,0.03860922276354893
18443,0.017504997514283308
18444,0.0967428668322569
18445,0.8770710590878605
18446,0.9187592302960744
18447,0.004244367931566991
18448,0.8526856913509719
18449,0.005603732082845078
18450,0.04545409751312256
18451,0.0036905978630125446
18452,0.9392591545650495
18453,0.012606246086243438
18454,0.9264277522853189
18455,0.2522016104818765
18456,0.009457048023027638
18457,0.02507803381761708
18458,0.8980571606138043
18459,0.6237601434035995
18460,0.02669069311479962
18461,0.18034290792178634
18462,0.025026872055740442
18463,0.011574812269942747
18464,0.0022865700959882685
18465,0.0053150720672999275
18466,0.020168644379395126
18467,0.04953036571862897
18468,0.36751305305090576
18469,0.017650252313485035
18470,0.29412064423146594
18471,0.9218601000280383
18472,0.007116160679248404
18473,0.024650556991577605
18474,0.002513057790307676
18475,0.019071138136697627
18476,0.1141471315539165
18477,0.003012482781048781
18478,0.9648987751842136
18479,0.014154698113728787
18480,0.9573611143243932
18481,0.004242087068844492
18482,0.7298924813830451
18483,0.011783344466300633
18484,0.01918290624018905
18485,0.9867557804782553
18486,0.026604536955762557
18487,0.00760269092920367
18488,0.900968769068969
18489,0.008279741403697836
18490,0.003310767980051449
18491,0.0047363280782023835
18492,0.8664005895113583
18493,0.3152571519792904
18494,0.48831623442340544
18495,0.9500459720771004
18496,0.07421449833192699
18497,0.01486464617756513
18498,0.7481421752824886
18499,0.0023146637757982427
18500,0.11741972856997916
18501,0.48509987873085303
18502,0.030039512025106577
18503,0.006434837118396876
18504,0.004200372145310805
18505,0.009975586036939942
18506,0.06197917149509874
18507,0.008568362623087734
18508,0.012177930675461988
18509,0.004150738208463014
18510,0.30866529514722696
18511,0.006812005953715988
18512,0.03268898025972881
18513,0.8974128847629821
18514,0.004213572931002365
18515,0.033289230630101974
18516,0.028588837409440536
18517,0.00106717722658575
18518,0.044672651209070706
18519,0.026631904695857602
18520,0.002611162361297752
18521,0.041567965967371494
18522,0.01284268031929268
18523,0.00814370305775264
18524,0.028599421521954743
18525,0.017777374623748846
18526,0.16433517895288174
18527,0.9924518299298466
18528,0.02250108775335184
18529,0.005329387358693924
18530,0.004736672659538538
18531,0.012278233616720468
18532,0.08358978209393282
18533,0.0012806825028963296
18534,0.3047407517118458
18535,0.00716455781086567
18536,0.0026393853399702717
18537,0.7578344001193047
18538,0.4307328954951239
18539,0.014891959482724646
18540,0.1900201450994703
18541,0.006453771232859224
18542,0.28839460110044035
18543,0.02030119560409428
18544,0.1701473977149025
18545,0.0226823499309219
18546,0.04667461353487025
18547,0.09359353014334199
18548,0.8982733447888294
18549,0.9777442501464298
18550,0.9704307327440918
18551,0.025281520469020543
18552,0.8564849649716545
18553,0.7336176921767326
18554,0.15751423912573576
18555,0.04223552406386458
18556,0.001400056470511885
18557,0.005320342096650729
18558,0.021709382992176847
18559,0.8553747768190515
18560,0.16104015102548389
18561,0.028494206808920227
18562,0.5581318064056354
18563,0.0024244965862408774
18564,0.7021485935185376
18565,0.010968746635182798
18566,0.013020692260605243
18567,0.037555315256713566
18568,0.005902695967057554
18569,0.004876448124155505
18570,0.33932971084802027
18571,0.018639177331148858
18572,0.002216009639864632
18573,0.011529270480092777
18574,0.05777024953542731
18575,0.17990905200602578
18576,0.010429253927772044
18577,0.040990243676552976
18578,0.011181998479656622
18579,0.14882615490955098
18580,0.05845891699954468
18581,0.012638826191362708
18582,0.08438211734436617
18583,0.01299387217755732
18584,0.22496180348983888
18585,0.05137122962227057
18586,0.10013114624643218
18587,0.017549167046347437
18588,0.602009937106342
18589,0.06307411800139147
18590,0.011100965086740147
18591,0.5374667553983334
18592,0.4362899646164877
18593,0.05853103638160355
18594,0.02615782925142262
18595,0.9775199070717244
18596,0.11650797607285628
18597,0.07101096530006194
18598,0.7898596161916167
18599,0.3686555824139041
18600,0.8165781558107168
18601,0.007079824307202205
18602,0.006606326745447498
18603,0.004640381629956801
18604,0.7493056997708891
18605,0.015616034698736988
18606,0.05644473972896913
18607,0.08438965322849991
18608,0.797241583517536
18609,0.16130159858340573
18610,0.20572807854492356
18611,0.0036423309666194603
18612,0.031331446319773346
18613,0.9738019618636603
18614,0.008648885839230848
18615,0.6667903462360495
18616,0.003272718502884434
18617,0.8976035655765144
18618,0.05056767736736853
18619,0.009194020972595042
18620,0.03820534130857981
18621,0.0030836550020174776
18622,0.03428758446896023
18623,0.03476369567783151
18624,0.03901597779254081
18625,0.011358140666448219
18626,0.0029366236574710682
18627,0.16972025148650371
18628,0.0036980667175171528
18629,0.043041097423204534
18630,0.0418649740467616
18631,0.8914693344465489
18632,0.013530644625408364
18633,0.010533017561477781
18634,0.6659326822562674
18635,0.004331915161208309
18636,0.24739698117993775
18637,0.33996966364974446
18638,0.01694705822833763
18639,0.3714960445485872
18640,0.11853746214892188
18641,0.007883792767905176
18642,0.41212611352687345
18643,0.02213957069870323
18644,0.0036207621067998884
18645,0.00827024888876005
18646,0.25578839603725767
18647,0.00623633139191813
18648,0.06306124918172784
18649,0.004332839961893719
18650,0.06783998859799428
18651,0.014998109794443534
18652,0.0025052347042701997
18653,0.004814497313585303
18654,0.19937824650712294
18655,0.017955105951150564
18656,0.033445954848013236
18657,0.0038326184103129484
18658,0.11348946815515151
18659,0.12281271104859476
18660,0.0038318204504401224
18661,0.018884576972627937
18662,0.006996537775002125
18663,0.1514995487639338
18664,0.015350167399428323
18665,0.16212336533289556
18666,0.2961928012565444
18667,0.024139565304380044
18668,0.010655240722213286
18669,0.015475109475496018
18670,0.11643826040122444
18671,0.007246300785567919
18672,0.9702696975992261
18673,0.7603761607909347
18674,0.005212727471648439
18675,0.7893504586541576
18676,0.004231079115805347
18677,0.012914443654999502
18678,0.024849108306738466
18679,0.017258220621434863
18680,0.4489179988194125
18681,0.333918007614246
18682,0.05119917862971328
18683,0.06419160984785308
18684,0.9925996735383777
18685,0.002104029112760061
18686,0.09988999216688893
18687,0.9761226802377153
18688,0.019608967407845387
18689,0.11756408575235255
18690,0.0032426907162161917
18691,0.06343540487135194
18692,0.061935126862622016
18693,0.5023206637745574
18694,0.07845077361240188
18695,0.9925593838762914
18696,0.14981152088065688
18697,0.6650888482553837
18698,0.6633772111512845
18699,0.005444060862333386
18700,0.003487767228049303
18701,0.026114940538151478
18702,0.3031262822556235
18703,0.004336907987448532
18704,0.6508063037031772
18705,0.06263606464783644
18706,0.022903600813514606
18707,0.04091712670233816
18708,0.013810801482842439
18709,0.8295196259346295
18710,0.044617676539379786
18711,0.027607807186806256
18712,0.006236462843551419
18713,0.003837483234763463
18714,0.1465076851940464
18715,0.008979176847449415
18716,0.3744733611482937
18717,0.026431581470553127
18718,0.016207575308115046
18719,0.006698467249590584
18720,0.10340342303684172
18721,0.04024218718054598
18722,0.004188612545050129
18723,0.5990101314933113
18724,0.4642801798104725
18725,0.9370751385093354
18726,0.2106045473963522
18727,0.004510144984412653
18728,0.3295931169368108
18729,0.7931084289946978
18730,0.011110983173113976
18731,0.9706601088854402
18732,0.006162941448601218
18733,0.9841557428999003
18734,0.00984056644129498
18735,0.14335062167837181
18736,0.048862771110416224
18737,0.1446268450203782
18738,0.05804085765888147
18739,0.0030341179244358437
18740,0.007299388153438915
18741,0.003106380574650986
18742,0.39311344444333973
18743,0.20868747776696286
18744,0.003024709139569721
18745,0.011364317575980946
18746,0.11330807880434401
18747,0.5938732252390518
18748,0.9836338941079206
18749,0.0943118005051187
18750,0.011580840584610431
18751,0.10175707300197608
18752,0.0018259363665913907
18753,0.25880107808586916
18754,0.05567369828853575
18755,0.0025736707249111603
18756,0.22598439554426347
18757,0.012121834698451848
18758,0.09434377523603929
18759,0.4423628608114078
18760,0.013766935415375083
18761,0.009005081616669524
18762,0.2771957904399351
18763,0.5422484494261818
18764,0.004421616549448483
18765,0.01903226357865634
18766,0.15496156017574042
18767,0.02219301491048718
18768,0.02475239092024898
18769,0.01550631538757569
18770,0.003943604666584815
18771,0.014425620239899782
18772,0.0177372606641077
18773,0.07277656406883948
18774,0.11432857592225364
18775,0.005133042528415097
18776,0.0018851013834523356
18777,0.024447538202039647
18778,0.012254925287389324
18779,0.002147939427252537
18780,0.03293716404295955
18781,0.043509968952571164
18782,0.009658547848884202
18783,0.45117053728141665
18784,0.9159937115047166
18785,0.057904224041366595
18786,0.01736876475354538
18787,0.01450552568063569
18788,0.5343207633772119
18789,0.24791421425397908
18790,0.7048885154997268
18791,0.0020682873616188705
18792,0.019493199730380786
18793,0.011467203198688632
18794,0.004212565598497329
18795,0.19421060499523643
18796,0.030636612373055545
18797,0.012385791879225056
18798,0.015519708898808314
18799,0.006205833842542394
18800,0.01192809846782495
18801,0.007160319613866816
18802,0.8297358592628166
18803,0.023338509361442217
18804,0.015936903045695738
18805,0.12794600187824376
18806,0.14323184377828876
18807,0.08556609632756593
18808,0.5753871443722989
18809,0.03333253392846196
18810,0.13992416303849506
18811,0.028700792410364735
18812,0.003161138306988219
18813,0.01667731984936494
18814,0.019737060523178494
18815,0.012835703262800213
18816,0.013977568097168025
18817,0.005711098824928271
18818,0.031499413883427814
18819,0.007241946842121559
18820,0.21724315985203524
18821,0.8600262944987455
18822,0.03337281924013944
18823,0.05452959689591896
18824,0.9353802460032109
18825,0.03643647721438099
18826,0.6423537201474115
18827,0.7864245993317871
18828,0.008281483292316089
18829,0.0022326906460023387
18830,0.20119143096959102
18831,0.9369761583182328
18832,0.8325530724108461
18833,0.006338473331751668
18834,0.6593603408456558
18835,0.21600925543684565
18836,0.7814015560660036
18837,0.1800710874697089
18838,0.1353878463760954
18839,0.12463129155746665
18840,0.017467238707807076
18841,0.004341478893360528
18842,0.01893131062185162
18843,0.005457876327542192
18844,0.15758396891727494
18845,0.05612994229281002
18846,0.028117938656482152
18847,0.5987221540186551
18848,0.018226994267506236
18849,0.011255804815932706
18850,0.8669723986191
18851,0.02278055522882508
18852,0.1597219923105311
18853,0.9964259040921144
18854,0.20080129204560498
18855,0.02725797651975217
18856,0.026442593292446026
18857,0.12328812239479638
18858,0.0016424276173560833
18859,0.011066686689839187
18860,0.8977164256178545
18861,0.005329428137890974
18862,0.008968731706735417
18863,0.10699071676327417
18864,0.17163651436145297
18865,0.003151525716034217
18866,0.02996887593469502
18867,0.00566408889541875
18868,0.010866909264705904
18869,0.020800875620329045
18870,0.19554271675047596
18871,0.011862269219373677
18872,0.8888175495436508
18873,0.20769287068015826
18874,0.017966249023668873
18875,0.015916366587083338
18876,0.9810952186068639
18877,0.010079759361464354
18878,0.6327847919148059
18879,0.1376139146389246
18880,0.7557674419205214
18881,0.04712100048976981
18882,0.21959764398176657
18883,0.25536236521100014
18884,0.942733314017598
18885,0.9027856392793578
18886,0.987324705285095
18887,0.007290698608408289
18888,0.01854410504313937
18889,0.01100653635559963
18890,0.2713559936031223
18891,0.0036535144565258493
18892,0.004861157300833657
18893,0.008590121344086344
18894,0.08691185302824017
18895,0.552984397463248
18896,0.7272858685876352
18897,0.024427499690257867
18898,0.010889934203655588
18899,0.07821050496342324
18900,0.022413739731657636
18901,0.13479129650503172
18902,0.013114264640668116
18903,0.004327469946450497
18904,0.014680429656078514
18905,0.010515809328009988
18906,0.10595223993896967
18907,0.005758083321142872
18908,0.012441739496978285
18909,0.6565520274227388
18910,0.1970548529795934
18911,0.20548046192767289
18912,0.7340415493619942
18913,0.11223554588312779
18914,0.23867863026739783
18915,0.022381044158914704
18916,0.7914627547205231
18917,0.007007308331525667
18918,0.9816756475937078
18919,0.3459787643221471
18920,0.14491669337906943
18921,0.15435491713657842
18922,0.4602475168030428
18923,0.9608505318370409
18924,0.008358123768493401
18925,0.7368638549284015
18926,0.09948789370873397
18927,0.02931188495211854
18928,0.12441650170918168
18929,0.009374966781949505
18930,0.08619326515733589
18931,0.9691853478131232
18932,0.062031406278144144
18933,0.7986748825901787
18934,0.017820025759251158
18935,0.2566914581066654
18936,0.004397323920572241
18937,0.016246578316549104
18938,0.31113686612947594
18939,0.8624862491002558
18940,0.009688317272803353
18941,0.011285498027775322
18942,0.021880019910958007
18943,0.0029287652712331885
18944,0.9168744987641568
18945,0.15972098659225423
18946,0.008098050424537213
18947,0.0036056800654071107
18948,0.007876245325302362
18949,0.010866456196191582
18950,0.4302940278526712
18951,0.9491005205408518
18952,0.40857720821109156
18953,0.0031643026262830193
18954,0.0031380731087993427
18955,0.14349790328369016
18956,0.9875735702828174
18957,0.007187217330319755
18958,0.0064863374046526725
18959,0.0013985403482929548
18960,0.019432515818883736
18961,0.007917668765636161
18962,0.009641116958471106
18963,0.0928042550677774
18964,0.004181222830276863
18965,0.8055370358310654
18966,0.0660695920691839
18967,0.9620048868808736
18968,0.9693004581297642
18969,0.16972205124560613
18970,0.8757263147113772
18971,0.007179310458316663
18972,0.029783522021886496
18973,0.016386417595435455
18974,0.04367014769648393
18975,0.006847926808139075
18976,0.00489337268842784
18977,0.046571903475239526
18978,0.5644968789243902
18979,0.009076421614785403
18980,0.7968645219720031
18981,0.043525737397232284
18982,0.47733107986288853
18983,0.054070004851511776
18984,0.011293505933504658
18985,0.0014966377153618421
18986,0.9875102326287064
18987,0.004551251287089651
18988,0.0015554921300666039
18989,0.06146189562901642
18990,0.34259142604881637
18991,0.010568560878333433
18992,0.9451668212084086
18993,0.011733238477474681
18994,0.2532816062255318
18995,0.1723813226877522
18996,0.8822014415297177
18997,0.6981074836537935
18998,0.09450676967282477
18999,0.2009521259170309
19000,0.08259552067999747
19001,0.040436776068092206
19002,0.012098125875976177
19003,0.012934132493970005
19004,0.9578981255635661
19005,0.22028058362597727
19006,0.07624120205715922
19007,0.00498329014312032
19008,0.906198009006664
19009,0.1242526810226757
19010,0.011488070402644253
19011,0.020006836363711353
19012,0.003345418663316903
19013,0.0036861843040161923
19014,0.9103417601211918
19015,0.014165305226602849
19016,0.21044330503759004
19017,0.04540813239624146
19018,0.005073508653697498
19019,0.011455945918106959
19020,0.02977104814784797
19021,0.026802772558835293
19022,0.01046446029563869
19023,0.039313500373602144
19024,0.6414791888667135
19025,0.018507903683439866
19026,0.23350895055160298
19027,0.12013470739345894
19028,0.5379366459030589
19029,0.007320958769738909
19030,0.17250242928190784
19031,0.013026546099497166
19032,0.018718794699587517
19033,0.010284990292504475
19034,0.008093335185775747
19035,0.004987762816864219
19036,0.01248784479453054
19037,0.019161635486673982
19038,0.050312665405763235
19039,0.003779097282516048
19040,0.2321432348745214
19041,0.035647853512143286
19042,0.007880536273485351
19043,0.006242173387017556
19044,0.02145539881071159
19045,0.8917293361043738
19046,0.002694189448386141
19047,0.6918400657652384
19048,0.01465755086831756
19049,0.14559430535712314
19050,0.017368341997809365
19051,0.12496969786631701
19052,0.9899007318105405
19053,0.00420076121312353
19054,0.024289386607220863
19055,0.5295421252547552
19056,0.11262712865848684
19057,0.03564091988601707
19058,0.5315020175413036
19059,0.07303658748436802
19060,0.0885261501194734
19061,0.0020023750215190936
19062,0.007711164609677595
19063,0.0013188658038734821
19064,0.186135617935558
19065,0.03628831825656028
19066,0.8541739730303513
19067,0.012772876696160004
19068,0.004173854340575149
19069,0.016580477471447343
19070,0.2454340941866138
19071,0.7330308190812366
19072,0.13615239909701451
19073,0.9859187404069756
19074,0.002410772696105607
19075,0.4317899519864043
19076,0.10699913549559127
19077,0.24068240924479053
19078,0.01515880150937259
19079,0.26029114804133724
19080,0.004237822347552901
19081,0.043411542818717855
19082,0.0024800932217595903
19083,0.8408225510379164
19084,0.0033977990985313575
19085,0.026883854011224416
19086,0.9030782673871942
19087,0.7780731264021394
19088,0.12765309878158929
19089,0.040134838700415
19090,0.3371375865041849
19091,0.43949041734018457
19092,0.8029520645385696
19093,0.03753881188791989
19094,0.01663730578320688
19095,0.15786858137087265
19096,0.016745519970969486
19097,0.015047767399949926
19098,0.8693115516315678
19099,0.01740669371670306
19100,0.8440045336945246
19101,0.3436764364450587
19102,0.008363466004807668
19103,0.014953902422537291
19104,0.010295814141334738
19105,0.006631354736375593
19106,0.021613367099599795
19107,0.10526512981601989
19108,0.013040048544566219
19109,0.04211707487034096
19110,0.03167725621864628
19111,0.2608982359683031
19112,0.003496215626298771
19113,0.03248912575365588
19114,0.01852122276091761
19115,0.033747900033327824
19116,0.11116877229857622
19117,0.12638836225710204
19118,0.015312177608395424
19119,0.10797290356182865
19120,0.004556402006099644
19121,0.018019504036099372
19122,0.0023558644952223077
19123,0.013992251612854986
19124,0.02313121025292815
19125,0.006586599452643384
19126,0.08773848675904258
19127,0.004351280681332839
19128,0.015825015222795655
19129,0.00276248283359864
19130,0.898865629814224
19131,0.2056330223299033
19132,0.41447381888424173
19133,0.0032617907250647835
19134,0.0008942525015414943
19135,0.8201359669430928
19136,0.5605588857959546
19137,0.007051851080269895
19138,0.006176345936051498
19139,0.004469695732261878
19140,0.06870327642006206
19141,0.1630768521640689
19142,0.7054641387624083
19143,0.3396478323954305
19144,0.31033770211765355
19145,0.004210302639585728
19146,0.003724557896172003
19147,0.0023956936778179927
19148,0.1583088485931144
19149,0.022432885523386504
19150,0.0053169074499997415
19151,0.007102956987013305
19152,0.8465427297838182
19153,0.9822692289869551
19154,0.058414469216392116
19155,0.05410884377514051
19156,0.192971243478134
19157,0.06082349595687524
19158,0.014067009893068281
19159,0.07384618476913722
19160,0.9475643835746711
19161,0.3994969882077609
19162,0.025163181830089646
19163,0.02431525273327754
19164,0.03229024587941939
19165,0.009372994227640154
19166,0.001827249854820234
19167,0.04026362137974203
19168,0.6848218728445412
19169,0.19435630076851132
19170,0.8135920711266751
19171,0.014720021157470429
19172,0.20079214633929007
19173,0.02316263479676826
19174,0.007418703355777417
19175,0.007101524127833272
19176,0.022802567794980896
19177,0.0376018192173562
19178,0.013474681115419062
19179,0.013909763774335051
19180,0.011801514801683436
19181,0.07093021017086414
19182,0.5599774308620659
19183,0.03780990845113835
19184,0.2311764201480398
19185,0.0016869489658438439
19186,0.009981211391689835
19187,0.15571611513546904
19188,0.21485573277442502
19189,0.007512102436387058
19190,0.020927568644523158
19191,0.2238269092693915
19192,0.6178154470182369
19193,0.02774047534086518
19194,0.12681625747767952
19195,0.05169732288536871
19196,0.9289961554324928
19197,0.03959671961991361
19198,0.12790479296142507
19199,0.9814933829607373
19200,0.8853350099950211
19201,0.3046370918658381
19202,0.8621962024962557
19203,0.01130050627561387
19204,0.00704163977746946
19205,0.15191103483048127
19206,0.008372938748323722
19207,0.9668896749167302
19208,0.005330233091620796
19209,0.919033700020805
19210,0.9492177574554049
19211,0.2873672268031977
19212,0.9902164060552243
19213,0.01562747351209231
19214,0.04440997614877258
19215,0.33020723328184576
19216,0.009603064358886335
19217,0.0054617993341148875
19218,0.3857908254380374
19219,0.012495553205769904
19220,0.33582155795169993
19221,0.03674093980082996
19222,0.21384818775338157
19223,0.004230805884800077
19224,0.32995688302369836
19225,0.5749150428261527
19226,0.5527412048099959
19227,0.3022883584471774
19228,0.010783105346558904
19229,0.020935058462466384
19230,0.1180107316175856
19231,0.03438564953199688
19232,0.06840785716304126
19233,0.011816007017298581
19234,0.021218858292059165
19235,0.0038240210444272066
19236,0.014558577670644796
19237,0.22391942532781686
19238,0.029515370130637625
19239,0.00581862157406776
19240,0.0029187968315797317
19241,0.024743914843113654
19242,0.0021420578155130696
19243,0.9662156323578542
19244,0.011660829749160813
19245,0.2097162168244664
19246,0.0008356513933614656
19247,0.8429084005261783
19248,0.004952579936134639
19249,0.013719017340542611
19250,0.23746046109109248
19251,0.003764335903167041
19252,0.011251298403997094
19253,0.0037029996521893436
19254,0.009854564518146125
19255,0.025316548657108723
19256,0.01532866703338674
19257,0.011090391804080247
19258,0.9771685268885396
19259,0.885081750673381
19260,0.8057854347758501
19261,0.022202461211858655
19262,0.005170387239205415
19263,0.0024384285874893626
19264,0.20482708322164692
19265,0.03688060737957893
19266,0.010533170629292942
19267,0.006343031265498219
19268,0.6122650656381731
19269,0.01732823240090409
19270,0.0784818327197638
19271,0.040980577545505194
19272,0.34157176316205423
19273,0.003110007002504128
19274,0.0018169287792306104
19275,0.3619802364504652
19276,0.018594759264064706
19277,0.003577052868173368
19278,0.3953832446324308
19279,0.008717547261197809
19280,0.009226728198753179
19281,0.01171811110299374
19282,0.0046513960491487314
19283,0.009025215058665928
19284,0.0028982884436591855
19285,0.8030352501799202
19286,0.0019539530767771745
19287,0.025688246340534793
19288,0.015860885688664526
19289,0.004757480697990727
19290,0.21478133150516657
19291,0.054199419215756724
19292,0.601471085038328
19293,0.8372950820293469
19294,0.0027709487751799936
19295,0.0027670255492486394
19296,0.020777391608317434
19297,0.03007529805021171
19298,0.9736387331119295
19299,0.011114893474913927
19300,0.014531670052027773
19301,0.05258447023037895
19302,0.05756052642262422
19303,0.055322580021054425
19304,0.7444549544858088
19305,0.2535741059700139
19306,0.018052354143873843
19307,0.011653532785779025
19308,0.2463170269047455
19309,0.40128745611845
19310,0.00407802002172597
19311,0.1584810919005872
19312,0.15863556059162476
19313,0.1798931712404832
19314,0.8577462367167288
19315,0.023456172175474875
19316,0.22842112802677247
19317,0.0568686422647081
19318,0.24793121145528918
19319,0.11315134170569585
19320,0.008368991696635684
19321,0.09375374170350768
19322,0.16084792419939872
19323,0.4194274580728203
19324,0.0013165486773106378
19325,0.21336086767251766
19326,0.5230244699124874
19327,0.004903666050773063
19328,0.008598465388038403
19329,0.00671153724359399
19330,0.010754955727150614
19331,0.975444038601305
19332,0.024292254886384403
19333,0.052218904005085894
19334,0.01687622325227081
19335,0.008813203937025008
19336,0.08348423712509608
19337,0.9783768393985063
19338,0.48140079384191004
19339,0.003497644685919749
19340,0.0991204124623442
19341,0.07127917311866148
19342,0.0033353184673213586
19343,0.039828137130129816
19344,0.03411066185415233
19345,0.03453204768039554
19346,0.001308889346732025
19347,0.02051184965454085
19348,0.041765170567479276
19349,0.5263359120993468
19350,0.006314207773929707
19351,0.04100457175446193
19352,0.45933063296742915
19353,0.08522285769993161
19354,0.051845679042254324
19355,0.045010448272648405
19356,0.03763657769499654
19357,0.01953316380887404
19358,0.08354738137348518
19359,0.1315669235857266
19360,0.2303114987688073
19361,0.02487174567137415
19362,0.26675942579311085
19363,0.06872360340450484
19364,0.2844989888729134
19365,0.38880485872377596
19366,0.01245725170233384
19367,0.6411947396823734
19368,0.4220347910621726
19369,0.04349690297193213
19370,0.0030348233600518285
19371,0.485442117564132
19372,0.012933589967999804
19373,0.006223161620962108
19374,0.00695096692444595
19375,0.009505718076405323
19376,0.004123742604564592
19377,0.8759481648410541
19378,0.11103835881994448
19379,0.0036230141126608138
19380,0.002622614936210518
19381,0.004189214536849848
19382,0.06161855428361316
19383,0.030049934768169872
19384,0.004194968525950304
19385,0.07965905266173517
19386,0.1038531128395832
19387,0.005227088359294491
19388,0.8662861506375225
19389,0.9878290521833104
19390,0.6260503205418136
19391,0.8115419260496098
19392,0.009547633620200334
19393,0.008966936259985927
19394,0.053463104947459386
19395,0.14030655300450726
19396,0.008925603804612336
19397,0.8881226745182031
19398,0.055515423444866346
19399,0.0038750742634582756
19400,0.6020415139097515
19401,0.13878402587551764
19402,0.004974712593621164
19403,0.1832971224037126
19404,0.04524149198106827
19405,0.0029821823742871316
19406,0.506997083317201
19407,0.4642701846136889
19408,0.01475368034521392
19409,0.010864838003859555
19410,0.0022062051105328495
19411,0.0012530184323038733
19412,0.00606326411503154
19413,0.0032339334011272916
19414,0.7416083555968441
19415,0.003821783217493077
19416,0.1120692672500612
19417,0.990947324611114
19418,0.023802887520973776
19419,0.22900353500475304
19420,0.09777133564665721
19421,0.8763666649566532
19422,0.025717164824927828
19423,0.1155093835835451
19424,0.6083404577767461
19425,0.003932180137761407
19426,0.006485627626150876
19427,0.022052031609934172
19428,0.013201430340070567
19429,0.04605667691647127
19430,0.006789066609809972
19431,0.022169555580527602
19432,0.015672446189272597
19433,0.029304313370420484
19434,0.7419263765959928
19435,0.053377056220582794
19436,0.008132145559631938
19437,0.9891646114549492
19438,0.0017477752548889244
19439,0.9099943821561471
19440,0.06972610264729662
19441,0.05621845827442078
19442,0.07884836173274061
19443,0.006256829289142491
19444,0.006550901846115522
19445,0.0544782072360921
19446,0.003571744777792917
19447,0.009639201660410407
19448,0.20104681843330158
19449,0.004378702496348585
19450,0.030295323096769074
19451,0.4182974806452231
19452,0.01167453450611981
19453,0.013695308166999414
19454,0.854073840403201
19455,0.11724145181658124
19456,0.7751159379992274
19457,0.028635634481918
19458,0.03753027173399611
19459,0.006133046572556795
19460,0.988625236402728
19461,0.031166467239477694
19462,0.01336918819393567
19463,0.010821021935584815
19464,0.14519782425527136
19465,0.21777079447420195
19466,0.019022368203732407
19467,0.030607499185913635
19468,0.9496444159479389
19469,0.007361298471302095
19470,0.018261346481640312
19471,0.36267497213140903
19472,0.7295659441585756
19473,0.0043165134158966775
19474,0.061772321725983674
19475,0.02458114168077132
19476,0.011488558826016376
19477,0.9591222693614122
19478,0.14993061546014136
19479,0.003962649686656323
19480,0.03916673613407505
19481,0.7063856184905704
19482,0.39044484537869967
19483,0.02148234373881071
19484,0.0015651746661262734
19485,0.004593078092509604
19486,0.9649747133362165
19487,0.1876456502577397
19488,0.1401944685502885
19489,0.22485955456384443
19490,0.0029957711182821735
19491,0.09845395161865785
19492,0.02510129602329047
19493,0.17270161308710089
19494,0.6206944590707574
19495,0.02801086562077344
19496,0.5679945798891461
19497,0.021411797968249224
19498,0.11187990342828978
19499,0.011592234541704176
19500,0.8461026906062233
19501,0.007867853603170268
19502,0.9873597096396127
19503,0.8457410140928417
19504,0.9510536857196916
19505,0.03846196302496639
19506,0.1398366362775932
19507,0.6758959852875309
19508,0.12112722618158922
19509,0.012724158867056065
19510,0.009461794609335307
19511,0.05583079748717336
19512,0.1728794972341538
19513,0.02186326425702189
19514,0.004004462415059854
19515,0.7793924584061083
19516,0.5929714278374062
19517,0.08473175976965042
19518,0.014270665449387996
19519,0.004953963876182813
19520,0.0009694251557648649
19521,0.04690625416837925
19522,0.8086805128052875
19523,0.1548295599737882
19524,0.10247702685594565
19525,0.014531644487610934
19526,0.006748125614949825
19527,0.2743835231025278
19528,0.5454458170536612
19529,0.06689943799155823
19530,0.8863118529046924
19531,0.007663803155307972
19532,0.23295747263196995
19533,0.0448393985606464
19534,0.04087600241735193
19535,0.08131618210997099
19536,0.09153160880511677
19537,0.02041119842835738
19538,0.0747497252557152
19539,0.8130483952691219
19540,0.679846450640803
19541,0.01516853692585419
19542,0.007866003447807307
19543,0.006525769002764856
19544,0.882477748877691
19545,0.8281511510530959
19546,0.864161075517747
19547,0.013638223311472481
19548,0.0028042829197172958
19549,0.008701345755171702
19550,0.20049046721073793
19551,0.0773929005280977
19552,0.02355077601113636
19553,0.0026022512824599945
19554,0.053530252611588225
19555,0.012030220649440483
19556,0.011688333988538243
19557,0.9916039592580755
19558,0.003640938185788288
19559,0.025730433275249067
19560,0.0061697871242313625
19561,0.986705913779997
19562,0.05240617782247191
19563,0.07155911149475584
19564,0.009273048308541722
19565,0.04796476665589986
19566,0.2691231195321948
19567,0.9389581111945314
19568,0.01023046857465889
19569,0.25271601503893193
19570,0.04237824053110635
19571,0.005941282058205375
19572,0.04207969209002008
19573,0.015221410655191182
19574,0.008667941192059601
19575,0.20814429763284129
19576,0.8562506426335523
19577,0.006250547738270008
19578,0.010261536646254054
19579,0.07171890155236217
19580,0.01687305284767786
19581,0.5812203717830204
19582,0.15427599953378213
19583,0.0036379060810535894
19584,0.027950135570506497
19585,0.004832641274599191
19586,0.08140998008327474
19587,0.0667029934869665
19588,0.015250948930671391
19589,0.04098194512344826
19590,0.2605548475595281
19591,0.10820264058698838
19592,0.008830825614317825
19593,0.9897172321349557
19594,0.02949645085106869
19595,0.16383416202501774
19596,0.17664347969956498
19597,0.003535426808549937
19598,0.006769384757413788
19599,0.011956902185560685
19600,0.010797064223976598
19601,0.9188760960259234
19602,0.9194012513442926
19603,0.9232409271208059
19604,0.0180845452917021
19605,0.43998016193835393
19606,0.08779689151019439
19607,0.012952788795573504
19608,0.014359849322880092
19609,0.020151009776085773
19610,0.3970241497505841
19611,0.5128461488648108
19612,0.2971658586879073
19613,0.0028403371688718953
19614,0.054848055493389364
19615,0.004842010277166767
19616,0.005282898987487202
19617,0.0018634548354717953
19618,0.6853134313241377
19619,0.12337857828270954
19620,0.07989267543668946
19621,0.0065582426322644
19622,0.990323979756036
19623,0.0042923327359084594
19624,0.06851228409566804
19625,0.07338016726653643
19626,0.6181909784047537
19627,0.008504430760329286
19628,0.36452129560274665
19629,0.0028932099334778374
19630,0.01952104874576451
19631,0.9636183275063317
19632,0.2954111406041658
19633,0.09047445283949827
19634,0.07960344296519585
19635,0.03412414049549186
19636,0.17731377554983246
19637,0.8199279131258222
19638,0.020671011251744722
19639,0.0013766497344859711
19640,0.01695464279401843
19641,0.004458513251195773
19642,0.01128000266905244
19643,0.0026703211269198893
19644,0.008512471305681401
19645,0.023407064730727144
19646,0.10127136308281666
19647,0.03323309508469297
19648,0.010240111804988374
19649,0.1271432614743218
19650,0.00278921714475075
19651,0.007537458765810834
19652,0.20096289042247203
19653,0.003495793027568914
19654,0.9482832014167029
19655,0.008722299485134066
19656,0.03434429094226947
19657,0.008244552066811564
19658,0.9500738385944668
19659,0.0028092812140848465
19660,0.3955820021993971
19661,0.2164683303121594
19662,0.18885931885157758
19663,0.013857203191526299
19664,0.7043711243351498
19665,0.014199742471344989
19666,0.023781207718100376
19667,0.06140977958157335
19668,0.006364594107506564
19669,0.00559911371948776
19670,0.3442672147942443
19671,0.25254766117075383
19672,0.019127675283021527
19673,0.03219922977112284
19674,0.12981051021138254
19675,0.6459417688075043
19676,0.11003988226943207
19677,0.0022664492433715324
19678,0.003069252088875499
19679,0.048638525888705604
19680,0.006324014005490867
19681,0.7416085085169257
19682,0.9902130106338644
19683,0.11355499216746481
19684,0.025916398088847603
19685,0.6919566363223808
19686,0.016713991984094307
19687,0.07210775860770766
19688,0.003347959444078604
19689,0.09941121743282133
19690,0.4472538742862231
19691,0.030107094512190343
19692,0.9623938288240403
19693,0.020303293605995767
19694,0.0162780825919023
19695,0.0604929493471548
19696,0.014468666268539024
19697,0.4350910091623015
19698,0.03998653855728863
19699,0.47654862487979743
19700,0.001753285713098879
19701,0.00581688955549413
19702,0.6839950580227078
19703,0.0038609131349983403
19704,0.17099217374464742
19705,0.25707491169892926
19706,0.6290339495287889
19707,0.00759609557186165
19708,0.032564484666177014
19709,0.0026132098640719898
19710,0.00455381209296986
19711,0.9688377685864757
19712,0.042343694111457476
19713,0.014005738338476497
19714,0.43378937161425063
19715,0.016817891059775398
19716,0.006383559428350497
19717,0.16565275917516895
19718,0.007184460789713732
19719,0.007422081965406199
19720,0.5137663339505398
19721,0.004691876496062547
19722,0.8561120513526309
19723,0.9627113340607069
19724,0.0035599728359503886
19725,0.24521469780566005
19726,0.0015988096532856633
19727,0.08880990799979883
19728,0.2108815258545658
19729,0.021634092021645287
19730,0.012432272600412029
19731,0.3262917929809215
19732,0.24657660414755975
19733,0.013074467964510884
19734,0.07236577228885341
19735,0.025562286575213138
19736,0.06804282603250417
19737,0.9847287205298957
19738,0.9136184682393907
19739,0.3427135339564951
19740,0.007323876458117262
19741,0.010326904955337805
19742,0.031009811212850624
19743,0.46196192950471443
19744,0.002942192905156598
19745,0.02681454344488223
19746,0.03640108734360856
19747,0.11446588391862265
19748,0.12834662304196737
19749,0.003579176616211404
19750,0.011764119649569115
19751,0.6244001120469858
19752,0.03613904730081507
19753,0.0035976848347759873
19754,0.13055185806679973
19755,0.004503194741302518
19756,0.006258955635817413
19757,0.009247697662550337
19758,0.8712768046939087
19759,0.2876979226898495
19760,0.030280319055117456
19761,0.002436488433477481
19762,0.022037412530854533
19763,0.010320880102339187
19764,0.8418355261667638
19765,0.021006131866079827
19766,0.9417800654707248
19767,0.22340143080741134
19768,0.9978557817263143
19769,0.01728034726212133
19770,0.023083379364389586
19771,0.003116220296853632
19772,0.0028592870665364914
19773,0.03785929107019823
19774,0.9848995273694051
19775,0.013497800423730099
19776,0.0009318088509660479
19777,0.35151797580539
19778,0.1690335239075469
19779,0.04834620267936133
19780,0.012912841962280751
19781,0.32227475211224205
19782,0.005170623028830142
19783,0.0064559548861787405
19784,0.02086180492402339
19785,0.011294064579068758
19786,0.002152119200551575
19787,0.007754794589914134
19788,0.1745863968839921
19789,0.014572797397436487
19790,0.908435502575438
19791,0.5672568178926864
19792,0.009902538425617632
19793,0.04184727713192493
19794,0.8057213781710442
19795,0.002090752215238182
19796,0.11112722264182415
19797,0.08302143003401039
19798,0.0039508841878689365
19799,0.9886265761128045
19800,0.005781899457581404
19801,0.07957255449546653
19802,0.008130857227842882
19803,0.6304508722565949
19804,0.9632682624103845
19805,0.11505658725286011
19806,0.002560461678051472
19807,0.047665856085154175
19808,0.13172305697495854
19809,0.010425089863475566
19810,0.020302666576121297
19811,0.0024119052865133835
19812,0.010773020437897626
19813,0.010181068368196081
19814,0.10290257387749312
19815,0.07550428881516431
19816,0.04830913411584132
19817,0.018485942912910065
19818,0.027045561575459603
19819,0.0020246532285548018
19820,0.1706630679208982
19821,0.006125830025990878
19822,0.007503697816744034
19823,0.03546275701208514
19824,0.04787744332961306
19825,0.0788370533874824
19826,0.09471287905196893
19827,0.19615784479674453
19828,0.023497702621521253
19829,0.7965503185392152
19830,0.009925279977679382
19831,0.007022820833133988
19832,0.06713142904953763
19833,0.4809449124519216
19834,0.006645115876100815
19835,0.3676261139805642
19836,0.019527208448290635
19837,0.007886127961174442
19838,0.008601403032545089
19839,0.05986906933563846
19840,0.1921221673104573
19841,0.571313631063165
19842,0.004954389514000251
19843,0.08374578203621885
19844,0.0395628233710284
19845,0.4176647564024085
19846,0.005577087698769196
19847,0.014642814585426545
19848,0.07520805418094763
19849,0.03227932088280518
19850,0.004130288821003307
19851,0.008135512415708328
19852,0.12406946992695896
19853,0.06756919157457149
19854,0.9858951039621203
19855,0.09245528538414946
19856,0.09068380904659887
19857,0.7718083232918442
19858,0.3033436752134975
19859,0.7517273405010524
19860,0.6700684541174571
19861,0.9955062513359909
19862,0.034691989714978735
19863,0.21521406830139847
19864,0.028220863247458594
19865,0.02818210769890972
19866,0.1539887156015904
19867,0.014662985762568633
19868,0.07630278122441586
19869,0.024877587355782393
19870,0.2785632737320942
19871,0.07697781052763739
19872,0.034327137114142404
19873,0.19422800911813565
19874,0.004988404630390974
19875,0.21129787448438941
19876,0.00319228100016462
19877,0.034664596594855476
19878,0.004774023703788524
19879,0.017355975555323564
19880,0.060194729518357894
19881,0.02168919151127967
19882,0.0040695188269637885
19883,0.02395674063226368
19884,0.13053901292775724
19885,0.98839539501846
19886,0.02418520619501297
19887,0.0176453647816035
19888,0.9742590974649024
19889,0.2688228906881359
19890,0.04726656610861063
19891,0.4049834819535717
19892,0.09981433569517587
19893,0.016418092437565403
19894,0.007397017285671373
19895,0.6089826348055005
19896,0.0021260123127947164
19897,0.7066868188098794
19898,0.026328869313157068
19899,0.07804548932216171
19900,0.33890921019917075
19901,0.18681797419956422
19902,0.015368452479754094
19903,0.043988923985032236
19904,0.010010501740376009
19905,0.005751927603793507
19906,0.15274073815934358
19907,0.022694395563482062
19908,0.0030904073423575593
19909,0.06662948415248
19910,0.8426401837731952
19911,0.4234509859797642
19912,0.018761838427132055
19913,0.014476041678624194
19914,0.01730522457919847
19915,0.596765483828314
19916,0.0021224512037196657
19917,0.029092148700246265
19918,0.002975494442693246
19919,0.026644939547985705
19920,0.038236692504710706
19921,0.07940946096363148
19922,0.19354683470263792
19923,0.03592914575877921
19924,0.10207542414049108
19925,0.09553378518702238
19926,0.7629039990840251
19927,0.31722922794198366
19928,0.016009548295891612
19929,0.12294952958835045
19930,0.03994120230402466
19931,0.005274708324100978
19932,0.09997847834836664
19933,0.009334778730293066
19934,0.026178330138645196
19935,0.025460251395006555
19936,0.003964667206683769
19937,0.1678516710648811
19938,0.018071583337636758
19939,0.014781107883046107
19940,0.007000957501016469
19941,0.01161224763001278
19942,0.021327707923943656
19943,0.005265452105004364
19944,0.007992813520478113
19945,0.10027034149862221
19946,0.01413567992092707
19947,0.0046679952791461934
19948,0.26072723253867597
19949,0.018074950068890167
19950,0.23986798412576402
19951,0.5440656574048752
19952,0.026844788112709028
19953,0.3544164793534863
19954,0.010780491519802093
19955,0.008462684195862546
19956,0.6728216284732146
19957,0.013977109188433623
19958,0.008726235259328096
19959,0.033874057484288005
19960,0.09456733702672984
19961,0.012441617209314287
19962,0.020287239515041647
19963,0.013533012918928111
19964,0.008603302152543502
19965,0.007929216201957691
19966,0.3978707740371442
19967,0.17251432175278555
19968,0.878084778697024
19969,0.42226928072834385
19970,0.3511915159161134
19971,0.003737294963938343
19972,0.012362967602019735
19973,0.9302170367235323
19974,0.0021919820677188187
19975,0.9890178151622463
19976,0.025214495893570044
19977,0.01231693509859582
19978,0.016358503760157315
19979,0.7949631825622966
19980,0.21742294997851994
19981,0.013749453970686751
19982,0.022313378958968105
19983,0.42503434563921744
19984,0.7705625178568408
19985,0.2103619386666227
19986,0.004668662255544669
19987,0.9632871681592577
19988,0.010866439979656098
19989,0.016664240816997678
19990,0.10309066112756621
19991,0.009127043702857331
19992,0.9688959294936228
19993,0.04006377090707099
19994,0.16329988444125
19995,0.11767904613090394
19996,0.03944363652164586
19997,0.006836501868646372
19998,0.0019639288421799917
19999,0.005884723306179421
20000,0.057583825991066075
20001,0.0033990718006400114
20002,0.041278533372074246
20003,0.0996908349987109
20004,0.041911036744426124
20005,0.4666196134346626
20006,0.981524190123989
20007,0.07453643969524257
20008,0.563886898507874
20009,0.011624330653721749
20010,0.007663803155307972
20011,0.04234285979491075
20012,0.01226737977513245
20013,0.01164592778637556
20014,0.12650977330826835
20015,0.04095281510297133
20016,0.024686812485805763
20017,0.019739107184659994
20018,0.006394931752254438
20019,0.07034942985430727
20020,0.014802878775384108
20021,0.013504828726682752
20022,0.09360580819187665
20023,0.0917009125697039
20024,0.0110232264343766
20025,0.008301601653463829
20026,0.05496859032632275
20027,0.9723145233488731
20028,0.00758340072335312
20029,0.7274835995123621
20030,0.035266690998668804
20031,0.0027100951453741325
20032,0.08960742740885669
20033,0.2206343985035664
20034,0.005566820280598
20035,0.4965046889417428
20036,0.005352832635550556
20037,0.053307686206952865
20038,0.9939555936272707
20039,0.532638962612853
20040,0.004563401378652873
20041,0.004665110725899369
20042,0.015446883804898734
20043,0.011377939584165421
20044,0.010200530871270586
20045,0.3722638565059953
20046,0.7503455556657019
20047,0.9986260385265479
20048,0.00743521306530955
20049,0.8523926689526609
20050,0.09893574303664222
20051,0.023466012837795768
20052,0.022518553906201437
20053,0.9910456906546259
20054,0.009632131169124173
20055,0.1853826045233496
20056,0.004572247403260836
20057,0.024973598204699604
20058,0.22953388645791536
20059,0.13638284521919655
20060,0.06251921512292102
20061,0.010682026332583174
20062,0.08841948651334251
20063,0.002464112087104492
20064,0.0071934087325939925
20065,0.49443580421189004
20066,0.7098424788808342
20067,0.03561435033314353
20068,0.3702872574263403
20069,0.7571075200025059
20070,0.00729715049146007
20071,0.022039989853917762
20072,0.1280810464317839
20073,0.035481772592999346
20074,0.008789782673567781
20075,0.0072382483896987725
20076,0.2336781434386614
20077,0.05471752064313906
20078,0.01562398348444378
20079,0.0071873431153603165
20080,0.47802066182657127
20081,0.8839362119317112
20082,0.032713716853140666
20083,0.36560550859415264
20084,0.9662431496911753
20085,0.011907701645527654
20086,0.0015832760802065458
20087,0.04724528062284233
20088,0.05574899933150029
20089,0.0061446079649590275
20090,0.195811658676389
20091,0.2202245074722932
20092,0.008742737397781508
20093,0.15684267036583177
20094,0.15056745759627296
20095,0.6385159566384162
20096,0.7686530220514426
20097,0.4316078661758202
20098,0.0035340977092513277
20099,0.014318198331217412
20100,0.9526815620856368
20101,0.4192957862372779
20102,0.05629542182529696
20103,0.003897583505854253
20104,0.9154249144921593
20105,0.04525046244271567
20106,0.017317290972400604
20107,0.8652146666967377
20108,0.004943359776189919
20109,0.9866543288122239
20110,0.7670317777903036
20111,0.017799421671630473
20112,0.01299910102114286
20113,0.016922476250433534
20114,0.9608008878074177
20115,0.965862674873976
20116,0.30314750319043754
20117,0.0010015396560220128
20118,0.0016946007027129843
20119,0.029030604008562562
20120,0.028185302916817808
20121,0.013251095607025906
20122,0.2619489778833801
20123,0.021308048277557105
20124,0.15414874273806828
20125,0.03427074166386746
20126,0.05190720793733731
20127,0.034888583359976015
20128,0.9809962768557334
20129,0.1480449321735829
20130,0.40785074791352827
20131,0.003842771610207406
20132,0.02794960922343301
20133,0.0018251551990395075
20134,0.050282650793607796
20135,0.9239706793912098
20136,0.004156831178320227
20137,0.009113735966794477
20138,0.9903808856855013
20139,0.008425613294914645
20140,0.2779576665632309
20141,0.0018976766776893036
20142,0.025676065314874354
20143,0.0028530984248282686
20144,0.02754951639895667
20145,0.008649924882857752
20146,0.008860253217519879
20147,0.10873345495796387
20148,0.0034211529277818984
20149,0.7658243994404257
20150,0.02272962717218644
20151,0.9914719681890249
20152,0.008855594135656002
20153,0.1994360323811743
20154,0.0030462050444686104
20155,0.021238976928059202
20156,0.002245116978842416
20157,0.0976473209419705
20158,0.01059946474619415
20159,0.08771816932228596
20160,0.9809357951962309
20161,0.0076641755760447445
20162,0.006513730402295973
20163,0.030394790202893703
20164,0.39035890264688144
20165,0.022180625925168687
20166,0.009606434411338873
20167,0.6532874521813786
20168,0.0057627719522122
20169,0.0032911012256513265
20170,0.011553205153033621
20171,0.828550342857071
20172,0.2084829440402851
20173,0.9921977793779051
20174,0.043204648785258475
20175,0.5319587666640563
20176,0.02349034113508112
20177,0.002719752174942398
20178,0.02784628822157845
20179,0.02786079237389282
20180,0.014243664821835773
20181,0.017806799647285508
20182,0.1376694327305895
20183,0.003306987167742106
20184,0.9548643635351703
20185,0.3210006471403525
20186,0.01948919625912367
20187,0.0024912234627415676
20188,0.09107294761818824
20189,0.13800030414617204
20190,0.909376665193025
20191,0.00753466288978846
20192,0.9159780873268237
20193,0.03969369781212199
20194,0.021315414703094313
20195,0.7398698074114468
20196,0.004631572062657178
20197,0.02795095666659373
20198,0.005216957098572169
20199,0.03192478790418028
20200,0.003339899811593405
20201,0.5553493985812725
20202,0.005268772456165824
20203,0.12986476063944485
20204,0.024576425562481713
20205,0.001973847204575739
20206,0.013578884772745927
20207,0.987478766247663
20208,0.009381141476425716
20209,0.008866041291112306
20210,0.009057294500669796
20211,0.031984433298313165
20212,0.9618769075688571
20213,0.006780413198678312
20214,0.3930188678370327
20215,0.041639188802812074
20216,0.009838356825404139
20217,0.01885918127948871
20218,0.0337116626258782
20219,0.9876273338824109
20220,0.11713989867784401
20221,0.7592641406065348
20222,0.009055850081848449
20223,0.10283481254755496
20224,0.021362270323405364
20225,0.05520990939716434
20226,0.011598811948276727
20227,0.6202946366867689
20228,0.939979942202272
20229,0.2241316888257063
20230,0.006221535670372589
20231,0.7730530342780504
20232,0.41656136658135934
20233,0.0325488451811573
20234,0.005531044988043749
20235,0.012359870777723027
20236,0.6209693404615542
20237,0.7563552985548494
20238,0.054317487601199636
20239,0.006324081417423961
20240,0.00251444701755227
20241,0.00300816842963417
20242,0.004287503630491154
20243,0.007996042492194742
20244,0.008728672142249472
20245,0.16466177636093865
20246,0.9579928186074947
20247,0.04199571543203659
20248,0.020582468329448635
20249,0.5782046440237548
20250,0.02447039643975182
20251,0.012548678474575801
20252,0.005665870051715088
20253,0.00341331020475284
20254,0.0650085252394284
20255,0.17996997658617517
20256,0.7960935021620938
20257,0.8971640383514171
20258,0.3860705491851552
20259,0.3551730294518591
20260,0.00423909358355859
20261,0.6861316110289556
20262,0.026811913823623634
20263,0.9261824922370323
20264,0.10256933441159209
20265,0.1510205798602938
20266,0.9711090932712806
20267,0.39258330606621233
20268,0.04025194570512986
20269,0.08057166636144271
20270,0.030927956274255642
20271,0.19661361832166313
20272,0.016434315628002485
20273,0.04782330826321287
20274,0.12124115674430645
20275,0.007760167340384933
20276,0.6262932929548876
20277,0.7546569032118124
20278,0.06893182173162891
20279,0.624460822286468
20280,0.002392209626214121
20281,0.048748588982651914
20282,0.017758172509437502
20283,0.8187089989505897
20284,0.006815751860152558
20285,0.635053238779102
20286,0.008287055750672973
20287,0.003563525369361382
20288,0.004228265496412334
20289,0.9473405250855467
20290,0.0027062423372852668
20291,0.0054804179625641426
20292,0.8470301606971998
20293,0.8593836849320005
20294,0.012306246762380105
20295,0.19026460899124006
20296,0.3698142077726751
20297,0.023400008127447372
20298,0.0070790925100420055
20299,0.9653382693508931
20300,0.08804511739724191
20301,0.003706880216845581
20302,0.9902661195770162
20303,0.0048331746497574275
20304,0.057935636375986824
20305,0.003157765236227816
20306,0.0014055909483949994
20307,0.07349823710040304
20308,0.10811319486597215
20309,0.05994255603742322
20310,0.02068621873824974
20311,0.012558736863786104
20312,0.009210145547681162
20313,0.0032506850799547556
20314,0.884412033252274
20315,0.9801418472378327
20316,0.03315809587773513
20317,0.003947898084230488
20318,0.058372155324825425
20319,0.9280179871736453
20320,0.9603271575391787
20321,0.038601671139071765
20322,0.09164280605184517
20323,0.0035622476012267105
20324,0.6400839304929659
20325,0.00516184201037096
20326,0.11207633700123187
20327,0.01568393091807697
20328,0.02677844529380473
20329,0.3176397992781355
20330,0.8092359258206286
20331,0.8445269320231198
20332,0.4931251914999879
20333,0.31779457352494583
20334,0.9764257298796748
20335,0.6977318687277061
20336,0.04168989108800376
20337,0.01138445465387383
20338,0.20472324243494613
20339,0.8176507329379735
20340,0.010689504054062915
20341,0.15986145974767477
20342,0.00672712991656522
20343,0.8333500509768319
20344,0.005774196416960472
20345,0.9356593629993101
20346,0.1936596302192285
20347,0.00989607710683137
20348,0.8170539830947452
20349,0.025104532018683935
20350,0.03254969479381963
20351,0.10087985862486346
20352,0.18274830677143628
20353,0.00883115416322101
20354,0.28906148038413393
20355,0.014431315250005544
20356,0.004504129446114284
20357,0.5148869343968479
20358,0.016998100631824546
20359,0.022703358334952385
20360,0.29645670369164273
20361,0.006446901845959643
20362,0.008090651352846662
20363,0.00498856475097804
20364,0.9603043530180666
20365,0.0057247454950683264
20366,0.003350972495790247
20367,0.009932729498489105
20368,0.010308626870988933
20369,0.010459148572855946
20370,0.06366576201588565
20371,0.04161443268524317
20372,0.01753390656558064
20373,0.05827816520721007
20374,0.003298410029967741
20375,0.03613988672266982
20376,0.03996839367089309
20377,0.7232549433442995
20378,0.002009524332012166
20379,0.32268347908021294
20380,0.006015391751935917
20381,0.7261796902032006
20382,0.0073304383638148115
20383,0.9580289484220764
20384,0.006185438809283747
20385,0.012702074918430107
20386,0.004723677278193127
20387,0.04415999019648345
20388,0.024334572069570924
20389,0.09971883924207088
20390,0.6451656503407185
20391,0.6687096513749732
20392,0.10829535609621699
20393,0.028863354358126165
20394,0.9751548123605657
20395,0.039628961544154476
20396,0.0775561675445531
20397,0.002365951979497197
20398,0.9861826077389839
20399,0.007403225521956536
20400,0.12648066870434443
20401,0.9615612728355426
20402,0.9269633559361924
20403,0.014480248415077255
20404,0.001228344866315401
20405,0.012621597867807689
20406,0.006827835808726894
20407,0.3541110249954981
20408,0.4568492508930059
20409,0.6073107670757936
20410,0.7985197319310278
20411,0.08457107878370872
20412,0.008157902918421523
20413,0.08412865297710002
20414,0.9891306560004934
20415,0.9428642777333467
20416,0.04218042715516862
20417,0.02921667891362789
20418,0.012055614189260959
20419,0.012910532378324012
20420,0.0402149907614388
20421,0.11307741356050773
20422,0.0021677243190712913
20423,0.04233797443764399
20424,0.19955876010431564
20425,0.0019928465516637025
20426,0.9179022706142699
20427,0.0016963292328298473
20428,0.9807443781806695
20429,0.18393879049798728
20430,0.006786440266141012
20431,0.004207374436651095
20432,0.07199336174985473
20433,0.02728292470489728
20434,0.03662392664890004
20435,0.0014280176673928772
20436,0.004316549972135356
20437,0.9586259769552169
20438,0.9471168664877316
20439,0.06483512219182459
20440,0.012956516175951612
20441,0.03868632505600214
20442,0.0024137163515534996
20443,0.21025038313362232
20444,0.2504191454405822
20445,0.14207354031319008
20446,0.010088713571479732
20447,0.7892044390647611
20448,0.13431847880493494
20449,0.8292401344861078
20450,0.8363104840464317
20451,0.9908358855263291
20452,0.05321784086910516
20453,0.012600896401611916
20454,0.11685094828791796
20455,0.012017363287211707
20456,0.002811411886465766
20457,0.005216985538154825
20458,0.16922612009769072
20459,0.9129858080199081
20460,0.1323204482758965
20461,0.010150439061669255
20462,0.0055749518968970495
20463,0.13949341478175772
20464,0.0013116959277049906
20465,0.004388077130276887
20466,0.009745781547439845
20467,0.9130616389902181
20468,0.015437350192034023
20469,0.28972499323698725
20470,0.0022732290064554797
20471,0.3863163008498577
20472,0.00791205763617425
20473,0.00567639115373256
20474,0.004209348708375194
20475,0.004875759178752128
20476,0.05372942873041141
20477,0.9811616167647851
20478,0.040835863294071725
20479,0.4120968562836494
20480,0.13903193552329718
20481,0.11239809565580836
20482,0.24413637328685603
20483,0.006569489089430498
20484,0.005610408152078089
20485,0.0025170528509352265
20486,0.04405152046381977
20487,0.7059572346421099
20488,0.003672253264505106
20489,0.5873020798672771
20490,0.9903662851593308
20491,0.06734795175168484
20492,0.05229435642432331
20493,0.012568721363484284
20494,0.03801879990593105
20495,0.0034225683805738103
20496,0.004226623482804907
20497,0.005908003351285499
20498,0.11273953067456162
20499,0.6544093846711863
20500,0.0032017799150476324
20501,0.008158969312215537
20502,0.47950117143730786
20503,0.16302051126338796
20504,0.03795880672248219
20505,0.9597103580171364
20506,0.006754237917030568
20507,0.056026954255673965
20508,0.41230857198882725
20509,0.9557728195678106
20510,0.12132611156902674
20511,0.002583950813621027
20512,0.9519784485039383
20513,0.5557325128270094
20514,0.02695671967816279
20515,0.6938474062551299
20516,0.01200164871827043
20517,0.0417506763923379
20518,0.014692347717363136
20519,0.028700949098238362
20520,0.007533913462115478
20521,0.9139208130183172
20522,0.007826467094997036
20523,0.22378658875293067
20524,0.011101028820990002
20525,0.014005023097664588
20526,0.007674443596900191
20527,0.04547326522505092
20528,0.022478247510590615
20529,0.1774944963943799
20530,0.010333028315297641
20531,0.055901605239071325
20532,0.1748840984573483
20533,0.02370849209162078
20534,0.003458901744848951
20535,0.03703395542734278
20536,0.002345328943839164
20537,0.7962421058670771
20538,0.11222541069867527
20539,0.05598282463280339
20540,0.28072172319878325
20541,0.017178966966541306
20542,0.030394919108927602
20543,0.23737993154348555
20544,0.606083554886603
20545,0.12623435588550425
20546,0.005066434821387811
20547,0.09541762989434097
20548,0.6228678314746117
20549,0.06042913244646542
20550,0.08934922666335929
20551,0.010003009892726804
20552,0.5743791278756641
20553,0.006023217247969415
20554,0.038305083530162966
20555,0.02214281400687095
20556,0.057038818916125035
20557,0.17114059031962398
20558,0.0014566132593189193
20559,0.007907707139102502
20560,0.01592637915510282
20561,0.0013640932995175276
20562,0.004747537544072683
20563,0.006278164150080919
20564,0.08975958919984381
20565,0.026341416725246956
20566,0.08334108963792344
20567,0.0336870978719714
20568,0.007314586802345455
20569,0.012588201399419107
20570,0.11355928542099082
20571,0.005122564722468265
20572,0.07622915788203584
20573,0.007313154566613855
20574,0.10493803912484176
20575,0.013923072394426616
20576,0.1788335691037324
20577,0.44037642496125473
20578,0.7431552854661186
20579,0.009695627511562888
20580,0.0033466013695794532
20581,0.09202248669766913
20582,0.1323936176722637
20583,0.6671196881845638
20584,0.011216934358232867
20585,0.008764982755905596
20586,0.010740035215992382
20587,0.027310389886098442
20588,0.018362158803135534
20589,0.8552899885495058
20590,0.2418557912953816
20591,0.060177225946201285
20592,0.5311475551177991
20593,0.1579503819216769
20594,0.018786446982607445
20595,0.015257575853259231
20596,0.4245914952005323
20597,0.03663746962844156
20598,0.7021594445144542
20599,0.08319247581187225
20600,0.7385571693148781
20601,0.0035368115866577445
20602,0.5275146249106819
20603,0.1616901388757692
20604,0.018470528124703536
20605,0.005511358446738294
20606,0.3687567849535736
20607,0.019991627151129662
20608,0.9936865107948005
20609,0.8690985334626946
20610,0.43055505731529925
20611,0.06949058920518823
20612,0.005556536380767386
20613,0.2416053740921249
20614,0.9803682025818707
20615,0.768342475092627
20616,0.3877919756140677
20617,0.014866268896814793
20618,0.031666129805445586
20619,0.0013812816083761169
20620,0.16863451795728437
20621,0.01613424550922949
20622,0.008817459142703129
20623,0.02457134533116251
20624,0.23356230058765545
20625,0.1903999474068381
20626,0.009214653217082758
20627,0.012473224696844021
20628,0.14388531815591243
20629,0.8107921426859312
20630,0.03931414016477256
20631,0.02851865389797897
20632,0.023086041863404533
20633,0.004626704427883149
20634,0.8960322050560416
20635,0.011517503430499738
20636,0.00632927639348084
20637,0.4053330406195364
20638,0.2865075032177631
20639,0.03961590677162363
20640,0.39752617464870155
20641,0.035556553895074186
20642,0.006129917766590523
20643,0.019730764893143352
20644,0.7030152889990666
20645,0.07388291631141537
20646,0.009674747599316417
20647,0.12231482072444409
20648,0.05500635410506386
20649,0.02661629668585755
20650,0.11065377848299765
20651,0.04690625416837925
20652,0.16183094541861112
20653,0.2562644536892884
20654,0.4629587684443779
20655,0.0284686517187877
20656,0.8889106181423517
20657,0.13810581060947807
20658,0.02571403826974773
20659,0.9378697395568708
20660,0.08519722883292138
20661,0.01915328125581321
20662,0.003433406695784922
20663,0.044120478605061825
20664,0.0046139209448029074
20665,0.024589293805770775
20666,0.01972921054907916
20667,0.023509147068502045
20668,0.009654528545138789
20669,0.10492681820353379
20670,0.9808914701402824
20671,0.006411883684226862
20672,0.9159339365087608
20673,0.03088634625218635
20674,0.006845462463833977
20675,0.003086946323849345
20676,0.07100552001476032
20677,0.03554636182523141
20678,0.01544592340023071
20679,0.013626678050495201
20680,0.6110573882656984
20681,0.008865469441090876
20682,0.5033384446142398
20683,0.6530402168636412
20684,0.007008232461673854
20685,0.040479944287396506
20686,0.013895559806453316
20687,0.05431482937621897
20688,0.8987208465280255
20689,0.826054215508126
20690,0.005943686470030544
20691,0.0016250916203439034
20692,0.29901477577430213
20693,0.08502726029903501
20694,0.0021967404501471977
20695,0.004738556653014355
20696,0.0025757305599968003
20697,0.9949943517102454
20698,0.037543173654594704
20699,0.00846200853199982
20700,0.003203922158978542
20701,0.7145406237854706
20702,0.055841910150868895
20703,0.9268680331698891
20704,0.008677910029266857
20705,0.43350810885996616
20706,0.008472113370137492
20707,0.006753488585373351
20708,0.1748552784252793
20709,0.028507607500836925
20710,0.04841453418376409
20711,0.05234584552319477
20712,0.21336109262798525
20713,0.8802172279393933
20714,0.7490006577466326
20715,0.0034991642703633115
20716,0.13537227689681347
20717,0.13053331087553677
20718,0.16364533847959967
20719,0.0029664639141118755
20720,0.1785517687511369
20721,0.11823629381792512
20722,0.3071587849822469
20723,0.004743664806151859
20724,0.017921818623106867
20725,0.0023628472607782267
20726,0.012150548539287532
20727,0.9622143325824453
20728,0.03038812238680888
20729,0.015732112673870195
20730,0.02348985419498885
20731,0.28329020388427034
20732,0.07687854544622988
20733,0.923303688873029
20734,0.070310202468125
20735,0.7078632814764864
20736,0.00630234398133427
20737,0.4837131685148415
20738,0.7803034987666417
20739,0.01320357655022931
20740,0.01160496896503221
20741,0.6769030432214102
20742,0.006239020664939016
20743,0.03355513795056568
20744,0.474040592407758
20745,0.8571679168803896
20746,0.023228952480867406
20747,0.06056484215753699
20748,0.017467422006829235
20749,0.00571629834531717
20750,0.2443066338073308
20751,0.9844542695473498
20752,0.011089809678304707
20753,0.3382002963781407
20754,0.07984582335956135
20755,0.1497133253775501
20756,0.130170340515784
20757,0.029372406545278885
20758,0.04007014296351569
20759,0.17381979109523174
20760,0.009348312777074139
20761,0.03636339135812648
20762,0.19009995812694272
20763,0.003806522871342398
20764,0.7771503016053587
20765,0.04295964256641428
20766,0.03761124375286382
20767,0.6444605429822419
20768,0.005759900800477301
20769,0.018178101602342372
20770,0.005840275089354992
20771,0.03474387466867851
20772,0.01963365351237811
20773,0.002505696558241363
20774,0.019525103364216225
20775,0.01414163042320332
20776,0.0675129939716844
20777,0.005787235383432319
20778,0.03142357165785907
20779,0.8165506717132144
20780,0.9101374254836119
20781,0.02889948475944323
20782,0.05748044186418781
20783,0.6766467928080496
20784,0.01095441302708014
20785,0.001988889309281397
20786,0.9924447936213305
20787,0.03458678811294409
20788,0.42552450165998185
20789,0.5962584376219283
20790,0.025728992409174558
20791,0.6986175270293875
20792,0.007329352616336905
20793,0.004715569636776681
20794,0.00247635884224106
20795,0.0485704157780098
20796,0.6435805279780539
20797,0.07948734380618101
20798,0.004881003550769489
20799,0.03329886136641233
20800,0.9187676893702205
20801,0.637962243759366
20802,0.3247645229759509
20803,0.9088041653727648
20804,0.07241224561673215
20805,0.04156933685525282
20806,0.3456036645074859
20807,0.012914486252464897
20808,0.013433307923173123
20809,0.27228799419312816
20810,0.10021504990463957
20811,0.11721420731823023
20812,0.09709059620204595
20813,0.022168624242737953
20814,0.05921601011257642
20815,0.7455439196266311
20816,0.1178516587854322
20817,0.001100978910021849
20818,0.0019125461098451098
20819,0.02770614884514224
20820,0.4141905788955614
20821,0.7378265769564899
20822,0.05380106701658042
20823,0.004515289824813476
20824,0.012435403845664163
20825,0.1795524846736949
20826,0.05126322194209588
20827,0.12199854950115689
20828,0.05700427883102663
20829,0.2992712861538487
20830,0.5934759877857554
20831,0.15918848843224637
20832,0.02521742727785735
20833,0.9097634976259601
20834,0.24477276934733683
20835,0.009022021317909712
20836,0.8773576146718646
20837,0.00391551206774972
20838,0.010795631239862272
20839,0.021790885783101295
20840,0.01153907074966711
20841,0.08420610982839466
20842,0.037560585018517556
20843,0.009033690671604349
20844,0.023896783775691634
20845,0.7483993339223179
20846,0.002296247572248507
20847,0.031308947440898606
20848,0.007594134079095591
20849,0.006670908743538214
20850,0.01409828932648036
20851,0.0531505520144213
20852,0.9490845508434423
20853,0.02957318375345753
20854,0.00628748539356118
20855,0.08658435459136361
20856,0.18327090085135334
20857,0.692788258347487
20858,0.9854591598107022
20859,0.01577685948560488
20860,0.11173785099609095
20861,0.016254573118438656
20862,0.22633514490738255
20863,0.3029178720612485
20864,0.023116286961553406
20865,0.04561938245502273
20866,0.01959864278464073
20867,0.005438303111806918
20868,0.954368034253737
20869,0.0035516877029485834
20870,0.005248385622130509
20871,0.005945589875120549
20872,0.010294933718884878
20873,0.01524768824202646
20874,0.9349442619971069
20875,0.275945361070878
20876,0.034987837040772664
20877,0.15117394868821704
20878,0.04029843051211733
20879,0.0032444488070674914
20880,0.012085554673437702
20881,0.06522038379785286
20882,0.6546812299474857
20883,0.010801609730941287
20884,0.005893238276135555
20885,0.016557714764387277
20886,0.028578788353638824
20887,0.0026543906615860485
20888,0.09422338853338398
20889,0.026846887025515055
20890,0.10917656606980777
20891,0.024069995699029227
20892,0.09025502491974303
20893,0.5993782368919831
20894,0.01877035011028843
20895,0.03853882756344389
20896,0.810800583633124
20897,0.0020253806147670795
20898,0.341103917437311
20899,0.18972144304588553
20900,0.039630951352857886
20901,0.01397205188128986
20902,0.1800505729870518
20903,0.7555124599321604
20904,0.01228751102757332
20905,0.03332843063644424
20906,0.11832459240030403
20907,0.012376744220561144
20908,0.0034085073543609224
20909,0.005108442275055623
20910,0.20873185547778753
20911,0.48453078630100294
20912,0.004359463845445102
20913,0.9357216806448109
20914,0.24640205787138658
20915,0.01541454908197863
20916,0.005231214135390511
20917,0.014937098518208517
20918,0.0377883528950692
20919,0.005639945949765534
20920,0.039951591632841225
20921,0.0030158270980583835
20922,0.915211994358152
20923,0.0060195210910413055
20924,0.9588845077685305
20925,0.047497595499016686
20926,0.9921997743290388
20927,0.010192157406458928
20928,0.10175046871679409
20929,0.49075083594928787
20930,0.013383696828359496
20931,0.013709486888189203
20932,0.009774772812248934
20933,0.0038981646106969288
20934,0.027786919610939324
20935,0.045139005527561754
20936,0.9268033766780385
20937,0.005719427381818619
20938,0.028560543243082083
20939,0.007965884380305426
20940,0.38906485214461256
20941,0.0051389593266038215
20942,0.021109968035593167
20943,0.21450594203549173
20944,0.8927724396894299
20945,0.011960370345184086
20946,0.9531312022211424
20947,0.008904136433900891
20948,0.030398184305276268
20949,0.11577924346812103
20950,0.011723211864067554
20951,0.028282335582111268
20952,0.830252142298057
20953,0.05167897068672031
20954,0.0356151042644843
20955,0.016965081085709224
20956,0.012986198077001267
20957,0.014122713855193253
20958,0.018407406540271204
20959,0.7942681017289934
20960,0.08788164284708647
20961,0.0260062644810634
20962,0.06263820224749975
20963,0.004347866412275427
20964,0.0742343931714617
20965,0.013621362925270827
20966,0.15799851107778212
20967,0.1902056335751589
20968,0.04133032703304333
20969,0.006011517221335667
20970,0.009751733951706573
20971,0.01932136877872661
20972,0.010780491254364496
20973,0.009585680464169966
20974,0.0018151880287598555
20975,0.24015945211461304
20976,0.017074764620476034
20977,0.32423017688848915
20978,0.09282122459787119
20979,0.018491050283715928
20980,0.20803266163869974
20981,0.024075115583494563
20982,0.009033036592764662
20983,0.012180593748774296
20984,0.01110855467444651
20985,0.014157434073447226
20986,0.1271402168914663
20987,0.9871577231826687
20988,0.8581658523060123
20989,0.13811808518838536
20990,0.7837327203426208
20991,0.9715742680710425
20992,0.40047035572588413
20993,0.002440764513716141
20994,0.03530953740087609
20995,0.05691540861062811
20996,0.01181482953959554
20997,0.12574782573753404
20998,0.1151962864450535
20999,0.0038812541880179304
21000,0.988532849085877
21001,0.006738516042184931
21002,0.8189402695479664
21003,0.00755861070272265
21004,0.7659830022964415
21005,0.01671687280537598
21006,0.9452959479277822
21007,0.00410112230631947
21008,0.01454578867179525
21009,0.07779090837335723
21010,0.9601272069837007
21011,0.044542242915481436
21012,0.011446232060738321
21013,0.006996253428431011
21014,0.16655442727589764
21015,0.11208159608662696
21016,0.09555331917261874
21017,0.0024030948557560348
21018,0.0035188202796327585
21019,0.04470457469991804
21020,0.02086862348264688
21021,0.0282759542898576
21022,0.923255970875498
21023,0.012875323628557924
21024,0.7388658075514706
21025,0.08305678663447537
21026,0.187856556572008
21027,0.9780033877682889
21028,0.7547324021598915
21029,0.02349211019933697
21030,0.0763992940824698
21031,0.6284157580307149
21032,0.04636127266506567
21033,0.9240514376093347
21034,0.97011047839604
21035,0.028088094638761295
21036,0.9158350361263041
21037,0.5208817203555244
21038,0.014949931533175486
21039,0.967034112131634
21040,0.008980221730990048
21041,0.14572712824673584
21042,0.12535014218044013
21043,0.014231090435151965
21044,0.775730500879963
21045,0.02796037998333707
21046,0.2444106651424792
21047,0.9527205163753563
21048,0.013325823626259729
21049,0.9697701011894272
21050,0.014628053251002035
21051,0.1932899720974319
21052,0.009854506526431024
21053,0.04170387219495923
21054,0.7021586224995259
21055,0.016812006877567533
21056,0.039958622140183905
21057,0.9845447308741627
21058,0.011097067445963836
21059,0.8939440453856419
21060,0.7725380575839444
21061,0.1346953464543001
21062,0.004110530799713377
21063,0.011444440504816362
21064,0.5486387676866629
21065,0.1869733658948943
21066,0.0019872902962434734
21067,0.0027144056418424533
21068,0.14321417092059813
21069,0.05628123889369036
21070,0.045688174816071674
21071,0.6871489136659784
21072,0.00708074533757329
21073,0.1769823712835366
21074,0.009652808426761876
21075,0.043835708878907836
21076,0.013252774375211487
21077,0.13190709393759734
21078,0.30199586446856913
21079,0.9075841892986863
21080,0.04070636820686919
21081,0.9882481124584086
21082,0.04652916877401128
21083,0.011316276202986628
21084,0.5699872942123909
21085,0.003741500658448853
21086,0.1137484179021601
21087,0.06223264157749048
21088,0.1682470650619198
21089,0.24106523610805566
21090,0.09210411469462049
21091,0.005480340566036209
21092,0.3284808333742993
21093,0.004783302302163023
21094,0.00920785382341081
21095,0.011789358083871335
21096,0.002289721529281699
21097,0.016871583941473086
21098,0.032714165103014406
21099,0.04760166911852884
21100,0.025740656492903916
21101,0.010809718495309541
21102,0.0039024812384755724
21103,0.032173298796602065
21104,0.11192661517466433
21105,0.004917756642470301
21106,0.7615088642306043
21107,0.0305375873178189
21108,0.28688786617158046
21109,0.9299308487533041
21110,0.8264959841856963
21111,0.9948409600227182
21112,0.001593177268310827
21113,0.016050079095968454
21114,0.9450540232593796
21115,0.2122824066020359
21116,0.9779173609865959
21117,0.10662519477352829
21118,0.005660182616717109
21119,0.9340978896408868
21120,0.0013069343328265001
21121,0.2611549988236678
21122,0.02362281937817416
21123,0.08578551727273724
21124,0.011830127800680152
21125,0.04663824109850501
21126,0.006854327203881022
21127,0.026317774988490205
21128,0.002532227909585836
21129,0.025112688118839557
21130,0.7712463088226338
21131,0.49791137652127776
21132,0.16289222349799387
21133,0.026853554115140465
21134,0.01111642516889382
21135,0.9359343367399935
21136,0.02879710567770014
21137,0.0023278723922166397
21138,0.013273043065136587
21139,0.036798190697329
21140,0.7412265709765047
21141,0.010016629600943508
21142,0.012143441986603961
21143,0.028461619288798916
21144,0.004821565967814951
21145,0.01589065160861504
21146,0.06397499385302395
21147,0.6992688180066315
21148,0.32126791443994374
21149,0.011468615936859031
21150,0.008786391417758907
21151,0.8765472456414939
21152,0.015156310619915368
21153,0.6566691864033322
21154,0.012983791591422248
21155,0.020298196668197387
21156,0.7331044072595145
21157,0.03952544040240554
21158,0.22555233824739362
21159,0.03558122744989607
21160,0.011868537612409883
21161,0.0021282034204279307
21162,0.0421781552540504
21163,0.8920785932021446
21164,0.007292713631906139
21165,0.15126002941073616
21166,0.9724955243082062
21167,0.025202121642251742
21168,0.009274047109957807
21169,0.40765690261632176
21170,0.6759170503899176
21171,0.17249434230524768
21172,0.10786304057746672
21173,0.003932841695660624
21174,0.9882261876308742
21175,0.3777530762673044
21176,0.008127674348077036
21177,0.792446721466437
21178,0.5909695697986641
21179,0.003932108150453412
21180,0.9460294741619613
21181,0.03333681079830846
21182,0.0026213570337079513
21183,0.027385919769731877
21184,0.7130105048687423
21185,0.14571611755349947
21186,0.007794199975083071
21187,0.007721374394369224
21188,0.0055648023286389466
21189,0.0019701369830126304
21190,0.01529556770699528
21191,0.896151295052269
21192,0.05448005960379166
21193,0.2546425053551356
21194,0.9895026660120189
21195,0.028955193542963657
21196,0.08147286277591484
21197,0.0071167091265633
21198,0.00702802265239611
21199,0.49850800744050794
21200,0.007654488809142318
21201,0.03361183214429844
21202,0.0066838257073634786
21203,0.08515562405509139
21204,0.009501711928138085
21205,0.0036417534523669483
21206,0.959287949448227
21207,0.005774490180007395
21208,0.025115318685492986
21209,0.9475480674963506
21210,0.34842449195297664
21211,0.951237319583837
21212,0.010639637679750966
21213,0.8877329379081579
21214,0.11849629744726875
21215,0.03890523630662314
21216,0.4755484298912794
21217,0.1462785897479705
21218,0.0035500719351228014
21219,0.011076399202276814
21220,0.2680521668759898
21221,0.014438264018814187
21222,0.004102088317753582
21223,0.05218005638494086
21224,0.3939252303358619
21225,0.007190708982674019
21226,0.3083444358325324
21227,0.006356613220094857
21228,0.9200887434829883
21229,0.950236812524209
21230,0.17254562468605905
21231,0.8261305015844772
21232,0.09571279410997065
21233,0.20941284701897495
21234,0.015831079264432994
21235,0.6982167137883113
21236,0.7786604989633114
21237,0.0038651813330907994
21238,0.00927789905605174
21239,0.01232400768521416
21240,0.005367473146625904
21241,0.31820688373207145
21242,0.9561129316578404
21243,0.31325616207437
21244,0.03001778257369724
21245,0.9780869230786674
21246,0.0017140578081910336
21247,0.009929891559242992
21248,0.01919960785067138
21249,0.9854597189085608
21250,0.0037267284441305395
21251,0.012951432247495386
21252,0.08044661329589269
21253,0.013686473351597301
21254,0.01508163260775763
21255,0.021917791290975888
21256,0.048559839158415476
21257,0.8105475847067032
21258,0.1363833281445682
21259,0.019093532803241595
21260,0.1122103475233943
21261,0.03192865347629995
21262,0.011753120415250238
21263,0.16170800891490258
21264,0.0028724701853994733
21265,0.02087072285221117
21266,0.0038918302234783814
21267,0.062143948895460446
21268,0.973323764175666
21269,0.25991079047157806
21270,0.2560584252771652
21271,0.0749332095823604
21272,0.14470054547375696
21273,0.007708217576792023
21274,0.005897425153106082
21275,0.10803979788773757
21276,0.007157261614835596
21277,0.009700839993178825
21278,0.711834232957127
21279,0.234927629370298
21280,0.11611065144334559
21281,0.0025917079011102875
21282,0.4084401269407848
21283,0.23630611719058806
21284,0.9674923569523636
21285,0.016219210061865733
21286,0.3585389607369612
21287,0.002949075121295808
21288,0.013028735457470492
21289,0.008086842217278905
21290,0.495194065746833
21291,0.0021657045337627238
21292,0.9890555001150948
21293,0.02492463359469121
21294,0.1107947819760548
21295,0.22661981129968822
21296,0.0031983468340495754
21297,0.9900469320882189
21298,0.18854129153142776
21299,0.46144200908820354
21300,0.0927847438189292
21301,0.941784807089384
21302,0.9861538514359215
21303,0.0022242806714069074
21304,0.0041087524246898295
21305,0.024083678325251854
21306,0.014059223093729267
21307,0.001763312409348764
21308,0.05986625023228057
21309,0.05596954565389864
21310,0.0034069570506041215
21311,0.10191923425490781
21312,0.588519879064992
21313,0.010429023684763577
21314,0.115072246231664
21315,0.06302042550724424
21316,0.5396409236186132
21317,0.22559956611592472
21318,0.8019161918711666
21319,0.009595820967303326
21320,0.024743338253778283
21321,0.003973815074731056
21322,0.03667812574595249
21323,0.9884581066770369
21324,0.014991946108220624
21325,0.026642269020816962
21326,0.8255729575388007
21327,0.002392310788988422
21328,0.01022846462379259
21329,0.017486402335028326
21330,0.0028981836105761443
21331,0.0052954806938345115
21332,0.2300846841871822
21333,0.003047249731389914
21334,0.9435305782774923
21335,0.48519547370343785
21336,0.01285198521044263
21337,0.3467867590688268
21338,0.8505987631781217
21339,0.1293167747884008
21340,0.010363506325907268
21341,0.014253752918492645
21342,0.06635042961774587
21343,0.03805765163139757
21344,0.0066110968194616135
21345,0.006766818893982522
21346,0.004251272290324459
21347,0.016977327956629353
21348,0.9963078297621721
21349,0.0011935411387648965
21350,0.014255469715777567
21351,0.9495426739550525
21352,0.0028190289582415394
21353,0.931596186393797
21354,0.005719567483150678
21355,0.031411003628507066
21356,0.0083048174183035
21357,0.0070313098274793285
21358,0.5352758345557708
21359,0.9262935284405047
21360,0.22971798643369368
21361,0.9973768601944225
21362,0.017773843365555844
21363,0.07672564870919119
21364,0.005284450237471101
21365,0.016500454401184233
21366,0.014497649081512624
21367,0.6608674428028686
21368,0.9930013469404408
21369,0.009325228392329996
21370,0.7932306602731516
21371,0.9806513354003537
21372,0.005474582754608623
21373,0.004037428365219312
21374,0.018230951001556115
21375,0.014561691133461462
21376,0.5177965591851944
21377,0.2723148965465438
21378,0.8762569376662244
21379,0.13193205376981768
21380,0.7114834340021636
21381,0.01102394906620547
21382,0.04708889378214222
21383,0.005435431849852871
21384,0.0013213606319609661
21385,0.1697895284952407
21386,0.9899799960897289
21387,0.10051469225189344
21388,0.3189918183785858
21389,0.023061682907234694
21390,0.0025219808340775293
21391,0.01406165156641761
21392,0.006811363637367345
21393,0.009470359576236485
21394,0.05969221923478489
21395,0.6956804641416782
21396,0.17422200810838687
21397,0.9612357741631581
21398,0.0022579222993084755
21399,0.05576966283083542
21400,0.7959138016552589
21401,0.003417032508459976
21402,0.0076132167371123485
21403,0.03689786606233741
21404,0.01914193532577537
21405,0.005592713625720631
21406,0.0034988246937585057
21407,0.0404762836395619
21408,0.018897213488233287
21409,0.02262629979829813
21410,0.05650285753379869
21411,0.323177652684784
21412,0.06067640334290168
21413,0.00569525750805885
21414,0.018621533614653598
21415,0.01262741311562668
21416,0.06542541219062561
21417,0.08296991916887528
21418,0.013237414018297589
21419,0.013594358227780667
21420,0.004523889121144424
21421,0.5206323681753189
21422,0.10061910621733572
21423,0.007173300038818732
21424,0.17004309532261835
21425,0.4630492801299583
21426,0.3431292391680188
21427,0.062041876852535566
21428,0.025499525036450317
21429,0.6591799241623539
21430,0.012345110691096983
21431,0.09653388775329672
21432,0.46286624861198805
21433,0.005394724047325321
21434,0.006553080454604981
21435,0.0035814558906357304
21436,0.1795541573358248
21437,0.20285373741726775
21438,0.005774405515144758
21439,0.45634291857546444
21440,0.014575859753623957
21441,0.011232833947070737
21442,0.009390966663194607
21443,0.02136448611906361
21444,0.00396343794859249
21445,0.10027571810744369
21446,0.006690364991783975
21447,0.00976470753127317
21448,0.08299291028045813
21449,0.0187287109319535
21450,0.06843877626539023
21451,0.7714756090634902
21452,0.6141500416349925
21453,0.15583805577343876
21454,0.025093943331225454
21455,0.5630589760614948
21456,0.08230092045692124
21457,0.010181539832529502
21458,0.6924739331827369
21459,0.15829360116682475
21460,0.006294093326613735
21461,0.009958030867353362
21462,0.9241169797717639
21463,0.005085380217129009
21464,0.06718013674383479
21465,0.21538657686436904
21466,0.042193326021512496
21467,0.7436595124085397
21468,0.009671586242148743
21469,0.030776098431307037
21470,0.23654851706910446
21471,0.01632666398306985
21472,0.5868996078305949
21473,0.006924491824206366
21474,0.9617252859500134
21475,0.015097640771318841
21476,0.0037184834569129483
21477,0.010109710522028168
21478,0.013950474355181935
21479,0.8943708930184328
21480,0.016922786496390615
21481,0.00436194473073463
21482,0.018054836063122377
21483,0.7578980634685136
21484,0.04021015467987711
21485,0.05640242709036862
21486,0.02675215571887183
21487,0.0453379728267798
21488,0.7402071828233202
21489,0.024113778264157896
21490,0.00705035300446958
21491,0.004260097460778085
21492,0.044312573080168824
21493,0.33452840546450363
21494,0.03334430254880806
21495,0.08718772840214725
21496,0.012711247170670095
21497,0.0076418191470796456
21498,0.012332500984212217
21499,0.3550845521076949
21500,0.12847065397591503
21501,0.03086392889151538
21502,0.04507726532759301
21503,0.12608379833982747
21504,0.0643662497649418
21505,0.5992848567241893
21506,0.019184566872992602
21507,0.01792793368720213
21508,0.6611727554256752
21509,0.0027407883967167862
21510,0.6330352172940917
21511,0.7120979191968929
21512,0.011268878810604855
21513,0.060094498360573394
21514,0.008382692138852376
21515,0.07207200881860058
21516,0.4000981524623072
21517,0.07342690295123351
21518,0.004284035246421517
21519,0.00885727512087291
21520,0.008829514216775984
21521,0.020204496456955153
21522,0.012542191945302003
21523,0.020184710750137176
21524,0.0032529823295271263
21525,0.05261875710081912
21526,0.8313392329650202
21527,0.0030032608501105534
21528,0.006325444428026682
21529,0.010764332332406807
21530,0.24742459175056633
21531,0.3544720950458664
21532,0.7611426090489473
21533,0.003438750006450206
21534,0.02640747684568568
21535,0.2825402979859295
21536,0.8149659413176605
21537,0.2860618755865105
21538,0.00318951639298781
21539,0.6296735292639344
21540,0.021078234071697323
21541,0.23618877001109176
21542,0.21671388780520556
21543,0.4916120512785882
21544,0.04799418553000009
21545,0.9811856207607004
21546,0.2787178842872555
21547,0.003153291621097281
21548,0.032998653595262405
21549,0.07355266889253528
21550,0.9519585485239479
21551,0.1452632289069877
21552,0.04713400381167992
21553,0.010449301441356175
21554,0.006390748991089075
21555,0.19093611203124247
21556,0.0648893673847043
21557,0.023081157904792766
21558,0.07840710284363182
21559,0.9367309183639828
21560,0.003413918854498159
21561,0.012876649255488929
21562,0.018334731560870274
21563,0.028818419634529066
21564,0.00269784955005216
21565,0.00792301514987662
21566,0.13121179684495624
21567,0.0024488977125435565
21568,0.1057146309989685
21569,0.020854567549415934
21570,0.6004709974134863
21571,0.010783491449771783
21572,0.6134614593315585
21573,0.030041973909316847
21574,0.002720123136410017
21575,0.9067039940644643
21576,0.5314328089666344
21577,0.10992321780187243
21578,0.07574750788599838
21579,0.0129862259510751
21580,0.013176442232207434
21581,0.3318098578352064
21582,0.019764055554504837
21583,0.4275070536221582
21584,0.01507511267881784
21585,0.18769695188998925
21586,0.7698218931146448
21587,0.0146099532534531
21588,0.47162223830613453
21589,0.01267610418616369
21590,0.2644067291009729
21591,0.08667228523971379
21592,0.010382542295790989
21593,0.9420490353806663
21594,0.009553874403651092
21595,0.013598002736515813
21596,0.07359054528491948
21597,0.14198296998480278
21598,0.8967911028188388
21599,0.0020185264353358495
21600,0.6587912551054456
21601,0.11779401420907805
21602,0.17656134401151152
21603,0.9633019017723423
21604,0.023119292177659498
21605,0.06982001867496392
21606,0.005123133782970169
21607,0.01906898266713133
21608,0.053508406813385055
21609,0.4429660569544304
21610,0.07065793672020225
21611,0.17066591008571946
21612,0.022744403665101737
21613,0.009432098838316541
21614,0.4221029092517682
21615,0.018464738881590368
21616,0.17988994333407418
21617,0.8125049620384811
21618,0.013324290128040123
21619,0.5832811160954182
21620,0.010571197399886097
21621,0.01330026827983155
21622,0.769850307149296
21623,0.027580217598464137
21624,0.40036801894572005
21625,0.4719483991429972
21626,0.39695532568811853
21627,0.48695127963742224
21628,0.08042561225563027
21629,0.03532636340876501
21630,0.00405684101664564
21631,0.021794328338741602
21632,0.9488185917954536
21633,0.02707918693316767
21634,0.18888612588424336
21635,0.002655151511437399
21636,0.07228300738829173
21637,0.009613561841303887
21638,0.06918591483362062
21639,0.9861331434725217
21640,0.8026887888503522
21641,0.1376451439724174
21642,0.02683082813634904
21643,0.02714403441239415
21644,0.008484607688189039
21645,0.011405105755867907
21646,0.20508286741737705
21647,0.025158189760220273
21648,0.9965300639216493
21649,0.044024184865054404
21650,0.044611210798228974
21651,0.2436292522963231
21652,0.005145395016500889
21653,0.1752409540959803
21654,0.006782013384420959
21655,0.02544941374436251
21656,0.017941736709657364
21657,0.029389663798621752
21658,0.012420935321596832
21659,0.0010160822718422607
21660,0.0745816743482846
21661,0.05140488807501793
21662,0.559817617844478
21663,0.10005598941804698
21664,0.36047690262901066
21665,0.004507604826315179
21666,0.18350975750057452
21667,0.00831116723766672
21668,0.0046288151019127565
21669,0.04781861909716103
21670,0.6429301634838446
21671,0.010548309900834005
21672,0.21231776374492628
21673,0.34206698455693374
21674,0.00933914767335834
21675,0.8026312886723034
21676,0.04624510424089308
21677,0.015560635559520383
21678,0.23719541850067885
21679,0.0025752102404030717
21680,0.4220690916180654
21681,0.009379163640969369
21682,0.00453196915895398
21683,0.2124066526510339
21684,0.43545682823951254
21685,0.49191474241429245
21686,0.009943968171662538
21687,0.0027524288956556555
21688,0.008511240276636443
21689,0.49707102487007343
21690,0.7886462656245283
21691,0.00975900512456973
21692,0.3413219227473141
21693,0.005163857260318573
21694,0.2961706581650436
21695,0.007419020915062181
21696,0.012808901939544455
21697,0.017396668484838423
21698,0.008152131533936015
21699,0.01769483900278325
21700,0.8107951317157471
21701,0.1033643551597096
21702,0.16666112776228648
21703,0.015323588096648987
21704,0.34786221496344577
21705,0.07038609512365578
21706,0.2499266327603909
21707,0.02617554760941116
21708,0.007722439464680928
21709,0.0796085886282371
21710,0.01833879401205585
21711,0.0843136331269406
21712,0.012686885499264574
21713,0.7734971413806061
21714,0.19474461652169703
21715,0.00890928365397137
21716,0.956061196230335
21717,0.0066626592913811775
21718,0.22104201437580986
21719,0.9664497562972453
21720,0.04979038007933952
21721,0.01667889019252236
21722,0.0423943760410306
21723,0.03239130519018317
21724,0.6375179939794066
21725,0.0111090406778106
21726,0.20492231909233044
21727,0.0024995399948700226
21728,0.011675518449359571
21729,0.028189983533452315
21730,0.007708217576792023
21731,0.7909476696860426
21732,0.004049007762667994
21733,0.018034459230147765
21734,0.4743760859019441
21735,0.07370647063503438
21736,0.7342857338768477
21737,0.007628564319554182
21738,0.04365160534790707
21739,0.06421949201626556
21740,0.9169768081303181
21741,0.003970245885051802
21742,0.007937083296135941
21743,0.7487311803599944
21744,0.45816778914674455
21745,0.06153464559531942
21746,0.024887560192542107
21747,0.5142873107280568
21748,0.023249350023402535
21749,0.0025821397606824647
21750,0.022198184842428956
21751,0.011460210844876752
21752,0.2249505673481172
21753,0.04930629651062912
21754,0.9550194589773306
21755,0.00581597924785862
21756,0.1946634675954414
21757,0.0034357207097330585
21758,0.6838625139440083
21759,0.02400979643444773
21760,0.05042100837314623
21761,0.9350170144472943
21762,0.02761188390642941
21763,0.003760717138366951
21764,0.9805122134984252
21765,0.005806781352870715
21766,0.9411002649644753
21767,0.06214792421546289
21768,0.9396219560479374
21769,0.31077075677520744
21770,0.023557187683609784
21771,0.059505650967225196
21772,0.0067125756382751195
21773,0.008263771902309728
21774,0.007594917471240733
21775,0.6088537086667017
21776,0.023414550160746925
21777,0.024153256280662727
21778,0.02000028815718851
21779,0.031110603978970402
21780,0.6851128275107675
21781,0.0057579497401631825
21782,0.8983546099097035
21783,0.015484490219531593
21784,0.00926901716684685
21785,0.03255575501479072
21786,0.4302427319586854
21787,0.0032255327990681117
21788,0.00474648532880238
21789,0.04453895880157266
21790,0.010475739131155178
21791,0.008558705599833228
21792,0.3868276712792043
21793,0.9022574633367431
21794,0.42886833153877757
21795,0.0030962969387235218
21796,0.4874268613582601
21797,0.9865647686756238
21798,0.035625803156027466
21799,0.967139806791816
21800,0.7324877675322172
21801,0.035070547957312764
21802,0.010932147661779258
21803,0.24406037134175626
21804,0.4368472090092459
21805,0.9415995750580863
21806,0.2461338716041269
21807,0.005681930856645155
21808,0.9608466031300678
21809,0.9205191042150374
21810,0.0059915965194624644
21811,0.9009618604746134
21812,0.0011897000201536129
21813,0.010922814901536283
21814,0.9359895054993612
21815,0.758798232243699
21816,0.8453406390885009
21817,0.3806690942214576
21818,0.3797311535952031
21819,0.005107928343389425
21820,0.007468897307530183
21821,0.14147274616586394
21822,0.023069601082175338
21823,0.03296775672733499
21824,0.003463963746747528
21825,0.026625107242874424
21826,0.006668354539545623
21827,0.8624478383168748
21828,0.9945687905081751
21829,0.0025530063355277783
21830,0.005441209411714849
21831,0.029820481372228404
21832,0.008356404049603574
21833,0.25692858466200075
21834,0.46838084812281106
21835,0.181116612228618
21836,0.833798456514689
21837,0.1007947620606525
21838,0.0032064337541171505
21839,0.1602708404346752
21840,0.0018555873669780704
21841,0.07516699231830286
21842,0.8133390926179606
21843,0.23846753880698948
21844,0.6193016514222422
21845,0.008558220526739525
21846,0.0028094397961359965
21847,0.01557776907684482
21848,0.009318106458334858
21849,0.9918294860239502
21850,0.00348206592027589
21851,0.23585526392007616
21852,0.963612296683082
21853,0.044105828425847184
21854,0.02805707616233605
21855,0.01258394975929995
21856,0.019401126312206328
21857,0.008759564952887499
21858,0.016004022736295375
21859,0.00818951140714942
21860,0.44051571144805995
21861,0.0030096381687208544
21862,0.0026574098505556536
21863,0.0033007934945588568
21864,0.0038698511699841124
21865,0.007648120197641956
21866,0.9415579624414827
21867,0.0018148625036433878
21868,0.00428280003361961
21869,0.27551860046902465
21870,0.0023069829367554215
21871,0.23424729359531538
21872,0.002398378536030018
21873,0.05288645411280625
21874,0.01732734491054098
21875,0.004467349807782736
21876,0.8144942781105954
21877,0.04053218445742162
21878,0.45871177507046074
21879,0.6634168633096226
21880,0.002658103787997793
21881,0.11872973975707878
21882,0.009289190493011058
21883,0.0034841407020977985
21884,0.9662102535265399
21885,0.005868963012115644
21886,0.008661151148963129
21887,0.6026209808554172
21888,0.1323665536280699
21889,0.00845012730129547
21890,0.8908523165377398
21891,0.009560104354535193
21892,0.8274307418310277
21893,0.024696897589609197
21894,0.9688138774044817
21895,0.046591342762137555
21896,0.005341260138791359
21897,0.008793197626293983
21898,0.6387504434750915
21899,0.8231784612867604
21900,0.012439205347321463
21901,0.007817112336506752
21902,0.047795503171268405
21903,0.00944936935263657
21904,0.04688674744646711
21905,0.0016426817668579463
21906,0.08600385132344911
21907,0.10920706388799954
21908,0.0632082658715027
21909,0.8990798843117213
21910,0.052059410245081573
21911,0.04084836517747132
21912,0.002692189224366559
21913,0.016212198529868188
21914,0.013664329227086484
21915,0.030488601730770077
21916,0.18669080457158604
21917,0.013664194208174434
21918,0.053939502405329506
21919,0.08074919195996229
21920,0.3540477280711952
21921,0.13983649071603527
21922,0.05846706883479781
21923,0.25446973540602424
21924,0.009809246772574855
21925,0.0652298200137578
21926,0.0043757269814050015
21927,0.022834544576634915
21928,0.020509590649717666
21929,0.11568049219364462
21930,0.026545744834394085
21931,0.03607020479077202
21932,0.9241332746656991
21933,0.0029897359635507187
21934,0.006273790284465195
21935,0.012864316268315062
21936,0.8670660633075306
21937,0.014475757198975765
21938,0.0019070429941794294
21939,0.0218138818574419
21940,0.04025830431404615
21941,0.0056668619266579115
21942,0.2312543185279075
21943,0.002839771075435406
21944,0.0025701867460714034
21945,0.00242000608174055
21946,0.020197041867399686
21947,0.007186360196057858
21948,0.025278954491521146
21949,0.005009793967894291
21950,0.03465508531937403
21951,0.004425183924675311
21952,0.023767572971388297
21953,0.8266356498390595
21954,0.1577490102679873
21955,0.6959482905366298
21956,0.37928285505727505
21957,0.026628728890259787
21958,0.04384096968257036
21959,0.9209926140910674
21960,0.037022536405702515
21961,0.03528305715788908
21962,0.002087996782584936
21963,0.06995109252638414
21964,0.08503263489299676
21965,0.005226040364261072
21966,0.2185722384266578
21967,0.0159395845365402
21968,0.3259480033549057
21969,0.009949156770960404
21970,0.9830681835319858
21971,0.8266362285393589
21972,0.20584766830738793
21973,0.09139311722491957
21974,0.6032998368542654
21975,0.013472749973212206
21976,0.007452001558636715
21977,0.03526136939333666
21978,0.10070653109317043
21979,0.00905478686207048
21980,0.011915888256768986
21981,0.13474325408340548
21982,0.4324557141326942
21983,0.023442522989409593
21984,0.17246424319507073
21985,0.9843687429667499
21986,0.9887634624126338
21987,0.9897727598493339
21988,0.0032386374450358514
21989,0.03941700850008611
21990,0.06089737887165733
21991,0.0034886559994199554
21992,0.0022882782106779533
21993,0.003140949749471449
21994,0.04944479363361844
21995,0.035054292413980184
21996,0.05626984072273675
21997,0.009742873418997336
21998,0.25972807311387214
21999,0.5595440493452869
22000,0.0024968991978543817
22001,0.4588289564593329
22002,0.566222934475744
22003,0.009019647342514916
22004,0.010532832995011373
22005,0.22385479203082553
22006,0.9616717570174399
22007,0.626322750864862
22008,0.32093674102329584
22009,0.004000414775799845
22010,0.1490249999093179
22011,0.9720562451344988
22012,0.004914732569654002
22013,0.32979042701875566
22014,0.004935331634311152
22015,0.011379116588853285
22016,0.01749226065577754
22017,0.05089120369717702
22018,0.055193572836037263
22019,0.07003637374171312
22020,0.05387008216557413
22021,0.06296542409677237
22022,0.8085993536343674
22023,0.03760650152973298
22024,0.016964512466548686
22025,0.01814236023405042
22026,0.8476271147105493
22027,0.1259895984693261
22028,0.06643338649358418
22029,0.005638796293750035
22030,0.010480654512149258
22031,0.002721780177163663
22032,0.0951620307995983
22033,0.11721477703252331
22034,0.38002809639179314
22035,0.19633374092285338
22036,0.11976347971037997
22037,0.1416049920786616
22038,0.052494230572958656
22039,0.0658382563069704
22040,0.01604904839921972
22041,0.3270172086707966
22042,0.005648251751583454
22043,0.04519300725454373
22044,0.0741095796377302
22045,0.0897081963799331
22046,0.028408125104976256
22047,0.5810449072812756
22048,0.028183082343535396
22049,0.016571847239453673
22050,0.05173974702146101
22051,0.01493308013465133
22052,0.014422496072951778
22053,0.01694218975969575
22054,0.208380142531008
22055,0.105931144261598
22056,0.26308815355612497
22057,0.602948564400668
22058,0.038473232238296795
22059,0.6345188395107463
22060,0.00292968139542713
22061,0.20235105402203366
22062,0.02226754744750869
22063,0.43622756861664647
22064,0.02880359746114603
22065,0.01574831559963655
22066,0.48828970307472386
22067,0.030809948336681655
22068,0.026792142712626144
22069,0.002921972911343595
22070,0.26494581241107146
22071,0.01059646686064128
22072,0.03556096087558221
22073,0.005917599170895217
22074,0.7973792608353604
22075,0.9945813215806525
22076,0.009172625887297992
22077,0.04477646180353792
22078,0.03654535891925927
22079,0.0035664954228897057
22080,0.11100178244791833
22081,0.006196419417656152
22082,0.976568273765776
22083,0.8628581190321074
22084,0.002664606968788764
22085,0.686729981789181
22086,0.006564965883220216
22087,0.0032587842850418515
22088,0.005515429288006933
22089,0.0028299999855952314
22090,0.006509485040582191
22091,0.019049818944936618
22092,0.0025801542830383695
22093,0.18555613478262564
22094,0.14122992842512141
22095,0.009848652218832918
22096,0.003935936989476054
22097,0.7329819252202225
22098,0.3127553097077981
22099,0.010710917486431153
22100,0.03369996340654611
22101,0.005674548545541574
22102,0.006459714351637383
22103,0.5056258955114447
22104,0.0028638510197653987
22105,0.0023344966258216256
22106,0.023592840820560068
22107,0.0793279382530534
22108,0.7220197031835964
22109,0.13425936033970565
22110,0.02117625303295265
22111,0.2636696035009537
22112,0.014543661173736705
22113,0.9304579769006319
22114,0.05813214808285972
22115,0.6827477846065392
22116,0.02523647047196061
22117,0.17394855244626875
22118,0.1020690697584904
22119,0.0040231228811565605
22120,0.009592112486368778
22121,0.17534888520886086
22122,0.15911474131897638
22123,0.7256453924926966
22124,0.048393491563083604
22125,0.09956799178962918
22126,0.788302032513281
22127,0.9523695854271339
22128,0.01607353618911229
22129,0.22697530006640645
22130,0.014267575323423647
22131,0.06081855741405927
22132,0.03966505746326729
22133,0.032639972563186875
22134,0.20534943900131647
22135,0.12398433732507017
22136,0.0021823712357278706
22137,0.8838079282007271
22138,0.11284301344613426
22139,0.6251039671927419
22140,0.05621523338251862
22141,0.022663859016859196
22142,0.11371745674465687
22143,0.08276090819694969
22144,0.09246489347192509
22145,0.9348761225856905
22146,0.039689139998364785
22147,0.0875575944817551
22148,0.0026443210192185844
22149,0.0045055170930076134
22150,0.02441066535075593
22151,0.39491516513083624
22152,0.002994891110526955
22153,0.024407665757894312
22154,0.014664886039781775
22155,0.008545647665307956
22156,0.06281866242572166
22157,0.013395245744509555
22158,0.1796423806964991
22159,0.877115640744796
22160,0.02972297644560813
22161,0.0037677369615392543
22162,0.02368868557474945
22163,0.014110917416954295
22164,0.027427293702152897
22165,0.015511107809418561
22166,0.12287400972681335
22167,0.1762791131483646
22168,0.15925208642759464
22169,0.23452182572569977
22170,0.010644954206538266
22171,0.7877607155320953
22172,0.05173701005296109
22173,0.006012241060987795
22174,0.9604350383323593
22175,0.004588353564906304
22176,0.008530779270489309
22177,0.4826924160698633
22178,0.008843776875587399
22179,0.010528660421654892
22180,0.004806033050097899
22181,0.004815872790919435
22182,0.033393261887563454
22183,0.7187005432353751
22184,0.09144972298489283
22185,0.003937733573811945
22186,0.9838058343226643
22187,0.6710186339270154
22188,0.00782738098164475
22189,0.23200750183255728
22190,0.0019299018597290715
22191,0.7957738665034119
22192,0.3567780213350623
22193,0.5543642475225848
22194,0.0357694350846302
22195,0.012275263854715819
22196,0.025669422859070187
22197,0.20099892587199866
22198,0.1651517080001717
22199,0.02591084522855332
22200,0.90012741859441
22201,0.12209962893158989
22202,0.0038731933957379425
22203,0.009111860281769966
22204,0.015171427049585096
22205,0.10476346163105475
22206,0.11177422882028923
22207,0.8183265767870387
22208,0.008855790583403404
22209,0.2174928745933173
22210,0.01242919436673091
22211,0.7259290923925394
22212,0.010273179941205081
22213,0.015149135543662571
22214,0.036811000376658534
22215,0.005556135852122709
22216,0.8550921340745455
22217,0.0024715756070997573
22218,0.05099526264968536
22219,0.006995862557923324
22220,0.8465235850246051
22221,0.002291529087399321
22222,0.024380753337105505
22223,0.582651564500587
22224,0.05068587816041626
22225,0.04151892569074503
22226,0.002374531535890676
22227,0.004000663550369519
22228,0.8145256568292812
22229,0.010415692119734697
22230,0.8772368512114481
22231,0.5867160128822125
22232,0.09222917623150313
22233,0.011342820052940508
22234,0.09616752867922417
22235,0.0035988460838618066
22236,0.03913689283977275
22237,0.025664449312040333
22238,0.8885176845829695
22239,0.01575607509556434
22240,0.0044198065612861236
22241,0.03813059320077547
22242,0.13273390000310692
22243,0.017554115049119433
22244,0.002809582752315741
22245,0.014402051588769586
22246,0.3974821400146222
22247,0.020339850812386148
22248,0.040797246219604295
22249,0.06756117720632457
22250,0.028295570977936193
22251,0.00712296003239476
22252,0.9722103838334459
22253,0.08913917659049217
22254,0.039622023155679954
22255,0.0025396277331240216
22256,0.026351854030622682
22257,0.10158376138129485
22258,0.07115143784817865
22259,0.004361891771285618
22260,0.013248165213141781
22261,0.0032555405250103155
22262,0.6019641236761739
22263,0.9908924746231809
22264,0.006048753962369492
22265,0.0033504870655316097
22266,0.007172583204926728
22267,0.011528839780414569
22268,0.2753241899556443
22269,0.004466268673496174
22270,0.0036913684261091124
22271,0.008208761411455103
22272,0.0451310250440776
22273,0.5890336033731054
22274,0.023777808603675857
22275,0.5815132250371198
22276,0.1352585978320879
22277,0.9341035434697491
22278,0.01131518180455359
22279,0.004535055556792413
22280,0.9439346653312941
22281,0.4012551678006977
22282,0.524427903955815
22283,0.7324745251102488
22284,0.09438951504137769
22285,0.006294675811427094
22286,0.009178090752365215
22287,0.05637590708355687
22288,0.17709289559674798
22289,0.013413577440117086
22290,0.003297858141568661
22291,0.04651855321925512
22292,0.02327316321841308
22293,0.911978956120601
22294,0.01848439955658102
22295,0.19864941447824236
22296,0.9260092349894191
22297,0.9628811977469348
22298,0.9802646728709645
22299,0.05464482265074539
22300,0.017806484319232797
22301,0.021933181087002523
22302,0.08108261194356133
22303,0.6498819976130418
22304,0.00947983358924639
22305,0.05670230181250506
22306,0.031970474277502534
22307,0.0013602650171798325
22308,0.5244348567945061
22309,0.1338463186674029
22310,0.9212826302681083
22311,0.007413539536500199
22312,0.9740901839581192
22313,0.001990095382961625
22314,0.010576044187567867
22315,0.01744618919524266
22316,0.047002394410975416
22317,0.3171594022802827
22318,0.968442818333419
22319,0.21885381816289232
22320,0.26071260185107636
22321,0.005481738249858893
22322,0.019279368037843823
22323,0.0032856810597001957
22324,0.022155901493974717
22325,0.05046232772759557
22326,0.8240724556586173
22327,0.14297026651063535
22328,0.014941593528395023
22329,0.26538691139928905
22330,0.6810279512177801
22331,0.2292889103257409
22332,0.033325902383119686
22333,0.04410291134461758
22334,0.13578837652005
22335,0.08969473803540678
22336,0.22822150654124243
22337,0.024181347751944183
22338,0.0538177639778076
22339,0.36132788107608577
22340,0.046887669168214206
22341,0.011479193882963073
22342,0.02191703266980806
22343,0.007628808045219145
22344,0.03969349592057995
22345,0.013394063328909722
22346,0.6381012957884528
22347,0.6695753665315181
22348,0.8811201806147182
22349,0.9610381966264163
22350,0.051230178891262176
22351,0.06618030096109376
22352,0.06740043983976016
22353,0.005359402743391043
22354,0.01931474874092243
22355,0.20357699136168753
22356,0.6138413897042161
22357,0.0036857993244311348
22358,0.009573742429562503
22359,0.006949204360009791
22360,0.7330398551169703
22361,0.009815058224805799
22362,0.019953069267916526
22363,0.9119923307051147
22364,0.005814586792497104
22365,0.025586844151879434
22366,0.02561306756872022
22367,0.04565259429828262
22368,0.07464350718264653
22369,0.0074002795065439995
22370,0.024698269019107915
22371,0.9918951426777629
22372,0.9239984310269036
22373,0.1404357527602873
22374,0.9359918942954141
22375,0.20061763665248472
22376,0.6395321457264226
22377,0.010142608888346758
22378,0.5819596628518209
22379,0.8646644323037272
22380,0.026818406331265678
22381,0.9047352267401265
22382,0.04876504236565066
22383,0.9902589300443355
22384,0.04069514622437364
22385,0.7620548115444212
22386,0.09748282763172851
22387,0.9694841862096396
22388,0.018946759900134055
22389,0.3531023589484441
22390,0.02223136245347261
22391,0.00462012298591502
22392,0.027684948200324726
22393,0.4364244632211634
22394,0.9912419239980029
22395,0.08369685477290419
22396,0.04655517927166425
22397,0.7722207784492316
22398,0.0155221196399016
22399,0.472001596665575
22400,0.3408181038211053
22401,0.07281602113665565
22402,0.04387043305513466
22403,0.15110473435812669
22404,0.01868624385105821
22405,0.3282786388544456
22406,0.00639983274812328
22407,0.020327375958712802
22408,0.009683089602962647
22409,0.01926033982799
22410,0.36795226097643347
22411,0.5355440921655225
22412,0.7580173154052577
22413,0.009534578799026514
22414,0.017652909010860193
22415,0.13039738906674508
22416,0.005669211372295192
22417,0.3067526943323746
22418,0.7745712466989957
22419,0.04905088846172948
22420,0.6848084853438982
22421,0.9501018683709698
22422,0.32065067838071987
22423,0.004353938518615452
22424,0.011774137849927304
22425,0.8865965899951349
22426,0.44970374578390016
22427,0.022619691504681672
22428,0.4110290274314729
22429,0.04788751532833145
22430,0.9964510710132265
22431,0.024619468849253257
22432,0.758114083336864
22433,0.04726627005919545
22434,0.025439656641435684
22435,0.23369291888092056
22436,0.4187621710259169
22437,0.005566136097830935
22438,0.21027425281675727
22439,0.004234284226816037
22440,0.010288199623686248
22441,0.004401412650342438
22442,0.16084202456199126
22443,0.013420246961765202
22444,0.00607772694093186
22445,0.0027596112551862245
22446,0.04368308285811854
22447,0.0054940284160273755
22448,0.7546382553627922
22449,0.007856560546931464
22450,0.19844496360442215
22451,0.07487152156009674
22452,0.3009568491659295
22453,0.017285901860256955
22454,0.007336017574206514
22455,0.003870190319354836
22456,0.9655887353439028
22457,0.42558830915671303
22458,0.014094342137554517
22459,0.021815926947778005
22460,0.013157446467559156
22461,0.010834262250079144
22462,0.16108670012386508
22463,0.006589428319341281
22464,0.6141524991204207
22465,0.9317829748821261
22466,0.08089113613765188
22467,0.007766023542970897
22468,0.004855365434721141
22469,0.011095747497109646
22470,0.6496587893863925
22471,0.4262561070491465
22472,0.9434251222346054
22473,0.014812357356384993
22474,0.01367201523707391
22475,0.022211169771713737
22476,0.004084357900517816
22477,0.003303423158559679
22478,0.5419425532417733
22479,0.10879840923833799
22480,0.15312548885675026
22481,0.08906820785148845
22482,0.08579754711364586
22483,0.014394764297349868
22484,0.5432659370873677
22485,0.0032733849795561405
22486,0.6580210348923305
22487,0.9166986812986737
22488,0.944959086896224
22489,0.9943329869484283
22490,0.08653885616915682
22491,0.0023506910886882475
22492,0.06763787242246812
22493,0.022926007738158633
22494,0.23471598969184432
22495,0.27646445605266906
22496,0.032458633057972315
22497,0.004567417319698399
22498,0.13382730806127838
22499,0.004117477097732142
22500,0.005800252226752231
22501,0.002869944431540132
22502,0.003935892349124229
22503,0.006259717135968689
22504,0.050269343598917084
22505,0.00989587763177907
22506,0.9839856526241626
22507,0.14052200150686797
22508,0.009164845640672525
22509,0.9277680279560495
22510,0.015931824251958916
22511,0.8769895618699007
22512,0.01836749569493353
22513,0.007180215953940627
22514,0.11563433708236065
22515,0.6841410733454394
22516,0.005411349779837253
22517,0.7552595419083544
22518,0.016236314288822308
22519,0.003688733054820299
22520,0.9924933787755709
22521,0.009540977443693303
22522,0.006091078196833396
22523,0.3090895990371051
22524,0.07734117559981835
22525,0.06575400044747651
22526,0.018433780991181047
22527,0.9730752913754583
22528,0.0073244478717908994
22529,0.9408050508227362
22530,0.038977894371386615
22531,0.1384141828045619
22532,0.05091969063843812
22533,0.02734569020039061
22534,0.1555817610552884
22535,0.5132363731246897
22536,0.28095435717520756
22537,0.014807611070463978
22538,0.016786431363103878
22539,0.14831402934439453
22540,0.0023594349446507436
22541,0.0044273837209999846
22542,0.0124412086785047
22543,0.010125370917835642
22544,0.08490888840910278
22545,0.0038741254367696213
22546,0.6803734811635249
22547,0.007197874521376675
22548,0.6684326867376575
22549,0.008125659680126842
22550,0.1834799141156207
22551,0.7427149647108143
22552,0.06203555768199904
22553,0.024023479225920904
22554,0.8675148642526099
22555,0.6946611279366264
22556,0.0031540029324091706
22557,0.030316235150182436
22558,0.19568001265698848
22559,0.08313829853109196
22560,0.11173506405765742
22561,0.04078856882975212
22562,0.003463963746747528
22563,0.04981866215358709
22564,0.9914854145372188
22565,0.34445548867196396
22566,0.290428551408982
22567,0.00251905760800558
22568,0.12986426854574326
22569,0.02706687427635143
22570,0.012286315762603922
22571,0.12247885826678839
22572,0.030568374459887998
22573,0.13147816170127608
22574,0.002700805915030541
22575,0.5499987789931519
22576,0.8154809958660897
22577,0.18952871873873442
22578,0.14832401965524283
22579,0.002527629240009809
22580,0.4235080853049182
22581,0.002571463537020636
22582,0.5520130750788862
22583,0.4772448120949191
22584,0.9816019935632752
22585,0.04642285146744344
22586,0.012159433418403861
22587,0.00969554664121452
22588,0.027477703171056307
22589,0.07198564474439734
22590,0.9939285327847196
22591,0.012985587804045646
22592,0.004896215383819922
22593,0.018077353184628418
22594,0.11016529429096497
22595,0.5659804192862286
22596,0.1061291516938372
22597,0.4225430940716738
22598,0.23421778078336924
22599,0.06992978183393501
22600,0.012191994070179707
22601,0.15950328424564578
22602,0.0058658057517941165
22603,0.9904444694186312
22604,0.001953396084575474
22605,0.005142690433560587
22606,0.0366920191563353
22607,0.10395832010708625
22608,0.8262523411796545
22609,0.005812933126649809
22610,0.024690008679453323
22611,0.0098715027943751
22612,0.9039263574712465
22613,0.02041451205350189
22614,0.9777473139836248
22615,0.039291421986338906
22616,0.2263324513663165
22617,0.02478536800080058
22618,0.011981782409588804
22619,0.9701942089334755
22620,0.8548814749090545
22621,0.014545568399317756
22622,0.0028769057635072435
22623,0.023741447924209284
22624,0.1487058140024814
22625,0.002604014867483579
22626,0.04993459533396124
22627,0.9437122375177257
22628,0.10794218591095367
22629,0.04471772051259238
22630,0.878582833099449
22631,0.022514283937945963
22632,0.9689176976830249
22633,0.06092166099634602
22634,0.48856674114530524
22635,0.06331126592558861
22636,0.19155930406303068
22637,0.906189407387634
22638,0.10499458271458799
22639,0.04729608016709506
22640,0.37302345097405665
22641,0.2249727731495424
22642,0.0012951716710674316
22643,0.004409200734159389
22644,0.003928447508228674
22645,0.007332326116513078
22646,0.0026188624966316937
22647,0.07355248315791732
22648,0.021035837435799582
22649,0.856049072163441
22650,0.0025600559522603716
22651,0.012333488153836156
22652,0.0036537220852088533
22653,0.1627678120586087
22654,0.48827120888728426
22655,0.026870793822732286
22656,0.688136393902338
22657,0.007240771454996508
22658,0.007026213257564314
22659,0.7740571868505539
22660,0.006439167401971651
22661,0.0246952771883317
22662,0.9285631448679166
22663,0.09723600775361181
22664,0.0024950991049043215
22665,0.014409546465692553
22666,0.003308306013501552
22667,0.056955502973818024
22668,0.10375710651629746
22669,0.029139358542171343
22670,0.004134679969038788
22671,0.01606093635294556
22672,0.13386505395518197
22673,0.012341317010674866
22674,0.012190610603225446
22675,0.06371857503652835
22676,0.014573077870619448
22677,0.8550712572518466
22678,0.005535244842260796
22679,0.02163162778205829
22680,0.14428987555157208
22681,0.006719320582662565
22682,0.11908110794488552
22683,0.004500856285898193
22684,0.004851424163106252
22685,0.7541364286525277
22686,0.8038949825384485
22687,0.07244858883874973
22688,0.051031932816393386
22689,0.18795400055967637
22690,0.031034333534217924
22691,0.014570091563004314
22692,0.9912662944775512
22693,0.457688888535941
22694,0.9089705216288397
22695,0.7839748050989087
22696,0.30062629820606945
22697,0.07218959576485222
22698,0.009381304185804455
22699,0.008417237695695114
22700,0.0029916654424534395
22701,0.18859072590635123
22702,0.0020719028269706743
22703,0.13827342448217295
22704,0.006430043973188149
22705,0.03350049764953564
22706,0.19064186039108613
22707,0.030111519925254397
22708,0.025600440016382092
22709,0.019218100534813765
22710,0.7937955962137399
22711,0.08643366017241096
22712,0.003598351712120104
22713,0.5622572028326939
22714,0.06491467153096965
22715,0.14537813594435348
22716,0.005475936387390819
22717,0.09545020942186837
22718,0.02288848782986365
22719,0.028061390088616515
22720,0.056977370227466684
22721,0.04824603622598678
22722,0.04958834234539638
22723,0.03889017319267246
22724,0.3850082467383985
22725,0.0095710070496595
22726,0.2541682577163538
22727,0.021418882337321234
22728,0.022915603463215518
22729,0.0024828834920756736
22730,0.010835627847087774
22731,0.24772455770755247
22732,0.02682944646311714
22733,0.8840519624870732
22734,0.019644356438750732
22735,0.002600598188807409
22736,0.07700135104879816
22737,0.07262785455654175
22738,0.00280875928774718
22739,0.0019525781655935423
22740,0.004373118781391217
22741,0.00659435923576491
22742,0.003982797034613298
22743,0.003708893276460162
22744,0.014431833367954129
22745,0.03466854577136463
22746,0.02268412989507209
22747,0.018535460003253665
22748,0.5550096033256781
22749,0.5184550783601616
22750,0.011762913896457828
22751,0.009627027605675867
22752,0.007995787901801199
22753,0.14528482855308023
22754,0.21534812617473856
22755,0.13664473849782377
22756,0.0014656956822458127
22757,0.008718220570338912
22758,0.8609895111099527
22759,0.03605863232303749
22760,0.0024348468151072582
22761,0.023173220408425958
22762,0.031749815804190985
22763,0.7117953898753011
22764,0.039689139998364785
22765,0.9368581970600364
22766,0.1126185931732995
22767,0.021115545426835
22768,0.056410010542538566
22769,0.006967891978678863
22770,0.6013518548727593
22771,0.09305898241912604
22772,0.005113935256833958
22773,0.5132762089360989
22774,0.43495631130273577
22775,0.023164913292343204
22776,0.24654018709702255
22777,0.004692670574547778
22778,0.1158387397741062
22779,0.015489628543387327
22780,0.05849323516636291
22781,0.39974790092738316
22782,0.009564378625005665
22783,0.013222167778242467
22784,0.06929578629697473
22785,0.0048777426058879735
22786,0.09517817860989994
22787,0.5405117170392849
22788,0.004862606426720748
22789,0.8476778528606326
22790,0.08111719171755273
22791,0.0041880225281885584
22792,0.027089402718173613
22793,0.009736929991896435
22794,0.002581731014176412
22795,0.3857487672898503
22796,0.7335598563301078
22797,0.011199700883233672
22798,0.006798083647501448
22799,0.09046152432612942
22800,0.05058251377901064
22801,0.000885019440399743
22802,0.01810568778577596
22803,0.0408210748058435
22804,0.026631234762818905
22805,0.010223832405888663
22806,0.01703074980556646
22807,0.023277807010537475
22808,0.03076083276798865
22809,0.029646763631507925
22810,0.05116140557166782
22811,0.01606369633759902
22812,0.004493238558770375
22813,0.002536655863615751
22814,0.9508189957225717
22815,0.7187224350474359
22816,0.07001699615453123
22817,0.011826756487381185
22818,0.06016404663900235
22819,0.028104681653983818
22820,0.025536961278661084
22821,0.009852595181958154
22822,0.23961185546291164
22823,0.001831200051490053
22824,0.004536641081347943
22825,0.010870849584364286
22826,0.3005204370312037
22827,0.12149035275004445
22828,0.02548510716666233
22829,0.03282439222740368
22830,0.0023473146850803675
22831,0.0061282932331669804
22832,0.008043917379250684
22833,0.40262533346914364
22834,0.9620308976698108
22835,0.9491419810639572
22836,0.04353190632646897
22837,0.24122547039718092
22838,0.34371687263313677
22839,0.9028867519079964
22840,0.9060619502070881
22841,0.015115238641001501
22842,0.008115184652262035
22843,0.01258801327196657
22844,0.027107394282850066
22845,0.7069139660444548
22846,0.8818301978895026
22847,0.00736531978859265
22848,0.7068210000142533
22849,0.011641359892501545
22850,0.020143753748770196
22851,0.09251825747963516
22852,0.003503872057941731
22853,0.6312351794801583
22854,0.03147262684028877
22855,0.06040747576377423
22856,0.02951519433717853
22857,0.6752229951204595
22858,0.9401581966860663
22859,0.010062966196249414
22860,0.02654691171704903
22861,0.01730406383588165
22862,0.986856466426627
22863,0.007351817798167934
22864,0.1633647127250557
22865,0.2578404544812676
22866,0.0245284867739673
22867,0.00423096178689829
22868,0.028578710082079576
22869,0.9543317299456419
22870,0.0046202393037279126
22871,0.006705255671737492
22872,0.008504800022347738
22873,0.014392343540323566
22874,0.15270319656229997
22875,0.4493495461002013
22876,0.6508019861022036
22877,0.983712469867967
22878,0.011187125128301533
22879,0.06636049320724505
22880,0.9893123809741728
22881,0.056979400087499896
22882,0.30845048565518496
22883,0.02021324117612384
22884,0.06746066268939144
22885,0.823658857922857
22886,0.25294907644741255
22887,0.26405346911959915
22888,0.023463804988777284
22889,0.001689645834403755
22890,0.0398404183510369
22891,0.010557015294994587
22892,0.07933451084543001
22893,0.5402707426374521
22894,0.11873623351353231
22895,0.030672145463026445
22896,0.5394082869929789
22897,0.022298198304814096
22898,0.05389612392637421
22899,0.9551092450495863
22900,0.01856979891927903
22901,0.199738264293155
22902,0.01013469049309556
22903,0.9606162888721788
22904,0.14637232961077412
22905,0.07035885535438526
22906,0.03710139563133084
22907,0.1822975143976564
22908,0.007644970517861067
22909,0.028451420867953405
22910,0.34774100760942084
22911,0.059641791878258174
22912,0.06881470416665768
22913,0.005706719650443897
22914,0.009629468208723325
22915,0.021396362687087726
22916,0.02315324467010937
22917,0.009034740926493845
22918,0.01683605512222032
22919,0.9818478097546923
22920,0.004390106911429151
22921,0.9228481422240448
22922,0.6459664836108759
22923,0.0537800561031279
22924,0.0061075833980650755
22925,0.01778357153242396
22926,0.008518878922534858
22927,0.0124651431816261
22928,0.009770001223975104
22929,0.032426076078394636
22930,0.04900728688235959
22931,0.00940331273273183
22932,0.036863664353997634
22933,0.9331823457037255
22934,0.005211179414554084
22935,0.0048066985969555205
22936,0.5709743452702871
22937,0.03542960532467463
22938,0.02432507853310137
22939,0.18424500838113958
22940,0.030058746068309748
22941,0.9626557521139787
22942,0.0021214656050345983
22943,0.004242248672295653
22944,0.05730082648974559
22945,0.02432723911804629
22946,0.004332417032505398
22947,0.20130663496811962
22948,0.005996212146010793
22949,0.12734317968346257
22950,0.037595794204826526
22951,0.011967852022577786
22952,0.1294845389874385
22953,0.9666524237801795
22954,0.0075382038281739455
22955,0.010599449972229164
22956,0.11265149542164143
22957,0.0030133514312446373
22958,0.06712365613542125
22959,0.00918626351200242
22960,0.612096463811536
22961,0.002155423785787078
22962,0.2377365485192416
22963,0.1081819350109223
22964,0.007369271787652283
22965,0.018495861260234933
22966,0.11730242090258168
22967,0.004942215919668515
22968,0.9576868215040085
22969,0.04119675875989871
22970,0.06756417018589676
22971,0.023671910486881113
22972,0.008222219812160238
22973,0.0076752095695331165
22974,0.388762763913341
22975,0.05348981036005201
22976,0.004421430165760915
22977,0.00637015038286883
22978,0.01759516912368129
22979,0.4731419340847759
22980,0.12716477022063816
22981,0.0041114602378357545
22982,0.36633617710023925
22983,0.014253876846910655
22984,0.16128696423884545
22985,0.007351817798167934
22986,0.007919604638748289
22987,0.004814634295451822
22988,0.3742235284748437
22989,0.38122152377377744
22990,0.0068463494311173725
22991,0.021191521726544732
22992,0.03126642545439382
22993,0.014699031090112925
22994,0.009428050348203423
22995,0.0071221656260738835
22996,0.01054425497649629
22997,0.009278342066924926
22998,0.007500590844833886
22999,0.09362240169325889
23000,0.027856880607472927
23001,0.28294447474551176
23002,0.7283971823125668
23003,0.1974297539164132
23004,0.37917601688221897
23005,0.010686057874639882
23006,0.0032547824800401295
23007,0.12652203724665845
23008,0.10274390527107598
23009,0.9928314040167001
23010,0.002630650534706542
23011,0.006182667869050998
23012,0.15259572991554138
23013,0.9856074435335159
23014,0.002022026310489251
23015,0.4457409348595701
23016,0.23087902419673875
23017,0.9871913872945961
23018,0.17421312990603674
23019,0.004883630451511481
23020,0.00793187523241944
23021,0.9842732555958568
23022,0.011517269656727247
23023,0.04485165018230981
23024,0.9705480229613269
23025,0.12028553189568936
23026,0.6215764751847684
23027,0.1742789237924353
23028,0.024631820527201902
23029,0.1396604190825469
23030,0.20089936220835436
23031,0.6367892294328621
23032,0.15736404376118493
23033,0.033134893233103827
23034,0.011244138780694617
23035,0.006142907591441093
23036,0.21999331090993343
23037,0.07114292354371633
23038,0.002471707529182691
23039,0.07947139037449515
23040,0.9887035878290411
23041,0.012539988831118986
23042,0.1669001725800425
23043,0.13547434344224984
23044,0.005458243907252087
23045,0.9480425773417627
23046,0.008498250607288075
23047,0.00921665595240672
23048,0.02134217458474502
23049,0.023432773241305993
23050,0.9773698368507585
23051,0.061932381201539606
23052,0.017332585609586976
23053,0.002725839161188049
23054,0.0045273922070899
23055,0.5522077476644157
23056,0.026249959280397184
23057,0.5883739182173601
23058,0.010630770215547583
23059,0.003004773047586908
23060,0.047264044747175105
23061,0.019302600378889104
23062,0.03329719695565531
23063,0.13814756146123722
23064,0.9421330104451966
23065,0.04589843225899864
23066,0.2667081003918738
23067,0.27927694459397795
23068,0.9473557579677323
23069,0.008965291369443814
23070,0.0047596047331591685
23071,0.8344339058396782
23072,0.02527056183322396
23073,0.5051090283184905
23074,0.013722766836461458
23075,0.005509876871367257
23076,0.027108253816832812
23077,0.010268153579656289
23078,0.013855242649834391
23079,0.0632699841749196
23080,0.012678644305613657
23081,0.14205853851130043
23082,0.0029870420353552206
23083,0.006742402268479705
23084,0.6903268495928008
23085,0.0057373422378768305
23086,0.0014516582037590248
23087,0.5336022823275532
23088,0.014466354922364718
23089,0.22623534753304184
23090,0.0049741196370349915
23091,0.045633036171313035
23092,0.0031773378833539418
23093,0.2590677148319672
23094,0.1592423918074686
23095,0.003559738660902376
23096,0.03580397574941036
23097,0.0643071503552757
23098,0.31697583908533106
23099,0.044206556302946794
23100,0.02283399815217404
23101,0.9674477681194629
23102,0.003977376502995115
23103,0.02107301041460249
23104,0.011744592116503466
23105,0.5147246489752825
23106,0.00669491256090734
23107,0.005729684058712957
23108,0.006383557701951211
23109,0.8241785732341388
23110,0.2521175336316019
23111,0.006666176440394631
23112,0.10333761233017666
23113,0.02889951711575477
23114,0.005914099912071739
23115,0.315403070925829
23116,0.01419832572045277
23117,0.9470932935115897
23118,0.0066184977777190715
23119,0.009181161509190953
23120,0.005131340360883108
23121,0.014934055436628707
23122,0.0017269115176337451
23123,0.05847297680216905
23124,0.9838834006841461
23125,0.07687891262515875
23126,0.07401603718709412
23127,0.009348361066599734
23128,0.04843280034942678
23129,0.9261680742230821
23130,0.002887716058648114
23131,0.023798756646121834
23132,0.016991360413452207
23133,0.4641777297007586
23134,0.6308770673473001
23135,0.7862028867371694
23136,0.028399887036174815
23137,0.0948627827397467
23138,0.37907914561042305
23139,0.003228025802604433
23140,0.7290765361822164
23141,0.036784772312411194
23142,0.3204712790136427
23143,0.013273324201132052
23144,0.9444346428250641
23145,0.01588545917285111
23146,0.8945419399479172
23147,0.18423732208951232
23148,0.0037937768163562994
23149,0.002291112124982327
23150,0.014027365091555995
23151,0.004356933399219609
23152,0.01628679418741403
23153,0.05615102724786993
23154,0.5215191613075734
23155,0.051905589888755585
23156,0.003760409795468187
23157,0.05482426112680248
23158,0.04836176792563988
23159,0.009575101075743709
23160,0.07314330332272077
23161,0.054091850045504576
23162,0.9904891212124193
23163,0.126490122787497
23164,0.0017102053331665705
23165,0.0043881928999773894
23166,0.9931674282701554
23167,0.030788872774372103
23168,0.1731590636273402
23169,0.16976419479313187
23170,0.00917256120579088
23171,0.8056233550743384
23172,0.5286721293538846
23173,0.012725414918829352
23174,0.011334838866188782
23175,0.004388612995045682
23176,0.17665359742230838
23177,0.03498599380411484
23178,0.9884301417108441
23179,0.0026811255895185454
23180,0.01893901989990364
23181,0.7184071867975508
23182,0.24736072552022284
23183,0.9276181400953849
23184,0.10478350897601098
23185,0.0295539351469634
23186,0.015490620626909592
23187,0.9814229007046469
23188,0.008611812903969574
23189,0.03682652645658522
23190,0.01043562203121942
23191,0.05128313779456769
23192,0.06592184393012752
23193,0.003779160170287842
23194,0.002993728796605085
23195,0.09938697462949522
23196,0.01818598857491653
23197,0.43042460026269536
23198,0.03297024539328605
23199,0.12018967417628729
23200,0.9124166324309108
23201,0.017649355896640868
23202,0.7800703305086557
23203,0.22127562524077826
23204,0.05305251663936099
23205,0.012953923570279345
23206,0.9045288155165347
23207,0.13887603640323506
23208,0.9184735232011969
23209,0.002026074588935453
23210,0.47348142470042714
23211,0.04597690768007606
23212,0.21814713382329984
23213,0.04318708445208586
23214,0.009746357462810027
23215,0.018588143862804562
23216,0.119390339541235
23217,0.12237658324235504
23218,0.7707505600110178
23219,0.003363929074420125
23220,0.02278368644635582
23221,0.0229003742425962
23222,0.013407153891131786
23223,0.023868110846983263
23224,0.5963713340171383
23225,0.01661502156145018
23226,0.02403448389478318
23227,0.0024383901501825174
23228,0.019116234179549444
23229,0.017624415855776638
23230,0.045151055186539196
23231,0.02335462222913786
23232,0.008966629670804218
23233,0.011173877260193183
23234,0.02557595864252496
23235,0.23107594178686147
23236,0.09844901705575228
23237,0.024445615097530845
23238,0.010726558423383006
23239,0.03802772628549345
23240,0.8947427387265725
23241,0.002690361264930289
23242,0.024486264916697774
23243,0.07748504709904963
23244,0.07097351315191396
23245,0.8631707508346605
23246,0.7502500335932017
23247,0.16471829229227972
23248,0.004016723924035035
23249,0.46403009334025574
23250,0.6389127400100009
23251,0.02090222304793704
23252,0.010860855533240914
23253,0.07272267810815897
23254,0.052961831937944744
23255,0.01633409971761005
23256,0.02015017711467428
23257,0.009228611464065813
23258,0.056633197271489376
23259,0.3159016652141621
23260,0.845399443509968
23261,0.9256861793387704
23262,0.01617940681518264
23263,0.030139263737774133
23264,0.00481647993893633
23265,0.015177241190233101
23266,0.21511068115007564
23267,0.07262957626820817
23268,0.7578571440180987
23269,0.017155726397870323
23270,0.7912535809520798
23271,0.1373913338644667
23272,0.008240324873464403
23273,0.04822113467967322
23274,0.1304777285850486
23275,0.0068520904686405
23276,0.9770597263324271
23277,0.12175374072916709
23278,0.07752601078151827
23279,0.8464467616250981
23280,0.8596970564024597
23281,0.2208701533189589
23282,0.994802599395647
23283,0.014918259140386237
23284,0.6809889985816046
23285,0.002170004520981866
23286,0.005664638611098531
23287,0.07980091931172445
23288,0.011151757570314356
23289,0.02442180628991137
23290,0.01514679580936336
23291,0.19936289139114208
23292,0.06790676484915537
23293,0.003490645746521711
23294,0.04074892605628489
23295,0.01245375662376956
23296,0.28632168305557004
23297,0.1695431204937868
23298,0.22418428532799567
23299,0.006683483347103794
23300,0.008728781413837813
23301,0.8700194625572802
23302,0.6208640623519265
23303,0.7700684235207707
23304,0.8947529955522231
23305,0.2113846892338783
23306,0.49855570516894093
23307,0.0014122471030343284
23308,0.7880716107308802
23309,0.22169204415917373
23310,0.0017673010780440942
23311,0.30830105543640574
23312,0.11748908267815503
23313,0.004253543053264894
23314,0.2182792568538344
23315,0.0033622971713088475
23316,0.6416607351134952
23317,0.32297047035756715
23318,0.007227267425344601
23319,0.36575330262463057
23320,0.8731992438415158
23321,0.0788858718358937
23322,0.8489996384439661
23323,0.002902884265978493
23324,0.11055330586807191
23325,0.012156137190803034
23326,0.010214345306080737
23327,0.003424867483081192
23328,0.9795604287996119
23329,0.12147774673446428
23330,0.01261858371920231
23331,0.00785129373375619
23332,0.06829623662883563
23333,0.24491815707724424
23334,0.013789528043408432
23335,0.10016712375392699
23336,0.011518330008829996
23337,0.11502980736146938
23338,0.7511590944353921
23339,0.7900429825840047
23340,0.29592392783673765
23341,0.07052555002605336
23342,0.010460976853363469
23343,0.012826946443799005
23344,0.013584079871607084
23345,0.3850972106707713
23346,0.02568234517729328
23347,0.1431267190128099
23348,0.015269887804208713
23349,0.011370318204972281
23350,0.1695361417185455
23351,0.9839188532381582
23352,0.005071901609307267
23353,0.02357205883201892
23354,0.3262464803226217
23355,0.525155396541559
23356,0.018094551418471973
23357,0.07254125096663454
23358,0.9337198308542214
23359,0.03550649102601803
23360,0.011355898693513326
23361,0.012718904316486715
23362,0.035864965070963796
23363,0.06661741195991569
23364,0.5531344312157019
23365,0.4211381982656875
23366,0.004339111405182197
23367,0.019411993013701997
23368,0.08305744719304228
23369,0.05084261129734776
23370,0.0599592252973306
23371,0.0930597369890894
23372,0.3375884886151677
23373,0.006803395111618645
23374,0.031132191715169774
23375,0.01750663886814306
23376,0.9810571454677512
23377,0.007013923445552333
23378,0.9892592156201248
23379,0.7844633711446471
23380,0.0023260350309907735
23381,0.18625961781083958
23382,0.010040630873051955
23383,0.8442459408108938
23384,0.005772613112641937
23385,0.04306893651315862
23386,0.04094393440885109
23387,0.6012927094774035
23388,0.547961677951647
23389,0.36410754464546824
23390,0.9925956225837098
23391,0.02420744824299071
23392,0.0026997377182215285
23393,0.10886883301606348
23394,0.1523253942242368
23395,0.004199481967986253
23396,0.24150043046491562
23397,0.7803284562421806
23398,0.020147452871032177
23399,0.6411439945901696
23400,0.14507229091378945
23401,0.005563916526198894
23402,0.05367106892853062
23403,0.23240953587955757
23404,0.04809660477344788
23405,0.709654822079921
23406,0.9708623206316029
23407,0.010134275814179158
23408,0.12415888580606702
23409,0.11776904430705785
23410,0.020904113528064518
23411,0.03901484530296453
23412,0.21735658910718644
23413,0.014012930901926759
23414,0.014680109913170755
23415,0.004981069324178891
23416,0.04187999140530206
23417,0.006266468883508673
23418,0.012123684322645514
23419,0.0032738672443898406
23420,0.005453820107916665
23421,0.3429329149556339
23422,0.2589940730138557
23423,0.016048530248036007
23424,0.0029066612331950198
23425,0.07381036823294705
23426,0.02774335736820163
23427,0.005466917696487341
23428,0.02165104065543711
23429,0.005788556354557895
23430,0.04620230136737371
23431,0.8472087563047307
23432,0.004938007708604939
23433,0.6759773073632568
23434,0.03955640041590543
23435,0.01605528191462417
23436,0.6934992788484167
23437,0.016336009649233096
23438,0.161749131914669
23439,0.28517635817539455
23440,0.12370142024702979
23441,0.03768747600032738
23442,0.5302742403489279
23443,0.013614791064017952
23444,0.1429666581854893
23445,0.030699150147874377
23446,0.05100099153309816
23447,0.008826467114582143
23448,0.18581427258307764
23449,0.20687303382520605
23450,0.03343145956440284
23451,0.008523065508542194
23452,0.005014125295443756
23453,0.6855540463392508
23454,0.9909590978338262
23455,0.0049531056971030595
23456,0.01027406609299925
23457,0.9703944777216299
23458,0.19628744068991538
23459,0.03627578243221516
23460,0.04900983683172467
23461,0.06702739941200257
23462,0.006520236520951983
23463,0.28529803452955665
23464,0.01600349195932524
23465,0.13592447020486573
23466,0.06556829984303712
23467,0.011686842737279652
23468,0.04869132218632206
23469,0.05847964893334034
23470,0.04340052323696101
23471,0.020692731416059578
23472,0.7089426362311837
23473,0.8552973179096027
23474,0.04771177742574359
23475,0.002637785099623395
23476,0.760670206709059
23477,0.24740727325770798
23478,0.033661900218878715
23479,0.2629315410390252
23480,0.011047343012526892
23481,0.05813333217032186
23482,0.01982297340571554
23483,0.0014212004562365482
23484,0.9647016471874332
23485,0.004428094750289709
23486,0.003177278449851379
23487,0.002881798604987902
23488,0.0029561086188791175
23489,0.01957874673607591
23490,0.14497210928370388
23491,0.002784172710673327
23492,0.7275694831693081
23493,0.003403515369037977
23494,0.06865336180651506
23495,0.10626398968089597
23496,0.029200024674218214
23497,0.7188062759235709
23498,0.03069593560168089
23499,0.017373346141117522
23500,0.0114776685823436
23501,0.01832572982980557
23502,0.011545635437163615
23503,0.013089334697862283
23504,0.8240360184970575
23505,0.012617806322026127
23506,0.03946548359418395
23507,0.010687942218597247
23508,0.0169281021324138
23509,0.09163706603643572
23510,0.008127030596096792
23511,0.6223269154388339
23512,0.8255973325828508
23513,0.00982179412059974
23514,0.9538645720203919
23515,0.14967841159411563
23516,0.012229635563770545
23517,0.01028545722123681
23518,0.0029518563992409134
23519,0.011357393924802332
23520,0.1750501681668125
23521,0.899776870050943
23522,0.03353913157526509
23523,0.17445338037543898
23524,0.0034220190410536905
23525,0.578169749287365
23526,0.8168987994302226
23527,0.05196052751898562
23528,0.04113713801858505
23529,0.0551999507731243
23530,0.5033147336252205
23531,0.407061396063732
23532,0.020680435498896615
23533,0.0277617305528082
23534,0.006159711753995792
23535,0.02969002940534505
23536,0.006870075060520575
23537,0.008010108932129494
23538,0.688779865045497
23539,0.005808150018171058
23540,0.18617978754385547
23541,0.0036361412952281374
23542,0.04400007024575701
23543,0.01581645569811136
23544,0.0023659847736275897
23545,0.2751302184612717
23546,0.7646248585586236
23547,0.00596288606870008
23548,0.2273213475729773
23549,0.08996398087862217
23550,0.41157100468032676
23551,0.0030105742199381283
23552,0.012173090874301629
23553,0.6102144185039279
23554,0.01255101844223235
23555,0.9974369530528484
23556,0.014169431091201038
23557,0.08661085554943176
23558,0.0011627177185152607
23559,0.008754653656720877
23560,0.018812968167487128
23561,0.985806641951769
23562,0.0055171027029417025
23563,0.26424812524731045
23564,0.01348348094066307
23565,0.24687866455881288
23566,0.1184389157408589
23567,0.5068572614604228
23568,0.07369510296495294
23569,0.78402990271335
23570,0.9335712890755289
23571,0.878727115055674
23572,0.0046468118920605815
23573,0.0036586844585745956
23574,0.006088793521831057
23575,0.01190642844793097
23576,0.014663670688577974
23577,0.0078638972390215
23578,0.004513187795031594
23579,0.884643401333685
23580,0.3487878033255737
23581,0.030312369966919533
23582,0.00313961602315314
23583,0.0037497364686018835
23584,0.005841962141381667
23585,0.00415220709427274
23586,0.02504473394488159
23587,0.001802389802146246
23588,0.013261265489571147
23589,0.4862358977976325
23590,0.0034466048001494166
23591,0.043634101435808474
23592,0.01327326352357653
23593,0.006254866013016178
23594,0.11125395064509294
23595,0.9355475576684191
23596,0.14278567272187065
23597,0.9679059019946135
23598,0.2397173890216061
23599,0.0012702540539164767
23600,0.034220468103336524
23601,0.09663424054423582
23602,0.05398468000545765
23603,0.0264788210876418
23604,0.03368213499005608
23605,0.011684293199670468
23606,0.9191259133563422
23607,0.9506078128747235
23608,0.03322955899684107
23609,0.03244725157177774
23610,0.1145217636963095
23611,0.013264070679119227
23612,0.036880996611510085
23613,0.27673697862813296
23614,0.005921138999765886
23615,0.8882456286873464
23616,0.112275370827265
23617,0.005552430508802146
23618,0.8649634237704116
23619,0.0211065451417185
23620,0.025088840093452334
23621,0.14697030473555753
23622,0.005289132769166292
23623,0.019019682968834526
23624,0.04540368247483575
23625,0.990274299359466
23626,0.0042726544432408866
23627,0.011693238062613005
23628,0.023020764046764
23629,0.01344117677917766
23630,0.060346770674628326
23631,0.992361221841009
23632,0.09979675609420252
23633,0.8718208795151766
23634,0.02477303466411994
23635,0.03270300161347248
23636,0.04225135296737325
23637,0.0020422111037803545
23638,0.09014247789558666
23639,0.006109766391372252
23640,0.0032146394869121226
23641,0.0046621323391706545
23642,0.09067870010159139
23643,0.06402015759556613
23644,0.15792985864172934
23645,0.0022026693761224864
23646,0.5905686905392961
23647,0.006574881619357974
23648,0.1586511598240919
23649,0.21076404124466377
23650,0.8872510836567061
23651,0.02592137584460572
23652,0.046556789024074154
23653,0.9735878218202403
23654,0.0068230654108557285
23655,0.706080304291387
23656,0.07334560637366078
23657,0.10853419261225286
23658,0.7395991053339398
23659,0.039596284861644834
23660,0.03748668335091686
23661,0.058972558897173476
23662,0.32366199096677634
23663,0.011519347954219808
23664,0.9476188943878892
23665,0.006560450816265438
23666,0.016349239695412153
23667,0.20439535259824124
23668,0.003679874321023716
23669,0.8329400265915445
23670,0.00965156299575293
23671,0.041706007403438314
23672,0.022634706150927456
23673,0.013714892443131572
23674,0.9855848960110613
23675,0.1597660065575314
23676,0.00779000809624772
23677,0.06359837065539181
23678,0.7278665749101527
23679,0.1944435150547441
23680,0.035144163842825725
23681,0.19875031440650592
23682,0.010187806492228226
23683,0.12048204622729326
23684,0.0026155124869622305
23685,0.34258015447414575
23686,0.03424082497516496
23687,0.895714463239156
23688,0.0033634192691144532
23689,0.0756661682861953
23690,0.08007505664595273
23691,0.3568958398797181
23692,0.0017708037876560728
23693,0.9756926434644526
23694,0.9937401069722331
23695,0.009423102300469749
23696,0.18591433361692708
23697,0.05558400032317686
23698,0.5394253376579556
23699,0.03603918473474396
23700,0.03449315051724045
23701,0.008841185824650414
23702,0.45821915185537765
23703,0.019982541997682613
23704,0.15939843757520977
23705,0.00891416041567145
23706,0.004648475307758687
23707,0.01097471649053065
23708,0.3436480438262482
23709,0.11761860289528785
23710,0.013935319939288877
23711,0.10360159552233539
23712,0.0013063353824018268
23713,0.030233074550380153
23714,0.9331810559172345
23715,0.9922685678433016
23716,0.11053424983754535
23717,0.13017812498865458
23718,0.006197901684990781
23719,0.06471550911830637
23720,0.08313727931601146
23721,0.005259131731992378
23722,0.009601186066888992
23723,0.9945964445180446
23724,0.01325274089484103
23725,0.012748514946915783
23726,0.009925243063207866
23727,0.09649165353685278
23728,0.6165956133862086
23729,0.0024355789132388967
23730,0.9540740589422315
23731,0.018302546631747317
23732,0.03336348763725608
23733,0.013707906923664751
23734,0.9514133277155719
23735,0.06184605857311786
23736,0.005553097657151234
23737,0.01825285385456111
23738,0.07491913854366934
23739,0.14080792646330226
23740,0.0393297760553275
23741,0.8195162421660949
23742,0.03576633255395529
23743,0.024278753784591225
23744,0.02800073953807734
23745,0.9711394303821768
23746,0.02345030420677646
23747,0.047746306977023686
23748,0.9748602179948217
23749,0.4095341873927613
23750,0.216552632444909
23751,0.016117684986862918
23752,0.9753268213840827
23753,0.009640407453750702
23754,0.013451964526775073
23755,0.10335956811874512
23756,0.02559387555885628
23757,0.3053050103643585
23758,0.003076195249614271
23759,0.42602769078773517
23760,0.022869854070882926
23761,0.0053321197300515875
23762,0.004141848957181875
23763,0.9225699408237815
23764,0.004981862721521094
23765,0.01054843987292979
23766,0.02096920319444303
23767,0.020280432215311506
23768,0.9115035653478551
23769,0.07127347330407084
23770,0.08916880434257672
23771,0.018377917727851113
23772,0.1662669839199991
23773,0.007465891601109475
23774,0.2903935938286554
23775,0.8076662555498738
23776,0.00400902785291827
23777,0.03299987130621903
23778,0.9652442958492558
23779,0.25255385494701765
23780,0.9017000252356908
23781,0.021196665478695212
23782,0.12370496720431956
23783,0.007199374753880275
23784,0.0025327326992129625
23785,0.0031055227318105266
23786,0.6758433358815712
23787,0.4028007613994451
23788,0.06971707311492345
23789,0.3531595242875372
23790,0.8276352609287785
23791,0.004099184010076544
23792,0.013969699270175896
23793,0.00633957826100936
23794,0.0024401441115665915
23795,0.012226840095663886
23796,0.005413328424288541
23797,0.8120444893470153
23798,0.0015366297169137004
23799,0.591272161612349
23800,0.17155799579382275
23801,0.17598930649043712
23802,0.3100792236466813
23803,0.3202635381480852
23804,0.017017278070199402
23805,0.7710051619246359
23806,0.8605128520691101
23807,0.17763098469069946
23808,0.019567279986290625
23809,0.8863841963304329
23810,0.003690543199804545
23811,0.16503126355728992
23812,0.9387207648395256
23813,0.06284251972266874
23814,0.004380495198601906
23815,0.015302126071741558
23816,0.01148856941991089
23817,0.9110495586625412
23818,0.0020841862925992122
23819,0.7277517147299076
23820,0.0070635283700558665
23821,0.0075007759100802415
23822,0.019019311324299605
23823,0.017491591479502487
23824,0.01739366005945442
23825,0.02486896164048502
23826,0.4994012671562526
23827,0.26369341507344457
23828,0.005776673935594407
23829,0.025838102375742245
23830,0.08882096807063947
23831,0.029539050740363625
23832,0.8193596685572324
23833,0.01830382245688093
23834,0.010847502407664166
23835,0.01994870072336748
23836,0.06522226077782577
23837,0.09740685447619234
23838,0.009493204829060884
23839,0.010425321779824909
23840,0.570254188495022
23841,0.8033211074930833
23842,0.34567906175452534
23843,0.009409113483301257
23844,0.28973917927822734
23845,0.14896012979869083
23846,0.0037987450591059455
23847,0.01332315153001631
23848,0.012858222516542204
23849,0.9225792633750174
23850,0.023696335104220492
23851,0.4903255471183481
23852,0.005985889462106062
23853,0.013697426707015929
23854,0.6088126784201188
23855,0.017927986925981885
23856,0.0997996078281814
23857,0.07782473030513004
23858,0.3820593390748788
23859,0.005961876291988919
23860,0.08369880686111099
23861,0.19393088549933576
23862,0.003979614872907136
23863,0.003623136473356997
23864,0.006221890654936962
23865,0.22277234944215446
23866,0.020172899254414404
23867,0.9797550055246163
23868,0.32602246065635926
23869,0.041426358633538184
23870,0.024126665062953762
23871,0.7096177105901474
23872,0.03647585509768529
23873,0.04681915994166591
23874,0.698223171418298
23875,0.008388035032860905
23876,0.04907188087284532
23877,0.09613499028246665
23878,0.9678810376055271
23879,0.007617305112116794
23880,0.009032213052984668
23881,0.9288747691034059
23882,0.5150067867081846
23883,0.15443193338546263
23884,0.009647958061009968
23885,0.9850799623969201
23886,0.006754559459892344
23887,0.0018438853325907522
23888,0.14018393686016717
23889,0.6573479600272505
23890,0.005873697795488325
23891,0.01424573333008629
23892,0.2619160950883427
23893,0.011452071173581739
23894,0.08818946893517077
23895,0.0025735411098963116
23896,0.06145921102532909
23897,0.14890138016203805
23898,0.00765944497512783
23899,0.06507901501310386
23900,0.028949589366817834
23901,0.11571824241742172
23902,0.011106536644668753
23903,0.008007040788379008
23904,0.16135486152094752
23905,0.012184717204328578
23906,0.01359720617980986
23907,0.09285192793716154
23908,0.0037909760354411237
23909,0.017530373102109965
23910,0.008210834265587252
23911,0.012272504423871828
23912,0.05702776608510019
23913,0.019950610787130302
23914,0.0114665504064259
23915,0.00474082110933765
23916,0.48079363816972676
23917,0.005241695244071692
23918,0.8488892387170995
23919,0.005126817696732837
23920,0.5880631396956063
23921,0.00593762605139449
23922,0.021866846778147663
23923,0.8797739027742769
23924,0.014434366912217394
23925,0.9745949178480496
23926,0.0019439185662319463
23927,0.2603299628352277
23928,0.11327306015675428
23929,0.6512590266753375
23930,0.019514850715515564
23931,0.006659296426417989
23932,0.15768490028108903
23933,0.06819024012412629
23934,0.019952779567312055
23935,0.020264725397434607
23936,0.034075793113512214
23937,0.035732828057161485
23938,0.01575788020519693
23939,0.22925616031590682
23940,0.09836963193696596
23941,0.9320514451427008
23942,0.041003207243906714
23943,0.04141521779863173
23944,0.24020688480534416
23945,0.01214746148940867
23946,0.007494334533831658
23947,0.021573936847653706
23948,0.5872948873855118
23949,0.012629980604521446
23950,0.006527435201033824
23951,0.0026394240305255283
23952,0.009224415187883164
23953,0.004602692745641972
23954,0.1601262863158125
23955,0.028270273207160593
23956,0.1038913365882017
23957,0.004610643105757513
23958,0.6675448979057869
23959,0.005381161247702374
23960,0.1750996890628241
23961,0.11378297549301511
23962,0.0009863117546210682
23963,0.4546431538471592
23964,0.04117641320886071
23965,0.023109957446430178
23966,0.005841962141381667
23967,0.0038878762298155075
23968,0.03133510180370306
23969,0.13214626608456695
23970,0.8415950482608282
23971,0.011632318354911797
23972,0.006331034227145058
23973,0.007548583606449358
23974,0.1343334569730988
23975,0.9635373654831456
23976,0.0007838199959596449
23977,0.9706800134644515
23978,0.0026585464530705896
23979,0.2929080646526431
23980,0.6290020143571692
23981,0.005206403169171829
23982,0.048992421595850925
23983,0.995105827321218
23984,0.024139372820959785
23985,0.005576456778802881
23986,0.09250565421872645
23987,0.24641933070275357
23988,0.0087408050299287
23989,0.07609771628424392
23990,0.018314045022940022
23991,0.6141129655537533
23992,0.3216770740084223
23993,0.005639409092961754
23994,0.7776218250330269
23995,0.036464260165722295
23996,0.0595633538953889
23997,0.029963824241366514
23998,0.9831327624378051
23999,0.5212109182255698
24000,0.016250788794218013
24001,0.010674226282326508
24002,0.022880058485084266
24003,0.0356349262651983
24004,0.2426001539059637
24005,0.8568587875712996
24006,0.34030501785711104
24007,0.0016097887070502482
24008,0.0203589370432921
24009,0.0016143850734005537
24010,0.003565848325631799
24011,0.0010169858651311427
24012,0.007334530379139828
24013,0.009200122299840716
24014,0.9081271618925231
24015,0.9168281776921129
24016,0.0022407518413896104
24017,0.5976795250775877
24018,0.007529557402310301
24019,0.014273207128052108
24020,0.013950298392414968
24021,0.03183092529624695
24022,0.009790480489084223
24023,0.9672408558657093
24024,0.8035725576003978
24025,0.017694053084585968
24026,0.006651059921748238
24027,0.009943682233955569
24028,0.004732397140346564
24029,0.2288421175157206
24030,0.008441517000126136
24031,0.002942694397156367
24032,0.10141180238942166
24033,0.010462426402185586
24034,0.01513896417840117
24035,0.0063712524200511935
24036,0.10111415718162135
24037,0.04588658110050876
24038,0.09449178629401839
24039,0.9380639519205274
24040,0.001375854683006253
24041,0.9568165441933131
24042,0.6471770684658876
24043,0.048008004046136386
24044,0.6630582858372462
24045,0.9917751561637976
24046,0.24155361532590922
24047,0.01660635144353143
24048,0.34153988809900704
24049,0.09207966935616237
24050,0.011958384828624168
24051,0.011761594760371507
24052,0.01825285385456111
24053,0.04540343858824592
24054,0.010331443980383366
24055,0.30505573111422934
24056,0.04619335090159852
24057,0.0866683196115217
24058,0.1153059515403184
24059,0.8900264404448838
24060,0.9469716399741533
24061,0.006586726564029325
24062,0.009392996174750924
24063,0.13684889734484038
24064,0.021208421176356622
24065,0.034966686703633454
24066,0.014751720331109684
24067,0.005842887690494193
24068,0.048598353692656124
24069,0.015623131649664288
24070,0.08540937719990263
24071,0.014186413099978668
24072,0.11870828004085131
24073,0.7795616091823112
24074,0.029208244527015474
24075,0.966344914311954
24076,0.01226491793572435
24077,0.1790886066464919
24078,0.008524965414522303
24079,0.8995071550360061
24080,0.06226999772178017
24081,0.0030348054136860383
24082,0.39076415369254947
24083,0.929820056924471
24084,0.015830040390679548
24085,0.3894424580523507
24086,0.003523571876312587
24087,0.02068338187966847
24088,0.1032182901588097
24089,0.7247578534638703
24090,0.08663780635799657
24091,0.14902333821106517
24092,0.014909375414106958
24093,0.02727309172279416
24094,0.07683284869024806
24095,0.003066745908091157
24096,0.3009741341197263
24097,0.15798765970945858
24098,0.25625001462863967
24099,0.19609578528383115
24100,0.023858246598687325
24101,0.06227943014134866
24102,0.010278956185695727
24103,0.9547885960554525
24104,0.026930787744881085
24105,0.058124090428832285
24106,0.0160899688125087
24107,0.0023299592191233977
24108,0.006897012249258279
24109,0.9268512611345769
24110,0.900241631574925
24111,0.8282708926291842
24112,0.48950956616265445
24113,0.006537281950246637
24114,0.021340070694270376
24115,0.004799134686710769
24116,0.9936914812286668
24117,0.08919273643304476
24118,0.040227384014824626
24119,0.10042069063969544
24120,0.01978508212743212
24121,0.18983929057239596
24122,0.003585125772458693
24123,0.009173049565000585
24124,0.27914425787793135
24125,0.012191231751138442
24126,0.017860866227863023
24127,0.0059450313420146665
24128,0.00808513609262971
24129,0.006201110254217872
24130,0.03291531045169237
24131,0.04864071395559607
24132,0.003359929710742728
24133,0.028514687684799638
24134,0.9779536233195766
24135,0.7080306801185743
24136,0.1647301568672437
24137,0.013306268430511619
24138,0.0396625831824458
24139,0.00210829720232298
24140,0.00942053369589556
24141,0.9147372480437602
24142,0.06741905433314782
24143,0.9836946260870945
24144,0.7457169511537415
24145,0.015414520701130896
24146,0.0972415947325833
24147,0.18530913330148302
24148,0.018395916705753315
24149,0.027178797168296815
24150,0.07572414632283993
24151,0.36622931882063786
24152,0.8297061404732186
24153,0.02417859950902854
24154,0.22635507659028695
24155,0.08513912541202893
24156,0.09087533368752121
24157,0.03246354584585626
24158,0.3508566251962699
24159,0.03397920061838967
24160,0.08036320383073012
24161,0.9736564061652625
24162,0.006294406791263054
24163,0.14579499604833066
24164,0.014596965938565186
24165,0.007550015382201422
24166,0.04192922453141099
24167,0.8415002399483328
24168,0.007260994862846571
24169,0.004988547832241937
24170,0.014777303807811053
24171,0.26428228258020525
24172,0.029576283193178777
24173,0.0020283782413006335
24174,0.9550112663659117
24175,0.12926103670871777
24176,0.03396293123400636
24177,0.039883298493544043
24178,0.974372334131125
24179,0.018588554971175016
24180,0.13525733800332318
24181,0.290908228050465
24182,0.003963712865318828
24183,0.009075370523876124
24184,0.14310268183481117
24185,0.9179284409615603
24186,0.008058293959693059
24187,0.017544598131292277
24188,0.010837578732718792
24189,0.06407044023253383
24190,0.08847644151513018
24191,0.005943256121952675
24192,0.9916009889548599
24193,0.0032603827462551437
24194,0.005629753518277904
24195,0.016315164975134744
24196,0.042352923617955215
24197,0.40373950960018967
24198,0.002169925799542841
24199,0.818123231303999
24200,0.060445786477769034
24201,0.013212004571149759
24202,0.06399336037934247
24203,0.6627972825771578
24204,0.011531110801848673
24205,0.023578452424527826
24206,0.06386028715650614
24207,0.07173125050429766
24208,0.044310100041897844
24209,0.02412768523988087
24210,0.019938038025024796
24211,0.022497957219390165
24212,0.0031019455530000135
24213,0.15505949071843003
24214,0.013759431439340445
24215,0.6973283871948037
24216,0.1438559859377412
24217,0.018082308727882374
24218,0.02753304712041559
24219,0.6086846126967721
24220,0.007588748036605234
24221,0.3019670149454546
24222,0.030119877453710746
24223,0.06039272464632076
24224,0.5194337513751281
24225,0.220565233525707
24226,0.06344582121940519
24227,0.015463484696012662
24228,0.04184869772705354
24229,0.08581565975445031
24230,0.6923229748740153
24231,0.00400533227566223
24232,0.006308996810523467
24233,0.012991625687859233
24234,0.01538381485763143
24235,0.13165719375682006
24236,0.8597439192058478
24237,0.10524040823670462
24238,0.02757166468607066
24239,0.286797794712741
24240,0.007978782145776643
24241,0.3648594109747838
24242,0.002099483055366546
24243,0.17276619086632727
24244,0.03801488568186116
24245,0.026083564853743954
24246,0.016656883085482535
24247,0.0212251622410076
24248,0.011990333842592632
24249,0.004242506601446431
24250,0.00855598237209579
24251,0.012732317517761074
24252,0.00445419817242043
24253,0.13379966599534535
24254,0.888861100491729
24255,0.007882131335462582
24256,0.013158104485041976
24257,0.03312200535126352
24258,0.34000282417589256
24259,0.19608050676578254
24260,0.057772165755467154
24261,0.1167548768610987
24262,0.017769993545628023
24263,0.12052915557331605
24264,0.005596595738949764
24265,0.08274723432590093
24266,0.004400102154956321
24267,0.03953724008374175
24268,0.020584873132695105
24269,0.09416274425048254
24270,0.9021687794834052
24271,0.002657817941297997
24272,0.010876281501245496
24273,0.00602781228392642
24274,0.012180957736294972
24275,0.90544568084587
24276,0.024736042275341385
24277,0.2933897883322636
24278,0.07127066757893068
24279,0.0047771858837714325
24280,0.02209477636490507
24281,0.01597736452905706
24282,0.6632480339586064
24283,0.007261903457047051
24284,0.017863455350746314
24285,0.016403344733116366
24286,0.083863418174939
24287,0.4340382213644297
24288,0.6548931932002753
24289,0.025014205912079982
24290,0.10275549835743651
24291,0.011155625704847365
24292,0.012825137473034723
24293,0.03739093221329224
24294,0.16506756012316537
24295,0.0053704916584803265
24296,0.01703721887305851
24297,0.014265783440558802
24298,0.3976651304683642
24299,0.18656256496066584
24300,0.01538381696524625
24301,0.03193741659533325
24302,0.011794845180907254
24303,0.002894579836828345
24304,0.0018589553266401243
24305,0.031966855085998606
24306,0.004014099696847217
24307,0.8883464578110734
24308,0.74899559005087
24309,0.035035209506851496
24310,0.04812237682266506
24311,0.03897339762490556
24312,0.0030186796994923423
24313,0.009376403273091674
24314,0.013291278893993024
24315,0.016087771403558097
24316,0.030773895614245036
24317,0.06312980724798578
24318,0.9074014021954533
24319,0.8511494614558877
24320,0.009005438426052672
24321,0.010830451331232997
24322,0.11190731376988369
24323,0.025051067674902793
24324,0.003979102713944069
24325,0.9499589865069419
24326,0.9922711185253146
24327,0.009974729035004126
24328,0.005821864248151308
24329,0.005511473580266664
24330,0.30293981121475766
24331,0.0028518078025085054
24332,0.005617217478711877
24333,0.03270370246548866
24334,0.13172866955672022
24335,0.20815489273899832
24336,0.997379154479242
24337,0.1921221673104573
24338,0.08332309970743776
24339,0.7540111270328652
24340,0.04166338886879562
24341,0.09027042392275994
24342,0.04894256485048647
24343,0.00516444956228895
24344,0.0026360803329343796
24345,0.1346497755775855
24346,0.021402870434734576
24347,0.18822679318906488
24348,0.006424314345087326
24349,0.8976852516368382
24350,0.06778146527182469
24351,0.010308331159623743
24352,0.2167662906468519
24353,0.003364188294688458
24354,0.04438474836090164
24355,0.01894417087698778
24356,0.003125406145839975
24357,0.0184196913800247
24358,0.015274532805846392
24359,0.011815764607614436
24360,0.021368349616548887
24361,0.18202745096356723
24362,0.004696424173546367
24363,0.9326266540213286
24364,0.48523655504208163
24365,0.017886371236064565
24366,0.004696632137891654
24367,0.08704367409137476
24368,0.04846537544709939
24369,0.0049336138333063275
24370,0.002122309780523306
24371,0.1057368469756698
24372,0.006549279058530512
24373,0.9592916236621974
24374,0.14560713634453015
24375,0.8751078452123762
24376,0.13376714431627731
24377,0.016323390652682304
24378,0.00881285899143301
24379,0.6603465838310141
24380,0.8788494348491955
24381,0.9378532741858724
24382,0.003152661938894683
24383,0.2660234252878422
24384,0.764912789840005
24385,0.013968266558521463
24386,0.2119479183744473
24387,0.8142335550647046
24388,0.009579837755299277
24389,0.011755418259465078
24390,0.04125443427236934
24391,0.6162254455857701
24392,0.08692903586032279
24393,0.05889246640034073
24394,0.056669014643137054
24395,0.032744394024568906
24396,0.918404173196648
24397,0.02081055266097378
24398,0.0057247454950683264
24399,0.0012476353765616172
24400,0.021222093617296545
24401,0.00881118747956805
24402,0.018955671023967408
24403,0.9675775579147953
24404,0.016067000312073806
24405,0.09043201020927508
24406,0.0024944888157309914
24407,0.7489761087456532
24408,0.8175059746920559
24409,0.010630854487339162
24410,0.865901560829309
24411,0.008347086487342073
24412,0.07686644986621007
24413,0.018597521228653723
24414,0.02642808816180888
24415,0.0032599123139419738
24416,0.002982843126018718
24417,0.007681724205565668
24418,0.7926590588215847
24419,0.009916290788763465
24420,0.035417584535125
24421,0.006396011500822678
24422,0.6425393230623062
24423,0.0031422206524785697
24424,0.01966523660834079
24425,0.0889151598811301
24426,0.240798122265887
24427,0.015561872062729291
24428,0.1277980228405181
24429,0.6535645756198993
24430,0.03592187364787707
24431,0.03993932280313556
24432,0.002780567708716139
24433,0.03592054031652154
24434,0.011008306750225816
24435,0.11543113592169485
24436,0.12149128245457941
24437,0.6963902420527587
24438,0.0015429031011398567
24439,0.014027858986570564
24440,0.01029623896085121
24441,0.013899416552926992
24442,0.016291636753577633
24443,0.695985445690749
24444,0.09233310491294609
24445,0.9463260670106456
24446,0.1015936055358723
24447,0.3233613118259268
24448,0.0010976928927425263
24449,0.30891004342485107
24450,0.0051409893389738285
24451,0.054756185627107753
24452,0.47919756495375454
24453,0.3572845710812613
24454,0.04382618912003995
24455,0.030960401963506995
24456,0.02990809600336081
24457,0.02637674712853937
24458,0.011060089776386306
24459,0.10220579016478913
24460,0.002490244573563791
24461,0.006462729297239621
24462,0.8836455597346279
24463,0.010773885634644516
24464,0.10503672034272575
24465,0.7298198098881572
24466,0.7135474586676183
24467,0.04098808451560902
24468,0.0009698417659010424
24469,0.005987532138433674
24470,0.012088252453553194
24471,0.9905378064277169
24472,0.17294168942135574
24473,0.9109915238925258
24474,0.039607465416237005
24475,0.014700520788185224
24476,0.008982790050565577
24477,0.037295694112001426
24478,0.14661074618736425
24479,0.008493809793496168
24480,0.023750017473339737
24481,0.0035967814929692876
24482,0.804971308496092
24483,0.024610682969233005
24484,0.02889948475944323
24485,0.006935599668612067
24486,0.015124570206485905
24487,0.17741380587486072
24488,0.29310475255046115
24489,0.04689939201436657
24490,0.0179802821022702
24491,0.16468999359731615
24492,0.1251673719471956
24493,0.007954170258439513
24494,0.19964136098810736
24495,0.036201803743911326
24496,0.0022330119239640745
24497,0.04373123765588439
24498,0.3933846405482227
24499,0.004911221293894739
24500,0.003930808443599659
24501,0.22763872425076687
24502,0.03775951803139603
24503,0.004184007390945928
24504,0.002482472859379924
24505,0.004587512244570021
24506,0.017365838875509333
24507,0.0019942225398064816
24508,0.003626306077156992
24509,0.04499136855697279
24510,0.030175403744054835
24511,0.4438026161028611
24512,0.06435685527840636
24513,0.007292600198969991
24514,0.8634086885590604
24515,0.1896886553624548
24516,0.012483848020790002
24517,0.0021610091606439363
24518,0.9877020270211428
24519,0.9900021936014627
24520,0.009743977632636878
24521,0.017483169206230064
24522,0.02373555199916377
24523,0.7648906233295959
24524,0.011630171771267935
24525,0.195434731452594
24526,0.006794489659251278
24527,0.00367677023068564
24528,0.03303463462493894
24529,0.009392178451855141
24530,0.010418693975056691
24531,0.004292183756000266
24532,0.9814422955437911
24533,0.6258117028624902
24534,0.2872559052606777
24535,0.16231610160888496
24536,0.3104583322206171
24537,0.07379063612745113
24538,0.046488447911121014
24539,0.21354124237867791
24540,0.9421193348908343
24541,0.022522976522624024
24542,0.22588314628283684
24543,0.04772583673049475
24544,0.15418115927385842
24545,0.06296595590255512
24546,0.4487644382566413
24547,0.08544732361562844
24548,0.9681696796062642
24549,0.19004411519536982
24550,0.014539230291235432
24551,0.012164105518818934
24552,0.0050003386970382995
24553,0.00435724895375396
24554,0.016522582314775405
24555,0.016351505169113472
24556,0.004143734709174874
24557,0.08980204745883498
24558,0.994233319554426
24559,0.0586295117418067
24560,0.951082536002262
24561,0.4374871969757332
24562,0.9534605700837878
24563,0.01483582511861206
24564,0.005930421995214199
24565,0.11261139559528928
24566,0.05879452209777788
24567,0.010977711879449195
24568,0.29197527489323755
24569,0.009810300809891743
24570,0.2304465484440421
24571,0.009872429146234997
24572,0.08340718126554934
24573,0.001344253868803439
24574,0.02111995790013985
24575,0.004823759745157639
24576,0.9758664253005949
24577,0.014046117996849962
24578,0.005342304575997791
24579,0.9348254085827731
24580,0.007853768132242719
24581,0.983801667769954
24582,0.35733327264520887
24583,0.9593683477627871
24584,0.9729480806942836
24585,0.0047563385227619255
24586,0.009735537263844555
24587,0.10781064829772645
24588,0.008681595023698805
24589,0.015402683544093295
24590,0.27085592472847614
24591,0.0024062413639027403
24592,0.14463177225074403
24593,0.04305693319868876
24594,0.34518065635387035
24595,0.00562160700570213
24596,0.9733770422770893
24597,0.040102794227774005
24598,0.0040822252922002875
24599,0.005902613163776823
24600,0.16357104619341117
24601,0.08319438166473651
24602,0.004509115188004108
24603,0.009878085194503835
24604,0.002484030630884219
24605,0.01306595236627119
24606,0.8973077915363741
24607,0.007045781637154551
24608,0.035448880186029874
24609,0.2949583964371136
24610,0.0025466447418250712
24611,0.008841852739586811
24612,0.7195099009478476
24613,0.023256141154682896
24614,0.004141369410962761
24615,0.051192132143559416
24616,0.9425649592898679
24617,0.20889424807508178
24618,0.9606599858374625
24619,0.02870940488985011
24620,0.37374409897410826
24621,0.7098569433611542
24622,0.018129659268684373
24623,0.17584022074205252
24624,0.003662535139767452
24625,0.9162575634123766
24626,0.36715304039277014
24627,0.009686945345902654
24628,0.2636213521739502
24629,0.03793591707624887
24630,0.5163821934780409
24631,0.014911472640983636
24632,0.0022779611673442893
24633,0.0037666861217560354
24634,0.2532685240488255
24635,0.10156291103657819
24636,0.2715325378814975
24637,0.09759702148122805
24638,0.0042801871935892605
24639,0.020344748230508435
24640,0.004344152523040033
24641,0.6168842831837348
24642,0.7772893170661693
24643,0.00420070694603378
24644,0.031218304127862227
24645,0.159826152410011
24646,0.8504498781237335
24647,0.19052483154806144
24648,0.2809549524852803
24649,0.013281280941997186
24650,0.026758975568219677
24651,0.01827601700917301
24652,0.13088873202308396
24653,0.3778650455121901
24654,0.9922045044214991
24655,0.007679611358779396
24656,0.0039768747503569285
24657,0.878364334380044
24658,0.352544543139552
24659,0.0032415344372542574
24660,0.006913400087497223
24661,0.27991220251023247
24662,0.9588427960350986
24663,0.002665667466259356
24664,0.02522633205991426
24665,0.005870955667403478
24666,0.0035268335038086403
24667,0.07519830638304668
24668,0.8996704896633867
24669,0.4124402701013312
24670,0.636090492341814
24671,0.9824647171787577
24672,0.0450410677273357
24673,0.0075218196296518965
24674,0.12567482431040963
24675,0.004156938810239027
24676,0.007661052390537812
24677,0.7547628211825985
24678,0.9892912886275466
24679,0.09432749940438598
24680,0.6497033473273381
24681,0.012125757795063198
24682,0.003855974513091576
24683,0.09405801224041462
24684,0.9791228238496642
24685,0.0750583663433874
24686,0.10122527359534639
24687,0.047785083443523314
24688,0.6354258558061163
24689,0.5880216356265339
24690,0.004646749643107202
24691,0.014610088276666175
24692,0.9624368150169235
24693,0.04432249831068531
24694,0.027503094272440447
24695,0.03640264109780942
24696,0.24661533879795697
24697,0.0021375022178904512
24698,0.016385538651702614
24699,0.6664854236049821
24700,0.03173677354190356
24701,0.007464189953962817
24702,0.10678385514169361
24703,0.057956696114224035
24704,0.04708523523581905
24705,0.4948150744950847
24706,0.5031610516671735
24707,0.3188852733302537
24708,0.01440093963042803
24709,0.08478306574605021
24710,0.019137397542609673
24711,0.011286985123643447
24712,0.4333950096985378
24713,0.04358957997045441
24714,0.10189355752812636
24715,0.04209581576803423
24716,0.48855569528670423
24717,0.017734790799828492
24718,0.0019522556729651393
24719,0.2876417102071172
24720,0.26486704808266853
24721,0.5951952071428392
24722,0.006041418952741513
24723,0.01694444000591913
24724,0.07092106631067675
24725,0.5709437103646587
24726,0.26737398610978885
24727,0.003908821031315023
24728,0.7589116212898429
24729,0.035951191312677225
24730,0.0030248510121245148
24731,0.04104351586279198
24732,0.04113442132872443
24733,0.07902011650404123
24734,0.2735161879983459
24735,0.004377180522040588
24736,0.24947512976771136
24737,0.00173821109683684
24738,0.21829342256771928
24739,0.006031380031562718
24740,0.18777610746061485
24741,0.09996471583600285
24742,0.6839547883057395
24743,0.013987913377338448
24744,0.07400380778996371
24745,0.1475060364590913
24746,0.006942170577887561
24747,0.03783481575342854
24748,0.4537266513697676
24749,0.005285277785714656
24750,0.031857347355752776
24751,0.024010455271707927
24752,0.005337102485856177
24753,0.16749033133298005
24754,0.32803865505738844
24755,0.016810564296783893
24756,0.0014860932767383622
24757,0.16438367982776173
24758,0.03199192763302506
24759,0.002299782555689364
24760,0.005336078747444451
24761,0.008601617031631769
24762,0.2894387576950263
24763,0.043215011209906694
24764,0.005562746565057091
24765,0.009644427534589465
24766,0.02148359270428399
24767,0.018357634617048698
24768,0.0061954891990883
24769,0.008943323346897483
24770,0.006190806396372677
24771,0.002136305342246878
24772,0.07420298281283112
24773,0.020536281701126227
24774,0.14428168390671073
24775,0.003047815889273762
24776,0.17581899956925184
24777,0.016165181680209084
24778,0.8353448267185773
24779,0.013113031508343125
24780,0.028651207337532084
24781,0.012167289091839398
24782,0.93063577146497
24783,0.12849818059210244
24784,0.3117677160913787
24785,0.3087484206253327
24786,0.2092393552003427
24787,0.0040106679930554945
24788,0.7888311247393763
24789,0.03271670989077311
24790,0.005595375410959938
24791,0.3291345344432261
24792,0.004282832409259551
24793,0.660501192128894
24794,0.004907904323701104
24795,0.006066178715467657
24796,0.9920178446834247
24797,0.007053806506705744
24798,0.005865229926666364
24799,0.04431919553861171
24800,0.028078893622798466
24801,0.006608553346629033
24802,0.7305419658628988
24803,0.0038720640184900577
24804,0.0013322941726540906
24805,0.028202315079390108
24806,0.0027847986445494054
24807,0.06593892348328309
24808,0.00481852593119703
24809,0.2962739552805675
24810,0.027110562800679725
24811,0.01748895382618004
24812,0.004786572299784121
24813,0.155570008912353
24814,0.0692090763221407
24815,0.021768584117456705
24816,0.007005628145550153
24817,0.018545337285176038
24818,0.009632250380427615
24819,0.5830275456882523
24820,0.5934375770865151
24821,0.007625607071842317
24822,0.007949158545494562
24823,0.042652769016643895
24824,0.30218806176590973
24825,0.004815159433986443
24826,0.7203811494631966
24827,0.009893947256373431
24828,0.007626204506777932
24829,0.012483449338080967
24830,0.2923617494835066
24831,0.0018959017393225357
24832,0.01659826478043645
24833,0.04497085907435789
24834,0.02327021382905556
24835,0.06355535625279653
24836,0.02573074355266952
24837,0.008399880735735
24838,0.6446471852710655
24839,0.427087473760952
24840,0.9674245535648877
24841,0.9576613291341792
24842,0.0031540806556522518
24843,0.05708278792626803
24844,0.008837849231750053
24845,0.0031792973266070537
24846,0.003702209512745258
24847,0.7511839877623826
24848,0.007739434292410897
24849,0.020675420060925247
24850,0.017412937254493745
24851,0.520568140039849
24852,0.2834686878428802
24853,0.011492055610685163
24854,0.012715606154080144
24855,0.9802246348114615
24856,0.003340880258533921
24857,0.017273528674953683
24858,0.06493211763899143
24859,0.05452907076937062
24860,0.20208304824897988
24861,0.08597455918244856
24862,0.007824729875998424
24863,0.36499867248968487
24864,0.010870849584364286
24865,0.21516919634665585
24866,0.9974771790571343
24867,0.65758282886585
24868,0.04203426709272993
24869,0.08640814461905262
24870,0.6425385527552043
24871,0.11642185691470847
24872,0.014287205052759152
24873,0.05419604565476263
24874,0.23106406681518063
24875,0.05694227907585865
24876,0.1549316358593546
24877,0.49520657929486295
24878,0.0054767286658343834
24879,0.2449639640143374
24880,0.03325287264151942
24881,0.12476936603619315
24882,0.0536637581623785
24883,0.7078751771223508
24884,0.1326831284352692
24885,0.08745192090202492
24886,0.06544515920740873
24887,0.01182652968035658
24888,0.06036574702822292
24889,0.8796439030456851
24890,0.02756967079953338
24891,0.046318167651605076
24892,0.013001428956893227
24893,0.4086067660117422
24894,0.009134999307175729
24895,0.990560294413726
24896,0.9895491828309647
24897,0.04059185946541007
24898,0.9709420769119651
24899,0.015014146814544105
24900,0.03315907193958814
24901,0.02305031459053324
24902,0.4842440128805989
24903,0.010267263510211542
24904,0.012153214386104595
24905,0.8559618625416764
24906,0.05420130627836756
24907,0.6739656903431259
24908,0.2815418604047358
24909,0.014664359209279498
24910,0.0036567763586211693
24911,0.013478279042521458
24912,0.04402196565716779
24913,0.006272853123779403
24914,0.0065569496594047715
24915,0.006823294822938992
24916,0.9206020662774973
24917,0.02077510477168007
24918,0.6840896067169542
24919,0.006191645420439481
24920,0.07885213077384531
24921,0.8259455979421491
24922,0.006485428476344245
24923,0.05699150385311887
24924,0.015269531395301699
24925,0.049121579267622534
24926,0.005089481929186775
24927,0.11668896315723737
24928,0.10321070903950193
24929,0.045071368454817844
24930,0.29515140118398997
24931,0.9573386910679207
24932,0.06232548469676894
24933,0.03963235128660935
24934,0.014589261912088928
24935,0.01128887439450352
24936,0.06918812735917622
24937,0.9672689128228819
24938,0.9765851396135703
24939,0.028811160269236087
24940,0.014793237861625445
24941,0.016981724703253646
24942,0.004430097469676151
24943,0.005844487558043536
24944,0.008717616486000905
24945,0.012856013661146885
24946,0.0033710151255816755
24947,0.023701265542314793
24948,0.009234040011149657
24949,0.008235026611877467
24950,0.026547414993770516
24951,0.01777653513598337
24952,0.06762958755814989
24953,0.013488618351189766
24954,0.0723668083762757
24955,0.08055750280571754
24956,0.032260628017104456
24957,0.004678048610320393
24958,0.009205453211874019
24959,0.1746636144432827
24960,0.6720115847600735
24961,0.012896591732255954
24962,0.0018735204328973593
24963,0.003601995277949813
24964,0.004089378319216258
24965,0.008445725108816901
24966,0.888391589957744
24967,0.007537536448215446
24968,0.05831830687534968
24969,0.836191628912809
24970,0.908109440385696
24971,0.03827298055541188
24972,0.016926923959753887
24973,0.01253120920050414
24974,0.02545934502628148
24975,0.3323443402859109
24976,0.24391101159724715
24977,0.004476344298222072
24978,0.006428120810649769
24979,0.33903447709204404
24980,0.004062235225646389
24981,0.2721335510091289
24982,0.009650028836763998
24983,0.014513896577903376
24984,0.03160339270057498
24985,0.4873108620400275
24986,0.9491846040425611
24987,0.09467057442538637
24988,0.009776265616967712
24989,0.6278373216652876
24990,0.9360957368848662
24991,0.13005095424728058
24992,0.0027870481648248355
24993,0.053055383435453816
24994,0.9894209618226628
24995,0.011409005804303292
24996,0.014503789663610555
24997,0.001117174821036835
24998,0.07062308398634184
24999,0.10197204784472678
