id,Exited
15000,0.026723537539239128
15001,0.009885131770872224
15002,0.024385700981075783
15003,0.7928891990273245
15004,0.012008266523107974
15005,0.2210727530369303
15006,0.011091450892084267
15007,0.07296763009159787
15008,0.002747068984186822
15009,0.005746084002231959
15010,0.009283283236615321
15011,0.9956557791356382
15012,0.03432365552370543
15013,0.09069052417123379
15014,0.014097039823014992
15015,0.0055383224644136465
15016,0.1138443019340931
15017,0.0014082485179917831
15018,0.5310366871475064
15019,0.006779520044134471
15020,0.0039615159303455025
15021,0.003819610649309537
15022,0.998881018417483
15023,0.05989612241877535
15024,0.005000061033107945
15025,0.48553694900892946
15026,0.5989497920175224
15027,0.027471984377570202
15028,0.041973543223301324
15029,0.9196290150855486
15030,0.6687057336457035
15031,0.37301168954135183
15032,0.2228706101844792
15033,0.26262903146716293
15034,0.9837082477100234
15035,0.04609643489080752
15036,0.014446701768604622
15037,0.9938896537634604
15038,0.02993019058717589
15039,0.0023613434331118672
15040,0.22745998769644232
15041,0.0006445149301081588
15042,0.006586924981442436
15043,0.009824271262656139
15044,0.0017559827948165872
15045,0.03449938826414443
15046,0.16553986720660938
15047,0.9578214291935525
15048,0.004936719230763095
15049,0.6471812749157699
15050,0.03056696225400099
15051,0.005869366961317361
15052,0.009606743363735378
15053,0.39217075250708877
15054,0.030243678873994873
15055,0.0021726955803284065
15056,0.004474141764589445
15057,0.9930098256298444
15058,0.9255907909679256
15059,0.09035853419630367
15060,0.005485877681304899
15061,0.002591769074617467
15062,0.7499943745392859
15063,0.8789399881622993
15064,0.006996308954322594
15065,0.005149830880614906
15066,0.012947899292999568
15067,0.9912220481308645
15068,0.959439598389304
15069,0.02009549668279381
15070,0.9537063082479146
15071,0.0011137892534647718
15072,0.8556655201457467
15073,0.892863982977511
15074,0.0022164019678011376
15075,0.006162080731190582
15076,0.0010348537071961088
15077,0.02784760087846208
15078,0.0006860630808798039
15079,0.20920665412557135
15080,0.950355781562887
15081,0.03506989826820488
15082,0.09562549904284559
15083,0.03756792295258451
15084,0.005457161694250449
15085,0.00438339739575188
15086,0.9014248147810795
15087,9.098044825982883e-05
15088,0.002590406902100798
15089,0.017803344482464418
15090,0.004681413544784333
15091,0.006957979304278684
15092,0.001463868947722977
15093,0.03925505054750292
15094,0.006710508264003619
15095,0.011767226022961154
15096,0.36149413890872617
15097,0.0013636741293289148
15098,0.010899570517495351
15099,0.10403603254033468
15100,0.0013962816419561708
15101,0.7803145774059821
15102,0.6165069819758663
15103,0.468310336481623
15104,0.12814140284989048
15105,0.059040999386731595
15106,0.067468176061979
15107,0.9932055986257706
15108,0.007226021797768967
15109,0.009096735334664208
15110,0.07983033941967596
15111,0.024396650493649315
15112,0.3590865299844372
15113,0.008184623806892138
15114,0.007602866654540691
15115,0.0019768721106178063
15116,0.001524644852707918
15117,0.9972841286431136
15118,0.016908543229625653
15119,0.018135648269274298
15120,0.004539550055256127
15121,0.24830832675802972
15122,0.007981975032942684
15123,0.021202336391814368
15124,0.1436679930862491
15125,0.007181630795983226
15126,0.973558471481325
15127,0.0010000962255503362
15128,0.03899036848781673
15129,0.09116268514095813
15130,0.0007750755258228
15131,0.8589823301127392
15132,0.005638208346890815
15133,0.04180058478048514
15134,0.001057332354010585
15135,0.6555376233595281
15136,0.5158965970074748
15137,0.04064384648488609
15138,0.1316634866496593
15139,0.005524088998749021
15140,0.0008242702227493061
15141,0.943777803307204
15142,0.003022312891767615
15143,0.9788180935300018
15144,0.048909994498271714
15145,0.00639128796523454
15146,0.0029272041635140886
15147,0.5391765711482175
15148,0.010499430315183647
15149,0.996951622611444
15150,0.0093250582342591
15151,0.06023312477730817
15152,0.9902511992797516
15153,0.13409852506303233
15154,0.9766215538007983
15155,0.11450287151471066
15156,0.0036250141452342545
15157,0.39852662593095095
15158,0.10279559227397976
15159,0.6794970559973623
15160,0.2773639981543186
15161,0.0003562709718119609
15162,0.0024499214218050612
15163,0.005009957814301015
15164,0.0021715312692482365
15165,0.029551483073383594
15166,0.9806427972534585
15167,0.03692226219109951
15168,0.03548974412734468
15169,0.01671216452766344
15170,0.17244564152584912
15171,0.010166703243244913
15172,0.021126624301738797
15173,0.9936659784834965
15174,0.6060364902317482
15175,0.13031595888953645
15176,0.00022890278961219639
15177,0.20844224236209313
15178,0.0482522686136289
15179,0.011247103437920168
15180,0.4392895219762026
15181,0.999525792867639
15182,0.10158385121819173
15183,0.1490871193960806
15184,0.011823802421330886
15185,0.6503986448534425
15186,0.015376466081143495
15187,0.005398113101532635
15188,0.005342287149442886
15189,0.006554138112811928
15190,0.007432403754973407
15191,0.0025031702158748114
15192,0.07583828024304708
15193,0.1352981598458142
15194,0.9022755713959698
15195,0.11366154476681507
15196,0.2512249634488171
15197,0.0013512876395366268
15198,0.3099977751126499
15199,0.00370686209743713
15200,0.2923041651036198
15201,0.002991941506867457
15202,0.0006494572381730135
15203,0.0015606401197532577
15204,0.001145677606725779
15205,0.041058841703566315
15206,0.07040245145742859
15207,0.0907863511008389
15208,0.017069312903281376
15209,0.05871546243110504
15210,0.006856227702898625
15211,0.060187602411831874
15212,0.49962217400923153
15213,0.0007074403949053034
15214,0.004853215109607389
15215,0.011882049511366045
15216,0.8596392635122879
15217,0.021895357903758718
15218,0.04112808992084468
15219,0.0011787473899604818
15220,0.011559030805671376
15221,0.045954086634167286
15222,0.09123884229803463
15223,0.020707510389570777
15224,0.00995105070626166
15225,0.35762368736954747
15226,0.4124354174079868
15227,0.005513551887474768
15228,0.7300417860174456
15229,0.19883066228052465
15230,0.9841680705469151
15231,0.583087146559143
15232,0.01615393218924155
15233,0.029747362540569443
15234,0.9999731959594135
15235,0.005516537278954277
15236,0.11169004120155879
15237,0.02863838774210121
15238,0.0025388436686650273
15239,0.00651411429930989
15240,0.18880252054136698
15241,0.014281930228897146
15242,0.0907446307497439
15243,0.9361622182059939
15244,0.01670786257313335
15245,0.9281390897693111
15246,0.14556991963297375
15247,0.07796077708401358
15248,0.1280960376643322
15249,0.014585090753376126
15250,0.0045443571226141104
15251,0.0055173709132712015
15252,0.36745974786877367
15253,0.06630632572035677
15254,0.009294813212500825
15255,0.009678655870939324
15256,0.0017194861699748399
15257,0.08205661797015634
15258,0.8433867883183399
15259,0.049687436151924426
15260,0.0034997894167152683
15261,0.9989243271529434
15262,0.008595338408827915
15263,0.9494782330323442
15264,0.20294092806326178
15265,0.2785987737928647
15266,0.07113224421180415
15267,0.009803367406505985
15268,0.0024822771438872304
15269,0.017285751563089622
15270,0.03899349931705413
15271,0.006923790292808425
15272,0.08389035625282512
15273,0.024607124920724113
15274,0.9875125568529481
15275,0.9578081724093029
15276,0.05533156200129295
15277,0.0037968311336029287
15278,0.00504759992950774
15279,0.005514201230040959
15280,0.9965707174232091
15281,0.004017726519360056
15282,0.4337867380929244
15283,0.9056261804904672
15284,0.00789684521151228
15285,0.9361583355434803
15286,0.00011111413071606115
15287,0.0028581280438725247
15288,0.004079688776997794
15289,0.016073502771810754
15290,0.00044061817945309354
15291,0.002209007283994382
15292,0.36792153825887713
15293,0.9917908038468505
15294,0.014377385577393114
15295,0.12450064280556966
15296,0.04964561973042528
15297,0.004694492608864759
15298,0.0026531433427951973
15299,0.000790105082135473
15300,0.013449554997173568
15301,0.14184786977015224
15302,0.19471965604287284
15303,0.0019453738518176113
15304,0.009315701515875657
15305,0.3683879109303297
15306,0.14936534512801913
15307,0.9307135724492266
15308,0.00029405712505074154
15309,0.9998512822376573
15310,0.6811236158823115
15311,0.10431151372359139
15312,0.0017822337312564554
15313,0.005852943126642364
15314,0.0031239780130706617
15315,0.0029697376352324305
15316,0.15377777670569084
15317,0.011551473410433496
15318,0.21956328154764954
15319,0.0007668898920381926
15320,0.004071806075294099
15321,0.00454113163403915
15322,0.021240442019175333
15323,0.00033135386602397453
15324,0.9611225113503941
15325,0.00031735788737711693
15326,0.009522823983767859
15327,0.254661833809954
15328,0.09176167269732438
15329,0.0013582283997708585
15330,0.010512476769203336
15331,0.009951600102805042
15332,0.009385867958213926
15333,0.009276276720677707
15334,0.060312282101488084
15335,0.0049124108686745315
15336,0.07184602433968743
15337,0.02320145794744841
15338,0.22482232391473422
15339,0.030221026981518358
15340,0.005789501274275357
15341,0.00031213131037549223
15342,0.9562565674935573
15343,0.04515078316848555
15344,0.030439222330215846
15345,0.3035730298348729
15346,0.9034991618892486
15347,0.0415150723225189
15348,0.024559909198931883
15349,0.009573388465808479
15350,0.05408220460271956
15351,0.02378428269756564
15352,0.017628476138893356
15353,0.5717276442815769
15354,0.008446758289777225
15355,0.0034243349345654765
15356,0.7678912949719356
15357,0.0018848927226117855
15358,0.016719773949282826
15359,0.0004248220013982608
15360,0.005695256038389399
15361,0.0016265849191682965
15362,0.0046465154167685705
15363,0.010487149960526201
15364,0.02258803278081516
15365,0.5528598119389057
15366,0.051923098607677305
15367,0.8929138898326596
15368,0.005590102820833524
15369,0.045891366918767024
15370,0.520491900841622
15371,0.017615490676618297
15372,0.009813867421591958
15373,0.1863751396846558
15374,0.43271906952301814
15375,0.07252828463186728
15376,0.6530783666192416
15377,0.7929573884721568
15378,0.21017247954008098
15379,0.7769785015811046
15380,0.9361335039464931
15381,0.007074623960450702
15382,0.004231595789051631
15383,0.002355677967194445
15384,0.6683852766900796
15385,0.18710953154375037
15386,0.2769568865877714
15387,0.029389515679940515
15388,0.006537568911515054
15389,0.02813511801383413
15390,0.1767190100017336
15391,0.09781909115398886
15392,0.0018057994775957582
15393,0.00451755161970935
15394,0.0014084728499934554
15395,0.011360179283042357
15396,0.056311052995461214
15397,0.003347389491316189
15398,0.011727216101252394
15399,0.0017749842344948583
15400,0.9875769706548265
15401,0.049708449472001474
15402,0.00284775141596955
15403,0.025735309586183613
15404,0.00813658913386268
15405,0.020326456126394415
15406,0.18169392278763913
15407,0.013108589746970335
15408,0.03985143289996035
15409,0.5371724207371178
15410,0.5795313364146717
15411,0.0082576731276408
15412,0.03260798027703605
15413,0.879731093316697
15414,0.9962991487856263
15415,0.002151517185814248
15416,0.002817999801904841
15417,0.5534388999640579
15418,0.016429502049410016
15419,0.24464228636483384
15420,0.02612201603481328
15421,0.026140904459389817
15422,0.07281816990027691
15423,0.10388486088654778
15424,0.003307057042803511
15425,0.9843231419889136
15426,0.4595461873270484
15427,0.012279489136401901
15428,0.05280897955961834
15429,0.025372228463135017
15430,0.0020016144962074324
15431,0.006134645736539263
15432,0.028303240165178864
15433,0.000563805541374305
15434,0.003500873468866639
15435,0.001742843418901566
15436,0.008616816890432628
15437,0.05940877582051525
15438,0.00599904615563264
15439,0.01903084766079592
15440,0.005482677258840512
15441,0.9004765391246621
15442,0.7253552787825036
15443,0.4882247914904956
15444,0.0030734889905577644
15445,0.005869452189924133
15446,0.08254125738942802
15447,0.005316550362787909
15448,0.962743653807855
15449,0.054382383599068024
15450,0.004419207003005396
15451,0.03523408987835099
15452,0.8102308319033179
15453,0.11207283547800949
15454,0.12471800324970675
15455,0.9119378295341837
15456,0.02356606187907595
15457,0.0006526510676396209
15458,0.03527790809585274
15459,0.7570922342724213
15460,0.31622410034803733
15461,0.025497621443715632
15462,0.01872263766532272
15463,0.0017704958268471027
15464,0.9730103155462628
15465,0.08408858852789367
15466,0.003119969357376569
15467,0.8647537838621208
15468,0.0015741168137634405
15469,0.009471023787844675
15470,0.002386132083872997
15471,0.012924301221743928
15472,0.052518031556289285
15473,0.09428443754033358
15474,0.20362216033928737
15475,0.7476997436947193
15476,0.35867412490978595
15477,0.039002008490876545
15478,0.0064746914024960646
15479,0.024060615424476434
15480,0.7840723318208398
15481,0.9926577483399062
15482,0.14690350932334703
15483,0.9977006483548818
15484,0.012138441866419108
15485,0.7698407748833637
15486,0.015574360901474333
15487,0.9923613651066416
15488,0.005275213809515218
15489,0.08243172882966389
15490,0.9715929816655325
15491,0.2114562495560385
15492,0.993309664810596
15493,0.06342342092990193
15494,0.02145617690346209
15495,0.7988863501573874
15496,0.07501076307571397
15497,0.0012377673606449487
15498,0.9906960558554286
15499,0.5043185610773555
15500,0.007149046085288778
15501,6.340877343622995e-05
15502,0.01922969612646477
15503,0.9880257556890589
15504,0.05281913750471254
15505,0.014102069612017232
15506,0.04076879749267933
15507,0.0017232560218742449
15508,0.6141348364160425
15509,0.003479758487881678
15510,0.08784194416472745
15511,0.02453078178954805
15512,0.0021157293575562682
15513,0.006049940742253586
15514,0.018391845922096972
15515,0.002245095701967619
15516,0.020553130896371653
15517,0.28896216226562316
15518,0.005218555151547058
15519,0.005557841673236282
15520,0.3066311599968251
15521,0.04965846560408422
15522,0.10171536946636324
15523,0.048658752741553256
15524,0.0101153470053467
15525,0.0009271452437454713
15526,0.004552043244536966
15527,0.00822542582999567
15528,0.0015029257759201406
15529,0.04408043107391097
15530,0.0018561115277513284
15531,0.04093246100030225
15532,0.011327484990880826
15533,0.08863581616513523
15534,0.005472977179705586
15535,0.034419580135332334
15536,0.2318487152681001
15537,0.006803835245159594
15538,0.023944382094800955
15539,0.010619434584281605
15540,0.017879756989734763
15541,0.042592492947628346
15542,0.004438483039223011
15543,0.004511491883807907
15544,0.0046733445567789895
15545,0.012495080399539298
15546,0.6088327376638849
15547,0.11888894434558889
15548,0.004703152617405268
15549,0.7414727150207923
15550,0.004394606204467241
15551,0.006474414578437564
15552,0.01484892544206335
15553,0.0078144252695379
15554,0.4747769171284451
15555,0.0062831326458392435
15556,0.017711700207209243
15557,0.003919556999368874
15558,0.06219897442609322
15559,0.02220825448964794
15560,0.0073971897319906705
15561,0.027951410402386124
15562,0.009404314167242247
15563,0.015036816360564935
15564,0.027607788828457342
15565,0.07483018534115328
15566,0.005652484584260709
15567,0.020744530945717318
15568,0.0008394362983092277
15569,0.013468836898424433
15570,0.08062454621170956
15571,0.5432184835941604
15572,0.9449993985577717
15573,0.045745993407360526
15574,0.008015091704280998
15575,0.004257975683412193
15576,0.030284428988942395
15577,0.949696518321359
15578,0.8377748598694653
15579,0.4483963352900537
15580,0.003102506846526691
15581,0.05479525519178069
15582,0.009243404710122891
15583,0.004660345489625969
15584,0.01883951399732517
15585,0.9399763675100776
15586,0.0012673980570236966
15587,0.0037227694923399187
15588,0.03473119958319175
15589,0.0003916415861655067
15590,0.014509666183471614
15591,0.0234159640078083
15592,0.07143053771049583
15593,0.9564622316325487
15594,0.8438981405436369
15595,0.006754203832963977
15596,0.9056804655729287
15597,0.9222228267749141
15598,0.2929819735975914
15599,0.1344777294536201
15600,0.5988645319800757
15601,0.2432073586166135
15602,0.022371085047740005
15603,0.0014861470584966502
15604,0.07935531688238769
15605,0.00010735694393947015
15606,0.005075061134818176
15607,0.006265749641675915
15608,0.003729754794726062
15609,0.007556212356520896
15610,0.9849543632705441
15611,0.00022482645543181145
15612,0.14445005187988635
15613,0.3078788314480094
15614,0.0596031844998108
15615,0.1285906085129663
15616,0.005985069125455216
15617,0.9839809964525267
15618,0.36029836979365054
15619,0.002171611799982772
15620,0.06985573531411308
15621,0.009374482865703545
15622,0.01942102954826685
15623,0.055059576272739226
15624,0.015184138563702338
15625,0.9976383743155182
15626,0.0025191613784838487
15627,0.29258196418272175
15628,0.02139607349113745
15629,0.06338353725681552
15630,0.057952127203334564
15631,0.12331635101254168
15632,0.006147432759739926
15633,0.0015576718333108763
15634,0.05883283836022518
15635,0.1464630377425815
15636,0.00479048856545628
15637,0.02080785143216788
15638,0.011064707226815162
15639,0.4443412824155377
15640,0.3497218304222225
15641,0.02660104368762642
15642,0.3134898787751298
15643,0.005846058274280291
15644,0.200433101805827
15645,0.020458796415573546
15646,0.09845025773789269
15647,0.008274850667740244
15648,0.15363139532367498
15649,0.05404114483701629
15650,0.0015255337355501444
15651,0.008050670570291508
15652,0.005911718439199052
15653,0.21885600007114392
15654,0.08780912052485534
15655,0.8619622370749195
15656,0.5554288228717793
15657,0.9893331228020095
15658,0.00034515521476092084
15659,0.04266323586640748
15660,0.005215423427013605
15661,0.10560936467171525
15662,0.01687031749638083
15663,0.010422148711142293
15664,0.04606291739423407
15665,0.025319347198936835
15666,0.0026929784852024294
15667,0.020254072348133784
15668,0.002017262595676575
15669,0.09363577919552403
15670,0.8642509820399007
15671,0.001940739140722679
15672,0.0007930077184639306
15673,0.0597379263839848
15674,0.09376607168961419
15675,0.8745903823704873
15676,0.027529777587710726
15677,0.5677098290887328
15678,0.012687499658899716
15679,0.0037206849092801847
15680,0.07843135050651832
15681,0.002170536788812024
15682,0.00284158084434398
15683,0.003718985888071197
15684,0.0072891412351915
15685,0.006645062399203074
15686,0.6024015078394025
15687,0.0006820563325714046
15688,0.8062911454130102
15689,0.31703880714336685
15690,0.061167300394999895
15691,0.004106820972118729
15692,0.01461284780465601
15693,0.11036366516606358
15694,0.0014372002340219464
15695,0.018758120259244476
15696,0.02318942383136477
15697,0.003578053344157573
15698,0.14889371994282705
15699,0.00044129602802538674
15700,0.007072530959326709
15701,0.133505915998408
15702,0.0297258250878135
15703,0.09229678177233243
15704,0.003272202740435815
15705,0.9716194656411549
15706,0.15028641855295222
15707,0.0026744409373175644
15708,0.518568330947544
15709,0.0021329752204465513
15710,0.8801951928851994
15711,0.05208083526817369
15712,0.01641556018657763
15713,0.011281770129533499
15714,0.002949076111781011
15715,0.8837145648963068
15716,0.02844116896615805
15717,0.01254624617868486
15718,0.000713775243842092
15719,0.9950607844557595
15720,0.14775360431540996
15721,0.03710350544743828
15722,0.002228553645080938
15723,0.0037854651477148373
15724,0.053170640027796846
15725,0.006722032081911467
15726,0.016398892511972716
15727,0.031101997431865813
15728,0.005706354244225803
15729,0.9039894942132406
15730,0.05144089003682092
15731,0.0018586560084173438
15732,0.9965657341367814
15733,0.28011391341987674
15734,0.02060936116067889
15735,0.6651933755768159
15736,0.014863830050771246
15737,0.32016752472133436
15738,0.0051360601065366255
15739,0.002135388632504038
15740,0.03713287104714936
15741,0.027433654190658335
15742,0.8988516010490312
15743,0.7732088658246807
15744,0.0117254192374048
15745,0.0033274973196659573
15746,0.014693709803249303
15747,0.4096999731678767
15748,0.5629964179554083
15749,0.00460237782894391
15750,0.01714082508643807
15751,0.0017642769991199395
15752,0.6025976883326511
15753,0.013989318681234241
15754,0.0018057687808366411
15755,0.08189606697858985
15756,0.00030665371637159767
15757,0.0009165805057559435
15758,0.09968778961407414
15759,0.05460444102023293
15760,0.06802515332266457
15761,0.14386394025140056
15762,0.4490426975795742
15763,0.986422424513698
15764,0.02035853039190508
15765,0.039101536561785076
15766,0.044312274729920394
15767,0.0025028583181247502
15768,0.00483049721225467
15769,0.005136984378013045
15770,0.20191630748062225
15771,0.1027482783553727
15772,0.0012715207290761776
15773,0.025874759711415226
15774,0.0151530834834188
15775,0.006321228944796566
15776,0.12413992848449958
15777,0.7196263801271199
15778,0.9721835006569858
15779,0.11475843242586448
15780,0.9140569673933526
15781,0.010644206886816263
15782,0.03631529153214526
15783,0.01914377121428763
15784,0.008761798856134727
15785,0.010745583461068837
15786,0.01116929745824972
15787,0.011267765524778824
15788,0.6380772877375274
15789,0.9492551138195938
15790,0.034981009439554366
15791,0.0008640077507584115
15792,0.9969888528713567
15793,0.004221663641227193
15794,0.00987633793376366
15795,0.2457678278258502
15796,0.002369433573853395
15797,0.4051427723727754
15798,0.9986640950133953
15799,0.008509306555492948
15800,0.22779285383236342
15801,0.788627427563947
15802,0.285972490930537
15803,0.15277979905876413
15804,0.0012346839389214398
15805,0.0502159820015236
15806,0.009796171795448172
15807,0.4630517926498434
15808,0.21514094321771243
15809,0.02119474696674729
15810,0.9689422923163387
15811,0.10131572322946548
15812,0.02947538781300312
15813,0.00014566669465126522
15814,0.003202451447619634
15815,0.01100871011975593
15816,0.07541383443921666
15817,0.00983696029843067
15818,0.012366310037349358
15819,0.008131596748383948
15820,0.0024240728138986687
15821,0.7434085440365168
15822,0.2357490922347505
15823,0.013402695541743524
15824,0.006855913257231557
15825,0.0017543378668197468
15826,0.0011957644280690526
15827,0.030932682718432004
15828,0.007432808042496402
15829,0.27405772856119953
15830,0.9489286369844956
15831,0.0826320693341794
15832,0.04015245149666671
15833,0.7158085257622143
15834,0.06952522215573403
15835,0.0022606414650703896
15836,0.002722341506353564
15837,0.18705431679935172
15838,0.00254161443370255
15839,0.0007210185166204859
15840,0.0011396066862784304
15841,0.007151256672728392
15842,0.02371011611335488
15843,0.05037183408856073
15844,0.07597961649454082
15845,0.6857193837619551
15846,0.7674292760750865
15847,0.017195346328769456
15848,0.024996434425465515
15849,0.0267778474087433
15850,0.0015923771107936142
15851,0.004386051460070041
15852,0.01020171006759442
15853,0.009963158154229084
15854,0.0011257498403897703
15855,0.18009303827955525
15856,0.0029207401460551612
15857,0.08729828980125602
15858,0.0013918468312174809
15859,0.8118215168678964
15860,0.004015496745151743
15861,0.3611984224179293
15862,0.010034454976824656
15863,0.05955119972220845
15864,0.9997805619637445
15865,0.30150679531168856
15866,0.01425895480448897
15867,0.024262587107546557
15868,0.002269568742955357
15869,0.006802194213149176
15870,0.005541920593139259
15871,0.010295716271878197
15872,0.258675781901495
15873,0.4314518917302967
15874,0.0035169695516728086
15875,0.019776234842419537
15876,0.0032534260030285937
15877,0.0047452293310416
15878,0.29777643552700434
15879,0.6003893965309517
15880,0.0037306055930244517
15881,0.006832806959299901
15882,0.0014026349037543162
15883,0.005565205247570965
15884,0.035013482975378735
15885,0.09112241334885901
15886,0.63172132389782
15887,0.05639244728071098
15888,0.09064027148499451
15889,0.005313767862799027
15890,0.0075601463873515885
15891,0.9962895072107005
15892,0.009075681967966386
15893,0.3187977317949003
15894,0.003200619553000331
15895,0.04229169777039983
15896,0.05702879425891045
15897,0.9561164654969033
15898,0.025132504301709307
15899,0.006025889209112186
15900,0.23364162184229523
15901,0.3567577437759992
15902,0.005957584486123939
15903,0.9143828566830879
15904,0.0030439950342487396
15905,0.0023202161096562996
15906,0.024928412183583316
15907,0.15686177819944946
15908,0.01604292305927384
15909,0.148603922078379
15910,0.06541447289364642
15911,0.2725524842114863
15912,0.017636250475941157
15913,0.005708024121749374
15914,0.6203787034002995
15915,0.005696178484700277
15916,0.03820470672521042
15917,0.005416060026836914
15918,0.006118606163496555
15919,0.16449572126056294
15920,0.15235753103702263
15921,0.6530637001285868
15922,0.013841045809149157
15923,0.0072952141261624125
15924,0.7887611374260814
15925,0.0020326262947201836
15926,0.005028217988693821
15927,0.9874431468396312
15928,0.20110858124419323
15929,0.8078548486979397
15930,0.9676943062311156
15931,0.30581619514117253
15932,0.002871955303158341
15933,0.8646532603760106
15934,0.001538113401591956
15935,0.0005137126827872156
15936,0.008783123368292248
15937,0.004424409925103617
15938,0.05992788081250276
15939,0.006852317250728983
15940,0.05086209447181547
15941,0.03225674969295352
15942,0.005326852688186542
15943,0.023320494025194895
15944,0.003290597723659902
15945,0.0013169899228205996
15946,0.05713816495238813
15947,0.0015079477402712615
15948,0.7672146506029586
15949,0.9836066554038817
15950,0.0007569581414394629
15951,0.03182758039055751
15952,0.9976981691918569
15953,0.5836763464832743
15954,0.009229169398317605
15955,0.031005445123409574
15956,0.0057197963684155265
15957,0.015278945877680793
15958,0.9882889652936976
15959,0.2908203203306769
15960,0.0021845916578287308
15961,0.8391878233249039
15962,0.012246060476693077
15963,0.0005508850912504551
15964,0.04231112511523854
15965,0.10359394813540804
15966,0.9989721085269434
15967,0.012994184988061453
15968,0.13396466693813286
15969,0.0014004116023084794
15970,0.03667127572118203
15971,0.0667623082819087
15972,0.9998636557773403
15973,0.005889462272342265
15974,0.15849042140451614
15975,0.07538048874524488
15976,0.0031549270966882404
15977,0.07696948988398207
15978,0.5588349240840527
15979,0.009127864935186834
15980,0.0047673187398165106
15981,0.009934099283235324
15982,0.0018588845327022073
15983,0.014785173857614482
15984,0.003515435927855403
15985,0.13087015350579637
15986,0.06292404742761831
15987,0.03517908081759161
15988,0.005537708267613971
15989,0.034948020185330414
15990,0.8157091252561817
15991,0.0006519260298773982
15992,0.9942338956344572
15993,0.029338708739307537
15994,0.004125044511382584
15995,0.018003303451866053
15996,0.9894681410466094
15997,0.21631895294055886
15998,0.0015736528605382418
15999,0.007633127847066788
16000,0.4982486977179455
16001,0.006661757472804519
16002,0.0038008320838968826
16003,0.0011295228411580323
16004,0.04785975694934185
16005,0.16601166141532908
16006,0.03358006228183434
16007,0.015580523457648522
16008,0.0014444930230415388
16009,0.7994095504144172
16010,0.0022433325239320065
16011,0.6548423875283828
16012,0.015526030145446608
16013,0.0027290072900933767
16014,0.006182165952337472
16015,0.0990242462735163
16016,0.7907760653115018
16017,0.5584482681663836
16018,0.08815823311466925
16019,0.12644656901490514
16020,0.014548947345748072
16021,0.0028539528271994104
16022,0.0033864353835928247
16023,0.009424102781455494
16024,0.01513318292889452
16025,0.0043241113275310555
16026,0.9457591823903561
16027,0.003109938470640727
16028,0.02051554260883828
16029,0.006404173433850764
16030,0.007361180278039571
16031,0.006911120516150749
16032,0.5359485212114021
16033,0.05959552569947404
16034,0.6821786398102901
16035,0.018425354348476797
16036,0.062280698649056054
16037,0.0772735597046398
16038,0.17325569071773742
16039,0.057326118574439554
16040,0.09617098252911391
16041,0.9999309594883078
16042,0.028673043702881915
16043,0.007108344429062036
16044,0.0012187178806963928
16045,0.9980407185048589
16046,0.43426307775213435
16047,0.24348503626942308
16048,0.05074323260476208
16049,0.03129567318923883
16050,0.017520550275203665
16051,0.0014889957130077573
16052,0.03265468019923598
16053,0.0029430153316114508
16054,0.24305144475976292
16055,0.28277499214312013
16056,0.10750384436228441
16057,0.734067004960767
16058,0.6195687627258033
16059,0.11183964401983433
16060,0.9450605650572949
16061,0.00806624292813729
16062,0.005828759697156265
16063,0.0015934691166976575
16064,0.0028033202537292357
16065,0.005864231010691375
16066,0.006378788301057115
16067,0.004199694949571975
16068,0.3027154431060471
16069,0.010593476057661241
16070,0.7769764851308361
16071,0.001443210510478277
16072,0.009561050126402274
16073,0.5515691999580993
16074,0.010553409917172837
16075,0.05447516162757833
16076,0.6953297863058373
16077,0.7916761239776792
16078,0.9200559681832822
16079,0.4330869955393569
16080,0.005814196384175894
16081,0.00563093945531684
16082,0.1968722556316554
16083,0.03372704338479816
16084,0.004918039218268298
16085,0.00706811862067517
16086,0.7368106914393863
16087,0.002308579267751034
16088,0.0030024050625162557
16089,0.0017676709830278614
16090,0.9945369305531767
16091,0.10209082801016951
16092,0.01807024094486476
16093,0.04504308515740539
16094,0.5739987765194297
16095,0.08731437230431643
16096,0.010978872452960316
16097,0.5807742824798366
16098,0.12452382630717372
16099,0.07015994917038135
16100,0.0016039978710170974
16101,0.012130763803428554
16102,0.02009164702207544
16103,0.02377027383120072
16104,0.0010556100103848803
16105,0.9636503903889079
16106,0.025504165142653662
16107,0.007702168529592018
16108,0.9671466629482747
16109,0.3573132643594432
16110,0.011425236932591658
16111,0.7011568114418946
16112,0.030474167126293417
16113,0.05035662559460432
16114,0.00044225986247302954
16115,0.9992265106079914
16116,0.007043200240775648
16117,0.004283984035438275
16118,0.0023336936187975553
16119,0.39660784272328875
16120,0.002894931988397756
16121,0.0014060190371317487
16122,0.013515840037234023
16123,0.0023714613707399223
16124,0.0009265891790390692
16125,0.00017775051087187316
16126,0.12484181600867905
16127,0.004189785340278438
16128,0.06506741813658641
16129,0.10031179535573512
16130,0.8471458632000268
16131,0.004512514064447967
16132,0.48040779368912784
16133,0.999667005199124
16134,0.35512569999790755
16135,0.009441966011368342
16136,0.0023431011054951944
16137,0.020105926747469544
16138,0.003448594091605814
16139,0.0014222465587002207
16140,0.0018450682445618142
16141,0.15913655225301465
16142,0.004314417315543092
16143,0.020047720433674587
16144,0.0022170893531499422
16145,0.012320881280149144
16146,0.08380243061017359
16147,0.11628913741297568
16148,0.8127831688285282
16149,0.9093963335586942
16150,0.07291085644249111
16151,0.08554666856826713
16152,0.5724279415925485
16153,0.5801405770985195
16154,0.008377863486192013
16155,0.49435422406303664
16156,0.0037729466021904465
16157,0.12413269883718665
16158,0.15342444221719795
16159,0.3715444861455713
16160,0.14452642161633475
16161,0.388828816095949
16162,0.009389861139678688
16163,0.008479060828873081
16164,0.9475100696276535
16165,0.016462596633824034
16166,0.003590210442766518
16167,0.3206551494891001
16168,0.013536782164801864
16169,0.0369082551891103
16170,0.010564390667225015
16171,0.2659790460462301
16172,0.008691739394013385
16173,0.8980529280432007
16174,0.09424931307328759
16175,0.001399662344465547
16176,0.009778001922583119
16177,0.6006733259468363
16178,0.01392106655968261
16179,0.10149719764285543
16180,0.001174061799645061
16181,0.0012853004317983088
16182,0.04063607456470013
16183,0.0012932058657253195
16184,0.014402048468423221
16185,0.048385065629735845
16186,0.7969864226880934
16187,0.012663862974717348
16188,0.025978394700480682
16189,0.042922249135624126
16190,0.00022845140802343417
16191,0.859065842567375
16192,0.9958270489621581
16193,0.5765849149300992
16194,0.9888833215812473
16195,0.48928143603234164
16196,0.14126550816777064
16197,0.016903050063596572
16198,0.05838066509236001
16199,0.01196880037125292
16200,0.0010994329803995797
16201,0.05264446064928923
16202,0.14386105528019003
16203,0.630496393181424
16204,0.006994142478124343
16205,0.6526802050713637
16206,0.04416610598260211
16207,0.017085843759138873
16208,0.2089923125200934
16209,0.019658249226436206
16210,0.09450281178014532
16211,0.07268869585019919
16212,0.01271635833407045
16213,0.05246024205204013
16214,0.5001364540848731
16215,0.021817728363799985
16216,0.11040456816639146
16217,0.4066495403828407
16218,0.003369950613828939
16219,0.018620140257034665
16220,0.006723685387398727
16221,0.19073253682983743
16222,0.2521879015074588
16223,0.976205654267193
16224,0.0017188497046244184
16225,0.03899621498423613
16226,0.016030813004147933
16227,0.0026028821807073297
16228,0.024009838732965052
16229,0.2110989550096009
16230,0.058954373087911315
16231,0.387605760276725
16232,0.5477047924290369
16233,0.32668369617932724
16234,0.9831393467032323
16235,0.0015539577878314762
16236,0.0011896390942276595
16237,0.42067764330084273
16238,0.05950674820329535
16239,0.011985212158196343
16240,0.11539141250507158
16241,0.022564860575736968
16242,0.003729719473592706
16243,0.03835545956149435
16244,0.2350939189122961
16245,0.4688929531736407
16246,0.00032759277114932927
16247,0.0001908001789643474
16248,0.9895803935049863
16249,0.1801581923419458
16250,0.8098782998158462
16251,0.9565578176469189
16252,0.005139118624019153
16253,0.006915103573832616
16254,0.003230622199087763
16255,0.012010377640761663
16256,0.008994441209635306
16257,0.008289761292157386
16258,0.031981129362311164
16259,0.10668472183371706
16260,0.004166821709785759
16261,0.03377420932323414
16262,0.01638511404869853
16263,0.017819046148917106
16264,0.006241116271168909
16265,0.006774333814040052
16266,0.9740405634445777
16267,0.00808077838411358
16268,0.018179332914677843
16269,0.012992401538892391
16270,0.06059868085198243
16271,0.012703925266890228
16272,0.18786216869333303
16273,0.016694082369645327
16274,0.10336808303414399
16275,0.08060184654960799
16276,0.24449354829811817
16277,0.9965991588342594
16278,0.017236477008473413
16279,0.26194091409183407
16280,0.0004754105626592986
16281,0.7423973212156433
16282,0.007435809265001233
16283,0.003024674601084742
16284,0.01630197857736982
16285,0.045668054327957376
16286,0.006446959243831136
16287,0.012584244050967731
16288,0.29313628028268923
16289,0.01743141255278259
16290,0.004902110049720797
16291,0.008338589706632555
16292,0.9404010411567538
16293,0.8497345140829007
16294,0.02307019892435892
16295,0.04516946101296307
16296,0.015491806592709125
16297,0.8814666962281561
16298,0.019694852764194123
16299,0.9975909812147733
16300,0.03208303124205838
16301,0.3428910392427477
16302,0.8052467726899564
16303,0.003989170657108983
16304,0.0029159565402069923
16305,0.06907268103009302
16306,0.030281793189874725
16307,0.8203969112937364
16308,0.0017156229762198673
16309,0.9998231433101767
16310,0.08789270717822505
16311,0.0039035604097811412
16312,0.8175523348237838
16313,0.9972895303276844
16314,0.0006702452478636117
16315,0.8684490453531086
16316,0.989714863928168
16317,0.019038789560119448
16318,0.0016957513945122852
16319,0.5513854709619406
16320,0.3744197550127774
16321,0.003216895444744867
16322,0.09403227897121658
16323,0.0022109817611637174
16324,0.004822004394558597
16325,0.021319244718557725
16326,0.027023318786325388
16327,0.0290154372506289
16328,0.8575372887817296
16329,0.04156522952099675
16330,0.003929921511233968
16331,0.002598647380101977
16332,0.09853386383500179
16333,0.0013026818742170915
16334,0.014847171470880705
16335,0.01128161837590816
16336,0.14249399805847932
16337,0.0011408379594525626
16338,0.004370875398329747
16339,0.005166570467313206
16340,0.003937718697454881
16341,0.4421950823973929
16342,0.01381338201436592
16343,0.1816432178307635
16344,0.028143882043213435
16345,0.0014459620482491415
16346,0.999619614229953
16347,0.010611867343001362
16348,0.004254647719723493
16349,0.20028686816239208
16350,0.013539066454090448
16351,0.02136312046950633
16352,0.004970136433339983
16353,0.008633205557869367
16354,0.09077396531091626
16355,0.7518020378783025
16356,0.9983040357624804
16357,0.9741592481436607
16358,0.006550688497475999
16359,0.09282677330872093
16360,0.021503742387668112
16361,0.9589350008751267
16362,0.019562361342721036
16363,0.0045963530403220765
16364,0.05302443791945783
16365,0.5025905961274135
16366,0.8656016173773887
16367,0.0024255706254644647
16368,0.9604758581909485
16369,0.05365787618670498
16370,0.14442924437189444
16371,0.009437148908252473
16372,0.005462181255332874
16373,0.06747297992563815
16374,0.045094304320920445
16375,0.0021709437249504532
16376,0.05166487866751265
16377,0.2539961683117477
16378,0.0027968104064367712
16379,0.9207779374590601
16380,0.6992278826454434
16381,0.07351076707981215
16382,0.0038080696166839386
16383,8.603485559383379e-05
16384,0.04539236270639535
16385,0.047872221135157746
16386,0.9009838271354369
16387,0.01035871663876564
16388,0.009267093218463173
16389,0.9942202703434748
16390,0.41782551615931124
16391,0.4173452429762904
16392,0.006997350971128942
16393,0.000330564106079986
16394,0.001133002200748352
16395,0.006356483822278383
16396,0.3338133812952757
16397,0.028939047706895985
16398,0.9402600646825304
16399,0.001606293650423356
16400,0.08256875934527633
16401,0.007845099134815693
16402,0.858439589829154
16403,0.0005551081413463058
16404,0.0005421598796520158
16405,0.022646598347013148
16406,0.7286357986086255
16407,0.8432992317702042
16408,0.47780991740195833
16409,0.08281269810214947
16410,0.024746342647305276
16411,0.0028391651538123073
16412,0.9971712304780427
16413,0.9999563443556453
16414,0.08208506048113239
16415,0.013627128627122698
16416,0.009572822350592286
16417,0.024983171861871392
16418,0.009809356619609027
16419,0.04298357924177483
16420,0.06985131943044742
16421,0.003897353867823399
16422,0.009963333204668258
16423,0.24727027166375948
16424,0.0038579997291370402
16425,0.05246566172159239
16426,0.024468103529458884
16427,0.0004656340756610474
16428,0.010316588494505048
16429,0.8857518272272785
16430,0.001360236778125664
16431,0.04058623400749338
16432,0.11999248643290385
16433,0.16219688018656706
16434,0.46629547987656417
16435,0.00188227251869027
16436,0.003901053448784783
16437,0.003252800102756918
16438,0.013854130602207203
16439,0.03170158478864
16440,0.0025764245177820073
16441,0.005076116854146844
16442,0.05831761872311086
16443,0.022336512076534826
16444,0.21578615832121079
16445,0.041986637870211015
16446,0.04975857050742707
16447,0.07783936341100223
16448,0.016415003949043612
16449,0.00255942712976688
16450,0.02578809934553821
16451,0.008520064625924672
16452,0.5904674805846969
16453,0.02852863236511603
16454,0.42896481191255004
16455,0.03587696485141097
16456,0.00569599404289092
16457,0.07260219253253254
16458,0.02598557516921905
16459,0.011188385668275689
16460,0.0021949825710765422
16461,0.0074229417135645666
16462,0.0018076795464963774
16463,0.928790368808609
16464,0.0029616503791053167
16465,0.0061600697469631266
16466,0.06007787770521609
16467,0.009618569469500368
16468,0.20399362286412565
16469,0.008754362412332933
16470,0.008597429921582715
16471,0.8097779789908508
16472,0.003912590600133162
16473,0.03606865213796783
16474,0.0017603411459166684
16475,0.8840495638360583
16476,0.9694317921609134
16477,0.004481299839240547
16478,0.008159208539819213
16479,0.005356249415673144
16480,0.004766729171453989
16481,0.0022321514018762106
16482,0.001070047920062691
16483,0.6444095910953788
16484,0.10855798489383318
16485,0.001792005912578427
16486,0.015418797756269892
16487,0.008818419683086453
16488,0.00406748782854629
16489,0.9929374988353906
16490,0.006676906555810137
16491,0.00466074932691546
16492,0.7764952524218375
16493,0.012754174273130695
16494,0.3274839125077576
16495,0.0012511794464597
16496,0.007944094275026802
16497,0.12644778620400346
16498,0.16333376113420772
16499,0.008740162941313823
16500,0.01680396394638862
16501,0.009930846022569903
16502,0.17198145487460922
16503,0.009443146461094648
16504,0.002885312380395146
16505,0.0054413378835107395
16506,0.013590376213976274
16507,0.002442272762825946
16508,0.10207018247041673
16509,0.008110698029327089
16510,0.9869347878582463
16511,0.04559599111849956
16512,0.00880337148398337
16513,0.0021299228901646918
16514,0.12001030774550969
16515,0.004862827769647545
16516,0.0004486900168564929
16517,0.1368592165430512
16518,0.0567812901413088
16519,0.0016606665576670415
16520,0.011453503190812812
16521,0.0030245449030603536
16522,0.0029506499138901823
16523,0.6679923134436674
16524,0.03823570682964819
16525,0.06139512439727307
16526,0.013771611740022397
16527,0.0010111364523389121
16528,0.9083806520515882
16529,0.18530608808530305
16530,0.0008028180563844684
16531,0.0015604983428581505
16532,0.9400710657974611
16533,0.001699947234739257
16534,0.04297840197265616
16535,0.05155221081594332
16536,0.029895600450160927
16537,0.0009800831363687512
16538,0.009280768972575404
16539,0.6849579131010821
16540,0.39605003015642093
16541,0.002015809643626892
16542,0.007821752585076858
16543,0.06520218531219145
16544,0.4278037930224136
16545,0.29197069766460015
16546,0.0012031706485601602
16547,0.2419169696888664
16548,0.770229292343262
16549,0.007966367599188218
16550,0.13835470936996735
16551,0.007101011193952761
16552,0.0026739876201287973
16553,0.018873167887052303
16554,0.003599813947452836
16555,0.008640658836111464
16556,0.2684302199110968
16557,0.9512013391124285
16558,0.010120415143092022
16559,0.07430905676545851
16560,0.04371213496075613
16561,0.016492626268312653
16562,0.016931349183532455
16563,0.013336343230804758
16564,0.060739526073858005
16565,0.9694384470929995
16566,0.369226559413252
16567,0.23852848711479901
16568,0.7182746263048019
16569,0.001509471603489705
16570,0.07336025246771992
16571,0.028237020838079063
16572,0.004626354274981333
16573,0.00042485001182294887
16574,0.724711766161168
16575,0.00029532399694490175
16576,0.008481452379061307
16577,0.018145357655209478
16578,0.0010129441991254332
16579,0.002130506400579475
16580,0.002068715377306752
16581,0.031599375204264826
16582,0.560325576540167
16583,0.011451839069435902
16584,0.0036860573341001364
16585,0.0017410445861812624
16586,0.9347485186043804
16587,0.12073731481872382
16588,0.9390914258774216
16589,0.004504582174178047
16590,0.8905151586685538
16591,0.0007305583724099706
16592,0.9970972900910081
16593,0.2102162301378302
16594,0.7203167136987314
16595,0.008738457045260715
16596,0.008310817057518998
16597,0.7101960392087654
16598,0.6029260858921274
16599,0.015515653866392498
16600,0.303797321347078
16601,0.003031535554862485
16602,0.023440112807518915
16603,0.0037393408487893
16604,0.07247213701323565
16605,0.010525446681266945
16606,0.39400482681006455
16607,0.1809421853669016
16608,0.9054776276697979
16609,0.9951084697041007
16610,0.44654309582529034
16611,0.006048605677855704
16612,0.0019791189604907115
16613,0.004238347195349252
16614,0.5471349150280644
16615,0.008662678703527223
16616,0.06843685202944652
16617,0.12495906858694239
16618,0.002903706352081833
16619,0.0121171688408214
16620,0.01776914652306
16621,0.9418019239708548
16622,0.7028503891234436
16623,0.01730253399430812
16624,0.03770141175073075
16625,0.010074066519085382
16626,0.0011976760596825924
16627,0.011144895027075741
16628,0.001128079747442706
16629,0.0019199481069552585
16630,0.017409254173316905
16631,0.9613345495422332
16632,0.007840135157734034
16633,0.4321894848602049
16634,0.002521956482961029
16635,0.9650939011150345
16636,0.03348108121280108
16637,0.001502420307708534
16638,0.15502012794012213
16639,0.013389625428872344
16640,0.46245244894125964
16641,0.005979172367735897
16642,0.005992571020773712
16643,0.03221860620587387
16644,0.024200766002352964
16645,0.03877758394124698
16646,0.010329040447713291
16647,0.09379551194588315
16648,0.0015865881906729831
16649,0.021450157674172507
16650,0.0017142755202776134
16651,0.0010337707465773516
16652,0.04402629946959375
16653,0.0022376291321880262
16654,0.003478724101751113
16655,0.0008188248395809438
16656,0.8237531482718533
16657,0.29793858409703006
16658,0.005939030327621247
16659,0.0021407593706382357
16660,0.8066145572983132
16661,0.202994314543433
16662,0.008800467361455995
16663,0.03466153701568218
16664,3.178392635171456e-05
16665,0.05273287970459775
16666,0.040611247551148866
16667,0.004542436133706523
16668,0.8102920682962919
16669,0.0029027576719584153
16670,0.001848442533884319
16671,0.00013534854551984623
16672,0.19805649718858898
16673,0.8301910947364131
16674,0.0015131877476057562
16675,0.02009177266156322
16676,0.010271751379030475
16677,0.001969992914276475
16678,0.0016792945429706311
16679,0.0015610509769800815
16680,0.005468620484256239
16681,0.010897581552026735
16682,0.3239483131932423
16683,0.03797957403019329
16684,0.00012293900970693512
16685,0.012672062417640174
16686,0.5685177344275304
16687,0.0014017119829784457
16688,0.16010141257518773
16689,0.11821121380519718
16690,0.9993915421466201
16691,0.07914720776412178
16692,0.007790626306628769
16693,0.14160386819879012
16694,0.006501426319561956
16695,0.0003254788841141512
16696,0.0014466956368915293
16697,0.002940921657792589
16698,0.004397232998202938
16699,0.015612961803601685
16700,0.010662524728656534
16701,0.8825289934790832
16702,0.005191789177523458
16703,0.006534532035256659
16704,0.01698904542378664
16705,0.028040036531814357
16706,0.0036894245383876857
16707,0.6144339528762505
16708,0.006047804775071318
16709,0.004831316861532871
16710,0.0313426373712064
16711,0.6574101305471532
16712,0.006784198519942941
16713,0.7870581031242744
16714,0.016058471699805857
16715,0.14217507933961754
16716,0.009296247233902039
16717,0.06215077123591088
16718,0.9741353458023991
16719,0.8320480550602585
16720,0.007601792223878355
16721,0.2965518762613209
16722,0.08621697010009344
16723,0.004938059447281724
16724,0.004805383873675104
16725,0.0018616790629982598
16726,0.004126495629701804
16727,0.9802393137283391
16728,0.09992605348549133
16729,0.014050652609131001
16730,0.0009264999630600796
16731,0.0013698125138667488
16732,0.9846914274614973
16733,0.011550776249775104
16734,0.005891024844374283
16735,0.08670600978214782
16736,0.9869521388226765
16737,0.011652336335361866
16738,0.0035051224862329817
16739,0.9332255338936966
16740,0.0016774663887517073
16741,0.003692214836838004
16742,0.7643456922280489
16743,0.020620024732477753
16744,0.013597896422116257
16745,0.0005893402540996195
16746,0.0010726046309170454
16747,0.004539952372062473
16748,0.0814899680855499
16749,0.00783423672893877
16750,0.002684285904192801
16751,0.026377047472988413
16752,0.04888283487754219
16753,1.5134247386652899e-05
16754,0.0026388882662098196
16755,0.011547510303127435
16756,0.013065227484288457
16757,0.013735937104442424
16758,0.0030815159799802844
16759,0.11806501959171956
16760,0.0029266111938882045
16761,0.006063317204544724
16762,0.00832670674902355
16763,0.08321926037691282
16764,0.18433641351810304
16765,0.0023470842666812007
16766,0.02432583327884004
16767,0.00809852707599366
16768,0.04560229423562178
16769,0.11054752795913401
16770,0.6131115634558048
16771,0.0022864584888260945
16772,0.41901907946305894
16773,0.0025396329328244527
16774,0.0023683607359624706
16775,0.0021695507791955376
16776,0.012790068736762633
16777,0.5604641891605153
16778,0.1322776043875906
16779,0.002086894576198857
16780,0.21575574750665355
16781,0.2212782357516648
16782,0.7800986467247696
16783,0.00438194414190005
16784,0.08054600181102667
16785,0.0021812052083651245
16786,0.006683740770803064
16787,0.004825912268194265
16788,0.015549320220510391
16789,0.9357382745648973
16790,0.055159941431544846
16791,0.0004519764765915648
16792,0.04254830102138784
16793,0.012504336446895553
16794,0.024495274665818557
16795,0.6138595842676821
16796,0.011362554540600771
16797,0.016434398387038196
16798,0.09342396739921557
16799,0.00537491255736428
16800,0.04092835482707906
16801,0.030891421277611863
16802,0.01819595521974963
16803,0.0007971334143884654
16804,0.09950583511193316
16805,0.0007366799177738066
16806,0.0023778032267278595
16807,0.21501437538463916
16808,0.0001286368000306325
16809,0.0014240580981201968
16810,0.011138175646072673
16811,0.0036401643784693518
16812,0.05315876099442203
16813,0.6219359580585271
16814,0.04968903343462477
16815,0.10476054315368512
16816,0.00659591916636376
16817,0.04498753076762747
16818,0.8982495126350671
16819,0.9997184642928041
16820,0.06431946544546768
16821,0.924790535090137
16822,0.0007716472640646391
16823,0.0025171452334901367
16824,0.952997718866299
16825,0.009270003518681574
16826,0.004887247785330602
16827,0.00025104516952695224
16828,0.0014264554924374798
16829,0.9945951315764017
16830,0.27700970288053667
16831,0.99675752074639
16832,0.8816345703529771
16833,0.9756758449817629
16834,0.0066547485974108025
16835,0.011429531359903716
16836,0.11472827702236016
16837,0.43479734213264615
16838,0.5682400636922573
16839,0.3952643105530766
16840,0.9975047657289802
16841,0.006421238536273533
16842,0.7769212956237224
16843,0.44928933358384426
16844,0.9692225662592123
16845,0.01585146935990677
16846,0.9508082498613857
16847,0.38232828131431745
16848,0.5907376350773335
16849,0.008556161709978227
16850,0.9842244667190956
16851,0.009100400890400998
16852,0.00013882821235817582
16853,0.956302000909106
16854,0.5857981031748581
16855,0.019212499418362727
16856,0.5231876046026441
16857,0.821461553485827
16858,0.7798943475556551
16859,0.0020127616886068977
16860,0.10038681679240376
16861,0.0004024340913730079
16862,0.04323971851150804
16863,0.013674451738275488
16864,0.06867633262016203
16865,0.004423994316311725
16866,0.021328304675576507
16867,0.0628605241857435
16868,0.12606248659118705
16869,0.001728184127206877
16870,0.36297907540257646
16871,0.45121190291092506
16872,0.023183427570886848
16873,0.00934959650520702
16874,0.0030055920047844815
16875,0.8743584147887513
16876,0.008097133131810277
16877,0.00230268788480431
16878,0.0019635636380443515
16879,0.005100074017325462
16880,0.1930169747652079
16881,0.0024749218011338742
16882,0.009210507303452452
16883,0.20016515585762143
16884,0.02745949944993642
16885,0.011591207274562322
16886,0.005698783283140878
16887,0.25113429594573167
16888,0.002018384324456027
16889,0.10370394145823954
16890,0.24438489058634996
16891,0.004181061037212623
16892,0.02498365112571876
16893,0.11366483235501486
16894,0.06855729735175295
16895,0.10450086776981823
16896,0.21437640982217626
16897,0.02127289837488303
16898,0.02737678794716353
16899,0.009360741760569414
16900,0.030217178888015256
16901,0.0016993529081208965
16902,0.9812496877844136
16903,0.0014037284622574725
16904,0.6886677507391918
16905,0.00024167149620394086
16906,0.13229376228023673
16907,0.04887649978507265
16908,0.015028987771181333
16909,0.0006680915363183029
16910,0.006739973942404577
16911,0.009847567967438488
16912,0.008328822585640723
16913,0.005514653893911451
16914,0.009090926314364294
16915,0.11829633203386802
16916,0.0032618797584714433
16917,0.007660911502781762
16918,0.8214521629846904
16919,0.0024278153521515287
16920,0.0089441050205317
16921,0.000880638457604327
16922,0.030700796264349142
16923,0.260453651528401
16924,0.04277122516138107
16925,0.07276868570652929
16926,0.010475719589685514
16927,0.006261301068451131
16928,0.9223100604229995
16929,0.6485107158833766
16930,0.0017522742559329836
16931,0.8795000747338751
16932,0.37874275243909555
16933,0.017754987009406628
16934,0.014473646668235654
16935,0.009153154970700614
16936,0.7928506545314236
16937,0.002275344726097611
16938,0.0021258265253605553
16939,0.006033064811584826
16940,0.46374191282475646
16941,0.007004027093081135
16942,0.18797176570149093
16943,0.9967090886606793
16944,0.02232646357846974
16945,0.0017595906945309075
16946,0.03770396952774411
16947,0.01985869302330884
16948,0.026895828478601662
16949,0.9994443091278458
16950,0.03164662651856028
16951,0.999574225336759
16952,0.002282230927718802
16953,0.019449009455266737
16954,0.0014696444990605169
16955,0.003498927026129955
16956,0.25885720838264265
16957,0.2877210654627251
16958,0.011759626983762225
16959,0.004740704279591128
16960,0.005757588463886012
16961,0.0018945290267769828
16962,0.0069252210017943065
16963,0.024620276528818222
16964,0.0021771559516779735
16965,0.0020925852217542396
16966,0.9844694147603235
16967,0.020446304589526072
16968,0.9213800638580641
16969,0.008091083675011329
16970,0.0004376591353461206
16971,0.5485018914863481
16972,0.9643468477635839
16973,0.805959750202411
16974,0.09402782582645518
16975,0.0007584322238684524
16976,0.028838062228657185
16977,0.03663070611216032
16978,0.110574431587856
16979,0.0017779676954148551
16980,0.7448568402484335
16981,0.9817485696658853
16982,0.9591313604519207
16983,0.9805914867811106
16984,0.003477543164667684
16985,0.010506413644644427
16986,0.0002766724915365078
16987,0.00416576878944417
16988,0.0010652045676648736
16989,0.7091610222442073
16990,0.0028788982996419865
16991,0.002875459152228793
16992,0.1976558776594967
16993,0.00019390562120995202
16994,0.040111531658420484
16995,0.00812830903951445
16996,0.0030416707239333193
16997,0.04353557878446851
16998,0.8543167677114917
16999,0.0027994022141396534
17000,0.0007037079067564225
17001,0.005175510440490017
17002,0.015450130833567409
17003,0.6975384142896388
17004,0.07904318104471307
17005,0.055130212611471635
17006,0.11163667487316908
17007,0.28926332118222076
17008,0.03846735468354253
17009,0.8003162882064268
17010,0.12303193108554389
17011,0.052597639704344244
17012,0.006759147296990655
17013,0.005354059440486387
17014,0.4715645997102965
17015,0.8833184619022059
17016,0.007262022499649277
17017,0.10120010355902793
17018,0.014054425657245503
17019,0.003299593461208191
17020,0.02097657886181905
17021,0.021954474583275756
17022,0.027612584381271364
17023,0.9618918915902746
17024,0.008015315234445286
17025,0.009480909619489641
17026,0.014443748922929892
17027,0.002015415144895752
17028,0.8571126416936082
17029,0.008727098426549743
17030,0.0021165640428506744
17031,0.0015953498824768611
17032,0.9352204670185155
17033,0.029787955532189124
17034,0.009726744850588455
17035,0.01452033484081857
17036,0.0021055583279537458
17037,0.005214880515382601
17038,0.009015293078900104
17039,0.003669701369654688
17040,0.0077347763995903734
17041,0.0057831927195342685
17042,0.9724356877547136
17043,0.005986900828409012
17044,0.02694094392106284
17045,0.050763277707484025
17046,0.9032382866697598
17047,0.0030768158794070117
17048,0.11360346270880059
17049,0.056821021717050293
17050,0.10286324275905132
17051,0.9370362334663915
17052,0.0550294410186948
17053,0.9775105650136566
17054,0.014899535655002514
17055,0.004375822787399949
17056,0.007666721589049322
17057,0.01660681027285456
17058,0.00942400539749615
17059,0.0035253911589370364
17060,0.2766006721761804
17061,0.9987436993420558
17062,0.011831795420025775
17063,0.008121856511981634
17064,0.18018773357063902
17065,0.00946156385410735
17066,0.8750756074546819
17067,0.7665591891960702
17068,0.2039782799061288
17069,0.48153269107595287
17070,0.8150910008434445
17071,0.977833485584034
17072,0.010603260470634323
17073,0.005218019791781117
17074,0.09707108682796876
17075,0.019557729155225995
17076,0.0037284313793949147
17077,0.41378017967076547
17078,0.2363485150601652
17079,0.10719147848190433
17080,0.043122705943285815
17081,0.009342586234206003
17082,0.041645309151642856
17083,0.03048703624760347
17084,0.3290353256713602
17085,0.9629057556170413
17086,0.034336538898401325
17087,0.13605699325060172
17088,0.0022407505777744642
17089,0.018244069184882798
17090,0.0014134271355495146
17091,0.002991093833137449
17092,0.1914363947919596
17093,0.010445811139534376
17094,0.01211682292971681
17095,0.9840087597609043
17096,0.7051707220258201
17097,0.46679269243137955
17098,0.0034984935608910256
17099,0.002096310988647952
17100,0.5681653760700056
17101,0.048255771161516026
17102,0.7018920134641286
17103,0.011011808247139125
17104,0.039304057108855706
17105,0.568442112635582
17106,0.007425903625287631
17107,0.02910776827590396
17108,0.01823230971293114
17109,0.0030381197803148034
17110,0.0029213295170606984
17111,0.005867695201150012
17112,0.49178955737561925
17113,0.010795704011659886
17114,0.013369680690048144
17115,0.2266200276969014
17116,0.39787443686061946
17117,0.006534443595782169
17118,0.37095794193862186
17119,0.02944365155935391
17120,0.14246624846711242
17121,0.010326957865880412
17122,0.6745128422390692
17123,0.0502455681683759
17124,0.9917171269580768
17125,0.0039020798452732955
17126,0.09084636754703665
17127,0.0005999550375147356
17128,0.964914993952064
17129,0.0031830479453578177
17130,0.3433019073927122
17131,0.024868265102024112
17132,0.12006885657560915
17133,0.05195397045221599
17134,0.062256016697408274
17135,0.08264549778460661
17136,0.01526821554707353
17137,0.018175682930928777
17138,0.9960647911659267
17139,0.25114721831533765
17140,0.0022017985436442377
17141,0.3244817350398375
17142,0.07787806685859587
17143,0.38585441190106257
17144,0.0018460346982565536
17145,0.004699124251880791
17146,0.12778410905186605
17147,0.011437829528387289
17148,0.10792082949631215
17149,0.010637540866725513
17150,0.04033933113747259
17151,0.21530102826051065
17152,0.01596789132555754
17153,0.005034303471170123
17154,0.016169181434955927
17155,0.011214020905677122
17156,0.2192384106101231
17157,0.028434412065051543
17158,0.13764842998207694
17159,0.013135266676116017
17160,0.035980180682084785
17161,0.8510799221273605
17162,0.0717802851287021
17163,0.9284371920510446
17164,0.0037117186666710566
17165,0.00016547530256521832
17166,0.03322591454621243
17167,0.009213504707679865
17168,0.030791311434917437
17169,0.7309930362175645
17170,0.00567592329186441
17171,0.0045024934774319245
17172,0.053448714994028125
17173,0.47500505630873535
17174,0.07246536533137445
17175,0.7352435156571635
17176,0.0769904849848103
17177,0.22112621567214855
17178,0.021083699043265694
17179,0.5235043311133628
17180,0.0028948639715582073
17181,0.11115076568704002
17182,0.11481590687467022
17183,0.20839956522498407
17184,0.18666619964377162
17185,0.005853441197403299
17186,0.005268485242882669
17187,0.010278675883925772
17188,0.4734402889759192
17189,0.01001431031990193
17190,0.013039932864019485
17191,0.0631951196528604
17192,0.00045696978567256384
17193,0.004195747453879209
17194,0.0022903149287005257
17195,0.010601118735211282
17196,0.00348657283353261
17197,0.008153738534717835
17198,0.39204300555175864
17199,0.9941762499431762
17200,0.09311398758489278
17201,0.1952050468564433
17202,0.06665915320724466
17203,0.012820633604630344
17204,0.9955861032461204
17205,0.004012608743241904
17206,0.017481768080015104
17207,0.05192447597206382
17208,0.009083187429622741
17209,0.013383549994218414
17210,0.0060564817720745396
17211,0.000685682500034141
17212,0.005067534042060153
17213,0.19607492042116093
17214,0.0576083475566835
17215,0.9980593626199621
17216,0.00440810105076969
17217,0.8303271543171946
17218,0.22565712583093214
17219,0.015598447315293683
17220,0.0015210815656381002
17221,0.01591105433536455
17222,0.7641902578797898
17223,0.018070438990494403
17224,0.043378866232682674
17225,0.9218422062006834
17226,0.020746595395613007
17227,0.0010776143859994403
17228,0.021086914310961977
17229,0.5957559447652594
17230,0.0067484617095259665
17231,0.00012015836171258868
17232,0.013249463851413009
17233,0.05358690699878934
17234,0.004512077935368109
17235,0.026027892547177415
17236,0.0116273893395526
17237,0.009217340334911952
17238,0.30540243871170963
17239,0.013987987773578202
17240,0.005076987076833075
17241,0.003787794711932712
17242,0.005065795905802187
17243,0.028672564109118427
17244,0.7299615329025453
17245,0.001506930551482243
17246,0.0035517838034673306
17247,0.012996828458835971
17248,0.006802530214943004
17249,0.025635289270990465
17250,0.8205747889213761
17251,0.5383767909603353
17252,0.08405582441438761
17253,0.05174161538293404
17254,0.12448037544780755
17255,0.010935479029934813
17256,0.014364991115096768
17257,0.9914454448724973
17258,0.5539135275486515
17259,0.9821441091818073
17260,0.052249282997867026
17261,0.012764956341147484
17262,0.06927678499781231
17263,0.02417134061163754
17264,0.19147290941669673
17265,0.006291629300914789
17266,0.004031502613081781
17267,0.00957534853719519
17268,0.32540566017613215
17269,0.4700021964599397
17270,0.012574824007439818
17271,0.022923947689729694
17272,0.5543527599109305
17273,0.8771774465992599
17274,0.004636875815393651
17275,0.014040903946515654
17276,0.0922924997287969
17277,0.008912008629829105
17278,0.0249452654358947
17279,0.9921916157470754
17280,0.004363871587990195
17281,0.010324664551784416
17282,0.019474727877648194
17283,0.8606530891144195
17284,0.05462186374758948
17285,0.015225559494736945
17286,0.02082437280634313
17287,0.6650855276434936
17288,0.0011099082144699047
17289,0.15158196540058716
17290,0.0007661935799233466
17291,0.002503042011073704
17292,0.17677079620117267
17293,0.38010867205051657
17294,0.7564372728235691
17295,0.0221894679072113
17296,0.0010241479698597869
17297,0.017353624048221244
17298,0.03184288281169421
17299,0.2118955660553382
17300,0.010278542397776078
17301,0.26272418003910225
17302,0.0050347439049391275
17303,0.014438919604548973
17304,0.07565531621427612
17305,0.004412564895836156
17306,0.17844034395529368
17307,0.02437911834594129
17308,0.0017944355896256973
17309,0.9974038211550653
17310,0.08503495423889626
17311,0.0632191844995163
17312,0.9237110984303544
17313,0.9831331081139733
17314,0.0013699472590348969
17315,0.6172364070338272
17316,0.09189767849764455
17317,0.0017624387207379503
17318,0.007131912200975198
17319,0.02392849125047067
17320,0.999514339809293
17321,0.11649913205711072
17322,0.010820886062339519
17323,0.9986032874446086
17324,0.009602178992969453
17325,0.0010544665692929925
17326,0.2088809563659638
17327,0.0035048274772583677
17328,0.3756571484581977
17329,0.002076386946989607
17330,0.00853965786374566
17331,0.013078803684385854
17332,0.19849224107904279
17333,0.057947141347828926
17334,0.21149762695155316
17335,0.04733127861265534
17336,0.025016295271961083
17337,0.11591526524744583
17338,0.003020488555748872
17339,0.03447967874918458
17340,0.08914298732620564
17341,0.2730379979204241
17342,0.40403766744962305
17343,0.0036617270797470337
17344,0.9821534611777514
17345,0.18875878889866787
17346,0.022794308253596785
17347,0.9957428814995851
17348,0.6987287182663645
17349,0.0035107477751659187
17350,0.0183193739698859
17351,0.016917020639704527
17352,0.009205524060054879
17353,0.007911732241498203
17354,0.09010555380033862
17355,0.1699675981722787
17356,0.8366953387222961
17357,0.010891050142954776
17358,0.004106766449626488
17359,0.019975623514325445
17360,0.03563921154812607
17361,0.12896854130343557
17362,0.2545700880034401
17363,0.9992325095337131
17364,0.016678135335240117
17365,0.005542785612432414
17366,0.0025963654982797462
17367,0.04851898722580755
17368,0.0247206426154434
17369,0.008531704170460749
17370,0.0004100473894418194
17371,0.9977329254479834
17372,0.012332930077193082
17373,0.0038763148314259
17374,0.0011462899860309275
17375,0.003715426243100741
17376,0.8151497075533398
17377,0.9787777440873625
17378,0.04012315113577188
17379,0.9874120030499478
17380,0.014637478041328445
17381,0.0008611991426672132
17382,0.0023303358817370673
17383,0.00986560964753154
17384,0.003850994839982714
17385,0.9527523993039658
17386,0.0009278785937612369
17387,0.29793391918395357
17388,0.03115418789192948
17389,0.005018385722772422
17390,0.8563370147819654
17391,0.6766249157627527
17392,0.07455006541353734
17393,0.17826021739976136
17394,0.9202773529651415
17395,0.1467530636421119
17396,0.07711237211106851
17397,0.0686470889185354
17398,0.9891782957241813
17399,0.0034104874462850695
17400,0.05127901154026118
17401,0.002019238827939942
17402,0.018552014918652774
17403,0.6586158044667154
17404,0.04462087208535907
17405,0.6444374797284846
17406,0.026943253755389585
17407,0.0075850799019815274
17408,0.3782845296396932
17409,0.01048686390934375
17410,0.004854699420434516
17411,0.0025670139075283857
17412,0.34169383302757583
17413,0.08099453287685596
17414,0.08106058683445772
17415,0.07541505734696219
17416,0.0034936490213832265
17417,0.01778630427002866
17418,0.5708675384911353
17419,0.575738767171988
17420,0.004273820643601288
17421,0.6853584159378777
17422,0.006152052148394571
17423,0.009081904208671013
17424,0.13261622285591124
17425,0.004203026621382857
17426,0.22132649557697828
17427,0.007057528118194282
17428,0.011065297420585792
17429,0.062461086764381474
17430,0.004321072343335318
17431,0.04688984008603489
17432,0.024287580872299035
17433,0.9892000614528683
17434,0.024122319255252257
17435,0.00968144481926889
17436,0.952802221018987
17437,0.7976378117921766
17438,0.010001292644615582
17439,0.0021346704884079855
17440,0.019522960486355267
17441,0.0005944156050858146
17442,0.00047589036221459493
17443,0.20335171243934033
17444,0.001871314677951072
17445,0.0006017423384890634
17446,0.979541812389339
17447,0.0037874382087943245
17448,0.002771813785496502
17449,0.6472926606295448
17450,0.014916923596132099
17451,0.008640597738545776
17452,0.045238263056351445
17453,0.019191321842270632
17454,0.7568187938433203
17455,0.08201535932252407
17456,0.017950859068780394
17457,0.011120389911345374
17458,0.004236429104782176
17459,0.0572741784624138
17460,0.02682622260490933
17461,0.09745081316664762
17462,0.6466483276923298
17463,0.005991271719564183
17464,0.8626008189990344
17465,0.0018443182551069822
17466,0.009634773847431055
17467,0.05154323426507188
17468,0.005106808941035309
17469,0.005678311074910315
17470,0.0295312001347078
17471,0.7542656240528656
17472,0.007119672632572377
17473,0.02559412152916117
17474,0.0061637185960424935
17475,0.6634424328597017
17476,0.011870755736180339
17477,0.11587004280731741
17478,0.013235220890669013
17479,0.04120832868476951
17480,0.0029375481458588544
17481,0.000916840951611079
17482,0.010214962835772097
17483,0.5606542563574306
17484,0.016593452103319487
17485,0.014093754348594263
17486,0.030552050693824894
17487,0.003980243405676366
17488,0.0003655626064296835
17489,0.9952579675337372
17490,0.07972876392005512
17491,0.028262996751062926
17492,0.01000059297145463
17493,0.0012684498061228972
17494,0.0016590693887347154
17495,0.005874863577101373
17496,0.0023806053454624417
17497,0.04823639906301276
17498,0.00997784246655131
17499,0.7940443837102262
17500,0.0010365884833713611
17501,0.008803587386451426
17502,0.6529111181255537
17503,0.014227753478721752
17504,0.0010469074649587875
17505,0.9989530384376049
17506,0.0038287469564025254
17507,0.458080305497532
17508,0.7095060286346127
17509,0.002710613027473371
17510,0.5610547756737294
17511,0.07641334572360216
17512,0.010240358107216008
17513,0.03650635587062796
17514,0.7338613789831339
17515,0.004726944580508502
17516,0.0353010985473286
17517,0.8379503086785459
17518,0.006925350189720402
17519,0.5000668042676957
17520,0.1718665649796895
17521,0.8650815462412956
17522,0.009723310922381708
17523,0.04163198817347125
17524,0.005861095232895554
17525,0.02867280647256762
17526,0.0022916995890010857
17527,0.04841822149989857
17528,0.004470641544890277
17529,0.9981434032019096
17530,0.10310166968165937
17531,0.005959604630721178
17532,0.9972446933624679
17533,0.03782071831878181
17534,0.08193999118181983
17535,0.002972991434199296
17536,0.003174771349799425
17537,0.00483847344542551
17538,0.001715599940734347
17539,0.0032573330293601275
17540,0.6400680486733885
17541,0.3234708568604648
17542,0.007200921989643516
17543,0.019090383564308422
17544,0.0002455400857350647
17545,0.9761395280692244
17546,0.2683751775136474
17547,0.2578750409939129
17548,0.23368072077994068
17549,0.8383231910733534
17550,0.9986065892048281
17551,0.041233014209798004
17552,0.004205656009026589
17553,0.21896449824857
17554,0.963050477025986
17555,0.0122333196683884
17556,0.03205349921042742
17557,0.018682444453022674
17558,0.01052388302562963
17559,0.0016215771888685344
17560,0.0872149578850362
17561,0.0012475166935020283
17562,0.1185912222657924
17563,0.41140601967546886
17564,0.0005380754746713547
17565,0.00628945240811395
17566,0.03140489711275216
17567,0.3808797959433031
17568,0.018588025408325336
17569,0.06474648837529506
17570,0.0160745179424401
17571,0.0013098397519681322
17572,0.0016554509010348827
17573,0.01762130402308167
17574,0.07372531442310812
17575,0.8167302857439123
17576,0.06988915319148564
17577,0.24688802623837866
17578,0.9392801289316586
17579,0.001824526132317254
17580,0.6406970570628739
17581,0.6104099862111594
17582,0.015174566761772553
17583,0.007792505267392163
17584,0.005972644917029661
17585,0.005383421363553249
17586,0.02140096816944835
17587,0.0798583123894781
17588,0.01071479786170775
17589,0.016946571808690428
17590,0.17340852119212338
17591,0.36955485333653837
17592,0.004151258766390501
17593,0.31860563712944
17594,0.0018783014962676992
17595,0.11150778873438529
17596,0.0030388346522340084
17597,0.08706894795318246
17598,0.05004518963070517
17599,0.40001631933051335
17600,0.004406025305368938
17601,0.0374022248629485
17602,0.43305049046660105
17603,0.056039404189455196
17604,0.008571238951961175
17605,0.017291406636125006
17606,0.0011565245932541048
17607,0.0038698466349648707
17608,0.013268883805009473
17609,0.9921905257375832
17610,0.02032698319025345
17611,0.11519448143210455
17612,0.005905265082104351
17613,0.4462692233158046
17614,0.03870107357219427
17615,0.1981646117823111
17616,0.09515556610248137
17617,0.1033253621807064
17618,0.0013965757115535044
17619,0.9947778518460315
17620,0.0040249069142147525
17621,0.012583299816328957
17622,0.003796949039358744
17623,0.0005875608022951418
17624,0.006639116402709925
17625,0.9665037729101743
17626,0.03441418306797334
17627,0.9950351984107032
17628,0.024156254403710616
17629,0.14718517609418216
17630,0.6967548923534795
17631,0.00047916063667564673
17632,0.961530213410108
17633,0.0035398256333816058
17634,0.6814889692718414
17635,0.010499665623899528
17636,0.059286025214834996
17637,0.9984143810938589
17638,0.3446511762816717
17639,0.007862439654205132
17640,0.015602343727241213
17641,0.018284449870742077
17642,0.12435004143108536
17643,0.0010615837663403716
17644,0.03181420455243928
17645,0.0011206120137094652
17646,0.05556849604763496
17647,0.5216004253906721
17648,0.5222467641692408
17649,0.02841751622377639
17650,0.001337451997616283
17651,0.09424366438232007
17652,0.999836140772468
17653,0.013033139539105423
17654,0.02889453311962123
17655,0.038663434675872695
17656,0.008542141722462943
17657,0.04778044835065326
17658,0.018121050878616148
17659,0.9872021462957794
17660,0.008634071487150532
17661,0.03212980602167786
17662,0.03702619620519239
17663,0.055032387300089705
17664,0.038088875155126226
17665,0.04435400181109302
17666,0.030858481355406482
17667,0.11713538705906507
17668,0.0039967601528440744
17669,0.04532163983689983
17670,0.002477781895777536
17671,0.0006118118093059547
17672,0.004477536380343144
17673,0.0009624022607542743
17674,0.0013002913568720556
17675,0.2509835176109747
17676,0.694007188824243
17677,0.010063616090494103
17678,0.016903477072867518
17679,0.0009973929956554745
17680,0.008768538189003364
17681,0.04099547507920113
17682,0.9027923477217922
17683,0.03666329845759412
17684,0.99664019754549
17685,0.013783698473224018
17686,0.03318136590889798
17687,0.005518556594894427
17688,0.0016686286786175572
17689,0.0009139876651488149
17690,0.0013732732051542462
17691,0.011604422006779526
17692,0.02477701755922094
17693,0.2589837307476766
17694,0.005788613039831323
17695,0.8867327185973009
17696,0.06838655869048003
17697,0.0031362264659803773
17698,0.42452493763509047
17699,0.002724978585587497
17700,0.004727098139650096
17701,0.05767623468407153
17702,0.12977108008500068
17703,0.7671264896026431
17704,0.0007407828471804826
17705,0.002068231857284336
17706,0.99975382505061
17707,0.007555712793838617
17708,0.0036854831240175764
17709,0.0011816319606851476
17710,0.0037288286571542056
17711,0.006665221997199015
17712,0.023137967948675453
17713,0.0039915931535190255
17714,0.008651677806606108
17715,0.017291389988531133
17716,0.00039352584765271694
17717,0.4692394363667698
17718,0.09061484679438074
17719,0.33003413635654755
17720,0.8842995740496724
17721,0.39759074522499593
17722,1.3377637936717678e-05
17723,0.00541923619415644
17724,0.0930330329108769
17725,0.9545939618132477
17726,0.7522489318989887
17727,0.6788940345010827
17728,0.07850014992331955
17729,0.013092223646375096
17730,0.18543280563462017
17731,0.26309935793201006
17732,0.0035735477402748105
17733,0.013939456303143492
17734,0.1501627677571664
17735,0.5995532477740361
17736,0.00884516581045226
17737,0.014200743391391983
17738,0.8111420479184299
17739,0.0005498800402641105
17740,0.13414010796411385
17741,0.027689183779555957
17742,0.06784884277380797
17743,0.01594062474942655
17744,0.019990035110906246
17745,0.0020631675049119164
17746,0.07808322330319387
17747,0.6947410874873261
17748,0.010146779798923712
17749,0.005522139574032724
17750,0.006339453641569718
17751,0.005983700925818657
17752,0.011165005924733443
17753,0.5691516006532364
17754,0.012777740733828613
17755,0.0018126586752026303
17756,0.22191336222085747
17757,0.3776777481007198
17758,0.008165556575337353
17759,0.22149483891040825
17760,0.3882730875801864
17761,0.03702040459914071
17762,0.022448179875917594
17763,0.03208997477897694
17764,0.03738013980350399
17765,0.8699391402627129
17766,0.19956524124820835
17767,0.9908933824046446
17768,0.7046184678975259
17769,0.9917287807173227
17770,0.013025238892790014
17771,0.04963539770808469
17772,0.029922543418007597
17773,0.0016152289321125846
17774,0.4530165209348862
17775,0.5406363064318671
17776,0.34480786543169833
17777,0.0034483399299298266
17778,0.000620650309103156
17779,0.7929706870342336
17780,0.010561588084458612
17781,0.45930366261137784
17782,0.019697364643230082
17783,0.001745521246014474
17784,0.011463890751294488
17785,0.001809962018172986
17786,0.016815822080715838
17787,0.9632247247222666
17788,0.014242265014067302
17789,0.12917208401330862
17790,0.013983193419007499
17791,0.0037007841068698558
17792,0.007831627008768742
17793,0.7274307408899765
17794,0.00798541815206476
17795,0.005302254451952406
17796,0.005302738125462639
17797,0.9220001642503376
17798,0.8944058083477068
17799,0.0009578780394977824
17800,0.08767992945732477
17801,0.029820873328164813
17802,0.0037819504262510055
17803,0.015637712504470557
17804,0.0035234472040102044
17805,0.0032723671446309227
17806,0.8762747434973186
17807,0.010204503700457852
17808,0.005329674433531582
17809,0.7086964227397529
17810,0.003783628883407025
17811,0.9999612344966051
17812,0.004033875601394957
17813,0.011989893191830329
17814,0.027177861669060013
17815,0.21769065700984044
17816,0.2730249355171733
17817,0.006339115134822453
17818,0.004406825138208554
17819,0.19411196754882803
17820,0.12060818474879063
17821,0.21446034724894575
17822,0.00020396724502116305
17823,0.8888412185540815
17824,0.0008956920884403061
17825,0.01981232317665012
17826,0.022048037962841462
17827,0.1394278722664284
17828,0.00350792068629955
17829,0.0036896160040118696
17830,0.20862558431741374
17831,0.07489340596960568
17832,0.0001617037250992773
17833,0.7764825523051125
17834,0.0010524576610310217
17835,0.8405537099246967
17836,0.01798008004054778
17837,0.1516787385688431
17838,0.9439246381281075
17839,0.11823800034215491
17840,0.0014616116021317527
17841,0.030043056818629343
17842,0.00907507042945801
17843,0.01655361646813852
17844,0.18676760611145607
17845,0.4160299789162244
17846,0.005989446337154144
17847,0.007920277308713839
17848,0.021599968462024437
17849,0.9939125660385523
17850,0.7353767651755637
17851,0.0354765558393637
17852,0.0010468811578687983
17853,0.007139059719048312
17854,0.01930776022696374
17855,0.010155439094861602
17856,0.7836085385387956
17857,0.4960094120139868
17858,0.016560178334836455
17859,0.012507379870152824
17860,0.7593469350076621
17861,0.05576179991546429
17862,0.9847065012403282
17863,0.013666090491454824
17864,0.00653799112170532
17865,0.9996595105679917
17866,0.06424227960924189
17867,0.8278527196838738
17868,0.00710603581328466
17869,0.002526355389319908
17870,0.018059963265498847
17871,0.008231326839344027
17872,0.0012550075431047138
17873,0.009664452305746132
17874,0.15663581779960745
17875,0.05007722038690801
17876,0.0886125295577414
17877,0.4423471131156513
17878,0.028870144696732596
17879,0.003739458528252693
17880,0.0021878797039668984
17881,0.005137572973406424
17882,0.05229973407367935
17883,0.035544923753949687
17884,0.010861439310293772
17885,0.3935185356654225
17886,0.06814670274986599
17887,0.0015342082145013778
17888,0.947419616795206
17889,0.9962856760247621
17890,0.0033639369316463556
17891,0.0022508410035120647
17892,0.6351731195061177
17893,0.9838335966114294
17894,0.23875527367581637
17895,0.13089571000951433
17896,0.18401965434286863
17897,0.08568869542355176
17898,0.36535767069514086
17899,0.0022825301234946503
17900,0.004843147307485774
17901,0.01648261047771391
17902,0.01421686815756227
17903,0.0028259697680318298
17904,0.07542523222989105
17905,0.9694097020375194
17906,0.0022221089101641866
17907,0.007815670007977853
17908,0.9732812247666176
17909,0.025025315667336432
17910,0.023209817713606695
17911,0.5037734456086056
17912,0.8227756014374571
17913,0.0022781945935728045
17914,0.8181484591230173
17915,0.019302482004081543
17916,0.006758350706718611
17917,0.008686144971846652
17918,0.007215810204421989
17919,0.0008763901603442574
17920,0.014782098698591364
17921,0.13989297834484607
17922,0.18041050532196737
17923,0.0014199660284722486
17924,0.2128340694900396
17925,0.011686216122149035
17926,0.006212854045127198
17927,0.002353841760234095
17928,0.06847274228585687
17929,0.05132268786096995
17930,0.9413467963856699
17931,0.5106107557732465
17932,0.8754383768156675
17933,0.020290252439497957
17934,0.004055776637209539
17935,0.3369327421595278
17936,0.0015222602558681857
17937,0.75547187194521
17938,0.01661740891754297
17939,0.05047397313278705
17940,0.05409249020866933
17941,0.03899727808118993
17942,0.0006438396182804454
17943,0.04692929768619728
17944,0.9785472662615659
17945,0.5354964436642399
17946,0.0026103213915408714
17947,0.4650827608996162
17948,0.09823208654294499
17949,0.0023866945996728253
17950,0.0018590454711237463
17951,0.05737170010143703
17952,0.0001534066181508968
17953,0.9285047255149866
17954,0.028656779742300725
17955,0.004040071642813641
17956,0.002489866651280433
17957,0.002798061506129897
17958,0.2522856133912785
17959,0.9365218727335709
17960,0.9998768969020659
17961,0.0010198782624867523
17962,0.02861436101719368
17963,0.700841615603201
17964,0.008563751450717028
17965,0.0023474529905870662
17966,0.2824341126906213
17967,0.02304839725301197
17968,0.01282152736995964
17969,0.00817470369841978
17970,0.14061530765793567
17971,0.004999416300506655
17972,0.3246019530892822
17973,0.01382375882484705
17974,0.011606731856048083
17975,0.012461202154437918
17976,0.01510718394556687
17977,0.014389407124171626
17978,0.00561819516825246
17979,0.007690368363184619
17980,0.008592005529163305
17981,0.6117099590174505
17982,0.0027740693557450078
17983,0.007061284246355288
17984,0.028219688457488762
17985,0.11785680657520124
17986,0.010587823899418074
17987,0.012598380227490361
17988,0.010692727680635169
17989,0.005405085035339549
17990,0.0004816206064008748
17991,0.0004948590381964386
17992,0.04880446476435793
17993,0.08983718104303388
17994,0.0011665825777191713
17995,0.011127915778506182
17996,0.044895814922475616
17997,0.05857164265799108
17998,0.0019177669940994525
17999,0.9676814077922983
18000,0.0005022454468981254
18001,0.8767925555781132
18002,0.05389669207307233
18003,0.015865383807664765
18004,0.0016628376069111586
18005,0.40360327439893495
18006,0.11034922070589011
18007,0.0013157848680299344
18008,0.05469690099494397
18009,0.00921854493816603
18010,0.14813504808981548
18011,0.01667793868944914
18012,0.007272948712964458
18013,0.03382767341768668
18014,0.010389623596664174
18015,0.014213578485751312
18016,0.01342027055352706
18017,0.0017910612440735119
18018,0.027185061693147126
18019,0.14828989292756717
18020,0.0005498578108743444
18021,0.5928209748533793
18022,0.010093538190150379
18023,0.1783211155907531
18024,0.9649353617404896
18025,0.007197666035598418
18026,0.24252199298026278
18027,0.01497919171803744
18028,0.01808873487787513
18029,0.9701045014388352
18030,0.0027386346709895133
18031,0.0034717157990462226
18032,0.015240868763279576
18033,0.17174350548749887
18034,0.03454741475805537
18035,0.07304534954150058
18036,0.03056402047675779
18037,0.00391820273241715
18038,0.0008689504238904376
18039,0.20925733338149174
18040,0.4498970661449866
18041,0.05102004902757153
18042,0.9840078791002667
18043,0.023887365590273366
18044,0.0026974724865606154
18045,0.007279046244759964
18046,0.018867410108314157
18047,0.006512482680731513
18048,0.01894225837783984
18049,0.007920921286032617
18050,0.4282764546932848
18051,0.06407998629668682
18052,0.007438759876025074
18053,0.9518883095661977
18054,0.02921398322742375
18055,0.29326641317155727
18056,0.0023005804176272513
18057,0.012654393484621513
18058,0.020732831244183618
18059,0.059535981190285296
18060,0.44516189728201166
18061,0.007516871316705932
18062,0.0348338906990797
18063,0.015019434380936213
18064,0.002818752712106058
18065,0.9039159557072384
18066,0.022789730708800544
18067,0.35577030922027963
18068,0.0012952731826491905
18069,0.0006247304852912081
18070,0.04939815164123217
18071,0.04507953353118327
18072,0.6425168707004377
18073,0.9830084270871898
18074,0.002371660281341815
18075,0.00459963784771947
18076,0.003049481605810872
18077,0.008983787076858747
18078,0.005010901628626063
18079,0.026982256227970514
18080,0.0009016248557657723
18081,0.15593439491080852
18082,0.05361530368974141
18083,0.00028224542503405817
18084,0.19061938112000779
18085,0.019625193813151063
18086,0.9908014538511226
18087,0.15233780063370522
18088,0.7905029069482529
18089,0.01670249158094671
18090,0.0035497152147909057
18091,0.9849872415871114
18092,0.7484245977069788
18093,0.06217380708056424
18094,0.5603179170689585
18095,0.07781065374758374
18096,0.03250345402350166
18097,0.0017679614088427279
18098,0.0018473240045670627
18099,0.012600126835211037
18100,0.42587719588132084
18101,0.9878182226093205
18102,0.0034343104054135945
18103,0.026910575512539472
18104,0.1450227208783479
18105,0.0009059969974757157
18106,0.38762700574645786
18107,0.011228725166023076
18108,0.017922602084102603
18109,0.2424413121399159
18110,0.03323144100553882
18111,0.09369992215774453
18112,0.024818695949418025
18113,0.0008172792703275068
18114,0.009175522600333125
18115,0.05718038320844643
18116,0.002883281278369505
18117,0.00870206788926959
18118,0.004783365801801474
18119,0.004209734224312853
18120,0.004441843494176251
18121,0.0018759202734399227
18122,0.0030756595052458154
18123,0.01990145611805344
18124,0.1068681190238131
18125,0.024107099270879152
18126,0.03463576146880427
18127,0.5802176820935091
18128,0.00353517312577902
18129,0.0015294421999750409
18130,0.5269198413114154
18131,0.0007030037221359989
18132,0.010845823080429178
18133,0.0014813878152224052
18134,0.0015186070968563723
18135,0.013614445103818283
18136,0.9509312383538864
18137,0.9238814608705452
18138,0.09128465089820059
18139,0.016687101956272637
18140,0.03355684546032689
18141,0.0021411161800757765
18142,0.0021710992659042423
18143,0.9969390320471683
18144,0.007867662956800671
18145,0.00961063029158348
18146,0.22052189853389384
18147,0.0074016472776287
18148,0.6155050928709663
18149,0.006407029927432873
18150,0.0025810158518275264
18151,0.0023564816132591554
18152,0.0018944848824330868
18153,0.008116538370462476
18154,0.013206883015735664
18155,0.7229569007862156
18156,0.0005288802669704518
18157,0.39730706091793916
18158,0.9578196192179355
18159,0.008876405754605769
18160,0.9173952245536144
18161,0.028796921486283582
18162,0.040409509131413265
18163,0.009219279175144377
18164,0.21981422322024793
18165,0.02611290033089645
18166,0.044376949945447046
18167,0.9407151569837386
18168,0.601223633506394
18169,0.006406791188502202
18170,0.9806596193718129
18171,0.9988667422914492
18172,0.052479070184410295
18173,0.011941961311004671
18174,0.01615007471910713
18175,0.02341878569578203
18176,0.9566566763232575
18177,0.907393115583807
18178,0.06086474083910071
18179,0.0470587074335208
18180,0.9995884020803946
18181,0.3045772747500119
18182,0.0010836682781710854
18183,0.01694380560515055
18184,0.023859758041832844
18185,0.18508032095316382
18186,0.0009105558938681552
18187,0.012531456035698786
18188,0.9898035712733901
18189,0.030342255970487595
18190,0.9965410472899506
18191,0.009713092403765649
18192,0.9829859372484273
18193,0.001139756381498288
18194,0.0014387257488850385
18195,0.9991792280808431
18196,0.0017790577839783602
18197,0.0016268107726521604
18198,0.9499689827567236
18199,0.01598418248379603
18200,0.33940673716210695
18201,0.44433312442466266
18202,0.3513213711068554
18203,0.2039374446293853
18204,0.001331426846248835
18205,0.0031530769287303677
18206,0.09794235104998278
18207,0.10273175432639194
18208,0.009154622343859185
18209,0.009137877266092985
18210,0.02095722137801438
18211,0.12355028432049717
18212,0.02081349976591347
18213,0.26766379871609
18214,0.9994321400912636
18215,0.02855452727460946
18216,0.18025196101514443
18217,0.6348781867689912
18218,0.05811449685247451
18219,0.004023806537347593
18220,0.5543808525612266
18221,0.2550427051763258
18222,0.013853414944314052
18223,0.5732090934126373
18224,0.8703192621299941
18225,0.005761054355174306
18226,0.7318746602516945
18227,0.007474960837261558
18228,0.0005440995607664817
18229,0.4472432900198085
18230,0.0034805411449666465
18231,0.8427796063191932
18232,0.910280227912253
18233,0.39416441749430275
18234,0.8421788110347176
18235,0.8725671911391822
18236,0.014065542240169005
18237,0.22529683097666384
18238,0.0030576223161857285
18239,0.10663838937325255
18240,0.1326233993710358
18241,0.7016027047080621
18242,0.00573574553958481
18243,0.1661477073649143
18244,0.9436680214450227
18245,0.06613023375303026
18246,0.012149021896353715
18247,0.08674582269903448
18248,0.3380780051084199
18249,0.02759585000705924
18250,0.0037265601669321724
18251,0.005185747864252781
18252,0.002591297001705656
18253,0.7634092965948669
18254,0.24412190663537486
18255,0.9488315757167238
18256,0.014286196173471866
18257,0.00011348203495581873
18258,0.12933145202470714
18259,0.00816928432248941
18260,0.003163112215822668
18261,0.00369849622185064
18262,0.01551680919454662
18263,0.17582315929263137
18264,0.003367851724323943
18265,0.24584241615228483
18266,0.23433371002735734
18267,0.7677728565597898
18268,0.0006876809790208073
18269,0.9996630782716578
18270,0.09859336723862687
18271,0.01583709871732913
18272,0.3008145209554307
18273,0.010820260087917416
18274,0.010893811091223764
18275,0.006078786486733254
18276,0.7791357161256122
18277,0.013237761874617485
18278,0.003947571029416605
18279,0.019560956998574037
18280,0.004771219884703361
18281,0.015724719479347348
18282,0.0046382920860715635
18283,0.21195070242640038
18284,0.02300794359311667
18285,0.004730156375003066
18286,0.06566789358118898
18287,0.02455243205095708
18288,0.005775640680675042
18289,0.38611164269606707
18290,0.0066694594036038135
18291,0.0020163693136761966
18292,0.0476896181060953
18293,0.009301837056044563
18294,0.0028487723750867536
18295,0.10306250052952821
18296,0.9777457322494034
18297,0.00908581996464731
18298,0.02720668651782313
18299,0.15708494282392524
18300,0.16711841094763374
18301,0.002132906015763103
18302,0.8054803629011362
18303,0.09368766521227063
18304,0.004902287008519216
18305,0.6316507755296439
18306,0.018632556485151722
18307,0.013038591868124144
18308,0.9961264516802072
18309,0.012691106731938599
18310,0.08158063998635039
18311,0.05877807604649228
18312,0.004534376581661679
18313,0.018487747838626757
18314,0.0034574614106578274
18315,0.006709469209574395
18316,0.017581309985309757
18317,0.007339923258756368
18318,0.000764976252495929
18319,0.00048516963539787996
18320,0.029604204712731504
18321,0.31003264643814077
18322,0.6258789017447661
18323,0.02652990843898194
18324,0.7738060182149915
18325,0.9759865294635277
18326,0.06486962531703896
18327,0.005547748837391113
18328,0.003111504588509724
18329,0.09764941406922466
18330,0.018968057664407595
18331,0.5385212796043858
18332,0.004645540910263811
18333,0.05563233766540374
18334,0.0003745128406013415
18335,0.008509186433848868
18336,0.05821956358540292
18337,0.7232541365485489
18338,0.006037961786051133
18339,0.006534281738853549
18340,0.06448425178858522
18341,0.031056453452697304
18342,0.03629498747699965
18343,0.02186035123322554
18344,0.9975198123259194
18345,0.9835592155290501
18346,0.021799462180716586
18347,0.016870378051779916
18348,0.006809775062687163
18349,0.032507115250879834
18350,0.6445831642686078
18351,0.003443610078361168
18352,0.009534848515936117
18353,0.017125027054069673
18354,0.005215996178185853
18355,0.0006805138319990196
18356,0.013996245765418322
18357,0.6180555507435114
18358,0.16561105572782464
18359,0.03333380293587692
18360,0.008595370758273435
18361,0.9813384877541027
18362,0.013345296871496324
18363,0.001411917408128193
18364,0.61204066225803
18365,0.9716354135396504
18366,0.43127076837820655
18367,0.0022203583610847515
18368,0.0006821183895613495
18369,0.00844722309717559
18370,0.09954850341198701
18371,0.847124424438143
18372,0.009630717774558156
18373,0.16525785348473715
18374,0.004476327776832293
18375,0.22287663083390843
18376,0.17824219655728862
18377,0.003897898475029073
18378,0.2118305048714991
18379,0.012191102783172767
18380,0.4012969129843415
18381,0.99784576008381
18382,0.35241193541770344
18383,0.060060915829313534
18384,0.0018787148935153714
18385,0.002917756197823672
18386,0.9637269609717872
18387,0.8627571583528968
18388,0.12827103571796122
18389,0.010071334872094682
18390,0.2659489799795896
18391,0.45921737472349516
18392,0.04130734993425811
18393,0.6170938502366157
18394,0.015257159629996544
18395,0.36038653881238253
18396,0.6633766536394881
18397,0.0021602115894590918
18398,0.9793070637638961
18399,0.3772001864058345
18400,0.04429139554961514
18401,0.0008536265349591199
18402,0.18790553629983067
18403,0.3206252215716441
18404,0.003562152621112119
18405,0.03979920408285895
18406,0.9844429790797189
18407,0.04995213322461367
18408,0.9566806249696005
18409,0.011197449196845878
18410,0.013228227658876955
18411,0.0058797344261162865
18412,0.0006880260401798423
18413,0.9190433463016224
18414,0.027860279216263783
18415,0.005176455128295772
18416,0.04367984216537712
18417,0.001963016827163235
18418,0.9997770379509968
18419,0.21548768506733335
18420,0.0008660486222519713
18421,0.984809291863268
18422,0.00034027577543604
18423,0.03296392865316031
18424,0.5800306466753005
18425,0.9987288478300751
18426,0.06798249102906401
18427,0.8252580596541167
18428,0.00044179600280353073
18429,0.18453996692853955
18430,0.9310739999259182
18431,0.02346575019802558
18432,0.0012103047332135317
18433,0.006159537707658264
18434,0.006943925904762274
18435,0.05079924299171274
18436,0.28591167405851897
18437,0.005940702936671838
18438,0.01916411962773221
18439,0.027217649329713524
18440,0.06312870081314374
18441,0.053994288578236314
18442,0.00967268576358476
18443,0.007408957402006349
18444,0.08292219406497514
18445,0.8170855621368133
18446,0.9298776493932068
18447,0.002487089311598573
18448,0.6220296595790314
18449,0.008653472322325308
18450,0.05151078289343435
18451,0.0071546044372535885
18452,0.9768612975786066
18453,0.0031106657914310516
18454,0.9647605111127563
18455,0.2082772843313361
18456,0.015137749021614359
18457,0.008987033275012858
18458,0.9536754869408514
18459,0.6731121250456135
18460,0.03828781228671857
18461,0.3940994421342085
18462,0.022210207230116304
18463,0.004970818421635745
18464,0.004018420117861351
18465,0.004887073517599118
18466,0.015315577745157289
18467,0.06279035472157442
18468,0.2555743668207251
18469,0.009134626609792211
18470,0.6961733903443889
18471,0.9854049048277469
18472,0.011409248704048061
18473,0.009876705027555362
18474,0.0028925842803001413
18475,0.016699474229767926
18476,0.22075270213821288
18477,0.0035780556889531295
18478,0.9620100470473739
18479,0.007683614006827731
18480,0.9857624384699774
18481,0.0043188986418158815
18482,0.516553415290312
18483,0.008482432430877505
18484,0.01253036116820981
18485,0.9971989704170614
18486,0.01760986510022372
18487,0.0013284353886676358
18488,0.9652776501154239
18489,0.0006085326300673007
18490,0.0006255191389427473
18491,0.0017536427268595766
18492,0.8652062060030989
18493,0.12091931833338011
18494,0.5670582072490583
18495,0.9696630136417576
18496,0.07878828237950702
18497,0.050538881655645185
18498,0.8034222917420784
18499,0.0004011961930736255
18500,0.20549859366811307
18501,0.5291350581515549
18502,0.012197428751310307
18503,0.0009824607440548055
18504,0.0035708279067382747
18505,0.023155027866593965
18506,0.0019819005550013456
18507,0.004095254284585921
18508,0.001996289480674934
18509,0.0055074955487680426
18510,0.28750151001192975
18511,0.0012725274105482537
18512,0.009101000541718397
18513,0.8802034309845687
18514,0.0010571937295797253
18515,0.04027571554387691
18516,0.03823615427906233
18517,9.751593601815775e-05
18518,0.008733960651666551
18519,0.0116353770447984
18520,0.00020850452698450156
18521,0.03013463655145464
18522,0.00906715164654722
18523,0.005171656297675032
18524,0.013435112390987863
18525,0.052443570405578746
18526,0.1438498515779878
18527,0.9890313377196553
18528,0.00719950809144932
18529,0.0013728257596764127
18530,0.0011175943210487297
18531,0.004239218364263256
18532,0.050296709853459416
18533,0.0008136680762238069
18534,0.7055042653741828
18535,0.005537003588522245
18536,0.004327105915024857
18537,0.5361018305900473
18538,0.2420920956394981
18539,0.015287966763021651
18540,0.11013668384487929
18541,0.004923112642459004
18542,0.3697999204362408
18543,0.007323727921962627
18544,0.14689658711229084
18545,0.035605634792992065
18546,0.07281582218238478
18547,0.11871362777825459
18548,0.9078715118387668
18549,0.9614895128763126
18550,0.9997199164078042
18551,0.030423643813412168
18552,0.8182773636700738
18553,0.7026358458047518
18554,0.1431182709419699
18555,0.02158839215260941
18556,0.00016001613840919764
18557,0.006620190539885142
18558,0.023959006542681783
18559,0.8907649418570243
18560,0.30596696155762526
18561,0.014524798421307588
18562,0.7021973259142352
18563,0.0007810874366356087
18564,0.685371041321302
18565,0.0010722344536802542
18566,0.0010156646109874168
18567,0.00579792363149519
18568,0.0015759753838976813
18569,0.0026210642341762337
18570,0.510656443398373
18571,0.031223120351836522
18572,0.002055831054327202
18573,0.0027100668598403497
18574,0.10196437620888013
18575,0.08596068298606635
18576,0.015089694357525498
18577,0.04087709838958483
18578,0.0006746422004653026
18579,0.04550836005502999
18580,0.03645843904605359
18581,0.00783377707703373
18582,0.07709613536338748
18583,0.004140727078996314
18584,0.2626886052439829
18585,0.015832968836107533
18586,0.023473338766257144
18587,0.007022662903647618
18588,0.5825606947022423
18589,0.01185758557031076
18590,0.0014609752437165532
18591,0.7471726485689457
18592,0.6440811175756345
18593,0.019957174501929787
18594,0.006564567030745526
18595,0.9941463961053615
18596,0.21784256810317507
18597,0.1497225894866208
18598,0.8279488833705303
18599,0.46205145427603234
18600,0.8426054270517364
18601,0.012742118264940197
18602,0.0041101593011637835
18603,0.0028050040156621285
18604,0.9737160581233877
18605,0.010910430990922218
18606,0.04516136206728595
18607,0.02283499771235133
18608,0.6130971431825982
18609,0.16849364534793712
18610,0.20941673676037523
18611,0.0017633795423396968
18612,0.0143102745544964
18613,0.983339308580659
18614,0.00395700153709866
18615,0.5969464202001507
18616,0.0020024745895071304
18617,0.8770111514509072
18618,0.06374466298673812
18619,0.0018913892672315566
18620,0.11021949404287738
18621,0.000920378515494041
18622,0.019872647553377414
18623,0.04676992396798717
18624,0.05074720745101795
18625,0.006466913002206205
18626,0.0012682284763615534
18627,0.21969048710192676
18628,0.0008743956797370775
18629,0.03705816847217907
18630,0.050618161905622704
18631,0.9463689572955594
18632,0.005367193038360408
18633,0.003530951714548377
18634,0.7292226784066257
18635,0.0072261324363461655
18636,0.3410235165498052
18637,0.10594319841541404
18638,0.01318502446294166
18639,0.3373681192270368
18640,0.09337483017802803
18641,0.013895643130276287
18642,0.39497247517291134
18643,0.009646193153444851
18644,0.0013125048395475575
18645,0.0036901973789788436
18646,0.20403644921286318
18647,0.004918929443666996
18648,0.018552964765275584
18649,0.004854757381567094
18650,0.04004787831901554
18651,0.007091670558718693
18652,0.002633954216115282
18653,0.0014116974869499749
18654,0.08802772340823473
18655,0.00734406366701246
18656,0.008117820775336461
18657,0.010853887415317008
18658,0.028997061813765435
18659,0.06326617188895339
18660,0.004023543778258334
18661,0.0024458522939833378
18662,0.0011894702588550108
18663,0.07633632757250852
18664,0.028594445098453578
18665,0.10971712080429676
18666,0.11883456568973269
18667,0.02956760856195416
18668,0.013289706824207182
18669,0.008821512377053968
18670,0.11140779760822174
18671,0.0036854534166309853
18672,0.970576325541085
18673,0.7982409628575281
18674,0.0038229668039221503
18675,0.7308904781051272
18676,0.0054013086947553805
18677,0.004665438738732801
18678,0.013055555438304904
18679,0.016310043212026813
18680,0.1635220953370025
18681,0.42076979670761483
18682,0.05507813000648535
18683,0.0753049613037141
18684,0.991995101569823
18685,0.0002955175050481431
18686,0.06973766538307648
18687,0.9878659544571673
18688,0.008827452250793148
18689,0.1847910051918826
18690,0.00260772354804825
18691,0.07344475895876522
18692,0.037061912982708986
18693,0.40195691506558034
18694,0.01667704450515624
18695,0.9999834768694925
18696,0.11753659558670385
18697,0.4007423230585905
18698,0.6688217523850888
18699,0.004528136905249545
18700,0.00015014019323495413
18701,0.010884156583169826
18702,0.1739730793010462
18703,0.0006758360909538848
18704,0.3994530525951879
18705,0.08337674976423935
18706,0.01013531032070403
18707,0.11346080685479791
18708,0.020427130588560667
18709,0.8424283873997201
18710,0.024822593669881474
18711,0.01481145902689945
18712,0.0029768805680681354
18713,0.0041299407795040875
18714,0.13093543088253076
18715,0.004323578080795216
18716,0.38558685232836
18717,0.0119127674757196
18718,0.043236375765676634
18719,0.0017306630817601953
18720,0.1743625577137289
18721,0.024954422656497863
18722,0.0006203184200960409
18723,0.40513470678286895
18724,0.8010928153774809
18725,0.9592083308862746
18726,0.19744678715037545
18727,0.0008057540045463804
18728,0.2894551182663713
18729,0.6461679649645424
18730,0.010311041514633442
18731,0.9983088479828326
18732,0.0032798079435826144
18733,0.9918401214755013
18734,0.0014028042690323102
18735,0.18284986231615072
18736,0.010717871739531166
18737,0.1341742136972197
18738,0.03952092739916723
18739,0.004474654497911964
18740,0.0043130335667293076
18741,0.002559916739765353
18742,0.28696391723284
18743,0.48951708064652083
18744,0.0008485726586871248
18745,0.005176093560412824
18746,0.05257551727981649
18747,0.46220283461878553
18748,0.9957745344705646
18749,0.047893942772378136
18750,0.0031285945116165713
18751,0.056987491511841855
18752,5.362805018318277e-05
18753,0.24381648304308978
18754,0.012397478852078017
18755,0.0011981599104736453
18756,0.05417244371022604
18757,0.0035324799592851555
18758,0.033730741742055294
18759,0.8150310396690219
18760,0.005858943584649362
18761,0.009159443199131171
18762,0.16880604519827186
18763,0.6323559729197381
18764,0.002159089828113174
18765,0.006077989527699791
18766,0.06530908140202812
18767,0.04329422740036399
18768,0.008632470495229246
18769,0.01039946617541904
18770,0.001388450627982764
18771,0.006504983611307482
18772,0.005438970734965447
18773,0.05560006579598951
18774,0.014659261962791471
18775,0.001876084473752673
18776,0.0012356201045698825
18777,0.012732629285681491
18778,0.007323694946446568
18779,0.0008437621396275611
18780,0.019342769129982253
18781,0.04440478407615687
18782,0.005257752604486738
18783,0.3816165710537554
18784,0.9046355448838698
18785,0.018360680513925195
18786,0.009698040081456317
18787,0.004353070010380469
18788,0.500274822457899
18789,0.20759558855610558
18790,0.8471601496056081
18791,0.0010822640359811272
18792,0.011185176555729285
18793,0.007219201749481681
18794,0.0015152631721279178
18795,0.15321748592420337
18796,0.026231565559687416
18797,0.004375992778999684
18798,0.019167078705398112
18799,0.0023797359617714737
18800,0.010117474062179298
18801,0.0011693871461830295
18802,0.5865439051800878
18803,0.014108346136508557
18804,0.005491058605164763
18805,0.10936728112728045
18806,0.026465749766752124
18807,0.03724964512857913
18808,0.49094846998786645
18809,0.004389100970773363
18810,0.15058767292632097
18811,0.0278664587082816
18812,0.004982031880602569
18813,0.001614521027851123
18814,0.009537047817075896
18815,0.01729716806821686
18816,0.020408201427295387
18817,0.0015834162839543132
18818,0.03863836714819095
18819,0.0018634939756945867
18820,0.06265780466538654
18821,0.6361824885048414
18822,0.016308632396253055
18823,0.05630023892256795
18824,0.9694398759204621
18825,0.04751687025502354
18826,0.5511823703757065
18827,0.8517100922508335
18828,0.007848979991854672
18829,0.0017260845637900772
18830,0.22912622167715768
18831,0.9840637714992726
18832,0.8516709371027904
18833,0.004763476787888816
18834,0.6802693815244529
18835,0.21733258460568924
18836,0.8579930031845621
18837,0.23018861291311618
18838,0.15552959486022674
18839,0.15863962765939993
18840,0.004507773372789692
18841,0.000332803466565084
18842,0.014539479302383444
18843,0.009767094888965664
18844,0.15053211164179756
18845,0.09214910188509579
18846,0.006332482980923269
18847,0.7253531939464637
18848,0.03227622774287082
18849,0.00802659533638014
18850,0.7664914537122455
18851,0.013822626054085255
18852,0.12425416218391994
18853,0.999846298923203
18854,0.1618999029692715
18855,0.009795515354540938
18856,0.009949471978046128
18857,0.1178884821620778
18858,0.0005464221719841325
18859,0.008195099281051398
18860,0.7655283592522704
18861,0.0075733984319100115
18862,0.0020115966798118453
18863,0.23824817845804447
18864,0.3256035925997593
18865,0.0023878338269268185
18866,0.02943554740201703
18867,0.0031958206801796594
18868,0.0420987403900235
18869,0.023763329569951724
18870,0.10152046516437561
18871,0.0058044776829942685
18872,0.9166075968767853
18873,0.19869830877436648
18874,0.021327955438932667
18875,0.0003197121430300245
18876,0.9946395103608385
18877,0.0039299109701014506
18878,0.41222125832375134
18879,0.12602679308462442
18880,0.7030880569241076
18881,0.031543034723199526
18882,0.28564872041322836
18883,0.15620322945551576
18884,0.9872462641002827
18885,0.9780607982545603
18886,0.9991193563333652
18887,0.006546409539241239
18888,0.011840631050667948
18889,0.007372969750086947
18890,0.3356306240551281
18891,0.0010595295096884401
18892,0.0018277071890207594
18893,0.0051957570103411295
18894,0.08586009340055954
18895,0.11598948723585262
18896,0.8127707905303877
18897,0.006262799824897892
18898,0.004903213701293124
18899,0.012288191832561886
18900,0.057492822536968524
18901,0.12608709297684176
18902,0.001762467748438937
18903,0.0028394980197792826
18904,0.01875879344784816
18905,0.0031031952806191633
18906,0.09891932636412787
18907,0.004611852232455517
18908,0.021113330769057095
18909,0.6263167409931641
18910,0.12223050074942864
18911,0.18777883595033484
18912,0.6828354447218251
18913,0.11476126889515928
18914,0.12961105620066032
18915,0.008753556613814868
18916,0.908370604962372
18917,0.002813955428890005
18918,0.9895357229485735
18919,0.14892370271227295
18920,0.2312411928449502
18921,0.09329223547067766
18922,0.22506173790962344
18923,0.9382633111299669
18924,0.008698340072099117
18925,0.5978837532190101
18926,0.04356603228451796
18927,0.01087760468132389
18928,0.14780329843759235
18929,0.0064690814736538555
18930,0.008269197482331582
18931,0.9934443190319772
18932,0.002048538550130484
18933,0.9594385491449984
18934,0.01884275502688287
18935,0.220303392480064
18936,0.0088284486712151
18937,0.0015885579766064639
18938,0.1485293617807303
18939,0.7859029665255501
18940,0.0037710447630284116
18941,0.0036125191086918374
18942,0.01756440612248859
18943,0.0008232411147604703
18944,0.9583921556601451
18945,0.09499996329930735
18946,0.005293058714684566
18947,0.0015967662921352991
18948,0.0071345350813073
18949,0.006247800608318903
18950,0.4473172395959901
18951,0.9896819624200686
18952,0.47447300427360195
18953,0.0024303042971506377
18954,0.0016638538400655344
18955,0.04662861004293896
18956,0.9962830921323217
18957,0.010262191213816956
18958,0.003513531862422273
18959,0.0005476947948801151
18960,0.006762887549978378
18961,0.009438102365454554
18962,0.01037817099599596
18963,0.15264456401909
18964,0.004664951357476052
18965,0.7807386943944357
18966,0.11104900319883397
18967,0.9648763554393105
18968,0.9843193411928843
18969,0.3082397842009913
18970,0.8779377062270307
18971,0.0032589869257498914
18972,0.022655895353809127
18973,0.006385707798346493
18974,0.003335015385075646
18975,0.002336821849998061
18976,0.0020545172732636817
18977,0.033899439877077574
18978,0.6091082212011203
18979,0.0059339574591640385
18980,0.805631009176348
18981,0.037544004409798146
18982,0.8008983321333979
18983,0.06177055681210992
18984,0.009252168215838625
18985,0.0007928650268932248
18986,0.9970707213035931
18987,0.0014821236877894698
18988,0.0028620966480750127
18989,0.11316137983100075
18990,0.2917298817643803
18991,0.0031612829316247253
18992,0.9627835258596761
18993,0.0049412888566192515
18994,0.06367022849035113
18995,0.2136489444727853
18996,0.859973391339293
18997,0.5106650064943312
18998,0.1614536911000418
18999,0.27532028226723876
19000,0.03780284418586266
19001,0.011190435282819648
19002,0.029021752902520383
19003,0.0005374245823006464
19004,0.987779040116439
19005,0.08226245865682996
19006,0.06353115849579069
19007,0.0019376360440355742
19008,0.9062369108245986
19009,0.22102862873872572
19010,0.017912505303833516
19011,0.028206946370688307
19012,0.0023023196962888882
19013,0.000573367848720226
19014,0.966530995611475
19015,0.020258276805090958
19016,0.10020759271354843
19017,0.016436047017911525
19018,0.0019098047684258897
19019,0.005286201272831445
19020,0.052178936142200434
19021,0.010595061121216153
19022,0.0035448210019395875
19023,0.08939958542457334
19024,0.6545557462777026
19025,0.012009724590944492
19026,0.19767856636268338
19027,0.0984734078132547
19028,0.7811746358895478
19029,0.005148726795099634
19030,0.12072878503871078
19031,0.015867203510742552
19032,0.01591238274079755
19033,0.002788200276105082
19034,0.0021193149693142645
19035,0.0019712486179426594
19036,0.014173879525438719
19037,0.008677772961059935
19038,0.01503105672924113
19039,0.0026856778120243974
19040,0.24719934436141708
19041,0.047188634568132694
19042,0.0030766387402663448
19043,0.0024562335768583852
19044,0.028419189522046258
19045,0.9937737989489699
19046,0.002004815656903564
19047,0.6508506265172215
19048,0.0284755522990113
19049,0.12079324572541035
19050,0.01662994900488148
19051,0.05455060324467453
19052,0.9980956501830924
19053,0.003035019863648968
19054,0.042270467798480205
19055,0.20149009759471267
19056,0.10832598811226174
19057,0.023656129413238313
19058,0.41602850849392636
19059,0.03206814951873912
19060,0.01888929452198189
19061,0.0018778956365578857
19062,0.0023632391063185248
19063,0.003928304828362028
19064,0.21314689196205283
19065,0.010244811928088475
19066,0.902165352158848
19067,0.01722550426337112
19068,0.0013782384775029724
19069,0.01246122173666923
19070,0.12553126440574397
19071,0.5986997100347543
19072,0.21512415894516185
19073,0.9840531603559212
19074,0.0011313007898707383
19075,0.5160440532631878
19076,0.395697610254989
19077,0.6735061860464157
19078,0.006271788525977349
19079,0.20008373370060945
19080,0.000771643921381155
19081,0.020919897138467272
19082,0.002575843995978006
19083,0.7760524601888927
19084,0.0007790387841848585
19085,0.012840184984559558
19086,0.8880872627370073
19087,0.6238927899403154
19088,0.15038015684052455
19089,0.03361757365013103
19090,0.19322416726747615
19091,0.606989160646493
19092,0.5392150220263099
19093,0.08771326684147912
19094,0.006956193662352388
19095,0.18344723218740738
19096,0.0009484129807857769
19097,0.0012417578090533619
19098,0.9768504611962163
19099,0.003927393179369919
19100,0.8451178595987492
19101,0.5848230820346855
19102,0.0049708392804777
19103,0.009181649751196194
19104,0.01659658521319219
19105,0.008893011538686157
19106,0.009394239989684796
19107,0.14979446859306583
19108,0.010068735356980751
19109,0.05075981091645559
19110,0.01682866062365041
19111,0.38509455934856535
19112,0.0021989027115372583
19113,0.0199185302422636
19114,0.005415061616759005
19115,0.020570684116176248
19116,0.02766572767746315
19117,0.10512076473353461
19118,0.006334981690727062
19119,0.05056090585685397
19120,0.006336045522054539
19121,0.014917876469586379
19122,0.003782479970444899
19123,0.02084097153088135
19124,0.0055190013589526046
19125,0.0036893222592098776
19126,0.11663951816780455
19127,0.0022972303681792405
19128,0.015338232422164297
19129,0.00012579908265946936
19130,0.9457375177726305
19131,0.018773628988405063
19132,0.48882465197156477
19133,0.010055990996298524
19134,6.16973568128459e-05
19135,0.8650841899950034
19136,0.5528727779030748
19137,0.011487156086416222
19138,0.009154140174116891
19139,0.0015970389049730627
19140,0.022637341801629997
19141,0.22555121454406518
19142,0.8727059797033431
19143,0.28315073975043814
19144,0.26330393238883665
19145,0.0008140898931383805
19146,0.005153958291919027
19147,0.0024249939493307293
19148,0.13290477384368557
19149,0.026774229174719794
19150,0.013556821881344397
19151,0.0011415489579846372
19152,0.7290667561866243
19153,0.9976212395117563
19154,0.07853449156039151
19155,0.030012569709981736
19156,0.07415503520932624
19157,0.03799896494302852
19158,0.009113296706614009
19159,0.03816441036363735
19160,0.9986801226010852
19161,0.3607900169763319
19162,0.017110785096151583
19163,0.012768187104007192
19164,0.02175388765275819
19165,0.007367680235701914
19166,0.0013726849067396598
19167,0.005643462105362686
19168,0.6742586962541154
19169,0.07281583824196412
19170,0.9565100432242739
19171,0.027401173209859808
19172,0.16236591454940075
19173,0.007869424513762699
19174,0.006585553955554919
19175,0.00368987086797367
19176,0.004576031031353327
19177,0.03630306750796521
19178,0.005041559131041587
19179,0.03696894723202949
19180,0.015321499794399873
19181,0.07188409392698955
19182,0.7607961648604801
19183,0.04018221511670005
19184,0.1287549965172716
19185,0.0015452504279189385
19186,0.0037517339381353755
19187,0.07364324080378105
19188,0.28955437760935765
19189,0.0021454564103428
19190,0.011984045241425403
19191,0.0870011649331689
19192,0.5996835003987121
19193,0.02044371146828013
19194,0.09365320017836656
19195,0.007841573956921965
19196,0.9932039350227135
19197,0.016170921947642015
19198,0.05330898936526861
19199,0.9979188611533523
19200,0.8524391361996577
19201,0.21671297488906066
19202,0.7990350677994666
19203,0.014852516868125273
19204,0.0032056678184798054
19205,0.01537325621162226
19206,0.011707609490902209
19207,0.9776035132036183
19208,0.0008566202170037301
19209,0.9339134943696796
19210,0.9570805492803025
19211,0.9434318254389443
19212,0.9989172922983754
19213,0.0340195675760951
19214,0.015965011163470776
19215,0.30551156518857625
19216,0.009226891278154481
19217,0.002922513297138356
19218,0.3322363744195113
19219,0.0024349677697959203
19220,0.24050192512903812
19221,0.00911493989402351
19222,0.11725607559923511
19223,0.0004863714922188333
19224,0.5488430340593271
19225,0.43190493031769983
19226,0.46387532413143084
19227,0.1982201215011976
19228,0.012947389359569454
19229,0.01817857094214438
19230,0.17284050691800693
19231,0.02341286798332382
19232,0.003604064731863594
19233,0.0038980504602707617
19234,0.019808115842152828
19235,0.0010382573517151428
19236,0.010219976485679823
19237,0.21720543468059794
19238,0.012233344746395603
19239,0.0015939991899070738
19240,0.0016972441811759797
19241,0.016719949684879987
19242,0.0020447456778089333
19243,0.9871025073891239
19244,0.015047535073937513
19245,0.4038366548193533
19246,0.00015986291953951081
19247,0.8034737867768258
19248,0.0020573868925436527
19249,0.0007829653402069637
19250,0.12065529834725801
19251,0.00321842709553533
19252,0.009524148960076763
19253,0.0008682624933062892
19254,0.006856087421658755
19255,0.03887511733747885
19256,0.009504812635799812
19257,0.0027020346708387945
19258,0.9843184837658069
19259,0.9338305661990401
19260,0.9846013048252823
19261,0.027152507487155236
19262,0.004475918612761457
19263,0.0010737462644727228
19264,0.32764072092200747
19265,0.06233422440858956
19266,0.009007029000826165
19267,0.0030282775279743043
19268,0.6645043868253635
19269,0.025930510652448516
19270,0.025665444080771014
19271,0.035984796259744066
19272,0.6037587612057732
19273,0.0013066999014939428
19274,0.0003531324421792331
19275,0.33081356272041107
19276,0.019140142618583243
19277,0.003923104276689712
19278,0.5881824585194645
19279,0.01925764132328476
19280,0.022327623930122265
19281,0.006712518874745878
19282,0.00046950940515156893
19283,0.005243896178020764
19284,0.0012745547956106937
19285,0.6211801547924528
19286,0.002768805158393631
19287,0.004853695666172447
19288,0.025566359229425004
19289,0.000492343924999084
19290,0.09690958215898343
19291,0.027015713973506716
19292,0.6552558694051356
19293,0.8800289791796096
19294,0.0014585939306585205
19295,0.0017401525664112172
19296,0.010088037093120283
19297,0.006763192384850087
19298,0.9757487331093238
19299,0.006563375483635296
19300,0.002689839273471675
19301,0.05434132697931837
19302,0.18768630564343455
19303,0.09386506054969965
19304,0.7329486834903927
19305,0.18384165434213856
19306,0.008831554368462174
19307,0.010643257766012786
19308,0.23615147790832372
19309,0.38212609883727644
19310,0.0020692932537230905
19311,0.15882117638927568
19312,0.14476369601276146
19313,0.06266103480974321
19314,0.8734185324347641
19315,0.004315544200956157
19316,0.15338335776378076
19317,0.06350453230646193
19318,0.05762676062727768
19319,0.37096040893904114
19320,0.0010901906726868776
19321,0.12651295914700678
19322,0.16471609534332812
19323,0.4395670107403117
19324,0.0003427467427174505
19325,0.25374213144238306
19326,0.6460441700618897
19327,0.009148296719698204
19328,0.015325098651202766
19329,0.0037561929012032537
19330,0.0033397095471842217
19331,0.9885099290236983
19332,0.00866658250453589
19333,0.007463111914504895
19334,0.012455702960347665
19335,0.008345774936714474
19336,0.060508121585122254
19337,0.992788186280279
19338,0.35730017137134357
19339,0.0018710314229675542
19340,0.1053218925475405
19341,0.026799312737183056
19342,0.0018255772183042203
19343,0.037070593774716866
19344,0.03839995370789264
19345,0.0198763426089659
19346,0.000516622673776143
19347,0.02465960684144882
19348,0.021618887535445712
19349,0.8941477337691374
19350,0.0095250995668819
19351,0.013565640200469721
19352,0.5315825409288621
19353,0.1433875457643519
19354,0.030958540994580695
19355,0.020553956386104622
19356,0.013760602470025952
19357,0.010375621821121409
19358,0.05281364767904122
19359,0.1394134701463208
19360,0.33157540804341795
19361,0.0044420930047285555
19362,0.2591135135891518
19363,0.023833558943504272
19364,0.1324834391557148
19365,0.28840841877010803
19366,0.004311769373767223
19367,0.7426676831279869
19368,0.5316970680890746
19369,0.03275250207369407
19370,0.000970386884294174
19371,0.5593146184685421
19372,0.004998919164712797
19373,0.005314082667213763
19374,0.003892838818363068
19375,0.004550965178793894
19376,0.001769807869797889
19377,0.9721981285949683
19378,0.06075493820493018
19379,0.004526989934739005
19380,0.0020112976761269027
19381,0.003025075618131608
19382,0.14863384270122693
19383,0.011578482128162709
19384,0.0038341773058178366
19385,0.010411743793721074
19386,0.11641124375954921
19387,0.0022372912266541657
19388,0.7556969831428612
19389,0.9992113492412037
19390,0.5064559354591954
19391,0.6232313854875933
19392,0.003584739687091635
19393,0.007167315075646154
19394,0.024144970020827224
19395,0.01501187519999287
19396,0.0031563264112768542
19397,0.7993766748526692
19398,0.044308247886024714
19399,0.0049264569741275886
19400,0.6930618145565973
19401,0.024276465827626714
19402,0.002911737238153468
19403,0.07148729125327881
19404,0.02246928857009764
19405,0.00028674716716393055
19406,0.28230177498157016
19407,0.2829860444727995
19408,0.024746090557046314
19409,0.013405426796048217
19410,0.0020709057115194662
19411,0.0003370320854262904
19412,0.006578590306394953
19413,0.0018483786649467365
19414,0.7501669207546053
19415,0.0036235889779570353
19416,0.06910290540195291
19417,0.9973623518599829
19418,0.030978279160627845
19419,0.0561427993301194
19420,0.06025599638995355
19421,0.9362596156328389
19422,0.04984738847793212
19423,0.17432738028415376
19424,0.654161311276603
19425,0.00025112410509122503
19426,0.0030426216141086378
19427,0.020252433029962345
19428,0.00334342837898538
19429,0.03978233158856934
19430,0.0023310729402378784
19431,0.012574238642425259
19432,0.0034986563300910623
19433,0.017753116857742834
19434,0.7043869101912205
19435,0.03195395317895066
19436,0.0008269465549754976
19437,0.9976700114922783
19438,0.0001000520309174099
19439,0.8805288106167183
19440,0.1035421728564825
19441,0.012914518844315421
19442,0.1928285633391596
19443,0.0114620395416087
19444,0.002646982907650035
19445,0.0247284013194893
19446,0.0020191868375869565
19447,0.002905283857649094
19448,0.26279300677481343
19449,0.0014188613949138943
19450,0.009849994297198123
19451,0.19196512899938423
19452,0.008226309684400298
19453,0.009874166950003534
19454,0.7768621806196914
19455,0.20911621490723464
19456,0.7777850785835821
19457,0.03045879612684777
19458,0.030465459808299414
19459,0.005276218354186549
19460,0.9969079451295423
19461,0.025815192467518497
19462,0.003259971844733491
19463,0.00918139047250259
19464,0.18393572706966468
19465,0.1934254911579472
19466,0.0258815221077446
19467,0.02201467906665486
19468,0.9452167730788943
19469,0.0032378371081329886
19470,0.003073187789037998
19471,0.31234108910735964
19472,0.9620063036068104
19473,0.0011342977549319293
19474,0.06244575669025929
19475,0.01905518094130212
19476,0.007944937608165158
19477,0.9827318891787524
19478,0.17377338407878765
19479,0.0025254321702439207
19480,0.03927984469787496
19481,0.4877872880962528
19482,0.6894461646755379
19483,0.00302695653658638
19484,0.0009726308704187102
19485,0.0012906146270669668
19486,0.9858750737103358
19487,0.04900586118840885
19488,0.07758067782624205
19489,0.511575391627402
19490,0.002748943189323866
19491,0.10147033115462155
19492,0.015456525181269347
19493,0.298660836020346
19494,0.6270824966609888
19495,0.08127435623478702
19496,0.6189776115560162
19497,0.003713085485026087
19498,0.05710821684297255
19499,0.05635009182184758
19500,0.8901312547673185
19501,0.007712697478037328
19502,0.9960223623323368
19503,0.8415871964623413
19504,0.9931751794617386
19505,0.05837685052249885
19506,0.041652242537776454
19507,0.7906157257156776
19508,0.2384650508588199
19509,0.013150534665567789
19510,0.022265261195173854
19511,0.020539386025037694
19512,0.06925836523221324
19513,0.010287148646607345
19514,0.003843555118797481
19515,0.7357653767054775
19516,0.7665789248745554
19517,0.15711404491087363
19518,0.012176645869559468
19519,0.00040389854389796624
19520,0.0006936519782004537
19521,0.06550551468729605
19522,0.8932268679921139
19523,0.04416451320610688
19524,0.12334440806593334
19525,0.0031864001445797026
19526,0.0034937786426718557
19527,0.28668313012866314
19528,0.7246059113371588
19529,0.08423817060168731
19530,0.9787103932850166
19531,0.009477535384225966
19532,0.23720979137435177
19533,0.014485332726629229
19534,0.07578935908982921
19535,0.04817968882861674
19536,0.02206615113385644
19537,0.005172399696883467
19538,0.15548852497073026
19539,0.8313517251751059
19540,0.5178684255196002
19541,0.007298626146126507
19542,0.002109584713179491
19543,0.007851228034091289
19544,0.9785503569288643
19545,0.8645910207274271
19546,0.7974027232811618
19547,0.00452886458288119
19548,0.0021063644161898078
19549,0.005795347919256835
19550,0.2117611122318798
19551,0.06229193544850182
19552,0.02628025733319324
19553,0.0016753146109595612
19554,0.048823293324496704
19555,0.0049285468362590765
19556,0.0031094243384069114
19557,0.9918536175066881
19558,0.0023148806880815232
19559,0.023981103584303727
19560,0.0047185696991121125
19561,0.9993691678054792
19562,0.043023367901829486
19563,0.0609559588980441
19564,0.010930199470284176
19565,0.052696408497856013
19566,0.41004245980809223
19567,0.9774330614860606
19568,0.020155261923169854
19569,0.1921568178060302
19570,0.006980807234996215
19571,0.0018963274151750649
19572,0.03941124615788853
19573,0.031077345257638937
19574,0.0011523789108222316
19575,0.26223196019122175
19576,0.8927878297003293
19577,0.004250304938202354
19578,0.0027915289519860817
19579,0.04955807319419409
19580,0.014633564103266588
19581,0.6241054416463989
19582,0.2784132170280817
19583,0.000513528117452655
19584,0.032140844808336
19585,0.0045051897542541346
19586,0.11763139533841678
19587,0.05276927454704099
19588,0.013802493708132671
19589,0.02773845789859304
19590,0.5452514411146171
19591,0.1369904075339669
19592,0.012808506264054035
19593,0.997447275690392
19594,0.06112943348694567
19595,0.22010063226129725
19596,0.12710956742715848
19597,0.005360633538920696
19598,0.0009309775546836712
19599,0.03392957581538879
19600,0.007362630846221159
19601,0.9256172611141185
19602,0.9823979451521218
19603,0.9604192518590048
19604,0.005639063098555919
19605,0.3052881434206186
19606,0.045063694503326854
19607,0.012543113762093279
19608,0.008783491872304797
19609,0.003935076973842618
19610,0.38364079999394124
19611,0.5427264718166529
19612,0.2270786640897255
19613,0.0028930165347244062
19614,0.021859664736897357
19615,0.004320471435817553
19616,0.013740033905824203
19617,0.0004931912629217195
19618,0.4711957587546538
19619,0.03212170687596604
19620,0.06594827050312997
19621,0.0006835364775934355
19622,0.9967244131076982
19623,0.009635399712356173
19624,0.3502369168684051
19625,0.02825698765547817
19626,0.5779234169015042
19627,0.014463175076030928
19628,0.34197678680915117
19629,0.002693782026384971
19630,0.0603862065650822
19631,0.9952105507401442
19632,0.3303773114123785
19633,0.04031956290840673
19634,0.04951414538390576
19635,0.022467221140461218
19636,0.2782382028227653
19637,0.9525831311569647
19638,0.00872228855871862
19639,0.0010841619512373243
19640,0.004567329680175394
19641,0.003409662879365669
19642,0.0195725535259699
19643,0.0013864380503369256
19644,0.0017751853691515172
19645,0.020060271630504927
19646,0.08848936991411847
19647,0.0059200586937001
19648,0.011307808556079095
19649,0.12467096642778064
19650,0.0030603108468707455
19651,0.0043178443445429536
19652,0.10331044185839769
19653,0.007750006469156786
19654,0.9911000664299322
19655,0.002407738398087731
19656,0.012467350366327807
19657,0.009036767525916213
19658,0.9661891652593412
19659,0.0006551156542294852
19660,0.1813895348255298
19661,0.16866296703917943
19662,0.21047673560534041
19663,0.0045070699631630665
19664,0.8533656006776651
19665,0.005940907146442844
19666,0.013135662946271904
19667,0.04493806265540294
19668,0.002405175370346547
19669,0.0045769044102372085
19670,0.3569473967251146
19671,0.19327490254381494
19672,0.014171920883711059
19673,0.030664370930575738
19674,0.28973339650757773
19675,0.4218244425448709
19676,0.06758968718944643
19677,0.002554580508694048
19678,0.006665651231917896
19679,0.025922632714929988
19680,0.010664581911733433
19681,0.5861191337030205
19682,0.9986456236536623
19683,0.02186862252998488
19684,0.010389816442139427
19685,0.48495762326254105
19686,0.010367186154713381
19687,0.09375245898805136
19688,0.006232712632373035
19689,0.02402725659804633
19690,0.283005209038309
19691,0.004546316957833559
19692,0.9686492036573912
19693,0.006611392111956086
19694,0.010243423309623119
19695,0.022586758464043257
19696,0.00667515452099923
19697,0.652909708150951
19698,0.020220113802736507
19699,0.6750386390112949
19700,0.00026664284451207473
19701,0.0003068133440075733
19702,0.6736331354204934
19703,0.0019282904387734271
19704,0.08287906168005707
19705,0.16520781185122776
19706,0.6313756797631888
19707,0.0017881771550492004
19708,0.016807355526617364
19709,0.0007128617963431306
19710,0.008536120784578915
19711,0.9729268788092227
19712,0.10541869152938033
19713,0.0069155007506432045
19714,0.4917921282699274
19715,0.008839219700540357
19716,0.0023783313783075242
19717,0.15320327290002025
19718,0.006366495519319132
19719,0.009219702312001431
19720,0.29539063549966055
19721,0.0034488127127358425
19722,0.7324479383974173
19723,0.9914911991343806
19724,0.0024634386818370058
19725,0.132121203623652
19726,0.00025376420948670513
19727,0.03856124123507182
19728,0.062116277692606255
19729,0.027250647894709726
19730,0.007925969824284082
19731,0.3212933096743073
19732,0.2822859553087178
19733,0.0014657009174267217
19734,0.020727360625669572
19735,0.02990054675010299
19736,0.0316081218887692
19737,0.9878309157786228
19738,0.8518616755097991
19739,0.24798028447100515
19740,0.0025865409026354673
19741,0.006237325500831907
19742,0.01841741111868568
19743,0.5371577808812334
19744,0.0008351084178861014
19745,0.015869728011615895
19746,0.011409075895723342
19747,0.14567041371733996
19748,0.07958762126943775
19749,0.0027962602484720793
19750,0.01641223668092389
19751,0.6063810273285694
19752,0.02398811024735363
19753,0.001761204332733807
19754,0.3373135518700865
19755,0.00027387379506082056
19756,0.003461808152632034
19757,0.0062609176383425945
19758,0.8946891480745537
19759,0.3751576879982309
19760,0.017270668015280263
19761,0.0015067260979296597
19762,0.00712023008770379
19763,0.016776167029836867
19764,0.8458246442555645
19765,0.014901495351057593
19766,0.7824906460276199
19767,0.129110688675576
19768,0.9999954750203911
19769,0.00855677884777094
19770,0.005876702348270014
19771,0.004047723170933654
19772,0.0029053477750955003
19773,0.03516075951528658
19774,0.9946252847940336
19775,0.013884009605675464
19776,6.677250069723799e-05
19777,0.24262189613330518
19778,0.39473080403381267
19779,0.0396848480016092
19780,0.006948409197364466
19781,0.22552996194751102
19782,0.011330863870156263
19783,0.006774709580609459
19784,0.032215838101007754
19785,0.00543580168985974
19786,0.002805903340042947
19787,0.003702238815797041
19788,0.02967174802329963
19789,0.0060631302817331055
19790,0.9697333916413436
19791,0.6174235357694987
19792,0.00688183285514319
19793,0.15349237082527167
19794,0.9510044562242586
19795,0.001302818592162807
19796,0.11930492714529503
19797,0.04146680206168224
19798,0.002793396511198967
19799,0.997398564267521
19800,0.006806020796228215
19801,0.05801696090601222
19802,0.0028133225011423074
19803,0.472227378237019
19804,0.9973531594939261
19805,0.098615492912079
19806,0.0024404459073141004
19807,0.0727028571857345
19808,0.03288218073786626
19809,0.004394044039542022
19810,0.018278647246827893
19811,0.0030213363477710384
19812,0.02994664833654119
19813,0.002894626268290553
19814,0.006536658507871191
19815,0.03724362596896393
19816,0.03767360075417783
19817,0.011105651744223635
19818,0.042730017800405515
19819,0.0026246229444366214
19820,0.06475235688570471
19821,0.004992760076257662
19822,0.0017634378499129433
19823,0.04261399531883922
19824,0.020099147588224023
19825,0.058394758317969524
19826,0.08575755006096733
19827,0.21648421992855252
19828,0.049398701695022945
19829,0.8338898367599723
19830,0.007011273186462998
19831,0.012022286710517869
19832,0.057999459189222016
19833,0.6735922535210177
19834,0.0032887373514874905
19835,0.43003389057871116
19836,0.009840200358111048
19837,0.0037426549671311774
19838,0.012644538990260395
19839,0.01756591006296378
19840,0.17789258348057227
19841,0.5777202264284553
19842,0.009861264728283472
19843,0.1742858291011986
19844,0.033120177093240076
19845,0.5502467521661787
19846,0.004392875925297784
19847,0.013783427434053561
19848,0.08464827974675856
19849,0.0057003546070302355
19850,0.004034670351873185
19851,0.00848562235881142
19852,0.06611367342092908
19853,0.05280272573797004
19854,0.9966137027086464
19855,0.06097705535719781
19856,0.03990989794564856
19857,0.864090417776811
19858,0.21231692443082303
19859,0.9267635393939064
19860,0.8007999256410525
19861,0.9999897131832686
19862,0.034223314896012644
19863,0.34582527232102117
19864,0.032183556003730934
19865,0.040163159369106145
19866,0.04983313342945477
19867,0.01284405849665487
19868,0.014613840234526424
19869,0.01006136890858226
19870,0.12818741122924426
19871,0.042961952376020296
19872,0.03846036505976363
19873,0.26626128846687075
19874,0.003929476120137816
19875,0.06696824066581523
19876,0.00036396760965399393
19877,0.007024374989697185
19878,0.0008437771882071263
19879,0.011662050657674849
19880,0.019528024891812656
19881,0.008889795624882445
19882,0.00630181418279728
19883,0.020279003709879864
19884,0.1126862516936631
19885,0.9967434410697622
19886,0.050692941320655424
19887,0.014400598806395715
19888,0.9973864295782922
19889,0.31085904708958756
19890,0.04224917121699829
19891,0.41768450973058396
19892,0.049066860110383005
19893,0.014821919843855174
19894,0.002507037680393953
19895,0.22588182188462805
19896,0.00017706242598574542
19897,0.7178317961440145
19898,0.033335429837276304
19899,0.03923362056115616
19900,0.16184001213067506
19901,0.1666421502912778
19902,0.034091753320824536
19903,0.04987241134338071
19904,0.0013867407539184203
19905,0.005806494262500782
19906,0.07287598200361527
19907,0.019933528620169665
19908,0.0007733638533791335
19909,0.09779992718223887
19910,0.6661961272213625
19911,0.2175363092868941
19912,0.01900517655664925
19913,0.024439100682587304
19914,0.010271273101139632
19915,0.4068349716812213
19916,0.001466091725624442
19917,0.006179728548680659
19918,0.0014649404741629408
19919,0.024819092702392236
19920,0.0071007992284742956
19921,0.052359778669620716
19922,0.31852535386954384
19923,0.09359801848818758
19924,0.047665212492155766
19925,0.08327770349482963
19926,0.638263823838656
19927,0.5867216786440879
19928,0.01093771784828657
19929,0.15024775597652956
19930,0.013185849184786795
19931,0.006494533424456821
19932,0.1716421874916193
19933,0.0028124118863091306
19934,0.22070486545067144
19935,0.010579357562786832
19936,0.00029042564371259736
19937,0.15965412524634115
19938,0.032044113535637436
19939,0.05280812772238645
19940,0.022570211025522098
19941,0.01310229681527768
19942,0.010898054540256125
19943,0.0003432824280547932
19944,0.003683411655910669
19945,0.020841121001134846
19946,0.013246246928586275
19947,0.007932812520542641
19948,0.2290586941836317
19949,0.009081946213330508
19950,0.047593344012967824
19951,0.41591874792334466
19952,0.0346796670723184
19953,0.3510663971099696
19954,0.00465247554460143
19955,0.005884259797288872
19956,0.5544516249095908
19957,0.0052661403866827985
19958,0.0033389055096444205
19959,0.03765304036620011
19960,0.03779744578088286
19961,0.0028608472172203165
19962,0.00863548560299963
19963,0.005975958149936714
19964,0.0028390828142913745
19965,0.0049064117610997235
19966,0.1868913703136289
19967,0.34915889230937247
19968,0.8399861016361165
19969,0.18225953113309573
19970,0.29926853557068356
19971,0.004365720524510225
19972,0.006189103577971902
19973,0.9701299235561393
19974,0.003976638336363998
19975,0.9988109508650088
19976,0.020276453413555925
19977,0.016432623956023705
19978,0.0025771290474020745
19979,0.9176559780215876
19980,0.4139978273234862
19981,0.012549037967673959
19982,0.007815658810327477
19983,0.7375717322705322
19984,0.6144794631078423
19985,0.12417577634340639
19986,0.005770706458803699
19987,0.9994534686365348
19988,0.0014010784887625164
19989,0.0053354436429264625
19990,0.037292053966926635
19991,0.0043761943611382
19992,0.987909571805385
19993,0.1110683403387208
19994,0.23912231811625792
19995,0.06992365363746002
19996,0.017037789631679727
19997,0.0024866869314323094
19998,0.0040729047613601715
19999,0.0037988543642597196
20000,0.038188508782789406
20001,0.004852096648323629
20002,0.09505419191244678
20003,0.09288783966121232
20004,0.04167796602353341
20005,0.23054666989881217
20006,0.9970334395919013
20007,0.04828277386891764
20008,0.5210823434193594
20009,0.007187383410283516
20010,0.004230836052883928
20011,0.04110339597169659
20012,0.005205076549197804
20013,0.01703028371571952
20014,0.07256887378545503
20015,0.06388367030133404
20016,0.012753311170664923
20017,0.009441227594660694
20018,0.003129387518684795
20019,0.00892643605045005
20020,0.008350964634088128
20021,0.008607881140779837
20022,0.10851492697900605
20023,0.039606902442076965
20024,0.020775350212145438
20025,0.0041883741675385715
20026,0.021412917654192117
20027,0.9944380225266847
20028,0.0052146613506116315
20029,0.8026473130345086
20030,0.016964124185211166
20031,0.000586844868990378
20032,0.0708775631360039
20033,0.149305964535881
20034,0.0041761023388613575
20035,0.43564178058548264
20036,0.002841474567114622
20037,0.1235449209325282
20038,0.9999736422194458
20039,0.36516142459117457
20040,0.0010525497882530274
20041,0.010169904190538512
20042,0.003053386478494434
20043,0.006459773918070075
20044,0.0008102194778103904
20045,0.2676060431739038
20046,0.9864830055520863
20047,0.9999186049526237
20048,0.00026004545463068627
20049,0.8158785714713606
20050,0.012391707509371071
20051,0.016655154105915327
20052,0.017561485380655883
20053,0.9974705476791257
20054,0.004452020923964934
20055,0.25309889554250603
20056,0.0038821466574019666
20057,0.010002014201626675
20058,0.09274528927174616
20059,0.13526227680730235
20060,0.015355143667566731
20061,0.0021432892251438615
20062,0.08367406383801415
20063,0.0008963698457108822
20064,0.008289602955790308
20065,0.7127274734597528
20066,0.6378243323391327
20067,0.025375308088990942
20068,0.17752118404879122
20069,0.5329624364788016
20070,0.0065787183468737805
20071,0.026550193202863462
20072,0.18203581415555886
20073,0.09347890745894843
20074,0.006631466082333216
20075,0.0010770201785933863
20076,0.10826925126442652
20077,0.12156735722130192
20078,0.034874692583545044
20079,0.001774144509558716
20080,0.38107890988774945
20081,0.8664560155705786
20082,0.004426292096913667
20083,0.34892053318018956
20084,0.9746350241892762
20085,0.007875272062567697
20086,0.0022940977255653033
20087,0.08079555326610506
20088,0.02832822330860395
20089,0.006391775446523688
20090,0.10445205106371097
20091,0.27948694190528606
20092,0.008856860790369138
20093,0.11818565683759526
20094,0.13974930420969253
20095,0.6405114672731025
20096,0.9021397329507299
20097,0.4514512308720052
20098,0.004221140557654323
20099,0.006225892080927261
20100,0.9850594985573061
20101,0.232532629705935
20102,0.022396309435676384
20103,0.022051094734714276
20104,0.938494196421527
20105,0.01649791328614723
20106,0.030415718436814603
20107,0.8955529207373748
20108,0.005951821381718306
20109,0.9955683392884062
20110,0.6445511027354646
20111,0.010879490179313653
20112,0.01029012309667892
20113,0.02654020405704602
20114,0.985657032279175
20115,0.9819869729011779
20116,0.24044393728279315
20117,3.3295728643197915e-05
20118,0.00024321906346074694
20119,0.024065716597881825
20120,0.01861820898962779
20121,0.008426086106412494
20122,0.15693918928389133
20123,0.033242212211987344
20124,0.12179346920601883
20125,0.03190155530463782
20126,0.0300931548709164
20127,0.025690941250371604
20128,0.996132358102434
20129,0.20937699305627566
20130,0.44874133237340397
20131,0.010654912224416217
20132,0.017063936448307542
20133,0.0005615561201927335
20134,0.014277042584541362
20135,0.8719248457333043
20136,0.0016090568046177632
20137,0.0005958964318742654
20138,0.9994134763813273
20139,0.0018201870828886471
20140,0.43912740504677217
20141,0.0008753290351947773
20142,0.026787354571397085
20143,0.00032374500532424583
20144,0.019500898467643513
20145,0.015999250818501457
20146,0.004954549168737425
20147,0.08992867230638336
20148,0.0022653928158624043
20149,0.6890022301062925
20150,0.0106084045778218
20151,0.9952453304976201
20152,0.004216567887338574
20153,0.1987306009901959
20154,0.0023953130383395967
20155,0.00045199212393131407
20156,0.0007880793509709356
20157,0.07295610009856367
20158,0.00965918729529156
20159,0.07135208501026227
20160,0.9937967218395487
20161,0.0016295931747175626
20162,0.0018820907562249515
20163,0.031904804795514774
20164,0.3985631922077918
20165,0.007106543370016697
20166,0.001696718720550003
20167,0.6860745918873401
20168,0.0008304651181783961
20169,0.0024593242364938355
20170,0.010485987689438342
20171,0.8878766657574252
20172,0.23471099828319897
20173,0.9996996143888622
20174,0.03492576818751702
20175,0.9238371311671529
20176,0.019878632357302986
20177,0.0002982384956071289
20178,0.003907916381084195
20179,0.017165441280297695
20180,0.005124116297686039
20181,0.01525164617772324
20182,0.11203461081997274
20183,0.0012564846964722022
20184,0.9894426849350038
20185,0.5378142149393607
20186,0.0068351431977475355
20187,7.547839381271952e-05
20188,0.16577482302236768
20189,0.12696125061713304
20190,0.9906749860229186
20191,0.0024602542701042296
20192,0.9595011525930215
20193,0.02985706431193564
20194,0.006057211058369849
20195,0.6836386149589215
20196,0.0015341074587658144
20197,0.022587370914330322
20198,0.005090443488191744
20199,0.02036353274146947
20200,0.001198083629515466
20201,0.5797062309482095
20202,0.004038046672179133
20203,0.04444181139637841
20204,0.00815350048590737
20205,0.0008121708179768787
20206,0.0023738297842180933
20207,0.9982106136345987
20208,0.005649756726266876
20209,0.004883746775884194
20210,0.005535036631924042
20211,0.01183824798323472
20212,0.9839938011092803
20213,0.0012881071678438165
20214,0.2993114374097668
20215,0.017003991421903522
20216,0.004635836970453618
20217,0.005523931336760939
20218,0.03771070705519064
20219,0.9993418747911434
20220,0.1517901769334782
20221,0.5517056568537597
20222,0.011642858165474008
20223,0.05127173649296956
20224,0.020726823808821532
20225,0.07946936417037438
20226,0.0019752267755973802
20227,0.6112648221600357
20228,0.9761478406851234
20229,0.11879021619100784
20230,0.007957383204498666
20231,0.8156975150730625
20232,0.15617809083190223
20233,0.004171439663638722
20234,0.0021864202956431576
20235,0.004255278376187658
20236,0.870173422244362
20237,0.7314128957742027
20238,0.030819874482507545
20239,0.0007401607041765384
20240,3.49341947610219e-05
20241,0.0016839441211238244
20242,0.002212660309224235
20243,0.006774103882097997
20244,0.01944993088294669
20245,0.09054125502533299
20246,0.9785207125471426
20247,0.061640027137786796
20248,0.017791703897243934
20249,0.6880234094769583
20250,0.01723972076602763
20251,0.007200236092048045
20252,0.002866759441495798
20253,0.002461599748759751
20254,0.0434509825751996
20255,0.21160745091261157
20256,0.877174806596527
20257,0.9830196781665718
20258,0.29194994588358486
20259,0.13852210270423404
20260,0.005874080376290679
20261,0.554604595445286
20262,0.018289476776686936
20263,0.9980386716445528
20264,0.11737208174152336
20265,0.14991905151602625
20266,0.9941200783308579
20267,0.0854310631259566
20268,0.029039734546403975
20269,0.09339199472816256
20270,0.011200500231600642
20271,0.17781438059000557
20272,0.007912426122519557
20273,0.03328403250288669
20274,0.0011790329519213952
20275,0.0010114868118878213
20276,0.5121223902001273
20277,0.7776948980623426
20278,0.050724043896935675
20279,0.6777549081878166
20280,0.0019514734194876662
20281,0.016307930186101764
20282,0.006401618991770771
20283,0.6208274823721899
20284,0.0028654163895178043
20285,0.6754430162307187
20286,0.00516723335135675
20287,0.005582823929234585
20288,0.00777429714729335
20289,0.9415630742209116
20290,0.0008669473535325668
20291,0.0006379701469181317
20292,0.9568452553840598
20293,0.9314956518323674
20294,0.00894415457004534
20295,0.17577471595393768
20296,0.3449388030881375
20297,0.008722268498356138
20298,0.0014216584777228777
20299,0.9967751421024209
20300,0.08479239898731745
20301,0.009879542057977269
20302,0.9984078607490915
20303,0.0037249700837905598
20304,0.07700140488962276
20305,0.0008427935452617881
20306,0.0008227051250560211
20307,0.06021708966143714
20308,0.07091581721925788
20309,0.06990217953366597
20310,0.049667308801736046
20311,0.00733163113794505
20312,0.0032289350604378995
20313,0.002023433714077359
20314,0.9509962239329923
20315,0.99925998001167
20316,0.019616786476414905
20317,0.00017770388960967643
20318,0.009805024884689553
20319,0.9713369552787452
20320,0.9893694534476333
20321,0.015854149889340658
20322,0.1353289372123452
20323,0.0022856975765259222
20324,0.8298643152887994
20325,0.0019112557079600278
20326,0.10406026941566954
20327,0.023408257730758362
20328,0.018896058616147984
20329,0.4408846378191167
20330,0.9628167903210465
20331,0.8861989439475734
20332,0.439251340380056
20333,0.10717271703701775
20334,0.9574249807336863
20335,0.797864352588984
20336,0.0067954895637230206
20337,0.00458958733482495
20338,0.18474605256887405
20339,0.9402070481001739
20340,0.0019993486472096875
20341,0.12238097378100962
20342,0.002952307971161047
20343,0.7590826497097569
20344,0.0006398878370017636
20345,0.9725077912495634
20346,0.23014783951294326
20347,0.005039805802371763
20348,0.8067133232230244
20349,0.004392032961202638
20350,0.004045772311779672
20351,0.06740973040790027
20352,0.07557474325961806
20353,0.003909832855623608
20354,0.4791692324416409
20355,0.005869868844750628
20356,0.0022009754007459603
20357,0.31993691650871076
20358,0.022329847473890913
20359,0.01210013331708527
20360,0.12770137678108573
20361,0.007480100906793193
20362,0.004327054433907999
20363,0.002825612568152864
20364,0.988690835819919
20365,0.002493683217077997
20366,0.007176736246654408
20367,0.008112601158468914
20368,0.007978925661148438
20369,0.0037627528645821596
20370,0.17207819950993192
20371,0.010953519555852201
20372,0.011641094240689565
20373,0.03187609719407424
20374,0.001372896343910347
20375,0.03680575387742272
20376,0.020070526148503957
20377,0.5600110481828516
20378,0.0014499296529033752
20379,0.5005799905297897
20380,0.0020873542988217655
20381,0.34231214058136145
20382,0.003802904712309264
20383,0.9672186143919876
20384,0.011333062569215104
20385,0.0012965089311912385
20386,0.003523827640875222
20387,0.04238494541935774
20388,0.03147042654488794
20389,0.07620835634505853
20390,0.4232864440104066
20391,0.7933208032895158
20392,0.09252153541409142
20393,0.015913300655549266
20394,0.9934443223716583
20395,0.013134157242121766
20396,0.09630701525301454
20397,0.0015476347602834675
20398,0.9941215680110952
20399,0.009280959925012926
20400,0.09833658404595684
20401,0.996350277205599
20402,0.9094601664995813
20403,0.008071387568119958
20404,0.0009355225013726111
20405,0.012424782972259178
20406,0.0010379475023109136
20407,0.14704320835581125
20408,0.6254271221031075
20409,0.517578081654099
20410,0.8516110667602138
20411,0.027702360444020652
20412,0.0017899104552669077
20413,0.05350078170641843
20414,0.9906140584703557
20415,0.9852274961623761
20416,0.018232528747034946
20417,0.015266734746683453
20418,0.007908719986212091
20419,0.018004441084059297
20420,0.034941127475614016
20421,0.12898467419124518
20422,0.00032602912392523843
20423,0.018176955885398197
20424,0.34527070096455625
20425,0.0031780992041426184
20426,0.9468349618999491
20427,0.0013396362625468722
20428,0.9957219543314229
20429,0.15005260736810982
20430,0.0025107266899021736
20431,0.008489708916439577
20432,0.04533814933986915
20433,0.014781528282438505
20434,0.01898361013357177
20435,8.074306353204758e-05
20436,0.00218102750884466
20437,0.9851501615372448
20438,0.9799711129729625
20439,0.0629595151480148
20440,0.008916290323043877
20441,0.017219714785199916
20442,0.0011428141365247744
20443,0.25060723566908877
20444,0.28175744373458944
20445,0.18510252586469894
20446,0.0034040450555117784
20447,0.915056572982751
20448,0.28261260741324573
20449,0.9850108706812376
20450,0.8755158849085914
20451,0.9960826068628078
20452,0.015214079406482348
20453,0.004353587185084683
20454,0.03405491102463172
20455,0.011724628880359236
20456,0.0007320430189198656
20457,0.0024101222496664696
20458,0.09041447042684699
20459,0.9411574885831268
20460,0.05955514202583492
20461,0.0039024696810609745
20462,0.0031769443265001677
20463,0.035677433473382494
20464,0.0017014721202971
20465,0.0017891040400084418
20466,0.005130172411559327
20467,0.9457598114543663
20468,0.0051379888444098
20469,0.32148530132810166
20470,0.0007998125240786618
20471,0.36815822490576317
20472,0.04042461381357491
20473,0.006822346103423255
20474,0.0009364140088432408
20475,0.004340476821553739
20476,0.026703409597718337
20477,0.9545187976078181
20478,0.04607353422393933
20479,0.3140630360349878
20480,0.07475309844435088
20481,0.11323275496956323
20482,0.20735929964611902
20483,0.003248890541416569
20484,0.009611670065326493
20485,0.01004439704171787
20486,0.022987592225051506
20487,0.7250403608573304
20488,0.0053474570447856725
20489,0.29614157625886983
20490,0.9996917071628524
20491,0.058922121264804124
20492,0.013148332735367198
20493,0.0058860300496233545
20494,0.0416842806747875
20495,0.004565087217469811
20496,0.0034657574610694056
20497,0.003770823106836562
20498,0.0802790206666576
20499,0.5804392355900452
20500,0.0041720097468239134
20501,0.0024067685883182497
20502,0.20389155342877385
20503,0.3974510651898597
20504,0.02308188792888095
20505,0.9899578021024963
20506,0.0029849420188197717
20507,0.09846874193033044
20508,0.450006467376364
20509,0.9831128056463936
20510,0.12831130406631436
20511,0.0031956415155422607
20512,0.9973061380762439
20513,0.4958844645968891
20514,0.012683927232556296
20515,0.8966425318012106
20516,0.0025485957047183083
20517,0.02400503766107641
20518,0.00657951551117706
20519,0.03592473137353922
20520,0.002119986005019564
20521,0.9776763963191897
20522,0.0029997075836817686
20523,0.08203714389486469
20524,0.005856739545591171
20525,0.010168042932963441
20526,0.003938814120383004
20527,0.01229115803726083
20528,0.014029753645333687
20529,0.17783074394129164
20530,0.008707248818597963
20531,0.08866813841688082
20532,0.05594678780693172
20533,0.013042402097832457
20534,0.001531232776701565
20535,0.01869648702042042
20536,0.0003316147650624957
20537,0.93299345298551
20538,0.1738930023914483
20539,0.02283451980128284
20540,0.3233552500211797
20541,0.008359810403260224
20542,0.018678142302758542
20543,0.6891833336841792
20544,0.8172433892122922
20545,0.08336868677509657
20546,0.0036001116197571653
20547,0.06865316891093265
20548,0.7727387714787647
20549,0.039384062124755426
20550,0.054817270402144756
20551,0.007066214303363095
20552,0.6305214153195975
20553,0.0032448683739891623
20554,0.012478204534992331
20555,0.018842415060268857
20556,0.05216008862548734
20557,0.05074947338682486
20558,0.0008514887919281686
20559,0.002200397009155635
20560,0.009815553907519295
20561,0.0031130833505274556
20562,0.004838542176717983
20563,0.0044006542734446475
20564,0.03232306607485655
20565,0.02596515070154945
20566,0.08211101145058855
20567,0.003792972910016142
20568,0.007094078332811024
20569,0.02138502531086457
20570,0.054956637094708764
20571,0.002041971353266332
20572,0.041777085191062414
20573,0.0016596134121032514
20574,0.08183154938509281
20575,0.013676951862998893
20576,0.034098569188486756
20577,0.36146038904816363
20578,0.751431679185372
20579,0.005683291946484587
20580,0.00020865219124123618
20581,0.049655602076474674
20582,0.0554696216820346
20583,0.878374249986023
20584,0.003907265186937981
20585,0.0040288927417439935
20586,0.0035046039154650183
20587,0.020662190362176477
20588,0.021096709347285025
20589,0.9836441681225958
20590,0.19213633593308438
20591,0.01151834463935188
20592,0.8090876707906043
20593,0.2315844715957739
20594,0.17666826017324203
20595,0.004180048002095066
20596,0.41055227851955883
20597,0.10889668907809716
20598,0.5081765213537136
20599,0.0908894896816995
20600,0.8958337644059714
20601,0.00032710101245743905
20602,0.49107941893315693
20603,0.1163892700705654
20604,0.02195570565763667
20605,0.008653495630518055
20606,0.2390276936390747
20607,0.009273826121644102
20608,0.9996752430991406
20609,0.7732642785684486
20610,0.22389656982010897
20611,0.07234261583806752
20612,0.003267324968779767
20613,0.19532090999851642
20614,0.9995566189929626
20615,0.691340746464949
20616,0.34857729185064334
20617,0.009961683203766673
20618,0.01943041703648992
20619,0.0003543186495091688
20620,0.7133337578412545
20621,0.007978414143518636
20622,0.005924374633854519
20623,0.010354723803780701
20624,0.16659617502774415
20625,0.036217203873820006
20626,0.00044716658136296095
20627,0.006077344388364309
20628,0.24640228572519013
20629,0.8957156891872589
20630,0.022593767017335644
20631,0.019985301737759
20632,0.01727257616522503
20633,0.00033606711544007336
20634,0.9570426617387673
20635,0.015704208929045414
20636,0.0025052616791858286
20637,0.156737756810189
20638,0.20113436937905094
20639,0.03199287723090617
20640,0.2660558612950796
20641,0.03853794780734308
20642,0.0035680816598823036
20643,0.0033124008632776374
20644,0.5963221675067495
20645,0.013085586062042522
20646,0.0019040736476041195
20647,0.06792426013407579
20648,0.05442173921046163
20649,0.01892825022490418
20650,0.05512331042944837
20651,0.025406536746866243
20652,0.059569597690860114
20653,0.4678920472095312
20654,0.3569831604990327
20655,0.02478405554532389
20656,0.9038006986578012
20657,0.06650745671199726
20658,0.023765960610631603
20659,0.9524219806173455
20660,0.1161024189013356
20661,0.0038054722037463226
20662,0.0020384797341693127
20663,0.036137571805044476
20664,0.004045673681845402
20665,0.013351804440412
20666,0.016562453071668124
20667,0.005289454222776129
20668,0.011860749281547634
20669,0.06857088933630079
20670,0.9995375302153839
20671,0.009056113149570786
20672,0.9802629617544736
20673,0.02392051288245077
20674,0.0026248320006711542
20675,0.0003411685348899217
20676,0.16969772801027297
20677,0.01954962693266979
20678,0.002011616544182995
20679,0.008937328769975977
20680,0.718318959439292
20681,0.0030706518591449255
20682,0.46662809709467273
20683,0.7249842885140664
20684,0.004259265508363003
20685,0.019000099619581972
20686,0.009661786019065787
20687,0.021772156885961815
20688,0.9521620342443792
20689,0.8779448112305156
20690,0.0077564854664736406
20691,0.00015284607228481173
20692,0.6410466264684193
20693,0.06266667994363119
20694,0.0010788614252439154
20695,0.0015093380908088579
20696,0.0031079028433703463
20697,0.9972038142567214
20698,0.00807562391476868
20699,0.007216317331724622
20700,0.0016649729341916715
20701,0.56471106553405
20702,0.02120835839255803
20703,0.8254150298777678
20704,0.0024661916690659215
20705,0.3700400835850772
20706,0.007395320321830635
20707,0.004171288002191797
20708,0.08347321304717056
20709,0.014224476987974091
20710,0.048408629212976166
20711,0.027422778011847827
20712,0.27595139655655676
20713,0.9375615830919459
20714,0.9342399949773003
20715,0.004183980589265891
20716,0.11047928483840823
20717,0.6872442913874601
20718,0.27339618518257514
20719,0.001691764515015907
20720,0.2920214572443929
20721,0.058683149768761475
20722,0.0982042740908492
20723,0.007161014040394041
20724,0.01661278025247783
20725,0.0009365640034334121
20726,0.012992955504097771
20727,0.990605096012207
20728,0.006782505648482742
20729,0.003513216878509081
20730,0.017466138006336094
20731,0.14853767757293612
20732,0.021195571576562433
20733,0.9781090052093683
20734,0.03532159433250019
20735,0.6597869155714617
20736,0.005401990428315732
20737,0.7074276198772879
20738,0.9400263076672558
20739,0.029543329353490466
20740,0.009121013260299023
20741,0.860601203853214
20742,0.0018693666256874575
20743,0.03347644434315351
20744,0.6174183534868761
20745,0.8644844489818015
20746,0.013803085707181357
20747,0.03435862934215657
20748,0.012662740191403192
20749,0.007539950032948693
20750,0.11408843403749304
20751,0.9908508895340099
20752,0.01698461893552815
20753,0.326690328364223
20754,0.06789371969104552
20755,0.0856430492130505
20756,0.010919208084369043
20757,0.024580091884685688
20758,0.031141533026845084
20759,0.31428076028781515
20760,0.0015801316895705947
20761,0.02479097801119485
20762,0.15811414060324824
20763,0.0044495486757001115
20764,0.8809242749976192
20765,0.06277908206727656
20766,0.03690608303041903
20767,0.6130998205833378
20768,0.0012087956653590755
20769,0.00942548111466065
20770,0.0016342284061749434
20771,0.023605544640208115
20772,0.010692420407813645
20773,0.00044507966168662213
20774,0.005387021928215176
20775,0.01125402132094019
20776,0.03666961708875453
20777,0.002342767975336731
20778,0.017821943459512577
20779,0.9547404947916899
20780,0.9687583164191816
20781,0.00984373469246587
20782,0.018513597404382465
20783,0.7880831963019057
20784,0.006781581157881074
20785,0.0013612292283427738
20786,0.9989985539572692
20787,0.04574573864376015
20788,0.45257170843583633
20789,0.6780628928185914
20790,0.007545047271451971
20791,0.5965074419830102
20792,0.006120197293895262
20793,0.0007906092357022435
20794,0.00022818125088926497
20795,0.08297734621561173
20796,0.6450530026129142
20797,0.22426048427370768
20798,0.003245621327756367
20799,0.039015416070069045
20800,0.9603484136291063
20801,0.35422568007816957
20802,0.21848747762609735
20803,0.9813391759858602
20804,0.1112601320862247
20805,0.024451253562103564
20806,0.47635113262317097
20807,0.023567739505620786
20808,0.0032835100172582273
20809,0.14558115738393362
20810,0.033922586804445154
20811,0.1992628567127085
20812,0.06408023085256903
20813,0.00663619089656033
20814,0.073372701200089
20815,0.5882275713802421
20816,0.036948469091896224
20817,0.00017347162747641926
20818,0.0007139270164877053
20819,0.005630875106751488
20820,0.348453031308965
20821,0.6392368707149054
20822,0.11756857714027066
20823,0.0009569888368106656
20824,0.025366467761239454
20825,0.12366557824332376
20826,0.011693761767981172
20827,0.03865856228298363
20828,0.724069173802856
20829,0.0759289590830963
20830,0.8203023279817998
20831,0.3967524780742959
20832,0.027047673268455488
20833,0.9624981063374769
20834,0.13575681277753138
20835,0.006799440010962446
20836,0.8650104296415706
20837,0.0016774286374169089
20838,0.004673126234186938
20839,0.018893028085657734
20840,0.0019166347652971845
20841,0.019820133941610234
20842,0.02313047782145244
20843,0.008539542696824352
20844,0.013981444268752377
20845,0.553715589567885
20846,0.0011707114802649275
20847,0.026701751797109537
20848,0.0027834268845762047
20849,0.009961685773694561
20850,0.010128077352386834
20851,0.12189789353815439
20852,0.9953190719749218
20853,0.03941075955462938
20854,0.003936156871485586
20855,0.16922067438348867
20856,0.3225104018071198
20857,0.6102415486590441
20858,0.9685655599946092
20859,0.00808529906169443
20860,0.05963623833557712
20861,0.032121197011412764
20862,0.10664495165260258
20863,0.2675099215694956
20864,0.003329647337446172
20865,0.0366327480253806
20866,0.014621818566984898
20867,0.005293698908008771
20868,0.9716235407456602
20869,0.0006944746420599484
20870,0.0023286587111982053
20871,0.0008767065702938458
20872,0.005769099955353608
20873,0.004297193874908866
20874,0.904678238460806
20875,0.4309743423361955
20876,0.07158319793816315
20877,0.09041198649728276
20878,0.016952674301977385
20879,0.0004235651894388468
20880,0.014300590956039852
20881,0.03075570743401223
20882,0.6672543101030606
20883,0.009097238193856695
20884,0.005302856424721367
20885,0.014922838511366986
20886,0.0460560748145046
20887,0.0010335596521940653
20888,0.16246802109342456
20889,0.05265268208233332
20890,0.055533223332643475
20891,0.008058324697990081
20892,0.14797227811414376
20893,0.6647500968080027
20894,0.027077050736518327
20895,0.02487194484204949
20896,0.9398286391387813
20897,3.566776264218758e-05
20898,0.32642329918670965
20899,0.19044858867526146
20900,0.008879194076389556
20901,0.012080037765471618
20902,0.06498202720647593
20903,0.7805192540819855
20904,0.004681147596575539
20905,0.019806429338804356
20906,0.05381342130939847
20907,0.020465160605835905
20908,0.0015083862716554256
20909,0.004221173426874582
20910,0.07380373947979982
20911,0.4791296001701876
20912,0.004486820439258921
20913,0.918468870098652
20914,0.19700413697179128
20915,0.007373571998231861
20916,0.0009475827344496068
20917,0.010549632668442761
20918,0.03026466978496675
20919,0.0008408156328046837
20920,0.00507852769023136
20921,0.0014721837098390649
20922,0.9843639389515272
20923,0.0020769551699575104
20924,0.9818490341397951
20925,0.06205041495561157
20926,0.9998665977286227
20927,0.023764505779788312
20928,0.05709139477163008
20929,0.5585582954532883
20930,0.006929450694090411
20931,0.030144695586589283
20932,0.0033053341149856625
20933,0.003034819529919128
20934,0.0182371613822049
20935,0.04088143048326904
20936,0.9858994405219834
20937,0.004586988122427965
20938,0.03975583665987162
20939,0.0036014206617147495
20940,0.15280416758303683
20941,0.004667743306630757
20942,0.03897748651050528
20943,0.27514178798176875
20944,0.8858638599356273
20945,0.007590106771281771
20946,0.9955384998468862
20947,0.01217527339570954
20948,0.011287993460067775
20949,0.2613730563910728
20950,0.019289727946724133
20951,0.012059107201168644
20952,0.6751587937207719
20953,0.020522412096390243
20954,0.014743307869445402
20955,0.010991411631082417
20956,0.006219659194007924
20957,0.006707081692106741
20958,0.01883244116946213
20959,0.8442668140868308
20960,0.07645051175641943
20961,0.01628842687358391
20962,0.005130519485595443
20963,0.0022133620096895065
20964,0.03422543138097322
20965,0.005286461081853368
20966,0.13996779456218003
20967,0.04388166828936006
20968,0.04244078923604534
20969,0.004025520895091531
20970,0.0013824671747019305
20971,0.008683059718809083
20972,0.006199432334399138
20973,0.011937941108507983
20974,0.0010269449511957128
20975,0.23702258743041543
20976,0.0052294315814419914
20977,0.3119557188369399
20978,0.06831737673477456
20979,0.015613926626453396
20980,0.12373436614805941
20981,0.06930034892562452
20982,0.010519346218365689
20983,0.018972298545671135
20984,0.004221556415974295
20985,0.003738277454049604
20986,0.16854519119280334
20987,0.9947672766941933
20988,0.7851878691844116
20989,0.06332163638525394
20990,0.7209171583799802
20991,0.9922434628261927
20992,0.3221007490385443
20993,0.0005351161074359571
20994,0.02664234166478004
20995,0.04275284804184084
20996,0.007022308583022885
20997,0.14023700775142023
20998,0.19309354293969946
20999,0.0017445285307587674
21000,0.999250153265768
21001,0.003996578096388695
21002,0.8844424668412368
21003,0.00419886536734317
21004,0.849414382476265
21005,0.027961267866496123
21006,0.9631281788116198
21007,0.0025350203836213715
21008,0.010080147735904476
21009,0.020793467357217894
21010,0.9632462826538691
21011,0.054986104915939915
21012,0.013539882196505213
21013,0.0028730644586600082
21014,0.1825176007007123
21015,0.22442029910371647
21016,0.33499417860715935
21017,0.0009456462979383912
21018,0.0009982812279262158
21019,0.026723894409451797
21020,0.022769887876067207
21021,0.016758485604316014
21022,0.9761228336694643
21023,0.017672064851604437
21024,0.7859766582155554
21025,0.0560880145580505
21026,0.09326533894820083
21027,0.9920150167656652
21028,0.7060809304492949
21029,0.027911464962409052
21030,0.014570641345716683
21031,0.43340184680882515
21032,0.024911995806463073
21033,0.9831971785488801
21034,0.8633985959811683
21035,0.028853747315424397
21036,0.9989216479018493
21037,0.49269521787002224
21038,0.005092463736320917
21039,0.9962178286720793
21040,0.009740326971654702
21041,0.02893564185499301
21042,0.1333852422856181
21043,0.0035861080026147233
21044,0.9125101232899481
21045,0.0888095922746638
21046,0.19536919418298945
21047,0.9760185929038975
21048,0.006601362287975964
21049,0.9937004918726865
21050,0.00421164203981784
21051,0.10178157996538208
21052,0.019251671193162293
21053,0.05129348221637297
21054,0.3810653472905656
21055,0.004414538929230877
21056,0.031176759316724742
21057,0.9983929257026078
21058,0.003776354190892435
21059,0.9351483706498386
21060,0.7548871992597804
21061,0.06272767875955225
21062,0.0034663589992672272
21063,0.008712342609573615
21064,0.6110259143235179
21065,0.2727728013197821
21066,0.003037395065450454
21067,0.001802333716134304
21068,0.10798867617891779
21069,0.01088410054854187
21070,0.04992604607493839
21071,0.8412533683759662
21072,0.007015333948634182
21073,0.12823834567769365
21074,0.007572013204577572
21075,0.017962182014607374
21076,0.006228350373190915
21077,0.06388413937884499
21078,0.3409994402917758
21079,0.9229266629484335
21080,0.013648393661003835
21081,0.9992769568979715
21082,0.01739825911726191
21083,0.014554724713740416
21084,0.6772619868102602
21085,0.0017929802969955913
21086,0.047462444526376116
21087,0.05132605548565404
21088,0.1650368457211281
21089,0.0954421101153726
21090,0.07269465365779097
21091,0.0037794760629555084
21092,0.2644248626515782
21093,0.0042536905816473415
21094,0.007641617535769855
21095,0.003286316902547209
21096,0.0036851435820837164
21097,0.016243545906426963
21098,0.022950933118424166
21099,0.04048776334382758
21100,0.015735372628646417
21101,0.001181387784498888
21102,0.005298157840671918
21103,0.023747838866822423
21104,0.14143684702289563
21105,0.007691948979070409
21106,0.6839265749491731
21107,0.024754435650360607
21108,0.2455349850087756
21109,0.4925252378027847
21110,0.8246518664808214
21111,0.9999604966780731
21112,0.0010028013028188297
21113,0.005459571131594705
21114,0.9553954093954256
21115,0.17645505296347996
21116,0.9935793464739447
21117,0.047989554947581475
21118,0.010394675076730496
21119,0.9967880085733175
21120,0.0006402575239284408
21121,0.26779857699433735
21122,0.015591199832628298
21123,0.06344834066911555
21124,0.008194037213500576
21125,0.02589142949289717
21126,0.0017341275380854467
21127,0.022287998620056575
21128,0.0006918913882499073
21129,0.012933329016598686
21130,0.7615351106042909
21131,0.32038335330688683
21132,0.2117655139530485
21133,0.05324956480377472
21134,0.0025971102591337376
21135,0.9560010900233683
21136,0.1510531927302461
21137,0.0021984285648598487
21138,0.006319101889911484
21139,0.017955157850610307
21140,0.6969423234489606
21141,0.012720987685620865
21142,0.005090407427587401
21143,0.008791510821189888
21144,0.009465532442023167
21145,0.013627185546663338
21146,0.02504308508852398
21147,0.5263626838024441
21148,0.3859999673674244
21149,0.005243832917828184
21150,0.013896578841762507
21151,0.9501991817851896
21152,0.018943701690874643
21153,0.8484474344441346
21154,0.020633193477410182
21155,0.025890133014349944
21156,0.667662593755886
21157,0.033373694173800185
21158,0.13337604766974898
21159,0.026882544893344053
21160,0.00558967795470948
21161,6.174457258830592e-05
21162,0.047020874209644105
21163,0.9008338131063516
21164,0.00360313189531316
21165,0.062063896503607455
21166,0.9901101017331706
21167,0.0151158523630863
21168,0.008527410767984973
21169,0.42201010688116036
21170,0.42650460629355835
21171,0.10986900388680486
21172,0.09580461401456214
21173,0.0014636870334467503
21174,0.9903796673392775
21175,0.354491250210077
21176,0.0026563606484058043
21177,0.8336080805225624
21178,0.6186059724616537
21179,0.006054124755133995
21180,0.85517691158167
21181,0.03250385322424851
21182,0.0018642700038832294
21183,0.007226488974495627
21184,0.6144954320477675
21185,0.03456480506703174
21186,0.003528976592909845
21187,0.0014910739886447827
21188,0.010975283964969483
21189,0.001195012492868035
21190,0.014222600523278436
21191,0.960387857277768
21192,0.028672256479320323
21193,0.3327117245399553
21194,0.9957922192932184
21195,0.023403698117925913
21196,0.09197522569844244
21197,0.003956966210221462
21198,0.0007748107121263588
21199,0.32332374901417676
21200,0.0038885901441987674
21201,0.008845792768791556
21202,0.0036724260868403595
21203,0.05714500005029819
21204,0.016617625402818463
21205,0.0022848992501108387
21206,0.9669052481381727
21207,0.001540391176139368
21208,0.026921758871547304
21209,0.9691417016975383
21210,0.16086595273885337
21211,0.9797998590063446
21212,0.0077230208297751094
21213,0.8684349374428231
21214,0.07288552673520875
21215,0.024592218216313935
21216,0.6457691189245711
21217,0.19935073404757622
21218,0.005497045407922555
21219,0.003227037243866454
21220,0.24700536357781394
21221,0.0037560885930301223
21222,0.0039537139724846225
21223,0.03591117470578464
21224,0.30423168702316594
21225,0.0016326256858663266
21226,0.2726937467561973
21227,0.006923777207385287
21228,0.9799334372328294
21229,0.9742802132946685
21230,0.11642432028018421
21231,0.963395106940176
21232,0.04794754273369605
21233,0.14983959747707087
21234,0.00833825848530746
21235,0.42145220343307227
21236,0.7132751105502914
21237,0.0021682114960947896
21238,0.018233256764734744
21239,0.02700717991920644
21240,0.005740151428540554
21241,0.3941195867905178
21242,0.962520206120623
21243,0.3791931977706679
21244,0.04952072622356899
21245,0.9913305449646833
21246,0.0012153414932522199
21247,0.015017284318798122
21248,0.015891415431697305
21249,0.994297402113471
21250,0.003074188359769908
21251,0.03247177710788004
21252,0.043309596920845864
21253,0.00947053830057298
21254,0.010408759275750261
21255,0.014498191264811998
21256,0.05765819158164605
21257,0.8401227873636289
21258,0.1313268832054479
21259,0.02004580180053383
21260,0.15276280757090854
21261,0.04439285836550693
21262,0.007551979569017603
21263,0.09337542151737085
21264,0.0006526951473386367
21265,0.0084695103638852
21266,0.001974119538578294
21267,0.008636870093279528
21268,0.9950071972858974
21269,0.11461637290038891
21270,0.3247201902628393
21271,0.052643497225394985
21272,0.20675554017889458
21273,0.004719035162775485
21274,0.004356757338845301
21275,0.21409723053349014
21276,0.0030947831693306964
21277,0.007023044751499923
21278,0.7940354769085991
21279,0.13289285627067002
21280,0.07947785973484484
21281,0.0008507160417472817
21282,0.38105974921026076
21283,0.10629971829924328
21284,0.982510745558469
21285,0.019405917414464638
21286,0.5133031196688721
21287,0.001240176146473063
21288,0.006809496631048892
21289,0.0009897133227692585
21290,0.4022103092440928
21291,4.9988420352533316e-05
21292,0.9698016176651315
21293,0.007033137102026396
21294,0.10888252898029858
21295,0.6716202857353579
21296,0.0010492169512280488
21297,0.9905237822302223
21298,0.1412421937220756
21299,0.9499452197800552
21300,0.10034355135846222
21301,0.999466975064041
21302,0.997206905125669
21303,0.0008652209276684422
21304,0.0016874533644433561
21305,0.005094004250464963
21306,0.029544207264643782
21307,0.00322409427195207
21308,0.03922654150071926
21309,0.07257689799331038
21310,0.006849213507163915
21311,0.04009043141174439
21312,0.25219336952886506
21313,0.023792968298422156
21314,0.1944109530805256
21315,0.0444419066366541
21316,0.42821701267803247
21317,0.10131056025141927
21318,0.8822652350699369
21319,0.004199999468946251
21320,0.016434391741951777
21321,0.0023453884266903544
21322,0.013749769668809189
21323,0.9994236844597172
21324,0.004843139980153876
21325,0.001948426360736224
21326,0.7565307338071467
21327,0.0001636276354174213
21328,0.007261697803220397
21329,0.028016236369082702
21330,0.00016195219580455685
21331,0.0014539631172456806
21332,0.3368532090294985
21333,0.001267235018190467
21334,0.9464268261705197
21335,0.38082682105790083
21336,0.03928077581957191
21337,0.46399210850751477
21338,0.9335337922134693
21339,0.15229965900246634
21340,0.007682913624192787
21341,0.0036510853704883285
21342,0.08878179986473385
21343,0.012510756042523158
21344,0.005877509012736127
21345,0.021980198793524076
21346,0.003335786594260479
21347,0.018409362449893503
21348,0.999951408510017
21349,0.00043580862681008163
21350,0.019626308855500818
21351,0.981116356011214
21352,0.0024628732672659684
21353,0.9722780984399414
21354,0.002122861510950331
21355,0.030599543336519725
21356,0.004410139894806633
21357,0.0025352595823789283
21358,0.6501685939079599
21359,0.8644335591456354
21360,0.2896815607512514
21361,0.9999951039781855
21362,0.007738781056663055
21363,0.03686686615821949
21364,0.0015821665983280632
21365,0.0009682078715403125
21366,0.009488298699313303
21367,0.7481968443294296
21368,0.9980486112939837
21369,0.002992912277548838
21370,0.8199339531277188
21371,0.9963438638494011
21372,0.003057241550254754
21373,0.004407348900645075
21374,0.11408204814280663
21375,0.0037507908357930025
21376,0.4586868807704521
21377,0.0417412986801047
21378,0.9605739642463879
21379,0.24634723109875403
21380,0.6835841677756572
21381,0.011844865443050412
21382,0.05163022968527501
21383,0.0017834989868513666
21384,8.441614301059993e-05
21385,0.10787119702856815
21386,0.9960592847424081
21387,0.2179089169718183
21388,0.203171547633268
21389,0.03089951790082275
21390,0.0013924098186433526
21391,0.017935123515683618
21392,0.0028961418002205037
21393,0.002542808730212593
21394,0.12720874623278966
21395,0.6996088166525901
21396,0.10336556506263513
21397,0.9899661788513092
21398,0.0001471489522013017
21399,0.03813705773518564
21400,0.8472872161350546
21401,0.001896603392205112
21402,0.011241360211899715
21403,0.05031003402917511
21404,0.019927536870392736
21405,0.001773920636299331
21406,0.00044060763048624457
21407,0.015824549481277757
21408,0.036979800075641424
21409,0.025157330212716895
21410,0.05150638119621503
21411,0.44210365702124266
21412,0.0012370074672518553
21413,0.002724871895493193
21414,0.012593520929162405
21415,0.011557768167442526
21416,0.04001865668869683
21417,0.08936837677595375
21418,0.013282544224088502
21419,0.011715628692016955
21420,0.006402078072759338
21421,0.5659354560396613
21422,0.014360542720377619
21423,0.0038651693479856953
21424,0.19658954890971014
21425,0.40473021506731477
21426,0.34601154897572517
21427,0.05494623533509271
21428,0.051586565133494085
21429,0.6471288366823043
21430,0.0028620646576720927
21431,0.01326089759112369
21432,0.3070719652625415
21433,0.006383652070787897
21434,0.00958186932626068
21435,0.005014251034934576
21436,0.06248263193390637
21437,0.12576674767331802
21438,0.0005888689147038987
21439,0.22909344181768085
21440,0.003863375481112744
21441,0.0007757659885770755
21442,0.004273422557541726
21443,0.017200483973844456
21444,0.003140930837166934
21445,0.05537884604520996
21446,0.009254183040021171
21447,0.014082581118513906
21448,0.0299370134529289
21449,0.007643010476534132
21450,0.010345696286646291
21451,0.9002252523921566
21452,0.8224269773315674
21453,0.051297827205969454
21454,0.011577893772389602
21455,0.6616944046479949
21456,0.03039616314370117
21457,0.007638627959113332
21458,0.7801387947688369
21459,0.23374228383137582
21460,0.0022481228602252365
21461,0.004052076985768044
21462,0.9767294311329163
21463,0.004519028944874868
21464,0.039327544468567316
21465,0.13730568752874475
21466,0.03486780479046552
21467,0.6846160111174465
21468,0.003309546302339022
21469,0.01814611363011156
21470,0.2838092167448598
21471,0.03729146245882756
21472,0.5042809877210581
21473,0.010329181611436478
21474,0.9865555734789572
21475,0.007273191503640219
21476,0.0017440607875153467
21477,0.002281525383975089
21478,0.0007300506904426672
21479,0.6226219286396103
21480,0.16088639217197614
21481,0.002002418276054589
21482,0.006735748565073469
21483,0.845412662954025
21484,0.03361917593174704
21485,0.009292059740662748
21486,0.02968881965169439
21487,0.0466574156662921
21488,0.883612390048059
21489,0.015538538290347499
21490,0.002893120946035065
21491,0.002998127995072797
21492,0.0721865768953913
21493,0.5028322692283702
21494,0.012170286631344226
21495,0.10722663963326347
21496,0.013041139947441695
21497,0.002040002594643662
21498,0.012654396142140825
21499,0.06597935835999988
21500,0.07541955067948113
21501,0.011204032566586426
21502,0.09696457892239557
21503,0.05754454403596509
21504,0.12573122776831233
21505,0.6557813867693009
21506,0.006350707687337566
21507,0.008950127929266046
21508,0.529069716176799
21509,0.001291482308854577
21510,0.839625233707657
21511,0.7103069181257473
21512,0.014565669142409567
21513,0.03724567816423292
21514,0.020392390202364177
21515,0.08515639834776233
21516,0.42482029629830176
21517,0.07888113962707421
21518,0.010934773215365038
21519,0.025692766417469957
21520,0.024943883303442438
21521,0.01341970922049538
21522,0.003290917987545099
21523,0.01308895502995595
21524,0.002061330200863505
21525,0.06412461433824714
21526,0.8208391765110249
21527,0.0012489296382257428
21528,0.004632583934016886
21529,0.009916193593218603
21530,0.5251360722610332
21531,0.15045743813002
21532,0.812388748492303
21533,0.0023494683173251687
21534,0.036023407516596335
21535,0.2720995182398745
21536,0.9303625559000717
21537,0.134808650501307
21538,0.0007892170974817198
21539,0.7244160828564684
21540,0.009143144032806314
21541,0.13256692457992855
21542,0.1086313062570239
21543,0.2139176429537193
21544,0.026928970355046076
21545,0.993994298124611
21546,0.27382791400040407
21547,7.910642794110277e-05
21548,0.010808509432811258
21549,0.022025594747580295
21550,0.9330166239815938
21551,0.08441137559855853
21552,0.021147007668260567
21553,0.003248072988432888
21554,0.005652550296813271
21555,0.07772936632339413
21556,0.052805630918219576
21557,0.016883250824572257
21558,0.08854799518004053
21559,0.9562615190552544
21560,0.001191802879438168
21561,0.004733703858870538
21562,0.006686068440951996
21563,0.04011146184884495
21564,0.0023818670509057824
21565,0.0031088913843677368
21566,0.04910272871105491
21567,0.0005686695640119341
21568,0.030360759126674318
21569,0.010765816109209557
21570,0.5797640189345145
21571,0.009974477109903623
21572,0.8401378031008782
21573,0.024968065981981306
21574,0.002360085231662063
21575,0.9683670653083065
21576,0.7695225113686426
21577,0.07139985284485052
21578,0.06816691875491729
21579,0.004127763314529744
21580,0.005959157967276301
21581,0.2337300576206794
21582,0.009968364724428847
21583,0.411009777639187
21584,0.0213970301490578
21585,0.12579189223578532
21586,0.6465867497740102
21587,0.005684745931442041
21588,0.7376294318090647
21589,0.001870196934349199
21590,0.10521203814130635
21591,0.11085188924182315
21592,0.03505523194399046
21593,0.9854226640573235
21594,0.003392282548486156
21595,0.01288990363570878
21596,0.03359724590464625
21597,0.11320874059180526
21598,0.7540072025777147
21599,0.001203849281604057
21600,0.681335948017002
21601,0.03194421926899632
21602,0.14560116539744825
21603,0.9877488600965499
21604,0.014606040876689314
21605,0.04280927561956606
21606,0.002490794695957007
21607,0.008706957263316592
21608,0.05155158354529367
21609,0.49686496842783
21610,0.03267248415392652
21611,0.16163725019723696
21612,0.015262034207844643
21613,0.006987206022394846
21614,0.2936332084766094
21615,0.01822905122575753
21616,0.1766184847987211
21617,0.8683740203362307
21618,0.0036327908547997825
21619,0.6667928870920627
21620,0.01612425575415501
21621,0.008482024851998785
21622,0.8512522919730018
21623,0.003389711376323601
21624,0.35976092557548456
21625,0.4913032594315758
21626,0.34441916387566623
21627,0.31097523837771207
21628,0.01976663568951915
21629,0.04577574620761875
21630,0.002220388524799041
21631,0.007655690629197859
21632,0.9639391906200712
21633,0.014815005021996532
21634,0.18602509484375354
21635,0.0026698413996367465
21636,0.049367262778894645
21637,0.02434523648228769
21638,0.03305587520847987
21639,0.9998012860977299
21640,0.8520949347012899
21641,0.12337682875610322
21642,0.010797444030722152
21643,0.017781607452287712
21644,0.005087446319237312
21645,0.007144989293449581
21646,0.21417566387294143
21647,0.024805270159540857
21648,0.9999855593038032
21649,0.04415723335372378
21650,0.03969649248959963
21651,0.3457499400093307
21652,0.00250299901419363
21653,0.2093318021752225
21654,0.0006523911147225923
21655,0.007230792973993092
21656,0.030202447304197626
21657,0.0318167154783923
21658,0.004559262088360955
21659,0.004453318978048465
21660,0.04571840707958354
21661,0.0352963882523975
21662,0.5933984574770861
21663,0.1154205535674137
21664,0.27359569663451727
21665,0.007315608779771367
21666,0.2922838433075364
21667,0.023757792461239772
21668,0.0013951446262489033
21669,0.0186722275058036
21670,0.6968053437835299
21671,0.002429874872582526
21672,0.040831026974932995
21673,0.5618241222549605
21674,0.011019403622216905
21675,0.9661148056939651
21676,0.04733405351691061
21677,0.023147673053161413
21678,0.667622923367927
21679,0.0007936884662404829
21680,0.47330048420168336
21681,0.012905642342671633
21682,0.003692729110730847
21683,0.13621081071676575
21684,0.29425502018164224
21685,0.5551801269024128
21686,0.0072332492722559
21687,0.0005202492109697625
21688,0.010709210409047243
21689,0.31747712820473795
21690,0.9491378344273514
21691,0.0034033382092511695
21692,0.24971586062446743
21693,0.00408917356360896
21694,0.16309937857442566
21695,0.0027602470546792294
21696,0.018458311381755733
21697,0.009404487271090951
21698,0.01174126415554189
21699,0.004298775126449518
21700,0.922030895902407
21701,0.07649259901459526
21702,0.2921845179249645
21703,0.006431962159904079
21704,0.268345927613517
21705,0.10154094891646952
21706,0.43800738101835696
21707,0.01710904039054764
21708,0.004748292167099482
21709,0.04965638261483486
21710,0.009623617471975734
21711,0.22718702387343517
21712,0.005987959590684184
21713,0.6555269627272169
21714,0.14428787283138744
21715,0.0051035240566289315
21716,0.9722181486164304
21717,0.007406927316456561
21718,0.5096429983225668
21719,0.97559475771726
21720,0.08156637159076631
21721,0.016946421529473975
21722,0.010971664669012888
21723,0.03761970397232737
21724,0.4597679064341562
21725,0.007472548982895784
21726,0.39719751985158375
21727,0.0011502637063919765
21728,0.015087814648386684
21729,0.008126356327848885
21730,0.003077600011256416
21731,0.9034977147266149
21732,0.014180164473692216
21733,0.011459349010819329
21734,0.17173833310793893
21735,0.03885253079402572
21736,0.43935984757199387
21737,0.0019926763437165514
21738,0.0770045813637737
21739,0.2244778704038374
21740,0.9754740129735789
21741,0.0008267592468450552
21742,0.007119814978343007
21743,0.7166271640750285
21744,0.46783064265337043
21745,0.020664303972213003
21746,0.0374200242866935
21747,0.5695432345284093
21748,0.015726161622510375
21749,0.00030970734229628793
21750,0.03882994159808853
21751,0.006860423425617238
21752,0.1983337686424569
21753,0.018990951905140836
21754,0.9873239261013563
21755,0.0073861598454295
21756,0.07657166908548921
21757,0.0038508010164710936
21758,0.8411736524715163
21759,0.024708647149783016
21760,0.01189855401033715
21761,0.999134466432045
21762,0.02362983147329236
21763,0.0028421753576090016
21764,0.9971760870561523
21765,0.019374430254817342
21766,0.9401194298325859
21767,0.08072427188953037
21768,0.9877414267877791
21769,0.1751097768016658
21770,0.03310495578490918
21771,0.010497073164663065
21772,0.0017247235805700608
21773,0.005585481580227754
21774,0.0012821761975803866
21775,0.9009734912169134
21776,0.0472812224043722
21777,0.01086854113231675
21778,0.010352574781696395
21779,0.017546492212097066
21780,0.7824472073586851
21781,0.0034937763700306572
21782,0.9230304361291439
21783,0.003437407693056419
21784,0.022227790032959268
21785,0.02568844882600386
21786,0.551410454096315
21787,0.002162145755832246
21788,0.0008110577838612967
21789,0.01812524084472578
21790,0.0030068402833417596
21791,0.003486849730473522
21792,0.47261149567239025
21793,0.8335724185238638
21794,0.9684049427211187
21795,0.0017502386070469044
21796,0.10989060203368994
21797,0.9889351110053626
21798,0.01260290622483386
21799,0.9997979314324567
21800,0.7526770683234497
21801,0.0085518714391236
21802,0.0012527699197789394
21803,0.23564414430021471
21804,0.36979173015659705
21805,0.9609724113964857
21806,0.10400117649938839
21807,0.007316308065498945
21808,0.998592213794308
21809,0.896577623461782
21810,0.004799653632502757
21811,0.8215278851653354
21812,0.0004644442259472779
21813,0.024776064818150367
21814,0.9691656378002229
21815,0.675725559844818
21816,0.992461774558098
21817,0.4656260220361372
21818,0.8033068286955419
21819,0.0011377812178118406
21820,0.008535683566332438
21821,0.11777949965783864
21822,0.009481278876568916
21823,0.028541649950314472
21824,0.001056210409490417
21825,0.021872834073707777
21826,0.0029019516375423347
21827,0.6492811285527817
21828,0.9999579357859234
21829,0.0031851667229999964
21830,0.00638237499523224
21831,0.01499295509836412
21832,0.00496016963118582
21833,0.23358738692351014
21834,0.7810464066425984
21835,0.2395834757846102
21836,0.6847310857619988
21837,0.019685589297317573
21838,0.0016682736670140623
21839,0.11186770141711534
21840,0.0010693693720748925
21841,0.13240628767034338
21842,0.5985830840721625
21843,0.11236358331145599
21844,0.756745334270441
21845,0.0062160103697940896
21846,0.0009362527923879588
21847,0.009456925255053887
21848,0.0048864257637373345
21849,0.9977797511645605
21850,0.0021214202227408125
21851,0.1067227773040686
21852,0.9973121799777517
21853,0.033485588519914206
21854,0.0373070428668538
21855,0.008616467393089173
21856,0.01722981855988861
21857,0.002974801289443901
21858,0.008974201812567634
21859,0.0038286655591243638
21860,0.23146511626816818
21861,0.004793873188507863
21862,0.0016769655590871892
21863,0.002614884121497509
21864,0.001404908110537244
21865,0.003075178822669819
21866,0.9089978422999142
21867,0.01178918152035331
21868,0.0012891506915588828
21869,0.2139844138888922
21870,0.0007401527798726495
21871,0.09113687414189174
21872,0.002512615830169893
21873,0.006630273623092165
21874,0.009488343973109915
21875,0.007961882681437564
21876,0.84229512682876
21877,0.04870950556705945
21878,0.6918199641516418
21879,0.4612536309149117
21880,0.0028325279842125613
21881,0.07617492322628605
21882,0.0036653563811886243
21883,0.0027699808961691454
21884,0.9910294769825072
21885,0.006571372131485631
21886,0.019491591169058173
21887,0.5145946357343978
21888,0.1783979779093803
21889,0.005455005369293276
21890,0.9684718724743479
21891,0.005378776527022303
21892,0.9724023563586937
21893,0.024226386737033073
21894,0.9909955246396487
21895,0.004911343685803049
21896,0.0012620104350819141
21897,0.0013105248694723335
21898,0.8717789606983535
21899,0.7852956392150799
21900,0.01440015934477952
21901,0.0017423791986016144
21902,0.09234089695209641
21903,0.0031570691344265573
21904,0.05513245656157261
21905,0.0013034565195817543
21906,0.024400929224850734
21907,0.09086832053622318
21908,0.03306394479104185
21909,0.940422958682367
21910,0.03080173628652403
21911,0.03371936840299898
21912,0.0020520753545047476
21913,0.025141448645507086
21914,0.008845533031677866
21915,0.012265381553818287
21916,0.12330880266299891
21917,0.006447652758267883
21918,0.06943774604214692
21919,0.03893134431591815
21920,0.4191343275554771
21921,0.15013090790808534
21922,0.01993578776667447
21923,0.1503831239462816
21924,0.007437116417016732
21925,0.7447331718358308
21926,0.001999897780710244
21927,0.0303086783723509
21928,0.08770228058207652
21929,0.1917776750541068
21930,0.002612589822311797
21931,0.037057820289063965
21932,0.968549645753954
21933,0.0024412669615034087
21934,0.002786362252059065
21935,0.0103479983226937
21936,0.9373176425552663
21937,0.006131892562595484
21938,0.0014576173740698194
21939,0.02278973736544434
21940,0.021234277544518135
21941,0.0020570913193599044
21942,0.2580073977493006
21943,0.002162951863927899
21944,0.0006363764227442952
21945,0.0023371412024158597
21946,0.0029760439914388987
21947,0.006124165662992862
21948,0.012199962528851634
21949,0.002422743173429545
21950,0.014553958527761564
21951,0.0018535905107231426
21952,0.0076596033983007735
21953,0.8266824225963072
21954,0.18974796539236988
21955,0.7542763296684476
21956,0.3523056346835013
21957,0.015432691503571756
21958,0.015240599918569403
21959,0.9831575166105678
21960,0.018714278083967445
21961,0.02792321157059423
21962,0.00031470891648871497
21963,0.04949890093798525
21964,0.05324901136955305
21965,0.0008988707281769254
21966,0.20415265445303482
21967,0.03984676501104444
21968,0.5304881915314296
21969,0.011645113918790924
21970,0.9991026993837454
21971,0.8712924501866687
21972,0.21399138123057052
21973,0.12262950577824679
21974,0.7158103347456516
21975,0.018895888291213296
21976,0.0014659167307749233
21977,0.040238366410358016
21978,0.05014031230929459
21979,0.0026637736197983168
21980,0.0023159893781639312
21981,0.12267845425237807
21982,0.5212166042259463
21983,0.02113984241414286
21984,0.21016074906695736
21985,0.9936150580876805
21986,0.9980986407838058
21987,0.9991690417888623
21988,0.005339163478283416
21989,0.015478435550181566
21990,0.03926072224826541
21991,0.001871409766985846
21992,0.0010728571342842237
21993,0.00047909648817329436
21994,0.0704347662528917
21995,0.022847561643134583
21996,0.12337828812624815
21997,0.004662473649155103
21998,0.21598293823842898
21999,0.4479701295874216
22000,0.0016333149396325906
22001,0.3724968934923385
22002,0.4203379351901906
22003,0.0010819120666532309
22004,0.0050637600371821545
22005,0.21746657045989065
22006,0.9735903928974412
22007,0.47598466568503134
22008,0.4111580919854867
22009,0.003953447348451133
22010,0.214055456595815
22011,0.9890377677420182
22012,0.007413693208187824
22013,0.5317456611103503
22014,0.001329986573546706
22015,0.005903387556599013
22016,0.013980367610341882
22017,0.03803888356370793
22018,0.04791751243829407
22019,0.03752597915372423
22020,0.09677775462953993
22021,0.03472364746221786
22022,0.6621909972490445
22023,0.05130259957404243
22024,0.009521832626954923
22025,0.017314839238613124
22026,0.8210463336030934
22027,0.08034861432365202
22028,0.07155303055886612
22029,0.0027263166371852996
22030,0.015477599517860176
22031,0.000795973889228756
22032,0.15038525045638765
22033,0.1451745342178251
22034,0.42072613237685463
22035,0.12295138239389046
22036,0.13621815169588974
22037,0.17359933508340586
22038,0.08563996453624775
22039,0.04087599188142789
22040,0.004797983925371844
22041,0.28089845821735054
22042,0.0008727656798607361
22043,0.034695248738442604
22044,0.047522365732045435
22045,0.35957005589076535
22046,0.005666743988183739
22047,0.3237553056360809
22048,0.021521074236316353
22049,0.02909779337727705
22050,0.021157741880962734
22051,0.005579822537801937
22052,0.011643809844935498
22053,0.006188928669728315
22054,0.12782851365405498
22055,0.13290590994408058
22056,0.5048731611072296
22057,0.563019171577711
22058,0.02011359967117264
22059,0.7866050711340596
22060,0.0013501405858318122
22061,0.2304668812855419
22062,0.031661636564068715
22063,0.2255060003515099
22064,0.047321340794377734
22065,0.015196247249713963
22066,0.4006505961665101
22067,0.041793569292752776
22068,0.03935869723991457
22069,0.00031012768531845833
22070,0.14598028857334366
22071,0.0036224167023603134
22072,0.0533606432281058
22073,0.0055967524296992276
22074,0.922883979512148
22075,0.9987202692414825
22076,0.00035045036253402627
22077,0.011709327883402669
22078,0.00897957112511121
22079,0.0002906740709823135
22080,0.061925452069941274
22081,0.0029238941436125535
22082,0.9998700541012242
22083,0.713610302647258
22084,0.0013418869792833645
22085,0.7758071300794465
22086,0.003941858605059623
22087,0.002178324694997793
22088,0.0024548951237495184
22089,0.0001996878368274328
22090,0.007187176927327068
22091,0.0028226254478538916
22092,0.001827405212395233
22093,0.09734746201189245
22094,0.04446917226134701
22095,0.0072164073537928
22096,0.0020557425662047833
22097,0.20791839299472303
22098,0.17910025090331028
22099,0.00823482560426849
22100,0.03908736450197096
22101,0.009144146951459311
22102,0.013517541410528716
22103,0.3010910486020181
22104,0.002454291349885104
22105,0.0016784048660775906
22106,0.008582051027087664
22107,0.020276484746238808
22108,0.6433291300959048
22109,0.0746541987414279
22110,0.01292791522300911
22111,0.29834083955509244
22112,0.008451666033573732
22113,0.9556245850669741
22114,0.08952786246317199
22115,0.5680301654500638
22116,0.03995947426813823
22117,0.09387844496165561
22118,0.03338552043656618
22119,0.005417534356732
22120,0.006121346054978234
22121,0.16151888313847368
22122,0.25365556647589693
22123,0.8196340550822272
22124,0.061770608990948134
22125,0.03638333466253269
22126,0.9301347952760005
22127,0.9839073057877122
22128,0.009137361542627868
22129,0.07589950259764602
22130,0.0030105885873692073
22131,0.008841007653010763
22132,0.09310343120212743
22133,0.04740265389087521
22134,0.10511866425014109
22135,0.23916416354968367
22136,0.0010368407555411115
22137,0.9127407681097718
22138,0.18545869036071866
22139,0.4920937842157989
22140,0.06843804586328255
22141,0.006666545355076139
22142,0.12493973773430134
22143,0.08661610190941814
22144,0.05686241734907468
22145,0.9770771839243746
22146,0.02905947384217399
22147,0.028037573421679857
22148,0.0030344345442848988
22149,0.0009733404648254461
22150,0.009877061558310179
22151,0.24148681726881593
22152,0.001075484703851544
22153,0.009627810505871666
22154,0.005268281553917231
22155,0.007525087483582173
22156,0.02026545451810061
22157,0.0034878700400273565
22158,0.5464651215167029
22159,0.8992880448225341
22160,0.01114346637377966
22161,0.0017919502824348618
22162,0.013111320217339822
22163,0.010541000057704513
22164,0.025316530658552796
22165,0.010356063729543568
22166,0.07313527738468835
22167,0.3126504647504327
22168,0.19587370951887037
22169,0.16617312440993087
22170,0.005074451350150589
22171,0.7263188987927349
22172,0.007711251992263076
22173,0.005214006260181993
22174,0.9665789184077529
22175,0.0022485729416346282
22176,0.0014692427500776755
22177,0.573648044526387
22178,0.0033472342069320506
22179,0.006155273616584949
22180,0.00206987450326241
22181,0.005953721247825829
22182,0.014786028039283793
22183,0.603698946303898
22184,0.019089278004414116
22185,0.0033280708361466474
22186,0.9871265221679857
22187,0.6959127684987141
22188,0.0065431886428630286
22189,0.12304143061328678
22190,0.000774700103942678
22191,0.5583205390871644
22192,0.35064730310817066
22193,0.4542657015998005
22194,0.03589822277234678
22195,0.007455256429779262
22196,0.059502859456108045
22197,0.1418578499247847
22198,0.27996285165257256
22199,0.022850357338720272
22200,0.8737545598898265
22201,0.08750686309144827
22202,0.0013471313375442802
22203,0.00477386858450053
22204,0.019149911612093583
22205,0.05129506700995487
22206,0.023197081145143995
22207,0.719144104448223
22208,0.014171166317471473
22209,0.2157433732875458
22210,0.01974017690675637
22211,0.6986450909843628
22212,0.018103712301307594
22213,0.008611805686766158
22214,0.031303344667749027
22215,0.005620590134808542
22216,0.9610280505380915
22217,0.0010839130934298359
22218,0.02334967295122244
22219,0.0023159363357128553
22220,0.9063824377702715
22221,0.003852553306374187
22222,0.02760405373759003
22223,0.6157331741198794
22224,0.03729753392114817
22225,0.009668984874961461
22226,0.002407780295775347
22227,0.003200265423304713
22228,0.7727831932674126
22229,0.0007175288325115451
22230,0.8719978492080024
22231,0.7451728454560997
22232,0.10282693093063801
22233,0.004168317985415524
22234,0.20045693535183037
22235,0.00556960889065901
22236,0.02364168892764409
22237,0.008877942207137996
22238,0.8496840827644129
22239,0.07010255824507089
22240,0.0049356809685581985
22241,0.09188256220013638
22242,0.06079310202234859
22243,0.01769890682021313
22244,0.001562102661627063
22245,0.009396114198133684
22246,0.28947701393953634
22247,0.00681607966106565
22248,0.01939401335389808
22249,0.026119508484222922
22250,0.007090671661399962
22251,0.004464562408378066
22252,0.9957032004017679
22253,0.046156067489472825
22254,0.05150294153315085
22255,0.0025549409047971746
22256,0.021423430242246803
22257,0.06808032002300678
22258,0.04852139171658547
22259,0.0037357507790331318
22260,0.04413929303977651
22261,0.0008620737430631087
22262,0.6059235351576726
22263,0.9954334172844643
22264,0.0006583686392411106
22265,0.0010421347149052237
22266,0.00352501413093944
22267,0.024614293878493804
22268,0.34255236138370626
22269,0.0013421658611735938
22270,0.0016699421618874832
22271,0.008638952115048844
22272,0.02155097381454865
22273,0.4510394997301757
22274,0.012311241149341127
22275,0.4419728123245126
22276,0.0998368574856641
22277,0.9378399910325683
22278,0.0020985815179415776
22279,0.01890512473893824
22280,0.9914295566575284
22281,0.2804879320180351
22282,0.45167529557593994
22283,0.6937752479785412
22284,0.062054914981832195
22285,0.005508619336366318
22286,0.013122704704311573
22287,0.01659536652961735
22288,0.20759363053410096
22289,0.009598202178712992
22290,0.002691923294183672
22291,0.003235730519293427
22292,0.033404516913731835
22293,0.9995454575885251
22294,0.011143518235835452
22295,0.22015278561095775
22296,0.7184602831592276
22297,0.9811887098146369
22298,0.9896648450460573
22299,0.03106592670670812
22300,0.0038172794693755803
22301,0.004094977161018825
22302,0.07871154158789619
22303,0.6698895721082752
22304,0.004450399389076986
22305,0.24538796726820716
22306,0.019993455069781004
22307,0.0001868186674887823
22308,0.7142414524989658
22309,0.11026978235220025
22310,0.9868881183122863
22311,0.007026012252895441
22312,0.9905474810964656
22313,0.000600956946952023
22314,0.0031605285898738704
22315,0.006422803217732102
22316,0.09470123902291784
22317,0.19366127686174187
22318,0.9890927898941797
22319,0.386922161197071
22320,0.7414733750491398
22321,0.0064859054802001515
22322,0.002251400643529432
22323,0.006902820132120542
22324,0.01124444274847411
22325,0.044038699288343815
22326,0.806923777830536
22327,0.08238118202736734
22328,0.004064120437576356
22329,0.1586054370491984
22330,0.7043814004172944
22331,0.24676701739211493
22332,0.017150936239780153
22333,0.0384307713880988
22334,0.0819372487602018
22335,0.08001963199204463
22336,0.143544000125202
22337,0.03140760346812571
22338,0.08402003380891067
22339,0.2386656357285615
22340,0.021013344109305734
22341,0.021843117967962476
22342,0.008342593138966823
22343,0.007143848440814837
22344,0.03349000116925097
22345,0.018318397833133392
22346,0.42122714811407713
22347,0.6723526164562771
22348,0.9681148905235273
22349,0.9780848650672945
22350,0.02378499568084438
22351,0.02353599481482188
22352,0.030539322639031106
22353,0.018813262628160476
22354,0.02682560955488385
22355,0.2103715545259554
22356,0.43465162861954426
22357,0.0012099317036835457
22358,0.007608460121008596
22359,0.0026114695798513136
22360,0.527918671976207
22361,0.010734479639185284
22362,0.02476778778869238
22363,0.8942589297980267
22364,0.00411913123196155
22365,0.0153394932369709
22366,0.0060095759982075414
22367,0.039694965716166826
22368,0.010127517486670628
22369,0.006073168514835497
22370,0.01798487801060025
22371,0.9994347621504747
22372,0.9648308352312084
22373,0.10845510095842822
22374,0.9759211997985789
22375,0.07761836101034209
22376,0.6990928211723111
22377,0.014178730141530793
22378,0.3792341344738209
22379,0.9761471493202412
22380,0.06920907363573921
22381,0.9383078734101905
22382,0.008749810739546922
22383,0.9935933436604852
22384,0.03235272648798429
22385,0.8761685387034014
22386,0.15723663148012948
22387,0.9946765601338939
22388,0.0196079580776046
22389,0.3350447264864842
22390,0.00323739673158394
22391,0.004367988438284745
22392,0.01658589510152376
22393,0.445420080929304
22394,0.9997337793071644
22395,0.08564732766282418
22396,0.016882811586364874
22397,0.8825693530906441
22398,0.0026294895773669056
22399,0.39391735554722146
22400,0.5236951403294804
22401,0.062374176180047335
22402,0.0839621893291666
22403,0.10357485334007743
22404,0.036871911704364636
22405,0.2975109041698162
22406,0.0036687462067230654
22407,0.014758539255509209
22408,0.003793126732807994
22409,0.022236427760015446
22410,0.7830627922685952
22411,0.39656860493227847
22412,0.8932120343735938
22413,0.002797276237225563
22414,0.020686520960964606
22415,0.16444062303243118
22416,0.004052853764986519
22417,0.11652600056609232
22418,0.6948216720052731
22419,0.032490969711887425
22420,0.8531582128974358
22421,0.9804645757986575
22422,0.2110546834249875
22423,0.004408384951051041
22424,0.008763462461818772
22425,0.9172459937637757
22426,0.2147770734780925
22427,0.03112909722802169
22428,0.32712789162916284
22429,0.04441402845588783
22430,0.9999546547480429
22431,0.008665161693854976
22432,0.7932168493915042
22433,0.04976288430678076
22434,0.005036450201806289
22435,0.14986170657628525
22436,0.45818375496607006
22437,0.002222658880962643
22438,0.19050555078343262
22439,0.0034656161649557057
22440,0.007964520816572772
22441,0.002134467415935048
22442,0.07976915553412331
22443,0.00530001790473457
22444,0.00018975842474499004
22445,0.003407730760185509
22446,0.03176508217050339
22447,0.002387122253996457
22448,0.8902403107897479
22449,0.00978846723425904
22450,0.03644661429547585
22451,0.026076410955103758
22452,0.558345753336996
22453,0.0066326466559797825
22454,0.006495099382924114
22455,0.0038372714172888595
22456,0.9933369873069887
22457,0.36528842024400127
22458,0.01265500650352666
22459,0.008491870757986412
22460,0.002952333077741537
22461,0.001203403234570955
22462,0.23380481655747049
22463,0.011471315735927471
22464,0.7699702897227069
22465,0.9664843284096256
22466,0.12729965546572153
22467,0.005630888448853642
22468,0.0028909466243163384
22469,0.02369739667517459
22470,0.6551393619827839
22471,0.7635901595542103
22472,0.9862285597990101
22473,0.008334722495940632
22474,0.007991536064153903
22475,0.01829908777817089
22476,0.0036894071620350564
22477,0.0017166219588064982
22478,0.318880180294247
22479,0.04504194031166032
22480,0.08074110120532914
22481,0.05380193145801806
22482,0.01408288170254096
22483,0.010051067507856164
22484,0.8454383296498155
22485,0.003952064104296234
22486,0.8012483993109606
22487,0.9271318806316952
22488,0.9692995954753969
22489,0.9988395785440143
22490,0.021953779611275148
22491,0.0002457762265643637
22492,0.05441770981944254
22493,0.010961535507430023
22494,0.24882251416203208
22495,0.3050733925034621
22496,0.014323492465192721
22497,0.003994703052671991
22498,0.14538956772727724
22499,0.005909677051983279
22500,0.004059889672570102
22501,0.001991869538122743
22502,0.0029791684360099798
22503,0.00718366187761793
22504,0.049369741223080854
22505,0.012020253942633022
22506,0.9952750433915248
22507,0.04558838079713134
22508,0.003972487947837305
22509,0.9556531995542565
22510,0.002360816426652866
22511,0.8995505147432364
22512,0.02681403707288098
22513,0.00018725765925741933
22514,0.03600982772168293
22515,0.5126296974145508
22516,0.009253018775398143
22517,0.692212402017968
22518,0.002799542298086204
22519,0.010691680878517889
22520,0.9960372379790928
22521,0.4459959911104068
22522,0.0021580129357252962
22523,0.4996632952295503
22524,0.06678161960213454
22525,0.06106881088972671
22526,0.011886640208911236
22527,0.9851194303378454
22528,0.004402478230187062
22529,0.9960258290877853
22530,0.04165573704214744
22531,0.1416161849656356
22532,0.050796499392798344
22533,0.015047807282061551
22534,0.1097370486348345
22535,0.5941863626927633
22536,0.4117024548044908
22537,0.008176950264435382
22538,0.010610758104522281
22539,0.07351834693629278
22540,0.002206336081981744
22541,0.0063840136742948795
22542,0.013946978972721506
22543,0.006747395546037624
22544,0.05734723120865331
22545,0.001779101257424598
22546,0.9197733876731471
22547,0.0008498363768558574
22548,0.5339156740236998
22549,0.009065924120437486
22550,0.20341523948619966
22551,0.8971031516118141
22552,0.08400289744076049
22553,0.006581000313005443
22554,0.9156475754206412
22555,0.8201609237625823
22556,0.0009970983322147215
22557,0.04341236132704035
22558,0.2411501979856209
22559,0.04320079477277531
22560,0.18715841796841362
22561,0.03239111019554557
22562,0.0010181868790915213
22563,0.06526944333490074
22564,0.9973355302795043
22565,0.2742184168006885
22566,0.4371545969449502
22567,0.0010534014273414919
22568,0.07148397914141827
22569,0.03493791604095354
22570,0.002264273261276519
22571,0.06590666739440965
22572,0.04325749790574251
22573,0.11754318780898725
22574,0.0025586252723961596
22575,0.5575201487284526
22576,0.7679245222253408
22577,0.07962835225704923
22578,0.3094750798649661
22579,0.0006840913820791204
22580,0.8788427285045999
22581,0.0007078737092852634
22582,0.47562438381504357
22583,0.5557257276340111
22584,0.9960220835952617
22585,0.01795773032043108
22586,0.0020334384678533813
22587,0.010144713331540848
22588,0.028550546566938548
22589,0.030881912178604816
22590,0.9966396152169605
22591,0.013101126820827287
22592,0.002153537302050673
22593,0.0064059540658030914
22594,0.07582049960564999
22595,0.5916831791231539
22596,0.048289255060673476
22597,0.2778529335339666
22598,0.37444403638729634
22599,0.03532129541672619
22600,0.013061806235692605
22601,0.08673008986721104
22602,0.005141638083788666
22603,0.9974460892529591
22604,0.0008604870622471466
22605,0.00652545644404105
22606,0.03360636361571825
22607,0.06463379670418401
22608,0.8750280224273305
22609,0.00904972261195145
22610,0.019693483883454373
22611,0.00904923983471794
22612,0.9331628887798105
22613,0.025272041434246387
22614,0.9918759459589577
22615,0.023871802315818893
22616,0.03647031678544362
22617,0.00844499302595315
22618,0.033669586370716716
22619,0.989515374100096
22620,0.9141498382421206
22621,0.006909369783746998
22622,0.005386764806553081
22623,0.018643158637032108
22624,0.13685850165616834
22625,0.0004050124460005577
22626,0.045749487577664234
22627,0.9838605233443629
22628,0.0752373281953456
22629,0.016847643087300666
22630,0.9589236070723365
22631,0.010925233340191067
22632,0.988801612958584
22633,0.04993214163422501
22634,0.34616598614464084
22635,0.05275500668051704
22636,0.24455724243350116
22637,0.9574767783392585
22638,0.09002206017010246
22639,0.015660664919022547
22640,0.403077433875845
22641,0.472131947460507
22642,0.00013051150838808178
22643,0.0023505859193849715
22644,0.004061590665984888
22645,0.0010443817329488564
22646,0.0004238356710012598
22647,0.06435614617269865
22648,0.028308032629104068
22649,0.684360433835667
22650,0.000875649335699596
22651,0.01457560864191976
22652,0.009851849875506646
22653,0.10299710529311742
22654,0.7593761898477144
22655,0.029388681535105703
22656,0.6678983624568705
22657,0.0017281799700374903
22658,0.00587386539394463
22659,0.8602703725220346
22660,0.004501689063238
22661,0.020416155386964747
22662,0.931039053186999
22663,0.053819986113713934
22664,0.0021968375582223127
22665,0.001054514130401656
22666,0.0011332452751632546
22667,0.04353336303631136
22668,0.028400799655610858
22669,0.017571138620728823
22670,0.003843017599349075
22671,0.00602486550025407
22672,0.05229593160778394
22673,0.003872225729293488
22674,0.01787152694010989
22675,0.11890298599241055
22676,0.0047523920226517444
22677,0.8191558364568454
22678,0.005577617288300616
22679,0.023443761687253643
22680,0.05340144097649969
22681,0.0033434415471210958
22682,0.19576368142111183
22683,0.014451596523896415
22684,0.00564418232758954
22685,0.7662287843581073
22686,0.7183423292083186
22687,0.015368446602672859
22688,0.008473243191332393
22689,0.07289904010066904
22690,0.04582426158750133
22691,0.0007257363976838863
22692,0.9978680397047952
22693,0.3007651671067161
22694,0.9339813971568
22695,0.8123820309970222
22696,0.5066564935108029
22697,0.03252488343002968
22698,0.005458624219921761
22699,0.0034191728882347347
22700,0.0017044368231931967
22701,0.07722951344920809
22702,0.00017813767740738697
22703,0.01244518136209697
22704,0.004388897725570254
22705,0.02543678710359417
22706,0.11666424577813717
22707,0.03507084924917972
22708,0.010133024992867145
22709,0.012555907367694267
22710,0.7214573524014628
22711,0.14705436429086113
22712,0.004982707638021646
22713,0.5186605328429313
22714,0.0489749144162544
22715,0.08935631009828904
22716,0.003707523171901302
22717,0.05737877617256864
22718,0.038460194203398676
22719,0.02609564011588667
22720,0.0379673220840451
22721,0.02710113634116768
22722,0.021999602387366864
22723,0.009125210135345313
22724,0.3665179347690501
22725,0.00721210736330963
22726,0.3523575829040657
22727,0.025696112814123664
22728,0.03926948267942226
22729,0.0005680401096871959
22730,0.014996576399359116
22731,0.40430291990290396
22732,0.033588327452769455
22733,0.9523219634062066
22734,0.020449493464348496
22735,0.0007339829526831597
22736,0.07420422650470344
22737,0.017799694283524327
22738,0.0019389025839229013
22739,0.0005227343809780185
22740,0.004931349626760579
22741,0.012275111798782825
22742,0.009939819764993127
22743,0.0056730073139211815
22744,0.03661881038072657
22745,0.018046271314397323
22746,0.01612358088895061
22747,0.03208509706593729
22748,0.8309585063488014
22749,0.6654776805830226
22750,0.014318521737759398
22751,0.005472347456323307
22752,0.005337250925481627
22753,0.07438479565892094
22754,0.17451275658100757
22755,0.1798698001687337
22756,0.00018319023633333128
22757,0.0034057644197286827
22758,0.9448912924972641
22759,0.03624081332672619
22760,0.0015344022041116848
22761,0.00613695731712193
22762,0.021856378946567667
22763,0.7583124107853872
22764,0.02001275370193564
22765,0.9389875680102592
22766,0.10717376477374084
22767,0.0035502872565709824
22768,0.05521734765474977
22769,0.0006637785394656487
22770,0.43288318064442266
22771,0.03193209080940305
22772,0.00039504701855435265
22773,0.47738235930067474
22774,0.3134522450598893
22775,0.03614275501234036
22776,0.16076758549444228
22777,0.004535877235129099
22778,0.06140482187892484
22779,0.00808130834412411
22780,0.07042062983869952
22781,0.5112402736520336
22782,0.005173119274178034
22783,0.03541954550191667
22784,0.06229565935629575
22785,0.0013056832234382308
22786,0.006342771128911988
22787,0.5769388414146202
22788,0.006903661264735903
22789,0.8985314508850327
22790,0.05875172182475428
22791,0.0010714681209848592
22792,0.00664183011410268
22793,0.011271961587530807
22794,0.0016712326481636882
22795,0.1150675823016964
22796,0.7548048251620505
22797,0.004333674693147377
22798,0.003977942156964608
22799,0.08206633733517657
22800,0.08169307665801227
22801,0.0008827643755914262
22802,0.003935724386751289
22803,0.041866791909955514
22804,0.0056373002986208655
22805,0.0038385806361573957
22806,0.004672811361309923
22807,0.0061716233862872645
22808,0.024975656396312645
22809,0.01886859628054391
22810,0.030265258001252834
22811,0.009420282247696102
22812,0.0018383381706603519
22813,0.002442966073092116
22814,0.965992231362106
22815,0.7046116164512236
22816,0.030670471645892768
22817,0.018600928824340453
22818,0.02453179607598565
22819,0.010680744792251562
22820,0.039074251168322284
22821,0.008619349754835432
22822,0.330167881384525
22823,0.00223353672403058
22824,0.009101389111348897
22825,0.006339787815793895
22826,0.18970699751865694
22827,0.10475689543372267
22828,0.010176674310627463
22829,0.05566124510402723
22830,0.00014278368235879583
22831,0.006357102986497436
22832,0.003565315835855159
22833,0.4455070901922628
22834,0.947828536402564
22835,0.979975276669167
22836,0.024304835095978347
22837,0.25720995371621347
22838,0.20089505820252024
22839,0.8697368054038234
22840,0.7725139577445069
22841,0.0017183153808306667
22842,0.0017080803508465222
22843,0.009505371568783049
22844,0.00820898203511998
22845,0.7026749203777922
22846,0.9186067502181569
22847,0.0010917751171255767
22848,0.6125009047185982
22849,0.0030028839979194797
22850,0.01667712627353339
22851,0.10731861560599106
22852,0.0013339519947957003
22853,0.9971608931917272
22854,0.054294132774573144
22855,0.03131717396744839
22856,0.015155579855733296
22857,0.6311951693934803
22858,0.995460132672184
22859,0.00587434768991713
22860,0.047402298032336386
22861,0.00692654467740064
22862,0.9984252521961284
22863,0.02144648069827815
22864,0.21119420303805503
22865,0.2565240916934592
22866,0.029294393562746938
22867,0.006023054842354721
22868,0.010875327911807469
22869,0.9720192128211491
22870,0.001206508972443235
22871,0.0019191889174771137
22872,0.0035090294261458962
22873,0.010688669890798743
22874,0.05311011485653043
22875,0.30922649991109163
22876,0.5535442233138727
22877,0.9970999594906924
22878,0.009208034835769258
22879,0.027812618067039455
22880,0.9964728434582105
22881,0.05780634768543142
22882,0.35551441743142537
22883,0.011107050750993393
22884,0.007967297922097253
22885,0.9110240935272893
22886,0.06820602820030447
22887,0.33833361725367395
22888,0.029438013189493704
22889,0.0022177750531471698
22890,0.01183776312988991
22891,0.0026462514245438316
22892,0.08827220388384145
22893,0.7615865059153306
22894,0.20051433540030525
22895,0.010196383736919761
22896,0.5151741328496828
22897,0.004259786739520495
22898,0.07116228919746566
22899,0.9650872210124902
22900,0.002801904810539095
22901,0.07881262269823161
22902,0.0026259873352233068
22903,0.9951871766994052
22904,0.033291614210867106
22905,0.07012897689163039
22906,0.04271540913222177
22907,0.1824962088760201
22908,0.0069613293171856775
22909,0.021730823426704127
22910,0.4344672452921981
22911,0.03492190037154267
22912,0.039866683768433164
22913,0.00406728500160183
22914,0.003495221399970585
22915,0.012242958565779755
22916,0.01069007446862377
22917,0.012035149421479178
22918,0.0035294734656916207
22919,0.9930022356799413
22920,0.0018268542733260583
22921,0.9780597045409544
22922,0.7428707381797738
22923,0.014064516738946506
22924,0.0025866713625570257
22925,0.023798303288603224
22926,0.010384337236758074
22927,0.014705695222030607
22928,0.006021271258052052
22929,0.015553423279383955
22930,0.06270127702779613
22931,0.01405691730692334
22932,0.0368343998007782
22933,0.9762780053203683
22934,0.006803295068302928
22935,0.0007045772651936145
22936,0.8278550139525588
22937,0.017437332759879017
22938,0.010120375997179312
22939,0.21787965712777588
22940,0.005113930806897512
22941,0.99747845803675
22942,0.0010684909974161487
22943,0.012598242649208263
22944,0.09803964902581899
22945,0.029976203819871153
22946,0.00515796629415443
22947,0.09976616279799291
22948,0.00513974416784063
22949,0.05285490633585766
22950,0.02482155412110335
22951,0.00887913296668135
22952,0.07652327783564472
22953,0.9915557563622278
22954,0.012572556043068586
22955,0.005306401017949693
22956,0.01937266739804798
22957,0.0027384716314210696
22958,0.08746215761816997
22959,0.004477556494977329
22960,0.4504104733968196
22961,0.0015149318370626956
22962,0.18600290167980682
22963,0.28121719614152185
22964,0.005749016460499993
22965,0.009814697427362603
22966,0.04942055161465353
22967,0.004723882211242488
22968,0.9854677601344821
22969,0.008280266787621487
22970,0.1990359533964524
22971,0.0039013100654779146
22972,0.017170108156248684
22973,0.003026458906312921
22974,0.3029746042642
22975,0.003346720111781132
22976,0.004022241765306504
22977,0.004245921803200091
22978,0.0016554929852754313
22979,0.1830748129371479
22980,0.16671405117902227
22981,0.0026629342265047
22982,0.21196910987936754
22983,0.003444618641309677
22984,0.14610693350143153
22985,0.005972672443996583
22986,0.002012753838828023
22987,0.0018676398376953939
22988,0.36952041948386777
22989,0.08204675741532441
22990,0.0026118778055189504
22991,0.0072945118533193
22992,0.015864724601041442
22993,0.0032008232977030564
22994,0.0033826824603708375
22995,0.0013758597175952967
22996,0.0029880548241045333
22997,0.006931110249267547
22998,0.004803294276435337
22999,0.011108707012869095
23000,0.01913303422427359
23001,0.39028197742875104
23002,0.784646254204998
23003,0.20764367046552112
23004,0.20389547798121965
23005,0.009276259484320773
23006,0.0040489327442802155
23007,0.07254995059402937
23008,0.095780219789688
23009,0.9987122018849963
23010,0.0013638053773318876
23011,0.0030848482067142354
23012,0.2099719186415883
23013,0.9896976232464443
23014,0.0008886152707423127
23015,0.37993524241620336
23016,0.10433295034863199
23017,0.9819638118792057
23018,0.14583620426585203
23019,0.0004749537571153979
23020,0.0020397193667721887
23021,0.9942566687791289
23022,0.0013361346789949585
23023,0.05213675659278041
23024,0.9910285047372066
23025,0.1496925143127812
23026,0.7332138483235652
23027,0.2252709193547028
23028,0.0247669571632822
23029,0.09784365542479692
23030,0.0992046714030728
23031,0.43130568922820267
23032,0.2292118348422742
23033,0.004885751764474813
23034,0.01007853505360306
23035,0.0024635127752433783
23036,0.2821039571560403
23037,0.057502565469174795
23038,0.0009123855018809697
23039,0.1223033524419127
23040,0.994058849155455
23041,0.0013349055405761688
23042,0.09992665929231918
23043,0.018814058458682777
23044,0.001792385772168985
23045,0.9987787929414923
23046,0.0008496442743897193
23047,0.0016486895343678623
23048,0.00952865593305885
23049,0.026015020599906732
23050,0.9980482181345209
23051,0.10306073880076416
23052,0.009639923110974573
23053,0.004311890713621959
23054,0.010695899370643342
23055,0.8321304493969901
23056,0.015382305840648884
23057,0.41150666161451677
23058,0.009039362256277803
23059,0.001010663946639296
23060,0.01220732364657423
23061,0.01349404151211932
23062,0.01897175424827039
23063,0.23380983703419486
23064,0.9873870569320474
23065,0.03679818145197025
23066,0.051079676810798454
23067,0.18827321678634396
23068,0.9737424028637179
23069,0.00514068117179337
23070,0.0017370780254042394
23071,0.9209899540103416
23072,0.04229226785209874
23073,0.4125224266327461
23074,0.009251143043738612
23075,0.0019258486753743942
23076,0.031671105719729864
23077,0.0036028156895849556
23078,0.002764681126986381
23079,0.017893679692197368
23080,0.006731333161875972
23081,0.06581459026585125
23082,0.0025379342161131963
23083,0.005199115701115646
23084,0.2871725901367402
23085,0.003085936724217751
23086,0.0005166508429203689
23087,0.5119066940437794
23088,0.0012077723964372192
23089,0.12075687148528234
23090,0.006244939349959366
23091,0.022480066658462815
23092,0.0013972769585384583
23093,0.23774298423594845
23094,0.46338123659990493
23095,0.0005656401347401785
23096,0.00783818600811322
23097,0.05609443642154349
23098,0.5180932091389522
23099,0.013658747308575544
23100,0.009379907175261864
23101,0.9884687023240237
23102,0.008916468693612152
23103,0.004187877871501791
23104,0.007262845151646744
23105,0.5016329787122434
23106,0.002081195334217516
23107,0.003019394615596886
23108,0.0032129497193365973
23109,0.9309155969938007
23110,0.322351688031817
23111,0.0012827969137710596
23112,0.0698601823400447
23113,0.0450506697468466
23114,0.0005919184698121419
23115,0.1966013253426999
23116,0.02566828402330167
23117,0.9793757387697672
23118,0.0014859234233630817
23119,0.0038774615621068116
23120,0.005208573822479917
23121,0.0027752758481055747
23122,0.002689220224698701
23123,0.03417806582824713
23124,0.9716182591408289
23125,0.20172617787121871
23126,0.1002925403392228
23127,0.004504774758079606
23128,0.022118707383145798
23129,0.9895045475770742
23130,0.00047969618065935417
23131,0.007350567345469874
23132,0.008965889643391884
23133,0.5380695663924938
23134,0.4998456496290201
23135,0.829350951009635
23136,0.03616285223127499
23137,0.10212190091815607
23138,0.6376804709223182
23139,0.00018390941287635607
23140,0.885220920092638
23141,0.01062928011402812
23142,0.3072400040811302
23143,0.007048560913941456
23144,0.959540547210382
23145,0.011574783086162447
23146,0.9116823130583557
23147,0.054252267328208564
23148,0.0012294636523576459
23149,0.0004993093759347684
23150,0.005955099878586304
23151,0.004795186816071304
23152,0.010555145145065203
23153,0.09161268989478771
23154,0.6063993591097728
23155,0.006851231811437896
23156,0.0015879548357305112
23157,0.028489040861128363
23158,0.026059418628908624
23159,0.0038654242414286103
23160,0.12220489104849888
23161,0.05101113525879484
23162,0.9991098212358144
23163,0.07153805189406429
23164,0.0009532227855896045
23165,0.003457875607474516
23166,0.9997756942634407
23167,0.008429712252403397
23168,0.13502504811796973
23169,0.16509178191460985
23170,0.004979030013907462
23171,0.8083783531528868
23172,0.5785421353827742
23173,0.011565164984540839
23174,0.00620340829523377
23175,0.0013038238620725886
23176,0.2907486172208218
23177,0.024249006062421554
23178,0.9903523959777019
23179,0.0006196416320573384
23180,0.004872928186130298
23181,0.6930717581887588
23182,0.13378155425645563
23183,0.9032636169658849
23184,0.319065488915391
23185,0.0124076719855078
23186,0.007477670204266657
23187,0.9977945064462482
23188,0.005333265320515693
23189,0.0067050790077499475
23190,0.015435916376780602
23191,0.013329743043216803
23192,0.030625125955946183
23193,0.001174183454551952
23194,0.004093109861684376
23195,0.05581277885900833
23196,0.006053595516095026
23197,0.5796272958123321
23198,0.014436582635579962
23199,0.0876530507888456
23200,0.995227466035791
23201,0.008310098139806573
23202,0.5722582700197842
23203,0.09351591899415941
23204,0.05339664724028528
23205,0.002962488954565798
23206,0.99161329753927
23207,0.11798695946576115
23208,0.8690017273182519
23209,0.0003842038144333335
23210,0.3914418349722996
23211,0.14850795871955985
23212,0.27734667877767133
23213,0.009587193558402487
23214,0.006429102231542429
23215,0.007418254098095778
23216,0.034673029047631865
23217,0.05798210562403875
23218,0.9569499523357263
23219,0.0035140379826574713
23220,0.007874980569230704
23221,0.00886057953727689
23222,0.013917484458749605
23223,0.013519244141852226
23224,0.6713537594167456
23225,0.005996876654083452
23226,0.02356767522015743
23227,0.0010172063869432258
23228,0.008575176094203876
23229,0.009300756385482094
23230,0.035508988636462964
23231,0.022183511963129822
23232,0.0044875966624988274
23233,0.011812555373472042
23234,0.06403710625083582
23235,0.09838927602632062
23236,0.20336917985712105
23237,0.009154645979776001
23238,0.008696690418211347
23239,0.042610209638920205
23240,0.9352874397660875
23241,0.0021548031645220646
23242,0.038260011297705496
23243,0.015245403163010948
23244,0.07995115924253408
23245,0.9690833544523422
23246,0.8504209339169273
23247,0.15187169794125321
23248,0.006556405167577491
23249,0.6950148684422524
23250,0.7791647004401457
23251,0.023141238055889312
23252,0.0069375995111345895
23253,0.010475451978491996
23254,0.05954683224935776
23255,0.013496579476735384
23256,0.07273788074361026
23257,0.012879167698841565
23258,0.03663097681795791
23259,0.3768352923199372
23260,0.9997845016255497
23261,0.977230831151313
23262,0.0038878921254616766
23263,0.0440068400285508
23264,0.0003992948518784111
23265,0.011794701697289888
23266,0.4556768416523417
23267,0.08475726178031544
23268,0.9310639060252449
23269,0.03630973937101139
23270,0.8057461925401959
23271,0.03491190949309196
23272,0.006374254405212747
23273,0.039164640403417994
23274,0.0802195471187763
23275,0.0019785347130666722
23276,0.9990116769480503
23277,0.05389463271227521
23278,0.10071164458372006
23279,0.8650890269869451
23280,0.8029300142942751
23281,0.09391427303311913
23282,0.9999034629130013
23283,0.01618208177242773
23284,0.8131738793385882
23285,0.005478596163106055
23286,0.0026160855400323554
23287,0.05721554243315192
23288,0.002593883669632144
23289,0.013204607302473317
23290,0.006529842731762554
23291,0.13760478243730237
23292,0.039299985491815174
23293,0.0037435929912215246
23294,0.05790410614143165
23295,0.012402941558657685
23296,0.7284226301589777
23297,0.11786967648613676
23298,0.3386145231353662
23299,0.00469110174481908
23300,0.007806362405094499
23301,0.8693461558393885
23302,0.5969714247879889
23303,0.8314165158768057
23304,0.8002747171550185
23305,0.2273408848671157
23306,0.5066357658222234
23307,0.00021925019616617273
23308,0.7483475792385688
23309,0.5477608410433076
23310,4.130824634817407e-05
23311,0.24684822134454756
23312,0.15513717402599322
23313,0.0031827405936516273
23314,0.26573922198665645
23315,0.0034434028162891816
23316,0.6423011369594596
23317,0.45166217461685565
23318,0.005660566907040819
23319,0.349878376743584
23320,0.9421867797937296
23321,0.07702002309150763
23322,0.3772056349087574
23323,0.0005697046211644495
23324,0.21988916531429675
23325,0.009587896913809126
23326,0.004437718324079186
23327,0.004662608678101661
23328,0.9982262088401285
23329,0.12739363244584767
23330,0.0247699960664723
23331,0.002875176277164941
23332,0.04157832910113171
23333,0.20677026079666208
23334,0.027125444248654183
23335,0.07400319103052966
23336,0.00470001995932894
23337,0.06320005138189005
23338,0.5600557795385311
23339,0.8378377225799288
23340,0.3795478546905734
23341,0.14214652868985514
23342,0.008374259963412633
23343,0.006427223752119669
23344,0.013921916529606284
23345,0.39195115223488275
23346,0.012654412814516682
23347,0.12640360073067322
23348,0.010754777998656614
23349,0.011236876894418924
23350,0.047126366717087656
23351,0.9856087782138045
23352,0.0030372471363861436
23353,0.015329531275000844
23354,0.26370589097537434
23355,0.44383064669198763
23356,0.007070290059882331
23357,0.07028665914718402
23358,0.959349894209288
23359,0.030157186594063592
23360,0.0008338227718366475
23361,0.00748484161739082
23362,0.024885294549570072
23363,0.07857094234715148
23364,0.14717034414821395
23365,0.28167758987524505
23366,0.0014501834501322074
23367,0.008255839280574754
23368,0.05442144199142263
23369,0.08899994291292573
23370,0.07641658260717298
23371,0.04485304535910929
23372,0.45671217395791947
23373,0.015565627770719343
23374,0.02935992070987864
23375,0.013201001872546783
23376,0.9928720504407286
23377,0.02244838360344437
23378,0.9999824119009825
23379,0.7622828435156658
23380,0.002541621781790132
23381,0.09689239209564643
23382,0.020482415633409717
23383,0.7765830476372508
23384,0.0021393348408448097
23385,0.049421847075725826
23386,0.023540379715128276
23387,0.4640944851638117
23388,0.7049895740191507
23389,0.28793271829472805
23390,0.994524485405482
23391,0.013428656765470469
23392,0.001458125705853308
23393,0.13744338627356095
23394,0.23717716808117614
23395,0.000756008380726594
23396,0.12625215945796395
23397,0.7258002316941866
23398,0.005148782509854873
23399,0.6757257530075069
23400,0.09824579272800413
23401,0.0013006377662423468
23402,0.03576846758000435
23403,0.3239304579509465
23404,0.017570294643262003
23405,0.6306136300285896
23406,0.9921252791178179
23407,0.005257756311133682
23408,0.06808287167975823
23409,0.021061773633305855
23410,0.015866498769073614
23411,0.04901566285093168
23412,0.09197136539385237
23413,0.005337958887787501
23414,0.009207179911087082
23415,0.0031057265693821647
23416,0.02536732818664191
23417,0.0015362446169693953
23418,0.007676902879753923
23419,0.0012627523769633412
23420,0.007704479082157288
23421,0.28280995273219295
23422,0.14664681285238965
23423,0.007844457275691942
23424,0.00034691292769390786
23425,0.04689224388303275
23426,0.010615569498450711
23427,0.015053539630587236
23428,0.02462714244597315
23429,0.0010856919861989762
23430,0.04477673673528631
23431,0.9878823528423962
23432,0.005972026173947587
23433,0.6672016513313979
23434,0.030970586355455406
23435,0.001381303102370413
23436,0.749771113385819
23437,0.0031614289709775787
23438,0.21406003749575642
23439,0.23102268825543001
23440,0.141135407245993
23441,0.010445610801622486
23442,0.4184988480326695
23443,0.02473040786207348
23444,0.14571096714245957
23445,0.02237366636780715
23446,0.04231561959088507
23447,0.0038830206425995635
23448,0.11463490642923681
23449,0.2880254228011026
23450,0.014256992727163841
23451,0.002002618286592655
23452,0.0009745259623215011
23453,0.7475873912663231
23454,0.9971780266522727
23455,0.0035466468281228967
23456,0.01127365101198554
23457,0.9894715018426141
23458,0.12767772609271996
23459,0.022079472599724537
23460,0.018442007357899987
23461,0.058156456787975645
23462,0.012284497752173839
23463,0.5149872203329816
23464,0.012620579969248702
23465,0.13252391167111177
23466,0.06817412098768194
23467,0.005713189772290246
23468,0.03403379683069218
23469,0.04583003888419325
23470,0.014731284570897568
23471,0.020080157299823258
23472,0.7898660847524887
23473,0.8839906777655492
23474,0.05488720145281521
23475,0.0005204500429238331
23476,0.40749077649886456
23477,0.22321950366724852
23478,0.02212705477635915
23479,0.2625019359764722
23480,0.003950372890190691
23481,0.06362840191198009
23482,0.00713557701200117
23483,0.0009321660294804131
23484,0.9238477620582166
23485,0.0008093560373372715
23486,0.0008227101232040092
23487,0.0011280433670040563
23488,0.0014852497000768827
23489,0.03405807534114184
23490,0.1196002274370364
23491,0.0013515917630622415
23492,0.5154564061726286
23493,0.001980955269177047
23494,0.0570167942127169
23495,0.006686538106401112
23496,0.011978858120118186
23497,0.42492509542455686
23498,0.008936460900877557
23499,0.02022263469195523
23500,0.009676435962140201
23501,0.011699412998302523
23502,0.006038137358192804
23503,0.011059961821590377
23504,0.8103299689427005
23505,0.014391818075044123
23506,0.036123860854845286
23507,0.01902392530122895
23508,0.03787861038389697
23509,0.07088973067601616
23510,0.012765955608874882
23511,0.8647138363332404
23512,0.7704783719772149
23513,0.0015496302791059451
23514,0.9994021939245478
23515,0.16007649428912166
23516,0.0015830156438742403
23517,0.0052335180283636824
23518,0.002296067966678837
23519,0.007303751601073796
23520,0.09568088964486961
23521,0.9373292913479809
23522,0.0021643576350521927
23523,0.0480947267508324
23524,0.0007088747620517363
23525,0.5428187644169291
23526,0.7739122618937628
23527,0.03756678064334803
23528,0.06268185970032818
23529,0.015861314985520476
23530,0.4641924319691773
23531,0.43913119085333596
23532,0.004419076528471362
23533,0.02507936936792681
23534,0.004002567851173638
23535,0.02309529266717804
23536,0.02344089337854338
23537,0.011168139563494453
23538,0.6925514541773613
23539,0.002444258217678139
23540,0.19693177858861147
23541,0.000709969987334664
23542,0.015776102735768998
23543,0.016691261217876317
23544,0.0024207386609680333
23545,0.3694447918967546
23546,0.17270398990299451
23547,0.0031144023336026156
23548,0.04557371535721958
23549,0.02722527870868658
23550,0.3908767350252691
23551,0.0019420617682355116
23552,0.01304428777937038
23553,0.4293997104180392
23554,0.0036143059302640532
23555,0.9976098777617503
23556,0.023908780040229363
23557,0.060350231008396975
23558,0.00042088221734286666
23559,0.006364087406885939
23560,0.00679865107539342
23561,0.9982892916951572
23562,0.0037738320256787295
23563,0.10754553940689754
23564,0.006659410158032934
23565,0.2699775176643425
23566,0.0082422413780105
23567,0.3896187233047956
23568,0.02197486432478398
23569,0.7830184296177984
23570,0.9915464345473503
23571,0.9821489598254662
23572,0.004013261253876038
23573,0.004736306137330651
23574,0.002193658212757645
23575,0.002900914116113962
23576,0.008491417194879293
23577,0.002853259765875372
23578,0.001754733149320583
23579,0.8223741429950806
23580,0.901181229881504
23581,0.024004027030697674
23582,0.0012128567092155888
23583,0.002831737911826911
23584,0.0035229863863525126
23585,0.015887515449061522
23586,0.02001954954637598
23587,0.00047869517813975616
23588,0.006726724917519771
23589,0.2681418705742512
23590,0.000664043532480862
23591,0.03637059686254626
23592,0.0069320487726469175
23593,0.007113314001994015
23594,0.022117898884476062
23595,0.9413207649615044
23596,0.11569197773525454
23597,0.9995072645716971
23598,0.20007548977112638
23599,0.0005717849946856172
23600,0.012343557708399882
23601,0.09160009722804589
23602,0.10877670353328489
23603,0.040457948217972224
23604,0.03983454892392398
23605,0.004787251408752042
23606,0.9561844623319484
23607,0.9916329933874932
23608,0.00437569788258191
23609,0.02607383259289489
23610,0.17546274004713172
23611,0.01172927421911206
23612,0.0018769463251061226
23613,0.2580942629528243
23614,0.00025414119306504707
23615,0.9503599684979752
23616,0.17455514309734474
23617,0.0008725543350847765
23618,0.9494013088235232
23619,0.009591522259592445
23620,0.015276167713893512
23621,0.14555084476810495
23622,0.006126129285175626
23623,0.010121375319132082
23624,0.033840138732931145
23625,0.9987099866990767
23626,0.002703260485460735
23627,0.015453085723177025
23628,0.013969488026540383
23629,0.005168330913783719
23630,0.07033702349961515
23631,0.9985586773586957
23632,0.041158925250799
23633,0.6487039604231043
23634,0.02032278672665637
23635,0.013687708077869625
23636,0.014314086879705265
23637,0.0009238006296159217
23638,0.04116450953563231
23639,0.0045799259533462625
23640,0.0013629411298995392
23641,0.00041105077937784984
23642,0.030758781036150328
23643,0.08970019734622482
23644,0.25464180723755775
23645,0.0022015992660695447
23646,0.67980695943323
23647,0.003067953777943245
23648,0.14270450239487778
23649,0.3478507757837372
23650,0.9770954523333842
23651,0.018443530608836037
23652,0.048764110719097566
23653,0.9892928117895949
23654,0.03529575175293278
23655,0.7698569558391158
23656,0.04773388506480849
23657,0.0511101547498066
23658,0.8302075323016429
23659,0.12257564288040972
23660,0.060505864251356026
23661,0.04542324931654659
23662,0.2245877911789393
23663,0.007615459831848319
23664,0.9631980842454995
23665,0.007428878456173918
23666,0.033429858130771276
23667,0.16707832099059178
23668,0.004199469177075754
23669,0.8362837471335619
23670,0.000312199225299053
23671,0.026368844470344016
23672,0.009078662210017624
23673,0.0032342039764675997
23674,0.9740915551118584
23675,0.11116238381394958
23676,0.001745689364645416
23677,0.08094867973277296
23678,0.3148228626146442
23679,0.037751974003926034
23680,0.09294267251419669
23681,0.12862341984192882
23682,0.00167506295018077
23683,0.11112085531894161
23684,0.0006341119839832595
23685,0.17486769778037944
23686,0.05719197564005633
23687,0.9330674178326498
23688,0.0008311875873581302
23689,0.04049616430725216
23690,0.06784401342137698
23691,0.4880472300498268
23692,0.0003547873693505848
23693,0.9938746340996593
23694,0.9984540092058083
23695,0.012152160477835936
23696,0.3553622711727915
23697,0.05534133742741106
23698,0.8099941972714544
23699,0.02723825758664527
23700,0.02425281155581522
23701,0.010585380719574914
23702,0.4358595716318129
23703,0.007100830970687775
23704,0.21347066419262306
23705,0.004751767346275119
23706,0.004170022535351452
23707,0.01327342613523135
23708,0.22316941680704427
23709,0.10616638722563315
23710,0.0044176311131199145
23711,0.026278997022650973
23712,0.000433564711034406
23713,0.035499982204951326
23714,0.9762582265331292
23715,0.9977959561607445
23716,0.05960572647253822
23717,0.13719357995826553
23718,0.011274001450178718
23719,0.0444284782605801
23720,0.15799155003795629
23721,0.007398140199308724
23722,0.0009618723106677163
23723,0.9998718003009507
23724,0.017703712237620656
23725,0.00951258974278462
23726,0.012337327206543063
23727,0.08460924008678705
23728,0.5073786006188488
23729,0.0012920823924470214
23730,0.9296774337424644
23731,0.0036111951408808332
23732,0.010196601064370267
23733,0.03864402312982177
23734,0.9920322207567634
23735,0.14708827636614108
23736,0.0066800400805647414
23737,0.014723199049846114
23738,0.028564987891129663
23739,0.04013416385324019
23740,0.074111200337954
23741,0.8257413223830712
23742,0.09027543824299236
23743,0.019593304163242422
23744,0.04069713411661443
23745,0.9738881849626047
23746,0.023049666706995466
23747,0.02304677333181281
23748,0.992410280507028
23749,0.5826097741565363
23750,0.4754802488744409
23751,0.003588852943857392
23752,0.9983647736177121
23753,0.004673130881245368
23754,0.013704476855178041
23755,0.04799552823918281
23756,0.0173489474829338
23757,0.2178941957064345
23758,0.0033067600299651143
23759,0.419878837421877
23760,0.03162165027874348
23761,0.0036645193543714547
23762,0.009923422993311379
23763,0.9817691425719255
23764,0.002949841135293766
23765,0.0009265605758622168
23766,0.004292119886127148
23767,0.01736416066555117
23768,0.9408568069814401
23769,0.042460007706517096
23770,0.15173152460047676
23771,0.004019143740290895
23772,0.1390788513201114
23773,0.008158924951046722
23774,0.2755962469355924
23775,0.6939269540370467
23776,0.003632662072557729
23777,0.03158998675673719
23778,0.9863157934196021
23779,0.20790996381789426
23780,0.9591376921691539
23781,0.007578977337021972
23782,0.02719997628144425
23783,0.006928373130790644
23784,0.0009853908515966361
23785,0.0006643129818525308
23786,0.5984999745272019
23787,0.43718026216721784
23788,0.034144966957091315
23789,0.2363541655191965
23790,0.6469539389147325
23791,0.0012723415833198156
23792,0.006309820366940781
23793,0.002330953862396015
23794,0.0024871320278012886
23795,0.007980974497082821
23796,0.002953966990894342
23797,0.8416198527655926
23798,0.0004938440937379414
23799,0.5082107221019978
23800,0.12979093293374072
23801,0.10732436254264655
23802,0.2044078391165597
23803,0.25770203023775723
23804,0.007866550948466444
23805,0.7688368130921613
23806,0.7722234016014312
23807,0.18554944698889733
23808,0.008974945671775838
23809,0.9652394394020615
23810,0.0039116740895830905
23811,0.13712712039562536
23812,0.9777235812441172
23813,0.03845845457828904
23814,0.0022208344888610767
23815,0.03898928636533501
23816,0.006897043451325872
23817,0.943071533791384
23818,0.0011751403590620961
23819,0.5942065578495027
23820,0.0053873942224351165
23821,0.0016990689610945962
23822,0.00569816921069444
23823,0.008821987788919025
23824,0.045379913333254335
23825,0.027113383588744332
23826,0.375143845168997
23827,0.23395343822904194
23828,0.0020210543954592513
23829,0.04455037548624863
23830,0.040603042825662364
23831,0.012747500846519762
23832,0.8688619128214393
23833,0.007593800225746732
23834,0.0026457409037529338
23835,0.015174880772581835
23836,0.02722771201423833
23837,0.039372613308092407
23838,0.0024071291534435656
23839,0.006819555413474754
23840,0.42351819803097573
23841,0.8749806143693657
23842,0.15701968289857582
23843,0.003994023427591239
23844,0.24867627917931062
23845,0.5855581805364886
23846,0.0033695777073181736
23847,0.004654101127572404
23848,0.009889540333905772
23849,0.9457697916147316
23850,0.00766309444986643
23851,0.39321859662289377
23852,0.002248134695318482
23853,0.0027402169371439802
23854,0.42984306622425905
23855,0.013591125062708176
23856,0.20905828715375585
23857,0.06170515242973151
23858,0.3885863167178975
23859,0.0007616865018308162
23860,0.04475240120255209
23861,0.07396125748582894
23862,0.0024751588889522012
23863,0.0025882826530450186
23864,0.00905163953609353
23865,0.11972907761558518
23866,0.0018691686136827557
23867,0.9919645500206056
23868,0.3467180258118606
23869,0.03918164030204284
23870,0.04835548404378493
23871,0.5594959018350438
23872,0.07848540238016039
23873,0.014224681227333317
23874,0.4592795983523808
23875,0.00019178699212979417
23876,0.03755626025120981
23877,0.03959784468954594
23878,0.9947459145790606
23879,0.0027135198143498733
23880,0.004239298154243467
23881,0.9914319041985761
23882,0.2776830967618108
23883,0.051528221767077206
23884,0.0062829021854595634
23885,0.9981559648357572
23886,0.0053509518469176676
23887,0.0014449472995612942
23888,0.1681162428535767
23889,0.9142117902578794
23890,0.01294793759037996
23891,0.00890641643642038
23892,0.22368027085391176
23893,0.01145569778643366
23894,0.036471902704789685
23895,0.0016818921357065447
23896,0.034593298295068436
23897,0.10584578659832039
23898,0.00975573191598184
23899,0.018274992179504176
23900,0.01513920564150613
23901,0.03643640340956218
23902,0.0034812958949481075
23903,0.020808459421264528
23904,0.0829939178031944
23905,0.0023345557610665946
23906,0.014120847695438402
23907,0.07570105128633213
23908,0.0008673854042500571
23909,0.010212640160435707
23910,0.008611745537210154
23911,0.005381286221238576
23912,0.011294742819554587
23913,0.012180293644338373
23914,0.00375349005588436
23915,0.003212281869954783
23916,0.5226289380660247
23917,0.0019622086786460816
23918,0.9172080714446516
23919,0.016276072285833432
23920,0.5619033955147718
23921,0.0002820524645990263
23922,0.013084667656402517
23923,0.9390568260824668
23924,0.004318199763175806
23925,0.992511769231703
23926,0.0011101021729382238
23927,0.17017381325410724
23928,0.11362488666392159
23929,0.642084000708244
23930,0.007829057894846688
23931,0.00585437903751429
23932,0.2963157708276044
23933,0.027377921700738935
23934,0.05069930044522041
23935,0.011329524465695368
23936,0.043441077676534906
23937,0.030391989937668274
23938,0.008893866354972593
23939,0.33606820688862743
23940,0.08544796407054783
23941,0.935786758321538
23942,0.03059935459903022
23943,0.006177943412188685
23944,0.13046178818289567
23945,0.00268619779317167
23946,0.0027712632187616485
23947,0.014973728794188032
23948,0.7825243496950526
23949,0.017279201538642014
23950,0.0017218064146332925
23951,0.0029515579018297273
23952,0.004593050002717222
23953,0.004581936096691275
23954,0.045481647373817165
23955,0.020394763875977873
23956,0.09203976802108078
23957,0.008356328822889378
23958,0.723463128777912
23959,0.005583255388684064
23960,0.15070477805464325
23961,0.0876523205028093
23962,0.00017305585386677593
23963,0.3289003928226008
23964,0.006455130995093067
23965,0.012222364136527204
23966,0.0072675754717955385
23967,0.002797208935677109
23968,0.0157324223073995
23969,0.08773649016925089
23970,0.8136072591395215
23971,0.004432240226200344
23972,0.0019188786757194307
23973,0.008501203747093079
23974,0.17225422961645556
23975,0.9832477895333015
23976,0.00022849393676050976
23977,0.9993916718018566
23978,0.004549130235954994
23979,0.36986311959376766
23980,0.48841010384661016
23981,0.002654636427765599
23982,0.017409180068754915
23983,0.997512096369055
23984,0.011698810063774674
23985,0.0016621454052541148
23986,0.160390628041981
23987,0.2563669396968637
23988,0.004351300363722469
23989,0.054245607047679105
23990,0.0033827685320937054
23991,0.7184437918176135
23992,0.13910358004088255
23993,0.004586620626207326
23994,0.8976288476968568
23995,0.03764304497784722
23996,0.0344300404263898
23997,0.01667246866399447
23998,0.9873153265946525
23999,0.6517191321809976
24000,0.024516951986403974
24001,0.014300168341232454
24002,0.07011729423786484
24003,0.038711890286015675
24004,0.09774330860082178
24005,0.9152986280221662
24006,0.5273315432974672
24007,0.0009756625036168756
24008,0.013626438051503409
24009,0.0013992078474754205
24010,0.0055186109106211655
24011,0.0008028145672867377
24012,0.001428347070133398
24013,0.0024433000182950207
24014,0.950546736775128
24015,0.9169529611959804
24016,0.002119011389577988
24017,0.40348548787764904
24018,0.0018738808459086917
24019,0.0067139204264132874
24020,0.0034981034986848614
24021,0.03386675501125772
24022,0.056221231105098156
24023,0.9972868151342635
24024,0.9539619713803492
24025,0.006591560390668333
24026,0.0024278650675001795
24027,0.050250877979209366
24028,0.01143096498667829
24029,0.2229191013091536
24030,0.002752393130256537
24031,0.0014663153164407548
24032,0.05263110914889003
24033,0.005777079677662613
24034,0.003798905946503615
24035,0.00788715127560606
24036,0.053286293165347984
24037,0.007938730418576843
24038,0.10169004442672644
24039,0.9730893120088197
24040,0.0004441700732020098
24041,0.979060444293118
24042,0.6760246821891072
24043,0.04096275949412848
24044,0.801884658658634
24045,0.9972014428434718
24046,0.12164753582581704
24047,0.026026391264360387
24048,0.1946201727987422
24049,0.12410338631496491
24050,0.00247237556877063
24051,0.010625078203457629
24052,0.02300340876724601
24053,0.04861161032056105
24054,0.016638604050678022
24055,0.24961831164731468
24056,0.017556002297391297
24057,0.0482512324034015
24058,0.17687233133059116
24059,0.9690957037247733
24060,0.9810207940882026
24061,0.002361085344858148
24062,0.004582922903832335
24063,0.07131970245140493
24064,0.047495522473734196
24065,0.019058503546235176
24066,0.008549141601358846
24067,0.0008949075944880518
24068,0.09051283791349682
24069,0.007614696710839563
24070,0.4935585512245849
24071,0.006550985513310123
24072,0.11148514593655115
24073,0.8009176465550094
24074,0.01377424381643571
24075,0.9867710161692831
24076,0.001618664824595236
24077,0.05230256318556524
24078,0.0023284566414999673
24079,0.8436215261139891
24080,0.024335617115365315
24081,8.915444890139511e-05
24082,0.2947544585328489
24083,0.9398332231693819
24084,0.01084540137118825
24085,0.16990894469075116
24086,0.0009371881373834471
24087,0.008937797081094493
24088,0.06136113911226829
24089,0.7225680559750498
24090,0.0708690726837899
24091,0.10218913975981002
24092,0.0024434857712360997
24093,0.050960848918588764
24094,0.0965031593582982
24095,0.00041255384933466403
24096,0.1677337909550061
24097,0.0936332375483027
24098,0.2892189370871447
24099,0.14872783871480008
24100,0.01572746993402113
24101,0.041618625002774814
24102,0.004740425497400492
24103,0.9980668080978309
24104,0.018595144761602973
24105,0.04180722627726644
24106,0.007784074137004499
24107,0.0013178455493203657
24108,0.0016532899967273181
24109,0.9704653943519778
24110,0.9902743343316299
24111,0.971801539759297
24112,0.28257919126956643
24113,0.005951576186971631
24114,0.008196759338629383
24115,0.0031438263892501553
24116,0.9986872307888501
24117,0.07194820737554852
24118,0.016311638416810992
24119,0.09044805901265496
24120,0.021185344276122932
24121,0.27174471875751016
24122,0.003698527783903188
24123,0.005114539790143191
24124,0.2026608711067455
24125,0.011145083583732682
24126,0.012742688534146845
24127,0.004819784759154794
24128,0.004052601122714521
24129,0.007874512181111166
24130,0.025268970834407302
24131,0.014608996295668213
24132,0.0024250833220724956
24133,0.023436267825227133
24134,0.9951761221031304
24135,0.8319598964067277
24136,0.049141372226563486
24137,0.02365558917026876
24138,0.040547801978073464
24139,0.0005795742018166229
24140,0.004672489381873653
24141,0.9480552707049532
24142,0.11497880581735319
24143,0.9337509936014149
24144,0.8021566045187648
24145,0.0067752169191316975
24146,0.03523808334036985
24147,0.31821134086644437
24148,0.005523278887616688
24149,0.03388520258888266
24150,0.0848044035382141
24151,0.3570571639097467
24152,0.9741350092014756
24153,0.05026355651900658
24154,0.47160463355990906
24155,0.05113436895375194
24156,0.10059938072942522
24157,0.0402648908476741
24158,0.18085847766932814
24159,0.02159932075654327
24160,0.02249621066146305
24161,0.9743795062149688
24162,0.0006452796795563284
24163,0.12652796169209413
24164,0.018206795785537862
24165,0.00578572423842372
24166,0.09261885093413766
24167,0.9353542888965578
24168,0.02028876051855051
24169,0.002235973006915822
24170,0.003547123557859424
24171,0.07706199963507292
24172,0.010329810539827693
24173,0.0009853339392350386
24174,0.9816074537884184
24175,0.05097447076183549
24176,0.032288991999275714
24177,0.04558712691763813
24178,0.9975942867780608
24179,0.0019838690229610403
24180,0.103619245465591
24181,0.3625294679564769
24182,0.006234048884288393
24183,0.0168986164287647
24184,0.24908189068346814
24185,0.9796957008602041
24186,0.004261220573709744
24187,0.01223002659050142
24188,0.0044389789163028865
24189,0.045235820834584245
24190,0.12677422200693372
24191,0.005241986833255959
24192,0.998795205806191
24193,0.0018274302315397569
24194,0.003817893671156265
24195,0.01778778555965847
24196,0.05435996921197184
24197,0.8039701399362021
24198,0.0016373641235126206
24199,0.7181310432078237
24200,0.03896336581097999
24201,0.006805084036195207
24202,0.08295321519637809
24203,0.6355491672603888
24204,0.01934313719465945
24205,0.028610602111072275
24206,0.061416849872221624
24207,0.03199608423633448
24208,0.022063649216804284
24209,0.018510846381354275
24210,0.009982528585373492
24211,0.015579371711364323
24212,0.0004930018844591284
24213,0.11387930533702932
24214,0.022905107689714477
24215,0.7481541216053543
24216,0.1268495577234951
24217,0.010690759696943435
24218,0.047197364346806506
24219,0.27787319302164676
24220,0.0010341190124742974
24221,0.2917876238072268
24222,0.001207197495032638
24223,0.0009775344331327642
24224,0.3139096729000762
24225,0.2576850429788513
24226,0.07212504198869499
24227,0.008525697095760102
24228,0.023618939459457818
24229,0.01661934117496135
24230,0.7747840355349742
24231,0.0032271948008666964
24232,0.0057819669794306
24233,0.004307563318431472
24234,0.017359791742144685
24235,0.11673620280896183
24236,0.9463109824190158
24237,0.144597920440361
24238,0.0052389208787886245
24239,0.2809742584457671
24240,0.005846805441469138
24241,0.443404389840693
24242,0.00028459489037018095
24243,0.12127763444338073
24244,0.014069062170148389
24245,0.013214502596780928
24246,0.0537604608546908
24247,0.02592327303871539
24248,0.004809314333864523
24249,0.00015767970630436266
24250,0.0063235562943478206
24251,0.005268538993572126
24252,0.0009679438915619544
24253,0.055315108467992244
24254,0.9223505762901169
24255,0.006231606747843294
24256,0.0138574747510459
24257,0.03542955706904825
24258,0.1610168379322772
24259,0.30055753557817
24260,0.04302763984066211
24261,0.17326130434266185
24262,0.00940924211162158
24263,0.09574334317981817
24264,0.0028080850139303474
24265,0.1358031743885935
24266,0.004448611197582679
24267,0.0260562348419223
24268,0.003192657202006987
24269,0.06955673932788593
24270,0.968950405144824
24271,0.002533588759471425
24272,0.013913176068643692
24273,0.0019388832245842492
24274,0.007271131201535505
24275,0.9697548875746674
24276,0.017380068270135635
24277,0.11088221536237287
24278,0.014994871412007917
24279,0.005484383717273998
24280,0.012740033088494617
24281,0.024248093889660562
24282,0.7899925011329302
24283,0.0006989272827777461
24284,0.008504891247449504
24285,0.010221468898669189
24286,0.05985238180536494
24287,0.4210959286956941
24288,0.768189523689119
24289,0.012552890495429472
24290,0.07943820366211185
24291,0.010450260375058175
24292,0.006518728324085366
24293,0.01175751292961427
24294,0.08887218975163884
24295,0.0033520135227613937
24296,0.00530346413960787
24297,0.011979440412106116
24298,0.41573477024638456
24299,0.07085432814810502
24300,0.0054818014021143
24301,0.07452343578716537
24302,0.0030898985529295977
24303,0.0013003196986007069
24304,0.001159808654873865
24305,0.01562072037087247
24306,0.0014696860158946129
24307,0.9782869851182041
24308,0.8142568402294078
24309,0.008181582264076144
24310,0.03122753992319339
24311,0.050019699988622934
24312,0.003342808808047814
24313,0.0020044541964451133
24314,0.0016262933605099257
24315,0.005345528759488276
24316,0.029727846501789147
24317,0.057408850741741464
24318,0.9679442139139924
24319,0.8552812804753673
24320,0.0008924892888248219
24321,0.00446982195821803
24322,0.05060534575495814
24323,0.01132789784645451
24324,0.00354489046572489
24325,0.9956798918694638
24326,0.9994953703835348
24327,0.0042860492851816085
24328,0.0064530036447698665
24329,0.018337113050154414
24330,0.40580187860764333
24331,0.0037645087125576207
24332,0.01758519603713855
24333,0.016168379951509236
24334,0.17769422840358368
24335,0.2819738834701327
24336,0.9999806397354141
24337,0.3322733730828303
24338,0.027565012020980214
24339,0.6500776977449509
24340,0.02084733512506955
24341,0.06123419510215214
24342,0.06838837884620402
24343,0.003837088657504494
24344,0.0008622391440897979
24345,0.13500864830092893
24346,0.006026236698784083
24347,0.2878582788977036
24348,0.005765015601691198
24349,0.8714053538690874
24350,0.12690865888481184
24351,0.004544994615626197
24352,0.21222454701495436
24353,0.0011174705121827955
24354,0.02604957975414381
24355,0.005033632193418822
24356,0.0033201764962269478
24357,0.015289331903655258
24358,0.006364484752073589
24359,0.003527758799436195
24360,0.013327014783452494
24361,0.07921994012086167
24362,0.0009516198943473407
24363,0.9795048024739493
24364,0.20365612471534572
24365,0.010381854260805925
24366,0.0022342384216083636
24367,0.02968836742261659
24368,0.04757434158360252
24369,0.0018481759791569442
24370,0.002928205065389811
24371,0.01960291212864627
24372,0.0013125038170743596
24373,0.9873203829752226
24374,0.3897208339255227
24375,0.9815470576093118
24376,0.1251311234616657
24377,0.015403773727378629
24378,0.0012775053032198082
24379,0.8717660002857889
24380,0.9794799177492968
24381,0.9892665532644466
24382,0.0029028519473006695
24383,0.1433867659896627
24384,0.6006012670226276
24385,0.011577760612368487
24386,0.11925703666441649
24387,0.8328861941532395
24388,0.004321426326923719
24389,0.005411185004114884
24390,0.031596996785452455
24391,0.5168255775485789
24392,0.1481229270467976
24393,0.018612379175654555
24394,0.030856565204329507
24395,0.059031084208590795
24396,0.9521594802980052
24397,0.017225300251898366
24398,0.0034488979003626766
24399,0.0005514066532174811
24400,0.015614203790213221
24401,0.0017292077369728584
24402,0.00449764413723183
24403,0.9863512061045858
24404,0.012656349101145093
24405,0.05184772085724919
24406,0.0011330561785536095
24407,0.5850410764149404
24408,0.7855311196726656
24409,0.009741943881191572
24410,0.860723680991365
24411,0.010801649870430023
24412,0.02695504074303782
24413,0.036661602748328796
24414,0.01396694313303975
24415,0.0007903898178710704
24416,0.0018353895296375283
24417,0.013760322889017063
24418,0.9524941234988636
24419,0.034164632842673064
24420,0.01124552717725062
24421,0.0029698025381465895
24422,0.4523759204421048
24423,0.003412040925370483
24424,0.0023536284353498516
24425,0.158240411228473
24426,0.12053097334806104
24427,0.011708013437336493
24428,0.10463627907857712
24429,0.6799396018383455
24430,0.03578785780683394
24431,0.022963290097902267
24432,0.001856419598169999
24433,0.021452537494869806
24434,0.0019597650308857805
24435,0.19551992819650893
24436,0.17018752312509333
24437,0.5154944983536851
24438,0.00025907022656133547
24439,0.005903113521385238
24440,0.0070430709525229115
24441,0.007078239959497017
24442,0.009910306538112808
24443,0.6751683761767094
24444,0.02206354789805768
24445,0.9922209080410673
24446,0.11168419664191793
24447,0.243935072426763
24448,6.783793265110907e-05
24449,0.3711775748627631
24450,0.0014281908822135353
24451,0.0217485980413822
24452,0.5334097034572907
24453,0.26930990260757454
24454,0.03964872254542131
24455,0.01560034442783573
24456,0.01825420765849451
24457,0.01806333946703279
24458,0.007660616486453443
24459,0.16681890204981786
24460,0.0012762329633294852
24461,0.0012794953711289547
24462,0.9102921561376672
24463,0.004511082273732508
24464,0.09554447424657114
24465,0.6388113164423191
24466,0.8629896814124233
24467,0.022353256903335634
24468,0.0007474000228780817
24469,0.0017067144343900582
24470,0.004161646513392629
24471,0.9992354227821587
24472,0.054775333950275146
24473,0.9558880629674343
24474,0.030000809127043376
24475,0.003392370702571954
24476,0.007227134693708757
24477,0.03421862168308836
24478,0.20422493614961545
24479,0.003990641988597801
24480,0.017963524325711484
24481,0.0009723809602710719
24482,0.7687249214584195
24483,0.06329978296893747
24484,0.009442295697505177
24485,0.0023001821684679193
24486,0.006546171338284599
24487,0.03334990675494438
24488,0.4716209706924433
24489,0.017150768815213314
24490,0.020795852205292484
24491,0.06592671572496232
24492,0.046676546614329545
24493,0.006106528658712501
24494,0.0594911197786126
24495,0.011441899533866918
24496,0.0012168294401775281
24497,0.223694927362653
24498,0.5216925634581763
24499,0.004649896805020343
24500,0.0018404685500772947
24501,0.495324798878497
24502,0.01720386914137226
24503,0.003419719036549283
24504,0.0005141396288692927
24505,0.0052898196069697465
24506,0.015360147703495655
24507,0.0007387440179747563
24508,0.001219813621009458
24509,0.057064414867974214
24510,0.007675892920420321
24511,0.2443372223244738
24512,0.0517258463320641
24513,0.004078323427995048
24514,0.9281118761785644
24515,0.06245233111500494
24516,0.0026238220933612775
24517,0.0001179662196058841
24518,0.9985129289205951
24519,0.9976881794270418
24520,0.0036837591481930177
24521,0.01334623453616277
24522,0.003457460276766197
24523,0.9941224061582986
24524,0.006337075082309222
24525,0.08319309262097774
24526,0.0018126839843409538
24527,0.0008368185745348018
24528,0.024036583968304666
24529,0.01370687947495621
24530,0.01994414989004949
24531,0.003729373353713206
24532,0.9956014313132833
24533,0.5284606342664225
24534,0.603635455271259
24535,0.03278416792119491
24536,0.3703927663171915
24537,0.02156905309089267
24538,0.015540163860664848
24539,0.37244167412716467
24540,0.9707300592778824
24541,0.014555083637865118
24542,0.09114124726522943
24543,0.03585530482787091
24544,0.12153041478185164
24545,0.004389051095127347
24546,0.2830242096174681
24547,0.07666695804507932
24548,0.9777985449772175
24549,0.03153133026702807
24550,0.006412103596647403
24551,0.004223414666223009
24552,0.0024780238943809514
24553,0.00028589987956542873
24554,0.011601696079287148
24555,0.011979846021066016
24556,0.0005621247399626766
24557,0.05093098765930988
24558,0.9997053339638798
24559,0.07129311262176938
24560,0.9451243964568542
24561,0.3926373584482921
24562,0.9828430090815445
24563,0.004436814852861195
24564,0.0018219658215592072
24565,0.0527871584508281
24566,0.01689293524693014
24567,0.006296018944664402
24568,0.23223486752714448
24569,0.005779957106289924
24570,0.2237889225890276
24571,0.002629135793703906
24572,0.10690694768246989
24573,0.0005105154174526296
24574,0.010850767715135136
24575,0.0041424696855077185
24576,0.9863598740268142
24577,0.005567108146415767
24578,0.0025824497665260953
24579,0.8558379219840987
24580,0.007825574460695303
24581,0.9977621952795067
24582,0.22539331524671766
24583,0.9947262555423412
24584,0.9708102228035992
24585,0.006837128824856707
24586,0.009222607894326584
24587,0.12029101489548982
24588,0.009119493619378836
24589,0.018222182460603135
24590,0.17993375824193705
24591,0.002085351630202804
24592,0.12748784071749605
24593,0.056997878646570015
24594,0.7325696324451795
24595,0.006243540682920685
24596,0.9854710098997964
24597,0.11833895976744441
24598,0.002317698942231067
24599,0.0017803215947099717
24600,0.034157620227223934
24601,0.0333797149503754
24602,0.010074173774903735
24603,0.0023419829562775028
24604,0.002334338069606915
24605,0.016081129148214184
24606,0.9134477901442705
24607,0.0014842152791503316
24608,0.02197135087450329
24609,0.37416629217528835
24610,0.0008485271102452896
24611,0.00796518832681093
24612,0.7364048405264356
24613,0.02864852770590354
24614,0.004655295733723331
24615,0.08483242705198464
24616,0.9701075705752158
24617,0.04110566405506755
24618,0.9917349695782176
24619,0.01070889307353434
24620,0.10180501448219705
24621,0.6106047806661833
24622,0.00648102774490163
24623,0.18108313913605617
24624,0.0010410970796030368
24625,0.9837028814685266
24626,0.14654925118579687
24627,0.003867097713731841
24628,0.12739834451457419
24629,0.017013117013275462
24630,0.5816207996144525
24631,0.0065707131754452735
24632,0.003694210256747005
24633,0.002472406719175339
24634,0.16240404289790625
24635,0.042258313724725514
24636,0.21984378736965393
24637,0.12130260652805153
24638,0.0014415418037146722
24639,0.010259582320769203
24640,0.0003365454098716395
24641,0.833775122459317
24642,0.8251998141100578
24643,0.00934598839607404
24644,0.013350844090550443
24645,0.19995725285225124
24646,0.8841848964417146
24647,0.4512395346183446
24648,0.5899816096256301
24649,0.008516777950194667
24650,0.024918377368188534
24651,0.002219756588703422
24652,0.08548498577047345
24653,0.09024550698676614
24654,0.9941723325063775
24655,0.016890981023817166
24656,0.002605286778372702
24657,0.9634601032259213
24658,0.4231896077141156
24659,0.003160496917416137
24660,0.0046324659350405984
24661,0.17668786015905918
24662,0.9729012617600163
24663,0.0022738232372099686
24664,0.014745507208589831
24665,0.008369233901448878
24666,0.008337240583082444
24667,0.027888146301376832
24668,0.9354946355438064
24669,0.3994896940560958
24670,0.7394145501077382
24671,0.9967364370232098
24672,0.07545214581472116
24673,0.0017256346221806202
24674,0.007910670954694735
24675,0.005023759999276748
24676,0.0019304125530020875
24677,0.9631647376454459
24678,0.9928187252950986
24679,0.04387466501635454
24680,0.8584853030053662
24681,0.011842642599635697
24682,0.0034265728373124105
24683,0.049762840596243904
24684,0.9400319595589572
24685,0.044580149589827964
24686,0.0743117521688412
24687,0.06118886604631516
24688,0.5994258505959452
24689,0.442577899598258
24690,0.005503096283472523
24691,0.003849987564743971
24692,0.9928536395139327
24693,0.022096400884233328
24694,0.020651381188722884
24695,0.014826608756648195
24696,0.20606969146262016
24697,0.0006478993953968091
24698,0.010964929544975324
24699,0.3825051850178758
24700,0.007729941099873203
24701,0.0006113895860157803
24702,0.061812361364186975
24703,0.017054972006329702
24704,0.05510913520528833
24705,0.4288789810205712
24706,0.29503947451924
24707,0.34793365320678454
24708,0.00463332170366911
24709,0.04264400899079871
24710,0.007090725184462875
24711,0.009715737003261143
24712,0.734622648810184
24713,0.02011423755025849
24714,0.09517718134565015
24715,0.018779708217107876
24716,0.4579612620161219
24717,0.012730059658793818
24718,0.002650415425789201
24719,0.2467882912431572
24720,0.26582912716409013
24721,0.4085949539966611
24722,0.003096209772696228
24723,0.022285836067909383
24724,0.052186071644833014
24725,0.5012804103607231
24726,0.31921232051151294
24727,0.007822223998843051
24728,0.8919384166346628
24729,0.019915169593665547
24730,0.0010552974809214088
24731,0.034282192335719865
24732,0.09455036847971615
24733,0.04499943456197133
24734,0.20944674529070992
24735,0.0038510244017759747
24736,0.17791973427687532
24737,0.0005249429462471195
24738,0.11213957871749208
24739,0.0005017959926237435
24740,0.126769788304573
24741,0.02869600765920858
24742,0.48496396701935374
24743,0.0031505782594248868
24744,0.05567538194879642
24745,0.20663370876495804
24746,0.007839713336689636
24747,0.04327004255952941
24748,0.48558529645783965
24749,0.012534570757717418
24750,0.03919138449709661
24751,0.03971193238726528
24752,0.0014131258772817606
24753,0.09608834579501997
24754,0.3224215590750157
24755,0.02337977458697104
24756,0.001029699298972309
24757,0.11289319146240728
24758,0.014918052175907708
24759,0.0016199927609519185
24760,0.003882148790970775
24761,0.0025657695110943043
24762,0.2035923916782214
24763,0.01494405321096005
24764,0.003154803711319653
24765,0.010446219134537318
24766,0.04867738193466781
24767,0.00728216894681684
24768,0.004016162086372027
24769,0.029960063099158007
24770,0.0077595077873587335
24771,0.0007321500111722953
24772,0.1337163955189584
24773,0.030727719871308953
24774,0.16700266445004436
24775,0.007292916751030303
24776,0.0614852117047885
24777,0.014272672291150614
24778,0.8638514798641465
24779,0.008423606206342216
24780,0.008344380368764344
24781,0.0040979729552763295
24782,0.9149907050564772
24783,0.04868979435008775
24784,0.647377077554704
24785,0.3847966380793066
24786,0.1517233602077209
24787,0.0011302627187249662
24788,0.8100907928162813
24789,0.005660586728858412
24790,0.0023092436771164292
24791,0.2351853465334502
24792,0.007135433327793497
24793,0.6168541366151308
24794,0.016016449110745748
24795,0.01586289381845214
24796,0.9990590452992058
24797,0.0023516413404973
24798,0.0013769993674123445
24799,0.05002642157815163
24800,0.017367923968201523
24801,0.0014230205596786275
24802,0.7321835738060201
24803,0.0011006567333323766
24804,0.003978553544305573
24805,0.004520782748984817
24806,0.001652980546479942
24807,0.019526378354203594
24808,0.0013386459102359013
24809,0.05211956453305267
24810,0.005256659244540855
24811,0.005608931556371288
24812,0.01453308698182117
24813,0.05106454853916344
24814,0.056174948236873204
24815,0.004700531692106105
24816,0.008050805449581075
24817,0.01883106514878345
24818,0.012237108480039557
24819,0.507545300475645
24820,0.9768335720349786
24821,0.00306391483547298
24822,0.000998166142133517
24823,0.04012251980784387
24824,0.1491423346904118
24825,0.0057796462736335544
24826,0.8855189306852882
24827,0.0024002304370400575
24828,0.003667032967171143
24829,0.01478450691962268
24830,0.33176393939084436
24831,0.0005130666169916772
24832,0.01563790038024575
24833,0.0376965913673722
24834,0.006955787082883001
24835,0.06124578684756584
24836,0.014252447124750706
24837,0.0022269022114527084
24838,0.6446898567936052
24839,0.3063550044382938
24840,0.9650010114517265
24841,0.9112143892367778
24842,0.002345744449682412
24843,0.023006488358661963
24844,0.004601297442244611
24845,0.0006275456799887571
24846,0.0004976666154759067
24847,0.6543981720033754
24848,0.004567094539860098
24849,0.0071160007701413265
24850,0.015205855699236263
24851,0.4509193050568721
24852,0.6386969623698302
24853,0.017321388757472963
24854,0.002638227119484716
24855,0.9982664153697001
24856,0.0083652224197281
24857,0.008016763445635572
24858,0.018539867465423642
24859,0.02616457024379607
24860,0.1443685554190188
24861,0.14684112851397718
24862,0.0005785014410510627
24863,0.39336024821984455
24864,0.005045686515075746
24865,0.36387080953061157
24866,0.9996196827947045
24867,0.8232920984354968
24868,0.001994519338774171
24869,0.03404749565438327
24870,0.655931926870587
24871,0.10835076815343472
24872,0.01777447555628062
24873,0.0050196670345696946
24874,0.059457601357275375
24875,0.06783428403566275
24876,0.07092757732178066
24877,0.42001754332412533
24878,0.000843465162312507
24879,0.19871732166980435
24880,0.05825912125299915
24881,0.22235453253720242
24882,0.007285559324673361
24883,0.5841578970143307
24884,0.1457210863236939
24885,0.1738127491908524
24886,0.058820626426395635
24887,0.025680653887197633
24888,0.017924856002535235
24889,0.7611711415136675
24890,0.01988914735626544
24891,0.0556913103792818
24892,0.015453807632634252
24893,0.29561353925532624
24894,0.013963195044320488
24895,0.9966749871358165
24896,0.9969389774634841
24897,0.05591572282588823
24898,0.9911040433955143
24899,0.03063943704075056
24900,0.023160881223467534
24901,0.02970214597349813
24902,0.5554817084427123
24903,0.005617502384739796
24904,0.011824122263119876
24905,0.7603110427007204
24906,0.01314325682412577
24907,0.6659046405062647
24908,0.1706844573122874
24909,0.009973524290708621
24910,0.0016752132110080182
24911,0.0043098021377226455
24912,0.028419800660530237
24913,0.008926514536623346
24914,0.004449146324211766
24915,0.007432772771780206
24916,0.98079079327682
24917,0.012545015226632565
24918,0.834931919729996
24919,0.007828099006430146
24920,0.022799338806737315
24921,0.7953927037668851
24922,0.0048796309261881915
24923,0.012195461585609326
24924,0.01004578921835138
24925,0.02037503908496154
24926,0.003594385487243585
24927,0.27186182747880433
24928,0.07894287481346739
24929,0.029145892257687923
24930,0.41578239747046125
24931,0.9886639291034988
24932,0.03698839780302838
24933,0.04618605229522846
24934,0.016841352600762974
24935,0.011117540391443033
24936,0.11373301342975184
24937,0.9731332788774972
24938,0.9689139470283564
24939,0.007939250197804932
24940,0.009084653870787147
24941,0.01118892963287497
24942,0.002032994909862985
24943,0.002803156024800277
24944,0.000584427077852105
24945,0.002789192139172236
24946,0.007101040160599977
24947,0.013322163022124214
24948,0.0029038612055970643
24949,0.003189372748049247
24950,0.029081426958146996
24951,0.04596613387618606
24952,0.03554081789047985
24953,0.012806171045648221
24954,0.14537703247496558
24955,0.061945772838520506
24956,0.006947133619233521
24957,0.0018498575130810112
24958,0.009015677382082104
24959,0.1842102051852824
24960,0.7682402876812991
24961,0.00832881395418285
24962,0.0014030829797671489
24963,0.0029454323840430517
24964,0.0016700624367449203
24965,0.003813745898553252
24966,0.9198411860005908
24967,0.0006034609639165765
24968,0.02725607783312
24969,0.925344261314671
24970,0.9630253844264085
24971,0.015172272389172233
24972,0.007410931725818916
24973,0.005434123397301035
24974,0.007188749651290686
24975,0.22366181587400527
24976,0.08654383604125573
24977,0.002200582188597389
24978,0.010096500210765313
24979,0.14209104883825394
24980,0.0015414544033022436
24981,0.39221832038463433
24982,0.020128539355823385
24983,0.004750286869051703
24984,0.023400925425285338
24985,0.3519342972740155
24986,0.9378756516046411
24987,0.034675690766799765
24988,0.0019262165960865964
24989,0.5525894568073558
24990,0.9518606037844954
24991,0.14840618867423458
24992,0.0007112324246579712
24993,0.055125203486662104
24994,0.9989486930467696
24995,0.0012551697881929647
24996,0.008340398310343888
24997,0.00032943252730528044
24998,0.06622175560347072
24999,0.14744067025157762
